trial,active,action,correct,net_energy,energy,mass_a,mass_b,store_a,store_b,resets,mass_added,mass_lost,consumed,overflow,external,balance_error,demand_a,demand_b,phase
0,1,0,0,-0.1655302135897421,3.8344697864102577,9.6,12.6,0.1125,0.1125,1,0.5550000000000005,0.5549999999999999,0.09000000000000008,0.0,0.0,0.0,0.04500000000000004,0.04500000000000004,history
1,1,1,1,0.009478687698395554,3.8439484741086534,9.6,12.6,0.355,0.10499999999999998,1,0.5550000000000005,0.5549999999999999,0.09000000000000008,0.0,0.0,0.0,0.04500000000000004,0.04500000000000004,history
2,1,2,1,0.009406391399827596,3.853354865508481,9.6,12.6,0.3475,0.3475,1,0.5550000000000005,0.5549999999999999,0.09000000000000008,0.0,0.0,0.0,0.04500000000000004,0.04500000000000004,history
3,1,2,1,0.009400006360831202,3.862754871869312,9.6,12.6,0.3399999999999999,0.4925,1,0.5550000000000005,0.5549999999999999,0.09000000000000008,0.5849999999999995,0.0,0.0,0.04500000000000004,0.04500000000000004,history
4,1,2,1,0.009336940150072748,3.872091812019385,9.6,12.6,0.33249999999999996,0.4925,1,0.5550000000000005,0.5549999999999999,0.09000000000000008,1.4549999999999996,0.0,0.0,0.04500000000000004,0.04500000000000004,history
5,1,2,0,-0.2306852275679375,3.641406584451447,9.6,12.6,0.32499999999999996,0.4925,1,0.5550000000000005,0.5549999999999999,0.09000000000000008,1.4549999999999996,0.0,0.0,0.04500000000000004,0.04500000000000004,history
6,1,2,0,-0.23066801115058816,3.410738573300859,9.6,12.6,0.31749999999999995,0.4925,1,0.5550000000000005,0.5549999999999999,0.09000000000000008,1.4549999999999996,0.0,0.0,0.04500000000000004,0.04500000000000004,history
7,1,2,1,0.009345787732669683,3.4200843610335285,9.6,12.6,0.31,0.4925,1,0.5550000000000005,0.5549999999999999,0.09000000000000008,1.4549999999999996,0.0,0.0,0.04500000000000004,0.04500000000000004,history
8,1,0,1,0.07438784310522976,3.4944722041387584,9.6,12.6,0.30249999999999994,0.48499999999999993,1,0.5550000000000005,0.5549999999999999,0.09000000000000008,0.0,0.0,0.0,0.04500000000000004,0.04500000000000004,history
9,1,2,1,0.009338779229794465,3.503810983368553,9.6,12.6,0.29499999999999993,0.4925,1,0.5550000000000005,0.5549999999999999,0.09000000000000008,1.4099999999999997,0.0,0.0,0.04500000000000004,0.04500000000000004,history
10,1,2,1,0.00940498558448623,3.5132159689530393,9.6,12.6,0.2874999999999999,0.4925,1,0.5550000000000005,0.5549999999999999,0.09000000000000008,1.4549999999999996,0.0,0.0,0.04500000000000004,0.04500000000000004,history
11,1,1,1,0.009318281543862585,3.5225342504969017,9.6,12.6,0.4925,0.48499999999999993,1,0.5550000000000005,0.5549999999999999,0.09000000000000008,0.2249999999999992,0.0,0.0,0.04500000000000004,0.04500000000000004,history
12,1,2,0,-0.23073380108394714,3.2918004494129547,9.6,12.6,0.48499999999999993,0.4925,1,0.5550000000000005,0.5549999999999999,0.09000000000000008,1.4099999999999997,0.0,0.0,0.04500000000000004,0.04500000000000004,history
13,1,2,1,0.009270727170377031,3.301071176583332,9.6,12.6,0.4775,0.4925,1,0.5550000000000005,0.5549999999999999,0.09000000000000008,1.4549999999999996,0.0,0.0,0.04500000000000004,0.04500000000000004,history
14,1,2,0,-0.2306690313930873,3.0704021451902443,9.6,12.6,0.4699999999999999,0.4925,1,0.5550000000000005,0.5549999999999999,0.09000000000000008,1.4549999999999996,0.0,0.0,0.04500000000000004,0.04500000000000004,history
15,1,2,1,0.009267643764825953,3.07966978895507,9.6,12.6,0.46249999999999997,0.4925,1,0.5550000000000005,0.5549999999999999,0.09000000000000008,1.4549999999999996,0.0,0.0,0.04500000000000004,0.04500000000000004,history
16,1,2,1,0.009297152028777246,3.0889669409838474,9.6,12.6,0.455,0.4925,1,0.5550000000000005,0.5549999999999999,0.09000000000000008,1.4549999999999996,0.0,0.0,0.04500000000000004,0.04500000000000004,history
17,1,2,0,-0.2307042577924592,2.858262683191388,9.6,12.6,0.44749999999999995,0.4925,1,0.5550000000000005,0.5549999999999999,0.09000000000000008,1.4549999999999996,0.0,0.0,0.04500000000000004,0.04500000000000004,history
18,1,2,1,0.009346945213740842,2.867609628405129,9.6,12.6,0.43999999999999995,0.4925,1,0.5550000000000005,0.5549999999999999,0.09000000000000008,1.4549999999999996,0.0,0.0,0.04500000000000004,0.04500000000000004,history
19,1,2,1,0.009354894926840126,2.8769645233319694,9.6,12.6,0.43249999999999994,0.4925,1,0.5550000000000005,0.5549999999999999,0.09000000000000008,1.4549999999999996,0.0,0.0,0.04500000000000004,0.04500000000000004,history
20,1,2,0,-0.2306473572959285,2.6463171660360407,9.6,12.6,0.4249999999999999,0.4925,1,0.5550000000000005,0.5549999999999999,0.09000000000000008,1.4549999999999996,0.0,0.0,0.04500000000000004,0.04500000000000004,history
21,1,0,0,-0.16565667694463876,2.480660489091402,9.6,12.6,0.4174999999999999,0.48499999999999993,1,0.5550000000000005,0.5549999999999999,0.09000000000000008,0.0,0.0,0.0,0.04500000000000004,0.04500000000000004,history
22,1,0,0,-0.1656321373097231,2.3150283517816788,9.6,12.6,0.41,0.4775,1,0.5550000000000005,0.5549999999999999,0.09000000000000008,0.0,0.0,0.0,0.04500000000000004,0.04500000000000004,history
23,1,2,0,-0.23062277660621874,2.08440557517546,9.6,12.6,0.4024999999999999,0.4924999999999999,1,0.5550000000000005,0.5549999999999999,0.09000000000000008,1.3650000000000002,0.0,5.551115123125783e-17,0.04500000000000004,0.04500000000000004,history
24,1,2,1,0.009396228335125632,2.0938018035105856,9.6,12.6,0.39499999999999996,0.4925,1,0.5550000000000005,0.5549999999999999,0.09000000000000008,1.4549999999999996,0.0,0.0,0.04500000000000004,0.04500000000000004,history
25,1,2,1,0.009333129518432301,2.103134933029018,9.6,12.6,0.3874999999999999,0.4925,1,0.5550000000000005,0.5549999999999999,0.09000000000000008,1.4549999999999996,0.0,0.0,0.04500000000000004,0.04500000000000004,history
26,1,2,1,0.00938241539481887,2.112517348423837,9.6,12.6,0.3799999999999999,0.4925,1,0.5550000000000005,0.5549999999999999,0.09000000000000008,1.4549999999999996,0.0,0.0,0.04500000000000004,0.04500000000000004,history
27,1,2,0,-0.23059853687997933,1.8819188115438577,9.6,12.6,0.3724999999999999,0.4925,1,0.5550000000000005,0.5549999999999999,0.09000000000000008,1.4549999999999996,0.0,0.0,0.04500000000000004,0.04500000000000004,history
28,1,2,0,-0.23065002005595492,1.6512687914879027,9.6,12.6,0.3649999999999998,0.4925,1,0.5550000000000005,0.5549999999999999,0.09000000000000008,1.4549999999999996,0.0,0.0,0.04500000000000004,0.04500000000000004,history
29,1,2,0,-0.23060921964611325,1.4206595718417896,9.6,12.6,0.3574999999999999,0.4925,1,0.5550000000000005,0.5549999999999999,0.09000000000000008,1.4549999999999996,0.0,0.0,0.04500000000000004,0.04500000000000004,history
30,1,2,0,-0.2305897648335141,1.1900698070082756,9.6,12.6,0.34999999999999987,0.4925,1,0.5550000000000005,0.5549999999999999,0.09000000000000008,1.4549999999999996,0.0,0.0,0.04500000000000004,0.04500000000000004,history
31,1,2,1,0.00941263296632799,1.1994824399746036,9.6,12.6,0.34249999999999986,0.4925,1,0.5550000000000005,0.5549999999999999,0.09000000000000008,1.4549999999999996,0.0,0.0,0.04500000000000004,0.04500000000000004,history
32,1,2,1,0.009399099864614275,1.2088815398392179,9.6,12.6,0.3349999999999999,0.4925,1,0.5550000000000005,0.5549999999999999,0.09000000000000008,1.4549999999999996,0.0,0.0,0.04500000000000004,0.04500000000000004,history
33,1,2,1,0.009385198760408602,1.2182667385996264,9.6,12.6,0.32749999999999985,0.4925,1,0.5550000000000005,0.5549999999999999,0.09000000000000008,1.4549999999999996,0.0,0.0,0.04500000000000004,0.04500000000000004,history
34,1,2,1,0.00944051728395344,1.2277072558835798,9.6,12.6,0.31999999999999984,0.4925,1,0.5550000000000005,0.5549999999999999,0.09000000000000008,1.4549999999999996,0.0,0.0,0.04500000000000004,0.04500000000000004,history
35,1,2,0,-0.23061209487626294,0.9970951610073169,9.6,12.6,0.31249999999999983,0.4925,1,0.5550000000000005,0.5549999999999999,0.09000000000000008,1.4549999999999996,0.0,0.0,0.04500000000000004,0.04500000000000004,history
36,1,1,0,-0.23056557822498028,0.7665295827823366,9.6,12.6,0.4925,0.48499999999999993,1,0.5550000000000005,0.5549999999999999,0.09000000000000008,0.37499999999999867,0.0,0.0,0.04500000000000004,0.04500000000000004,history
37,1,2,1,0.009372127568829047,0.7759017103511656,9.6,12.6,0.48499999999999993,0.4925,1,0.5550000000000005,0.5549999999999999,0.09000000000000008,1.4099999999999997,0.0,0.0,0.04500000000000004,0.04500000000000004,history
38,1,2,1,0.009311310516687241,0.7852130208678528,9.6,12.6,0.4775,0.4925,1,0.5550000000000005,0.5549999999999999,0.09000000000000008,1.4549999999999996,0.0,0.0,0.04500000000000004,0.04500000000000004,history
39,1,2,0,-0.2306877943529446,0.5545252265149082,9.6,12.6,0.4699999999999999,0.4925,1,0.5550000000000005,0.5549999999999999,0.09000000000000008,1.4549999999999996,0.0,0.0,0.04500000000000004,0.04500000000000004,history
40,1,2,1,0.00938128661701514,0.5639065131319233,9.6,12.6,0.46249999999999997,0.4925,1,0.5550000000000005,0.5549999999999999,0.09000000000000008,1.4549999999999996,0.0,0.0,0.04500000000000004,0.04500000000000004,history
41,1,2,0,-0.23066942462305567,0.33323708850886763,9.6,12.6,0.455,0.4925,1,0.5550000000000005,0.5549999999999999,0.09000000000000008,1.4549999999999996,0.0,0.0,0.04500000000000004,0.04500000000000004,history
42,1,1,1,0.009358170131739176,0.3425952586406068,9.6,12.6,0.4925,0.48499999999999993,1,0.5550000000000005,0.5549999999999999,0.09000000000000008,1.2299999999999998,0.0,0.0,0.04500000000000004,0.04500000000000004,history
43,1,2,1,0.009332163631453075,0.35192742227205986,9.6,12.6,0.48499999999999993,0.4925,1,0.5550000000000005,0.5549999999999999,0.09000000000000008,1.4099999999999997,0.0,0.0,0.04500000000000004,0.04500000000000004,history
44,1,0,1,0.07439619400539561,0.42632361627745546,9.6,12.6,0.4775,0.48499999999999993,1,0.5550000000000005,0.5549999999999999,0.09000000000000008,0.0,0.0,0.0,0.04500000000000004,0.04500000000000004,history
45,1,1,1,0.009335506443762114,0.4356591227212176,9.6,12.6,0.4924999999999999,0.4775,1,0.5550000000000005,0.5549999999999999,0.09000000000000008,1.3650000000000002,0.0,5.551115123125783e-17,0.04500000000000004,0.04500000000000004,history
46,1,2,0,-0.23062637445111123,0.20503274827010637,9.6,12.6,0.48499999999999993,0.4924999999999999,1,0.5550000000000005,0.5549999999999999,0.09000000000000008,1.3650000000000002,0.0,5.551115123125783e-17,0.04500000000000004,0.04500000000000004,history
47,1,1,1,0.009331198621613775,0.21436394689172014,9.6,12.6,0.4925,0.48499999999999993,1,0.5550000000000005,0.5549999999999999,0.09000000000000008,1.4099999999999993,0.0,0.0,0.04500000000000004,0.04500000000000004,history
48,1,1,1,0.009373988689420274,0.2237379355811404,9.6,12.6,0.4925,0.4775,1,0.5550000000000005,0.5549999999999999,0.09000000000000008,1.4549999999999996,0.0,0.0,0.04500000000000004,0.04500000000000004,history
49,1,0,0,-0.1656154232895059,0.05812251229163451,9.6,12.6,0.48499999999999993,0.4699999999999999,1,0.5550000000000005,0.5549999999999999,0.09000000000000008,0.0,0.0,0.0,0.04500000000000004,0.04500000000000004,history
50,1,1,0,-0.23061009651106085,0.0,9.6,12.6,0.4925,0.4624999999999999,1,0.5550000000000005,0.5549999999999999,0.09000000000000008,1.41,0.0,0.0,0.04500000000000004,0.04500000000000004,history
51,1,1,1,0.009251687186460482,4.0,9.6,12.6,0.4925,0.4549999999999999,2,0.5550000000000005,0.5549999999999999,0.09000000000000008,1.4549999999999996,0.0,0.0,0.04500000000000004,0.04500000000000004,history
52,1,2,1,0.00927962801664497,4.0,9.6,12.6,0.48499999999999993,0.4925,2,0.5550000000000005,0.5549999999999999,0.09000000000000008,1.229999999999999,0.0,0.0,0.04500000000000004,0.04500000000000004,history
53,1,2,1,0.009274998207826691,4.0,9.6,12.6,0.4775,0.4925,2,0.5550000000000005,0.5549999999999999,0.09000000000000008,1.4549999999999996,0.0,0.0,0.04500000000000004,0.04500000000000004,history
54,1,2,1,0.009249331567185545,4.0,9.6,12.6,0.4699999999999999,0.4925,2,0.5550000000000005,0.5549999999999999,0.09000000000000008,1.4549999999999996,0.0,0.0,0.04500000000000004,0.04500000000000004,history
55,1,1,0,-0.23071626215691254,3.7692837378430877,9.6,12.6,0.4925,0.48499999999999993,2,0.5550000000000005,0.5549999999999999,0.09000000000000008,1.3199999999999998,0.0,0.0,0.04500000000000004,0.04500000000000004,history
56,1,1,0,-0.2306909316853682,3.5385928061577197,9.6,12.6,0.4925,0.4775,2,0.5550000000000005,0.5549999999999999,0.09000000000000008,1.4549999999999996,0.0,0.0,0.04500000000000004,0.04500000000000004,history
57,1,1,0,-0.23074192367877133,3.3078508824789483,9.6,12.6,0.4925,0.4699999999999999,2,0.5550000000000005,0.5549999999999999,0.09000000000000008,1.4549999999999996,0.0,0.0,0.04500000000000004,0.04500000000000004,history
58,1,1,0,-0.2306802849074197,3.0771705975715284,9.6,12.6,0.4925,0.46249999999999997,2,0.5550000000000005,0.5549999999999999,0.09000000000000008,1.4549999999999996,0.0,0.0,0.04500000000000004,0.04500000000000004,history
59,1,1,1,0.009270629651688298,3.086441227223217,9.6,12.6,0.4925,0.455,2,0.5550000000000005,0.5549999999999999,0.09000000000000008,1.4549999999999996,0.0,0.0,0.04500000000000004,0.04500000000000004,history
60,1,1,0,-0.23066728641836554,2.8557739408048515,9.6,12.6,0.4925,0.44749999999999995,2,0.5550000000000005,0.5549999999999999,0.09000000000000008,1.4549999999999996,0.0,0.0,0.04500000000000004,0.04500000000000004,history
61,1,1,0,-0.23066709392741924,2.6251068468774323,9.6,12.6,0.4925,0.43999999999999995,2,0.5550000000000005,0.5549999999999999,0.09000000000000008,1.4549999999999996,0.0,0.0,0.04500000000000004,0.04500000000000004,history
62,1,1,1,0.009275076689406508,2.634381923566839,9.6,12.6,0.4925,0.43249999999999994,2,0.5550000000000005,0.5549999999999999,0.09000000000000008,1.4549999999999996,0.0,0.0,0.04500000000000004,0.04500000000000004,history
63,1,1,1,0.009270054198638328,2.6436519777654772,9.6,12.6,0.4925,0.4249999999999999,2,0.5550000000000005,0.5549999999999999,0.09000000000000008,1.4549999999999996,0.0,0.0,0.04500000000000004,0.04500000000000004,history
64,1,2,1,0.009278216992389557,2.6529301947578667,9.6,12.6,0.48499999999999993,0.4925,2,0.5550000000000005,0.5549999999999999,0.09000000000000008,1.0499999999999996,0.0,0.0,0.04500000000000004,0.04500000000000004,history
65,1,1,0,-0.23068878041441818,2.4222414143434485,9.6,12.6,0.4925,0.48499999999999993,2,0.5550000000000005,0.5549999999999999,0.09000000000000008,1.41,0.0,0.0,0.04500000000000004,0.04500000000000004,history
66,1,1,1,0.00927123704374435,2.4315126513871927,9.6,12.6,0.4925,0.4775,2,0.5550000000000005,0.5549999999999999,0.09000000000000008,1.4549999999999996,0.0,0.0,0.04500000000000004,0.04500000000000004,history
67,1,1,1,0.00933515320186163,2.4408478045890543,9.6,12.6,0.4925,0.4699999999999999,2,0.5550000000000005,0.5549999999999999,0.09000000000000008,1.4549999999999996,0.0,0.0,0.04500000000000004,0.04500000000000004,history
68,1,1,0,-0.23073514355252553,2.2101126610365287,9.6,12.6,0.4925,0.46249999999999997,2,0.5550000000000005,0.5549999999999999,0.09000000000000008,1.4549999999999996,0.0,0.0,0.04500000000000004,0.04500000000000004,history
69,1,1,0,-0.23069294866712506,1.9794197123694037,9.6,12.6,0.4925,0.455,2,0.5550000000000005,0.5549999999999999,0.09000000000000008,1.4549999999999996,0.0,0.0,0.04500000000000004,0.04500000000000004,history
70,1,1,0,-0.23063807624283497,1.7487816361265687,9.6,12.6,0.4925,0.44749999999999995,2,0.5550000000000005,0.5549999999999999,0.09000000000000008,1.4549999999999996,0.0,0.0,0.04500000000000004,0.04500000000000004,history
71,1,1,0,-0.2306653177068718,1.5181163184196969,9.6,12.6,0.4925,0.43999999999999995,2,0.5550000000000005,0.5549999999999999,0.09000000000000008,1.4549999999999996,0.0,0.0,0.04500000000000004,0.04500000000000004,history
72,1,1,0,-0.23066783385271883,1.287448484566978,9.6,12.6,0.4925,0.43249999999999994,2,0.5550000000000005,0.5549999999999999,0.09000000000000008,1.4549999999999996,0.0,0.0,0.04500000000000004,0.04500000000000004,history
73,1,1,1,0.009296700478847918,1.296745185045826,9.6,12.6,0.4925,0.4249999999999999,2,0.5550000000000005,0.5549999999999999,0.09000000000000008,1.4549999999999996,0.0,0.0,0.04500000000000004,0.04500000000000004,history
74,1,1,0,-0.2306758484551246,1.0660693365907015,9.6,12.6,0.4925,0.4174999999999999,2,0.5550000000000005,0.5549999999999999,0.09000000000000008,1.4549999999999996,0.0,0.0,0.04500000000000004,0.04500000000000004,history
75,1,1,1,0.00929530155396148,1.0753646381446629,9.6,12.6,0.4925,0.41,2,0.5550000000000005,0.5549999999999999,0.09000000000000008,1.4549999999999996,0.0,0.0,0.04500000000000004,0.04500000000000004,history
76,1,0,0,-0.16563676708349004,0.9097278710611728,9.6,12.6,0.48499999999999993,0.4024999999999999,2,0.5550000000000005,0.5549999999999999,0.09000000000000008,0.0,0.0,0.0,0.04500000000000004,0.04500000000000004,history
77,1,1,1,0.009313449537812185,0.919041320598985,9.6,12.6,0.4925,0.39499999999999996,2,0.5550000000000005,0.5549999999999999,0.09000000000000008,1.41,0.0,0.0,0.04500000000000004,0.04500000000000004,history
78,1,2,1,0.009309042061044945,0.92835036266003,9.6,12.6,0.48499999999999993,0.4925,2,0.5550000000000005,0.5549999999999999,0.09000000000000008,0.8699999999999994,0.0,0.0,0.04500000000000004,0.04500000000000004,history
79,1,0,1,0.07431276411717556,1.0026631267772055,9.6,12.6,0.4775,0.48499999999999993,2,0.5550000000000005,0.5549999999999999,0.09000000000000008,0.0,0.0,0.0,0.04500000000000004,0.04500000000000004,history
80,1,1,0,-0.23063436259265296,0.7720287641845525,9.6,12.6,0.4924999999999999,0.4775,2,0.5550000000000005,0.5549999999999999,0.09000000000000008,1.3650000000000002,0.0,5.551115123125783e-17,0.04500000000000004,0.04500000000000004,history
81,1,0,1,0.07429526403081356,0.846324028215366,9.6,12.6,0.48499999999999993,0.4699999999999999,2,0.5550000000000005,0.5549999999999999,0.09000000000000008,0.0,0.0,0.0,0.04500000000000004,0.04500000000000004,history
82,1,1,0,-0.23062944395171478,0.6156945842636512,9.6,12.6,0.4925,0.46249999999999997,2,0.5550000000000005,0.5549999999999999,0.09000000000000008,1.4099999999999993,0.0,0.0,0.04500000000000004,0.04500000000000004,history
83,1,1,1,0.009309614257701743,0.6250041985213529,9.6,12.6,0.4925,0.455,2,0.5550000000000005,0.5549999999999999,0.09000000000000008,1.4549999999999996,0.0,0.0,0.04500000000000004,0.04500000000000004,history
84,1,1,0,-0.23070963877394024,0.3942945597474127,9.6,12.6,0.4925,0.44749999999999995,2,0.5550000000000005,0.5549999999999999,0.09000000000000008,1.4549999999999996,0.0,0.0,0.04500000000000004,0.04500000000000004,history
85,1,1,1,0.009312905739189158,0.4036074654866018,9.6,12.6,0.4925,0.43999999999999995,2,0.5550000000000005,0.5549999999999999,0.09000000000000008,1.4549999999999996,0.0,0.0,0.04500000000000004,0.04500000000000004,history
86,1,1,1,0.009311821383985619,0.41291928687058743,9.6,12.6,0.4925,0.43249999999999994,2,0.5550000000000005,0.5549999999999999,0.09000000000000008,1.4549999999999996,0.0,0.0,0.04500000000000004,0.04500000000000004,history
87,1,2,0,-0.23062446757817556,0.18229481929241187,9.6,12.6,0.48499999999999993,0.4925,2,0.5550000000000005,0.5549999999999999,0.09000000000000008,1.0949999999999993,0.0,0.0,0.04500000000000004,0.04500000000000004,history
88,1,1,0,-0.23063594409573895,0.0,9.6,12.6,0.4925,0.48499999999999993,2,0.5550000000000005,0.5549999999999999,0.09000000000000008,1.41,0.0,0.0,0.04500000000000004,0.04500000000000004,history
89,1,0,0,-0.1656861339419383,3.8343138660580616,9.6,12.6,0.48499999999999993,0.4775,3,0.5550000000000005,0.5549999999999999,0.09000000000000008,0.0,0.0,0.0,0.04500000000000004,0.04500000000000004,history
90,1,0,1,0.0742509736145364,3.908564839672598,9.6,12.6,0.4775,0.4699999999999999,3,0.5550000000000005,0.5549999999999999,0.09000000000000008,0.0,0.0,0.0,0.04500000000000004,0.04500000000000004,history
91,1,0,0,-0.16567149664881992,3.742893343023778,9.6,12.6,0.4699999999999999,0.46249999999999997,3,0.5550000000000005,0.5549999999999999,0.09000000000000008,0.0,0.0,0.0,0.04500000000000004,0.04500000000000004,history
92,1,0,0,-0.16566389722274177,3.577229445801036,9.6,12.6,0.46249999999999997,0.455,3,0.5550000000000005,0.5549999999999999,0.09000000000000008,0.0,0.0,0.0,0.04500000000000004,0.04500000000000004,history
93,1,0,1,0.07433561996764781,3.651565065768684,9.6,12.6,0.455,0.44749999999999995,3,0.5550000000000005,0.5549999999999999,0.09000000000000008,0.0,0.0,0.0,0.04500000000000004,0.04500000000000004,history
94,1,0,0,-0.1656574766575293,3.4859075891111546,9.6,12.6,0.44749999999999995,0.43999999999999995,3,0.5550000000000005,0.5549999999999999,0.09000000000000008,0.0,0.0,0.0,0.04500000000000004,0.04500000000000004,history
95,1,2,0,-0.2306863682829597,3.255221220828195,9.6,12.6,0.43999999999999995,0.4925,3,0.5550000000000005,0.5549999999999999,0.09000000000000008,1.1399999999999997,0.0,0.0,0.04500000000000004,0.04500000000000004,history
96,1,0,0,-0.1657113521031016,3.0895098687250933,9.6,12.6,0.43249999999999994,0.48499999999999993,3,0.5550000000000005,0.5549999999999999,0.09000000000000008,0.0,0.0,0.0,0.04500000000000004,0.04500000000000004,history
97,1,0,1,0.07427612687824206,3.163785995603335,9.6,12.6,0.4249999999999999,0.4775,3,0.5550000000000005,0.5549999999999999,0.09000000000000008,0.0,0.0,0.0,0.04500000000000004,0.04500000000000004,history
98,1,0,1,0.07429786500201216,3.2380838606053475,9.6,12.6,0.4174999999999999,0.4699999999999999,3,0.5550000000000005,0.5549999999999999,0.09000000000000008,0.0,0.0,0.0,0.04500000000000004,0.04500000000000004,history
99,1,0,1,0.07428363314257128,3.3123674937479186,9.6,12.6,0.41,0.46249999999999997,3,0.5550000000000005,0.5549999999999999,0.09000000000000008,0.0,0.0,0.0,0.04500000000000004,0.04500000000000004,history
100,1,0,0,-0.16565533534216265,3.146712158405756,9.6,12.6,0.4024999999999999,0.455,3,0.5550000000000005,0.5549999999999999,0.09000000000000008,0.0,0.0,0.0,0.04500000000000004,0.04500000000000004,history
101,1,2,0,-0.23064718228078257,2.9160649761249733,9.6,12.6,0.39499999999999996,0.4925,3,0.5550000000000005,0.5549999999999999,0.09000000000000008,1.23,0.0,0.0,0.04500000000000004,0.04500000000000004,history
102,1,0,0,-0.16565597949233463,2.750408996632639,9.6,12.6,0.3874999999999999,0.48499999999999993,3,0.5550000000000005,0.5549999999999999,0.09000000000000008,0.0,0.0,0.0,0.04500000000000004,0.04500000000000004,history
103,1,2,0,-0.23069663484214428,2.5197123617904946,9.6,12.6,0.3799999999999999,0.4925,3,0.5550000000000005,0.5549999999999999,0.09000000000000008,1.4099999999999997,0.0,0.0,0.04500000000000004,0.04500000000000004,history
104,1,0,1,0.07431223294922995,2.5940245947397247,9.6,12.6,0.3724999999999999,0.48499999999999993,3,0.5550000000000005,0.5549999999999999,0.09000000000000008,0.0,0.0,0.0,0.04500000000000004,0.04500000000000004,history
105,1,0,0,-0.16563606650096482,2.42838852823876,9.6,12.6,0.3649999999999998,0.4775,3,0.5550000000000005,0.5549999999999999,0.09000000000000008,0.0,0.0,0.0,0.04500000000000004,0.04500000000000004,history
106,1,0,1,0.07438304635388603,2.502771574592646,9.6,12.6,0.3574999999999999,0.4699999999999999,3,0.5550000000000005,0.5549999999999999,0.09000000000000008,0.0,0.0,0.0,0.04500000000000004,0.04500000000000004,history
107,1,0,0,-0.16562459793117743,2.3371469766614688,9.6,12.6,0.34999999999999987,0.46249999999999997,3,0.5550000000000005,0.5549999999999999,0.09000000000000008,0.0,0.0,0.0,0.04500000000000004,0.04500000000000004,history
108,1,0,0,-0.16564199004538058,2.171504986616088,9.6,12.6,0.34249999999999986,0.455,3,0.5550000000000005,0.5549999999999999,0.09000000000000008,0.0,0.0,0.0,0.04500000000000004,0.04500000000000004,history
109,1,0,0,-0.16565798958562217,2.0058469970304658,9.6,12.6,0.3349999999999999,0.44749999999999995,3,0.5550000000000005,0.5549999999999999,0.09000000000000008,0.0,0.0,0.0,0.04500000000000004,0.04500000000000004,history
110,1,1,0,-0.23061169885588195,1.7752352981745838,9.6,12.6,0.4925,0.43999999999999995,3,0.5550000000000005,0.5549999999999999,0.09000000000000008,0.5099999999999991,0.0,0.0,0.04500000000000004,0.04500000000000004,history
111,1,2,1,0.009309434296558793,1.7845447324711425,9.6,12.6,0.48499999999999993,0.4925,3,0.5550000000000005,0.5549999999999999,0.09000000000000008,1.1399999999999997,0.0,0.0,0.04500000000000004,0.04500000000000004,history
112,1,0,1,0.07427243023626186,1.8588171627074044,9.6,12.6,0.4775,0.48499999999999993,3,0.5550000000000005,0.5549999999999999,0.09000000000000008,0.0,0.0,0.0,0.04500000000000004,0.04500000000000004,history
113,1,2,0,-0.2306660118577506,1.6281511508496538,9.6,12.6,0.4699999999999999,0.4925,3,0.5550000000000005,0.5549999999999999,0.09000000000000008,1.4099999999999997,0.0,0.0,0.04500000000000004,0.04500000000000004,history
114,1,0,0,-0.1656726740673558,1.462478476782298,9.6,12.6,0.46249999999999997,0.48499999999999993,3,0.5550000000000005,0.5549999999999999,0.09000000000000008,0.0,0.0,0.0,0.04500000000000004,0.04500000000000004,history
115,1,0,1,0.07431538618525495,1.536793862967553,9.6,12.6,0.455,0.4775,3,0.5550000000000005,0.5549999999999999,0.09000000000000008,0.0,0.0,0.0,0.04500000000000004,0.04500000000000004,history
116,1,0,1,0.0742986615917645,1.6110925245593175,9.6,12.6,0.44749999999999995,0.4699999999999999,3,0.5550000000000005,0.5549999999999999,0.09000000000000008,0.0,0.0,0.0,0.04500000000000004,0.04500000000000004,history
117,1,0,1,0.07431280704481077,1.6854053316041282,9.6,12.6,0.43999999999999995,0.46249999999999997,3,0.5550000000000005,0.5549999999999999,0.09000000000000008,0.0,0.0,0.0,0.04500000000000004,0.04500000000000004,history
118,1,2,0,-0.2306527732934494,1.4547525583106788,9.6,12.6,0.43249999999999994,0.4925,3,0.5550000000000005,0.5549999999999999,0.09000000000000008,1.2749999999999995,0.0,0.0,0.04500000000000004,0.04500000000000004,history
119,1,0,0,-0.16570250706542278,1.289050051245256,9.6,12.6,0.4249999999999999,0.48499999999999993,3,0.5550000000000005,0.5549999999999999,0.09000000000000008,0.0,0.0,0.0,0.04500000000000004,0.04500000000000004,history
120,1,0,0,-0.1656845824682059,1.1233654687770502,9.6,12.6,0.4174999999999999,0.4775,3,0.5550000000000005,0.5549999999999999,0.09000000000000008,0.0,0.0,0.0,0.04500000000000004,0.04500000000000004,history
121,1,0,1,0.07432548626221669,1.197690955039267,9.6,12.6,0.41,0.4699999999999999,3,0.5550000000000005,0.5549999999999999,0.09000000000000008,0.0,0.0,0.0,0.04500000000000004,0.04500000000000004,history
122,1,0,0,-0.16562446752389243,1.0320664875153744,9.6,12.6,0.4024999999999999,0.46249999999999997,3,0.5550000000000005,0.5549999999999999,0.09000000000000008,0.0,0.0,0.0,0.04500000000000004,0.04500000000000004,history
123,1,0,0,-0.16562317056109915,0.8664433169542753,9.6,12.6,0.39499999999999996,0.455,3,0.5550000000000005,0.5549999999999999,0.09000000000000008,0.0,0.0,0.0,0.04500000000000004,0.04500000000000004,history
124,1,0,1,0.07435917680946733,0.9408024937637427,9.6,12.6,0.3874999999999999,0.44749999999999995,3,0.5550000000000005,0.5549999999999999,0.09000000000000008,0.0,0.0,0.0,0.04500000000000004,0.04500000000000004,history
125,1,0,0,-0.1655965925508137,0.775205901212929,9.6,12.6,0.3799999999999999,0.43999999999999995,3,0.5550000000000005,0.5549999999999999,0.09000000000000008,0.0,0.0,0.0,0.04500000000000004,0.04500000000000004,history
126,1,0,1,0.07436139208833943,0.8495672933012685,9.6,12.6,0.3724999999999999,0.43249999999999994,3,0.5550000000000005,0.5549999999999999,0.09000000000000008,0.0,0.0,0.0,0.04500000000000004,0.04500000000000004,history
127,1,0,1,0.07435097726034667,0.9239182705616151,9.6,12.6,0.3649999999999998,0.4249999999999999,3,0.5550000000000005,0.5549999999999999,0.09000000000000008,0.0,0.0,0.0,0.04500000000000004,0.04500000000000004,history
128,1,0,1,0.07434321064248012,4.0,9.6,12.6,0.3574999999999999,0.4174999999999999,4,0.5550000000000005,0.5549999999999999,0.09000000000000008,0.0,0.0,0.0,0.04500000000000004,0.04500000000000004,history
129,1,0,0,-0.1656556324368525,3.8343443675631477,9.6,12.6,0.34999999999999987,0.41,4,0.5550000000000005,0.5549999999999999,0.09000000000000008,0.0,0.0,0.0,0.04500000000000004,0.04500000000000004,history
130,1,0,0,-0.16571215716937385,3.6686322103937736,9.6,12.6,0.34249999999999986,0.4024999999999999,4,0.5550000000000005,0.5549999999999999,0.09000000000000008,0.0,0.0,0.0,0.04500000000000004,0.04500000000000004,history
131,1,0,1,0.07431714580867049,3.7429493562024443,9.6,12.6,0.3349999999999999,0.39499999999999996,4,0.5550000000000005,0.5549999999999999,0.09000000000000008,0.0,0.0,0.0,0.04500000000000004,0.04500000000000004,history
132,1,0,0,-0.16566088440949717,3.577288471792947,9.6,12.6,0.32749999999999985,0.3874999999999999,4,0.5550000000000005,0.5549999999999999,0.09000000000000008,0.0,0.0,0.0,0.04500000000000004,0.04500000000000004,history
133,1,0,0,-0.16562570571841143,3.4116627660745356,9.6,12.6,0.31999999999999984,0.3799999999999999,4,0.5550000000000005,0.5549999999999999,0.09000000000000008,0.0,0.0,0.0,0.04500000000000004,0.04500000000000004,history
134,1,0,0,-0.16561271024166538,3.24605005583287,9.6,12.6,0.31249999999999983,0.3724999999999999,4,0.5550000000000005,0.5549999999999999,0.09000000000000008,0.0,0.0,0.0,0.04500000000000004,0.04500000000000004,history
135,1,0,0,-0.16560189124865615,3.080448164584214,9.6,12.6,0.30499999999999977,0.3649999999999998,4,0.5550000000000005,0.5549999999999999,0.09000000000000008,0.0,0.0,0.0,0.04500000000000004,0.04500000000000004,history
136,1,0,0,-0.16560118229549575,2.914846982288718,9.6,12.6,0.2974999999999998,0.3574999999999999,4,0.5550000000000005,0.5549999999999999,0.09000000000000008,0.0,0.0,0.0,0.04500000000000004,0.04500000000000004,history
137,1,0,1,0.07441892767177659,2.9892659099604946,9.6,12.6,0.2899999999999998,0.34999999999999987,4,0.5550000000000005,0.5549999999999999,0.09000000000000008,0.0,0.0,0.0,0.04500000000000004,0.04500000000000004,history
138,1,0,0,-0.1656056479260741,2.8236602620344207,9.6,12.6,0.2824999999999998,0.34249999999999986,4,0.5550000000000005,0.5549999999999999,0.09000000000000008,0.0,0.0,0.0,0.04500000000000004,0.04500000000000004,history
139,1,0,0,-0.1655756139587435,2.6580846480756772,9.6,12.6,0.27499999999999986,0.3349999999999999,4,0.5550000000000005,0.5549999999999999,0.09000000000000008,0.0,0.0,0.0,0.04500000000000004,0.04500000000000004,history
140,1,0,0,-0.16557376777495306,2.492510880300724,9.6,12.6,0.2674999999999998,0.32749999999999985,4,0.5550000000000005,0.5549999999999999,0.09000000000000008,0.0,0.0,0.0,0.04500000000000004,0.04500000000000004,history
141,1,0,1,0.0744086314469117,2.5669195117476358,9.6,12.6,0.2599999999999998,0.31999999999999984,4,0.5550000000000005,0.5549999999999999,0.09000000000000008,0.0,0.0,0.0,0.04500000000000004,0.04500000000000004,history
142,1,0,0,-0.16555069716070345,2.4013688145869323,9.6,12.6,0.2524999999999998,0.31249999999999983,4,0.5550000000000005,0.5549999999999999,0.09000000000000008,0.0,0.0,0.0,0.04500000000000004,0.04500000000000004,history
143,1,0,0,-0.16554746244053156,2.2358213521464005,9.6,12.6,0.24499999999999975,0.30499999999999977,4,0.5550000000000005,0.5549999999999999,0.09000000000000008,0.0,0.0,0.0,0.04500000000000004,0.04500000000000004,history
144,1,2,0,-0.23057087632779516,2.005250475818605,9.6,12.6,0.2374999999999998,0.4925,4,0.5550000000000005,0.5549999999999999,0.09000000000000008,0.32999999999999896,0.0,0.0,0.04500000000000004,0.04500000000000004,history
145,1,0,1,0.07439562111605467,2.0796460969346597,9.6,12.6,0.22999999999999976,0.48499999999999993,4,0.5550000000000005,0.5549999999999999,0.09000000000000008,0.0,0.0,0.0,0.04500000000000004,0.04500000000000004,history
146,1,0,0,-0.16557611205060638,1.9140699848840534,9.6,12.6,0.22249999999999973,0.4775,4,0.5550000000000005,0.5549999999999999,0.09000000000000008,0.0,0.0,0.0,0.04500000000000004,0.04500000000000004,history
147,1,2,0,-0.2305740611583353,1.683495923725718,9.6,12.6,0.21499999999999977,0.4924999999999999,4,0.5550000000000005,0.5549999999999999,0.09000000000000008,1.3650000000000002,0.0,5.551115123125783e-17,0.04500000000000004,0.04500000000000004,history
148,1,0,1,0.07440425224006862,1.7579001759657866,9.6,12.6,0.20749999999999977,0.48499999999999993,4,0.5550000000000005,0.5549999999999999,0.09000000000000008,0.0,0.0,0.0,0.04500000000000004,0.04500000000000004,history
149,1,0,0,-0.1655801835234888,1.592319992442298,9.6,12.6,0.19999999999999973,0.4775,4,0.5550000000000005,0.5549999999999999,0.09000000000000008,0.0,0.0,0.0,0.04500000000000004,0.04500000000000004,history
150,1,0,1,0.07440250013603321,1.666722492578331,9.6,12.6,0.1924999999999997,0.4699999999999999,4,0.5550000000000005,0.5549999999999999,0.09000000000000008,0.0,0.0,0.0,0.04500000000000004,0.04500000000000004,history
151,1,0,0,-0.16556531258556395,1.501157179992767,9.6,12.6,0.18499999999999972,0.4624999999999999,4,0.5550000000000005,0.5549999999999999,0.09000000000000008,0.0,0.0,0.0,0.04500000000000004,0.04500000000000004,history
152,1,0,0,-0.16555382190230902,1.335603358090458,9.6,12.6,0.17749999999999974,0.4549999999999999,4,0.5550000000000005,0.5549999999999999,0.09000000000000008,0.0,0.0,0.0,0.04500000000000004,0.04500000000000004,history
153,1,0,0,-0.16556054603144033,1.1700428120590178,9.6,12.6,0.1699999999999997,0.44749999999999984,4,0.5550000000000005,0.5549999999999999,0.09000000000000008,0.0,0.0,0.0,0.04500000000000004,0.04500000000000004,history
154,1,0,1,0.07444094224692056,1.2444837543059384,9.6,12.6,0.16249999999999967,0.4399999999999999,4,0.5550000000000005,0.5549999999999999,0.09000000000000008,0.0,0.0,0.0,0.04500000000000004,0.04500000000000004,history
155,1,0,0,-0.1655665720553627,1.0789171822505756,9.6,12.6,0.1549999999999997,0.43249999999999994,4,0.5550000000000005,0.5549999999999999,0.09000000000000008,0.0,0.0,0.0,0.04500000000000004,0.04500000000000004,history
156,1,0,1,0.0744279199159511,1.1533451021665266,9.6,12.6,0.14749999999999971,0.4249999999999999,4,0.5550000000000005,0.5549999999999999,0.09000000000000008,0.0,0.0,0.0,0.04500000000000004,0.04500000000000004,history
157,1,0,1,0.07444811326720106,1.2277932154337277,9.6,12.6,0.13999999999999968,0.4174999999999999,4,0.5550000000000005,0.5549999999999999,0.09000000000000008,0.0,0.0,0.0,0.04500000000000004,0.04500000000000004,history
158,1,0,1,0.07445628693022611,1.3022495023639538,9.6,12.6,0.13249999999999965,0.40999999999999986,4,0.5550000000000005,0.5549999999999999,0.09000000000000008,0.0,0.0,0.0,0.04500000000000004,0.04500000000000004,history
159,1,0,1,0.07445677363764024,1.376706276001594,9.6,12.6,0.12499999999999967,0.40249999999999986,4,0.5550000000000005,0.5549999999999999,0.09000000000000008,0.0,0.0,0.0,0.04500000000000004,0.04500000000000004,history
160,1,0,1,0.07446966755573171,1.4511759435573257,9.6,12.6,0.11749999999999967,0.39499999999999985,4,0.5550000000000005,0.5549999999999999,0.09000000000000008,0.0,0.0,0.0,0.04500000000000004,0.04500000000000004,history
161,1,0,0,-0.1655319099925229,1.2856440335648027,9.6,12.6,0.10999999999999965,0.3874999999999998,4,0.5550000000000005,0.5549999999999999,0.09000000000000008,0.0,0.0,0.0,0.04500000000000004,0.04500000000000004,history
162,1,0,1,0.07450199426456983,1.3601460278293724,9.6,12.6,0.10249999999999963,0.37999999999999984,4,0.5550000000000005,0.5549999999999999,0.09000000000000008,0.0,0.0,0.0,0.04500000000000004,0.04500000000000004,history
163,1,2,1,0.009494046241765591,1.369640074071138,9.6,12.6,0.09499999999999964,0.4924999999999999,4,0.5550000000000005,0.5549999999999999,0.09000000000000008,0.7799999999999994,0.0,5.551115123125783e-17,0.04500000000000004,0.04500000000000004,history
164,1,0,0,-0.16555932967622813,1.20408074439491,9.6,12.6,0.08749999999999963,0.48499999999999993,4,0.5550000000000005,0.5549999999999999,0.09000000000000008,0.0,0.0,0.0,0.04500000000000004,0.04500000000000004,history
165,1,0,0,-0.16552426678125287,1.038556477613657,9.6,12.6,0.07999999999999963,0.4775,4,0.5550000000000005,0.5549999999999999,0.09000000000000008,0.0,0.0,0.0,0.04500000000000004,0.04500000000000004,history
166,1,0,1,0.07445081568810938,1.1130072933017665,9.6,12.6,0.07249999999999962,0.4699999999999999,4,0.5550000000000005,0.5549999999999999,0.09000000000000008,0.0,0.0,0.0,0.04500000000000004,0.04500000000000004,history
167,1,0,1,0.0744635562224384,1.187470849524205,9.6,12.6,0.06499999999999961,0.4624999999999999,4,0.5550000000000005,0.5549999999999999,0.09000000000000008,0.0,0.0,0.0,0.04500000000000004,0.04500000000000004,history
168,1,0,1,0.07449262772308711,1.261963477247292,9.6,12.6,0.05749999999999961,0.4549999999999999,4,0.5550000000000005,0.5549999999999999,0.09000000000000008,0.0,0.0,0.0,0.04500000000000004,0.04500000000000004,history
169,1,0,1,0.0744433267439219,1.336406803991214,9.6,12.6,0.0499999999999996,0.44749999999999984,4,0.5550000000000005,0.5549999999999999,0.09000000000000008,0.0,0.0,0.0,0.04500000000000004,0.04500000000000004,history
170,1,0,1,0.07447298346363827,1.4108797874548522,9.6,12.6,0.042499999999999594,0.4399999999999999,4,0.5550000000000005,0.5549999999999999,0.09000000000000008,0.0,0.0,0.0,0.04500000000000004,0.04500000000000004,history
171,1,0,0,-0.16553248960270395,1.2453472978521483,9.6,12.6,0.03499999999999959,0.43249999999999994,4,0.5550000000000005,0.5549999999999999,0.09000000000000008,0.0,0.0,0.0,0.04500000000000004,0.04500000000000004,history
172,1,0,0,-0.16552434931259072,1.0798229485395576,9.6,12.6,0.02749999999999958,0.4249999999999999,4,0.5550000000000005,0.5549999999999999,0.09000000000000008,0.0,0.0,0.0,0.04500000000000004,0.04500000000000004,history
173,1,0,0,-0.16550005513878363,0.914322893400774,9.6,12.6,0.019999999999999574,0.4174999999999999,4,0.5550000000000005,0.5549999999999999,0.09000000000000008,0.0,0.0,0.0,0.04500000000000004,0.04500000000000004,history
174,1,0,0,-0.16550850323601457,0.7488143901647595,9.6,12.6,0.012499999999999567,0.40999999999999986,4,0.5550000000000005,0.5549999999999999,0.09000000000000008,0.0,0.0,0.0,0.04500000000000004,0.04500000000000004,history
175,1,0,1,0.0745228806873885,0.823337270852148,9.6,12.6,0.00499999999999956,0.40249999999999986,4,0.5550000000000005,0.5549999999999999,0.09000000000000008,0.0,0.0,0.0,0.04500000000000004,0.04500000000000004,history
176,1,0,1,0.07451669725036296,0.897853968102511,9.519999999999985,12.6,0.0,0.39499999999999985,4,0.4749999999999862,0.5549999999999999,0.0749999999999974,0.0,0.0,0.0,0.04500000000000004,0.04500000000000004,history
177,1,0,0,-0.16549781332284794,0.732356154779663,9.281999999999986,12.6,0.0,0.3874999999999998,4,0.3150000000000003,0.5529999999999996,0.04500000000000004,0.0,0.0,0.0,0.05962500000000259,0.04500000000000004,history
178,1,0,0,-0.16548220047211493,0.5668739543075481,9.049949999999987,12.6,0.0,0.37999999999999984,4,0.3150000000000003,0.5470499999999996,0.04500000000000004,0.0,0.0,0.0,0.10313437500000244,0.04500000000000004,history
179,1,0,1,0.07455602207884011,0.6414299763863882,8.823701249999987,12.6,0.0,0.37249999999999983,4,0.3150000000000003,0.5412487499999996,0.04500000000000004,0.0,0.0,0.0,0.14555601562500242,0.04500000000000004,history
180,1,0,1,0.07455425230746832,0.7159842286938565,8.603108718749986,12.6,0.0,0.3649999999999998,4,0.3150000000000003,0.5355925312499996,0.04500000000000004,0.0,0.0,0.0,0.18691711523437748,0.04500000000000004,history
181,1,0,1,0.07458146588327222,0.7905656945771287,8.388031000781236,12.6,0.0,0.3574999999999999,4,0.3150000000000003,0.5300777179687497,0.04500000000000004,0.0,0.0,0.0,0.22724418735351815,0.04500000000000004,history
182,1,0,0,-0.16545103421327892,0.6251146603638498,8.178330225761705,12.6,0.0,0.3499999999999998,4,0.3150000000000003,0.5247007750195309,0.04500000000000004,0.0,0.0,0.0,0.2665630826696802,0.04500000000000004,history
183,1,0,0,-0.16542178394387508,0.4596928764199747,7.973871970117662,12.6,0.0,0.3424999999999998,4,0.3150000000000003,0.5194582556440426,0.04500000000000004,0.0,0.0,0.0,0.30489900560293826,0.04500000000000004,history
184,1,0,1,0.07460473377304438,0.534297610193019,7.774525170864722,12.6,0.0,0.3349999999999998,4,0.3150000000000003,0.5143467992529416,0.04500000000000004,0.0,0.0,0.0,0.34227653046286466,0.04500000000000004,history
185,1,0,1,0.07461005224440644,0.6089076624374254,7.580162041593103,12.6,0.0,0.32749999999999974,4,0.3150000000000003,0.509363129271618,0.04500000000000004,0.0,0.0,0.0,0.3787196172012931,0.04500000000000004,history
186,1,0,1,0.07460787053610536,0.6835155329735308,7.390657990553275,12.6,0.0,0.3199999999999998,4,0.3150000000000003,0.5045040510398275,0.04500000000000004,0.0,0.0,0.0,0.41425162677126093,0.04500000000000004,history
187,1,1,0,-0.23039212332239195,0.4531234096511389,9.6,12.6,0.1751841106496701,0.3124999999999998,4,2.7091084592105568,0.4997664497638319,0.49389533610197944,0.0,0.0,0.0,0.4488953361019794,0.04500000000000004,history
188,1,0,1,0.07449334364388129,0.5276167532950202,9.6,12.6,0.16768411064967007,0.30499999999999977,4,0.5550000000000005,0.5549999999999999,0.09000000000000008,0.0,0.0,0.0,0.04500000000000004,0.04500000000000004,history
189,1,0,1,0.07447660769025381,0.602093360985274,9.6,12.6,0.1601841106496701,0.2974999999999998,4,0.5550000000000005,0.5549999999999999,0.09000000000000008,0.0,0.0,0.0,0.04500000000000004,0.04500000000000004,history
190,1,1,1,0.00953359034982884,0.6116269513351028,9.6,12.6,0.4026841106496701,0.28999999999999976,4,0.5550000000000005,0.5549999999999999,0.09000000000000008,0.0,0.0,0.0,0.04500000000000004,0.04500000000000004,history
191,1,2,0,-0.23062200856781406,0.38100494276728875,9.6,12.6,0.3951841106496701,0.4924999999999999,4,0.5550000000000005,0.5549999999999999,0.09000000000000008,0.23999999999999888,0.0,5.551115123125783e-17,0.04500000000000004,0.04500000000000004,history
192,1,0,1,0.07437144060054465,0.45537638336783337,9.6,12.6,0.38768411064967007,0.48499999999999993,4,0.5550000000000005,0.5549999999999999,0.09000000000000008,0.0,0.0,0.0,0.04500000000000004,0.04500000000000004,history
193,1,0,0,-0.16567180387145697,0.2897045794963764,9.6,12.6,0.3801841106496701,0.4775,4,0.5550000000000005,0.5549999999999999,0.09000000000000008,0.0,0.0,0.0,0.04500000000000004,0.04500000000000004,history
194,1,0,1,0.07436177255882206,0.36406635205519844,9.6,12.6,0.37268411064967005,0.4699999999999999,4,0.5550000000000005,0.5549999999999999,0.09000000000000008,0.0,0.0,0.0,0.04500000000000004,0.04500000000000004,history
195,1,0,0,-0.1656109514540327,0.19845540060116573,9.6,12.6,0.36518411064967005,0.4624999999999999,4,0.5550000000000005,0.5549999999999999,0.09000000000000008,0.0,0.0,0.0,0.04500000000000004,0.04500000000000004,history
196,1,0,1,0.07436800827779141,0.2728234088789572,9.6,12.6,0.35768411064967004,0.4549999999999999,4,0.5550000000000005,0.5549999999999999,0.09000000000000008,0.0,0.0,0.0,0.04500000000000004,0.04500000000000004,history
197,1,0,1,0.07438960995673412,0.3472130188356913,9.6,12.6,0.35018411064967,0.44749999999999984,4,0.5550000000000005,0.5549999999999999,0.09000000000000008,0.0,0.0,0.0,0.04500000000000004,0.04500000000000004,history
198,1,0,1,0.07439167866082666,0.42160469749651797,9.6,12.6,0.34268411064967,0.4399999999999999,4,0.5550000000000005,0.5549999999999999,0.09000000000000008,0.0,0.0,0.0,0.04500000000000004,0.04500000000000004,history
199,1,2,0,-0.2306207345745507,0.19098396292196726,9.6,12.6,0.33518411064967,0.4924999999999999,4,0.5550000000000005,0.5549999999999999,0.09000000000000008,1.1399999999999997,0.0,5.551115123125783e-17,0.04500000000000004,0.04500000000000004,history
200,1,0,0,-0.1656116257312115,0.025372337190755767,9.6,12.6,0.32768411064967,0.48499999999999993,4,0.5550000000000005,0.5549999999999999,0.09000000000000008,0.0,0.0,0.0,0.04500000000000004,0.04500000000000004,history
201,1,0,1,0.07439607718784494,0.0997684143786007,9.6,12.6,0.32018411064967006,0.4775,4,0.5550000000000005,0.5549999999999999,0.09000000000000008,0.0,0.0,0.0,0.04500000000000004,0.04500000000000004,history
202,1,0,1,0.07438601155505173,0.17415442593365243,9.6,12.6,0.31268411064967,0.4699999999999999,4,0.5550000000000005,0.5549999999999999,0.09000000000000008,0.0,0.0,0.0,0.04500000000000004,0.04500000000000004,history
203,1,1,1,0.009401919683507705,0.18355634561716014,9.6,12.6,0.4924999999999999,0.4624999999999999,4,0.5550000000000005,0.5549999999999999,0.09000000000000008,0.37610466389802033,0.0,5.551115123125783e-17,0.04500000000000004,0.04500000000000004,history
204,1,2,0,-0.23068260275668764,0.0,9.6,12.6,0.48499999999999993,0.4925,4,0.5550000000000005,0.5549999999999999,0.09000000000000008,1.2749999999999995,0.0,0.0,0.04500000000000004,0.04500000000000004,history
205,1,1,0,-0.2307551546429819,3.769244845357018,9.6,12.6,0.4925,0.48499999999999993,5,0.5550000000000005,0.5549999999999999,0.09000000000000008,1.4099999999999993,0.0,0.0,0.04500000000000004,0.04500000000000004,history
206,1,0,1,0.07421953513460544,3.8434643804916235,9.6,12.6,0.48499999999999993,0.4775,5,0.5550000000000005,0.5549999999999999,0.09000000000000008,0.0,0.0,0.0,0.04500000000000004,0.04500000000000004,history
207,1,2,1,0.009243925956629522,3.8527083064482532,9.6,12.6,0.4775,0.4924999999999999,5,0.5550000000000005,0.5549999999999999,0.09000000000000008,1.3650000000000002,0.0,5.551115123125783e-17,0.04500000000000004,0.04500000000000004,history
208,1,2,1,0.009217814827945849,3.8619261212761993,9.6,12.6,0.4699999999999999,0.4925,5,0.5550000000000005,0.5549999999999999,0.09000000000000008,1.4549999999999996,0.0,0.0,0.04500000000000004,0.04500000000000004,history
209,1,2,1,0.009239102488226136,3.8711652237644256,9.6,12.6,0.46249999999999997,0.4925,5,0.5550000000000005,0.5549999999999999,0.09000000000000008,1.4549999999999996,0.0,0.0,0.04500000000000004,0.04500000000000004,history
210,1,1,1,0.009248696181232745,3.880413919945658,9.6,12.6,0.4925,0.48499999999999993,5,0.5550000000000005,0.5549999999999999,0.09000000000000008,1.2749999999999995,0.0,0.0,0.04500000000000004,0.04500000000000004,history
211,1,2,1,0.009238743930025651,3.8896526638756836,9.6,12.6,0.48499999999999993,0.4925,5,0.5550000000000005,0.5549999999999999,0.09000000000000008,1.4099999999999997,0.0,0.0,0.04500000000000004,0.04500000000000004,history
212,1,2,1,0.009236904200885968,3.89888956807657,9.6,12.6,0.4775,0.4925,5,0.5550000000000005,0.5549999999999999,0.09000000000000008,1.4549999999999996,0.0,0.0,0.04500000000000004,0.04500000000000004,history
213,1,2,1,0.009206840297235418,3.9080964083738055,9.6,12.6,0.4699999999999999,0.4925,5,0.5550000000000005,0.5549999999999999,0.09000000000000008,1.4549999999999996,0.0,0.0,0.04500000000000004,0.04500000000000004,history
214,1,2,0,-0.23080249083933613,3.6772939175344694,9.6,12.6,0.46249999999999997,0.4925,5,0.5550000000000005,0.5549999999999999,0.09000000000000008,1.4549999999999996,0.0,0.0,0.04500000000000004,0.04500000000000004,history
215,1,2,1,0.00923341924834469,3.686527336782814,9.6,12.6,0.455,0.4925,5,0.5550000000000005,0.5549999999999999,0.09000000000000008,1.4549999999999996,0.0,0.0,0.04500000000000004,0.04500000000000004,history
216,1,0,1,0.07422498274375273,3.7607523195265666,9.6,12.6,0.44749999999999995,0.48499999999999993,5,0.5550000000000005,0.5549999999999999,0.09000000000000008,0.0,0.0,0.0,0.04500000000000004,0.04500000000000004,history
217,1,0,0,-0.1657600298130827,3.594992289713484,9.6,12.6,0.43999999999999995,0.4775,5,0.5550000000000005,0.5549999999999999,0.09000000000000008,0.0,0.0,0.0,0.04500000000000004,0.04500000000000004,history
218,1,0,1,0.07425394832231429,3.669246238035798,9.6,12.6,0.43249999999999994,0.4699999999999999,5,0.5550000000000005,0.5549999999999999,0.09000000000000008,0.0,0.0,0.0,0.04500000000000004,0.04500000000000004,history
219,1,0,1,0.07424939803344513,3.7434956360692433,9.6,12.6,0.4249999999999999,0.46249999999999997,5,0.5550000000000005,0.5549999999999999,0.09000000000000008,0.0,0.0,0.0,0.04500000000000004,0.04500000000000004,history
220,1,0,0,-0.16575679957287717,3.577738836496366,9.6,12.6,0.4174999999999999,0.455,5,0.5550000000000005,0.5549999999999999,0.09000000000000008,0.0,0.0,0.0,0.04500000000000004,0.04500000000000004,history
221,1,2,1,0.009237565696901448,3.5869764021932675,9.6,12.6,0.41,0.4925,5,0.5550000000000005,0.5549999999999999,0.09000000000000008,1.23,0.0,0.0,0.04500000000000004,0.04500000000000004,history
222,1,0,1,0.0742299021249832,3.6612063043182506,9.6,12.6,0.4024999999999999,0.48499999999999993,5,0.5550000000000005,0.5549999999999999,0.09000000000000008,0.0,0.0,0.0,0.04500000000000004,0.04500000000000004,history
223,1,0,1,0.07425483409134027,3.735461138409591,9.6,12.6,0.39499999999999996,0.4775,5,0.5550000000000005,0.5549999999999999,0.09000000000000008,0.0,0.0,0.0,0.04500000000000004,0.04500000000000004,history
224,1,0,1,0.07428065902308047,3.8097417974326713,9.6,12.6,0.3874999999999999,0.4699999999999999,5,0.5550000000000005,0.5549999999999999,0.09000000000000008,0.0,0.0,0.0,0.04500000000000004,0.04500000000000004,history
225,1,1,0,-0.23075341820596756,3.5789883792267037,9.6,12.6,0.4924999999999999,0.46249999999999997,5,0.5550000000000005,0.5549999999999999,0.09000000000000008,0.8249999999999997,0.0,5.551115123125783e-17,0.04500000000000004,0.04500000000000004,history
226,1,2,1,0.009241113704609791,3.5882294929313137,9.6,12.6,0.48499999999999993,0.4925,5,0.5550000000000005,0.5549999999999999,0.09000000000000008,1.2749999999999995,0.0,0.0,0.04500000000000004,0.04500000000000004,history
227,1,0,0,-0.16576015702107727,3.4224693359102365,9.6,12.6,0.4775,0.48499999999999993,5,0.5550000000000005,0.5549999999999999,0.09000000000000008,0.0,0.0,0.0,0.04500000000000004,0.04500000000000004,history
228,1,0,1,0.07425116788122747,3.496720503791464,9.6,12.6,0.4699999999999999,0.4775,5,0.5550000000000005,0.5549999999999999,0.09000000000000008,0.0,0.0,0.0,0.04500000000000004,0.04500000000000004,history
229,1,0,1,0.07423496799830302,3.570955471789767,9.6,12.6,0.4624999999999999,0.4699999999999999,5,0.5550000000000005,0.5549999999999999,0.09000000000000008,0.0,0.0,0.0,0.04500000000000004,0.04500000000000004,history
230,1,2,1,0.00925153127434839,3.5802070030641153,9.6,12.6,0.4549999999999999,0.4925,5,0.5550000000000005,0.5549999999999999,0.09000000000000008,1.3199999999999998,0.0,0.0,0.04500000000000004,0.04500000000000004,history
231,1,0,1,0.07422254221566847,3.654429545279784,9.6,12.6,0.44749999999999984,0.48499999999999993,5,0.5550000000000005,0.5549999999999999,0.09000000000000008,0.0,0.0,0.0,0.04500000000000004,0.04500000000000004,history
232,1,1,1,0.009256413748537024,3.663685959028321,9.6,12.6,0.4925,0.4775,5,0.5550000000000005,0.5549999999999999,0.09000000000000008,1.1849999999999994,0.0,0.0,0.04500000000000004,0.04500000000000004,history
233,1,2,1,0.009223094451409657,3.6729090534797306,9.6,12.6,0.48499999999999993,0.4924999999999999,5,0.5550000000000005,0.5549999999999999,0.09000000000000008,1.3650000000000002,0.0,5.551115123125783e-17,0.04500000000000004,0.04500000000000004,history
234,1,2,1,0.009251833987130939,3.6821608874668614,9.6,12.6,0.4775,0.4925,5,0.5550000000000005,0.5549999999999999,0.09000000000000008,1.4549999999999996,0.0,0.0,0.04500000000000004,0.04500000000000004,history
235,1,0,0,-0.16575692834682784,3.5164039591200336,9.6,12.6,0.4699999999999999,0.48499999999999993,5,0.5550000000000005,0.5549999999999999,0.09000000000000008,0.0,0.0,0.0,0.04500000000000004,0.04500000000000004,history
236,1,0,1,0.07423167876581169,3.5906356378858453,9.6,12.6,0.46249999999999997,0.4775,5,0.5550000000000005,0.5549999999999999,0.09000000000000008,0.0,0.0,0.0,0.04500000000000004,0.04500000000000004,history
237,1,0,1,0.07423101279830147,3.6648666506841465,9.6,12.6,0.455,0.4699999999999999,5,0.5550000000000005,0.5549999999999999,0.09000000000000008,0.0,0.0,0.0,0.04500000000000004,0.04500000000000004,history
238,1,0,1,0.07426172150952524,3.739128372193672,9.6,12.6,0.44749999999999995,0.46249999999999997,5,0.5550000000000005,0.5549999999999999,0.09000000000000008,0.0,0.0,0.0,0.04500000000000004,0.04500000000000004,history
239,1,0,1,0.07426348376808437,3.8133918559617563,9.6,12.6,0.43999999999999995,0.455,5,0.5550000000000005,0.5549999999999999,0.09000000000000008,0.0,0.0,0.0,0.04500000000000004,0.04500000000000004,history
240,1,0,1,0.07423997271199753,3.887631828673754,9.6,12.6,0.43249999999999994,0.44749999999999995,5,0.5550000000000005,0.5549999999999999,0.09000000000000008,0.0,0.0,0.0,0.04500000000000004,0.04500000000000004,history
241,1,2,0,-0.23075625955881832,3.6568755691149355,9.6,12.6,0.4249999999999999,0.4924999999999999,5,0.5550000000000005,0.5549999999999999,0.09000000000000008,1.185,0.0,5.551115123125783e-17,0.04500000000000004,0.04500000000000004,history
242,1,0,1,0.07426454740955979,3.7311401165244953,9.6,12.6,0.4174999999999999,0.48499999999999993,5,0.5550000000000005,0.5549999999999999,0.09000000000000008,0.0,0.0,0.0,0.04500000000000004,0.04500000000000004,history
243,1,0,1,0.07423152037960572,3.805371636904101,9.6,12.6,0.41,0.4775,5,0.5550000000000005,0.5549999999999999,0.09000000000000008,0.0,0.0,0.0,0.04500000000000004,0.04500000000000004,history
244,1,0,0,-0.1657694665113574,3.6396021703927435,9.6,12.6,0.4024999999999999,0.4699999999999999,5,0.5550000000000005,0.5549999999999999,0.09000000000000008,0.0,0.0,0.0,0.04500000000000004,0.04500000000000004,history
245,1,0,1,0.07427780908642378,3.7138799794791675,9.6,12.6,0.39499999999999996,0.4624999999999999,5,0.5550000000000005,0.5549999999999999,0.09000000000000008,0.0,0.0,0.0,0.04500000000000004,0.04500000000000004,history
246,1,0,0,-0.16575920423977558,3.5481207752393917,9.6,12.6,0.3874999999999999,0.4549999999999999,5,0.5550000000000005,0.5549999999999999,0.09000000000000008,0.0,0.0,0.0,0.04500000000000004,0.04500000000000004,history
247,1,1,1,0.009254279014477396,3.5573750542538694,9.6,12.6,0.4924999999999999,0.44749999999999984,5,0.5550000000000005,0.5549999999999999,0.09000000000000008,0.8249999999999997,0.0,5.551115123125783e-17,0.04500000000000004,0.04500000000000004,history
248,1,0,1,0.07423543702494532,3.6316104912788147,9.6,12.6,0.48499999999999993,0.4399999999999999,5,0.5550000000000005,0.5549999999999999,0.09000000000000008,0.0,0.0,0.0,0.04500000000000004,0.04500000000000004,history
249,1,0,1,0.07425601750759186,3.7058665087864067,9.6,12.6,0.4775,0.43249999999999994,5,0.5550000000000005,0.5549999999999999,0.09000000000000008,0.0,0.0,0.0,0.04500000000000004,0.04500000000000004,history
250,1,2,1,0.009246094142270704,3.715112602928677,9.6,12.6,0.4699999999999999,0.4925,5,0.5550000000000005,0.5549999999999999,0.09000000000000008,1.0949999999999993,0.0,0.0,0.04500000000000004,0.04500000000000004,history
251,1,0,1,0.07421818507860165,3.7893307880072786,9.6,12.6,0.4624999999999999,0.48499999999999993,5,0.5550000000000005,0.5549999999999999,0.09000000000000008,0.0,0.0,0.0,0.04500000000000004,0.04500000000000004,history
252,1,2,0,-0.23077739257422553,3.5585533954330533,9.6,12.6,0.4549999999999999,0.4925,5,0.5550000000000005,0.5549999999999999,0.09000000000000008,1.4099999999999997,0.0,0.0,0.04500000000000004,0.04500000000000004,history
253,1,0,1,0.07425278455592177,3.6328061799889753,9.6,12.6,0.44749999999999984,0.48499999999999993,5,0.5550000000000005,0.5549999999999999,0.09000000000000008,0.0,0.0,0.0,0.04500000000000004,0.04500000000000004,history
254,1,0,1,0.0742489680245003,3.7070551480134757,9.6,12.6,0.4399999999999999,0.4775,5,0.5550000000000005,0.5549999999999999,0.09000000000000008,0.0,0.0,0.0,0.04500000000000004,0.04500000000000004,history
255,1,0,1,0.07423995956457416,3.7812951075780497,9.6,12.6,0.43249999999999994,0.4699999999999999,5,0.5550000000000005,0.5549999999999999,0.09000000000000008,0.0,0.0,0.0,0.04500000000000004,0.04500000000000004,history
256,1,0,1,0.07423095770401357,4.0,9.6,12.6,0.4249999999999999,0.46249999999999997,6,0.5550000000000005,0.5549999999999999,0.09000000000000008,0.0,0.0,0.0,0.04500000000000004,0.04500000000000004,history
257,1,0,0,-0.16579836732948763,3.834201632670512,9.6,12.6,0.4174999999999999,0.455,6,0.5550000000000005,0.5549999999999999,0.09000000000000008,0.0,0.0,0.0,0.04500000000000004,0.04500000000000004,history
258,1,0,0,-0.1657804717887978,3.6684211608817145,9.6,12.6,0.40999999999999986,0.44749999999999995,6,0.5550000000000005,0.5549999999999999,0.09000000000000008,0.0,0.0,0.0,0.04500000000000004,0.04500000000000004,history
259,1,0,1,0.07423866336856771,3.7426598242502824,9.6,12.6,0.40249999999999986,0.43999999999999995,6,0.5550000000000005,0.5549999999999999,0.09000000000000008,0.0,0.0,0.0,0.04500000000000004,0.04500000000000004,history
260,1,0,0,-0.16578032986238583,3.5768794943878968,9.6,12.6,0.39499999999999985,0.43249999999999994,6,0.5550000000000005,0.5549999999999999,0.09000000000000008,0.0,0.0,0.0,0.04500000000000004,0.04500000000000004,history
261,1,1,1,0.009251154715645587,3.5861306491035423,9.6,12.6,0.4925,0.4249999999999999,6,0.5550000000000005,0.5549999999999999,0.09000000000000008,0.8699999999999988,0.0,0.0,0.04500000000000004,0.04500000000000004,history
262,1,0,1,0.07424618111958985,3.6603768302231323,9.6,12.6,0.48499999999999993,0.4174999999999999,6,0.5550000000000005,0.5549999999999999,0.09000000000000008,0.0,0.0,0.0,0.04500000000000004,0.04500000000000004,history
263,1,0,1,0.07421034699161622,3.7345871772147485,9.6,12.6,0.4775,0.41,6,0.5550000000000005,0.5549999999999999,0.09000000000000008,0.0,0.0,0.0,0.04500000000000004,0.04500000000000004,history
264,1,0,1,0.07422011315641872,3.8088072903711674,9.6,12.6,0.4699999999999999,0.4024999999999999,6,0.5550000000000005,0.5549999999999999,0.09000000000000008,0.0,0.0,0.0,0.04500000000000004,0.04500000000000004,history
265,1,0,1,0.07419614760520483,3.883003437976372,9.6,12.6,0.46249999999999997,0.39499999999999996,6,0.5550000000000005,0.5549999999999999,0.09000000000000008,0.0,0.0,0.0,0.04500000000000004,0.04500000000000004,history
266,1,0,1,0.07420211807753353,3.9572055560539057,9.6,12.6,0.455,0.3874999999999999,6,0.5550000000000005,0.5549999999999999,0.09000000000000008,0.0,0.0,0.0,0.04500000000000004,0.04500000000000004,history
267,1,0,1,0.07426863189875915,4.0,9.6,12.6,0.44749999999999995,0.3799999999999999,6,0.5550000000000005,0.5549999999999999,0.09000000000000008,0.0,0.0,0.0,0.04500000000000004,0.04500000000000004,history
268,1,2,1,0.009245738456403918,4.0,9.6,12.6,0.43999999999999995,0.4925,6,0.5550000000000005,0.5549999999999999,0.09000000000000008,0.7799999999999994,0.0,0.0,0.04500000000000004,0.04500000000000004,history
269,1,0,1,0.0742548176348139,4.0,9.6,12.6,0.43249999999999994,0.48499999999999993,6,0.5550000000000005,0.5549999999999999,0.09000000000000008,0.0,0.0,0.0,0.04500000000000004,0.04500000000000004,history
270,1,2,1,0.009184324297880533,4.0,9.6,12.6,0.4249999999999999,0.4925,6,0.5550000000000005,0.5549999999999999,0.09000000000000008,1.4099999999999997,0.0,0.0,0.04500000000000004,0.04500000000000004,history
271,1,0,1,0.07418004336731836,4.0,9.6,12.6,0.4174999999999999,0.48499999999999993,6,0.5550000000000005,0.5549999999999999,0.09000000000000008,0.0,0.0,0.0,0.04500000000000004,0.04500000000000004,history
272,1,0,1,0.07420054595185151,4.0,9.6,12.6,0.41,0.4775,6,0.5550000000000005,0.5549999999999999,0.09000000000000008,0.0,0.0,0.0,0.04500000000000004,0.04500000000000004,history
273,1,1,1,0.009270184806688227,4.0,9.6,12.6,0.4925,0.4699999999999999,6,0.5550000000000005,0.5549999999999999,0.09000000000000008,0.9599999999999995,0.0,0.0,0.04500000000000004,0.04500000000000004,history
274,1,0,1,0.07422219043367019,4.0,9.6,12.6,0.48499999999999993,0.46249999999999997,6,0.5550000000000005,0.5549999999999999,0.09000000000000008,0.0,0.0,0.0,0.04500000000000004,0.04500000000000004,history
275,1,0,0,-0.16576904075882057,3.8342309592411796,9.6,12.6,0.4775,0.455,6,0.5550000000000005,0.5549999999999999,0.09000000000000008,0.0,0.0,0.0,0.04500000000000004,0.04500000000000004,history
276,1,0,0,-0.16578589150220713,3.6684450677389724,9.6,12.6,0.4699999999999999,0.44749999999999995,6,0.5550000000000005,0.5549999999999999,0.09000000000000008,0.0,0.0,0.0,0.04500000000000004,0.04500000000000004,history
277,1,0,1,0.07423277845894674,3.7426778461979193,9.6,12.6,0.46249999999999997,0.43999999999999995,6,0.5550000000000005,0.5549999999999999,0.09000000000000008,0.0,0.0,0.0,0.04500000000000004,0.04500000000000004,history
278,1,0,1,0.07424893585453439,3.8169267820524535,9.6,12.6,0.455,0.43249999999999994,6,0.5550000000000005,0.5549999999999999,0.09000000000000008,0.0,0.0,0.0,0.04500000000000004,0.04500000000000004,history
279,1,0,1,0.07424033928394609,3.8911671213363994,9.6,12.6,0.44749999999999995,0.4249999999999999,6,0.5550000000000005,0.5549999999999999,0.09000000000000008,0.0,0.0,0.0,0.04500000000000004,0.04500000000000004,history
280,1,0,1,0.07421491725728747,3.965382038593687,9.6,12.6,0.43999999999999995,0.4174999999999999,6,0.5550000000000005,0.5549999999999999,0.09000000000000008,0.0,0.0,0.0,0.04500000000000004,0.04500000000000004,history
281,1,0,1,0.07423619345929956,4.0,9.6,12.6,0.43249999999999994,0.41,6,0.5550000000000005,0.5549999999999999,0.09000000000000008,0.0,0.0,0.0,0.04500000000000004,0.04500000000000004,history
282,1,0,1,0.07423024962633637,4.0,9.6,12.6,0.4249999999999999,0.4024999999999999,6,0.5550000000000005,0.5549999999999999,0.09000000000000008,0.0,0.0,0.0,0.04500000000000004,0.04500000000000004,history
283,1,0,1,0.07420459625174963,4.0,9.6,12.6,0.4174999999999999,0.39499999999999996,6,0.5550000000000005,0.5549999999999999,0.09000000000000008,0.0,0.0,0.0,0.04500000000000004,0.04500000000000004,history
284,1,0,1,0.07421424025764281,4.0,9.6,12.6,0.41,0.3874999999999999,6,0.5550000000000005,0.5549999999999999,0.09000000000000008,0.0,0.0,0.0,0.04500000000000004,0.04500000000000004,history
285,1,0,1,0.07419292015177575,4.0,9.6,12.6,0.4024999999999999,0.3799999999999999,6,0.5550000000000005,0.5549999999999999,0.09000000000000008,0.0,0.0,0.0,0.04500000000000004,0.04500000000000004,history
286,1,0,1,0.07425252233352687,4.0,9.6,12.6,0.39499999999999996,0.3724999999999999,6,0.5550000000000005,0.5549999999999999,0.09000000000000008,0.0,0.0,0.0,0.04500000000000004,0.04500000000000004,history
287,1,0,1,0.07425352349935156,4.0,9.6,12.6,0.3874999999999999,0.3649999999999998,6,0.5550000000000005,0.5549999999999999,0.09000000000000008,0.0,0.0,0.0,0.04500000000000004,0.04500000000000004,history
288,1,0,1,0.07427133955250101,4.0,9.6,12.6,0.3799999999999999,0.3574999999999999,6,0.5550000000000005,0.5549999999999999,0.09000000000000008,0.0,0.0,0.0,0.04500000000000004,0.04500000000000004,history
289,1,0,1,0.07420896858330636,4.0,9.6,12.6,0.3724999999999999,0.34999999999999987,6,0.5550000000000005,0.5549999999999999,0.09000000000000008,0.0,0.0,0.0,0.04500000000000004,0.04500000000000004,history
290,1,0,1,0.07427289263745802,4.0,9.6,12.6,0.3649999999999998,0.34249999999999986,6,0.5550000000000005,0.5549999999999999,0.09000000000000008,0.0,0.0,0.0,0.04500000000000004,0.04500000000000004,history
291,1,2,1,0.00922270381929139,4.0,9.6,12.6,0.3574999999999999,0.4925,6,0.5550000000000005,0.5549999999999999,0.09000000000000008,0.5549999999999988,0.0,0.0,0.04500000000000004,0.04500000000000004,history
292,1,0,1,0.07424170052994118,4.0,9.6,12.6,0.34999999999999987,0.48499999999999993,6,0.5550000000000005,0.5549999999999999,0.09000000000000008,0.0,0.0,0.0,0.04500000000000004,0.04500000000000004,history
293,1,0,1,0.07424851552883825,4.0,9.6,12.6,0.34249999999999986,0.4775,6,0.5550000000000005,0.5549999999999999,0.09000000000000008,0.0,0.0,0.0,0.04500000000000004,0.04500000000000004,history
294,1,1,1,0.009203390111448906,4.0,9.6,12.6,0.4925,0.4699999999999999,6,0.5550000000000005,0.5549999999999999,0.09000000000000008,0.5549999999999988,0.0,0.0,0.04500000000000004,0.04500000000000004,history
295,1,2,1,0.0091694024536823,4.0,9.6,12.6,0.48499999999999993,0.4925,6,0.5550000000000005,0.5549999999999999,0.09000000000000008,1.3199999999999998,0.0,0.0,0.04500000000000004,0.04500000000000004,history
296,1,0,1,0.07422559564087748,4.0,9.6,12.6,0.4775,0.48499999999999993,6,0.5550000000000005,0.5549999999999999,0.09000000000000008,0.0,0.0,0.0,0.04500000000000004,0.04500000000000004,history
297,1,0,1,0.0742439208794987,4.0,9.6,12.6,0.4699999999999999,0.4775,6,0.5550000000000005,0.5549999999999999,0.09000000000000008,0.0,0.0,0.0,0.04500000000000004,0.04500000000000004,history
298,1,0,1,0.07421459852790106,4.0,9.6,12.6,0.46249999999999997,0.4699999999999999,6,0.5550000000000005,0.5549999999999999,0.09000000000000008,0.0,0.0,0.0,0.04500000000000004,0.04500000000000004,history
299,1,1,1,0.009175820440871308,4.0,9.6,12.6,0.4925,0.46249999999999997,6,0.5550000000000005,0.5549999999999999,0.09000000000000008,1.2749999999999995,0.0,0.0,0.04500000000000004,0.04500000000000004,history
300,1,0,1,0.07422143155743063,4.0,9.6,12.6,0.48499999999999993,0.455,6,0.5550000000000005,0.5549999999999999,0.09000000000000008,0.0,0.0,0.0,0.04500000000000004,0.04500000000000004,history
301,1,0,1,0.07420539533073911,4.0,9.6,12.6,0.4775,0.44749999999999995,6,0.5550000000000005,0.5549999999999999,0.09000000000000008,0.0,0.0,0.0,0.04500000000000004,0.04500000000000004,history
302,1,1,1,0.009218696034216338,4.0,9.6,12.6,0.4924999999999999,0.43999999999999995,6,0.5550000000000005,0.5549999999999999,0.09000000000000008,1.3650000000000002,0.0,5.551115123125783e-17,0.04500000000000004,0.04500000000000004,history
303,1,0,1,0.07416642162701356,4.0,9.6,12.6,0.48499999999999993,0.43249999999999994,6,0.5550000000000005,0.5549999999999999,0.09000000000000008,0.0,0.0,0.0,0.04500000000000004,0.04500000000000004,history
304,1,0,1,0.07420152583587812,4.0,9.6,12.6,0.4775,0.4249999999999999,6,0.5550000000000005,0.5549999999999999,0.09000000000000008,0.0,0.0,0.0,0.04500000000000004,0.04500000000000004,history
305,1,1,1,0.009210651943884582,4.0,9.6,12.6,0.4925,0.4174999999999999,6,0.5550000000000005,0.5549999999999999,0.09000000000000008,1.3649999999999995,0.0,0.0,0.04500000000000004,0.04500000000000004,history
306,1,1,0,-0.23077581103873573,3.7692241889612643,9.6,12.6,0.4925,0.41,6,0.5550000000000005,0.5549999999999999,0.09000000000000008,1.4549999999999996,0.0,0.0,0.04500000000000004,0.04500000000000004,history
307,1,0,0,-0.16579950124132772,3.6034246877199365,9.6,12.6,0.48499999999999993,0.4024999999999999,6,0.5550000000000005,0.5549999999999999,0.09000000000000008,0.0,0.0,0.0,0.04500000000000004,0.04500000000000004,history
308,1,2,1,0.009197042748978042,3.6126217304689145,9.6,12.6,0.4775,0.4925,6,0.5550000000000005,0.5549999999999999,0.09000000000000008,0.9149999999999991,0.0,0.0,0.04500000000000004,0.04500000000000004,history
309,1,0,0,-0.16579964181909432,3.4468220886498204,9.6,12.6,0.4699999999999999,0.48499999999999993,6,0.5550000000000005,0.5549999999999999,0.09000000000000008,0.0,0.0,0.0,0.04500000000000004,0.04500000000000004,history
310,1,2,1,0.009211490860498214,3.4560335795103185,9.6,12.6,0.46249999999999997,0.4925,6,0.5550000000000005,0.5549999999999999,0.09000000000000008,1.4099999999999997,0.0,0.0,0.04500000000000004,0.04500000000000004,history
311,1,0,1,0.0741981531578343,3.530231732668153,9.6,12.6,0.455,0.48499999999999993,6,0.5550000000000005,0.5549999999999999,0.09000000000000008,0.0,0.0,0.0,0.04500000000000004,0.04500000000000004,history
312,1,0,1,0.07419595918931271,3.604427691857466,9.6,12.6,0.44749999999999995,0.4775,6,0.5550000000000005,0.5549999999999999,0.09000000000000008,0.0,0.0,0.0,0.04500000000000004,0.04500000000000004,history
313,1,0,1,0.07424794002971165,3.6786756318871774,9.6,12.6,0.43999999999999995,0.4699999999999999,6,0.5550000000000005,0.5549999999999999,0.09000000000000008,0.0,0.0,0.0,0.04500000000000004,0.04500000000000004,history
314,1,0,1,0.07417482339852204,3.7528504552856994,9.6,12.6,0.43249999999999994,0.46249999999999997,6,0.5550000000000005,0.5549999999999999,0.09000000000000008,0.0,0.0,0.0,0.04500000000000004,0.04500000000000004,history
315,1,1,0,-0.23078998634892794,3.5220604689367714,9.6,12.6,0.4925,0.455,6,0.5550000000000005,0.5549999999999999,0.09000000000000008,1.0949999999999993,0.0,0.0,0.04500000000000004,0.04500000000000004,history
316,1,2,1,0.009248852279842746,3.531309321216614,9.6,12.6,0.48499999999999993,0.4925,6,0.5550000000000005,0.5549999999999999,0.09000000000000008,1.23,0.0,0.0,0.04500000000000004,0.04500000000000004,history
317,1,0,1,0.07418676376094333,3.6054960849775575,9.6,12.6,0.4775,0.48499999999999993,6,0.5550000000000005,0.5549999999999999,0.09000000000000008,0.0,0.0,0.0,0.04500000000000004,0.04500000000000004,history
318,1,0,0,-0.165802784400099,3.4396933005774586,9.6,12.6,0.4699999999999999,0.4775,6,0.5550000000000005,0.5549999999999999,0.09000000000000008,0.0,0.0,0.0,0.04500000000000004,0.04500000000000004,history
319,1,2,1,0.009215225166767219,3.448908525744226,9.6,12.6,0.46249999999999997,0.4924999999999999,6,0.5550000000000005,0.5549999999999999,0.09000000000000008,1.3650000000000002,0.0,5.551115123125783e-17,0.04500000000000004,0.04500000000000004,history
320,1,0,1,0.0742330464002831,3.523141572144509,9.6,12.6,0.455,0.48499999999999993,6,0.5550000000000005,0.5549999999999999,0.09000000000000008,0.0,0.0,0.0,0.04500000000000004,0.04500000000000004,history
321,1,0,1,0.07421470935357107,3.59735628149808,9.6,12.6,0.44749999999999995,0.4775,6,0.5550000000000005,0.5549999999999999,0.09000000000000008,0.0,0.0,0.0,0.04500000000000004,0.04500000000000004,history
322,1,1,1,0.009207804007122523,3.6065640855052026,9.6,12.6,0.4924999999999999,0.4699999999999999,6,0.5550000000000005,0.5549999999999999,0.09000000000000008,1.185,0.0,5.551115123125783e-17,0.04500000000000004,0.04500000000000004,history
323,1,0,1,0.07419692499970135,3.680761010504904,9.6,12.6,0.48499999999999993,0.4624999999999999,6,0.5550000000000005,0.5549999999999999,0.09000000000000008,0.0,0.0,0.0,0.04500000000000004,0.04500000000000004,history
324,1,2,1,0.00918136562770638,3.6899423761326102,9.6,12.6,0.4775,0.4925,6,0.5550000000000005,0.5549999999999999,0.09000000000000008,1.2749999999999995,0.0,0.0,0.04500000000000004,0.04500000000000004,history
325,1,0,1,0.07418340450906646,3.7641257806416766,9.6,12.6,0.4699999999999999,0.48499999999999993,6,0.5550000000000005,0.5549999999999999,0.09000000000000008,0.0,0.0,0.0,0.04500000000000004,0.04500000000000004,history
326,1,0,1,0.07417748102097646,3.838303261662653,9.6,12.6,0.4624999999999999,0.4775,6,0.5550000000000005,0.5549999999999999,0.09000000000000008,0.0,0.0,0.0,0.04500000000000004,0.04500000000000004,history
327,1,2,1,0.009220519267795626,3.8475237809304486,9.6,12.6,0.4549999999999999,0.4924999999999999,6,0.5550000000000005,0.5549999999999999,0.09000000000000008,1.3650000000000002,0.0,5.551115123125783e-17,0.04500000000000004,0.04500000000000004,history
328,1,0,1,0.07421726184464024,3.9217410427750887,9.6,12.6,0.44749999999999984,0.48499999999999993,6,0.5550000000000005,0.5549999999999999,0.09000000000000008,0.0,0.0,0.0,0.04500000000000004,0.04500000000000004,history
329,1,2,1,0.00915961539595136,3.93090065817104,9.6,12.6,0.4399999999999999,0.4925,6,0.5550000000000005,0.5549999999999999,0.09000000000000008,1.4099999999999993,0.0,0.0,0.04500000000000004,0.04500000000000004,history
330,1,0,1,0.07421805009268842,4.0,9.6,12.6,0.43249999999999994,0.48499999999999993,6,0.5550000000000005,0.5549999999999999,0.09000000000000008,0.0,0.0,0.0,0.04500000000000004,0.04500000000000004,history
331,1,0,1,0.0741650445014894,4.0,9.6,12.6,0.4249999999999999,0.4775,6,0.5550000000000005,0.5549999999999999,0.09000000000000008,0.0,0.0,0.0,0.04500000000000004,0.04500000000000004,history
332,1,2,1,0.009217965368205128,4.0,9.6,12.6,0.4174999999999999,0.4924999999999999,6,0.5550000000000005,0.5549999999999999,0.09000000000000008,1.3650000000000002,0.0,5.551115123125783e-17,0.04500000000000004,0.04500000000000004,history
333,1,0,0,-0.16578297420228388,3.834217025797716,9.6,12.6,0.40999999999999986,0.48499999999999993,6,0.5550000000000005,0.5549999999999999,0.09000000000000008,0.0,0.0,0.0,0.04500000000000004,0.04500000000000004,history
334,1,0,1,0.07422153011177694,3.908438555909493,9.6,12.6,0.40249999999999986,0.4775,6,0.5550000000000005,0.5549999999999999,0.09000000000000008,0.0,0.0,0.0,0.04500000000000004,0.04500000000000004,history
335,1,0,1,0.0742230292662394,3.9826615851757325,9.6,12.6,0.39499999999999985,0.4699999999999999,6,0.5550000000000005,0.5549999999999999,0.09000000000000008,0.0,0.0,0.0,0.04500000000000004,0.04500000000000004,history
336,1,2,1,0.009235866652616892,3.9918974518283497,9.6,12.6,0.3874999999999998,0.4924999999999999,6,0.5550000000000005,0.5549999999999999,0.09000000000000008,1.3199999999999998,0.0,5.551115123125783e-17,0.04500000000000004,0.04500000000000004,history
337,1,2,0,-0.23077850038896486,3.761118951439385,9.6,12.6,0.37999999999999984,0.4925,6,0.5550000000000005,0.5549999999999999,0.09000000000000008,1.4549999999999996,0.0,0.0,0.04500000000000004,0.04500000000000004,history
338,1,0,0,-0.16584827846515465,3.5952706729742303,9.6,12.6,0.37249999999999983,0.48499999999999993,6,0.5550000000000005,0.5549999999999999,0.09000000000000008,0.0,0.0,0.0,0.04500000000000004,0.04500000000000004,history
339,1,0,1,0.0741586713844684,3.6694293443586985,9.6,12.6,0.3649999999999998,0.4775,6,0.5550000000000005,0.5549999999999999,0.09000000000000008,0.0,0.0,0.0,0.04500000000000004,0.04500000000000004,history
340,1,0,1,0.0742640629357155,3.743693407294414,9.6,12.6,0.3574999999999999,0.4699999999999999,6,0.5550000000000005,0.5549999999999999,0.09000000000000008,0.0,0.0,0.0,0.04500000000000004,0.04500000000000004,history
341,1,0,1,0.0742095715301212,3.8179029788245353,9.6,12.6,0.3499999999999998,0.46249999999999997,6,0.5550000000000005,0.5549999999999999,0.09000000000000008,0.0,0.0,0.0,0.04500000000000004,0.04500000000000004,history
342,1,0,1,0.07423730753959508,3.8921402863641306,9.6,12.6,0.3424999999999998,0.455,6,0.5550000000000005,0.5549999999999999,0.09000000000000008,0.0,0.0,0.0,0.04500000000000004,0.04500000000000004,history
343,1,2,1,0.009252129976613713,3.901392416340744,9.6,12.6,0.3349999999999998,0.4925,6,0.5550000000000005,0.5549999999999999,0.09000000000000008,1.23,0.0,0.0,0.04500000000000004,0.04500000000000004,history
344,1,0,1,0.07424736876020088,3.975639785100945,9.6,12.6,0.32749999999999974,0.48499999999999993,6,0.5550000000000005,0.5549999999999999,0.09000000000000008,0.0,0.0,0.0,0.04500000000000004,0.04500000000000004,history
345,1,2,1,0.009255100768989817,3.9848948858699345,9.6,12.6,0.3199999999999998,0.4925,6,0.5550000000000005,0.5549999999999999,0.09000000000000008,1.4099999999999997,0.0,0.0,0.04500000000000004,0.04500000000000004,history
346,1,0,0,-0.16573750569608428,3.8191573801738503,9.6,12.6,0.3124999999999998,0.48499999999999993,6,0.5550000000000005,0.5549999999999999,0.09000000000000008,0.0,0.0,0.0,0.04500000000000004,0.04500000000000004,history
347,1,0,1,0.07426782028718447,3.8934252004610346,9.6,12.6,0.30499999999999977,0.4775,6,0.5550000000000005,0.5549999999999999,0.09000000000000008,0.0,0.0,0.0,0.04500000000000004,0.04500000000000004,history
348,1,0,1,0.07414625560482352,3.967571456065858,9.6,12.6,0.2974999999999998,0.4699999999999999,6,0.5550000000000005,0.5549999999999999,0.09000000000000008,0.0,0.0,0.0,0.04500000000000004,0.04500000000000004,history
349,1,0,1,0.0742466290056106,4.0,9.6,12.6,0.28999999999999976,0.46249999999999997,6,0.5550000000000005,0.5549999999999999,0.09000000000000008,0.0,0.0,0.0,0.04500000000000004,0.04500000000000004,history
350,1,0,1,0.07413479273979066,4.0,9.6,12.6,0.28249999999999975,0.455,6,0.5550000000000005,0.5549999999999999,0.09000000000000008,0.0,0.0,0.0,0.04500000000000004,0.04500000000000004,history
351,1,0,0,-0.16586529184317803,3.834134708156822,9.6,12.6,0.27499999999999974,0.44749999999999995,6,0.5550000000000005,0.5549999999999999,0.09000000000000008,0.0,0.0,0.0,0.04500000000000004,0.04500000000000004,history
352,1,1,0,-0.23087012442607627,3.6032645837307453,9.6,12.6,0.4925,0.43999999999999995,6,0.5550000000000005,0.5549999999999999,0.09000000000000008,0.14999999999999813,0.0,0.0,0.04500000000000004,0.04500000000000004,history
353,1,2,1,0.009222148328802799,3.612486732059548,9.6,12.6,0.48499999999999993,0.4925,6,0.5550000000000005,0.5549999999999999,0.09000000000000008,1.1399999999999997,0.0,0.0,0.04500000000000004,0.04500000000000004,history
354,1,0,1,0.0742130762648896,3.6866998083244376,9.6,12.6,0.4775,0.48499999999999993,6,0.5550000000000005,0.5549999999999999,0.09000000000000008,0.0,0.0,0.0,0.04500000000000004,0.04500000000000004,history
355,1,0,1,0.07422184469914857,3.760921653023586,9.6,12.6,0.4699999999999999,0.4775,6,0.5550000000000005,0.5549999999999999,0.09000000000000008,0.0,0.0,0.0,0.04500000000000004,0.04500000000000004,history
356,1,1,1,0.009204803389712248,3.770126456413298,9.6,12.6,0.4925,0.4699999999999999,6,0.5550000000000005,0.5549999999999999,0.09000000000000008,1.3199999999999998,0.0,0.0,0.04500000000000004,0.04500000000000004,history
357,1,0,1,0.0740958539545759,3.844222310367874,9.6,12.6,0.48499999999999993,0.46249999999999997,6,0.5550000000000005,0.5549999999999999,0.09000000000000008,0.0,0.0,0.0,0.04500000000000004,0.04500000000000004,history
358,1,0,0,-0.16577059433453076,3.678451716033343,9.6,12.6,0.4775,0.455,6,0.5550000000000005,0.5549999999999999,0.09000000000000008,0.0,0.0,0.0,0.04500000000000004,0.04500000000000004,history
359,1,1,1,0.009216577243999416,3.687668293277343,9.6,12.6,0.4924999999999999,0.44749999999999995,6,0.5550000000000005,0.5549999999999999,0.09000000000000008,1.3650000000000002,0.0,5.551115123125783e-17,0.04500000000000004,0.04500000000000004,history
360,1,0,1,0.07422078327049338,3.761889076547836,9.6,12.6,0.48499999999999993,0.43999999999999995,6,0.5550000000000005,0.5549999999999999,0.09000000000000008,0.0,0.0,0.0,0.04500000000000004,0.04500000000000004,history
361,1,0,1,0.07420787390674742,3.8360969504545834,9.6,12.6,0.4775,0.43249999999999994,6,0.5550000000000005,0.5549999999999999,0.09000000000000008,0.0,0.0,0.0,0.04500000000000004,0.04500000000000004,history
362,1,2,0,-0.23088381833871394,3.6052131321158694,9.6,12.6,0.4699999999999999,0.4925,6,0.5550000000000005,0.5549999999999999,0.09000000000000008,1.0949999999999993,0.0,0.0,0.04500000000000004,0.04500000000000004,history
363,1,0,1,0.07419151076550866,3.679404642881378,9.6,12.6,0.4624999999999999,0.48499999999999993,6,0.5550000000000005,0.5549999999999999,0.09000000000000008,0.0,0.0,0.0,0.04500000000000004,0.04500000000000004,history
364,1,0,1,0.07422788378727936,3.753632526668657,9.6,12.6,0.4549999999999999,0.4775,6,0.5550000000000005,0.5549999999999999,0.09000000000000008,0.0,0.0,0.0,0.04500000000000004,0.04500000000000004,history
365,1,0,1,0.07423554128265943,3.8278680679513166,9.6,12.6,0.44749999999999984,0.4699999999999999,6,0.5550000000000005,0.5549999999999999,0.09000000000000008,0.0,0.0,0.0,0.04500000000000004,0.04500000000000004,history
366,1,0,1,0.07421194695717624,3.902080014908493,9.6,12.6,0.4399999999999999,0.46249999999999997,6,0.5550000000000005,0.5549999999999999,0.09000000000000008,0.0,0.0,0.0,0.04500000000000004,0.04500000000000004,history
367,1,0,1,0.07408432309492353,3.9761643380034166,9.6,12.6,0.43249999999999994,0.455,6,0.5550000000000005,0.5549999999999999,0.09000000000000008,0.0,0.0,0.0,0.04500000000000004,0.04500000000000004,history
368,1,0,1,0.07406476371916493,4.0,9.6,12.6,0.4249999999999999,0.44749999999999995,6,0.5550000000000005,0.5549999999999999,0.09000000000000008,0.0,0.0,0.0,0.04500000000000004,0.04500000000000004,history
369,1,2,1,0.009206801443053053,4.0,9.6,12.6,0.4174999999999999,0.4924999999999999,6,0.5550000000000005,0.5549999999999999,0.09000000000000008,1.185,0.0,5.551115123125783e-17,0.04500000000000004,0.04500000000000004,history
370,1,0,1,0.07421131777711293,4.0,9.6,12.6,0.40999999999999986,0.48499999999999993,6,0.5550000000000005,0.5549999999999999,0.09000000000000008,0.0,0.0,0.0,0.04500000000000004,0.04500000000000004,history
371,1,0,1,0.0742138377059194,4.0,9.6,12.6,0.40249999999999986,0.4775,6,0.5550000000000005,0.5549999999999999,0.09000000000000008,0.0,0.0,0.0,0.04500000000000004,0.04500000000000004,history
372,1,0,1,0.07420825648359028,4.0,9.6,12.6,0.39499999999999985,0.4699999999999999,6,0.5550000000000005,0.5549999999999999,0.09000000000000008,0.0,0.0,0.0,0.04500000000000004,0.04500000000000004,history
373,1,0,1,0.07421106274440036,4.0,9.6,12.6,0.3874999999999998,0.4624999999999999,6,0.5550000000000005,0.5549999999999999,0.09000000000000008,0.0,0.0,0.0,0.04500000000000004,0.04500000000000004,history
374,1,1,1,0.009233010465908346,4.0,9.6,12.6,0.4925,0.4549999999999999,6,0.5550000000000005,0.5549999999999999,0.09000000000000008,0.8249999999999991,0.0,0.0,0.04500000000000004,0.04500000000000004,history
375,1,0,1,0.07420013210598864,4.0,9.6,12.6,0.48499999999999993,0.44749999999999984,6,0.5550000000000005,0.5549999999999999,0.09000000000000008,0.0,0.0,0.0,0.04500000000000004,0.04500000000000004,history
376,1,0,1,0.0740429962146355,4.0,9.6,12.6,0.4775,0.4399999999999999,6,0.5550000000000005,0.5549999999999999,0.09000000000000008,0.0,0.0,0.0,0.04500000000000004,0.04500000000000004,history
377,1,0,1,0.07419693110619902,4.0,9.6,12.6,0.4699999999999999,0.43249999999999994,6,0.5550000000000005,0.5549999999999999,0.09000000000000008,0.0,0.0,0.0,0.04500000000000004,0.04500000000000004,history
378,1,0,1,0.07406432208223893,4.0,9.6,12.6,0.46249999999999997,0.4249999999999999,6,0.5550000000000005,0.5549999999999999,0.09000000000000008,0.0,0.0,0.0,0.04500000000000004,0.04500000000000004,history
379,1,0,1,0.07403131495794825,4.0,9.6,12.6,0.455,0.4174999999999999,6,0.5550000000000005,0.5549999999999999,0.09000000000000008,0.0,0.0,0.0,0.04500000000000004,0.04500000000000004,history
380,1,1,0,-0.23080244694029575,3.7691975530597044,9.6,12.6,0.4925,0.40999999999999986,6,0.5550000000000005,0.5549999999999999,0.09000000000000008,1.2299999999999998,0.0,0.0,0.04500000000000004,0.04500000000000004,history
381,1,1,1,0.009071541052753233,3.7782690941124577,9.6,12.6,0.4925,0.40249999999999986,6,0.5550000000000005,0.5549999999999999,0.09000000000000008,1.4549999999999996,0.0,0.0,0.04500000000000004,0.04500000000000004,history
382,1,1,1,0.009192625817493638,3.787461719929951,9.6,12.6,0.4925,0.39499999999999985,6,0.5550000000000005,0.5549999999999999,0.09000000000000008,1.4549999999999996,0.0,0.0,0.04500000000000004,0.04500000000000004,history
383,1,0,0,-0.1657962384297478,3.6216654815002034,9.6,12.6,0.48499999999999993,0.3874999999999998,6,0.5550000000000005,0.5549999999999999,0.09000000000000008,0.0,0.0,0.0,0.04500000000000004,0.04500000000000004,history
384,1,0,1,0.07419333053886587,4.0,9.6,12.6,0.4775,0.37999999999999984,7,0.5550000000000005,0.5549999999999999,0.09000000000000008,0.0,0.0,0.0,0.04500000000000004,0.04500000000000004,history
385,1,0,1,0.07420317580364724,4.0,9.6,12.6,0.4699999999999999,0.37249999999999983,7,0.5550000000000005,0.5549999999999999,0.09000000000000008,0.0,0.0,0.0,0.04500000000000004,0.04500000000000004,history
386,1,0,1,0.07419366683781438,4.0,9.6,12.6,0.46249999999999997,0.3649999999999998,7,0.5550000000000005,0.5549999999999999,0.09000000000000008,0.0,0.0,0.0,0.04500000000000004,0.04500000000000004,history
387,1,2,1,0.00906326262563698,4.0,9.6,12.6,0.455,0.4925,7,0.5550000000000005,0.5549999999999999,0.09000000000000008,0.6899999999999986,0.0,0.0,0.04500000000000004,0.04500000000000004,history
388,1,2,1,0.009030252177017445,4.0,9.6,12.6,0.44749999999999995,0.4925,7,0.5550000000000005,0.5549999999999999,0.09000000000000008,1.4549999999999996,0.0,0.0,0.04500000000000004,0.04500000000000004,history
389,1,0,1,0.07402240641673874,4.0,9.6,12.6,0.43999999999999995,0.48499999999999993,7,0.5550000000000005,0.5549999999999999,0.09000000000000008,0.0,0.0,0.0,0.04500000000000004,0.04500000000000004,history
390,1,0,1,0.07402951395428513,4.0,9.6,12.6,0.43249999999999994,0.4775,7,0.5550000000000005,0.5549999999999999,0.09000000000000008,0.0,0.0,0.0,0.04500000000000004,0.04500000000000004,history
391,1,0,1,0.07421815082194348,4.0,9.6,12.6,0.4249999999999999,0.4699999999999999,7,0.5550000000000005,0.5549999999999999,0.09000000000000008,0.0,0.0,0.0,0.04500000000000004,0.04500000000000004,history
392,1,0,1,0.07421382237071839,4.0,9.6,12.6,0.4174999999999999,0.46249999999999997,7,0.5550000000000005,0.5549999999999999,0.09000000000000008,0.0,0.0,0.0,0.04500000000000004,0.04500000000000004,history
393,1,0,0,-0.16594944092578387,3.834050559074216,9.6,12.6,0.41,0.455,7,0.5550000000000005,0.5549999999999999,0.09000000000000008,0.0,0.0,0.0,0.04500000000000004,0.04500000000000004,history
394,1,0,1,0.07421370326684874,3.908264262341065,9.6,12.6,0.4024999999999999,0.44749999999999995,7,0.5550000000000005,0.5549999999999999,0.09000000000000008,0.0,0.0,0.0,0.04500000000000004,0.04500000000000004,history
395,1,1,0,-0.23094646646757852,3.677317795873486,9.6,12.6,0.4925,0.43999999999999995,7,0.5550000000000005,0.5549999999999999,0.09000000000000008,0.9149999999999991,0.0,0.0,0.04500000000000004,0.04500000000000004,history
396,1,0,1,0.07421323556232366,3.75153103143581,9.6,12.6,0.48499999999999993,0.43249999999999994,7,0.5550000000000005,0.5549999999999999,0.09000000000000008,0.0,0.0,0.0,0.04500000000000004,0.04500000000000004,history
397,1,0,1,0.07418835656161174,3.8257193879974216,9.6,12.6,0.4775,0.4249999999999999,7,0.5550000000000005,0.5549999999999999,0.09000000000000008,0.0,0.0,0.0,0.04500000000000004,0.04500000000000004,history
398,1,0,1,0.07405225186812696,3.8997716398655484,9.6,12.6,0.4699999999999999,0.4174999999999999,7,0.5550000000000005,0.5549999999999999,0.09000000000000008,0.0,0.0,0.0,0.04500000000000004,0.04500000000000004,history
399,1,2,0,-0.23096202431662805,3.6688096155489203,9.6,12.6,0.46249999999999997,0.4924999999999999,7,0.5550000000000005,0.5549999999999999,0.09000000000000008,1.005,0.0,5.551115123125783e-17,0.04500000000000004,0.04500000000000004,history
400,1,0,0,-0.16598222498364115,3.502827390565279,9.6,12.6,0.455,0.48499999999999993,7,0.5550000000000005,0.5549999999999999,0.09000000000000008,0.0,0.0,0.0,0.04500000000000004,0.04500000000000004,history
401,1,0,1,0.07408953142408431,3.5769169219893633,9.6,12.6,0.44749999999999995,0.4775,7,0.5550000000000005,0.5549999999999999,0.09000000000000008,0.0,0.0,0.0,0.04500000000000004,0.04500000000000004,history
402,1,0,1,0.07405338163145707,3.6509703036208205,9.6,12.6,0.43999999999999995,0.4699999999999999,7,0.5550000000000005,0.5549999999999999,0.09000000000000008,0.0,0.0,0.0,0.04500000000000004,0.04500000000000004,history
403,1,0,1,0.07403271361375251,3.725003017234573,9.6,12.6,0.43249999999999994,0.4624999999999999,7,0.5550000000000005,0.5549999999999999,0.09000000000000008,0.0,0.0,0.0,0.04500000000000004,0.04500000000000004,history
404,1,0,1,0.07404445394671605,3.799047471181289,9.6,12.6,0.4249999999999999,0.4549999999999999,7,0.5550000000000005,0.5549999999999999,0.09000000000000008,0.0,0.0,0.0,0.04500000000000004,0.04500000000000004,history
405,1,1,1,0.009039000194761471,3.8080864713760505,9.6,12.6,0.4925,0.44749999999999984,7,0.5550000000000005,0.5549999999999999,0.09000000000000008,1.0499999999999996,0.0,0.0,0.04500000000000004,0.04500000000000004,history
406,1,0,1,0.07403629426513882,3.8821227656411894,9.6,12.6,0.48499999999999993,0.4399999999999999,7,0.5550000000000005,0.5549999999999999,0.09000000000000008,0.0,0.0,0.0,0.04500000000000004,0.04500000000000004,history
407,1,0,1,0.07406430950984486,3.956187075151034,9.6,12.6,0.4775,0.43249999999999994,7,0.5550000000000005,0.5549999999999999,0.09000000000000008,0.0,0.0,0.0,0.04500000000000004,0.04500000000000004,history
408,1,0,1,0.07418841972029701,4.0,9.6,12.6,0.4699999999999999,0.4249999999999999,7,0.5550000000000005,0.5549999999999999,0.09000000000000008,0.0,0.0,0.0,0.04500000000000004,0.04500000000000004,history
409,1,0,1,0.07403769513695801,4.0,9.6,12.6,0.46249999999999997,0.4174999999999999,7,0.5550000000000005,0.5549999999999999,0.09000000000000008,0.0,0.0,0.0,0.04500000000000004,0.04500000000000004,history
410,1,0,1,0.0740574855285502,4.0,9.6,12.6,0.455,0.40999999999999986,7,0.5550000000000005,0.5549999999999999,0.09000000000000008,0.0,0.0,0.0,0.04500000000000004,0.04500000000000004,history
411,1,0,1,0.07419826956235326,4.0,9.6,12.6,0.44749999999999995,0.40249999999999986,7,0.5550000000000005,0.5549999999999999,0.09000000000000008,0.0,0.0,0.0,0.04500000000000004,0.04500000000000004,history
412,1,0,1,0.07421108495590924,4.0,9.6,12.6,0.43999999999999995,0.39499999999999985,7,0.5550000000000005,0.5549999999999999,0.09000000000000008,0.0,0.0,0.0,0.04500000000000004,0.04500000000000004,history
413,1,0,1,0.07404793054522607,4.0,9.6,12.6,0.43249999999999994,0.3874999999999998,7,0.5550000000000005,0.5549999999999999,0.09000000000000008,0.0,0.0,0.0,0.04500000000000004,0.04500000000000004,history
414,1,0,1,0.07405776009906355,4.0,9.6,12.6,0.4249999999999999,0.37999999999999984,7,0.5550000000000005,0.5549999999999999,0.09000000000000008,0.0,0.0,0.0,0.04500000000000004,0.04500000000000004,history
415,1,0,1,0.07407986433666586,4.0,9.6,12.6,0.4174999999999999,0.37249999999999983,7,0.5550000000000005,0.5549999999999999,0.09000000000000008,0.0,0.0,0.0,0.04500000000000004,0.04500000000000004,history
416,1,0,1,0.0741940736302128,4.0,9.6,12.6,0.41,0.3649999999999998,7,0.5550000000000005,0.5549999999999999,0.09000000000000008,0.0,0.0,0.0,0.04500000000000004,0.04500000000000004,history
417,1,0,0,-0.16591919930445256,3.8340808006955474,9.6,12.6,0.4024999999999999,0.3574999999999999,7,0.5550000000000005,0.5549999999999999,0.09000000000000008,0.0,0.0,0.0,0.04500000000000004,0.04500000000000004,history
418,1,0,1,0.0742317847307433,3.9083125854262906,9.6,12.6,0.39499999999999996,0.3499999999999998,7,0.5550000000000005,0.5549999999999999,0.09000000000000008,0.0,0.0,0.0,0.04500000000000004,0.04500000000000004,history
419,1,0,1,0.07409026907764692,3.9824028545039374,9.6,12.6,0.3874999999999999,0.3424999999999998,7,0.5550000000000005,0.5549999999999999,0.09000000000000008,0.0,0.0,0.0,0.04500000000000004,0.04500000000000004,history
420,1,0,1,0.0742205941212039,4.0,9.6,12.6,0.3799999999999999,0.3349999999999998,7,0.5550000000000005,0.5549999999999999,0.09000000000000008,0.0,0.0,0.0,0.04500000000000004,0.04500000000000004,history
421,1,0,0,-0.16590507375848082,3.8340949262415194,9.6,12.6,0.3724999999999999,0.32749999999999974,7,0.5550000000000005,0.5549999999999999,0.09000000000000008,0.0,0.0,0.0,0.04500000000000004,0.04500000000000004,history
422,1,1,1,0.009122691940981463,3.843217618182501,9.6,12.6,0.4925,0.3199999999999998,7,0.5550000000000005,0.5549999999999999,0.09000000000000008,0.734999999999999,0.0,0.0,0.04500000000000004,0.04500000000000004,history
423,1,2,1,0.009071173474659317,3.85228879165716,9.6,12.6,0.48499999999999993,0.4924999999999999,7,0.5550000000000005,0.5549999999999999,0.09000000000000008,0.41999999999999904,0.0,5.551115123125783e-17,0.04500000000000004,0.04500000000000004,history
424,1,2,1,0.009180726306116913,3.8614695179632768,9.6,12.6,0.4775,0.4925,7,0.5550000000000005,0.5549999999999999,0.09000000000000008,1.4549999999999996,0.0,0.0,0.04500000000000004,0.04500000000000004,history
425,1,1,1,0.009188461456418674,3.8706579794196956,9.6,12.6,0.4924999999999999,0.48499999999999993,7,0.5550000000000005,0.5549999999999999,0.09000000000000008,1.3650000000000002,0.0,5.551115123125783e-17,0.04500000000000004,0.04500000000000004,history
426,1,0,0,-0.1658218064586256,3.70483617296107,9.6,12.6,0.48499999999999993,0.4775,7,0.5550000000000005,0.5549999999999999,0.09000000000000008,0.0,0.0,0.0,0.04500000000000004,0.04500000000000004,history
427,1,0,1,0.07416542750905239,3.7790016004701226,9.6,12.6,0.4775,0.4699999999999999,7,0.5550000000000005,0.5549999999999999,0.09000000000000008,0.0,0.0,0.0,0.04500000000000004,0.04500000000000004,history
428,1,0,0,-0.16588543316865875,3.613116167301464,9.6,12.6,0.4699999999999999,0.46249999999999997,7,0.5550000000000005,0.5549999999999999,0.09000000000000008,0.0,0.0,0.0,0.04500000000000004,0.04500000000000004,history
429,1,0,1,0.07410612448001246,3.6872222917814765,9.6,12.6,0.4624999999999999,0.455,7,0.5550000000000005,0.5549999999999999,0.09000000000000008,0.0,0.0,0.0,0.04500000000000004,0.04500000000000004,history
430,1,0,1,0.07409032976094111,3.7613126215424177,9.6,12.6,0.4549999999999999,0.44749999999999995,7,0.5550000000000005,0.5549999999999999,0.09000000000000008,0.0,0.0,0.0,0.04500000000000004,0.04500000000000004,history
431,1,0,1,0.0741241123859978,3.8354367339284154,9.6,12.6,0.44749999999999984,0.43999999999999995,7,0.5550000000000005,0.5549999999999999,0.09000000000000008,0.0,0.0,0.0,0.04500000000000004,0.04500000000000004,history
432,1,0,0,-0.1658737127261455,3.66956302120227,9.6,12.6,0.4399999999999999,0.43249999999999994,7,0.5550000000000005,0.5549999999999999,0.09000000000000008,0.0,0.0,0.0,0.04500000000000004,0.04500000000000004,history
433,1,0,1,0.07412071299345004,3.74368373419572,9.6,12.6,0.43249999999999994,0.4249999999999999,7,0.5550000000000005,0.5549999999999999,0.09000000000000008,0.0,0.0,0.0,0.04500000000000004,0.04500000000000004,history
434,1,0,1,0.07414785130502057,3.8178315855007408,9.6,12.6,0.4249999999999999,0.4174999999999999,7,0.5550000000000005,0.5549999999999999,0.09000000000000008,0.0,0.0,0.0,0.04500000000000004,0.04500000000000004,history
435,1,0,1,0.07419658728082666,3.8920281727815675,9.6,12.6,0.4174999999999999,0.41,7,0.5550000000000005,0.5549999999999999,0.09000000000000008,0.0,0.0,0.0,0.04500000000000004,0.04500000000000004,history
436,1,0,1,0.07413181895707771,3.966159991738645,9.6,12.6,0.40999999999999986,0.4024999999999999,7,0.5550000000000005,0.5549999999999999,0.09000000000000008,0.0,0.0,0.0,0.04500000000000004,0.04500000000000004,history
437,1,0,1,0.07412764388636513,4.0,9.6,12.6,0.40249999999999986,0.39499999999999996,7,0.5550000000000005,0.5549999999999999,0.09000000000000008,0.0,0.0,0.0,0.04500000000000004,0.04500000000000004,history
438,1,0,1,0.07417314576859137,4.0,9.6,12.6,0.39499999999999985,0.3874999999999999,7,0.5550000000000005,0.5549999999999999,0.09000000000000008,0.0,0.0,0.0,0.04500000000000004,0.04500000000000004,history
439,1,0,1,0.07415855723912337,4.0,9.6,12.6,0.3874999999999998,0.3799999999999999,7,0.5550000000000005,0.5549999999999999,0.09000000000000008,0.0,0.0,0.0,0.04500000000000004,0.04500000000000004,history
440,1,0,1,0.07412726299132331,4.0,9.6,12.6,0.37999999999999984,0.3724999999999999,7,0.5550000000000005,0.5549999999999999,0.09000000000000008,0.0,0.0,0.0,0.04500000000000004,0.04500000000000004,history
441,1,0,1,0.0741242079943567,4.0,9.6,12.6,0.37249999999999983,0.3649999999999998,7,0.5550000000000005,0.5549999999999999,0.09000000000000008,0.0,0.0,0.0,0.04500000000000004,0.04500000000000004,history
442,1,0,1,0.07414629578485549,4.0,9.6,12.6,0.3649999999999998,0.3574999999999999,7,0.5550000000000005,0.5549999999999999,0.09000000000000008,0.0,0.0,0.0,0.04500000000000004,0.04500000000000004,history
443,1,0,1,0.07413372989190405,4.0,9.6,12.6,0.3574999999999999,0.34999999999999987,7,0.5550000000000005,0.5549999999999999,0.09000000000000008,0.0,0.0,0.0,0.04500000000000004,0.04500000000000004,history
444,1,0,1,0.07419230984602217,4.0,9.6,12.6,0.3499999999999998,0.34249999999999986,7,0.5550000000000005,0.5549999999999999,0.09000000000000008,0.0,0.0,0.0,0.04500000000000004,0.04500000000000004,history
445,1,0,1,0.0741499586676867,4.0,9.6,12.6,0.3424999999999998,0.3349999999999999,7,0.5550000000000005,0.5549999999999999,0.09000000000000008,0.0,0.0,0.0,0.04500000000000004,0.04500000000000004,history
446,1,0,1,0.07418507223522106,4.0,9.6,12.6,0.3349999999999998,0.32749999999999985,7,0.5550000000000005,0.5549999999999999,0.09000000000000008,0.0,0.0,0.0,0.04500000000000004,0.04500000000000004,history
447,1,0,1,0.07418155605376778,4.0,9.6,12.6,0.32749999999999974,0.31999999999999984,7,0.5550000000000005,0.5549999999999999,0.09000000000000008,0.0,0.0,0.0,0.04500000000000004,0.04500000000000004,history
448,1,0,1,0.07418452033959744,4.0,9.6,12.6,0.3199999999999998,0.31249999999999983,7,0.5550000000000005,0.5549999999999999,0.09000000000000008,0.0,0.0,0.0,0.04500000000000004,0.04500000000000004,history
449,1,0,0,-0.1658758555508371,3.834124144449163,9.6,12.6,0.3124999999999998,0.30499999999999977,7,0.5550000000000005,0.5549999999999999,0.09000000000000008,0.0,0.0,0.0,0.04500000000000004,0.04500000000000004,history
450,1,0,0,-0.16586402652353532,3.6682601179256276,9.6,12.6,0.30499999999999977,0.2974999999999998,7,0.5550000000000005,0.5549999999999999,0.09000000000000008,0.0,0.0,0.0,0.04500000000000004,0.04500000000000004,history
451,1,0,1,0.07419317182187067,3.7424532897474982,9.6,12.6,0.2974999999999998,0.2899999999999998,7,0.5550000000000005,0.5549999999999999,0.09000000000000008,0.0,0.0,0.0,0.04500000000000004,0.04500000000000004,history
452,1,1,1,0.009161272166958855,3.751614561914457,9.6,12.6,0.4925,0.2824999999999998,7,0.5550000000000005,0.5549999999999999,0.09000000000000008,0.2849999999999986,0.0,0.0,0.04500000000000004,0.04500000000000004,history
453,1,0,1,0.07410555798646362,3.8257201199009208,9.6,12.6,0.48499999999999993,0.27499999999999986,7,0.5550000000000005,0.5549999999999999,0.09000000000000008,0.0,0.0,0.0,0.04500000000000004,0.04500000000000004,history
454,1,1,1,0.009088958333779823,3.8348090782347004,9.6,12.6,0.4925,0.2674999999999998,7,0.5550000000000005,0.5549999999999999,0.09000000000000008,1.41,0.0,0.0,0.04500000000000004,0.04500000000000004,history
455,1,1,1,0.00911508782789754,3.843924166062598,9.6,12.6,0.4925,0.2599999999999998,7,0.5550000000000005,0.5549999999999999,0.09000000000000008,1.4549999999999996,0.0,0.0,0.04500000000000004,0.04500000000000004,history
456,1,2,0,-0.23091498011248401,3.613009185950114,9.6,12.6,0.48499999999999993,0.4925,7,0.5550000000000005,0.5549999999999999,0.09000000000000008,0.05999999999999872,0.0,0.0,0.04500000000000004,0.04500000000000004,history
457,1,0,1,0.07412021740390733,3.6871294033540214,9.6,12.6,0.4775,0.48499999999999993,7,0.5550000000000005,0.5549999999999999,0.09000000000000008,0.0,0.0,0.0,0.04500000000000004,0.04500000000000004,history
458,1,0,1,0.07415763898933528,3.7612870423433566,9.6,12.6,0.4699999999999999,0.4775,7,0.5550000000000005,0.5549999999999999,0.09000000000000008,0.0,0.0,0.0,0.04500000000000004,0.04500000000000004,history
459,1,0,1,0.0740772150671383,3.835364257410495,9.6,12.6,0.46249999999999997,0.4699999999999999,7,0.5550000000000005,0.5549999999999999,0.09000000000000008,0.0,0.0,0.0,0.04500000000000004,0.04500000000000004,history
460,1,0,1,0.07413682353957028,3.909501080950065,9.6,12.6,0.455,0.46249999999999997,7,0.5550000000000005,0.5549999999999999,0.09000000000000008,0.0,0.0,0.0,0.04500000000000004,0.04500000000000004,history
461,1,0,1,0.07407383241301495,3.98357491336308,9.6,12.6,0.44749999999999995,0.455,7,0.5550000000000005,0.5549999999999999,0.09000000000000008,0.0,0.0,0.0,0.04500000000000004,0.04500000000000004,history
462,1,0,0,-0.16585449302421337,3.8177204203388664,9.6,12.6,0.43999999999999995,0.44749999999999995,7,0.5550000000000005,0.5549999999999999,0.09000000000000008,0.0,0.0,0.0,0.04500000000000004,0.04500000000000004,history
463,1,0,1,0.0740426469137825,3.891763067252649,9.6,12.6,0.43249999999999994,0.43999999999999995,7,0.5550000000000005,0.5549999999999999,0.09000000000000008,0.0,0.0,0.0,0.04500000000000004,0.04500000000000004,history
464,1,0,1,0.07415633089336701,3.9659193981460157,9.6,12.6,0.4249999999999999,0.43249999999999994,7,0.5550000000000005,0.5549999999999999,0.09000000000000008,0.0,0.0,0.0,0.04500000000000004,0.04500000000000004,history
465,1,0,1,0.07415132646698845,4.0,9.6,12.6,0.4174999999999999,0.4249999999999999,7,0.5550000000000005,0.5549999999999999,0.09000000000000008,0.0,0.0,0.0,0.04500000000000004,0.04500000000000004,history
466,1,0,1,0.07416726403543623,4.0,9.6,12.6,0.41,0.4174999999999999,7,0.5550000000000005,0.5549999999999999,0.09000000000000008,0.0,0.0,0.0,0.04500000000000004,0.04500000000000004,history
467,1,0,0,-0.16583442837131293,3.834165571628687,9.6,12.6,0.4024999999999999,0.41,7,0.5550000000000005,0.5549999999999999,0.09000000000000008,0.0,0.0,0.0,0.04500000000000004,0.04500000000000004,history
468,1,0,1,0.07419692018871776,3.908362491817405,9.6,12.6,0.39499999999999996,0.4024999999999999,7,0.5550000000000005,0.5549999999999999,0.09000000000000008,0.0,0.0,0.0,0.04500000000000004,0.04500000000000004,history
469,1,0,1,0.07404391399848352,3.9824064058158886,9.6,12.6,0.3874999999999999,0.39499999999999996,7,0.5550000000000005,0.5549999999999999,0.09000000000000008,0.0,0.0,0.0,0.04500000000000004,0.04500000000000004,history
470,1,0,1,0.07407773203398692,4.0,9.6,12.6,0.3799999999999999,0.3874999999999999,7,0.5550000000000005,0.5549999999999999,0.09000000000000008,0.0,0.0,0.0,0.04500000000000004,0.04500000000000004,history
471,1,0,1,0.07416826826978049,4.0,9.6,12.6,0.3724999999999999,0.3799999999999999,7,0.5550000000000005,0.5549999999999999,0.09000000000000008,0.0,0.0,0.0,0.04500000000000004,0.04500000000000004,history
472,1,0,1,0.07402204499756171,4.0,9.6,12.6,0.3649999999999998,0.3724999999999999,7,0.5550000000000005,0.5549999999999999,0.09000000000000008,0.0,0.0,0.0,0.04500000000000004,0.04500000000000004,history
473,1,0,1,0.07417316472004935,4.0,9.6,12.6,0.3574999999999999,0.3649999999999998,7,0.5550000000000005,0.5549999999999999,0.09000000000000008,0.0,0.0,0.0,0.04500000000000004,0.04500000000000004,history
474,1,0,1,0.07420814609467231,4.0,9.6,12.6,0.34999999999999987,0.3574999999999999,7,0.5550000000000005,0.5549999999999999,0.09000000000000008,0.0,0.0,0.0,0.04500000000000004,0.04500000000000004,history
475,1,2,1,0.009040714356676654,4.0,9.6,12.6,0.34249999999999986,0.4924999999999999,7,0.5550000000000005,0.5549999999999999,0.09000000000000008,0.6449999999999996,0.0,5.551115123125783e-17,0.04500000000000004,0.04500000000000004,history
476,1,0,0,-0.16580267042323266,3.8341973295767673,9.6,12.6,0.3349999999999999,0.48499999999999993,7,0.5550000000000005,0.5549999999999999,0.09000000000000008,0.0,0.0,0.0,0.04500000000000004,0.04500000000000004,history
477,1,0,1,0.07403953178411428,3.9082368613608818,9.6,12.6,0.32749999999999985,0.4775,7,0.5550000000000005,0.5549999999999999,0.09000000000000008,0.0,0.0,0.0,0.04500000000000004,0.04500000000000004,history
478,1,1,1,0.00921395107450639,3.917450812435388,9.6,12.6,0.4924999999999999,0.4699999999999999,7,0.5550000000000005,0.5549999999999999,0.09000000000000008,0.4649999999999994,0.0,5.551115123125783e-17,0.04500000000000004,0.04500000000000004,history
479,1,0,1,0.07401821610417976,3.9914690285395675,9.6,12.6,0.48499999999999993,0.4624999999999999,7,0.5550000000000005,0.5549999999999999,0.09000000000000008,0.0,0.0,0.0,0.04500000000000004,0.04500000000000004,history
480,1,2,1,0.009011607679906263,4.0,9.6,12.6,0.4775,0.4925,7,0.5550000000000005,0.5549999999999999,0.09000000000000008,1.2749999999999995,0.0,0.0,0.04500000000000004,0.04500000000000004,history
481,1,1,1,0.00897453869036866,4.0,9.6,12.6,0.4925,0.48499999999999993,7,0.5550000000000005,0.5549999999999999,0.09000000000000008,1.3649999999999995,0.0,0.0,0.04500000000000004,0.04500000000000004,history
482,1,0,0,-0.1660287446799327,3.8339712553200673,9.6,12.6,0.48499999999999993,0.4775,7,0.5550000000000005,0.5549999999999999,0.09000000000000008,0.0,0.0,0.0,0.04500000000000004,0.04500000000000004,history
483,1,0,1,0.07400348053796497,3.907974735858032,9.6,12.6,0.4775,0.4699999999999999,7,0.5550000000000005,0.5549999999999999,0.09000000000000008,0.0,0.0,0.0,0.04500000000000004,0.04500000000000004,history
484,1,1,0,-0.23090153162551239,3.67707320423252,9.6,12.6,0.4924999999999999,0.46249999999999997,7,0.5550000000000005,0.5549999999999999,0.09000000000000008,1.3650000000000002,0.0,5.551115123125783e-17,0.04500000000000004,0.04500000000000004,history
485,1,0,1,0.07399903853879108,3.751072242771311,9.6,12.6,0.48499999999999993,0.455,7,0.5550000000000005,0.5549999999999999,0.09000000000000008,0.0,0.0,0.0,0.04500000000000004,0.04500000000000004,history
486,1,0,1,0.07412055504489758,3.8251927978162086,9.6,12.6,0.4775,0.44749999999999995,7,0.5550000000000005,0.5549999999999999,0.09000000000000008,0.0,0.0,0.0,0.04500000000000004,0.04500000000000004,history
487,1,0,1,0.07413644376812666,3.899329241584335,9.6,12.6,0.4699999999999999,0.43999999999999995,7,0.5550000000000005,0.5549999999999999,0.09000000000000008,0.0,0.0,0.0,0.04500000000000004,0.04500000000000004,history
488,1,0,1,0.07414885740496058,3.9734780989892955,9.6,12.6,0.4624999999999999,0.43249999999999994,7,0.5550000000000005,0.5549999999999999,0.09000000000000008,0.0,0.0,0.0,0.04500000000000004,0.04500000000000004,history
489,1,0,1,0.07412589238917146,4.0,9.6,12.6,0.4549999999999999,0.4249999999999999,7,0.5550000000000005,0.5549999999999999,0.09000000000000008,0.0,0.0,0.0,0.04500000000000004,0.04500000000000004,history
490,1,0,1,0.07413058677833467,4.0,9.6,12.6,0.44749999999999984,0.4174999999999999,7,0.5550000000000005,0.5549999999999999,0.09000000000000008,0.0,0.0,0.0,0.04500000000000004,0.04500000000000004,history
491,1,0,1,0.07414459141201374,4.0,9.6,12.6,0.4399999999999999,0.41,7,0.5550000000000005,0.5549999999999999,0.09000000000000008,0.0,0.0,0.0,0.04500000000000004,0.04500000000000004,history
492,1,1,1,0.009125482357633738,4.0,9.6,12.6,0.4924999999999999,0.4024999999999999,7,0.5550000000000005,0.5549999999999999,0.09000000000000008,1.1399999999999997,0.0,5.551115123125783e-17,0.04500000000000004,0.04500000000000004,history
493,1,0,1,0.07407250066381328,4.0,9.6,12.6,0.48499999999999993,0.39499999999999996,7,0.5550000000000005,0.5549999999999999,0.09000000000000008,0.0,0.0,0.0,0.04500000000000004,0.04500000000000004,history
494,1,0,1,0.07408568289439575,4.0,9.6,12.6,0.4775,0.3874999999999999,7,0.5550000000000005,0.5549999999999999,0.09000000000000008,0.0,0.0,0.0,0.04500000000000004,0.04500000000000004,history
495,1,0,0,-0.16589995937687255,3.8341000406231274,9.6,12.6,0.4699999999999999,0.3799999999999999,7,0.5550000000000005,0.5549999999999999,0.09000000000000008,0.0,0.0,0.0,0.04500000000000004,0.04500000000000004,history
496,1,0,1,0.07411172162514801,3.9082117622482753,9.6,12.6,0.4624999999999999,0.3724999999999999,7,0.5550000000000005,0.5549999999999999,0.09000000000000008,0.0,0.0,0.0,0.04500000000000004,0.04500000000000004,history
497,1,0,1,0.07402314439137568,3.982234906639651,9.6,12.6,0.4549999999999999,0.3649999999999998,7,0.5550000000000005,0.5549999999999999,0.09000000000000008,0.0,0.0,0.0,0.04500000000000004,0.04500000000000004,history
498,1,0,1,0.0741327318004746,4.0,9.6,12.6,0.44749999999999984,0.3574999999999999,7,0.5550000000000005,0.5549999999999999,0.09000000000000008,0.0,0.0,0.0,0.04500000000000004,0.04500000000000004,history
499,1,0,1,0.07408800132888785,4.0,9.6,12.6,0.4399999999999999,0.34999999999999987,7,0.5550000000000005,0.5549999999999999,0.09000000000000008,0.0,0.0,0.0,0.04500000000000004,0.04500000000000004,history
500,1,0,1,0.07399391227173861,4.0,9.6,12.6,0.43249999999999994,0.34249999999999986,7,0.5550000000000005,0.5549999999999999,0.09000000000000008,0.0,0.0,0.0,0.04500000000000004,0.04500000000000004,history
501,1,0,1,0.07408315735295944,4.0,9.6,12.6,0.4249999999999999,0.3349999999999999,7,0.5550000000000005,0.5549999999999999,0.09000000000000008,0.0,0.0,0.0,0.04500000000000004,0.04500000000000004,history
502,1,0,1,0.0740392581596585,4.0,9.6,12.6,0.4174999999999999,0.32749999999999985,7,0.5550000000000005,0.5549999999999999,0.09000000000000008,0.0,0.0,0.0,0.04500000000000004,0.04500000000000004,history
503,1,0,1,0.07411489959966923,4.0,9.6,12.6,0.40999999999999986,0.31999999999999984,7,0.5550000000000005,0.5549999999999999,0.09000000000000008,0.0,0.0,0.0,0.04500000000000004,0.04500000000000004,history
504,1,0,0,-0.1659440502179318,3.8340559497820683,9.6,12.6,0.40249999999999986,0.31249999999999983,7,0.5550000000000005,0.5549999999999999,0.09000000000000008,0.0,0.0,0.0,0.04500000000000004,0.04500000000000004,history
505,1,0,0,-0.16596523446138908,3.6680907153206794,9.6,12.6,0.39499999999999985,0.30499999999999977,7,0.5550000000000005,0.5549999999999999,0.09000000000000008,0.0,0.0,0.0,0.04500000000000004,0.04500000000000004,history
506,1,0,1,0.07407096537522868,3.742161680695908,9.6,12.6,0.3874999999999998,0.2974999999999998,7,0.5550000000000005,0.5549999999999999,0.09000000000000008,0.0,0.0,0.0,0.04500000000000004,0.04500000000000004,history
507,1,0,1,0.07411908165831828,3.8162807623542263,9.6,12.6,0.37999999999999984,0.2899999999999998,7,0.5550000000000005,0.5549999999999999,0.09000000000000008,0.0,0.0,0.0,0.04500000000000004,0.04500000000000004,history
508,1,0,1,0.07406692461695318,3.8903476869711793,9.6,12.6,0.37249999999999983,0.2824999999999998,7,0.5550000000000005,0.5549999999999999,0.09000000000000008,0.0,0.0,0.0,0.04500000000000004,0.04500000000000004,history
509,1,1,1,0.009092161386273927,3.8994398483574533,9.6,12.6,0.4925,0.27499999999999986,7,0.5550000000000005,0.5549999999999999,0.09000000000000008,0.734999999999999,0.0,0.0,0.04500000000000004,0.04500000000000004,history
510,1,0,1,0.07406719801182333,3.9735070463692765,9.6,12.6,0.48499999999999993,0.2674999999999998,7,0.5550000000000005,0.5549999999999999,0.09000000000000008,0.0,0.0,0.0,0.04500000000000004,0.04500000000000004,history
511,1,0,1,0.07404387024233866,4.0,9.6,12.6,0.4775,0.2599999999999998,7,0.5550000000000005,0.5549999999999999,0.09000000000000008,0.0,0.0,0.0,0.04500000000000004,0.04500000000000004,history
512,1,0,0,-0.1659688737127264,3.8340311262872735,9.6,12.6,0.4699999999999999,0.2524999999999998,8,0.5550000000000005,0.5549999999999999,0.09000000000000008,0.0,0.0,0.0,0.04500000000000004,0.04500000000000004,history
513,1,1,1,0.009055264339971614,3.843086390627245,9.6,12.6,0.4925,0.24499999999999975,8,0.5550000000000005,0.5549999999999999,0.09000000000000008,1.3199999999999998,0.0,0.0,0.04500000000000004,0.04500000000000004,history
514,1,2,1,0.00901474098861528,3.8521011316158607,9.6,12.6,0.48499999999999993,0.48749999999999977,8,0.5550000000000005,0.5549999999999999,0.09000000000000008,0.0,0.0,0.0,0.04500000000000004,0.04500000000000004,history
515,1,0,1,0.07401364857345755,3.926114780189318,9.6,12.6,0.4775,0.4799999999999997,8,0.5550000000000005,0.5549999999999999,0.09000000000000008,0.0,0.0,0.0,0.04500000000000004,0.04500000000000004,history
516,1,0,1,0.07401458389271516,4.0,9.6,12.6,0.4699999999999999,0.47249999999999975,8,0.5550000000000005,0.5549999999999999,0.09000000000000008,0.0,0.0,0.0,0.04500000000000004,0.04500000000000004,history
517,1,0,1,0.07403588138801989,4.0,9.6,12.6,0.46249999999999997,0.4649999999999998,8,0.5550000000000005,0.5549999999999999,0.09000000000000008,0.0,0.0,0.0,0.04500000000000004,0.04500000000000004,history
518,1,0,1,0.07402069709105423,4.0,9.6,12.6,0.455,0.45749999999999974,8,0.5550000000000005,0.5549999999999999,0.09000000000000008,0.0,0.0,0.0,0.04500000000000004,0.04500000000000004,history
519,1,0,1,0.07399763659851626,4.0,9.6,12.6,0.44749999999999995,0.44999999999999973,8,0.5550000000000005,0.5549999999999999,0.09000000000000008,0.0,0.0,0.0,0.04500000000000004,0.04500000000000004,history
520,1,0,0,-0.1659934758790137,3.834006524120986,9.6,12.6,0.43999999999999995,0.4424999999999997,8,0.5550000000000005,0.5549999999999999,0.09000000000000008,0.0,0.0,0.0,0.04500000000000004,0.04500000000000004,history
521,1,0,1,0.07403844078266855,3.9080449649036546,9.6,12.6,0.43249999999999994,0.43499999999999966,8,0.5550000000000005,0.5549999999999999,0.09000000000000008,0.0,0.0,0.0,0.04500000000000004,0.04500000000000004,history
522,1,0,1,0.07406353283340977,3.982108497737064,9.6,12.6,0.4249999999999999,0.4274999999999997,8,0.5550000000000005,0.5549999999999999,0.09000000000000008,0.0,0.0,0.0,0.04500000000000004,0.04500000000000004,history
523,1,0,1,0.07403669748789589,4.0,9.6,12.6,0.4174999999999999,0.41999999999999976,8,0.5550000000000005,0.5549999999999999,0.09000000000000008,0.0,0.0,0.0,0.04500000000000004,0.04500000000000004,history
524,1,0,1,0.07400878848453411,4.0,9.6,12.6,0.41,0.4124999999999997,8,0.5550000000000005,0.5549999999999999,0.09000000000000008,0.0,0.0,0.0,0.04500000000000004,0.04500000000000004,history
525,1,0,1,0.07400454620637674,4.0,9.6,12.6,0.4024999999999999,0.40499999999999975,8,0.5550000000000005,0.5549999999999999,0.09000000000000008,0.0,0.0,0.0,0.04500000000000004,0.04500000000000004,history
526,1,0,1,0.07400488370492768,4.0,9.6,12.6,0.39499999999999996,0.3974999999999997,8,0.5550000000000005,0.5549999999999999,0.09000000000000008,0.0,0.0,0.0,0.04500000000000004,0.04500000000000004,history
527,1,0,1,0.0740173467715402,4.0,9.6,12.6,0.3874999999999999,0.3899999999999997,8,0.5550000000000005,0.5549999999999999,0.09000000000000008,0.0,0.0,0.0,0.04500000000000004,0.04500000000000004,history
528,1,0,0,-0.16591676942494485,3.834083230575055,9.6,12.6,0.3799999999999999,0.3824999999999997,8,0.5550000000000005,0.5549999999999999,0.09000000000000008,0.0,0.0,0.0,0.04500000000000004,0.04500000000000004,history
529,1,0,1,0.07404598763393241,3.9081292182089875,9.6,12.6,0.3724999999999999,0.3749999999999996,8,0.5550000000000005,0.5549999999999999,0.09000000000000008,0.0,0.0,0.0,0.04500000000000004,0.04500000000000004,history
530,1,0,1,0.07407332636421433,3.9822025445732017,9.6,12.6,0.3649999999999998,0.36749999999999966,8,0.5550000000000005,0.5549999999999999,0.09000000000000008,0.0,0.0,0.0,0.04500000000000004,0.04500000000000004,history
531,1,0,1,0.07409206594513894,4.0,9.6,12.6,0.3574999999999999,0.35999999999999965,8,0.5550000000000005,0.5549999999999999,0.09000000000000008,0.0,0.0,0.0,0.04500000000000004,0.04500000000000004,history
532,1,0,1,0.07406764215436593,4.0,9.6,12.6,0.34999999999999987,0.35249999999999965,8,0.5550000000000005,0.5549999999999999,0.09000000000000008,0.0,0.0,0.0,0.04500000000000004,0.04500000000000004,history
533,1,0,1,0.07408634253566587,4.0,9.6,12.6,0.34249999999999986,0.3449999999999997,8,0.5550000000000005,0.5549999999999999,0.09000000000000008,0.0,0.0,0.0,0.04500000000000004,0.04500000000000004,history
534,1,0,1,0.07403577871343293,4.0,9.6,12.6,0.3349999999999999,0.33749999999999963,8,0.5550000000000005,0.5549999999999999,0.09000000000000008,0.0,0.0,0.0,0.04500000000000004,0.04500000000000004,history
535,1,0,1,0.07402473311803726,4.0,9.6,12.6,0.32749999999999985,0.3299999999999996,8,0.5550000000000005,0.5549999999999999,0.09000000000000008,0.0,0.0,0.0,0.04500000000000004,0.04500000000000004,history
536,1,0,1,0.07398637324255734,4.0,9.6,12.6,0.31999999999999984,0.3224999999999996,8,0.5550000000000005,0.5549999999999999,0.09000000000000008,0.0,0.0,0.0,0.04500000000000004,0.04500000000000004,history
537,1,0,1,0.07410506879499301,4.0,9.6,12.6,0.31249999999999983,0.31499999999999956,8,0.5550000000000005,0.5549999999999999,0.09000000000000008,0.0,0.0,0.0,0.04500000000000004,0.04500000000000004,history
538,1,0,1,0.07404187546087249,4.0,9.6,12.6,0.30499999999999977,0.3074999999999996,8,0.5550000000000005,0.5549999999999999,0.09000000000000008,0.0,0.0,0.0,0.04500000000000004,0.04500000000000004,history
539,1,0,1,0.07409483263728783,4.0,9.6,12.6,0.2974999999999998,0.2999999999999996,8,0.5550000000000005,0.5549999999999999,0.09000000000000008,0.0,0.0,0.0,0.04500000000000004,0.04500000000000004,history
540,1,2,1,0.00898944936977042,4.0,9.6,12.6,0.2899999999999998,0.4925,8,0.5550000000000005,0.5549999999999999,0.09000000000000008,0.2999999999999976,0.0,0.0,0.04500000000000004,0.04500000000000004,history
541,1,0,1,0.07397902118105673,4.0,9.6,12.6,0.2824999999999998,0.48499999999999993,8,0.5550000000000005,0.5549999999999999,0.09000000000000008,0.0,0.0,0.0,0.04500000000000004,0.04500000000000004,history
542,1,0,1,0.07409855001214721,4.0,9.6,12.6,0.27499999999999986,0.4775,8,0.5550000000000005,0.5549999999999999,0.09000000000000008,0.0,0.0,0.0,0.04500000000000004,0.04500000000000004,history
543,1,2,1,0.009125052665706533,4.0,9.6,12.6,0.2674999999999998,0.4924999999999999,8,0.5550000000000005,0.5549999999999999,0.09000000000000008,1.3650000000000002,0.0,5.551115123125783e-17,0.04500000000000004,0.04500000000000004,history
544,1,0,0,-0.16598980264741656,3.8340101973525833,9.6,12.6,0.2599999999999998,0.48499999999999993,8,0.5550000000000005,0.5549999999999999,0.09000000000000008,0.0,0.0,0.0,0.04500000000000004,0.04500000000000004,history
545,1,0,0,-0.16605694561619397,3.6679532517363893,9.6,12.6,0.2524999999999998,0.4775,8,0.5550000000000005,0.5549999999999999,0.09000000000000008,0.0,0.0,0.0,0.04500000000000004,0.04500000000000004,history
546,1,0,1,0.07399021422739069,3.74194346596378,9.6,12.6,0.24499999999999975,0.4699999999999999,8,0.5550000000000005,0.5549999999999999,0.09000000000000008,0.0,0.0,0.0,0.04500000000000004,0.04500000000000004,history
547,1,0,1,0.07415299565857238,3.8160964616223523,9.6,12.6,0.2374999999999998,0.4624999999999999,8,0.5550000000000005,0.5549999999999999,0.09000000000000008,0.0,0.0,0.0,0.04500000000000004,0.04500000000000004,history
548,1,2,1,0.009121905939439331,3.8252183675617917,9.6,12.6,0.22999999999999976,0.4925,8,0.5550000000000005,0.5549999999999999,0.09000000000000008,1.2749999999999995,0.0,0.0,0.04500000000000004,0.04500000000000004,history
549,1,0,1,0.07396189446271845,3.89918026202451,9.6,12.6,0.22249999999999973,0.48499999999999993,8,0.5550000000000005,0.5549999999999999,0.09000000000000008,0.0,0.0,0.0,0.04500000000000004,0.04500000000000004,history
550,1,0,1,0.07393574737631078,3.9731160094008207,9.6,12.6,0.21499999999999977,0.4775,8,0.5550000000000005,0.5549999999999999,0.09000000000000008,0.0,0.0,0.0,0.04500000000000004,0.04500000000000004,history
551,1,0,1,0.0739799676034518,4.0,9.6,12.6,0.20749999999999977,0.4699999999999999,8,0.5550000000000005,0.5549999999999999,0.09000000000000008,0.0,0.0,0.0,0.04500000000000004,0.04500000000000004,history
552,1,0,1,0.073959943836411,4.0,9.6,12.6,0.19999999999999973,0.46249999999999997,8,0.5550000000000005,0.5549999999999999,0.09000000000000008,0.0,0.0,0.0,0.04500000000000004,0.04500000000000004,history
553,1,1,1,0.008922725067107333,4.0,9.6,12.6,0.4424999999999997,0.455,8,0.5550000000000005,0.5549999999999999,0.09000000000000008,0.0,0.0,0.0,0.04500000000000004,0.04500000000000004,history
554,1,0,1,0.07402357063545191,4.0,9.6,12.6,0.43499999999999966,0.44749999999999995,8,0.5550000000000005,0.5549999999999999,0.09000000000000008,0.0,0.0,0.0,0.04500000000000004,0.04500000000000004,history
555,1,0,1,0.07405714008559532,4.0,9.6,12.6,0.4274999999999997,0.43999999999999995,8,0.5550000000000005,0.5549999999999999,0.09000000000000008,0.0,0.0,0.0,0.04500000000000004,0.04500000000000004,history
556,1,1,1,0.00903119221543687,4.0,9.6,12.6,0.4924999999999999,0.43249999999999994,8,0.5550000000000005,0.5549999999999999,0.09000000000000008,1.0649999999999986,0.0,5.551115123125783e-17,0.04500000000000004,0.04500000000000004,history
557,1,0,1,0.07402099490827378,4.0,9.6,12.6,0.48499999999999993,0.4249999999999999,8,0.5550000000000005,0.5549999999999999,0.09000000000000008,0.0,0.0,0.0,0.04500000000000004,0.04500000000000004,history
558,1,0,1,0.07398055917076747,4.0,9.6,12.6,0.4775,0.4174999999999999,8,0.5550000000000005,0.5549999999999999,0.09000000000000008,0.0,0.0,0.0,0.04500000000000004,0.04500000000000004,history
559,1,0,1,0.07395640277148234,4.0,9.6,12.6,0.4699999999999999,0.41,8,0.5550000000000005,0.5549999999999999,0.09000000000000008,0.0,0.0,0.0,0.04500000000000004,0.04500000000000004,history
560,1,2,1,0.009017549458672527,4.0,9.6,12.6,0.4624999999999999,0.4925,8,0.5550000000000005,0.5549999999999999,0.09000000000000008,0.9599999999999995,0.0,0.0,0.04500000000000004,0.04500000000000004,history
561,1,0,1,0.07399948491094219,4.0,9.6,12.6,0.4549999999999999,0.48499999999999993,8,0.5550000000000005,0.5549999999999999,0.09000000000000008,0.0,0.0,0.0,0.04500000000000004,0.04500000000000004,history
562,1,0,1,0.07399474098741182,4.0,9.6,12.6,0.44749999999999984,0.4775,8,0.5550000000000005,0.5549999999999999,0.09000000000000008,0.0,0.0,0.0,0.04500000000000004,0.04500000000000004,history
563,1,0,1,0.07403198136052756,4.0,9.6,12.6,0.4399999999999999,0.4699999999999999,8,0.5550000000000005,0.5549999999999999,0.09000000000000008,0.0,0.0,0.0,0.04500000000000004,0.04500000000000004,history
564,1,0,1,0.07398180061617793,4.0,9.6,12.6,0.43249999999999994,0.46249999999999997,8,0.5550000000000005,0.5549999999999999,0.09000000000000008,0.0,0.0,0.0,0.04500000000000004,0.04500000000000004,history
565,1,0,1,0.07402440122233392,4.0,9.6,12.6,0.4249999999999999,0.455,8,0.5550000000000005,0.5549999999999999,0.09000000000000008,0.0,0.0,0.0,0.04500000000000004,0.04500000000000004,history
566,1,0,0,-0.16599336266412706,3.834006637335873,9.6,12.6,0.4174999999999999,0.44749999999999995,8,0.5550000000000005,0.5549999999999999,0.09000000000000008,0.0,0.0,0.0,0.04500000000000004,0.04500000000000004,history
567,1,0,1,0.07402173253824572,3.9080283698741187,9.6,12.6,0.40999999999999986,0.43999999999999995,8,0.5550000000000005,0.5549999999999999,0.09000000000000008,0.0,0.0,0.0,0.04500000000000004,0.04500000000000004,history
568,1,0,1,0.07392206567533773,3.9819504355494564,9.6,12.6,0.40249999999999986,0.43249999999999994,8,0.5550000000000005,0.5549999999999999,0.09000000000000008,0.0,0.0,0.0,0.04500000000000004,0.04500000000000004,history
569,1,0,1,0.07404227165645039,4.0,9.6,12.6,0.39499999999999985,0.4249999999999999,8,0.5550000000000005,0.5549999999999999,0.09000000000000008,0.0,0.0,0.0,0.04500000000000004,0.04500000000000004,history
570,1,0,1,0.07402093296236552,4.0,9.6,12.6,0.3874999999999998,0.4174999999999999,8,0.5550000000000005,0.5549999999999999,0.09000000000000008,0.0,0.0,0.0,0.04500000000000004,0.04500000000000004,history
571,1,0,1,0.07392065788148193,4.0,9.6,12.6,0.37999999999999984,0.41,8,0.5550000000000005,0.5549999999999999,0.09000000000000008,0.0,0.0,0.0,0.04500000000000004,0.04500000000000004,history
572,1,0,1,0.07393135055263407,4.0,9.6,12.6,0.37249999999999983,0.4024999999999999,8,0.5550000000000005,0.5549999999999999,0.09000000000000008,0.0,0.0,0.0,0.04500000000000004,0.04500000000000004,history
573,1,2,1,0.008913145726441854,4.0,9.6,12.6,0.3649999999999998,0.4925,8,0.5550000000000005,0.5549999999999999,0.09000000000000008,0.9149999999999991,0.0,0.0,0.04500000000000004,0.04500000000000004,history
574,1,2,1,0.008921594430126741,4.0,9.6,12.6,0.3574999999999999,0.4925,8,0.5550000000000005,0.5549999999999999,0.09000000000000008,1.4549999999999996,0.0,0.0,0.04500000000000004,0.04500000000000004,history
575,1,2,1,0.009043109429318867,4.0,9.6,12.6,0.3499999999999998,0.4925,8,0.5550000000000005,0.5549999999999999,0.09000000000000008,1.4549999999999996,0.0,0.0,0.04500000000000004,0.04500000000000004,history
576,1,2,1,0.009008072345910658,4.0,9.6,12.6,0.3424999999999998,0.4925,8,0.5550000000000005,0.5549999999999999,0.09000000000000008,1.4549999999999996,0.0,0.0,0.04500000000000004,0.04500000000000004,history
577,1,0,1,0.07403879327156222,4.0,9.6,12.6,0.3349999999999998,0.48499999999999993,8,0.5550000000000005,0.5549999999999999,0.09000000000000008,0.0,0.0,0.0,0.04500000000000004,0.04500000000000004,history
578,1,0,1,0.07394560073660632,4.0,9.6,12.6,0.32749999999999974,0.4775,8,0.5550000000000005,0.5549999999999999,0.09000000000000008,0.0,0.0,0.0,0.04500000000000004,0.04500000000000004,history
579,1,0,1,0.07405872700216361,4.0,9.6,12.6,0.3199999999999998,0.4699999999999999,8,0.5550000000000005,0.5549999999999999,0.09000000000000008,0.0,0.0,0.0,0.04500000000000004,0.04500000000000004,history
580,1,0,1,0.07391369165072645,4.0,9.6,12.6,0.3124999999999998,0.46249999999999997,8,0.5550000000000005,0.5549999999999999,0.09000000000000008,0.0,0.0,0.0,0.04500000000000004,0.04500000000000004,history
581,1,0,1,0.0740252079479061,4.0,9.6,12.6,0.30499999999999977,0.455,8,0.5550000000000005,0.5549999999999999,0.09000000000000008,0.0,0.0,0.0,0.04500000000000004,0.04500000000000004,history
582,1,0,1,0.07393330317047808,4.0,9.6,12.6,0.2974999999999998,0.44749999999999995,8,0.5550000000000005,0.5549999999999999,0.09000000000000008,0.0,0.0,0.0,0.04500000000000004,0.04500000000000004,history
583,1,0,1,0.0739190500847895,4.0,9.6,12.6,0.28999999999999976,0.43999999999999995,8,0.5550000000000005,0.5549999999999999,0.09000000000000008,0.0,0.0,0.0,0.04500000000000004,0.04500000000000004,history
584,1,0,1,0.07393415285697219,4.0,9.6,12.6,0.28249999999999975,0.43249999999999994,8,0.5550000000000005,0.5549999999999999,0.09000000000000008,0.0,0.0,0.0,0.04500000000000004,0.04500000000000004,history
585,1,0,1,0.07392716720327837,4.0,9.6,12.6,0.27499999999999974,0.4249999999999999,8,0.5550000000000005,0.5549999999999999,0.09000000000000008,0.0,0.0,0.0,0.04500000000000004,0.04500000000000004,history
586,1,0,1,0.0740692874746204,4.0,9.6,12.6,0.2674999999999997,0.4174999999999999,8,0.5550000000000005,0.5549999999999999,0.09000000000000008,0.0,0.0,0.0,0.04500000000000004,0.04500000000000004,history
587,1,0,1,0.0739270930403512,4.0,9.6,12.6,0.25999999999999973,0.41,8,0.5550000000000005,0.5549999999999999,0.09000000000000008,0.0,0.0,0.0,0.04500000000000004,0.04500000000000004,history
588,1,0,1,0.07406435064376687,4.0,9.6,12.6,0.2524999999999997,0.4024999999999999,8,0.5550000000000005,0.5549999999999999,0.09000000000000008,0.0,0.0,0.0,0.04500000000000004,0.04500000000000004,history
589,1,0,1,0.07405343428482393,4.0,9.6,12.6,0.2449999999999997,0.39499999999999996,8,0.5550000000000005,0.5549999999999999,0.09000000000000008,0.0,0.0,0.0,0.04500000000000004,0.04500000000000004,history
590,1,2,1,0.009041611798529083,4.0,9.6,12.6,0.23749999999999974,0.4925,8,0.5550000000000005,0.5549999999999999,0.09000000000000008,0.8699999999999994,0.0,0.0,0.04500000000000004,0.04500000000000004,history
591,1,2,1,0.008894128628626572,4.0,9.6,12.6,0.22999999999999973,0.4925,8,0.5550000000000005,0.5549999999999999,0.09000000000000008,1.4549999999999996,0.0,0.0,0.04500000000000004,0.04500000000000004,history
592,1,0,1,0.07401046575111551,4.0,9.6,12.6,0.2224999999999997,0.48499999999999993,8,0.5550000000000005,0.5549999999999999,0.09000000000000008,0.0,0.0,0.0,0.04500000000000004,0.04500000000000004,history
593,1,0,1,0.07404275617473784,4.0,9.6,12.6,0.21499999999999966,0.4775,8,0.5550000000000005,0.5549999999999999,0.09000000000000008,0.0,0.0,0.0,0.04500000000000004,0.04500000000000004,history
594,1,0,1,0.07403926839045992,4.0,9.6,12.6,0.20749999999999966,0.4699999999999999,8,0.5550000000000005,0.5549999999999999,0.09000000000000008,0.0,0.0,0.0,0.04500000000000004,0.04500000000000004,history
595,1,1,1,0.009029585141078692,4.0,9.6,12.6,0.4499999999999997,0.46249999999999997,8,0.5550000000000005,0.5549999999999999,0.09000000000000008,0.0,0.0,0.0,0.04500000000000004,0.04500000000000004,history
596,1,0,0,-0.1661213781811134,3.8338786218188865,9.6,12.6,0.4424999999999997,0.455,8,0.5550000000000005,0.5549999999999999,0.09000000000000008,0.0,0.0,0.0,0.04500000000000004,0.04500000000000004,history
597,1,0,1,0.07395580829833819,3.9078344301172248,9.6,12.6,0.43499999999999966,0.44749999999999995,8,0.5550000000000005,0.5549999999999999,0.09000000000000008,0.0,0.0,0.0,0.04500000000000004,0.04500000000000004,history
598,1,0,1,0.07392494900111556,3.98175937911834,9.6,12.6,0.4274999999999997,0.43999999999999995,8,0.5550000000000005,0.5549999999999999,0.09000000000000008,0.0,0.0,0.0,0.04500000000000004,0.04500000000000004,history
599,1,0,1,0.07399885163303699,4.0,9.6,12.6,0.41999999999999965,0.43249999999999994,8,0.5550000000000005,0.5549999999999999,0.09000000000000008,0.0,0.0,0.0,0.04500000000000004,0.04500000000000004,history
600,1,0,1,0.073844673015941,4.0,9.6,12.6,0.41249999999999964,0.4249999999999999,8,0.5550000000000005,0.5549999999999999,0.09000000000000008,0.0,0.0,0.0,0.04500000000000004,0.04500000000000004,history
601,1,0,1,0.07393240189377816,4.0,9.6,12.6,0.40499999999999964,0.4174999999999999,8,0.5550000000000005,0.5549999999999999,0.09000000000000008,0.0,0.0,0.0,0.04500000000000004,0.04500000000000004,history
602,1,2,1,0.008942150618000765,4.0,9.6,12.6,0.3974999999999996,0.4924999999999999,8,0.5550000000000005,0.5549999999999999,0.09000000000000008,1.005,0.0,5.551115123125783e-17,0.04500000000000004,0.04500000000000004,history
603,1,0,1,0.07389150497744122,4.0,9.6,12.6,0.3899999999999996,0.48499999999999993,8,0.5550000000000005,0.5549999999999999,0.09000000000000008,0.0,0.0,0.0,0.04500000000000004,0.04500000000000004,history
604,1,0,1,0.07392339278840518,4.0,9.6,12.6,0.3824999999999996,0.4775,8,0.5550000000000005,0.5549999999999999,0.09000000000000008,0.0,0.0,0.0,0.04500000000000004,0.04500000000000004,history
605,1,2,1,0.00892896362191556,4.0,9.6,12.6,0.3749999999999996,0.4925,8,0.5550000000000005,0.5549999999999999,0.09000000000000008,1.3649999999999998,0.0,0.0,0.04500000000000004,0.04500000000000004,history
606,1,0,1,0.07387784861406972,4.0,9.6,12.6,0.36749999999999966,0.48499999999999993,8,0.5550000000000005,0.5549999999999999,0.09000000000000008,0.0,0.0,0.0,0.04500000000000004,0.04500000000000004,history
607,1,0,1,0.07393914108355401,4.0,9.6,12.6,0.3599999999999996,0.4775,8,0.5550000000000005,0.5549999999999999,0.09000000000000008,0.0,0.0,0.0,0.04500000000000004,0.04500000000000004,history
608,1,2,1,0.008942244876594277,4.0,9.6,12.6,0.3524999999999996,0.4924999999999999,8,0.5550000000000005,0.5549999999999999,0.09000000000000008,1.3650000000000002,0.0,5.551115123125783e-17,0.04500000000000004,0.04500000000000004,history
609,1,0,1,0.07387078006460222,4.0,9.6,12.6,0.3449999999999996,0.48499999999999993,8,0.5550000000000005,0.5549999999999999,0.09000000000000008,0.0,0.0,0.0,0.04500000000000004,0.04500000000000004,history
610,1,1,1,0.008930437852223869,4.0,9.6,12.6,0.4925,0.4775,8,0.5550000000000005,0.5549999999999999,0.09000000000000008,0.5699999999999972,0.0,0.0,0.04500000000000004,0.04500000000000004,history
611,1,0,1,0.07387712445684871,4.0,9.6,12.6,0.48499999999999993,0.4699999999999999,8,0.5550000000000005,0.5549999999999999,0.09000000000000008,0.0,0.0,0.0,0.04500000000000004,0.04500000000000004,history
612,1,0,1,0.07388372955707724,4.0,9.6,12.6,0.4775,0.4624999999999999,8,0.5550000000000005,0.5549999999999999,0.09000000000000008,0.0,0.0,0.0,0.04500000000000004,0.04500000000000004,history
613,1,0,0,-0.16611737398907728,3.8338826260109227,9.6,12.6,0.4699999999999999,0.4549999999999999,8,0.5550000000000005,0.5549999999999999,0.09000000000000008,0.0,0.0,0.0,0.04500000000000004,0.04500000000000004,history
614,1,2,0,-0.23112584924605012,3.6027567767648727,9.6,12.6,0.46249999999999997,0.4925,8,0.5550000000000005,0.5549999999999999,0.09000000000000008,1.229999999999999,0.0,0.0,0.04500000000000004,0.04500000000000004,history
615,1,0,1,0.07388219443638323,3.676638971201256,9.6,12.6,0.455,0.48499999999999993,8,0.5550000000000005,0.5549999999999999,0.09000000000000008,0.0,0.0,0.0,0.04500000000000004,0.04500000000000004,history
616,1,0,1,0.07386930923455375,3.7505082804358096,9.6,12.6,0.44749999999999995,0.4775,8,0.5550000000000005,0.5549999999999999,0.09000000000000008,0.0,0.0,0.0,0.04500000000000004,0.04500000000000004,history
617,1,0,1,0.07386633183926093,3.8243746122750704,9.6,12.6,0.43999999999999995,0.4699999999999999,8,0.5550000000000005,0.5549999999999999,0.09000000000000008,0.0,0.0,0.0,0.04500000000000004,0.04500000000000004,history
618,1,2,0,-0.2311031324441728,3.5932714798308973,9.6,12.6,0.43249999999999994,0.4925,8,0.5550000000000005,0.5549999999999999,0.09000000000000008,1.3199999999999998,0.0,0.0,0.04500000000000004,0.04500000000000004,history
619,1,0,1,0.07388320835641246,3.66715468818731,9.6,12.6,0.4249999999999999,0.48499999999999993,8,0.5550000000000005,0.5549999999999999,0.09000000000000008,0.0,0.0,0.0,0.04500000000000004,0.04500000000000004,history
620,1,0,1,0.07385840497493022,3.74101309316224,9.6,12.6,0.4174999999999999,0.4775,8,0.5550000000000005,0.5549999999999999,0.09000000000000008,0.0,0.0,0.0,0.04500000000000004,0.04500000000000004,history
621,1,0,1,0.07389673861373733,3.814909831775977,9.6,12.6,0.41,0.4699999999999999,8,0.5550000000000005,0.5549999999999999,0.09000000000000008,0.0,0.0,0.0,0.04500000000000004,0.04500000000000004,history
622,1,0,1,0.07391879731109467,3.888828629087072,9.6,12.6,0.4024999999999999,0.46249999999999997,8,0.5550000000000005,0.5549999999999999,0.09000000000000008,0.0,0.0,0.0,0.04500000000000004,0.04500000000000004,history
623,1,0,1,0.07388268654325254,3.9627113156303246,9.6,12.6,0.39499999999999996,0.455,8,0.5550000000000005,0.5549999999999999,0.09000000000000008,0.0,0.0,0.0,0.04500000000000004,0.04500000000000004,history
624,1,0,0,-0.16615880964805524,3.7965525059822696,9.6,12.6,0.3874999999999999,0.44749999999999995,8,0.5550000000000005,0.5549999999999999,0.09000000000000008,0.0,0.0,0.0,0.04500000000000004,0.04500000000000004,history
625,1,1,1,0.008933593871110639,3.8054860998533804,9.6,12.6,0.4924999999999999,0.43999999999999995,8,0.5550000000000005,0.5549999999999999,0.09000000000000008,0.8249999999999997,0.0,5.551115123125783e-17,0.04500000000000004,0.04500000000000004,history
626,1,0,1,0.07382502973399009,3.8793111295873706,9.6,12.6,0.48499999999999993,0.43249999999999994,8,0.5550000000000005,0.5549999999999999,0.09000000000000008,0.0,0.0,0.0,0.04500000000000004,0.04500000000000004,history
627,1,0,0,-0.16618108807129578,3.7131300415160746,9.6,12.6,0.4775,0.4249999999999999,8,0.5550000000000005,0.5549999999999999,0.09000000000000008,0.0,0.0,0.0,0.04500000000000004,0.04500000000000004,history
628,1,2,1,0.00884766610526686,3.7219777076213414,9.6,12.6,0.4699999999999999,0.4925,8,0.5550000000000005,0.5549999999999999,0.09000000000000008,1.0499999999999996,0.0,0.0,0.04500000000000004,0.04500000000000004,history
629,1,0,1,0.07385461640248826,3.79583232402383,9.6,12.6,0.4624999999999999,0.48499999999999993,8,0.5550000000000005,0.5549999999999999,0.09000000000000008,0.0,0.0,0.0,0.04500000000000004,0.04500000000000004,history
630,1,0,1,0.07384767950823916,3.869680003532069,9.6,12.6,0.4549999999999999,0.4775,8,0.5550000000000005,0.5549999999999999,0.09000000000000008,0.0,0.0,0.0,0.04500000000000004,0.04500000000000004,history
631,1,0,1,0.07384893838495797,3.943528941917027,9.6,12.6,0.44749999999999984,0.4699999999999999,8,0.5550000000000005,0.5549999999999999,0.09000000000000008,0.0,0.0,0.0,0.04500000000000004,0.04500000000000004,history
632,1,1,1,0.008860683122341997,3.9523896250393693,9.6,12.6,0.4925,0.46249999999999997,8,0.5550000000000005,0.5549999999999999,0.09000000000000008,1.1849999999999994,0.0,0.0,0.04500000000000004,0.04500000000000004,history
633,1,0,0,-0.16619214650311648,3.786197478536253,9.6,12.6,0.48499999999999993,0.455,8,0.5550000000000005,0.5549999999999999,0.09000000000000008,0.0,0.0,0.0,0.04500000000000004,0.04500000000000004,history
634,1,0,1,0.07380822828658906,3.860005706822842,9.6,12.6,0.4775,0.44749999999999995,8,0.5550000000000005,0.5549999999999999,0.09000000000000008,0.0,0.0,0.0,0.04500000000000004,0.04500000000000004,history
635,1,1,1,0.008829492146249791,3.868835198969092,9.6,12.6,0.4924999999999999,0.43999999999999995,8,0.5550000000000005,0.5549999999999999,0.09000000000000008,1.3650000000000002,0.0,5.551115123125783e-17,0.04500000000000004,0.04500000000000004,history
636,1,0,1,0.07379608869201737,3.9426312876611096,9.6,12.6,0.48499999999999993,0.43249999999999994,8,0.5550000000000005,0.5549999999999999,0.09000000000000008,0.0,0.0,0.0,0.04500000000000004,0.04500000000000004,history
637,1,2,1,0.008817182626456699,3.9514484702875663,9.6,12.6,0.4775,0.4925,8,0.5550000000000005,0.5549999999999999,0.09000000000000008,1.0949999999999993,0.0,0.0,0.04500000000000004,0.04500000000000004,history
638,1,0,1,0.07385955405735445,4.0,9.6,12.6,0.4699999999999999,0.48499999999999993,8,0.5550000000000005,0.5549999999999999,0.09000000000000008,0.0,0.0,0.0,0.04500000000000004,0.04500000000000004,history
639,1,0,1,0.07382071364006107,4.0,9.6,12.6,0.4624999999999999,0.4775,8,0.5550000000000005,0.5549999999999999,0.09000000000000008,0.0,0.0,0.0,0.04500000000000004,0.04500000000000004,history
640,1,0,1,0.07382124729701932,4.0,9.6,12.6,0.4549999999999999,0.4699999999999999,9,0.5550000000000005,0.5549999999999999,0.09000000000000008,0.0,0.0,0.0,0.04500000000000004,0.04500000000000004,history
641,1,0,1,0.07384249592454604,4.0,9.6,12.6,0.44749999999999984,0.46249999999999997,9,0.5550000000000005,0.5549999999999999,0.09000000000000008,0.0,0.0,0.0,0.04500000000000004,0.04500000000000004,history
642,1,0,1,0.07387119445574686,4.0,9.6,12.6,0.4399999999999999,0.455,9,0.5550000000000005,0.5549999999999999,0.09000000000000008,0.0,0.0,0.0,0.04500000000000004,0.04500000000000004,history
643,1,1,1,0.008812495766455456,4.0,9.6,12.6,0.4924999999999999,0.44749999999999995,9,0.5550000000000005,0.5549999999999999,0.09000000000000008,1.1399999999999997,0.0,5.551115123125783e-17,0.04500000000000004,0.04500000000000004,history
644,1,0,0,-0.16621419394767215,3.8337858060523278,9.6,12.6,0.48499999999999993,0.43999999999999995,9,0.5550000000000005,0.5549999999999999,0.09000000000000008,0.0,0.0,0.0,0.04500000000000004,0.04500000000000004,history
645,1,0,1,0.07380304940057353,3.9075888554529015,9.6,12.6,0.4775,0.43249999999999994,9,0.5550000000000005,0.5549999999999999,0.09000000000000008,0.0,0.0,0.0,0.04500000000000004,0.04500000000000004,history
646,1,0,1,0.07379781670994587,3.9813866721628473,9.6,12.6,0.4699999999999999,0.4249999999999999,9,0.5550000000000005,0.5549999999999999,0.09000000000000008,0.0,0.0,0.0,0.04500000000000004,0.04500000000000004,history
647,1,0,1,0.0737831399493248,4.0,9.6,12.6,0.4624999999999999,0.4174999999999999,9,0.5550000000000005,0.5549999999999999,0.09000000000000008,0.0,0.0,0.0,0.04500000000000004,0.04500000000000004,history
648,1,0,1,0.07380854232233826,4.0,9.6,12.6,0.4549999999999999,0.41,9,0.5550000000000005,0.5549999999999999,0.09000000000000008,0.0,0.0,0.0,0.04500000000000004,0.04500000000000004,history
649,1,0,1,0.07379580132417446,4.0,9.6,12.6,0.44749999999999984,0.4024999999999999,9,0.5550000000000005,0.5549999999999999,0.09000000000000008,0.0,0.0,0.0,0.04500000000000004,0.04500000000000004,history
650,1,0,1,0.07386132038919424,4.0,9.6,12.6,0.4399999999999999,0.39499999999999996,9,0.5550000000000005,0.5549999999999999,0.09000000000000008,0.0,0.0,0.0,0.04500000000000004,0.04500000000000004,history
651,1,0,1,0.07381955703466318,4.0,9.6,12.6,0.43249999999999994,0.3874999999999999,9,0.5550000000000005,0.5549999999999999,0.09000000000000008,0.0,0.0,0.0,0.04500000000000004,0.04500000000000004,history
652,1,1,0,-0.23117853200624386,3.768821467993756,9.6,12.6,0.4925,0.3799999999999999,9,0.5550000000000005,0.5549999999999999,0.09000000000000008,1.0949999999999993,0.0,0.0,0.04500000000000004,0.04500000000000004,history
653,1,0,1,0.07379288181507639,3.8426143498088328,9.6,12.6,0.48499999999999993,0.3724999999999999,9,0.5550000000000005,0.5549999999999999,0.09000000000000008,0.0,0.0,0.0,0.04500000000000004,0.04500000000000004,history
654,1,0,1,0.0737771645795959,3.9163915143884287,9.6,12.6,0.4775,0.3649999999999998,9,0.5550000000000005,0.5549999999999999,0.09000000000000008,0.0,0.0,0.0,0.04500000000000004,0.04500000000000004,history
655,1,0,1,0.0738039825516901,3.9901954969401188,9.6,12.6,0.4699999999999999,0.3574999999999999,9,0.5550000000000005,0.5549999999999999,0.09000000000000008,0.0,0.0,0.0,0.04500000000000004,0.04500000000000004,history
656,1,1,1,0.008810381187300228,3.999005878127419,9.6,12.6,0.4925,0.34999999999999987,9,0.5550000000000005,0.5549999999999999,0.09000000000000008,1.3199999999999998,0.0,0.0,0.04500000000000004,0.04500000000000004,history
657,1,0,1,0.07376982573727359,4.0,9.6,12.6,0.48499999999999993,0.34249999999999986,9,0.5550000000000005,0.5549999999999999,0.09000000000000008,0.0,0.0,0.0,0.04500000000000004,0.04500000000000004,history
658,1,2,1,0.008764542235556746,4.0,9.6,12.6,0.4775,0.4925,9,0.5550000000000005,0.5549999999999999,0.09000000000000008,0.5549999999999988,0.0,0.0,0.04500000000000004,0.04500000000000004,history
659,1,0,1,0.07382070084269782,4.0,9.6,12.6,0.4699999999999999,0.48499999999999993,9,0.5550000000000005,0.5549999999999999,0.09000000000000008,0.0,0.0,0.0,0.04500000000000004,0.04500000000000004,history
660,1,0,1,0.07377940193431211,4.0,9.6,12.6,0.46249999999999997,0.4775,9,0.5550000000000005,0.5549999999999999,0.09000000000000008,0.0,0.0,0.0,0.04500000000000004,0.04500000000000004,history
661,1,0,1,0.0737383138222202,4.0,9.6,12.6,0.455,0.4699999999999999,9,0.5550000000000005,0.5549999999999999,0.09000000000000008,0.0,0.0,0.0,0.04500000000000004,0.04500000000000004,history
662,1,0,1,0.07378095795094959,4.0,9.6,12.6,0.44749999999999995,0.46249999999999997,9,0.5550000000000005,0.5549999999999999,0.09000000000000008,0.0,0.0,0.0,0.04500000000000004,0.04500000000000004,history
663,1,0,0,-0.1662049302465585,3.8337950697534415,9.6,12.6,0.43999999999999995,0.455,9,0.5550000000000005,0.5549999999999999,0.09000000000000008,0.0,0.0,0.0,0.04500000000000004,0.04500000000000004,history
664,1,0,1,0.07377427623259988,3.907569345986041,9.6,12.6,0.43249999999999994,0.44749999999999995,9,0.5550000000000005,0.5549999999999999,0.09000000000000008,0.0,0.0,0.0,0.04500000000000004,0.04500000000000004,history
665,1,0,1,0.07374826834968183,3.981317614335723,9.6,12.6,0.4249999999999999,0.43999999999999995,9,0.5550000000000005,0.5549999999999999,0.09000000000000008,0.0,0.0,0.0,0.04500000000000004,0.04500000000000004,history
666,1,0,1,0.0737870112215083,4.0,9.6,12.6,0.4174999999999999,0.43249999999999994,9,0.5550000000000005,0.5549999999999999,0.09000000000000008,0.0,0.0,0.0,0.04500000000000004,0.04500000000000004,history
667,1,0,1,0.07380138059565623,4.0,9.6,12.6,0.41,0.4249999999999999,9,0.5550000000000005,0.5549999999999999,0.09000000000000008,0.0,0.0,0.0,0.04500000000000004,0.04500000000000004,history
668,1,0,1,0.07378349266200189,4.0,9.6,12.6,0.4024999999999999,0.4174999999999999,9,0.5550000000000005,0.5549999999999999,0.09000000000000008,0.0,0.0,0.0,0.04500000000000004,0.04500000000000004,history
669,1,0,1,0.07379228419610731,4.0,9.6,12.6,0.39499999999999996,0.41,9,0.5550000000000005,0.5549999999999999,0.09000000000000008,0.0,0.0,0.0,0.04500000000000004,0.04500000000000004,history
670,1,0,1,0.07377213359496723,4.0,9.6,12.6,0.3874999999999999,0.4024999999999999,9,0.5550000000000005,0.5549999999999999,0.09000000000000008,0.0,0.0,0.0,0.04500000000000004,0.04500000000000004,history
671,1,2,1,0.008795045329898919,4.0,9.6,12.6,0.3799999999999999,0.4925,9,0.5550000000000005,0.5549999999999999,0.09000000000000008,0.9149999999999991,0.0,0.0,0.04500000000000004,0.04500000000000004,history
672,1,1,0,-0.23125944375619295,3.768740556243807,9.6,12.6,0.4925,0.48499999999999993,9,0.5550000000000005,0.5549999999999999,0.09000000000000008,0.7799999999999994,0.0,0.0,0.04500000000000004,0.04500000000000004,history
673,1,0,1,0.07372704328027337,3.8424675995240807,9.6,12.6,0.48499999999999993,0.4775,9,0.5550000000000005,0.5549999999999999,0.09000000000000008,0.0,0.0,0.0,0.04500000000000004,0.04500000000000004,history
674,1,0,1,0.07371491859880142,3.916182518122882,9.6,12.6,0.4775,0.4699999999999999,9,0.5550000000000005,0.5549999999999999,0.09000000000000008,0.0,0.0,0.0,0.04500000000000004,0.04500000000000004,history
675,1,0,1,0.0737557091726811,3.9899382272955632,9.6,12.6,0.4699999999999999,0.46249999999999997,9,0.5550000000000005,0.5549999999999999,0.09000000000000008,0.0,0.0,0.0,0.04500000000000004,0.04500000000000004,history
676,1,0,1,0.07373226317470417,4.0,9.6,12.6,0.46249999999999997,0.455,9,0.5550000000000005,0.5549999999999999,0.09000000000000008,0.0,0.0,0.0,0.04500000000000004,0.04500000000000004,history
677,1,0,1,0.07374255314777456,4.0,9.6,12.6,0.455,0.44749999999999995,9,0.5550000000000005,0.5549999999999999,0.09000000000000008,0.0,0.0,0.0,0.04500000000000004,0.04500000000000004,history
678,1,0,1,0.07373496063973567,4.0,9.6,12.6,0.44749999999999995,0.43999999999999995,9,0.5550000000000005,0.5549999999999999,0.09000000000000008,0.0,0.0,0.0,0.04500000000000004,0.04500000000000004,history
679,1,0,1,0.07379163461586584,4.0,9.6,12.6,0.43999999999999995,0.43249999999999994,9,0.5550000000000005,0.5549999999999999,0.09000000000000008,0.0,0.0,0.0,0.04500000000000004,0.04500000000000004,history
680,1,1,1,0.008763264569994803,4.0,9.6,12.6,0.4925,0.4249999999999999,9,0.5550000000000005,0.5549999999999999,0.09000000000000008,1.1399999999999997,0.0,0.0,0.04500000000000004,0.04500000000000004,history
681,1,0,0,-0.1662694075417874,3.833730592458213,9.6,12.6,0.48499999999999993,0.4174999999999999,9,0.5550000000000005,0.5549999999999999,0.09000000000000008,0.0,0.0,0.0,0.04500000000000004,0.04500000000000004,history
682,1,0,1,0.07372157666005699,3.9074521691182698,9.6,12.6,0.4775,0.41,9,0.5550000000000005,0.5549999999999999,0.09000000000000008,0.0,0.0,0.0,0.04500000000000004,0.04500000000000004,history
683,1,0,1,0.07371746369124549,3.9811696328095154,9.6,12.6,0.4699999999999999,0.4024999999999999,9,0.5550000000000005,0.5549999999999999,0.09000000000000008,0.0,0.0,0.0,0.04500000000000004,0.04500000000000004,history
684,1,0,0,-0.16622405996661915,3.8149455728428965,9.6,12.6,0.46249999999999997,0.39499999999999996,9,0.5550000000000005,0.5549999999999999,0.09000000000000008,0.0,0.0,0.0,0.04500000000000004,0.04500000000000004,history
685,1,0,1,0.07370936285127631,3.8886549356941726,9.6,12.6,0.455,0.3874999999999999,9,0.5550000000000005,0.5549999999999999,0.09000000000000008,0.0,0.0,0.0,0.04500000000000004,0.04500000000000004,history
686,1,0,0,-0.16623342503231972,3.722421510661853,9.6,12.6,0.44749999999999995,0.3799999999999999,9,0.5550000000000005,0.5549999999999999,0.09000000000000008,0.0,0.0,0.0,0.04500000000000004,0.04500000000000004,history
687,1,0,1,0.07373625497162371,3.7961577656334766,9.6,12.6,0.43999999999999995,0.3724999999999999,9,0.5550000000000005,0.5549999999999999,0.09000000000000008,0.0,0.0,0.0,0.04500000000000004,0.04500000000000004,history
688,1,0,1,0.07372883931868812,3.869886604952165,9.6,12.6,0.43249999999999994,0.3649999999999998,9,0.5550000000000005,0.5549999999999999,0.09000000000000008,0.0,0.0,0.0,0.04500000000000004,0.04500000000000004,history
689,1,0,1,0.07374208642110754,3.9436286913732723,9.6,12.6,0.4249999999999999,0.3574999999999999,9,0.5550000000000005,0.5549999999999999,0.09000000000000008,0.0,0.0,0.0,0.04500000000000004,0.04500000000000004,history
690,1,0,0,-0.166258267822513,3.7773704235507592,9.6,12.6,0.4174999999999999,0.34999999999999987,9,0.5550000000000005,0.5549999999999999,0.09000000000000008,0.0,0.0,0.0,0.04500000000000004,0.04500000000000004,history
691,1,0,1,0.07375257108151803,3.851122994632277,9.6,12.6,0.41,0.34249999999999986,9,0.5550000000000005,0.5549999999999999,0.09000000000000008,0.0,0.0,0.0,0.04500000000000004,0.04500000000000004,history
692,1,2,1,0.008750886433126376,3.8598738810654036,9.6,12.6,0.4024999999999999,0.4925,9,0.5550000000000005,0.5549999999999999,0.09000000000000008,0.5549999999999988,0.0,0.0,0.04500000000000004,0.04500000000000004,history
693,1,0,1,0.07375070000799895,3.9336245810734027,9.6,12.6,0.39499999999999996,0.48499999999999993,9,0.5550000000000005,0.5549999999999999,0.09000000000000008,0.0,0.0,0.0,0.04500000000000004,0.04500000000000004,history
694,1,2,1,0.008732685627003125,3.9423572667004056,9.6,12.6,0.3874999999999999,0.4925,9,0.5550000000000005,0.5549999999999999,0.09000000000000008,1.4099999999999997,0.0,0.0,0.04500000000000004,0.04500000000000004,history
695,1,0,1,0.07378281419993642,4.0,9.6,12.6,0.3799999999999999,0.48499999999999993,9,0.5550000000000005,0.5549999999999999,0.09000000000000008,0.0,0.0,0.0,0.04500000000000004,0.04500000000000004,history
696,1,0,1,0.07377762470056105,4.0,9.6,12.6,0.3724999999999999,0.4775,9,0.5550000000000005,0.5549999999999999,0.09000000000000008,0.0,0.0,0.0,0.04500000000000004,0.04500000000000004,history
697,1,0,1,0.07370214035995802,4.0,9.6,12.6,0.3649999999999998,0.4699999999999999,9,0.5550000000000005,0.5549999999999999,0.09000000000000008,0.0,0.0,0.0,0.04500000000000004,0.04500000000000004,history
698,1,0,0,-0.16622295966402714,3.8337770403359728,9.6,12.6,0.3574999999999999,0.46249999999999997,9,0.5550000000000005,0.5549999999999999,0.09000000000000008,0.0,0.0,0.0,0.04500000000000004,0.04500000000000004,history
699,1,0,1,0.0737553675069573,3.90753240784293,9.6,12.6,0.34999999999999987,0.455,9,0.5550000000000005,0.5549999999999999,0.09000000000000008,0.0,0.0,0.0,0.04500000000000004,0.04500000000000004,history
700,1,0,1,0.07376515151859708,3.981297559361527,9.6,12.6,0.34249999999999986,0.44749999999999995,9,0.5550000000000005,0.5549999999999999,0.09000000000000008,0.0,0.0,0.0,0.04500000000000004,0.04500000000000004,history
701,1,0,1,0.07373412380805029,4.0,9.6,12.6,0.3349999999999999,0.43999999999999995,9,0.5550000000000005,0.5549999999999999,0.09000000000000008,0.0,0.0,0.0,0.04500000000000004,0.04500000000000004,history
702,1,0,0,-0.16627569503653103,3.833724304963469,9.6,12.6,0.32749999999999985,0.43249999999999994,9,0.5550000000000005,0.5549999999999999,0.09000000000000008,0.0,0.0,0.0,0.04500000000000004,0.04500000000000004,history
703,1,0,1,0.07385996035432417,3.907584265317793,9.6,12.6,0.31999999999999984,0.4249999999999999,9,0.5550000000000005,0.5549999999999999,0.09000000000000008,0.0,0.0,0.0,0.04500000000000004,0.04500000000000004,history
704,1,2,1,0.008722232861577268,3.9163064981793703,9.6,12.6,0.31249999999999983,0.4925,9,0.5550000000000005,0.5549999999999999,0.09000000000000008,1.0499999999999996,0.0,0.0,0.04500000000000004,0.04500000000000004,history
705,1,0,1,0.07374984839720747,3.9900563465765777,9.6,12.6,0.30499999999999977,0.48499999999999993,9,0.5550000000000005,0.5549999999999999,0.09000000000000008,0.0,0.0,0.0,0.04500000000000004,0.04500000000000004,history
706,1,0,0,-0.1662915481504491,3.8237647984261285,9.6,12.6,0.2974999999999998,0.4775,9,0.5550000000000005,0.5549999999999999,0.09000000000000008,0.0,0.0,0.0,0.04500000000000004,0.04500000000000004,history
707,1,0,1,0.0737770341410355,3.897541832567164,9.6,12.6,0.2899999999999998,0.4699999999999999,9,0.5550000000000005,0.5549999999999999,0.09000000000000008,0.0,0.0,0.0,0.04500000000000004,0.04500000000000004,history
708,1,0,1,0.07375019712781992,3.971292029694984,9.6,12.6,0.2824999999999998,0.46249999999999997,9,0.5550000000000005,0.5549999999999999,0.09000000000000008,0.0,0.0,0.0,0.04500000000000004,0.04500000000000004,history
709,1,0,1,0.07382270310932043,4.0,9.6,12.6,0.27499999999999986,0.455,9,0.5550000000000005,0.5549999999999999,0.09000000000000008,0.0,0.0,0.0,0.04500000000000004,0.04500000000000004,history
710,1,1,1,0.008728045184930323,4.0,9.6,12.6,0.4925,0.44749999999999995,9,0.5550000000000005,0.5549999999999999,0.09000000000000008,0.1499999999999988,0.0,0.0,0.04500000000000004,0.04500000000000004,history
711,1,0,1,0.07368266390574786,4.0,9.6,12.6,0.48499999999999993,0.43999999999999995,9,0.5550000000000005,0.5549999999999999,0.09000000000000008,0.0,0.0,0.0,0.04500000000000004,0.04500000000000004,history
712,1,0,1,0.07367613095969333,4.0,9.6,12.6,0.4775,0.43249999999999994,9,0.5550000000000005,0.5549999999999999,0.09000000000000008,0.0,0.0,0.0,0.04500000000000004,0.04500000000000004,history
713,1,0,1,0.07369629476254443,4.0,9.6,12.6,0.4699999999999999,0.4249999999999999,9,0.5550000000000005,0.5549999999999999,0.09000000000000008,0.0,0.0,0.0,0.04500000000000004,0.04500000000000004,history
714,1,0,1,0.07367833847978102,4.0,9.6,12.6,0.46249999999999997,0.4174999999999999,9,0.5550000000000005,0.5549999999999999,0.09000000000000008,0.0,0.0,0.0,0.04500000000000004,0.04500000000000004,history
715,1,0,1,0.07367820275782053,4.0,9.6,12.6,0.455,0.41,9,0.5550000000000005,0.5549999999999999,0.09000000000000008,0.0,0.0,0.0,0.04500000000000004,0.04500000000000004,history
716,1,0,1,0.07368047721041417,4.0,9.6,12.6,0.44749999999999995,0.4024999999999999,9,0.5550000000000005,0.5549999999999999,0.09000000000000008,0.0,0.0,0.0,0.04500000000000004,0.04500000000000004,history
717,1,2,1,0.008697683608888299,4.0,9.6,12.6,0.43999999999999995,0.4925,9,0.5550000000000005,0.5549999999999999,0.09000000000000008,0.9149999999999991,0.0,0.0,0.04500000000000004,0.04500000000000004,history
718,1,0,1,0.07366282447811867,4.0,9.6,12.6,0.43249999999999994,0.48499999999999993,9,0.5550000000000005,0.5549999999999999,0.09000000000000008,0.0,0.0,0.0,0.04500000000000004,0.04500000000000004,history
719,1,0,1,0.0736752049041803,4.0,9.6,12.6,0.4249999999999999,0.4775,9,0.5550000000000005,0.5549999999999999,0.09000000000000008,0.0,0.0,0.0,0.04500000000000004,0.04500000000000004,history
720,1,0,0,-0.1663057405960986,3.8336942594039014,9.6,12.6,0.4174999999999999,0.4699999999999999,9,0.5550000000000005,0.5549999999999999,0.09000000000000008,0.0,0.0,0.0,0.04500000000000004,0.04500000000000004,history
721,1,0,1,0.07374126034604564,3.907435519749947,9.6,12.6,0.41,0.46249999999999997,9,0.5550000000000005,0.5549999999999999,0.09000000000000008,0.0,0.0,0.0,0.04500000000000004,0.04500000000000004,history
722,1,0,0,-0.1662885089513327,3.7411470107986142,9.6,12.6,0.4024999999999999,0.455,9,0.5550000000000005,0.5549999999999999,0.09000000000000008,0.0,0.0,0.0,0.04500000000000004,0.04500000000000004,history
723,1,0,0,-0.16628524811070963,3.5748617626879047,9.6,12.6,0.39499999999999996,0.44749999999999995,9,0.5550000000000005,0.5549999999999999,0.09000000000000008,0.0,0.0,0.0,0.04500000000000004,0.04500000000000004,history
724,1,0,1,0.07371494963724698,3.6485767123251516,9.6,12.6,0.3874999999999999,0.43999999999999995,9,0.5550000000000005,0.5549999999999999,0.09000000000000008,0.0,0.0,0.0,0.04500000000000004,0.04500000000000004,history
725,1,0,1,0.07371341454238235,3.722290126867534,9.6,12.6,0.3799999999999999,0.43249999999999994,9,0.5550000000000005,0.5549999999999999,0.09000000000000008,0.0,0.0,0.0,0.04500000000000004,0.04500000000000004,history
726,1,0,1,0.0737188251226434,3.7960089519901774,9.6,12.6,0.3724999999999999,0.4249999999999999,9,0.5550000000000005,0.5549999999999999,0.09000000000000008,0.0,0.0,0.0,0.04500000000000004,0.04500000000000004,history
727,1,0,0,-0.16629189154008908,3.6297170604500884,9.6,12.6,0.3649999999999998,0.4174999999999999,9,0.5550000000000005,0.5549999999999999,0.09000000000000008,0.0,0.0,0.0,0.04500000000000004,0.04500000000000004,history
728,1,0,1,0.07371300625517976,3.703430066705268,9.6,12.6,0.3574999999999999,0.41,9,0.5550000000000005,0.5549999999999999,0.09000000000000008,0.0,0.0,0.0,0.04500000000000004,0.04500000000000004,history
729,1,0,1,0.07371523399003906,3.777145300695307,9.6,12.6,0.34999999999999987,0.4024999999999999,9,0.5550000000000005,0.5549999999999999,0.09000000000000008,0.0,0.0,0.0,0.04500000000000004,0.04500000000000004,history
730,1,0,1,0.07377216699421184,3.8509174676895186,9.6,12.6,0.34249999999999986,0.39499999999999996,9,0.5550000000000005,0.5549999999999999,0.09000000000000008,0.0,0.0,0.0,0.04500000000000004,0.04500000000000004,history
731,1,0,1,0.07373953444461777,3.9246570021341363,9.6,12.6,0.3349999999999999,0.3874999999999999,9,0.5550000000000005,0.5549999999999999,0.09000000000000008,0.0,0.0,0.0,0.04500000000000004,0.04500000000000004,history
732,1,0,1,0.0737415083492374,3.9983985104833737,9.6,12.6,0.32749999999999985,0.3799999999999999,9,0.5550000000000005,0.5549999999999999,0.09000000000000008,0.0,0.0,0.0,0.04500000000000004,0.04500000000000004,history
733,1,2,1,0.0087400632161773,4.0,9.6,12.6,0.31999999999999984,0.4925,9,0.5550000000000005,0.5549999999999999,0.09000000000000008,0.7799999999999994,0.0,0.0,0.04500000000000004,0.04500000000000004,history
734,1,0,1,0.07373826283390389,4.0,9.6,12.6,0.31249999999999983,0.48499999999999993,9,0.5550000000000005,0.5549999999999999,0.09000000000000008,0.0,0.0,0.0,0.04500000000000004,0.04500000000000004,history
735,1,0,1,0.0736957584133547,4.0,9.6,12.6,0.30499999999999977,0.4775,9,0.5550000000000005,0.5549999999999999,0.09000000000000008,0.0,0.0,0.0,0.04500000000000004,0.04500000000000004,history
736,1,0,0,-0.16632135068111606,3.833678649318884,9.6,12.6,0.2974999999999998,0.4699999999999999,9,0.5550000000000005,0.5549999999999999,0.09000000000000008,0.0,0.0,0.0,0.04500000000000004,0.04500000000000004,history
737,1,0,1,0.07368453022449463,3.9073631795433785,9.6,12.6,0.2899999999999998,0.46249999999999997,9,0.5550000000000005,0.5549999999999999,0.09000000000000008,0.0,0.0,0.0,0.04500000000000004,0.04500000000000004,history
738,1,2,1,0.008697869222486195,3.9160610487658647,9.6,12.6,0.2824999999999998,0.4925,9,0.5550000000000005,0.5549999999999999,0.09000000000000008,1.2749999999999995,0.0,0.0,0.04500000000000004,0.04500000000000004,history
739,1,0,0,-0.16620751533055844,3.7498535334353065,9.6,12.6,0.27499999999999986,0.48499999999999993,9,0.5550000000000005,0.5549999999999999,0.09000000000000008,0.0,0.0,0.0,0.04500000000000004,0.04500000000000004,history
740,1,0,1,0.07373993493951579,3.8235934683748223,9.6,12.6,0.2674999999999998,0.4775,9,0.5550000000000005,0.5549999999999999,0.09000000000000008,0.0,0.0,0.0,0.04500000000000004,0.04500000000000004,history
741,1,2,1,0.00872787189802096,3.832321340272843,9.6,12.6,0.2599999999999998,0.4924999999999999,9,0.5550000000000005,0.5549999999999999,0.09000000000000008,1.3650000000000002,0.0,5.551115123125783e-17,0.04500000000000004,0.04500000000000004,history
742,1,0,1,0.07371759830086651,3.9060389385737095,9.6,12.6,0.2524999999999998,0.48499999999999993,9,0.5550000000000005,0.5549999999999999,0.09000000000000008,0.0,0.0,0.0,0.04500000000000004,0.04500000000000004,history
743,1,0,1,0.07371230607624887,3.9797512446499583,9.6,12.6,0.24499999999999975,0.4775,9,0.5550000000000005,0.5549999999999999,0.09000000000000008,0.0,0.0,0.0,0.04500000000000004,0.04500000000000004,history
744,1,0,1,0.0737451203473429,4.0,9.6,12.6,0.2374999999999998,0.4699999999999999,9,0.5550000000000005,0.5549999999999999,0.09000000000000008,0.0,0.0,0.0,0.04500000000000004,0.04500000000000004,history
745,1,0,1,0.07374611389538491,4.0,9.6,12.6,0.22999999999999976,0.4624999999999999,9,0.5550000000000005,0.5549999999999999,0.09000000000000008,0.0,0.0,0.0,0.04500000000000004,0.04500000000000004,history
746,1,0,1,0.07376167417195373,4.0,9.6,12.6,0.22249999999999973,0.4549999999999999,9,0.5550000000000005,0.5549999999999999,0.09000000000000008,0.0,0.0,0.0,0.04500000000000004,0.04500000000000004,history
747,1,0,1,0.07373456165316256,4.0,9.6,12.6,0.21499999999999977,0.44749999999999984,9,0.5550000000000005,0.5549999999999999,0.09000000000000008,0.0,0.0,0.0,0.04500000000000004,0.04500000000000004,history
748,1,0,1,0.07368450093048125,4.0,9.6,12.6,0.20749999999999977,0.4399999999999999,9,0.5550000000000005,0.5549999999999999,0.09000000000000008,0.0,0.0,0.0,0.04500000000000004,0.04500000000000004,history
749,1,0,1,0.07367911936756294,4.0,9.6,12.6,0.19999999999999973,0.43249999999999994,9,0.5550000000000005,0.5549999999999999,0.09000000000000008,0.0,0.0,0.0,0.04500000000000004,0.04500000000000004,history
750,1,0,1,0.07376324847273032,4.0,9.6,12.6,0.1924999999999997,0.4249999999999999,9,0.5550000000000005,0.5549999999999999,0.09000000000000008,0.0,0.0,0.0,0.04500000000000004,0.04500000000000004,history
751,1,0,0,-0.16627703248377423,3.8337229675162257,9.6,12.6,0.18499999999999972,0.4174999999999999,9,0.5550000000000005,0.5549999999999999,0.09000000000000008,0.0,0.0,0.0,0.04500000000000004,0.04500000000000004,history
752,1,0,1,0.07369247336211256,3.907415440878338,9.6,12.6,0.17749999999999974,0.40999999999999986,9,0.5550000000000005,0.5549999999999999,0.09000000000000008,0.0,0.0,0.0,0.04500000000000004,0.04500000000000004,history
753,1,0,1,0.07380388279308248,3.9812193236714206,9.6,12.6,0.1699999999999997,0.40249999999999986,9,0.5550000000000005,0.5549999999999999,0.09000000000000008,0.0,0.0,0.0,0.04500000000000004,0.04500000000000004,history
754,1,0,1,0.07375418783641847,4.0,9.6,12.6,0.16249999999999967,0.39499999999999985,9,0.5550000000000005,0.5549999999999999,0.09000000000000008,0.0,0.0,0.0,0.04500000000000004,0.04500000000000004,history
755,1,0,1,0.07375228687227439,4.0,9.6,12.6,0.1549999999999997,0.3874999999999998,9,0.5550000000000005,0.5549999999999999,0.09000000000000008,0.0,0.0,0.0,0.04500000000000004,0.04500000000000004,history
756,1,0,1,0.07369276938251747,4.0,9.6,12.6,0.14749999999999971,0.37999999999999984,9,0.5550000000000005,0.5549999999999999,0.09000000000000008,0.0,0.0,0.0,0.04500000000000004,0.04500000000000004,history
757,1,0,1,0.07377169776818739,4.0,9.6,12.6,0.13999999999999968,0.37249999999999983,9,0.5550000000000005,0.5549999999999999,0.09000000000000008,0.0,0.0,0.0,0.04500000000000004,0.04500000000000004,history
758,1,0,1,0.07369672572389162,4.0,9.6,12.6,0.13249999999999965,0.3649999999999998,9,0.5550000000000005,0.5549999999999999,0.09000000000000008,0.0,0.0,0.0,0.04500000000000004,0.04500000000000004,history
759,1,0,1,0.07376388058795924,4.0,9.6,12.6,0.12499999999999967,0.3574999999999999,9,0.5550000000000005,0.5549999999999999,0.09000000000000008,0.0,0.0,0.0,0.04500000000000004,0.04500000000000004,history
760,1,0,0,-0.1662367940951187,3.8337632059048814,9.6,12.6,0.11749999999999967,0.3499999999999998,9,0.5550000000000005,0.5549999999999999,0.09000000000000008,0.0,0.0,0.0,0.04500000000000004,0.04500000000000004,history
761,1,0,1,0.07376452849017968,3.907527734395061,9.6,12.6,0.10999999999999965,0.3424999999999998,9,0.5550000000000005,0.5549999999999999,0.09000000000000008,0.0,0.0,0.0,0.04500000000000004,0.04500000000000004,history
762,1,0,1,0.07372853889269246,3.9812562732877534,9.6,12.6,0.10249999999999963,0.3349999999999998,9,0.5550000000000005,0.5549999999999999,0.09000000000000008,0.0,0.0,0.0,0.04500000000000004,0.04500000000000004,history
763,1,0,1,0.07373296593735974,4.0,9.6,12.6,0.09499999999999964,0.32749999999999974,9,0.5550000000000005,0.5549999999999999,0.09000000000000008,0.0,0.0,0.0,0.04500000000000004,0.04500000000000004,history
764,1,0,1,0.07369659063846228,4.0,9.6,12.6,0.08749999999999963,0.3199999999999998,9,0.5550000000000005,0.5549999999999999,0.09000000000000008,0.0,0.0,0.0,0.04500000000000004,0.04500000000000004,history
765,1,0,1,0.07377929171095948,4.0,9.6,12.6,0.07999999999999963,0.3124999999999998,9,0.5550000000000005,0.5549999999999999,0.09000000000000008,0.0,0.0,0.0,0.04500000000000004,0.04500000000000004,history
766,1,0,1,0.07376368606936881,4.0,9.6,12.6,0.07249999999999962,0.30499999999999977,9,0.5550000000000005,0.5549999999999999,0.09000000000000008,0.0,0.0,0.0,0.04500000000000004,0.04500000000000004,history
767,1,0,1,0.0737813936190862,4.0,9.6,12.6,0.06499999999999961,0.2974999999999998,9,0.5550000000000005,0.5549999999999999,0.09000000000000008,0.0,0.0,0.0,0.04500000000000004,0.04500000000000004,history
768,1,0,1,0.07370790524266498,4.0,9.6,12.6,0.05749999999999961,0.28999999999999976,10,0.5550000000000005,0.5549999999999999,0.09000000000000008,0.0,0.0,0.0,0.04500000000000004,0.04500000000000004,history
769,1,0,1,0.0738093637785733,4.0,9.6,12.6,0.0499999999999996,0.28249999999999975,10,0.5550000000000005,0.5549999999999999,0.09000000000000008,0.0,0.0,0.0,0.04500000000000004,0.04500000000000004,history
770,1,0,1,0.07369456418569202,4.0,9.6,12.6,0.042499999999999594,0.27499999999999974,10,0.5550000000000005,0.5549999999999999,0.09000000000000008,0.0,0.0,0.0,0.04500000000000004,0.04500000000000004,history
771,1,0,1,0.07376810694220459,4.0,9.6,12.6,0.03499999999999959,0.2674999999999997,10,0.5550000000000005,0.5549999999999999,0.09000000000000008,0.0,0.0,0.0,0.04500000000000004,0.04500000000000004,history
772,1,0,1,0.0738060194069929,4.0,9.6,12.6,0.02749999999999958,0.25999999999999973,10,0.5550000000000005,0.5549999999999999,0.09000000000000008,0.0,0.0,0.0,0.04500000000000004,0.04500000000000004,history
773,1,0,1,0.07364417738701018,4.0,9.6,12.6,0.019999999999999574,0.2524999999999997,10,0.5550000000000005,0.5549999999999999,0.09000000000000008,0.0,0.0,0.0,0.04500000000000004,0.04500000000000004,history
774,1,1,0,-0.23129780400068684,3.768702195999313,9.6,12.6,0.26249999999999957,0.2449999999999997,10,0.5550000000000005,0.5549999999999999,0.09000000000000008,0.0,0.0,0.0,0.04500000000000004,0.04500000000000004,history
775,1,0,1,0.07372172754557098,3.842423923544884,9.6,12.6,0.2549999999999995,0.23749999999999974,10,0.5550000000000005,0.5549999999999999,0.09000000000000008,0.0,0.0,0.0,0.04500000000000004,0.04500000000000004,history
776,1,1,1,0.008709847157809524,3.851133770702693,9.6,12.6,0.4925,0.22999999999999973,10,0.5550000000000005,0.5549999999999999,0.09000000000000008,0.029999999999997362,0.0,0.0,0.04500000000000004,0.04500000000000004,history
777,1,0,1,0.07360313480597912,3.9247369055086723,9.6,12.6,0.48499999999999993,0.2224999999999997,10,0.5550000000000005,0.5549999999999999,0.09000000000000008,0.0,0.0,0.0,0.04500000000000004,0.04500000000000004,history
778,1,2,1,0.008635219065934268,3.9333721245746065,9.6,12.6,0.4775,0.4649999999999997,10,0.5550000000000005,0.5549999999999999,0.09000000000000008,0.0,0.0,0.0,0.04500000000000004,0.04500000000000004,history
779,1,0,1,0.07361549407995069,4.0,9.6,12.6,0.4699999999999999,0.45749999999999963,10,0.5550000000000005,0.5549999999999999,0.09000000000000008,0.0,0.0,0.0,0.04500000000000004,0.04500000000000004,history
780,1,0,1,0.07362189059006762,4.0,9.6,12.6,0.46249999999999997,0.4499999999999997,10,0.5550000000000005,0.5549999999999999,0.09000000000000008,0.0,0.0,0.0,0.04500000000000004,0.04500000000000004,history
781,1,0,1,0.07358696107832836,4.0,9.6,12.6,0.455,0.4424999999999997,10,0.5550000000000005,0.5549999999999999,0.09000000000000008,0.0,0.0,0.0,0.04500000000000004,0.04500000000000004,history
782,1,0,1,0.07361353422374875,4.0,9.6,12.6,0.44749999999999995,0.43499999999999966,10,0.5550000000000005,0.5549999999999999,0.09000000000000008,0.0,0.0,0.0,0.04500000000000004,0.04500000000000004,history
783,1,0,1,0.07364724579315908,4.0,9.6,12.6,0.43999999999999995,0.4274999999999997,10,0.5550000000000005,0.5549999999999999,0.09000000000000008,0.0,0.0,0.0,0.04500000000000004,0.04500000000000004,history
784,1,0,1,0.07361593689600596,4.0,9.6,12.6,0.43249999999999994,0.41999999999999965,10,0.5550000000000005,0.5549999999999999,0.09000000000000008,0.0,0.0,0.0,0.04500000000000004,0.04500000000000004,history
785,1,0,1,0.07361988456247516,4.0,9.6,12.6,0.4249999999999999,0.41249999999999964,10,0.5550000000000005,0.5549999999999999,0.09000000000000008,0.0,0.0,0.0,0.04500000000000004,0.04500000000000004,history
786,1,0,1,0.07359993139910617,4.0,9.6,12.6,0.4174999999999999,0.40499999999999964,10,0.5550000000000005,0.5549999999999999,0.09000000000000008,0.0,0.0,0.0,0.04500000000000004,0.04500000000000004,history
787,1,0,1,0.07369547350703821,4.0,9.6,12.6,0.41,0.3974999999999996,10,0.5550000000000005,0.5549999999999999,0.09000000000000008,0.0,0.0,0.0,0.04500000000000004,0.04500000000000004,history
788,1,0,1,0.07363671141494167,4.0,9.6,12.6,0.4024999999999999,0.3899999999999996,10,0.5550000000000005,0.5549999999999999,0.09000000000000008,0.0,0.0,0.0,0.04500000000000004,0.04500000000000004,history
789,1,0,1,0.07361834694886937,4.0,9.6,12.6,0.39499999999999996,0.3824999999999996,10,0.5550000000000005,0.5549999999999999,0.09000000000000008,0.0,0.0,0.0,0.04500000000000004,0.04500000000000004,history
790,1,0,0,-0.16636997687795163,3.8336300231220486,9.6,12.6,0.3874999999999999,0.3749999999999996,10,0.5550000000000005,0.5549999999999999,0.09000000000000008,0.0,0.0,0.0,0.04500000000000004,0.04500000000000004,history
791,1,0,1,0.07362831566038927,3.907258338782438,9.6,12.6,0.3799999999999999,0.36749999999999966,10,0.5550000000000005,0.5549999999999999,0.09000000000000008,0.0,0.0,0.0,0.04500000000000004,0.04500000000000004,history
792,1,0,1,0.07363067850555007,3.980889017287988,9.6,12.6,0.3724999999999999,0.3599999999999996,10,0.5550000000000005,0.5549999999999999,0.09000000000000008,0.0,0.0,0.0,0.04500000000000004,0.04500000000000004,history
793,1,0,1,0.0736091071874707,4.0,9.6,12.6,0.3649999999999998,0.3524999999999996,10,0.5550000000000005,0.5549999999999999,0.09000000000000008,0.0,0.0,0.0,0.04500000000000004,0.04500000000000004,history
794,1,0,1,0.07363354677183959,4.0,9.6,12.6,0.3574999999999999,0.3449999999999996,10,0.5550000000000005,0.5549999999999999,0.09000000000000008,0.0,0.0,0.0,0.04500000000000004,0.04500000000000004,history
795,1,1,1,0.008604394048072506,4.0,9.6,12.6,0.4924999999999999,0.3374999999999995,10,0.5550000000000005,0.5549999999999999,0.09000000000000008,0.6449999999999996,0.0,5.551115123125783e-17,0.04500000000000004,0.04500000000000004,history
796,1,2,1,0.008611147293271374,4.0,9.6,12.6,0.48499999999999993,0.4925,10,0.5550000000000005,0.5549999999999999,0.09000000000000008,0.5249999999999975,0.0,0.0,0.04500000000000004,0.04500000000000004,history
797,1,0,1,0.07356798038413398,4.0,9.6,12.6,0.4775,0.48499999999999993,10,0.5550000000000005,0.5549999999999999,0.09000000000000008,0.0,0.0,0.0,0.04500000000000004,0.04500000000000004,history
798,1,0,1,0.07360379502241188,4.0,9.6,12.6,0.4699999999999999,0.4775,10,0.5550000000000005,0.5549999999999999,0.09000000000000008,0.0,0.0,0.0,0.04500000000000004,0.04500000000000004,history
799,1,0,1,0.07364234490209284,4.0,9.6,12.6,0.4624999999999999,0.4699999999999999,10,0.5550000000000005,0.5549999999999999,0.09000000000000008,0.0,0.0,0.0,0.04500000000000004,0.04500000000000004,history
800,1,0,1,0.0735921405385937,4.0,9.6,12.6,0.4549999999999999,0.46249999999999997,10,0.5550000000000005,0.5549999999999999,0.09000000000000008,0.0,0.0,0.0,0.04500000000000004,0.04500000000000004,history
801,1,0,0,-0.16632987266224517,3.8336701273377547,9.6,12.6,0.44749999999999984,0.455,10,0.5550000000000005,0.5549999999999999,0.09000000000000008,0.0,0.0,0.0,0.04500000000000004,0.04500000000000004,history
802,1,0,1,0.07362559336921062,3.907295720706965,9.6,12.6,0.4399999999999999,0.44749999999999995,10,0.5550000000000005,0.5549999999999999,0.09000000000000008,0.0,0.0,0.0,0.04500000000000004,0.04500000000000004,history
803,1,0,1,0.07362755292292271,3.980923273629888,9.6,12.6,0.43249999999999994,0.43999999999999995,10,0.5550000000000005,0.5549999999999999,0.09000000000000008,0.0,0.0,0.0,0.04500000000000004,0.04500000000000004,history
804,1,0,1,0.07358042219137631,4.0,9.6,12.6,0.4249999999999999,0.43249999999999994,10,0.5550000000000005,0.5549999999999999,0.09000000000000008,0.0,0.0,0.0,0.04500000000000004,0.04500000000000004,history
805,1,0,1,0.07360753031321664,4.0,9.6,12.6,0.4174999999999999,0.4249999999999999,10,0.5550000000000005,0.5549999999999999,0.09000000000000008,0.0,0.0,0.0,0.04500000000000004,0.04500000000000004,history
806,1,0,0,-0.1664138478258479,3.833586152174152,9.6,12.6,0.40999999999999986,0.4174999999999999,10,0.5550000000000005,0.5549999999999999,0.09000000000000008,0.0,0.0,0.0,0.04500000000000004,0.04500000000000004,history
807,1,0,1,0.07365549005401022,3.907241642228162,9.6,12.6,0.40249999999999986,0.41,10,0.5550000000000005,0.5549999999999999,0.09000000000000008,0.0,0.0,0.0,0.04500000000000004,0.04500000000000004,history
808,1,0,1,0.07365359243972477,3.9808952346678868,9.6,12.6,0.39499999999999985,0.4024999999999999,10,0.5550000000000005,0.5549999999999999,0.09000000000000008,0.0,0.0,0.0,0.04500000000000004,0.04500000000000004,history
809,1,0,0,-0.16637315486450469,3.814522079803382,9.6,12.6,0.3874999999999998,0.39499999999999996,10,0.5550000000000005,0.5549999999999999,0.09000000000000008,0.0,0.0,0.0,0.04500000000000004,0.04500000000000004,history
810,1,0,1,0.07365380042033796,3.8881758802237196,9.6,12.6,0.37999999999999984,0.3874999999999999,10,0.5550000000000005,0.5549999999999999,0.09000000000000008,0.0,0.0,0.0,0.04500000000000004,0.04500000000000004,history
811,1,0,1,0.07360101252469547,3.961776892748415,9.6,12.6,0.37249999999999983,0.3799999999999999,10,0.5550000000000005,0.5549999999999999,0.09000000000000008,0.0,0.0,0.0,0.04500000000000004,0.04500000000000004,history
812,1,0,1,0.07357961578214904,4.0,9.6,12.6,0.3649999999999998,0.3724999999999999,10,0.5550000000000005,0.5549999999999999,0.09000000000000008,0.0,0.0,0.0,0.04500000000000004,0.04500000000000004,history
813,1,0,1,0.07362744700435146,4.0,9.6,12.6,0.3574999999999999,0.3649999999999998,10,0.5550000000000005,0.5549999999999999,0.09000000000000008,0.0,0.0,0.0,0.04500000000000004,0.04500000000000004,history
814,1,0,1,0.07367377669069985,4.0,9.6,12.6,0.3499999999999998,0.3574999999999999,10,0.5550000000000005,0.5549999999999999,0.09000000000000008,0.0,0.0,0.0,0.04500000000000004,0.04500000000000004,history
815,1,0,1,0.07362442876628655,4.0,9.6,12.6,0.3424999999999998,0.34999999999999987,10,0.5550000000000005,0.5549999999999999,0.09000000000000008,0.0,0.0,0.0,0.04500000000000004,0.04500000000000004,history
816,1,0,1,0.07367432698093411,4.0,9.6,12.6,0.3349999999999998,0.34249999999999986,10,0.5550000000000005,0.5549999999999999,0.09000000000000008,0.0,0.0,0.0,0.04500000000000004,0.04500000000000004,history
817,1,0,1,0.07364669307849844,4.0,9.6,12.6,0.32749999999999974,0.3349999999999999,10,0.5550000000000005,0.5549999999999999,0.09000000000000008,0.0,0.0,0.0,0.04500000000000004,0.04500000000000004,history
818,1,0,1,0.07365727370650696,4.0,9.6,12.6,0.3199999999999998,0.32749999999999985,10,0.5550000000000005,0.5549999999999999,0.09000000000000008,0.0,0.0,0.0,0.04500000000000004,0.04500000000000004,history
819,1,0,0,-0.16637722749519712,3.833622772504803,9.6,12.6,0.3124999999999998,0.31999999999999984,10,0.5550000000000005,0.5549999999999999,0.09000000000000008,0.0,0.0,0.0,0.04500000000000004,0.04500000000000004,history
820,1,0,1,0.07362562323650566,3.9072483957413087,9.6,12.6,0.30499999999999977,0.31249999999999983,10,0.5550000000000005,0.5549999999999999,0.09000000000000008,0.0,0.0,0.0,0.04500000000000004,0.04500000000000004,history
821,1,0,1,0.07363692804946567,3.9808853237907744,9.6,12.6,0.2974999999999998,0.30499999999999977,10,0.5550000000000005,0.5549999999999999,0.09000000000000008,0.0,0.0,0.0,0.04500000000000004,0.04500000000000004,history
822,1,0,1,0.07366849864147758,4.0,9.6,12.6,0.28999999999999976,0.2974999999999998,10,0.5550000000000005,0.5549999999999999,0.09000000000000008,0.0,0.0,0.0,0.04500000000000004,0.04500000000000004,history
823,1,0,1,0.07363640571081176,4.0,9.6,12.6,0.28249999999999975,0.2899999999999998,10,0.5550000000000005,0.5549999999999999,0.09000000000000008,0.0,0.0,0.0,0.04500000000000004,0.04500000000000004,history
824,1,0,0,-0.16636209609414152,3.8336379039058586,9.6,12.6,0.27499999999999974,0.2824999999999998,10,0.5550000000000005,0.5549999999999999,0.09000000000000008,0.0,0.0,0.0,0.04500000000000004,0.04500000000000004,history
825,1,0,1,0.07364186988506394,3.9072797737909224,9.6,12.6,0.2674999999999997,0.27499999999999986,10,0.5550000000000005,0.5549999999999999,0.09000000000000008,0.0,0.0,0.0,0.04500000000000004,0.04500000000000004,history
826,1,0,1,0.07366246539002398,3.9809422391809464,9.6,12.6,0.25999999999999973,0.2674999999999998,10,0.5550000000000005,0.5549999999999999,0.09000000000000008,0.0,0.0,0.0,0.04500000000000004,0.04500000000000004,history
827,1,0,0,-0.1663729367087328,3.8145693024722136,9.6,12.6,0.2524999999999997,0.2599999999999998,10,0.5550000000000005,0.5549999999999999,0.09000000000000008,0.0,0.0,0.0,0.04500000000000004,0.04500000000000004,history
828,1,0,0,-0.16633817193192335,3.64823113054029,9.6,12.6,0.2449999999999997,0.2524999999999998,10,0.5550000000000005,0.5549999999999999,0.09000000000000008,0.0,0.0,0.0,0.04500000000000004,0.04500000000000004,history
829,1,0,0,-0.16637334346992855,3.4818577870703615,9.6,12.6,0.23749999999999974,0.24499999999999975,10,0.5550000000000005,0.5549999999999999,0.09000000000000008,0.0,0.0,0.0,0.04500000000000004,0.04500000000000004,history
830,1,0,1,0.07362353143283125,3.5554813185031926,9.6,12.6,0.22999999999999973,0.2374999999999998,10,0.5550000000000005,0.5549999999999999,0.09000000000000008,0.0,0.0,0.0,0.04500000000000004,0.04500000000000004,history
831,1,0,1,0.07371395926768229,3.629195277770875,9.6,12.6,0.2224999999999997,0.22999999999999976,10,0.5550000000000005,0.5549999999999999,0.09000000000000008,0.0,0.0,0.0,0.04500000000000004,0.04500000000000004,history
832,1,0,1,0.07370040802265997,3.7028956857935347,9.6,12.6,0.21499999999999966,0.22249999999999973,10,0.5550000000000005,0.5549999999999999,0.09000000000000008,0.0,0.0,0.0,0.04500000000000004,0.04500000000000004,history
833,1,0,1,0.0737214045681168,3.7766170903616514,9.6,12.6,0.20749999999999966,0.21499999999999977,10,0.5550000000000005,0.5549999999999999,0.09000000000000008,0.0,0.0,0.0,0.04500000000000004,0.04500000000000004,history
834,1,0,1,0.07370071727069674,3.850317807632348,9.6,12.6,0.1999999999999997,0.20749999999999977,10,0.5550000000000005,0.5549999999999999,0.09000000000000008,0.0,0.0,0.0,0.04500000000000004,0.04500000000000004,history
835,1,0,1,0.07367135654401985,3.923989164176368,9.6,12.6,0.19249999999999967,0.19999999999999973,10,0.5550000000000005,0.5549999999999999,0.09000000000000008,0.0,0.0,0.0,0.04500000000000004,0.04500000000000004,history
836,1,0,0,-0.1663596823218259,3.7576294818545417,9.6,12.6,0.18499999999999964,0.1924999999999997,10,0.5550000000000005,0.5549999999999999,0.09000000000000008,0.0,0.0,0.0,0.04500000000000004,0.04500000000000004,history
837,1,0,1,0.0737175716530408,3.8313470535075824,9.6,12.6,0.17749999999999966,0.18499999999999972,10,0.5550000000000005,0.5549999999999999,0.09000000000000008,0.0,0.0,0.0,0.04500000000000004,0.04500000000000004,history
838,1,0,1,0.07371819066439829,3.905065244171981,9.6,12.6,0.16999999999999968,0.17749999999999974,10,0.5550000000000005,0.5549999999999999,0.09000000000000008,0.0,0.0,0.0,0.04500000000000004,0.04500000000000004,history
839,1,0,1,0.07359567130237235,3.9786609154743533,9.6,12.6,0.16249999999999964,0.1699999999999997,10,0.5550000000000005,0.5549999999999999,0.09000000000000008,0.0,0.0,0.0,0.04500000000000004,0.04500000000000004,history
840,1,0,1,0.07372430782293252,4.0,9.6,12.6,0.1549999999999996,0.16249999999999967,10,0.5550000000000005,0.5549999999999999,0.09000000000000008,0.0,0.0,0.0,0.04500000000000004,0.04500000000000004,history
841,1,0,1,0.07370689675928338,4.0,9.6,12.6,0.14749999999999963,0.1549999999999997,10,0.5550000000000005,0.5549999999999999,0.09000000000000008,0.0,0.0,0.0,0.04500000000000004,0.04500000000000004,history
842,1,2,1,0.008684937864626664,4.0,9.6,12.6,0.13999999999999965,0.3974999999999997,10,0.5550000000000005,0.5549999999999999,0.09000000000000008,0.0,0.0,0.0,0.04500000000000004,0.04500000000000004,history
843,1,0,1,0.07371163720955856,4.0,9.6,12.6,0.13249999999999962,0.3899999999999997,10,0.5550000000000005,0.5549999999999999,0.09000000000000008,0.0,0.0,0.0,0.04500000000000004,0.04500000000000004,history
844,1,0,1,0.07372830931812609,4.0,9.6,12.6,0.1249999999999996,0.3824999999999997,10,0.5550000000000005,0.5549999999999999,0.09000000000000008,0.0,0.0,0.0,0.04500000000000004,0.04500000000000004,history
845,1,0,0,-0.1663144167822749,3.8336855832177252,9.6,12.6,0.1174999999999996,0.3749999999999996,10,0.5550000000000005,0.5549999999999999,0.09000000000000008,0.0,0.0,0.0,0.04500000000000004,0.04500000000000004,history
846,1,0,1,0.07361768176315957,3.907303264980885,9.6,12.6,0.10999999999999961,0.36749999999999966,10,0.5550000000000005,0.5549999999999999,0.09000000000000008,0.0,0.0,0.0,0.04500000000000004,0.04500000000000004,history
847,1,0,0,-0.16632091345907313,3.740982351521812,9.6,12.6,0.10249999999999959,0.35999999999999965,10,0.5550000000000005,0.5549999999999999,0.09000000000000008,0.0,0.0,0.0,0.04500000000000004,0.04500000000000004,history
848,1,1,1,0.008660288560115567,3.7496426400819276,9.6,12.6,0.3449999999999996,0.35249999999999965,10,0.5550000000000005,0.5549999999999999,0.09000000000000008,0.0,0.0,0.0,0.04500000000000004,0.04500000000000004,history
849,1,0,1,0.07356536430001492,3.8232080043819425,9.6,12.6,0.3374999999999995,0.3449999999999997,10,0.5550000000000005,0.5549999999999999,0.09000000000000008,0.0,0.0,0.0,0.04500000000000004,0.04500000000000004,history
850,1,0,1,0.07365417760769251,3.896862181989635,9.6,12.6,0.32999999999999957,0.33749999999999963,10,0.5550000000000005,0.5549999999999999,0.09000000000000008,0.0,0.0,0.0,0.04500000000000004,0.04500000000000004,history
851,1,0,0,-0.16639943257674875,3.730462749412886,9.6,12.6,0.32249999999999956,0.3299999999999996,10,0.5550000000000005,0.5549999999999999,0.09000000000000008,0.0,0.0,0.0,0.04500000000000004,0.04500000000000004,history
852,1,0,1,0.07362833657086229,3.8040910859837482,9.6,12.6,0.31499999999999956,0.3224999999999996,10,0.5550000000000005,0.5549999999999999,0.09000000000000008,0.0,0.0,0.0,0.04500000000000004,0.04500000000000004,history
853,1,0,1,0.07363230099021958,3.877723386973968,9.6,12.6,0.3074999999999996,0.31499999999999956,10,0.5550000000000005,0.5549999999999999,0.09000000000000008,0.0,0.0,0.0,0.04500000000000004,0.04500000000000004,history
854,1,0,1,0.0736201021135478,3.951343489087516,9.6,12.6,0.29999999999999954,0.3074999999999996,10,0.5550000000000005,0.5549999999999999,0.09000000000000008,0.0,0.0,0.0,0.04500000000000004,0.04500000000000004,history
855,1,0,1,0.07366297655864294,4.0,9.6,12.6,0.29249999999999954,0.2999999999999996,10,0.5550000000000005,0.5549999999999999,0.09000000000000008,0.0,0.0,0.0,0.04500000000000004,0.04500000000000004,history
856,1,2,1,0.008653322649350436,4.0,9.6,12.6,0.28499999999999953,0.4925,10,0.5550000000000005,0.5549999999999999,0.09000000000000008,0.2999999999999976,0.0,0.0,0.04500000000000004,0.04500000000000004,history
857,1,0,1,0.0735437677570707,4.0,9.6,12.6,0.27749999999999947,0.48499999999999993,10,0.5550000000000005,0.5549999999999999,0.09000000000000008,0.0,0.0,0.0,0.04500000000000004,0.04500000000000004,history
858,1,0,1,0.07366893329926892,4.0,9.6,12.6,0.2699999999999995,0.4775,10,0.5550000000000005,0.5549999999999999,0.09000000000000008,0.0,0.0,0.0,0.04500000000000004,0.04500000000000004,history
859,1,0,1,0.07356205223473798,4.0,9.6,12.6,0.2624999999999995,0.4699999999999999,10,0.5550000000000005,0.5549999999999999,0.09000000000000008,0.0,0.0,0.0,0.04500000000000004,0.04500000000000004,history
860,1,0,1,0.07365656659477306,4.0,9.6,12.6,0.2549999999999995,0.46249999999999997,10,0.5550000000000005,0.5549999999999999,0.09000000000000008,0.0,0.0,0.0,0.04500000000000004,0.04500000000000004,history
861,1,0,1,0.07357579675343996,4.0,9.6,12.6,0.24749999999999953,0.455,10,0.5550000000000005,0.5549999999999999,0.09000000000000008,0.0,0.0,0.0,0.04500000000000004,0.04500000000000004,history
862,1,0,0,-0.1664314322866492,3.8335685677133506,9.6,12.6,0.23999999999999952,0.44749999999999995,10,0.5550000000000005,0.5549999999999999,0.09000000000000008,0.0,0.0,0.0,0.04500000000000004,0.04500000000000004,history
863,1,0,1,0.07358362810171566,3.9071521958150663,9.6,12.6,0.23249999999999948,0.43999999999999995,10,0.5550000000000005,0.5549999999999999,0.09000000000000008,0.0,0.0,0.0,0.04500000000000004,0.04500000000000004,history
864,1,0,0,-0.16635028361310353,3.7408019122019627,9.6,12.6,0.22499999999999945,0.43249999999999994,10,0.5550000000000005,0.5549999999999999,0.09000000000000008,0.0,0.0,0.0,0.04500000000000004,0.04500000000000004,history
865,1,0,1,0.07359237365083136,3.814394285852794,9.6,12.6,0.21749999999999944,0.4249999999999999,10,0.5550000000000005,0.5549999999999999,0.09000000000000008,0.0,0.0,0.0,0.04500000000000004,0.04500000000000004,history
866,1,2,1,0.008563853105314104,3.822958138958108,9.6,12.6,0.2099999999999995,0.4925,10,0.5550000000000005,0.5549999999999999,0.09000000000000008,1.0499999999999996,0.0,0.0,0.04500000000000004,0.04500000000000004,history
867,1,0,1,0.0735634502918173,3.896521589249925,9.6,12.6,0.20249999999999946,0.48499999999999993,10,0.5550000000000005,0.5549999999999999,0.09000000000000008,0.0,0.0,0.0,0.04500000000000004,0.04500000000000004,history
868,1,0,1,0.07357674264918848,3.9700983318991137,9.6,12.6,0.19499999999999942,0.4775,10,0.5550000000000005,0.5549999999999999,0.09000000000000008,0.0,0.0,0.0,0.04500000000000004,0.04500000000000004,history
869,1,0,1,0.0736453034750866,4.0,9.6,12.6,0.18749999999999944,0.4699999999999999,10,0.5550000000000005,0.5549999999999999,0.09000000000000008,0.0,0.0,0.0,0.04500000000000004,0.04500000000000004,history
870,1,2,1,0.008552903305576374,4.0,9.6,12.6,0.17999999999999947,0.4925,10,0.5550000000000005,0.5549999999999999,0.09000000000000008,1.3199999999999998,0.0,0.0,0.04500000000000004,0.04500000000000004,history
871,1,0,1,0.07356111821053975,4.0,9.6,12.6,0.17249999999999943,0.48499999999999993,10,0.5550000000000005,0.5549999999999999,0.09000000000000008,0.0,0.0,0.0,0.04500000000000004,0.04500000000000004,history
872,1,0,1,0.07363366084627354,4.0,9.6,12.6,0.1649999999999994,0.4775,10,0.5550000000000005,0.5549999999999999,0.09000000000000008,0.0,0.0,0.0,0.04500000000000004,0.04500000000000004,history
873,1,0,1,0.0736590859298828,4.0,9.6,12.6,0.15749999999999942,0.4699999999999999,10,0.5550000000000005,0.5549999999999999,0.09000000000000008,0.0,0.0,0.0,0.04500000000000004,0.04500000000000004,history
874,1,0,1,0.07358979037684134,4.0,9.6,12.6,0.14999999999999944,0.46249999999999997,10,0.5550000000000005,0.5549999999999999,0.09000000000000008,0.0,0.0,0.0,0.04500000000000004,0.04500000000000004,history
875,1,0,1,0.0736272782499963,4.0,9.6,12.6,0.1424999999999994,0.455,10,0.5550000000000005,0.5549999999999999,0.09000000000000008,0.0,0.0,0.0,0.04500000000000004,0.04500000000000004,history
876,1,0,1,0.07362809125869552,4.0,9.6,12.6,0.13499999999999937,0.44749999999999995,10,0.5550000000000005,0.5549999999999999,0.09000000000000008,0.0,0.0,0.0,0.04500000000000004,0.04500000000000004,history
877,1,0,0,-0.16643766952602626,3.8335623304739737,9.6,12.6,0.1274999999999994,0.43999999999999995,10,0.5550000000000005,0.5549999999999999,0.09000000000000008,0.0,0.0,0.0,0.04500000000000004,0.04500000000000004,history
878,1,0,1,0.07365943955074332,3.907221770024717,9.6,12.6,0.1199999999999994,0.43249999999999994,10,0.5550000000000005,0.5549999999999999,0.09000000000000008,0.0,0.0,0.0,0.04500000000000004,0.04500000000000004,history
879,1,2,1,0.008679330829858492,3.9159011008545757,9.6,12.6,0.11249999999999938,0.4925,10,0.5550000000000005,0.5549999999999999,0.09000000000000008,1.0949999999999993,0.0,0.0,0.04500000000000004,0.04500000000000004,history
880,1,0,1,0.07355785945953308,3.9894589603141086,9.6,12.6,0.10499999999999936,0.48499999999999993,10,0.5550000000000005,0.5549999999999999,0.09000000000000008,0.0,0.0,0.0,0.04500000000000004,0.04500000000000004,history
881,1,0,1,0.0735517743813036,4.0,9.6,12.6,0.09749999999999936,0.4775,10,0.5550000000000005,0.5549999999999999,0.09000000000000008,0.0,0.0,0.0,0.04500000000000004,0.04500000000000004,history
882,1,0,1,0.07363629922262072,4.0,9.6,12.6,0.08999999999999936,0.4699999999999999,10,0.5550000000000005,0.5549999999999999,0.09000000000000008,0.0,0.0,0.0,0.04500000000000004,0.04500000000000004,history
883,1,0,1,0.07363791328035911,4.0,9.6,12.6,0.08249999999999935,0.46249999999999997,10,0.5550000000000005,0.5549999999999999,0.09000000000000008,0.0,0.0,0.0,0.04500000000000004,0.04500000000000004,history
884,1,0,1,0.0735823945618708,4.0,9.6,12.6,0.07499999999999934,0.455,10,0.5550000000000005,0.5549999999999999,0.09000000000000008,0.0,0.0,0.0,0.04500000000000004,0.04500000000000004,history
885,1,0,1,0.07362707648660723,4.0,9.6,12.6,0.06749999999999934,0.44749999999999995,10,0.5550000000000005,0.5549999999999999,0.09000000000000008,0.0,0.0,0.0,0.04500000000000004,0.04500000000000004,history
886,1,0,1,0.07366751302885544,4.0,9.6,12.6,0.05999999999999933,0.43999999999999995,10,0.5550000000000005,0.5549999999999999,0.09000000000000008,0.0,0.0,0.0,0.04500000000000004,0.04500000000000004,history
887,1,1,1,0.00855838589746017,4.0,9.6,12.6,0.3024999999999993,0.43249999999999994,10,0.5550000000000005,0.5549999999999999,0.09000000000000008,0.0,0.0,0.0,0.04500000000000004,0.04500000000000004,history
888,1,0,0,-0.16639612052588204,3.833603879474118,9.6,12.6,0.2949999999999993,0.4249999999999999,10,0.5550000000000005,0.5549999999999999,0.09000000000000008,0.0,0.0,0.0,0.04500000000000004,0.04500000000000004,history
889,1,0,1,0.07361691989999188,3.90722079937411,9.6,12.6,0.28749999999999926,0.4174999999999999,10,0.5550000000000005,0.5549999999999999,0.09000000000000008,0.0,0.0,0.0,0.04500000000000004,0.04500000000000004,history
890,1,0,1,0.07359681676538739,3.9808176161394977,9.6,12.6,0.2799999999999993,0.41,10,0.5550000000000005,0.5549999999999999,0.09000000000000008,0.0,0.0,0.0,0.04500000000000004,0.04500000000000004,history
891,1,0,1,0.07359499853242732,4.0,9.6,12.6,0.2724999999999993,0.4024999999999999,10,0.5550000000000005,0.5549999999999999,0.09000000000000008,0.0,0.0,0.0,0.04500000000000004,0.04500000000000004,history
892,1,0,1,0.07364158784861351,4.0,9.6,12.6,0.2649999999999993,0.39499999999999996,10,0.5550000000000005,0.5549999999999999,0.09000000000000008,0.0,0.0,0.0,0.04500000000000004,0.04500000000000004,history
893,1,0,1,0.07360529219826042,4.0,9.6,12.6,0.25749999999999934,0.3874999999999999,10,0.5550000000000005,0.5549999999999999,0.09000000000000008,0.0,0.0,0.0,0.04500000000000004,0.04500000000000004,history
894,1,0,1,0.0736149618960589,4.0,9.6,12.6,0.2499999999999993,0.3799999999999999,10,0.5550000000000005,0.5549999999999999,0.09000000000000008,0.0,0.0,0.0,0.04500000000000004,0.04500000000000004,history
895,1,2,1,0.008601539947912117,4.0,9.6,12.6,0.24249999999999927,0.4925,10,0.5550000000000005,0.5549999999999999,0.09000000000000008,0.7799999999999994,0.0,0.0,0.04500000000000004,0.04500000000000004,history
896,1,0,1,0.0736003709188787,4.0,9.6,12.6,0.23499999999999924,0.48499999999999993,11,0.5550000000000005,0.5549999999999999,0.09000000000000008,0.0,0.0,0.0,0.04500000000000004,0.04500000000000004,history
897,1,0,0,-0.1664289049461985,3.8335710950538013,9.6,12.6,0.22749999999999923,0.4775,11,0.5550000000000005,0.5549999999999999,0.09000000000000008,0.0,0.0,0.0,0.04500000000000004,0.04500000000000004,history
898,1,0,1,0.07358217054625343,3.907153265600055,9.6,12.6,0.21999999999999928,0.4699999999999999,11,0.5550000000000005,0.5549999999999999,0.09000000000000008,0.0,0.0,0.0,0.04500000000000004,0.04500000000000004,history
899,1,2,1,0.008608141083309095,3.915761406683364,9.6,12.6,0.21249999999999925,0.4925,11,0.5550000000000005,0.5549999999999999,0.09000000000000008,1.3199999999999998,0.0,0.0,0.04500000000000004,0.04500000000000004,history
900,1,0,1,0.07356058192893884,3.989321988612303,9.6,12.6,0.2049999999999992,0.48499999999999993,11,0.5550000000000005,0.5549999999999999,0.09000000000000008,0.0,0.0,0.0,0.04500000000000004,0.04500000000000004,history
901,1,0,0,-0.16641386369119116,3.8229081249211116,9.6,12.6,0.19749999999999923,0.4775,11,0.5550000000000005,0.5549999999999999,0.09000000000000008,0.0,0.0,0.0,0.04500000000000004,0.04500000000000004,history
902,1,0,1,0.07363532914922756,3.8965434540703394,9.6,12.6,0.18999999999999925,0.4699999999999999,11,0.5550000000000005,0.5549999999999999,0.09000000000000008,0.0,0.0,0.0,0.04500000000000004,0.04500000000000004,history
903,1,0,1,0.07365032729164692,3.9701937813619863,9.6,12.6,0.18249999999999922,0.46249999999999997,11,0.5550000000000005,0.5549999999999999,0.09000000000000008,0.0,0.0,0.0,0.04500000000000004,0.04500000000000004,history
904,1,0,1,0.07356825872687817,4.0,9.6,12.6,0.17499999999999918,0.455,11,0.5550000000000005,0.5549999999999999,0.09000000000000008,0.0,0.0,0.0,0.04500000000000004,0.04500000000000004,history
905,1,0,0,-0.16640581562104104,3.833594184378959,9.6,12.6,0.1674999999999992,0.44749999999999995,11,0.5550000000000005,0.5549999999999999,0.09000000000000008,0.0,0.0,0.0,0.04500000000000004,0.04500000000000004,history
906,1,0,1,0.07358940448396382,3.9071835888629227,9.6,12.6,0.15999999999999923,0.43999999999999995,11,0.5550000000000005,0.5549999999999999,0.09000000000000008,0.0,0.0,0.0,0.04500000000000004,0.04500000000000004,history
907,1,0,1,0.07360755971350318,3.980791148576426,9.6,12.6,0.1524999999999992,0.43249999999999994,11,0.5550000000000005,0.5549999999999999,0.09000000000000008,0.0,0.0,0.0,0.04500000000000004,0.04500000000000004,history
908,1,0,1,0.07358265891869165,4.0,9.6,12.6,0.14499999999999916,0.4249999999999999,11,0.5550000000000005,0.5549999999999999,0.09000000000000008,0.0,0.0,0.0,0.04500000000000004,0.04500000000000004,history
909,1,0,1,0.07354608385584756,4.0,9.6,12.6,0.13749999999999918,0.4174999999999999,11,0.5550000000000005,0.5549999999999999,0.09000000000000008,0.0,0.0,0.0,0.04500000000000004,0.04500000000000004,history
910,1,0,0,-0.1664015829376852,3.8335984170623147,9.6,12.6,0.1299999999999992,0.41,11,0.5550000000000005,0.5549999999999999,0.09000000000000008,0.0,0.0,0.0,0.04500000000000004,0.04500000000000004,history
911,1,0,1,0.0735959575092204,3.907194374571535,9.6,12.6,0.12249999999999917,0.4024999999999999,11,0.5550000000000005,0.5549999999999999,0.09000000000000008,0.0,0.0,0.0,0.04500000000000004,0.04500000000000004,history
912,1,0,0,-0.16636441755995984,3.7408299570115755,9.6,12.6,0.11499999999999914,0.39499999999999996,11,0.5550000000000005,0.5549999999999999,0.09000000000000008,0.0,0.0,0.0,0.04500000000000004,0.04500000000000004,history
913,1,1,1,0.008607980490467099,3.7494379375020426,9.6,12.6,0.3574999999999991,0.3874999999999999,11,0.5550000000000005,0.5549999999999999,0.09000000000000008,0.0,0.0,0.0,0.04500000000000004,0.04500000000000004,history
914,1,0,1,0.07353161576510592,3.8229695532671486,9.6,12.6,0.34999999999999915,0.3799999999999999,11,0.5550000000000005,0.5549999999999999,0.09000000000000008,0.0,0.0,0.0,0.04500000000000004,0.04500000000000004,history
915,1,0,1,0.07354892970399472,3.8965184829711434,9.6,12.6,0.34249999999999914,0.3724999999999999,11,0.5550000000000005,0.5549999999999999,0.09000000000000008,0.0,0.0,0.0,0.04500000000000004,0.04500000000000004,history
916,1,0,1,0.0735609838419468,3.97007946681309,9.6,12.6,0.33499999999999913,0.3649999999999998,11,0.5550000000000005,0.5549999999999999,0.09000000000000008,0.0,0.0,0.0,0.04500000000000004,0.04500000000000004,history
917,1,0,1,0.0735590050717268,4.0,9.6,12.6,0.3274999999999992,0.3574999999999999,11,0.5550000000000005,0.5549999999999999,0.09000000000000008,0.0,0.0,0.0,0.04500000000000004,0.04500000000000004,history
918,1,0,1,0.07357466980059833,4.0,9.6,12.6,0.3199999999999991,0.34999999999999987,11,0.5550000000000005,0.5549999999999999,0.09000000000000008,0.0,0.0,0.0,0.04500000000000004,0.04500000000000004,history
919,1,0,1,0.07351582056151683,4.0,9.6,12.6,0.3124999999999991,0.34249999999999986,11,0.5550000000000005,0.5549999999999999,0.09000000000000008,0.0,0.0,0.0,0.04500000000000004,0.04500000000000004,history
920,1,0,1,0.0735899427562422,4.0,9.6,12.6,0.3049999999999991,0.3349999999999999,11,0.5550000000000005,0.5549999999999999,0.09000000000000008,0.0,0.0,0.0,0.04500000000000004,0.04500000000000004,history
921,1,0,1,0.0735956388176799,4.0,9.6,12.6,0.29749999999999904,0.32749999999999985,11,0.5550000000000005,0.5549999999999999,0.09000000000000008,0.0,0.0,0.0,0.04500000000000004,0.04500000000000004,history
922,1,0,1,0.07355373023020577,4.0,9.6,12.6,0.2899999999999991,0.31999999999999984,11,0.5550000000000005,0.5549999999999999,0.09000000000000008,0.0,0.0,0.0,0.04500000000000004,0.04500000000000004,history
923,1,0,0,-0.16640317602343022,3.8335968239765696,9.6,12.6,0.2824999999999991,0.31249999999999983,11,0.5550000000000005,0.5549999999999999,0.09000000000000008,0.0,0.0,0.0,0.04500000000000004,0.04500000000000004,history
924,1,0,1,0.07359766758138979,3.9071944915579593,9.6,12.6,0.2749999999999991,0.30499999999999977,11,0.5550000000000005,0.5549999999999999,0.09000000000000008,0.0,0.0,0.0,0.04500000000000004,0.04500000000000004,history
925,1,0,1,0.07358174200613074,3.98077623356409,9.6,12.6,0.2674999999999991,0.2974999999999998,11,0.5550000000000005,0.5549999999999999,0.09000000000000008,0.0,0.0,0.0,0.04500000000000004,0.04500000000000004,history
926,1,2,0,-0.23140144291471465,3.7493747906493753,9.6,12.6,0.25999999999999907,0.4924999999999999,11,0.5550000000000005,0.5549999999999999,0.09000000000000008,0.28499999999999925,0.0,5.551115123125783e-17,0.04500000000000004,0.04500000000000004,history
927,1,0,1,0.07357000893784633,3.8229447995872214,9.6,12.6,0.25249999999999906,0.48499999999999993,11,0.5550000000000005,0.5549999999999999,0.09000000000000008,0.0,0.0,0.0,0.04500000000000004,0.04500000000000004,history
928,1,0,0,-0.16644175355794327,3.656503046029278,9.6,12.6,0.24499999999999902,0.4775,11,0.5550000000000005,0.5549999999999999,0.09000000000000008,0.0,0.0,0.0,0.04500000000000004,0.04500000000000004,history
929,1,0,1,0.07354069438222441,3.7300437404115026,9.6,12.6,0.23749999999999902,0.4699999999999999,11,0.5550000000000005,0.5549999999999999,0.09000000000000008,0.0,0.0,0.0,0.04500000000000004,0.04500000000000004,history
930,1,0,1,0.07358856999376502,3.8036323104052676,9.6,12.6,0.22999999999999907,0.4624999999999999,11,0.5550000000000005,0.5549999999999999,0.09000000000000008,0.0,0.0,0.0,0.04500000000000004,0.04500000000000004,history
931,1,0,1,0.07357554716755485,3.8772078575728224,9.6,12.6,0.22249999999999903,0.4549999999999999,11,0.5550000000000005,0.5549999999999999,0.09000000000000008,0.0,0.0,0.0,0.04500000000000004,0.04500000000000004,history
932,1,0,0,-0.1664555197016442,3.710752337871178,9.6,12.6,0.214999999999999,0.44749999999999984,11,0.5550000000000005,0.5549999999999999,0.09000000000000008,0.0,0.0,0.0,0.04500000000000004,0.04500000000000004,history
933,1,0,1,0.07355750998641698,3.784309847857595,9.6,12.6,0.20749999999999905,0.4399999999999999,11,0.5550000000000005,0.5549999999999999,0.09000000000000008,0.0,0.0,0.0,0.04500000000000004,0.04500000000000004,history
934,1,2,1,0.00859374321620092,3.792903591073796,9.6,12.6,0.19999999999999904,0.4924999999999999,11,0.5550000000000005,0.5549999999999999,0.09000000000000008,1.1399999999999997,0.0,5.551115123125783e-17,0.04500000000000004,0.04500000000000004,history
935,1,0,1,0.07354183722810605,3.866445428301902,9.6,12.6,0.192499999999999,0.48499999999999993,11,0.5550000000000005,0.5549999999999999,0.09000000000000008,0.0,0.0,0.0,0.04500000000000004,0.04500000000000004,history
936,1,0,1,0.07359203231796846,3.9400374606198705,9.6,12.6,0.18499999999999897,0.4775,11,0.5550000000000005,0.5549999999999999,0.09000000000000008,0.0,0.0,0.0,0.04500000000000004,0.04500000000000004,history
937,1,0,1,0.07357137113975147,4.0,9.6,12.6,0.177499999999999,0.4699999999999999,11,0.5550000000000005,0.5549999999999999,0.09000000000000008,0.0,0.0,0.0,0.04500000000000004,0.04500000000000004,history
938,1,0,1,0.07357483322738284,4.0,9.6,12.6,0.169999999999999,0.4624999999999999,11,0.5550000000000005,0.5549999999999999,0.09000000000000008,0.0,0.0,0.0,0.04500000000000004,0.04500000000000004,history
939,1,0,1,0.07356528451258129,4.0,9.6,12.6,0.16249999999999898,0.4549999999999999,11,0.5550000000000005,0.5549999999999999,0.09000000000000008,0.0,0.0,0.0,0.04500000000000004,0.04500000000000004,history
940,1,0,1,0.07357624443427244,4.0,9.6,12.6,0.15499999999999894,0.44749999999999984,11,0.5550000000000005,0.5549999999999999,0.09000000000000008,0.0,0.0,0.0,0.04500000000000004,0.04500000000000004,history
941,1,0,1,0.07357208471203129,4.0,9.6,12.6,0.14749999999999897,0.4399999999999999,11,0.5550000000000005,0.5549999999999999,0.09000000000000008,0.0,0.0,0.0,0.04500000000000004,0.04500000000000004,history
942,1,0,1,0.07355763393283933,4.0,9.6,12.6,0.139999999999999,0.43249999999999994,11,0.5550000000000005,0.5549999999999999,0.09000000000000008,0.0,0.0,0.0,0.04500000000000004,0.04500000000000004,history
943,1,0,1,0.07357806588036726,4.0,9.6,12.6,0.13249999999999895,0.4249999999999999,11,0.5550000000000005,0.5549999999999999,0.09000000000000008,0.0,0.0,0.0,0.04500000000000004,0.04500000000000004,history
944,1,0,1,0.07357032314271854,4.0,9.6,12.6,0.12499999999999893,0.4174999999999999,11,0.5550000000000005,0.5549999999999999,0.09000000000000008,0.0,0.0,0.0,0.04500000000000004,0.04500000000000004,history
945,1,0,1,0.07357180126190882,4.0,9.6,12.6,0.11749999999999894,0.40999999999999986,11,0.5550000000000005,0.5549999999999999,0.09000000000000008,0.0,0.0,0.0,0.04500000000000004,0.04500000000000004,history
946,1,0,1,0.07361162496133848,4.0,9.6,12.6,0.10999999999999895,0.40249999999999986,11,0.5550000000000005,0.5549999999999999,0.09000000000000008,0.0,0.0,0.0,0.04500000000000004,0.04500000000000004,history
947,1,0,1,0.07359431245582396,4.0,9.6,12.6,0.10249999999999893,0.39499999999999985,11,0.5550000000000005,0.5549999999999999,0.09000000000000008,0.0,0.0,0.0,0.04500000000000004,0.04500000000000004,history
948,1,0,1,0.0735910833245165,4.0,9.6,12.6,0.09499999999999892,0.3874999999999998,11,0.5550000000000005,0.5549999999999999,0.09000000000000008,0.0,0.0,0.0,0.04500000000000004,0.04500000000000004,history
949,1,0,1,0.07359203950679737,4.0,9.6,12.6,0.08749999999999891,0.37999999999999984,11,0.5550000000000005,0.5549999999999999,0.09000000000000008,0.0,0.0,0.0,0.04500000000000004,0.04500000000000004,history
950,1,0,0,-0.1664402826536828,3.833559717346317,9.6,12.6,0.0799999999999989,0.37249999999999983,11,0.5550000000000005,0.5549999999999999,0.09000000000000008,0.0,0.0,0.0,0.04500000000000004,0.04500000000000004,history
951,1,0,1,0.07360895571223768,3.9071686730585546,9.6,12.6,0.0724999999999989,0.3649999999999998,11,0.5550000000000005,0.5549999999999999,0.09000000000000008,0.0,0.0,0.0,0.04500000000000004,0.04500000000000004,history
952,1,1,1,0.008557553642413809,3.9157262267009685,9.6,12.6,0.3149999999999989,0.3574999999999999,11,0.5550000000000005,0.5549999999999999,0.09000000000000008,0.0,0.0,0.0,0.04500000000000004,0.04500000000000004,history
953,1,0,1,0.07358519506588437,3.989311421766853,9.6,12.6,0.30749999999999883,0.3499999999999998,11,0.5550000000000005,0.5549999999999999,0.09000000000000008,0.0,0.0,0.0,0.04500000000000004,0.04500000000000004,history
954,1,0,1,0.07355125432652793,4.0,9.6,12.6,0.2999999999999989,0.3424999999999998,11,0.5550000000000005,0.5549999999999999,0.09000000000000008,0.0,0.0,0.0,0.04500000000000004,0.04500000000000004,history
955,1,0,0,-0.1664297319140281,3.833570268085972,9.6,12.6,0.29249999999999887,0.3349999999999998,11,0.5550000000000005,0.5549999999999999,0.09000000000000008,0.0,0.0,0.0,0.04500000000000004,0.04500000000000004,history
956,1,0,1,0.07356102008807706,3.907131288174049,9.6,12.6,0.28499999999999887,0.32749999999999974,11,0.5550000000000005,0.5549999999999999,0.09000000000000008,0.0,0.0,0.0,0.04500000000000004,0.04500000000000004,history
957,1,0,1,0.07358320241940634,3.9807144905934555,9.6,12.6,0.2774999999999989,0.3199999999999998,11,0.5550000000000005,0.5549999999999999,0.09000000000000008,0.0,0.0,0.0,0.04500000000000004,0.04500000000000004,history
958,1,0,1,0.07357861154345528,4.0,9.6,12.6,0.26999999999999885,0.3124999999999998,11,0.5550000000000005,0.5549999999999999,0.09000000000000008,0.0,0.0,0.0,0.04500000000000004,0.04500000000000004,history
959,1,0,1,0.07359935451803655,4.0,9.6,12.6,0.26249999999999885,0.30499999999999977,11,0.5550000000000005,0.5549999999999999,0.09000000000000008,0.0,0.0,0.0,0.04500000000000004,0.04500000000000004,history
960,1,0,1,0.07358600871641574,4.0,9.6,12.6,0.25499999999999884,0.2974999999999998,11,0.5550000000000005,0.5549999999999999,0.09000000000000008,0.0,0.0,0.0,0.04500000000000004,0.04500000000000004,history
961,1,0,1,0.07353373014993726,4.0,9.6,12.6,0.2474999999999988,0.28999999999999976,11,0.5550000000000005,0.5549999999999999,0.09000000000000008,0.0,0.0,0.0,0.04500000000000004,0.04500000000000004,history
962,1,0,1,0.07360286835293145,4.0,9.6,12.6,0.23999999999999885,0.28249999999999975,11,0.5550000000000005,0.5549999999999999,0.09000000000000008,0.0,0.0,0.0,0.04500000000000004,0.04500000000000004,history
963,1,0,1,0.07359159319638449,4.0,9.6,12.6,0.23249999999999882,0.27499999999999974,11,0.5550000000000005,0.5549999999999999,0.09000000000000008,0.0,0.0,0.0,0.04500000000000004,0.04500000000000004,history
964,1,0,1,0.07354787823574964,4.0,9.6,12.6,0.22499999999999878,0.2674999999999997,11,0.5550000000000005,0.5549999999999999,0.09000000000000008,0.0,0.0,0.0,0.04500000000000004,0.04500000000000004,history
965,1,0,1,0.0736134293958529,4.0,9.6,12.6,0.21749999999999883,0.25999999999999973,11,0.5550000000000005,0.5549999999999999,0.09000000000000008,0.0,0.0,0.0,0.04500000000000004,0.04500000000000004,history
966,1,2,1,0.008598535202494277,4.0,9.6,12.6,0.20999999999999883,0.4924999999999999,11,0.5550000000000005,0.5549999999999999,0.09000000000000008,0.05999999999999872,0.0,5.551115123125783e-17,0.04500000000000004,0.04500000000000004,history
967,1,0,1,0.07354632583681146,4.0,9.6,12.6,0.2024999999999988,0.48499999999999993,11,0.5550000000000005,0.5549999999999999,0.09000000000000008,0.0,0.0,0.0,0.04500000000000004,0.04500000000000004,history
968,1,0,0,-0.16641309836582655,3.8335869016341735,9.6,12.6,0.19499999999999876,0.4775,11,0.5550000000000005,0.5549999999999999,0.09000000000000008,0.0,0.0,0.0,0.04500000000000004,0.04500000000000004,history
969,1,0,1,0.07357368009875598,3.9071605817329296,9.6,12.6,0.18749999999999878,0.4699999999999999,11,0.5550000000000005,0.5549999999999999,0.09000000000000008,0.0,0.0,0.0,0.04500000000000004,0.04500000000000004,history
970,1,0,1,0.073559512538396,3.9807200942713257,9.6,12.6,0.1799999999999988,0.4624999999999999,11,0.5550000000000005,0.5549999999999999,0.09000000000000008,0.0,0.0,0.0,0.04500000000000004,0.04500000000000004,history
971,1,0,1,0.07353997270004985,4.0,9.6,12.6,0.17249999999999877,0.4549999999999999,11,0.5550000000000005,0.5549999999999999,0.09000000000000008,0.0,0.0,0.0,0.04500000000000004,0.04500000000000004,history
972,1,0,1,0.07356812072696255,4.0,9.6,12.6,0.16499999999999873,0.44749999999999984,11,0.5550000000000005,0.5549999999999999,0.09000000000000008,0.0,0.0,0.0,0.04500000000000004,0.04500000000000004,history
973,1,0,1,0.07357054407775623,4.0,9.6,12.6,0.15749999999999875,0.4399999999999999,11,0.5550000000000005,0.5549999999999999,0.09000000000000008,0.0,0.0,0.0,0.04500000000000004,0.04500000000000004,history
974,1,0,1,0.07358698816550562,4.0,9.6,12.6,0.14999999999999877,0.43249999999999994,11,0.5550000000000005,0.5549999999999999,0.09000000000000008,0.0,0.0,0.0,0.04500000000000004,0.04500000000000004,history
975,1,0,1,0.07356933144897859,4.0,9.6,12.6,0.14249999999999874,0.4249999999999999,11,0.5550000000000005,0.5549999999999999,0.09000000000000008,0.0,0.0,0.0,0.04500000000000004,0.04500000000000004,history
976,1,0,1,0.07359544567221772,4.0,9.6,12.6,0.1349999999999987,0.4174999999999999,11,0.5550000000000005,0.5549999999999999,0.09000000000000008,0.0,0.0,0.0,0.04500000000000004,0.04500000000000004,history
977,1,0,1,0.07356424602095808,4.0,9.6,12.6,0.12749999999999873,0.40999999999999986,11,0.5550000000000005,0.5549999999999999,0.09000000000000008,0.0,0.0,0.0,0.04500000000000004,0.04500000000000004,history
978,1,0,1,0.07357397228736692,4.0,9.6,12.6,0.11999999999999873,0.40249999999999986,11,0.5550000000000005,0.5549999999999999,0.09000000000000008,0.0,0.0,0.0,0.04500000000000004,0.04500000000000004,history
979,1,0,1,0.07360296033427666,4.0,9.6,12.6,0.11249999999999871,0.39499999999999985,11,0.5550000000000005,0.5549999999999999,0.09000000000000008,0.0,0.0,0.0,0.04500000000000004,0.04500000000000004,history
980,1,0,1,0.07358509312287893,4.0,9.6,12.6,0.10499999999999869,0.3874999999999998,11,0.5550000000000005,0.5549999999999999,0.09000000000000008,0.0,0.0,0.0,0.04500000000000004,0.04500000000000004,history
981,1,0,1,0.0736008497391132,4.0,9.6,12.6,0.0974999999999987,0.37999999999999984,11,0.5550000000000005,0.5549999999999999,0.09000000000000008,0.0,0.0,0.0,0.04500000000000004,0.04500000000000004,history
982,1,0,1,0.07354714131167996,4.0,9.6,12.6,0.08999999999999869,0.37249999999999983,11,0.5550000000000005,0.5549999999999999,0.09000000000000008,0.0,0.0,0.0,0.04500000000000004,0.04500000000000004,history
983,1,0,1,0.0735722082310461,4.0,9.6,12.6,0.08249999999999869,0.3649999999999998,11,0.5550000000000005,0.5549999999999999,0.09000000000000008,0.0,0.0,0.0,0.04500000000000004,0.04500000000000004,history
984,1,2,1,0.008583722645087204,4.0,9.6,12.6,0.07499999999999868,0.4925,11,0.5550000000000005,0.5549999999999999,0.09000000000000008,0.6899999999999986,0.0,0.0,0.04500000000000004,0.04500000000000004,history
985,1,0,1,0.07355666685467127,4.0,9.6,12.6,0.06749999999999867,0.48499999999999993,11,0.5550000000000005,0.5549999999999999,0.09000000000000008,0.0,0.0,0.0,0.04500000000000004,0.04500000000000004,history
986,1,0,1,0.07354931044676563,4.0,9.6,12.6,0.059999999999998666,0.4775,11,0.5550000000000005,0.5549999999999999,0.09000000000000008,0.0,0.0,0.0,0.04500000000000004,0.04500000000000004,history
987,1,0,1,0.07350646036371884,4.0,9.6,12.6,0.05249999999999866,0.4699999999999999,11,0.5550000000000005,0.5549999999999999,0.09000000000000008,0.0,0.0,0.0,0.04500000000000004,0.04500000000000004,history
988,1,2,1,0.008535824457262163,4.0,9.6,12.6,0.04499999999999865,0.4925,11,0.5550000000000005,0.5549999999999999,0.09000000000000008,1.3199999999999998,0.0,0.0,0.04500000000000004,0.04500000000000004,history
989,1,0,1,0.0735939771281448,4.0,9.6,12.6,0.037499999999998646,0.48499999999999993,11,0.5550000000000005,0.5549999999999999,0.09000000000000008,0.0,0.0,0.0,0.04500000000000004,0.04500000000000004,history
990,1,1,1,0.00852198826475679,4.0,9.6,12.6,0.27999999999999864,0.4775,11,0.5550000000000005,0.5549999999999999,0.09000000000000008,0.0,0.0,0.0,0.04500000000000004,0.04500000000000004,history
991,1,0,1,0.07360025740751759,4.0,9.6,12.6,0.27249999999999863,0.4699999999999999,11,0.5550000000000005,0.5549999999999999,0.09000000000000008,0.0,0.0,0.0,0.04500000000000004,0.04500000000000004,history
992,1,0,0,-0.1664383687057728,3.833561631294227,9.6,12.6,0.2649999999999986,0.46249999999999997,11,0.5550000000000005,0.5549999999999999,0.09000000000000008,0.0,0.0,0.0,0.04500000000000004,0.04500000000000004,history
993,1,0,1,0.07359332151642559,3.907154952810653,9.6,12.6,0.25749999999999856,0.455,11,0.5550000000000005,0.5549999999999999,0.09000000000000008,0.0,0.0,0.0,0.04500000000000004,0.04500000000000004,history
994,1,0,1,0.0735712982824228,3.9807262510930754,9.6,12.6,0.24999999999999864,0.44749999999999995,11,0.5550000000000005,0.5549999999999999,0.09000000000000008,0.0,0.0,0.0,0.04500000000000004,0.04500000000000004,history
995,1,0,1,0.07354541458024394,4.0,9.6,12.6,0.2424999999999986,0.43999999999999995,11,0.5550000000000005,0.5549999999999999,0.09000000000000008,0.0,0.0,0.0,0.04500000000000004,0.04500000000000004,history
996,1,0,0,-0.16645557039419637,3.8335444296058037,9.6,12.6,0.23499999999999857,0.43249999999999994,11,0.5550000000000005,0.5549999999999999,0.09000000000000008,0.0,0.0,0.0,0.04500000000000004,0.04500000000000004,history
997,1,0,1,0.07352632683029846,3.9070707564361022,9.6,12.6,0.22749999999999862,0.4249999999999999,11,0.5550000000000005,0.5549999999999999,0.09000000000000008,0.0,0.0,0.0,0.04500000000000004,0.04500000000000004,history
998,1,2,1,0.00855018776239974,3.915620944198502,9.6,12.6,0.2199999999999986,0.4925,11,0.5550000000000005,0.5549999999999999,0.09000000000000008,1.0499999999999996,0.0,0.0,0.04500000000000004,0.04500000000000004,history
999,1,1,1,0.00852027005541912,3.9241412142539214,9.6,12.6,0.4624999999999986,0.48499999999999993,11,0.5550000000000005,0.5549999999999999,0.09000000000000008,0.0,0.0,0.0,0.04500000000000004,0.04500000000000004,history
1000,1,0,1,0.07354228182477911,3.9976834960787007,9.6,12.6,0.4549999999999986,0.4775,11,0.5550000000000005,0.5549999999999999,0.09000000000000008,0.0,0.0,0.0,0.04500000000000004,0.04500000000000004,history
1001,1,0,1,0.07351405717524692,4.0,9.6,12.6,0.4474999999999985,0.4699999999999999,11,0.5550000000000005,0.5549999999999999,0.09000000000000008,0.0,0.0,0.0,0.04500000000000004,0.04500000000000004,history
1002,1,0,1,0.07352941347168125,4.0,9.6,12.6,0.43999999999999856,0.46249999999999997,11,0.5550000000000005,0.5549999999999999,0.09000000000000008,0.0,0.0,0.0,0.04500000000000004,0.04500000000000004,history
1003,1,1,1,0.008452475993985176,4.0,9.6,12.6,0.4924999999999999,0.455,11,0.5550000000000005,0.5549999999999999,0.09000000000000008,1.1399999999999917,0.0,5.551115123125783e-17,0.04500000000000004,0.04500000000000004,history
1004,1,0,1,0.0734990423536311,4.0,9.6,12.6,0.48499999999999993,0.44749999999999995,11,0.5550000000000005,0.5549999999999999,0.09000000000000008,0.0,0.0,0.0,0.04500000000000004,0.04500000000000004,history
1005,1,0,1,0.07353793885198534,4.0,9.6,12.6,0.4775,0.43999999999999995,11,0.5550000000000005,0.5549999999999999,0.09000000000000008,0.0,0.0,0.0,0.04500000000000004,0.04500000000000004,history
1006,1,2,1,0.008534248835378648,4.0,9.6,12.6,0.4699999999999999,0.4925,11,0.5550000000000005,0.5549999999999999,0.09000000000000008,1.1399999999999997,0.0,0.0,0.04500000000000004,0.04500000000000004,history
1007,1,0,0,-0.1665534364027191,3.8334465635972808,9.6,12.6,0.4624999999999999,0.48499999999999993,11,0.5550000000000005,0.5549999999999999,0.09000000000000008,0.0,0.0,0.0,0.04500000000000004,0.04500000000000004,history
1008,1,2,1,0.00844181403294876,3.8418883776302297,9.6,12.6,0.4549999999999999,0.4925,11,0.5550000000000005,0.5549999999999999,0.09000000000000008,1.4099999999999997,0.0,0.0,0.04500000000000004,0.04500000000000004,history
1009,1,0,1,0.07351535431544645,3.915403731945676,9.6,12.6,0.44749999999999984,0.48499999999999993,11,0.5550000000000005,0.5549999999999999,0.09000000000000008,0.0,0.0,0.0,0.04500000000000004,0.04500000000000004,history
1010,1,0,0,-0.16648419610469214,3.748919535840984,9.6,12.6,0.4399999999999999,0.4775,11,0.5550000000000005,0.5549999999999999,0.09000000000000008,0.0,0.0,0.0,0.04500000000000004,0.04500000000000004,history
1011,1,0,1,0.07350158672015207,3.822421122561136,9.6,12.6,0.43249999999999994,0.4699999999999999,11,0.5550000000000005,0.5549999999999999,0.09000000000000008,0.0,0.0,0.0,0.04500000000000004,0.04500000000000004,history
1012,1,0,1,0.07353719903713234,3.8959583215982687,9.6,12.6,0.4249999999999999,0.46249999999999997,11,0.5550000000000005,0.5549999999999999,0.09000000000000008,0.0,0.0,0.0,0.04500000000000004,0.04500000000000004,history
1013,1,0,1,0.0735168983434766,3.9694752199417453,9.6,12.6,0.4174999999999999,0.455,11,0.5550000000000005,0.5549999999999999,0.09000000000000008,0.0,0.0,0.0,0.04500000000000004,0.04500000000000004,history
1014,1,0,1,0.07341040162037517,4.0,9.6,12.6,0.40999999999999986,0.44749999999999995,11,0.5550000000000005,0.5549999999999999,0.09000000000000008,0.0,0.0,0.0,0.04500000000000004,0.04500000000000004,history
1015,1,0,0,-0.16653466411019183,3.8334653358898083,9.6,12.6,0.40249999999999986,0.43999999999999995,11,0.5550000000000005,0.5549999999999999,0.09000000000000008,0.0,0.0,0.0,0.04500000000000004,0.04500000000000004,history
1016,1,0,1,0.07346395260310265,3.9069292884929108,9.6,12.6,0.39499999999999985,0.43249999999999994,11,0.5550000000000005,0.5549999999999999,0.09000000000000008,0.0,0.0,0.0,0.04500000000000004,0.04500000000000004,history
1017,1,0,1,0.07343263756988996,3.980361926062801,9.6,12.6,0.3874999999999998,0.4249999999999999,11,0.5550000000000005,0.5549999999999999,0.09000000000000008,0.0,0.0,0.0,0.04500000000000004,0.04500000000000004,history
1018,1,0,1,0.07354063166871129,4.0,9.6,12.6,0.37999999999999984,0.4174999999999999,11,0.5550000000000005,0.5549999999999999,0.09000000000000008,0.0,0.0,0.0,0.04500000000000004,0.04500000000000004,history
1019,1,0,1,0.07346969022102356,4.0,9.6,12.6,0.37249999999999983,0.41,11,0.5550000000000005,0.5549999999999999,0.09000000000000008,0.0,0.0,0.0,0.04500000000000004,0.04500000000000004,history
1020,1,0,1,0.07349766504848719,4.0,9.6,12.6,0.3649999999999998,0.4024999999999999,11,0.5550000000000005,0.5549999999999999,0.09000000000000008,0.0,0.0,0.0,0.04500000000000004,0.04500000000000004,history
1021,1,0,1,0.07352693145022968,4.0,9.6,12.6,0.3574999999999999,0.39499999999999996,11,0.5550000000000005,0.5549999999999999,0.09000000000000008,0.0,0.0,0.0,0.04500000000000004,0.04500000000000004,history
1022,1,1,0,-0.2315264313693999,3.7684735686306,9.6,12.6,0.4925,0.3874999999999999,11,0.5550000000000005,0.5549999999999999,0.09000000000000008,0.6449999999999989,0.0,0.0,0.04500000000000004,0.04500000000000004,history
1023,1,0,1,0.07346290920808118,3.841936477838681,9.6,12.6,0.48499999999999993,0.3799999999999999,11,0.5550000000000005,0.5549999999999999,0.09000000000000008,0.0,0.0,0.0,0.04500000000000004,0.04500000000000004,history
1024,1,0,0,-0.1665929029174904,3.8334070970825094,9.6,12.6,0.4775,0.3724999999999999,12,0.5550000000000005,0.5549999999999999,0.09000000000000008,0.0,0.0,0.0,0.04500000000000004,0.04500000000000004,history
1025,1,0,1,0.07341805604144847,3.906825153123958,9.6,12.6,0.4699999999999999,0.3649999999999998,12,0.5550000000000005,0.5549999999999999,0.09000000000000008,0.0,0.0,0.0,0.04500000000000004,0.04500000000000004,history
1026,1,1,1,0.008486981070475139,3.915312134194433,9.6,12.6,0.4925,0.3574999999999999,12,0.5550000000000005,0.5549999999999999,0.09000000000000008,1.3199999999999998,0.0,0.0,0.04500000000000004,0.04500000000000004,history
1027,1,0,1,0.07344013858872693,3.98875227278316,9.6,12.6,0.48499999999999993,0.34999999999999987,12,0.5550000000000005,0.5549999999999999,0.09000000000000008,0.0,0.0,0.0,0.04500000000000004,0.04500000000000004,history
1028,1,0,1,0.0734927768613942,4.0,9.6,12.6,0.4775,0.34249999999999986,12,0.5550000000000005,0.5549999999999999,0.09000000000000008,0.0,0.0,0.0,0.04500000000000004,0.04500000000000004,history
1029,1,0,1,0.07346166727168016,4.0,9.6,12.6,0.4699999999999999,0.3349999999999999,12,0.5550000000000005,0.5549999999999999,0.09000000000000008,0.0,0.0,0.0,0.04500000000000004,0.04500000000000004,history
1030,1,1,1,0.008450095787692987,4.0,9.6,12.6,0.4925,0.32749999999999985,12,0.5550000000000005,0.5549999999999999,0.09000000000000008,1.3199999999999998,0.0,0.0,0.04500000000000004,0.04500000000000004,history
1031,1,0,1,0.07340741000618108,4.0,9.6,12.6,0.48499999999999993,0.31999999999999984,12,0.5550000000000005,0.5549999999999999,0.09000000000000008,0.0,0.0,0.0,0.04500000000000004,0.04500000000000004,history
1032,1,0,1,0.07346693534243423,4.0,9.6,12.6,0.4775,0.31249999999999983,12,0.5550000000000005,0.5549999999999999,0.09000000000000008,0.0,0.0,0.0,0.04500000000000004,0.04500000000000004,history
1033,1,1,1,0.008498895672989969,4.0,9.6,12.6,0.4924999999999999,0.30499999999999977,12,0.5550000000000005,0.5549999999999999,0.09000000000000008,1.3650000000000002,0.0,5.551115123125783e-17,0.04500000000000004,0.04500000000000004,history
1034,1,0,0,-0.1665579622550969,3.833442037744903,9.6,12.6,0.48499999999999993,0.2974999999999998,12,0.5550000000000005,0.5549999999999999,0.09000000000000008,0.0,0.0,0.0,0.04500000000000004,0.04500000000000004,history
1035,1,0,1,0.07349291780625562,3.9069349555511588,9.6,12.6,0.4775,0.2899999999999998,12,0.5550000000000005,0.5549999999999999,0.09000000000000008,0.0,0.0,0.0,0.04500000000000004,0.04500000000000004,history
1036,1,1,1,0.008449877629823589,3.9153848331809824,9.6,12.6,0.4925,0.2824999999999998,12,0.5550000000000005,0.5549999999999999,0.09000000000000008,1.3649999999999995,0.0,0.0,0.04500000000000004,0.04500000000000004,history
1037,1,0,1,0.07348244192695987,3.988867275107942,9.6,12.6,0.48499999999999993,0.27499999999999986,12,0.5550000000000005,0.5549999999999999,0.09000000000000008,0.0,0.0,0.0,0.04500000000000004,0.04500000000000004,history
1038,1,0,1,0.07341194801929568,4.0,9.6,12.6,0.4775,0.2674999999999998,12,0.5550000000000005,0.5549999999999999,0.09000000000000008,0.0,0.0,0.0,0.04500000000000004,0.04500000000000004,history
1039,1,1,1,0.008420675634142718,4.0,9.6,12.6,0.4924999999999999,0.2599999999999998,12,0.5550000000000005,0.5549999999999999,0.09000000000000008,1.3650000000000002,0.0,5.551115123125783e-17,0.04500000000000004,0.04500000000000004,history
1040,1,0,1,0.07338186480973795,4.0,9.6,12.6,0.48499999999999993,0.2524999999999998,12,0.5550000000000005,0.5549999999999999,0.09000000000000008,0.0,0.0,0.0,0.04500000000000004,0.04500000000000004,history
1041,1,0,1,0.07348524723899129,4.0,9.6,12.6,0.4775,0.24499999999999975,12,0.5550000000000005,0.5549999999999999,0.09000000000000008,0.0,0.0,0.0,0.04500000000000004,0.04500000000000004,history
1042,1,0,1,0.07349797989636353,4.0,9.6,12.6,0.4699999999999999,0.2374999999999998,12,0.5550000000000005,0.5549999999999999,0.09000000000000008,0.0,0.0,0.0,0.04500000000000004,0.04500000000000004,history
1043,1,2,1,0.00840764002417092,4.0,9.6,12.6,0.4624999999999999,0.4799999999999997,12,0.5550000000000005,0.5549999999999999,0.09000000000000008,0.0,0.0,0.0,0.04500000000000004,0.04500000000000004,history
1044,1,0,1,0.07346073145258919,4.0,9.6,12.6,0.4549999999999999,0.47249999999999975,12,0.5550000000000005,0.5549999999999999,0.09000000000000008,0.0,0.0,0.0,0.04500000000000004,0.04500000000000004,history
1045,1,0,1,0.0735013425365371,4.0,9.6,12.6,0.44749999999999984,0.4649999999999998,12,0.5550000000000005,0.5549999999999999,0.09000000000000008,0.0,0.0,0.0,0.04500000000000004,0.04500000000000004,history
1046,1,0,1,0.07344781355759333,4.0,9.6,12.6,0.4399999999999999,0.45749999999999974,12,0.5550000000000005,0.5549999999999999,0.09000000000000008,0.0,0.0,0.0,0.04500000000000004,0.04500000000000004,history
1047,1,0,1,0.0734492401006537,4.0,9.6,12.6,0.43249999999999994,0.44999999999999973,12,0.5550000000000005,0.5549999999999999,0.09000000000000008,0.0,0.0,0.0,0.04500000000000004,0.04500000000000004,history
1048,1,0,1,0.07342393294212511,4.0,9.6,12.6,0.4249999999999999,0.4424999999999997,12,0.5550000000000005,0.5549999999999999,0.09000000000000008,0.0,0.0,0.0,0.04500000000000004,0.04500000000000004,history
1049,1,0,1,0.07346128259264816,4.0,9.6,12.6,0.4174999999999999,0.43499999999999966,12,0.5550000000000005,0.5549999999999999,0.09000000000000008,0.0,0.0,0.0,0.04500000000000004,0.04500000000000004,history
1050,1,1,1,0.008458356074232364,4.0,9.6,12.6,0.4925,0.4274999999999997,12,0.5550000000000005,0.5549999999999999,0.09000000000000008,1.0049999999999992,0.0,0.0,0.04500000000000004,0.04500000000000004,history
1051,1,0,1,0.07340457915315471,4.0,9.6,12.6,0.48499999999999993,0.41999999999999976,12,0.5550000000000005,0.5549999999999999,0.09000000000000008,0.0,0.0,0.0,0.04500000000000004,0.04500000000000004,history
1052,1,0,1,0.07347289986748139,4.0,9.6,12.6,0.4775,0.4124999999999997,12,0.5550000000000005,0.5549999999999999,0.09000000000000008,0.0,0.0,0.0,0.04500000000000004,0.04500000000000004,history
1053,1,0,1,0.07344116961389846,4.0,9.6,12.6,0.4699999999999999,0.40499999999999975,12,0.5550000000000005,0.5549999999999999,0.09000000000000008,0.0,0.0,0.0,0.04500000000000004,0.04500000000000004,history
1054,1,2,1,0.008498955458472974,4.0,9.6,12.6,0.46249999999999997,0.4925,12,0.5550000000000005,0.5549999999999999,0.09000000000000008,0.9299999999999982,0.0,0.0,0.04500000000000004,0.04500000000000004,history
1055,1,0,1,0.07346795705479388,4.0,9.6,12.6,0.455,0.48499999999999993,12,0.5550000000000005,0.5549999999999999,0.09000000000000008,0.0,0.0,0.0,0.04500000000000004,0.04500000000000004,history
1056,1,0,1,0.07342556265827155,4.0,9.6,12.6,0.44749999999999995,0.4775,12,0.5550000000000005,0.5549999999999999,0.09000000000000008,0.0,0.0,0.0,0.04500000000000004,0.04500000000000004,history
1057,1,0,1,0.07350198603578784,4.0,9.6,12.6,0.43999999999999995,0.4699999999999999,12,0.5550000000000005,0.5549999999999999,0.09000000000000008,0.0,0.0,0.0,0.04500000000000004,0.04500000000000004,history
1058,1,0,1,0.07345298153998048,4.0,9.6,12.6,0.43249999999999994,0.46249999999999997,12,0.5550000000000005,0.5549999999999999,0.09000000000000008,0.0,0.0,0.0,0.04500000000000004,0.04500000000000004,history
1059,1,0,1,0.07348681753328958,4.0,9.6,12.6,0.4249999999999999,0.455,12,0.5550000000000005,0.5549999999999999,0.09000000000000008,0.0,0.0,0.0,0.04500000000000004,0.04500000000000004,history
1060,1,0,1,0.0734793404059138,4.0,9.6,12.6,0.4174999999999999,0.44749999999999995,12,0.5550000000000005,0.5549999999999999,0.09000000000000008,0.0,0.0,0.0,0.04500000000000004,0.04500000000000004,history
1061,1,0,1,0.0734799087271,4.0,9.6,12.6,0.41,0.43999999999999995,12,0.5550000000000005,0.5549999999999999,0.09000000000000008,0.0,0.0,0.0,0.04500000000000004,0.04500000000000004,history
1062,1,0,1,0.07347349110990775,4.0,9.6,12.6,0.4024999999999999,0.43249999999999994,12,0.5550000000000005,0.5549999999999999,0.09000000000000008,0.0,0.0,0.0,0.04500000000000004,0.04500000000000004,history
1063,1,0,1,0.0734575633957069,4.0,9.6,12.6,0.39499999999999996,0.4249999999999999,12,0.5550000000000005,0.5549999999999999,0.09000000000000008,0.0,0.0,0.0,0.04500000000000004,0.04500000000000004,history
1064,1,0,0,-0.16649695278640755,3.8335030472135925,9.6,12.6,0.3874999999999999,0.4174999999999999,12,0.5550000000000005,0.5549999999999999,0.09000000000000008,0.0,0.0,0.0,0.04500000000000004,0.04500000000000004,history
1065,1,0,0,-0.16652441675654878,3.6669786304570438,9.6,12.6,0.3799999999999999,0.41,12,0.5550000000000005,0.5549999999999999,0.09000000000000008,0.0,0.0,0.0,0.04500000000000004,0.04500000000000004,history
1066,1,0,1,0.07351798520936184,3.7404966156664057,9.6,12.6,0.3724999999999999,0.4024999999999999,12,0.5550000000000005,0.5549999999999999,0.09000000000000008,0.0,0.0,0.0,0.04500000000000004,0.04500000000000004,history
1067,1,0,1,0.07352297487932899,3.8140195905457346,9.6,12.6,0.3649999999999998,0.39499999999999996,12,0.5550000000000005,0.5549999999999999,0.09000000000000008,0.0,0.0,0.0,0.04500000000000004,0.04500000000000004,history
1068,1,0,1,0.07349597793550014,3.8875155684812346,9.6,12.6,0.3574999999999999,0.3874999999999999,12,0.5550000000000005,0.5549999999999999,0.09000000000000008,0.0,0.0,0.0,0.04500000000000004,0.04500000000000004,history
1069,1,0,1,0.07348000676412052,3.960995575245355,9.6,12.6,0.34999999999999987,0.3799999999999999,12,0.5550000000000005,0.5549999999999999,0.09000000000000008,0.0,0.0,0.0,0.04500000000000004,0.04500000000000004,history
1070,1,1,1,0.008513579915839856,3.969509155161195,9.6,12.6,0.4925,0.3724999999999999,12,0.5550000000000005,0.5549999999999999,0.09000000000000008,0.5999999999999992,0.0,0.0,0.04500000000000004,0.04500000000000004,history
1071,1,0,1,0.07339899238414734,4.0,9.6,12.6,0.48499999999999993,0.3649999999999998,12,0.5550000000000005,0.5549999999999999,0.09000000000000008,0.0,0.0,0.0,0.04500000000000004,0.04500000000000004,history
1072,1,0,1,0.0734123322539355,4.0,9.6,12.6,0.4775,0.3574999999999999,12,0.5550000000000005,0.5549999999999999,0.09000000000000008,0.0,0.0,0.0,0.04500000000000004,0.04500000000000004,history
1073,1,0,1,0.07341664024584942,4.0,9.6,12.6,0.4699999999999999,0.34999999999999987,12,0.5550000000000005,0.5549999999999999,0.09000000000000008,0.0,0.0,0.0,0.04500000000000004,0.04500000000000004,history
1074,1,0,1,0.07344903573979183,4.0,9.6,12.6,0.46249999999999997,0.34249999999999986,12,0.5550000000000005,0.5549999999999999,0.09000000000000008,0.0,0.0,0.0,0.04500000000000004,0.04500000000000004,history
1075,1,0,0,-0.16653776953628047,3.8334622304637196,9.6,12.6,0.455,0.3349999999999999,12,0.5550000000000005,0.5549999999999999,0.09000000000000008,0.0,0.0,0.0,0.04500000000000004,0.04500000000000004,history
1076,1,0,1,0.07345681207177478,3.9069190425354945,9.6,12.6,0.44749999999999995,0.32749999999999985,12,0.5550000000000005,0.5549999999999999,0.09000000000000008,0.0,0.0,0.0,0.04500000000000004,0.04500000000000004,history
1077,1,0,1,0.07344422258175713,3.980363265117252,9.6,12.6,0.43999999999999995,0.31999999999999984,12,0.5550000000000005,0.5549999999999999,0.09000000000000008,0.0,0.0,0.0,0.04500000000000004,0.04500000000000004,history
1078,1,0,1,0.0734258718823662,4.0,9.6,12.6,0.43249999999999994,0.31249999999999983,12,0.5550000000000005,0.5549999999999999,0.09000000000000008,0.0,0.0,0.0,0.04500000000000004,0.04500000000000004,history
1079,1,0,1,0.0734588045917667,4.0,9.6,12.6,0.4249999999999999,0.30499999999999977,12,0.5550000000000005,0.5549999999999999,0.09000000000000008,0.0,0.0,0.0,0.04500000000000004,0.04500000000000004,history
1080,1,0,1,0.07345829553217878,4.0,9.6,12.6,0.4174999999999999,0.2974999999999998,12,0.5550000000000005,0.5549999999999999,0.09000000000000008,0.0,0.0,0.0,0.04500000000000004,0.04500000000000004,history
1081,1,0,1,0.07347125247167224,4.0,9.6,12.6,0.41,0.2899999999999998,12,0.5550000000000005,0.5549999999999999,0.09000000000000008,0.0,0.0,0.0,0.04500000000000004,0.04500000000000004,history
1082,1,0,1,0.07346496764105816,4.0,9.6,12.6,0.4024999999999999,0.2824999999999998,12,0.5550000000000005,0.5549999999999999,0.09000000000000008,0.0,0.0,0.0,0.04500000000000004,0.04500000000000004,history
1083,1,0,1,0.07342799421515589,4.0,9.6,12.6,0.39499999999999996,0.27499999999999986,12,0.5550000000000005,0.5549999999999999,0.09000000000000008,0.0,0.0,0.0,0.04500000000000004,0.04500000000000004,history
1084,1,1,1,0.008475646035819288,4.0,9.6,12.6,0.4925,0.2674999999999998,12,0.5550000000000005,0.5549999999999999,0.09000000000000008,0.8699999999999994,0.0,0.0,0.04500000000000004,0.04500000000000004,history
1085,1,0,1,0.07346197676984206,4.0,9.6,12.6,0.48499999999999993,0.2599999999999998,12,0.5550000000000005,0.5549999999999999,0.09000000000000008,0.0,0.0,0.0,0.04500000000000004,0.04500000000000004,history
1086,1,2,1,0.008449667155112292,4.0,9.6,12.6,0.4775,0.4925,12,0.5550000000000005,0.5549999999999999,0.09000000000000008,0.05999999999999872,0.0,0.0,0.04500000000000004,0.04500000000000004,history
1087,1,0,1,0.07346539907785536,4.0,9.6,12.6,0.4699999999999999,0.48499999999999993,12,0.5550000000000005,0.5549999999999999,0.09000000000000008,0.0,0.0,0.0,0.04500000000000004,0.04500000000000004,history
1088,1,0,0,-0.166591553334572,3.833408446665428,9.6,12.6,0.46249999999999997,0.4775,12,0.5550000000000005,0.5549999999999999,0.09000000000000008,0.0,0.0,0.0,0.04500000000000004,0.04500000000000004,history
1089,1,0,0,-0.16653647715328,3.6668719695121483,9.6,12.6,0.455,0.4699999999999999,12,0.5550000000000005,0.5549999999999999,0.09000000000000008,0.0,0.0,0.0,0.04500000000000004,0.04500000000000004,history
1090,1,0,1,0.07341558283191285,3.740287552344061,9.6,12.6,0.44749999999999995,0.46249999999999997,12,0.5550000000000005,0.5549999999999999,0.09000000000000008,0.0,0.0,0.0,0.04500000000000004,0.04500000000000004,history
1091,1,0,0,-0.16657805677043483,3.573709495573626,9.6,12.6,0.43999999999999995,0.455,12,0.5550000000000005,0.5549999999999999,0.09000000000000008,0.0,0.0,0.0,0.04500000000000004,0.04500000000000004,history
1092,1,0,1,0.07343611927671839,3.6471456148503445,9.6,12.6,0.43249999999999994,0.44749999999999995,12,0.5550000000000005,0.5549999999999999,0.09000000000000008,0.0,0.0,0.0,0.04500000000000004,0.04500000000000004,history
1093,1,0,1,0.07344831082712501,3.7205939256774694,9.6,12.6,0.4249999999999999,0.43999999999999995,12,0.5550000000000005,0.5549999999999999,0.09000000000000008,0.0,0.0,0.0,0.04500000000000004,0.04500000000000004,history
1094,1,0,1,0.07350486834988428,3.7940987940273536,9.6,12.6,0.4174999999999999,0.43249999999999994,12,0.5550000000000005,0.5549999999999999,0.09000000000000008,0.0,0.0,0.0,0.04500000000000004,0.04500000000000004,history
1095,1,0,0,-0.16653238546283353,3.6275664085645203,9.6,12.6,0.41,0.4249999999999999,12,0.5550000000000005,0.5549999999999999,0.09000000000000008,0.0,0.0,0.0,0.04500000000000004,0.04500000000000004,history
1096,1,0,1,0.07346353541164723,3.7010299439761676,9.6,12.6,0.4024999999999999,0.4174999999999999,12,0.5550000000000005,0.5549999999999999,0.09000000000000008,0.0,0.0,0.0,0.04500000000000004,0.04500000000000004,history
1097,1,0,1,0.07346692084135018,3.7744968648175177,9.6,12.6,0.39499999999999996,0.41,12,0.5550000000000005,0.5549999999999999,0.09000000000000008,0.0,0.0,0.0,0.04500000000000004,0.04500000000000004,history
1098,1,0,0,-0.16650125953279435,3.6079956052847235,9.6,12.6,0.3874999999999999,0.4024999999999999,12,0.5550000000000005,0.5549999999999999,0.09000000000000008,0.0,0.0,0.0,0.04500000000000004,0.04500000000000004,history
1099,1,0,1,0.07344522797188248,3.681440833256606,9.6,12.6,0.3799999999999999,0.39499999999999996,12,0.5550000000000005,0.5549999999999999,0.09000000000000008,0.0,0.0,0.0,0.04500000000000004,0.04500000000000004,history
1100,1,0,1,0.07349478107130912,3.7549356143279153,9.6,12.6,0.3724999999999999,0.3874999999999999,12,0.5550000000000005,0.5549999999999999,0.09000000000000008,0.0,0.0,0.0,0.04500000000000004,0.04500000000000004,history
1101,1,0,1,0.07348801055728814,3.8284236248852035,9.6,12.6,0.3649999999999998,0.3799999999999999,12,0.5550000000000005,0.5549999999999999,0.09000000000000008,0.0,0.0,0.0,0.04500000000000004,0.04500000000000004,history
1102,1,0,1,0.07347348826281282,3.9018971131480162,9.6,12.6,0.3574999999999999,0.3724999999999999,12,0.5550000000000005,0.5549999999999999,0.09000000000000008,0.0,0.0,0.0,0.04500000000000004,0.04500000000000004,history
1103,1,0,1,0.0734848868178178,3.975381999965834,9.6,12.6,0.34999999999999987,0.3649999999999998,12,0.5550000000000005,0.5549999999999999,0.09000000000000008,0.0,0.0,0.0,0.04500000000000004,0.04500000000000004,history
1104,1,0,1,0.07345633187675488,4.0,9.6,12.6,0.34249999999999986,0.3574999999999999,12,0.5550000000000005,0.5549999999999999,0.09000000000000008,0.0,0.0,0.0,0.04500000000000004,0.04500000000000004,history
1105,1,0,1,0.07349915098412416,4.0,9.6,12.6,0.3349999999999999,0.34999999999999987,12,0.5550000000000005,0.5549999999999999,0.09000000000000008,0.0,0.0,0.0,0.04500000000000004,0.04500000000000004,history
1106,1,2,1,0.008489392241752828,4.0,9.6,12.6,0.32749999999999985,0.4925,12,0.5550000000000005,0.5549999999999999,0.09000000000000008,0.5999999999999992,0.0,0.0,0.04500000000000004,0.04500000000000004,history
1107,1,0,1,0.07348928286867659,4.0,9.6,12.6,0.31999999999999984,0.48499999999999993,12,0.5550000000000005,0.5549999999999999,0.09000000000000008,0.0,0.0,0.0,0.04500000000000004,0.04500000000000004,history
1108,1,0,1,0.07348377533047724,4.0,9.6,12.6,0.31249999999999983,0.4775,12,0.5550000000000005,0.5549999999999999,0.09000000000000008,0.0,0.0,0.0,0.04500000000000004,0.04500000000000004,history
1109,1,0,1,0.0734777940146112,4.0,9.6,12.6,0.30499999999999977,0.4699999999999999,12,0.5550000000000005,0.5549999999999999,0.09000000000000008,0.0,0.0,0.0,0.04500000000000004,0.04500000000000004,history
1110,1,0,1,0.07348314571094536,4.0,9.6,12.6,0.2974999999999998,0.46249999999999997,12,0.5550000000000005,0.5549999999999999,0.09000000000000008,0.0,0.0,0.0,0.04500000000000004,0.04500000000000004,history
1111,1,0,0,-0.16650276349172233,3.833497236508278,9.6,12.6,0.2899999999999998,0.455,12,0.5550000000000005,0.5549999999999999,0.09000000000000008,0.0,0.0,0.0,0.04500000000000004,0.04500000000000004,history
1112,1,2,1,0.008474127840139404,3.8419713643484172,9.6,12.6,0.2824999999999998,0.4925,12,0.5550000000000005,0.5549999999999999,0.09000000000000008,1.23,0.0,0.0,0.04500000000000004,0.04500000000000004,history
1113,1,0,1,0.07349042220910589,3.915461786557523,9.6,12.6,0.27499999999999986,0.48499999999999993,12,0.5550000000000005,0.5549999999999999,0.09000000000000008,0.0,0.0,0.0,0.04500000000000004,0.04500000000000004,history
1114,1,0,0,-0.16647169160817885,3.7489900949493444,9.6,12.6,0.2674999999999998,0.4775,12,0.5550000000000005,0.5549999999999999,0.09000000000000008,0.0,0.0,0.0,0.04500000000000004,0.04500000000000004,history
1115,1,0,1,0.07349184531838056,3.822481940267725,9.6,12.6,0.2599999999999998,0.4699999999999999,12,0.5550000000000005,0.5549999999999999,0.09000000000000008,0.0,0.0,0.0,0.04500000000000004,0.04500000000000004,history
1116,1,0,1,0.07351269162056358,3.8959946318882883,9.6,12.6,0.2524999999999998,0.46249999999999997,12,0.5550000000000005,0.5549999999999999,0.09000000000000008,0.0,0.0,0.0,0.04500000000000004,0.04500000000000004,history
1117,1,0,1,0.0735223534221549,3.969516985310443,9.6,12.6,0.24499999999999975,0.455,12,0.5550000000000005,0.5549999999999999,0.09000000000000008,0.0,0.0,0.0,0.04500000000000004,0.04500000000000004,history
1118,1,0,1,0.0734985253150819,4.0,9.6,12.6,0.2374999999999998,0.44749999999999995,12,0.5550000000000005,0.5549999999999999,0.09000000000000008,0.0,0.0,0.0,0.04500000000000004,0.04500000000000004,history
1119,1,0,1,0.07351573256443471,4.0,9.6,12.6,0.22999999999999976,0.43999999999999995,12,0.5550000000000005,0.5549999999999999,0.09000000000000008,0.0,0.0,0.0,0.04500000000000004,0.04500000000000004,history
1120,1,0,1,0.07352005305590403,4.0,9.6,12.6,0.22249999999999973,0.43249999999999994,12,0.5550000000000005,0.5549999999999999,0.09000000000000008,0.0,0.0,0.0,0.04500000000000004,0.04500000000000004,history
1121,1,0,1,0.07351522573255138,4.0,9.6,12.6,0.21499999999999977,0.4249999999999999,12,0.5550000000000005,0.5549999999999999,0.09000000000000008,0.0,0.0,0.0,0.04500000000000004,0.04500000000000004,history
1122,1,0,1,0.07349767137946951,4.0,9.6,12.6,0.20749999999999977,0.4174999999999999,12,0.5550000000000005,0.5549999999999999,0.09000000000000008,0.0,0.0,0.0,0.04500000000000004,0.04500000000000004,history
1123,1,0,1,0.07349202660114847,4.0,9.6,12.6,0.19999999999999973,0.41,12,0.5550000000000005,0.5549999999999999,0.09000000000000008,0.0,0.0,0.0,0.04500000000000004,0.04500000000000004,history
1124,1,0,1,0.07349966821816951,4.0,9.6,12.6,0.1924999999999997,0.4024999999999999,12,0.5550000000000005,0.5549999999999999,0.09000000000000008,0.0,0.0,0.0,0.04500000000000004,0.04500000000000004,history
1125,1,0,1,0.07350194495871638,4.0,9.6,12.6,0.18499999999999972,0.39499999999999996,12,0.5550000000000005,0.5549999999999999,0.09000000000000008,0.0,0.0,0.0,0.04500000000000004,0.04500000000000004,history
1126,1,0,1,0.07353476329493143,4.0,9.6,12.6,0.17749999999999974,0.3874999999999999,12,0.5550000000000005,0.5549999999999999,0.09000000000000008,0.0,0.0,0.0,0.04500000000000004,0.04500000000000004,history
1127,1,0,1,0.07348360481835961,4.0,9.6,12.6,0.1699999999999997,0.3799999999999999,12,0.5550000000000005,0.5549999999999999,0.09000000000000008,0.0,0.0,0.0,0.04500000000000004,0.04500000000000004,history
1128,1,0,0,-0.16648218493577016,3.83351781506423,9.6,12.6,0.16249999999999967,0.3724999999999999,12,0.5550000000000005,0.5549999999999999,0.09000000000000008,0.0,0.0,0.0,0.04500000000000004,0.04500000000000004,history
1129,1,0,1,0.0735222298239813,3.907040044888211,9.6,12.6,0.1549999999999997,0.3649999999999998,12,0.5550000000000005,0.5549999999999999,0.09000000000000008,0.0,0.0,0.0,0.04500000000000004,0.04500000000000004,history
1130,1,0,1,0.07349671855087578,3.980536763439087,9.6,12.6,0.14749999999999971,0.3574999999999999,12,0.5550000000000005,0.5549999999999999,0.09000000000000008,0.0,0.0,0.0,0.04500000000000004,0.04500000000000004,history
1131,1,0,1,0.07349722472231775,4.0,9.6,12.6,0.13999999999999968,0.34999999999999987,12,0.5550000000000005,0.5549999999999999,0.09000000000000008,0.0,0.0,0.0,0.04500000000000004,0.04500000000000004,history
1132,1,0,1,0.0735180004767127,4.0,9.6,12.6,0.13249999999999965,0.34249999999999986,12,0.5550000000000005,0.5549999999999999,0.09000000000000008,0.0,0.0,0.0,0.04500000000000004,0.04500000000000004,history
1133,1,0,0,-0.1664846249750047,3.8335153750249953,9.6,12.6,0.12499999999999967,0.3349999999999999,12,0.5550000000000005,0.5549999999999999,0.09000000000000008,0.0,0.0,0.0,0.04500000000000004,0.04500000000000004,history
1134,1,0,1,0.07352790758563225,3.9070432826106276,9.6,12.6,0.11749999999999967,0.32749999999999985,12,0.5550000000000005,0.5549999999999999,0.09000000000000008,0.0,0.0,0.0,0.04500000000000004,0.04500000000000004,history
1135,1,0,1,0.07350195397884135,3.980545236589469,9.6,12.6,0.10999999999999965,0.31999999999999984,12,0.5550000000000005,0.5549999999999999,0.09000000000000008,0.0,0.0,0.0,0.04500000000000004,0.04500000000000004,history
1136,1,0,1,0.07354325638154564,4.0,9.6,12.6,0.10249999999999963,0.31249999999999983,12,0.5550000000000005,0.5549999999999999,0.09000000000000008,0.0,0.0,0.0,0.04500000000000004,0.04500000000000004,history
1137,1,0,1,0.07351540093112652,4.0,9.6,12.6,0.09499999999999964,0.30499999999999977,12,0.5550000000000005,0.5549999999999999,0.09000000000000008,0.0,0.0,0.0,0.04500000000000004,0.04500000000000004,history
1138,1,1,1,0.008508006260685588,4.0,9.6,12.6,0.33749999999999963,0.2974999999999998,12,0.5550000000000005,0.5549999999999999,0.09000000000000008,0.0,0.0,0.0,0.04500000000000004,0.04500000000000004,history
1139,1,0,1,0.07345416594383171,4.0,9.6,12.6,0.3299999999999996,0.2899999999999998,12,0.5550000000000005,0.5549999999999999,0.09000000000000008,0.0,0.0,0.0,0.04500000000000004,0.04500000000000004,history
1140,1,0,1,0.0734459068883425,4.0,9.6,12.6,0.3224999999999996,0.2824999999999998,12,0.5550000000000005,0.5549999999999999,0.09000000000000008,0.0,0.0,0.0,0.04500000000000004,0.04500000000000004,history
1141,1,0,1,0.07344166514133765,4.0,9.6,12.6,0.31499999999999956,0.27499999999999986,12,0.5550000000000005,0.5549999999999999,0.09000000000000008,0.0,0.0,0.0,0.04500000000000004,0.04500000000000004,history
1142,1,0,1,0.07352682575037041,4.0,9.6,12.6,0.3074999999999996,0.2674999999999998,12,0.5550000000000005,0.5549999999999999,0.09000000000000008,0.0,0.0,0.0,0.04500000000000004,0.04500000000000004,history
1143,1,0,1,0.07347692478683532,4.0,9.6,12.6,0.2999999999999996,0.2599999999999998,12,0.5550000000000005,0.5549999999999999,0.09000000000000008,0.0,0.0,0.0,0.04500000000000004,0.04500000000000004,history
1144,1,0,1,0.07344648365985422,4.0,9.6,12.6,0.2924999999999996,0.2524999999999998,12,0.5550000000000005,0.5549999999999999,0.09000000000000008,0.0,0.0,0.0,0.04500000000000004,0.04500000000000004,history
1145,1,0,1,0.07345707416235572,4.0,9.6,12.6,0.28499999999999964,0.24499999999999975,12,0.5550000000000005,0.5549999999999999,0.09000000000000008,0.0,0.0,0.0,0.04500000000000004,0.04500000000000004,history
1146,1,0,1,0.07348664021348357,4.0,9.6,12.6,0.2774999999999996,0.2374999999999998,12,0.5550000000000005,0.5549999999999999,0.09000000000000008,0.0,0.0,0.0,0.04500000000000004,0.04500000000000004,history
1147,1,0,1,0.07348511832303363,4.0,9.6,12.6,0.2699999999999996,0.22999999999999976,12,0.5550000000000005,0.5549999999999999,0.09000000000000008,0.0,0.0,0.0,0.04500000000000004,0.04500000000000004,history
1148,1,0,1,0.07346805517208037,4.0,9.6,12.6,0.26249999999999957,0.22249999999999973,12,0.5550000000000005,0.5549999999999999,0.09000000000000008,0.0,0.0,0.0,0.04500000000000004,0.04500000000000004,history
1149,1,0,1,0.07348954666529103,4.0,9.6,12.6,0.2549999999999995,0.21499999999999977,12,0.5550000000000005,0.5549999999999999,0.09000000000000008,0.0,0.0,0.0,0.04500000000000004,0.04500000000000004,history
1150,1,1,1,0.008458953805240414,4.0,9.6,12.6,0.4925,0.20749999999999977,12,0.5550000000000005,0.5549999999999999,0.09000000000000008,0.029999999999997362,0.0,0.0,0.04500000000000004,0.04500000000000004,history
1151,1,0,1,0.07337337821609177,4.0,9.6,12.6,0.48499999999999993,0.19999999999999973,12,0.5550000000000005,0.5549999999999999,0.09000000000000008,0.0,0.0,0.0,0.04500000000000004,0.04500000000000004,history
1152,1,0,0,-0.1665332263230687,3.8334667736769314,9.6,12.6,0.4775,0.1924999999999997,13,0.5550000000000005,0.5549999999999999,0.09000000000000008,0.0,0.0,0.0,0.04500000000000004,0.04500000000000004,history
1153,1,0,0,-0.16663048472084588,3.6668362889560857,9.6,12.6,0.4699999999999999,0.18499999999999972,13,0.5550000000000005,0.5549999999999999,0.09000000000000008,0.0,0.0,0.0,0.04500000000000004,0.04500000000000004,history
1154,1,0,1,0.07336597380070288,3.740202262756789,9.6,12.6,0.46249999999999997,0.17749999999999974,13,0.5550000000000005,0.5549999999999999,0.09000000000000008,0.0,0.0,0.0,0.04500000000000004,0.04500000000000004,history
1155,1,0,1,0.07340885678419806,3.8136111195409867,9.6,12.6,0.455,0.1699999999999997,13,0.5550000000000005,0.5549999999999999,0.09000000000000008,0.0,0.0,0.0,0.04500000000000004,0.04500000000000004,history
1156,1,0,1,0.07341380767745684,3.8870249272184436,9.6,12.6,0.44749999999999995,0.16249999999999967,13,0.5550000000000005,0.5549999999999999,0.09000000000000008,0.0,0.0,0.0,0.04500000000000004,0.04500000000000004,history
1157,1,1,1,0.008409717042119935,3.8954346442605634,9.6,12.6,0.4924999999999999,0.1549999999999997,13,0.5550000000000005,0.5549999999999999,0.09000000000000008,1.185,0.0,5.551115123125783e-17,0.04500000000000004,0.04500000000000004,history
1158,1,0,1,0.07344568504353903,3.9688803293041026,9.6,12.6,0.48499999999999993,0.14749999999999971,13,0.5550000000000005,0.5549999999999999,0.09000000000000008,0.0,0.0,0.0,0.04500000000000004,0.04500000000000004,history
1159,1,0,1,0.07340952681521978,4.0,9.6,12.6,0.4775,0.13999999999999968,13,0.5550000000000005,0.5549999999999999,0.09000000000000008,0.0,0.0,0.0,0.04500000000000004,0.04500000000000004,history
1160,1,0,1,0.07343089290611458,4.0,9.6,12.6,0.4699999999999999,0.13249999999999965,13,0.5550000000000005,0.5549999999999999,0.09000000000000008,0.0,0.0,0.0,0.04500000000000004,0.04500000000000004,history
1161,1,0,1,0.07344520144022121,4.0,9.6,12.6,0.4624999999999999,0.12499999999999967,13,0.5550000000000005,0.5549999999999999,0.09000000000000008,0.0,0.0,0.0,0.04500000000000004,0.04500000000000004,history
1162,1,0,0,-0.16654152153996118,3.833458478460039,9.6,12.6,0.4549999999999999,0.11749999999999967,13,0.5550000000000005,0.5549999999999999,0.09000000000000008,0.0,0.0,0.0,0.04500000000000004,0.04500000000000004,history
1163,1,0,1,0.0734488418954054,3.9069073203554443,9.6,12.6,0.44749999999999984,0.10999999999999965,13,0.5550000000000005,0.5549999999999999,0.09000000000000008,0.0,0.0,0.0,0.04500000000000004,0.04500000000000004,history
1164,1,0,1,0.07346747269812058,3.980374793053565,9.6,12.6,0.4399999999999999,0.10249999999999963,13,0.5550000000000005,0.5549999999999999,0.09000000000000008,0.0,0.0,0.0,0.04500000000000004,0.04500000000000004,history
1165,1,0,1,0.07344616983266217,4.0,9.6,12.6,0.43249999999999994,0.09499999999999964,13,0.5550000000000005,0.5549999999999999,0.09000000000000008,0.0,0.0,0.0,0.04500000000000004,0.04500000000000004,history
1166,1,0,1,0.0734196424564998,4.0,9.6,12.6,0.4249999999999999,0.08749999999999963,13,0.5550000000000005,0.5549999999999999,0.09000000000000008,0.0,0.0,0.0,0.04500000000000004,0.04500000000000004,history
1167,1,0,0,-0.16654356022255787,3.833456439777442,9.6,12.6,0.4174999999999999,0.07999999999999963,13,0.5550000000000005,0.5549999999999999,0.09000000000000008,0.0,0.0,0.0,0.04500000000000004,0.04500000000000004,history
1168,1,0,1,0.07341344414688682,3.9068698839243288,9.6,12.6,0.40999999999999986,0.07249999999999962,13,0.5550000000000005,0.5549999999999999,0.09000000000000008,0.0,0.0,0.0,0.04500000000000004,0.04500000000000004,history
1169,1,2,1,0.008394608550156744,3.9152644924744857,9.6,12.6,0.40249999999999986,0.31499999999999956,13,0.5550000000000005,0.5549999999999999,0.09000000000000008,0.0,0.0,0.0,0.04500000000000004,0.04500000000000004,history
1170,1,0,1,0.07346909470820916,3.9887335871826948,9.6,12.6,0.39499999999999985,0.3074999999999996,13,0.5550000000000005,0.5549999999999999,0.09000000000000008,0.0,0.0,0.0,0.04500000000000004,0.04500000000000004,history
1171,1,0,1,0.07349793452118775,4.0,9.6,12.6,0.3874999999999998,0.2999999999999996,13,0.5550000000000005,0.5549999999999999,0.09000000000000008,0.0,0.0,0.0,0.04500000000000004,0.04500000000000004,history
1172,1,0,1,0.07348080175838474,4.0,9.6,12.6,0.37999999999999984,0.2924999999999996,13,0.5550000000000005,0.5549999999999999,0.09000000000000008,0.0,0.0,0.0,0.04500000000000004,0.04500000000000004,history
1173,1,1,1,0.008424097437138353,4.0,9.6,12.6,0.4924999999999999,0.28499999999999964,13,0.5550000000000005,0.5549999999999999,0.09000000000000008,0.7799999999999994,0.0,5.551115123125783e-17,0.04500000000000004,0.04500000000000004,history
1174,1,1,0,-0.23165780448952053,3.7683421955104794,9.6,12.6,0.4925,0.2774999999999996,13,0.5550000000000005,0.5549999999999999,0.09000000000000008,1.4549999999999996,0.0,0.0,0.04500000000000004,0.04500000000000004,history
1175,1,0,1,0.07344449688297285,3.8417866923934523,9.6,12.6,0.48499999999999993,0.2699999999999996,13,0.5550000000000005,0.5549999999999999,0.09000000000000008,0.0,0.0,0.0,0.04500000000000004,0.04500000000000004,history
1176,1,2,1,0.008353878028774629,3.850140570422227,9.6,12.6,0.4775,0.4925,13,0.5550000000000005,0.5549999999999999,0.09000000000000008,0.11999999999999744,0.0,0.0,0.04500000000000004,0.04500000000000004,history
1177,1,0,1,0.07336953567091685,3.923510106093144,9.6,12.6,0.4699999999999999,0.48499999999999993,13,0.5550000000000005,0.5549999999999999,0.09000000000000008,0.0,0.0,0.0,0.04500000000000004,0.04500000000000004,history
1178,1,0,1,0.07342668330923396,3.996936789402378,9.6,12.6,0.46249999999999997,0.4775,13,0.5550000000000005,0.5549999999999999,0.09000000000000008,0.0,0.0,0.0,0.04500000000000004,0.04500000000000004,history
1179,1,0,1,0.07339280446715732,4.0,9.6,12.6,0.455,0.4699999999999999,13,0.5550000000000005,0.5549999999999999,0.09000000000000008,0.0,0.0,0.0,0.04500000000000004,0.04500000000000004,history
1180,1,2,1,0.008388551919530926,4.0,9.6,12.6,0.44749999999999995,0.4925,13,0.5550000000000005,0.5549999999999999,0.09000000000000008,1.3199999999999998,0.0,0.0,0.04500000000000004,0.04500000000000004,history
1181,1,0,1,0.07345691818647349,4.0,9.6,12.6,0.43999999999999995,0.48499999999999993,13,0.5550000000000005,0.5549999999999999,0.09000000000000008,0.0,0.0,0.0,0.04500000000000004,0.04500000000000004,history
1182,1,0,1,0.07343996558120983,4.0,9.6,12.6,0.43249999999999994,0.4775,13,0.5550000000000005,0.5549999999999999,0.09000000000000008,0.0,0.0,0.0,0.04500000000000004,0.04500000000000004,history
1183,1,1,0,-0.2315432286773108,3.7684567713226893,9.6,12.6,0.4925,0.4699999999999999,13,0.5550000000000005,0.5549999999999999,0.09000000000000008,1.0949999999999993,0.0,0.0,0.04500000000000004,0.04500000000000004,history
1184,1,0,1,0.07344619564020634,3.8419029669628957,9.6,12.6,0.48499999999999993,0.46249999999999997,13,0.5550000000000005,0.5549999999999999,0.09000000000000008,0.0,0.0,0.0,0.04500000000000004,0.04500000000000004,history
1185,1,0,1,0.07341362853291429,3.91531659549581,9.6,12.6,0.4775,0.455,13,0.5550000000000005,0.5549999999999999,0.09000000000000008,0.0,0.0,0.0,0.04500000000000004,0.04500000000000004,history
1186,1,0,1,0.07342454750338136,3.9887411429991912,9.6,12.6,0.4699999999999999,0.44749999999999995,13,0.5550000000000005,0.5549999999999999,0.09000000000000008,0.0,0.0,0.0,0.04500000000000004,0.04500000000000004,history
1187,1,0,1,0.07336682829129801,4.0,9.6,12.6,0.46249999999999997,0.43999999999999995,13,0.5550000000000005,0.5549999999999999,0.09000000000000008,0.0,0.0,0.0,0.04500000000000004,0.04500000000000004,history
1188,1,0,1,0.073409787683973,4.0,9.6,12.6,0.455,0.43249999999999994,13,0.5550000000000005,0.5549999999999999,0.09000000000000008,0.0,0.0,0.0,0.04500000000000004,0.04500000000000004,history
1189,1,0,1,0.07338719557760613,4.0,9.6,12.6,0.44749999999999995,0.4249999999999999,13,0.5550000000000005,0.5549999999999999,0.09000000000000008,0.0,0.0,0.0,0.04500000000000004,0.04500000000000004,history
1190,1,1,1,0.008451136349068526,4.0,9.6,12.6,0.4924999999999999,0.4174999999999999,13,0.5550000000000005,0.5549999999999999,0.09000000000000008,1.185,0.0,5.551115123125783e-17,0.04500000000000004,0.04500000000000004,history
1191,1,0,1,0.07336899885986224,4.0,9.6,12.6,0.48499999999999993,0.41,13,0.5550000000000005,0.5549999999999999,0.09000000000000008,0.0,0.0,0.0,0.04500000000000004,0.04500000000000004,history
1192,1,0,1,0.07337304200003436,4.0,9.6,12.6,0.4775,0.4024999999999999,13,0.5550000000000005,0.5549999999999999,0.09000000000000008,0.0,0.0,0.0,0.04500000000000004,0.04500000000000004,history
1193,1,0,0,-0.16656055867230177,3.833439441327698,9.6,12.6,0.4699999999999999,0.39499999999999996,13,0.5550000000000005,0.5549999999999999,0.09000000000000008,0.0,0.0,0.0,0.04500000000000004,0.04500000000000004,history
1194,1,0,1,0.0733905201057152,3.9068299614334134,9.6,12.6,0.4624999999999999,0.3874999999999999,13,0.5550000000000005,0.5549999999999999,0.09000000000000008,0.0,0.0,0.0,0.04500000000000004,0.04500000000000004,history
1195,1,0,1,0.07333103708215469,3.980160998515568,9.6,12.6,0.4549999999999999,0.3799999999999999,13,0.5550000000000005,0.5549999999999999,0.09000000000000008,0.0,0.0,0.0,0.04500000000000004,0.04500000000000004,history
1196,1,0,1,0.073430006541437,4.0,9.6,12.6,0.44749999999999984,0.3724999999999999,13,0.5550000000000005,0.5549999999999999,0.09000000000000008,0.0,0.0,0.0,0.04500000000000004,0.04500000000000004,history
1197,1,0,1,0.0734135256839238,4.0,9.6,12.6,0.4399999999999999,0.3649999999999998,13,0.5550000000000005,0.5549999999999999,0.09000000000000008,0.0,0.0,0.0,0.04500000000000004,0.04500000000000004,history
1198,1,2,1,0.00843822687786198,4.0,9.6,12.6,0.43249999999999994,0.4925,13,0.5550000000000005,0.5549999999999999,0.09000000000000008,0.6899999999999993,0.0,0.0,0.04500000000000004,0.04500000000000004,history
1199,1,0,1,0.07343652159105221,4.0,9.6,12.6,0.4249999999999999,0.48499999999999993,13,0.5550000000000005,0.5549999999999999,0.09000000000000008,0.0,0.0,0.0,0.04500000000000004,0.04500000000000004,history
1200,1,0,1,0.07338913715372483,4.0,9.6,12.6,0.4174999999999999,0.4775,13,0.5550000000000005,0.5549999999999999,0.09000000000000008,0.0,0.0,0.0,0.04500000000000004,0.04500000000000004,history
1201,1,0,1,0.07343345168346371,4.0,9.6,12.6,0.40999999999999986,0.4699999999999999,13,0.5550000000000005,0.5549999999999999,0.09000000000000008,0.0,0.0,0.0,0.04500000000000004,0.04500000000000004,history
1202,1,0,1,0.0733819861329778,4.0,9.6,12.6,0.40249999999999986,0.46249999999999997,13,0.5550000000000005,0.5549999999999999,0.09000000000000008,0.0,0.0,0.0,0.04500000000000004,0.04500000000000004,history
1203,1,0,1,0.07341062624958938,4.0,9.6,12.6,0.39499999999999985,0.455,13,0.5550000000000005,0.5549999999999999,0.09000000000000008,0.0,0.0,0.0,0.04500000000000004,0.04500000000000004,history
1204,1,0,1,0.07337900939447332,4.0,9.6,12.6,0.3874999999999998,0.44749999999999995,13,0.5550000000000005,0.5549999999999999,0.09000000000000008,0.0,0.0,0.0,0.04500000000000004,0.04500000000000004,history
1205,1,0,1,0.07343699553935501,4.0,9.6,12.6,0.37999999999999984,0.43999999999999995,13,0.5550000000000005,0.5549999999999999,0.09000000000000008,0.0,0.0,0.0,0.04500000000000004,0.04500000000000004,history
1206,1,0,0,-0.16655042597543676,3.8334495740245633,9.6,12.6,0.37249999999999983,0.43249999999999994,13,0.5550000000000005,0.5549999999999999,0.09000000000000008,0.0,0.0,0.0,0.04500000000000004,0.04500000000000004,history
1207,1,0,1,0.07343086380023474,3.906880437824798,9.6,12.6,0.3649999999999998,0.4249999999999999,13,0.5550000000000005,0.5549999999999999,0.09000000000000008,0.0,0.0,0.0,0.04500000000000004,0.04500000000000004,history
1208,1,0,1,0.07345389647026226,3.98033433429506,9.6,12.6,0.3574999999999999,0.4174999999999999,13,0.5550000000000005,0.5549999999999999,0.09000000000000008,0.0,0.0,0.0,0.04500000000000004,0.04500000000000004,history
1209,1,0,1,0.07343890852094803,4.0,9.6,12.6,0.3499999999999998,0.41,13,0.5550000000000005,0.5549999999999999,0.09000000000000008,0.0,0.0,0.0,0.04500000000000004,0.04500000000000004,history
1210,1,0,1,0.07342652896764762,4.0,9.6,12.6,0.3424999999999998,0.4024999999999999,13,0.5550000000000005,0.5549999999999999,0.09000000000000008,0.0,0.0,0.0,0.04500000000000004,0.04500000000000004,history
1211,1,0,1,0.07346283277583027,4.0,9.6,12.6,0.3349999999999998,0.39499999999999996,13,0.5550000000000005,0.5549999999999999,0.09000000000000008,0.0,0.0,0.0,0.04500000000000004,0.04500000000000004,history
1212,1,0,1,0.07346334184510303,4.0,9.6,12.6,0.32749999999999974,0.3874999999999999,13,0.5550000000000005,0.5549999999999999,0.09000000000000008,0.0,0.0,0.0,0.04500000000000004,0.04500000000000004,history
1213,1,0,1,0.07344534433646456,4.0,9.6,12.6,0.3199999999999998,0.3799999999999999,13,0.5550000000000005,0.5549999999999999,0.09000000000000008,0.0,0.0,0.0,0.04500000000000004,0.04500000000000004,history
1214,1,2,1,0.008426223223846226,4.0,9.6,12.6,0.3124999999999998,0.4925,13,0.5550000000000005,0.5549999999999999,0.09000000000000008,0.7799999999999994,0.0,0.0,0.04500000000000004,0.04500000000000004,history
1215,1,0,1,0.07344645593271718,4.0,9.6,12.6,0.30499999999999977,0.48499999999999993,13,0.5550000000000005,0.5549999999999999,0.09000000000000008,0.0,0.0,0.0,0.04500000000000004,0.04500000000000004,history
1216,1,0,1,0.07344723782958891,4.0,9.6,12.6,0.2974999999999998,0.4775,13,0.5550000000000005,0.5549999999999999,0.09000000000000008,0.0,0.0,0.0,0.04500000000000004,0.04500000000000004,history
1217,1,0,1,0.0734451064995163,4.0,9.6,12.6,0.28999999999999976,0.4699999999999999,13,0.5550000000000005,0.5549999999999999,0.09000000000000008,0.0,0.0,0.0,0.04500000000000004,0.04500000000000004,history
1218,1,0,1,0.07346689557261377,4.0,9.6,12.6,0.28249999999999975,0.46249999999999997,13,0.5550000000000005,0.5549999999999999,0.09000000000000008,0.0,0.0,0.0,0.04500000000000004,0.04500000000000004,history
1219,1,2,1,0.008466700733982306,4.0,9.6,12.6,0.27499999999999974,0.4925,13,0.5550000000000005,0.5549999999999999,0.09000000000000008,1.2749999999999995,0.0,0.0,0.04500000000000004,0.04500000000000004,history
1220,1,0,1,0.07344080003457547,4.0,9.6,12.6,0.2674999999999997,0.48499999999999993,13,0.5550000000000005,0.5549999999999999,0.09000000000000008,0.0,0.0,0.0,0.04500000000000004,0.04500000000000004,history
1221,1,0,1,0.0734254135796627,4.0,9.6,12.6,0.25999999999999973,0.4775,13,0.5550000000000005,0.5549999999999999,0.09000000000000008,0.0,0.0,0.0,0.04500000000000004,0.04500000000000004,history
1222,1,0,0,-0.1665626743697085,3.8334373256302916,9.6,12.6,0.2524999999999997,0.4699999999999999,13,0.5550000000000005,0.5549999999999999,0.09000000000000008,0.0,0.0,0.0,0.04500000000000004,0.04500000000000004,history
1223,1,0,1,0.073483741710001,3.9069210673402925,9.6,12.6,0.2449999999999997,0.46249999999999997,13,0.5550000000000005,0.5549999999999999,0.09000000000000008,0.0,0.0,0.0,0.04500000000000004,0.04500000000000004,history
1224,1,0,1,0.07344942330954399,3.9803704906498365,9.6,12.6,0.23749999999999974,0.455,13,0.5550000000000005,0.5549999999999999,0.09000000000000008,0.0,0.0,0.0,0.04500000000000004,0.04500000000000004,history
1225,1,0,1,0.07351633769213065,4.0,9.6,12.6,0.22999999999999973,0.44749999999999995,13,0.5550000000000005,0.5549999999999999,0.09000000000000008,0.0,0.0,0.0,0.04500000000000004,0.04500000000000004,history
1226,1,0,1,0.07348177748665873,4.0,9.6,12.6,0.2224999999999997,0.43999999999999995,13,0.5550000000000005,0.5549999999999999,0.09000000000000008,0.0,0.0,0.0,0.04500000000000004,0.04500000000000004,history
1227,1,0,1,0.07347248743082853,4.0,9.6,12.6,0.21499999999999966,0.43249999999999994,13,0.5550000000000005,0.5549999999999999,0.09000000000000008,0.0,0.0,0.0,0.04500000000000004,0.04500000000000004,history
1228,1,0,1,0.07346516637069969,4.0,9.6,12.6,0.20749999999999966,0.4249999999999999,13,0.5550000000000005,0.5549999999999999,0.09000000000000008,0.0,0.0,0.0,0.04500000000000004,0.04500000000000004,history
1229,1,0,1,0.07345198954968561,4.0,9.6,12.6,0.1999999999999997,0.4174999999999999,13,0.5550000000000005,0.5549999999999999,0.09000000000000008,0.0,0.0,0.0,0.04500000000000004,0.04500000000000004,history
1230,1,0,1,0.0734786688786276,4.0,9.6,12.6,0.19249999999999967,0.41,13,0.5550000000000005,0.5549999999999999,0.09000000000000008,0.0,0.0,0.0,0.04500000000000004,0.04500000000000004,history
1231,1,0,0,-0.1664720552224661,3.8335279447775337,9.6,12.6,0.18499999999999964,0.4024999999999999,13,0.5550000000000005,0.5549999999999999,0.09000000000000008,0.0,0.0,0.0,0.04500000000000004,0.04500000000000004,history
1232,1,0,1,0.07349205636595757,3.9070200011434912,9.6,12.6,0.17749999999999966,0.39499999999999996,13,0.5550000000000005,0.5549999999999999,0.09000000000000008,0.0,0.0,0.0,0.04500000000000004,0.04500000000000004,history
1233,1,0,0,-0.16647994534788088,3.7405400557956106,9.6,12.6,0.16999999999999968,0.3874999999999999,13,0.5550000000000005,0.5549999999999999,0.09000000000000008,0.0,0.0,0.0,0.04500000000000004,0.04500000000000004,history
1234,1,0,1,0.0735139184059815,3.814053974201592,9.6,12.6,0.16249999999999964,0.3799999999999999,13,0.5550000000000005,0.5549999999999999,0.09000000000000008,0.0,0.0,0.0,0.04500000000000004,0.04500000000000004,history
1235,1,0,1,0.07347145625514022,3.8875254304567326,9.6,12.6,0.1549999999999996,0.3724999999999999,13,0.5550000000000005,0.5549999999999999,0.09000000000000008,0.0,0.0,0.0,0.04500000000000004,0.04500000000000004,history
1236,1,1,1,0.008511859683666271,3.896037290140399,9.6,12.6,0.3974999999999996,0.3649999999999998,13,0.5550000000000005,0.5549999999999999,0.09000000000000008,0.0,0.0,0.0,0.04500000000000004,0.04500000000000004,history
1237,1,0,1,0.0734317612765081,3.9694690514169073,9.6,12.6,0.3899999999999996,0.3574999999999999,13,0.5550000000000005,0.5549999999999999,0.09000000000000008,0.0,0.0,0.0,0.04500000000000004,0.04500000000000004,history
1238,1,0,1,0.07346002302135839,4.0,9.6,12.6,0.3824999999999996,0.34999999999999987,13,0.5550000000000005,0.5549999999999999,0.09000000000000008,0.0,0.0,0.0,0.04500000000000004,0.04500000000000004,history
1239,1,0,0,-0.16652103677304986,3.83347896322695,9.6,12.6,0.3749999999999996,0.34249999999999986,13,0.5550000000000005,0.5549999999999999,0.09000000000000008,0.0,0.0,0.0,0.04500000000000004,0.04500000000000004,history
1240,1,0,1,0.07344651677979562,3.9069254800067457,9.6,12.6,0.36749999999999966,0.3349999999999999,13,0.5550000000000005,0.5549999999999999,0.09000000000000008,0.0,0.0,0.0,0.04500000000000004,0.04500000000000004,history
1241,1,0,1,0.0734441809652582,3.980369660972004,9.6,12.6,0.3599999999999996,0.32749999999999985,13,0.5550000000000005,0.5549999999999999,0.09000000000000008,0.0,0.0,0.0,0.04500000000000004,0.04500000000000004,history
1242,1,0,1,0.07345144301641694,4.0,9.6,12.6,0.3524999999999996,0.31999999999999984,13,0.5550000000000005,0.5549999999999999,0.09000000000000008,0.0,0.0,0.0,0.04500000000000004,0.04500000000000004,history
1243,1,0,1,0.07340568745939201,4.0,9.6,12.6,0.3449999999999996,0.31249999999999983,13,0.5550000000000005,0.5549999999999999,0.09000000000000008,0.0,0.0,0.0,0.04500000000000004,0.04500000000000004,history
1244,1,0,1,0.07343379440826733,4.0,9.6,12.6,0.3374999999999995,0.30499999999999977,13,0.5550000000000005,0.5549999999999999,0.09000000000000008,0.0,0.0,0.0,0.04500000000000004,0.04500000000000004,history
1245,1,0,0,-0.1665805626226836,3.8334194373773163,9.6,12.6,0.32999999999999957,0.2974999999999998,13,0.5550000000000005,0.5549999999999999,0.09000000000000008,0.0,0.0,0.0,0.04500000000000004,0.04500000000000004,history
1246,1,0,1,0.0734114913509972,3.9068309287283136,9.6,12.6,0.32249999999999956,0.2899999999999998,13,0.5550000000000005,0.5549999999999999,0.09000000000000008,0.0,0.0,0.0,0.04500000000000004,0.04500000000000004,history
1247,1,1,1,0.008438822810537736,3.9152697515388515,9.6,12.6,0.4925,0.2824999999999998,13,0.5550000000000005,0.5549999999999999,0.09000000000000008,0.4349999999999974,0.0,0.0,0.04500000000000004,0.04500000000000004,history
1248,1,0,1,0.07334267261929646,3.988612424158148,9.6,12.6,0.48499999999999993,0.27499999999999986,13,0.5550000000000005,0.5549999999999999,0.09000000000000008,0.0,0.0,0.0,0.04500000000000004,0.04500000000000004,history
1249,1,0,1,0.07340060961934941,4.0,9.6,12.6,0.4775,0.2674999999999998,13,0.5550000000000005,0.5549999999999999,0.09000000000000008,0.0,0.0,0.0,0.04500000000000004,0.04500000000000004,history
1250,1,0,1,0.0734316581371423,4.0,9.6,12.6,0.4699999999999999,0.2599999999999998,13,0.5550000000000005,0.5549999999999999,0.09000000000000008,0.0,0.0,0.0,0.04500000000000004,0.04500000000000004,history
1251,1,0,0,-0.1666323579999126,3.8333676420000873,9.6,12.6,0.46249999999999997,0.2524999999999998,13,0.5550000000000005,0.5549999999999999,0.09000000000000008,0.0,0.0,0.0,0.04500000000000004,0.04500000000000004,history
1252,1,0,1,0.07335515981706722,3.9067228018171547,9.6,12.6,0.455,0.24499999999999975,13,0.5550000000000005,0.5549999999999999,0.09000000000000008,0.0,0.0,0.0,0.04500000000000004,0.04500000000000004,history
1253,1,0,1,0.07342374779891236,3.980146549616067,9.6,12.6,0.44749999999999995,0.2374999999999998,13,0.5550000000000005,0.5549999999999999,0.09000000000000008,0.0,0.0,0.0,0.04500000000000004,0.04500000000000004,history
1254,1,0,1,0.0734443549440594,4.0,9.6,12.6,0.43999999999999995,0.22999999999999976,13,0.5550000000000005,0.5549999999999999,0.09000000000000008,0.0,0.0,0.0,0.04500000000000004,0.04500000000000004,history
1255,1,2,1,0.008367386066781224,4.0,9.6,12.6,0.43249999999999994,0.47249999999999975,13,0.5550000000000005,0.5549999999999999,0.09000000000000008,0.0,0.0,0.0,0.04500000000000004,0.04500000000000004,history
1256,1,0,1,0.07335257087139,4.0,9.6,12.6,0.4249999999999999,0.4649999999999998,13,0.5550000000000005,0.5549999999999999,0.09000000000000008,0.0,0.0,0.0,0.04500000000000004,0.04500000000000004,history
1257,1,0,1,0.07341330612625553,4.0,9.6,12.6,0.4174999999999999,0.45749999999999974,13,0.5550000000000005,0.5549999999999999,0.09000000000000008,0.0,0.0,0.0,0.04500000000000004,0.04500000000000004,history
1258,1,0,1,0.07336866364794108,4.0,9.6,12.6,0.41,0.44999999999999973,13,0.5550000000000005,0.5549999999999999,0.09000000000000008,0.0,0.0,0.0,0.04500000000000004,0.04500000000000004,history
1259,1,0,1,0.07343487744150629,4.0,9.6,12.6,0.4024999999999999,0.4424999999999997,13,0.5550000000000005,0.5549999999999999,0.09000000000000008,0.0,0.0,0.0,0.04500000000000004,0.04500000000000004,history
1260,1,0,1,0.07334913222409073,4.0,9.6,12.6,0.39499999999999996,0.43499999999999966,13,0.5550000000000005,0.5549999999999999,0.09000000000000008,0.0,0.0,0.0,0.04500000000000004,0.04500000000000004,history
1261,1,0,1,0.07337700547543821,4.0,9.6,12.6,0.3874999999999999,0.4274999999999997,13,0.5550000000000005,0.5549999999999999,0.09000000000000008,0.0,0.0,0.0,0.04500000000000004,0.04500000000000004,history
1262,1,2,1,0.008379720575684447,4.0,9.6,12.6,0.3799999999999999,0.4924999999999999,13,0.5550000000000005,0.5549999999999999,0.09000000000000008,1.0649999999999986,0.0,5.551115123125783e-17,0.04500000000000004,0.04500000000000004,history
1263,1,0,1,0.07344557682252362,4.0,9.6,12.6,0.3724999999999999,0.48499999999999993,13,0.5550000000000005,0.5549999999999999,0.09000000000000008,0.0,0.0,0.0,0.04500000000000004,0.04500000000000004,history
1264,1,1,1,0.008443957069700353,4.0,9.6,12.6,0.4925,0.4775,13,0.5550000000000005,0.5549999999999999,0.09000000000000008,0.734999999999999,0.0,0.0,0.04500000000000004,0.04500000000000004,history
1265,1,0,1,0.0732980043403696,4.0,9.6,12.6,0.48499999999999993,0.4699999999999999,13,0.5550000000000005,0.5549999999999999,0.09000000000000008,0.0,0.0,0.0,0.04500000000000004,0.04500000000000004,history
1266,1,0,1,0.0733778733423378,4.0,9.6,12.6,0.4775,0.4624999999999999,13,0.5550000000000005,0.5549999999999999,0.09000000000000008,0.0,0.0,0.0,0.04500000000000004,0.04500000000000004,history
1267,1,0,1,0.07340076690974084,4.0,9.6,12.6,0.4699999999999999,0.4549999999999999,13,0.5550000000000005,0.5549999999999999,0.09000000000000008,0.0,0.0,0.0,0.04500000000000004,0.04500000000000004,history
1268,1,0,1,0.07331511871491726,4.0,9.6,12.6,0.46249999999999997,0.44749999999999984,13,0.5550000000000005,0.5549999999999999,0.09000000000000008,0.0,0.0,0.0,0.04500000000000004,0.04500000000000004,history
1269,1,0,0,-0.16664667628141472,3.833353323718585,9.6,12.6,0.455,0.4399999999999999,13,0.5550000000000005,0.5549999999999999,0.09000000000000008,0.0,0.0,0.0,0.04500000000000004,0.04500000000000004,history
1270,1,0,0,-0.16666239730536006,3.666690926413225,9.6,12.6,0.44749999999999995,0.43249999999999994,13,0.5550000000000005,0.5549999999999999,0.09000000000000008,0.0,0.0,0.0,0.04500000000000004,0.04500000000000004,history
1271,1,1,1,0.008382146708173326,3.675073073121398,9.6,12.6,0.4924999999999999,0.4249999999999999,13,0.5550000000000005,0.5549999999999999,0.09000000000000008,1.185,0.0,5.551115123125783e-17,0.04500000000000004,0.04500000000000004,history
1272,1,0,1,0.07338197879843322,3.7484550519198314,9.6,12.6,0.48499999999999993,0.4174999999999999,13,0.5550000000000005,0.5549999999999999,0.09000000000000008,0.0,0.0,0.0,0.04500000000000004,0.04500000000000004,history
1273,1,0,1,0.07341611823062083,3.821871170150452,9.6,12.6,0.4775,0.40999999999999986,13,0.5550000000000005,0.5549999999999999,0.09000000000000008,0.0,0.0,0.0,0.04500000000000004,0.04500000000000004,history
1274,1,0,1,0.07332503330684376,3.895196203457296,9.6,12.6,0.4699999999999999,0.40249999999999986,13,0.5550000000000005,0.5549999999999999,0.09000000000000008,0.0,0.0,0.0,0.04500000000000004,0.04500000000000004,history
1275,1,0,0,-0.16656341501747704,3.728632788439819,9.6,12.6,0.4624999999999999,0.39499999999999985,13,0.5550000000000005,0.5549999999999999,0.09000000000000008,0.0,0.0,0.0,0.04500000000000004,0.04500000000000004,history
1276,1,0,1,0.07342505013088618,3.802057838570705,9.6,12.6,0.4549999999999999,0.3874999999999998,13,0.5550000000000005,0.5549999999999999,0.09000000000000008,0.0,0.0,0.0,0.04500000000000004,0.04500000000000004,history
1277,1,0,1,0.07335746838408241,3.875415306954787,9.6,12.6,0.44749999999999984,0.37999999999999984,13,0.5550000000000005,0.5549999999999999,0.09000000000000008,0.0,0.0,0.0,0.04500000000000004,0.04500000000000004,history
1278,1,0,1,0.07336037951952892,3.948775686474316,9.6,12.6,0.4399999999999999,0.37249999999999983,13,0.5550000000000005,0.5549999999999999,0.09000000000000008,0.0,0.0,0.0,0.04500000000000004,0.04500000000000004,history
1279,1,0,1,0.07338490431095392,4.0,9.6,12.6,0.43249999999999994,0.3649999999999998,13,0.5550000000000005,0.5549999999999999,0.09000000000000008,0.0,0.0,0.0,0.04500000000000004,0.04500000000000004,history
1280,1,0,1,0.07336357284320397,4.0,9.6,12.6,0.4249999999999999,0.3574999999999999,14,0.5550000000000005,0.5549999999999999,0.09000000000000008,0.0,0.0,0.0,0.04500000000000004,0.04500000000000004,history
1281,1,0,1,0.07342220086081061,4.0,9.6,12.6,0.4174999999999999,0.3499999999999998,14,0.5550000000000005,0.5549999999999999,0.09000000000000008,0.0,0.0,0.0,0.04500000000000004,0.04500000000000004,history
1282,1,2,1,0.008421338866460536,4.0,9.6,12.6,0.40999999999999986,0.4924999999999999,14,0.5550000000000005,0.5549999999999999,0.09000000000000008,0.5999999999999992,0.0,5.551115123125783e-17,0.04500000000000004,0.04500000000000004,history
1283,1,0,1,0.07341576472518518,4.0,9.6,12.6,0.40249999999999986,0.48499999999999993,14,0.5550000000000005,0.5549999999999999,0.09000000000000008,0.0,0.0,0.0,0.04500000000000004,0.04500000000000004,history
1284,1,0,1,0.07333700043357189,4.0,9.6,12.6,0.39499999999999985,0.4775,14,0.5550000000000005,0.5549999999999999,0.09000000000000008,0.0,0.0,0.0,0.04500000000000004,0.04500000000000004,history
1285,1,0,1,0.0733851719459476,4.0,9.6,12.6,0.3874999999999998,0.4699999999999999,14,0.5550000000000005,0.5549999999999999,0.09000000000000008,0.0,0.0,0.0,0.04500000000000004,0.04500000000000004,history
1286,1,0,1,0.07337072476728748,4.0,9.6,12.6,0.37999999999999984,0.4624999999999999,14,0.5550000000000005,0.5549999999999999,0.09000000000000008,0.0,0.0,0.0,0.04500000000000004,0.04500000000000004,history
1287,1,1,1,0.008466439329163009,4.0,9.6,12.6,0.4924999999999999,0.4549999999999999,14,0.5550000000000005,0.5549999999999999,0.09000000000000008,0.7799999999999994,0.0,5.551115123125783e-17,0.04500000000000004,0.04500000000000004,history
1288,1,0,1,0.0733382985250131,4.0,9.6,12.6,0.48499999999999993,0.44749999999999984,14,0.5550000000000005,0.5549999999999999,0.09000000000000008,0.0,0.0,0.0,0.04500000000000004,0.04500000000000004,history
1289,1,0,1,0.07342136599033493,4.0,9.6,12.6,0.4775,0.4399999999999999,14,0.5550000000000005,0.5549999999999999,0.09000000000000008,0.0,0.0,0.0,0.04500000000000004,0.04500000000000004,history
1290,1,0,1,0.0733281544062973,4.0,9.6,12.6,0.4699999999999999,0.43249999999999994,14,0.5550000000000005,0.5549999999999999,0.09000000000000008,0.0,0.0,0.0,0.04500000000000004,0.04500000000000004,history
1291,1,0,1,0.0733584209670966,4.0,9.6,12.6,0.4624999999999999,0.4249999999999999,14,0.5550000000000005,0.5549999999999999,0.09000000000000008,0.0,0.0,0.0,0.04500000000000004,0.04500000000000004,history
1292,1,0,1,0.07337637202627371,4.0,9.6,12.6,0.4549999999999999,0.4174999999999999,14,0.5550000000000005,0.5549999999999999,0.09000000000000008,0.0,0.0,0.0,0.04500000000000004,0.04500000000000004,history
1293,1,0,1,0.07333638343099572,4.0,9.6,12.6,0.44749999999999984,0.40999999999999986,14,0.5550000000000005,0.5549999999999999,0.09000000000000008,0.0,0.0,0.0,0.04500000000000004,0.04500000000000004,history
1294,1,0,1,0.07335011039962618,4.0,9.6,12.6,0.4399999999999999,0.40249999999999986,14,0.5550000000000005,0.5549999999999999,0.09000000000000008,0.0,0.0,0.0,0.04500000000000004,0.04500000000000004,history
1295,1,0,0,-0.16658386883901516,3.833416131160985,9.6,12.6,0.43249999999999994,0.39499999999999985,14,0.5550000000000005,0.5549999999999999,0.09000000000000008,0.0,0.0,0.0,0.04500000000000004,0.04500000000000004,history
1296,1,0,0,-0.16665075875581672,3.6667653724051683,9.6,12.6,0.4249999999999999,0.3874999999999998,14,0.5550000000000005,0.5549999999999999,0.09000000000000008,0.0,0.0,0.0,0.04500000000000004,0.04500000000000004,history
1297,1,2,1,0.008404536530467268,3.6751699089356356,9.6,12.6,0.4174999999999999,0.4925,14,0.5550000000000005,0.5549999999999999,0.09000000000000008,0.8249999999999991,0.0,0.0,0.04500000000000004,0.04500000000000004,history
1298,1,0,1,0.07343937638930637,3.748609285324942,9.6,12.6,0.40999999999999986,0.48499999999999993,14,0.5550000000000005,0.5549999999999999,0.09000000000000008,0.0,0.0,0.0,0.04500000000000004,0.04500000000000004,history
1299,1,0,1,0.07338383617872321,3.8219931215036653,9.6,12.6,0.40249999999999986,0.4775,14,0.5550000000000005,0.5549999999999999,0.09000000000000008,0.0,0.0,0.0,0.04500000000000004,0.04500000000000004,history
1300,1,0,1,0.0734093044692908,3.8954024259729563,9.6,12.6,0.39499999999999985,0.4699999999999999,14,0.5550000000000005,0.5549999999999999,0.09000000000000008,0.0,0.0,0.0,0.04500000000000004,0.04500000000000004,history
1301,1,0,0,-0.1665816102104741,3.7288208157624823,9.6,12.6,0.3874999999999998,0.46249999999999997,14,0.5550000000000005,0.5549999999999999,0.09000000000000008,0.0,0.0,0.0,0.04500000000000004,0.04500000000000004,history
1302,1,0,1,0.07339834091378081,3.802219156676263,9.6,12.6,0.37999999999999984,0.455,14,0.5550000000000005,0.5549999999999999,0.09000000000000008,0.0,0.0,0.0,0.04500000000000004,0.04500000000000004,history
1303,1,2,1,0.00843064025267023,3.8106497969289332,9.6,12.6,0.37249999999999983,0.4925,14,0.5550000000000005,0.5549999999999999,0.09000000000000008,1.23,0.0,0.0,0.04500000000000004,0.04500000000000004,history
1304,1,0,1,0.0733665949086599,3.884016391837593,9.6,12.6,0.3649999999999998,0.48499999999999993,14,0.5550000000000005,0.5549999999999999,0.09000000000000008,0.0,0.0,0.0,0.04500000000000004,0.04500000000000004,history
1305,1,1,1,0.008435500681415343,3.8924518925190084,9.6,12.6,0.4925,0.4775,14,0.5550000000000005,0.5549999999999999,0.09000000000000008,0.6899999999999986,0.0,0.0,0.04500000000000004,0.04500000000000004,history
1306,1,0,0,-0.166568348935602,3.7258835435834063,9.6,12.6,0.48499999999999993,0.4699999999999999,14,0.5550000000000005,0.5549999999999999,0.09000000000000008,0.0,0.0,0.0,0.04500000000000004,0.04500000000000004,history
1307,1,0,1,0.0733421969446581,3.7992257405280645,9.6,12.6,0.4775,0.46249999999999997,14,0.5550000000000005,0.5549999999999999,0.09000000000000008,0.0,0.0,0.0,0.04500000000000004,0.04500000000000004,history
1308,1,0,1,0.07334261538603701,3.8725683559141015,9.6,12.6,0.4699999999999999,0.455,14,0.5550000000000005,0.5549999999999999,0.09000000000000008,0.0,0.0,0.0,0.04500000000000004,0.04500000000000004,history
1309,1,0,1,0.0734027870966206,3.945971143010722,9.6,12.6,0.46249999999999997,0.44749999999999995,14,0.5550000000000005,0.5549999999999999,0.09000000000000008,0.0,0.0,0.0,0.04500000000000004,0.04500000000000004,history
1310,1,2,1,0.008382622056667151,3.9543537650673892,9.6,12.6,0.455,0.4924999999999999,14,0.5550000000000005,0.5549999999999999,0.09000000000000008,1.185,0.0,5.551115123125783e-17,0.04500000000000004,0.04500000000000004,history
1311,1,0,1,0.07339235947243766,4.0,9.6,12.6,0.44749999999999995,0.48499999999999993,14,0.5550000000000005,0.5549999999999999,0.09000000000000008,0.0,0.0,0.0,0.04500000000000004,0.04500000000000004,history
1312,1,0,1,0.0733440011752928,4.0,9.6,12.6,0.43999999999999995,0.4775,14,0.5550000000000005,0.5549999999999999,0.09000000000000008,0.0,0.0,0.0,0.04500000000000004,0.04500000000000004,history
1313,1,0,1,0.07335217226131432,4.0,9.6,12.6,0.43249999999999994,0.4699999999999999,14,0.5550000000000005,0.5549999999999999,0.09000000000000008,0.0,0.0,0.0,0.04500000000000004,0.04500000000000004,history
1314,1,0,1,0.07338751003975467,4.0,9.6,12.6,0.4249999999999999,0.4624999999999999,14,0.5550000000000005,0.5549999999999999,0.09000000000000008,0.0,0.0,0.0,0.04500000000000004,0.04500000000000004,history
1315,1,0,1,0.07339442719127653,4.0,9.6,12.6,0.4174999999999999,0.4549999999999999,14,0.5550000000000005,0.5549999999999999,0.09000000000000008,0.0,0.0,0.0,0.04500000000000004,0.04500000000000004,history
1316,1,2,1,0.008357061410265779,4.0,9.6,12.6,0.41,0.4925,14,0.5550000000000005,0.5549999999999999,0.09000000000000008,1.229999999999999,0.0,0.0,0.04500000000000004,0.04500000000000004,history
1317,1,0,1,0.07338022200154805,4.0,9.6,12.6,0.4024999999999999,0.48499999999999993,14,0.5550000000000005,0.5549999999999999,0.09000000000000008,0.0,0.0,0.0,0.04500000000000004,0.04500000000000004,history
1318,1,0,1,0.07337577295831268,4.0,9.6,12.6,0.39499999999999996,0.4775,14,0.5550000000000005,0.5549999999999999,0.09000000000000008,0.0,0.0,0.0,0.04500000000000004,0.04500000000000004,history
1319,1,0,1,0.07340509984727903,4.0,9.6,12.6,0.3874999999999999,0.4699999999999999,14,0.5550000000000005,0.5549999999999999,0.09000000000000008,0.0,0.0,0.0,0.04500000000000004,0.04500000000000004,history
1320,1,0,1,0.07338211944042991,4.0,9.6,12.6,0.3799999999999999,0.46249999999999997,14,0.5550000000000005,0.5549999999999999,0.09000000000000008,0.0,0.0,0.0,0.04500000000000004,0.04500000000000004,history
1321,1,0,1,0.0733996831850556,4.0,9.6,12.6,0.3724999999999999,0.455,14,0.5550000000000005,0.5549999999999999,0.09000000000000008,0.0,0.0,0.0,0.04500000000000004,0.04500000000000004,history
1322,1,0,1,0.07339825319351115,4.0,9.6,12.6,0.3649999999999998,0.44749999999999995,14,0.5550000000000005,0.5549999999999999,0.09000000000000008,0.0,0.0,0.0,0.04500000000000004,0.04500000000000004,history
1323,1,0,1,0.07342618999058687,4.0,9.6,12.6,0.3574999999999999,0.43999999999999995,14,0.5550000000000005,0.5549999999999999,0.09000000000000008,0.0,0.0,0.0,0.04500000000000004,0.04500000000000004,history
1324,1,2,0,-0.23159385770595406,3.768406142294046,9.6,12.6,0.34999999999999987,0.4925,14,0.5550000000000005,0.5549999999999999,0.09000000000000008,1.1399999999999997,0.0,0.0,0.04500000000000004,0.04500000000000004,history
1325,1,0,1,0.07342659583995519,3.841832738134001,9.6,12.6,0.34249999999999986,0.48499999999999993,14,0.5550000000000005,0.5549999999999999,0.09000000000000008,0.0,0.0,0.0,0.04500000000000004,0.04500000000000004,history
1326,1,0,1,0.07344618268608927,3.91527892082009,9.6,12.6,0.3349999999999999,0.4775,14,0.5550000000000005,0.5549999999999999,0.09000000000000008,0.0,0.0,0.0,0.04500000000000004,0.04500000000000004,history
1327,1,0,1,0.07341357737662789,3.988692498196718,9.6,12.6,0.32749999999999985,0.4699999999999999,14,0.5550000000000005,0.5549999999999999,0.09000000000000008,0.0,0.0,0.0,0.04500000000000004,0.04500000000000004,history
1328,1,0,1,0.07345525633971961,4.0,9.6,12.6,0.31999999999999984,0.46249999999999997,14,0.5550000000000005,0.5549999999999999,0.09000000000000008,0.0,0.0,0.0,0.04500000000000004,0.04500000000000004,history
1329,1,0,1,0.07340465331879537,4.0,9.6,12.6,0.31249999999999983,0.455,14,0.5550000000000005,0.5549999999999999,0.09000000000000008,0.0,0.0,0.0,0.04500000000000004,0.04500000000000004,history
1330,1,0,1,0.07342553080265055,4.0,9.6,12.6,0.30499999999999977,0.44749999999999995,14,0.5550000000000005,0.5549999999999999,0.09000000000000008,0.0,0.0,0.0,0.04500000000000004,0.04500000000000004,history
1331,1,1,1,0.008427238712750553,4.0,9.6,12.6,0.4925,0.43999999999999995,14,0.5550000000000005,0.5549999999999999,0.09000000000000008,0.32999999999999896,0.0,0.0,0.04500000000000004,0.04500000000000004,history
1332,1,0,1,0.0733712876419353,4.0,9.6,12.6,0.48499999999999993,0.43249999999999994,14,0.5550000000000005,0.5549999999999999,0.09000000000000008,0.0,0.0,0.0,0.04500000000000004,0.04500000000000004,history
1333,1,0,1,0.0733674459424579,4.0,9.6,12.6,0.4775,0.4249999999999999,14,0.5550000000000005,0.5549999999999999,0.09000000000000008,0.0,0.0,0.0,0.04500000000000004,0.04500000000000004,history
1334,1,0,1,0.07335827735031686,4.0,9.6,12.6,0.4699999999999999,0.4174999999999999,14,0.5550000000000005,0.5549999999999999,0.09000000000000008,0.0,0.0,0.0,0.04500000000000004,0.04500000000000004,history
1335,1,0,1,0.07335240494024274,4.0,9.6,12.6,0.46249999999999997,0.41,14,0.5550000000000005,0.5549999999999999,0.09000000000000008,0.0,0.0,0.0,0.04500000000000004,0.04500000000000004,history
1336,1,0,1,0.07335307325986722,4.0,9.6,12.6,0.455,0.4024999999999999,14,0.5550000000000005,0.5549999999999999,0.09000000000000008,0.0,0.0,0.0,0.04500000000000004,0.04500000000000004,history
1337,1,0,1,0.07339439789557815,4.0,9.6,12.6,0.44749999999999995,0.39499999999999996,14,0.5550000000000005,0.5549999999999999,0.09000000000000008,0.0,0.0,0.0,0.04500000000000004,0.04500000000000004,history
1338,1,0,1,0.07337906050691823,4.0,9.6,12.6,0.43999999999999995,0.3874999999999999,14,0.5550000000000005,0.5549999999999999,0.09000000000000008,0.0,0.0,0.0,0.04500000000000004,0.04500000000000004,history
1339,1,0,1,0.07335369507691795,4.0,9.6,12.6,0.43249999999999994,0.3799999999999999,14,0.5550000000000005,0.5549999999999999,0.09000000000000008,0.0,0.0,0.0,0.04500000000000004,0.04500000000000004,history
1340,1,0,1,0.07337015895557832,4.0,9.6,12.6,0.4249999999999999,0.3724999999999999,14,0.5550000000000005,0.5549999999999999,0.09000000000000008,0.0,0.0,0.0,0.04500000000000004,0.04500000000000004,history
1341,1,1,1,0.00841355690168933,4.0,9.6,12.6,0.4925,0.3649999999999998,14,0.5550000000000005,0.5549999999999999,0.09000000000000008,1.0499999999999996,0.0,0.0,0.04500000000000004,0.04500000000000004,history
1342,1,0,1,0.07334273951114564,4.0,9.6,12.6,0.48499999999999993,0.3574999999999999,14,0.5550000000000005,0.5549999999999999,0.09000000000000008,0.0,0.0,0.0,0.04500000000000004,0.04500000000000004,history
1343,1,0,1,0.0733342701999165,4.0,9.6,12.6,0.4775,0.34999999999999987,14,0.5550000000000005,0.5549999999999999,0.09000000000000008,0.0,0.0,0.0,0.04500000000000004,0.04500000000000004,history
1344,1,0,0,-0.16661814947433534,3.8333818505256647,9.6,12.6,0.4699999999999999,0.34249999999999986,14,0.5550000000000005,0.5549999999999999,0.09000000000000008,0.0,0.0,0.0,0.04500000000000004,0.04500000000000004,history
1345,1,0,1,0.07337256483635966,3.906754415362024,9.6,12.6,0.46249999999999997,0.3349999999999999,14,0.5550000000000005,0.5549999999999999,0.09000000000000008,0.0,0.0,0.0,0.04500000000000004,0.04500000000000004,history
1346,1,0,1,0.07335510356750351,3.9801095189295275,9.6,12.6,0.455,0.32749999999999985,14,0.5550000000000005,0.5549999999999999,0.09000000000000008,0.0,0.0,0.0,0.04500000000000004,0.04500000000000004,history
1347,1,2,0,-0.23163326296568154,3.748476255963846,9.6,12.6,0.44749999999999995,0.4924999999999999,14,0.5550000000000005,0.5549999999999999,0.09000000000000008,0.4649999999999994,0.0,5.551115123125783e-17,0.04500000000000004,0.04500000000000004,history
1348,1,0,1,0.07336072665597292,3.8218369826198186,9.6,12.6,0.43999999999999995,0.48499999999999993,14,0.5550000000000005,0.5549999999999999,0.09000000000000008,0.0,0.0,0.0,0.04500000000000004,0.04500000000000004,history
1349,1,0,0,-0.1666599669853759,3.6551770156344427,9.6,12.6,0.43249999999999994,0.4775,14,0.5550000000000005,0.5549999999999999,0.09000000000000008,0.0,0.0,0.0,0.04500000000000004,0.04500000000000004,history
1350,1,0,0,-0.16664236392077866,3.488534651713664,9.6,12.6,0.4249999999999999,0.4699999999999999,14,0.5550000000000005,0.5549999999999999,0.09000000000000008,0.0,0.0,0.0,0.04500000000000004,0.04500000000000004,history
1351,1,2,1,0.008377369922140616,3.4969120216358047,9.6,12.6,0.4174999999999999,0.4924999999999999,14,0.5550000000000005,0.5549999999999999,0.09000000000000008,1.3199999999999998,0.0,5.551115123125783e-17,0.04500000000000004,0.04500000000000004,history
1352,1,1,1,0.008409701594423833,3.5053217232302285,9.6,12.6,0.4924999999999999,0.48499999999999993,14,0.5550000000000005,0.5549999999999999,0.09000000000000008,1.005,0.0,5.551115123125783e-17,0.04500000000000004,0.04500000000000004,history
1353,1,2,1,0.008402168425376942,3.5137238916556055,9.6,12.6,0.48499999999999993,0.4925,14,0.5550000000000005,0.5549999999999999,0.09000000000000008,1.4099999999999993,0.0,0.0,0.04500000000000004,0.04500000000000004,history
1354,1,0,1,0.07337011558802874,3.587094007243634,9.6,12.6,0.4775,0.48499999999999993,14,0.5550000000000005,0.5549999999999999,0.09000000000000008,0.0,0.0,0.0,0.04500000000000004,0.04500000000000004,history
1355,1,0,1,0.07336237677360599,3.66045638401724,9.6,12.6,0.4699999999999999,0.4775,14,0.5550000000000005,0.5549999999999999,0.09000000000000008,0.0,0.0,0.0,0.04500000000000004,0.04500000000000004,history
1356,1,1,1,0.008412385152858453,3.6688687691700985,9.6,12.6,0.4924999999999999,0.4699999999999999,14,0.5550000000000005,0.5549999999999999,0.09000000000000008,1.3199999999999998,0.0,5.551115123125783e-17,0.04500000000000004,0.04500000000000004,history
1357,1,0,1,0.0733255700012261,3.742194339171325,9.6,12.6,0.48499999999999993,0.46249999999999997,14,0.5550000000000005,0.5549999999999999,0.09000000000000008,0.0,0.0,0.0,0.04500000000000004,0.04500000000000004,history
1358,1,0,1,0.07338307607201905,3.815577415243344,9.6,12.6,0.4775,0.455,14,0.5550000000000005,0.5549999999999999,0.09000000000000008,0.0,0.0,0.0,0.04500000000000004,0.04500000000000004,history
1359,1,0,1,0.07334259316781386,3.8889200084111577,9.6,12.6,0.4699999999999999,0.44749999999999995,14,0.5550000000000005,0.5549999999999999,0.09000000000000008,0.0,0.0,0.0,0.04500000000000004,0.04500000000000004,history
1360,1,0,1,0.07332649404796494,3.9622465024591227,9.6,12.6,0.4624999999999999,0.43999999999999995,14,0.5550000000000005,0.5549999999999999,0.09000000000000008,0.0,0.0,0.0,0.04500000000000004,0.04500000000000004,history
1361,1,0,1,0.07334411694000306,4.0,9.6,12.6,0.4549999999999999,0.43249999999999994,14,0.5550000000000005,0.5549999999999999,0.09000000000000008,0.0,0.0,0.0,0.04500000000000004,0.04500000000000004,history
1362,1,0,1,0.07335861342368896,4.0,9.6,12.6,0.44749999999999984,0.4249999999999999,14,0.5550000000000005,0.5549999999999999,0.09000000000000008,0.0,0.0,0.0,0.04500000000000004,0.04500000000000004,history
1363,1,0,1,0.07337706944566477,4.0,9.6,12.6,0.4399999999999999,0.4174999999999999,14,0.5550000000000005,0.5549999999999999,0.09000000000000008,0.0,0.0,0.0,0.04500000000000004,0.04500000000000004,history
1364,1,0,1,0.07338296717227295,4.0,9.6,12.6,0.43249999999999994,0.41,14,0.5550000000000005,0.5549999999999999,0.09000000000000008,0.0,0.0,0.0,0.04500000000000004,0.04500000000000004,history
1365,1,0,1,0.0733815392955405,4.0,9.6,12.6,0.4249999999999999,0.4024999999999999,14,0.5550000000000005,0.5549999999999999,0.09000000000000008,0.0,0.0,0.0,0.04500000000000004,0.04500000000000004,history
1366,1,0,1,0.07335094315417552,4.0,9.6,12.6,0.4174999999999999,0.39499999999999996,14,0.5550000000000005,0.5549999999999999,0.09000000000000008,0.0,0.0,0.0,0.04500000000000004,0.04500000000000004,history
1367,1,0,1,0.07335707758535692,4.0,9.6,12.6,0.40999999999999986,0.3874999999999999,14,0.5550000000000005,0.5549999999999999,0.09000000000000008,0.0,0.0,0.0,0.04500000000000004,0.04500000000000004,history
1368,1,0,1,0.07336340409442493,4.0,9.6,12.6,0.40249999999999986,0.3799999999999999,14,0.5550000000000005,0.5549999999999999,0.09000000000000008,0.0,0.0,0.0,0.04500000000000004,0.04500000000000004,history
1369,1,0,1,0.07337449518273048,4.0,9.6,12.6,0.39499999999999985,0.3724999999999999,14,0.5550000000000005,0.5549999999999999,0.09000000000000008,0.0,0.0,0.0,0.04500000000000004,0.04500000000000004,history
1370,1,0,1,0.07337442135817351,4.0,9.6,12.6,0.3874999999999998,0.3649999999999998,14,0.5550000000000005,0.5549999999999999,0.09000000000000008,0.0,0.0,0.0,0.04500000000000004,0.04500000000000004,history
1371,1,0,1,0.07338577840372301,4.0,9.6,12.6,0.37999999999999984,0.3574999999999999,14,0.5550000000000005,0.5549999999999999,0.09000000000000008,0.0,0.0,0.0,0.04500000000000004,0.04500000000000004,history
1372,1,0,1,0.07336566632620428,4.0,9.6,12.6,0.37249999999999983,0.34999999999999987,14,0.5550000000000005,0.5549999999999999,0.09000000000000008,0.0,0.0,0.0,0.04500000000000004,0.04500000000000004,history
1373,1,0,1,0.07339857901267284,4.0,9.6,12.6,0.3649999999999998,0.34249999999999986,14,0.5550000000000005,0.5549999999999999,0.09000000000000008,0.0,0.0,0.0,0.04500000000000004,0.04500000000000004,history
1374,1,1,1,0.008398587067302688,4.0,9.6,12.6,0.4925,0.3349999999999999,14,0.5550000000000005,0.5549999999999999,0.09000000000000008,0.6899999999999986,0.0,0.0,0.04500000000000004,0.04500000000000004,history
1375,1,0,1,0.07331688471847463,4.0,9.6,12.6,0.48499999999999993,0.32749999999999985,14,0.5550000000000005,0.5549999999999999,0.09000000000000008,0.0,0.0,0.0,0.04500000000000004,0.04500000000000004,history
1376,1,0,1,0.07333479362863259,4.0,9.6,12.6,0.4775,0.31999999999999984,14,0.5550000000000005,0.5549999999999999,0.09000000000000008,0.0,0.0,0.0,0.04500000000000004,0.04500000000000004,history
1377,1,0,1,0.07334181262483817,4.0,9.6,12.6,0.4699999999999999,0.31249999999999983,14,0.5550000000000005,0.5549999999999999,0.09000000000000008,0.0,0.0,0.0,0.04500000000000004,0.04500000000000004,history
1378,1,0,1,0.07336869861237764,4.0,9.6,12.6,0.46249999999999997,0.30499999999999977,14,0.5550000000000005,0.5549999999999999,0.09000000000000008,0.0,0.0,0.0,0.04500000000000004,0.04500000000000004,history
1379,1,0,1,0.07338564336706788,4.0,9.6,12.6,0.455,0.2974999999999998,14,0.5550000000000005,0.5549999999999999,0.09000000000000008,0.0,0.0,0.0,0.04500000000000004,0.04500000000000004,history
1380,1,0,1,0.07341172396424114,4.0,9.6,12.6,0.44749999999999995,0.2899999999999998,14,0.5550000000000005,0.5549999999999999,0.09000000000000008,0.0,0.0,0.0,0.04500000000000004,0.04500000000000004,history
1381,1,0,1,0.07338177496378759,4.0,9.6,12.6,0.43999999999999995,0.2824999999999998,14,0.5550000000000005,0.5549999999999999,0.09000000000000008,0.0,0.0,0.0,0.04500000000000004,0.04500000000000004,history
1382,1,2,1,0.008375954192085805,4.0,9.6,12.6,0.43249999999999994,0.4925,14,0.5550000000000005,0.5549999999999999,0.09000000000000008,0.1949999999999985,0.0,0.0,0.04500000000000004,0.04500000000000004,history
1383,1,2,0,-0.23163206508934728,3.768367934910653,9.6,12.6,0.4249999999999999,0.4925,14,0.5550000000000005,0.5549999999999999,0.09000000000000008,1.4549999999999996,0.0,0.0,0.04500000000000004,0.04500000000000004,history
1384,1,0,1,0.0733281443275588,3.8416960792382118,9.6,12.6,0.4174999999999999,0.48499999999999993,14,0.5550000000000005,0.5549999999999999,0.09000000000000008,0.0,0.0,0.0,0.04500000000000004,0.04500000000000004,history
1385,1,1,1,0.008378977217634972,3.8500750564558466,9.6,12.6,0.4924999999999999,0.4775,14,0.5550000000000005,0.5549999999999999,0.09000000000000008,1.005,0.0,5.551115123125783e-17,0.04500000000000004,0.04500000000000004,history
1386,1,0,1,0.07334795412036466,3.923423010576211,9.6,12.6,0.48499999999999993,0.4699999999999999,14,0.5550000000000005,0.5549999999999999,0.09000000000000008,0.0,0.0,0.0,0.04500000000000004,0.04500000000000004,history
1387,1,0,1,0.07336158112153968,3.9967845916977507,9.6,12.6,0.4775,0.46249999999999997,14,0.5550000000000005,0.5549999999999999,0.09000000000000008,0.0,0.0,0.0,0.04500000000000004,0.04500000000000004,history
1388,1,0,0,-0.16665089126355304,3.8301337004341978,9.6,12.6,0.4699999999999999,0.455,14,0.5550000000000005,0.5549999999999999,0.09000000000000008,0.0,0.0,0.0,0.04500000000000004,0.04500000000000004,history
1389,1,0,1,0.07331081488524709,3.903444515319445,9.6,12.6,0.4624999999999999,0.44749999999999995,14,0.5550000000000005,0.5549999999999999,0.09000000000000008,0.0,0.0,0.0,0.04500000000000004,0.04500000000000004,history
1390,1,0,0,-0.16666228840684025,3.7367822269126045,9.6,12.6,0.4549999999999999,0.43999999999999995,14,0.5550000000000005,0.5549999999999999,0.09000000000000008,0.0,0.0,0.0,0.04500000000000004,0.04500000000000004,history
1391,1,1,1,0.008317717092356314,3.745099944004961,9.6,12.6,0.4925,0.43249999999999994,14,0.5550000000000005,0.5549999999999999,0.09000000000000008,1.229999999999999,0.0,0.0,0.04500000000000004,0.04500000000000004,history
1392,1,0,1,0.07334504928015717,3.818444993285118,9.6,12.6,0.48499999999999993,0.4249999999999999,14,0.5550000000000005,0.5549999999999999,0.09000000000000008,0.0,0.0,0.0,0.04500000000000004,0.04500000000000004,history
1393,1,0,1,0.0732936645367695,3.8917386578218878,9.6,12.6,0.4775,0.4174999999999999,14,0.5550000000000005,0.5549999999999999,0.09000000000000008,0.0,0.0,0.0,0.04500000000000004,0.04500000000000004,history
1394,1,0,1,0.07332496581450638,3.9650636236363943,9.6,12.6,0.4699999999999999,0.41,14,0.5550000000000005,0.5549999999999999,0.09000000000000008,0.0,0.0,0.0,0.04500000000000004,0.04500000000000004,history
1395,1,0,1,0.07337503221617901,4.0,9.6,12.6,0.46249999999999997,0.4024999999999999,14,0.5550000000000005,0.5549999999999999,0.09000000000000008,0.0,0.0,0.0,0.04500000000000004,0.04500000000000004,history
1396,1,0,1,0.07339228118707161,4.0,9.6,12.6,0.455,0.39499999999999996,14,0.5550000000000005,0.5549999999999999,0.09000000000000008,0.0,0.0,0.0,0.04500000000000004,0.04500000000000004,history
1397,1,0,1,0.07333042887253172,4.0,9.6,12.6,0.44749999999999995,0.3874999999999999,14,0.5550000000000005,0.5549999999999999,0.09000000000000008,0.0,0.0,0.0,0.04500000000000004,0.04500000000000004,history
1398,1,2,1,0.00834813401617346,4.0,9.6,12.6,0.43999999999999995,0.4924999999999999,14,0.5550000000000005,0.5549999999999999,0.09000000000000008,0.8249999999999997,0.0,5.551115123125783e-17,0.04500000000000004,0.04500000000000004,history
1399,1,0,1,0.07335654341950719,4.0,9.6,12.6,0.43249999999999994,0.48499999999999993,14,0.5550000000000005,0.5549999999999999,0.09000000000000008,0.0,0.0,0.0,0.04500000000000004,0.04500000000000004,history
1400,1,0,1,0.07335205079542174,4.0,9.6,12.6,0.4249999999999999,0.4775,14,0.5550000000000005,0.5549999999999999,0.09000000000000008,0.0,0.0,0.0,0.04500000000000004,0.04500000000000004,history
1401,1,0,1,0.07333189569266133,4.0,9.6,12.6,0.4174999999999999,0.4699999999999999,14,0.5550000000000005,0.5549999999999999,0.09000000000000008,0.0,0.0,0.0,0.04500000000000004,0.04500000000000004,history
1402,1,0,1,0.07336985751575215,4.0,9.6,12.6,0.41,0.4624999999999999,14,0.5550000000000005,0.5549999999999999,0.09000000000000008,0.0,0.0,0.0,0.04500000000000004,0.04500000000000004,history
1403,1,0,1,0.07332776946046166,4.0,9.6,12.6,0.4024999999999999,0.4549999999999999,14,0.5550000000000005,0.5549999999999999,0.09000000000000008,0.0,0.0,0.0,0.04500000000000004,0.04500000000000004,history
1404,1,0,1,0.07335488318137802,4.0,9.6,12.6,0.39499999999999996,0.44749999999999984,14,0.5550000000000005,0.5549999999999999,0.09000000000000008,0.0,0.0,0.0,0.04500000000000004,0.04500000000000004,history
1405,1,0,1,0.0734013023299381,4.0,9.6,12.6,0.3874999999999999,0.4399999999999999,14,0.5550000000000005,0.5549999999999999,0.09000000000000008,0.0,0.0,0.0,0.04500000000000004,0.04500000000000004,history
1406,1,0,1,0.07338223162771808,4.0,9.6,12.6,0.3799999999999999,0.43249999999999994,14,0.5550000000000005,0.5549999999999999,0.09000000000000008,0.0,0.0,0.0,0.04500000000000004,0.04500000000000004,history
1407,1,0,1,0.07339008106657989,4.0,9.6,12.6,0.3724999999999999,0.4249999999999999,14,0.5550000000000005,0.5549999999999999,0.09000000000000008,0.0,0.0,0.0,0.04500000000000004,0.04500000000000004,history
1408,1,0,1,0.07336902370550538,4.0,9.6,12.6,0.3649999999999998,0.4174999999999999,15,0.5550000000000005,0.5549999999999999,0.09000000000000008,0.0,0.0,0.0,0.04500000000000004,0.04500000000000004,history
1409,1,0,1,0.073389021806188,4.0,9.6,12.6,0.3574999999999999,0.40999999999999986,15,0.5550000000000005,0.5549999999999999,0.09000000000000008,0.0,0.0,0.0,0.04500000000000004,0.04500000000000004,history
1410,1,1,1,0.008419496496400145,4.0,9.6,12.6,0.4924999999999999,0.40249999999999986,15,0.5550000000000005,0.5549999999999999,0.09000000000000008,0.6449999999999996,0.0,5.551115123125783e-17,0.04500000000000004,0.04500000000000004,history
1411,1,0,1,0.07334611512248562,4.0,9.6,12.6,0.48499999999999993,0.39499999999999985,15,0.5550000000000005,0.5549999999999999,0.09000000000000008,0.0,0.0,0.0,0.04500000000000004,0.04500000000000004,history
1412,1,0,1,0.07331559001442489,4.0,9.6,12.6,0.4775,0.3874999999999998,15,0.5550000000000005,0.5549999999999999,0.09000000000000008,0.0,0.0,0.0,0.04500000000000004,0.04500000000000004,history
1413,1,0,1,0.07330992408174768,4.0,9.6,12.6,0.4699999999999999,0.37999999999999984,15,0.5550000000000005,0.5549999999999999,0.09000000000000008,0.0,0.0,0.0,0.04500000000000004,0.04500000000000004,history
1414,1,1,1,0.008345818874031316,4.0,9.6,12.6,0.4924999999999999,0.37249999999999983,15,0.5550000000000005,0.5549999999999999,0.09000000000000008,1.3199999999999998,0.0,5.551115123125783e-17,0.04500000000000004,0.04500000000000004,history
1415,1,1,1,0.008321567898379005,4.0,9.6,12.6,0.4925,0.3649999999999998,15,0.5550000000000005,0.5549999999999999,0.09000000000000008,1.4549999999999996,0.0,0.0,0.04500000000000004,0.04500000000000004,history
1416,1,0,1,0.07334099686379844,4.0,9.6,12.6,0.48499999999999993,0.3574999999999999,15,0.5550000000000005,0.5549999999999999,0.09000000000000008,0.0,0.0,0.0,0.04500000000000004,0.04500000000000004,history
1417,1,0,1,0.07331102151771217,4.0,9.6,12.6,0.4775,0.3499999999999998,15,0.5550000000000005,0.5549999999999999,0.09000000000000008,0.0,0.0,0.0,0.04500000000000004,0.04500000000000004,history
1418,1,0,1,0.07334415855732852,4.0,9.6,12.6,0.4699999999999999,0.3424999999999998,15,0.5550000000000005,0.5549999999999999,0.09000000000000008,0.0,0.0,0.0,0.04500000000000004,0.04500000000000004,history
1419,1,1,1,0.008354995091717297,4.0,9.6,12.6,0.4925,0.3349999999999998,15,0.5550000000000005,0.5549999999999999,0.09000000000000008,1.3199999999999998,0.0,0.0,0.04500000000000004,0.04500000000000004,history
1420,1,0,1,0.07334279306652051,4.0,9.6,12.6,0.48499999999999993,0.32749999999999974,15,0.5550000000000005,0.5549999999999999,0.09000000000000008,0.0,0.0,0.0,0.04500000000000004,0.04500000000000004,history
1421,1,0,1,0.0733302788258507,4.0,9.6,12.6,0.4775,0.3199999999999998,15,0.5550000000000005,0.5549999999999999,0.09000000000000008,0.0,0.0,0.0,0.04500000000000004,0.04500000000000004,history
1422,1,0,0,-0.1666862645619347,3.8333137354380655,9.6,12.6,0.4699999999999999,0.3124999999999998,15,0.5550000000000005,0.5549999999999999,0.09000000000000008,0.0,0.0,0.0,0.04500000000000004,0.04500000000000004,history
1423,1,0,1,0.07331409428631222,3.906627829724378,9.6,12.6,0.46249999999999997,0.30499999999999977,15,0.5550000000000005,0.5549999999999999,0.09000000000000008,0.0,0.0,0.0,0.04500000000000004,0.04500000000000004,history
1424,1,0,0,-0.166654958348974,3.739972871375404,9.6,12.6,0.455,0.2974999999999998,15,0.5550000000000005,0.5549999999999999,0.09000000000000008,0.0,0.0,0.0,0.04500000000000004,0.04500000000000004,history
1425,1,0,1,0.07339619995151825,3.8133690713269224,9.6,12.6,0.44749999999999995,0.28999999999999976,15,0.5550000000000005,0.5549999999999999,0.09000000000000008,0.0,0.0,0.0,0.04500000000000004,0.04500000000000004,history
1426,1,0,1,0.07339295204631076,3.886762023373233,9.6,12.6,0.43999999999999995,0.28249999999999975,15,0.5550000000000005,0.5549999999999999,0.09000000000000008,0.0,0.0,0.0,0.04500000000000004,0.04500000000000004,history
1427,1,0,1,0.07336294623858258,3.9601249696118157,9.6,12.6,0.43249999999999994,0.27499999999999974,15,0.5550000000000005,0.5549999999999999,0.09000000000000008,0.0,0.0,0.0,0.04500000000000004,0.04500000000000004,history
1428,1,0,1,0.0733331422792973,4.0,9.6,12.6,0.4249999999999999,0.2674999999999997,15,0.5550000000000005,0.5549999999999999,0.09000000000000008,0.0,0.0,0.0,0.04500000000000004,0.04500000000000004,history
1429,1,2,1,0.008374283983692672,4.0,9.6,12.6,0.4174999999999999,0.4925,15,0.5550000000000005,0.5549999999999999,0.09000000000000008,0.10499999999999843,0.0,0.0,0.04500000000000004,0.04500000000000004,history
1430,1,0,1,0.07332659618391325,4.0,9.6,12.6,0.41,0.48499999999999993,15,0.5550000000000005,0.5549999999999999,0.09000000000000008,0.0,0.0,0.0,0.04500000000000004,0.04500000000000004,history
1431,1,0,0,-0.16665006792091291,3.833349932079087,9.6,12.6,0.4024999999999999,0.4775,15,0.5550000000000005,0.5549999999999999,0.09000000000000008,0.0,0.0,0.0,0.04500000000000004,0.04500000000000004,history
1432,1,0,1,0.07336243426142763,3.9067123663405146,9.6,12.6,0.39499999999999996,0.4699999999999999,15,0.5550000000000005,0.5549999999999999,0.09000000000000008,0.0,0.0,0.0,0.04500000000000004,0.04500000000000004,history
1433,1,0,1,0.07337195003138008,3.9800843163718946,9.6,12.6,0.3874999999999999,0.46249999999999997,15,0.5550000000000005,0.5549999999999999,0.09000000000000008,0.0,0.0,0.0,0.04500000000000004,0.04500000000000004,history
1434,1,0,1,0.07336022332902455,4.0,9.6,12.6,0.3799999999999999,0.455,15,0.5550000000000005,0.5549999999999999,0.09000000000000008,0.0,0.0,0.0,0.04500000000000004,0.04500000000000004,history
1435,1,1,1,0.008388018076289005,4.0,9.6,12.6,0.4925,0.44749999999999995,15,0.5550000000000005,0.5549999999999999,0.09000000000000008,0.7799999999999994,0.0,0.0,0.04500000000000004,0.04500000000000004,history
1436,1,0,1,0.07332359458139631,4.0,9.6,12.6,0.48499999999999993,0.43999999999999995,15,0.5550000000000005,0.5549999999999999,0.09000000000000008,0.0,0.0,0.0,0.04500000000000004,0.04500000000000004,history
1437,1,0,1,0.07331879325866726,4.0,9.6,12.6,0.4775,0.43249999999999994,15,0.5550000000000005,0.5549999999999999,0.09000000000000008,0.0,0.0,0.0,0.04500000000000004,0.04500000000000004,history
1438,1,0,1,0.07333872432502184,4.0,9.6,12.6,0.4699999999999999,0.4249999999999999,15,0.5550000000000005,0.5549999999999999,0.09000000000000008,0.0,0.0,0.0,0.04500000000000004,0.04500000000000004,history
1439,1,2,1,0.008307159893805103,4.0,9.6,12.6,0.46249999999999997,0.4925,15,0.5550000000000005,0.5549999999999999,0.09000000000000008,1.0499999999999996,0.0,0.0,0.04500000000000004,0.04500000000000004,history
1440,1,0,1,0.07332770376165385,4.0,9.6,12.6,0.455,0.48499999999999993,15,0.5550000000000005,0.5549999999999999,0.09000000000000008,0.0,0.0,0.0,0.04500000000000004,0.04500000000000004,history
1441,1,0,1,0.07335732699234263,4.0,9.6,12.6,0.44749999999999995,0.4775,15,0.5550000000000005,0.5549999999999999,0.09000000000000008,0.0,0.0,0.0,0.04500000000000004,0.04500000000000004,history
1442,1,0,1,0.07334371245945175,4.0,9.6,12.6,0.43999999999999995,0.4699999999999999,15,0.5550000000000005,0.5549999999999999,0.09000000000000008,0.0,0.0,0.0,0.04500000000000004,0.04500000000000004,history
1443,1,0,1,0.0733499775962464,4.0,9.6,12.6,0.43249999999999994,0.46249999999999997,15,0.5550000000000005,0.5549999999999999,0.09000000000000008,0.0,0.0,0.0,0.04500000000000004,0.04500000000000004,history
1444,1,0,1,0.07334631442279987,4.0,9.6,12.6,0.4249999999999999,0.455,15,0.5550000000000005,0.5549999999999999,0.09000000000000008,0.0,0.0,0.0,0.04500000000000004,0.04500000000000004,history
1445,1,0,1,0.073384202362338,4.0,9.6,12.6,0.4174999999999999,0.44749999999999995,15,0.5550000000000005,0.5549999999999999,0.09000000000000008,0.0,0.0,0.0,0.04500000000000004,0.04500000000000004,history
1446,1,0,1,0.07335610979045919,4.0,9.6,12.6,0.41,0.43999999999999995,15,0.5550000000000005,0.5549999999999999,0.09000000000000008,0.0,0.0,0.0,0.04500000000000004,0.04500000000000004,history
1447,1,1,1,0.008374556406091057,4.0,9.6,12.6,0.4925,0.43249999999999994,15,0.5550000000000005,0.5549999999999999,0.09000000000000008,0.9599999999999995,0.0,0.0,0.04500000000000004,0.04500000000000004,history
1448,1,0,1,0.07333998012048044,4.0,9.6,12.6,0.48499999999999993,0.4249999999999999,15,0.5550000000000005,0.5549999999999999,0.09000000000000008,0.0,0.0,0.0,0.04500000000000004,0.04500000000000004,history
1449,1,0,1,0.07335840915931492,4.0,9.6,12.6,0.4775,0.4174999999999999,15,0.5550000000000005,0.5549999999999999,0.09000000000000008,0.0,0.0,0.0,0.04500000000000004,0.04500000000000004,history
1450,1,0,1,0.07332830284784354,4.0,9.6,12.6,0.4699999999999999,0.41,15,0.5550000000000005,0.5549999999999999,0.09000000000000008,0.0,0.0,0.0,0.04500000000000004,0.04500000000000004,history
1451,1,1,1,0.008327708297966035,4.0,9.6,12.6,0.4925,0.4024999999999999,15,0.5550000000000005,0.5549999999999999,0.09000000000000008,1.3199999999999998,0.0,0.0,0.04500000000000004,0.04500000000000004,history
1452,1,0,1,0.07330444321833789,4.0,9.6,12.6,0.48499999999999993,0.39499999999999996,15,0.5550000000000005,0.5549999999999999,0.09000000000000008,0.0,0.0,0.0,0.04500000000000004,0.04500000000000004,history
1453,1,0,1,0.07338670124529513,4.0,9.6,12.6,0.4775,0.3874999999999999,15,0.5550000000000005,0.5549999999999999,0.09000000000000008,0.0,0.0,0.0,0.04500000000000004,0.04500000000000004,history
1454,1,0,1,0.07336206761785599,4.0,9.6,12.6,0.4699999999999999,0.3799999999999999,15,0.5550000000000005,0.5549999999999999,0.09000000000000008,0.0,0.0,0.0,0.04500000000000004,0.04500000000000004,history
1455,1,0,1,0.07331775820445093,4.0,9.6,12.6,0.46249999999999997,0.3724999999999999,15,0.5550000000000005,0.5549999999999999,0.09000000000000008,0.0,0.0,0.0,0.04500000000000004,0.04500000000000004,history
1456,1,0,1,0.0733434300619365,4.0,9.6,12.6,0.455,0.3649999999999998,15,0.5550000000000005,0.5549999999999999,0.09000000000000008,0.0,0.0,0.0,0.04500000000000004,0.04500000000000004,history
1457,1,0,1,0.07334418160050812,4.0,9.6,12.6,0.44749999999999995,0.3574999999999999,15,0.5550000000000005,0.5549999999999999,0.09000000000000008,0.0,0.0,0.0,0.04500000000000004,0.04500000000000004,history
1458,1,0,1,0.07331219281876847,4.0,9.6,12.6,0.43999999999999995,0.34999999999999987,15,0.5550000000000005,0.5549999999999999,0.09000000000000008,0.0,0.0,0.0,0.04500000000000004,0.04500000000000004,history
1459,1,0,1,0.07335451381396936,4.0,9.6,12.6,0.43249999999999994,0.34249999999999986,15,0.5550000000000005,0.5549999999999999,0.09000000000000008,0.0,0.0,0.0,0.04500000000000004,0.04500000000000004,history
1460,1,0,0,-0.16663743773529469,3.833362562264705,9.6,12.6,0.4249999999999999,0.3349999999999999,15,0.5550000000000005,0.5549999999999999,0.09000000000000008,0.0,0.0,0.0,0.04500000000000004,0.04500000000000004,history
1461,1,0,1,0.07336696496532857,3.9067295272300337,9.6,12.6,0.4174999999999999,0.32749999999999985,15,0.5550000000000005,0.5549999999999999,0.09000000000000008,0.0,0.0,0.0,0.04500000000000004,0.04500000000000004,history
1462,1,0,1,0.0733619934152198,3.9800915206452534,9.6,12.6,0.41,0.31999999999999984,15,0.5550000000000005,0.5549999999999999,0.09000000000000008,0.0,0.0,0.0,0.04500000000000004,0.04500000000000004,history
1463,1,0,0,-0.16664016653676497,3.8134513541084885,9.6,12.6,0.4024999999999999,0.31249999999999983,15,0.5550000000000005,0.5549999999999999,0.09000000000000008,0.0,0.0,0.0,0.04500000000000004,0.04500000000000004,history
1464,1,0,1,0.07339508331162754,3.886846437420116,9.6,12.6,0.39499999999999996,0.30499999999999977,15,0.5550000000000005,0.5549999999999999,0.09000000000000008,0.0,0.0,0.0,0.04500000000000004,0.04500000000000004,history
1465,1,0,0,-0.16666800566117954,3.7201784317589364,9.6,12.6,0.3874999999999999,0.2974999999999998,15,0.5550000000000005,0.5549999999999999,0.09000000000000008,0.0,0.0,0.0,0.04500000000000004,0.04500000000000004,history
1466,1,0,1,0.07340755553204793,3.7935859872909843,9.6,12.6,0.3799999999999999,0.2899999999999998,15,0.5550000000000005,0.5549999999999999,0.09000000000000008,0.0,0.0,0.0,0.04500000000000004,0.04500000000000004,history
1467,1,0,1,0.07337626064544114,3.8669622479364256,9.6,12.6,0.3724999999999999,0.2824999999999998,15,0.5550000000000005,0.5549999999999999,0.09000000000000008,0.0,0.0,0.0,0.04500000000000004,0.04500000000000004,history
1468,1,0,1,0.07334874812458717,3.940310996061013,9.6,12.6,0.3649999999999998,0.27499999999999986,15,0.5550000000000005,0.5549999999999999,0.09000000000000008,0.0,0.0,0.0,0.04500000000000004,0.04500000000000004,history
1469,1,0,0,-0.16663154856223908,3.773679447498774,9.6,12.6,0.3574999999999999,0.2674999999999998,15,0.5550000000000005,0.5549999999999999,0.09000000000000008,0.0,0.0,0.0,0.04500000000000004,0.04500000000000004,history
1470,1,0,1,0.07340397140032474,3.847083418899099,9.6,12.6,0.34999999999999987,0.2599999999999998,15,0.5550000000000005,0.5549999999999999,0.09000000000000008,0.0,0.0,0.0,0.04500000000000004,0.04500000000000004,history
1471,1,0,1,0.07340876428844884,3.9204921831875477,9.6,12.6,0.34249999999999986,0.2524999999999998,15,0.5550000000000005,0.5549999999999999,0.09000000000000008,0.0,0.0,0.0,0.04500000000000004,0.04500000000000004,history
1472,1,0,1,0.07338594182991746,3.9938781250174653,9.6,12.6,0.3349999999999999,0.24499999999999975,15,0.5550000000000005,0.5549999999999999,0.09000000000000008,0.0,0.0,0.0,0.04500000000000004,0.04500000000000004,history
1473,1,0,1,0.07337260709866344,4.0,9.6,12.6,0.32749999999999985,0.2374999999999998,15,0.5550000000000005,0.5549999999999999,0.09000000000000008,0.0,0.0,0.0,0.04500000000000004,0.04500000000000004,history
1474,1,0,1,0.0734023245887441,4.0,9.6,12.6,0.31999999999999984,0.22999999999999976,15,0.5550000000000005,0.5549999999999999,0.09000000000000008,0.0,0.0,0.0,0.04500000000000004,0.04500000000000004,history
1475,1,2,1,0.008383992243082786,4.0,9.6,12.6,0.31249999999999983,0.47249999999999975,15,0.5550000000000005,0.5549999999999999,0.09000000000000008,0.0,0.0,0.0,0.04500000000000004,0.04500000000000004,history
1476,1,0,0,-0.1666059054272614,3.8333940945727387,9.6,12.6,0.30499999999999977,0.4649999999999998,15,0.5550000000000005,0.5549999999999999,0.09000000000000008,0.0,0.0,0.0,0.04500000000000004,0.04500000000000004,history
1477,1,0,1,0.0733673981320824,3.9067614927048213,9.6,12.6,0.2974999999999998,0.45749999999999974,15,0.5550000000000005,0.5549999999999999,0.09000000000000008,0.0,0.0,0.0,0.04500000000000004,0.04500000000000004,history
1478,1,0,1,0.07339847135046708,3.9801599640552885,9.6,12.6,0.2899999999999998,0.44999999999999973,15,0.5550000000000005,0.5549999999999999,0.09000000000000008,0.0,0.0,0.0,0.04500000000000004,0.04500000000000004,history
1479,1,0,1,0.0734218451506618,4.0,9.6,12.6,0.2824999999999998,0.4424999999999997,15,0.5550000000000005,0.5549999999999999,0.09000000000000008,0.0,0.0,0.0,0.04500000000000004,0.04500000000000004,history
1480,1,0,1,0.07344029471121365,4.0,9.6,12.6,0.27499999999999986,0.43499999999999966,15,0.5550000000000005,0.5549999999999999,0.09000000000000008,0.0,0.0,0.0,0.04500000000000004,0.04500000000000004,history
1481,1,0,1,0.0733913544526967,4.0,9.6,12.6,0.2674999999999998,0.4274999999999997,15,0.5550000000000005,0.5549999999999999,0.09000000000000008,0.0,0.0,0.0,0.04500000000000004,0.04500000000000004,history
1482,1,0,1,0.07342786904148743,4.0,9.6,12.6,0.2599999999999998,0.41999999999999976,15,0.5550000000000005,0.5549999999999999,0.09000000000000008,0.0,0.0,0.0,0.04500000000000004,0.04500000000000004,history
1483,1,2,1,0.008385044244248636,4.0,9.6,12.6,0.2524999999999998,0.4925,15,0.5550000000000005,0.5549999999999999,0.09000000000000008,1.0199999999999982,0.0,0.0,0.04500000000000004,0.04500000000000004,history
1484,1,0,1,0.07337321696263698,4.0,9.6,12.6,0.24499999999999975,0.48499999999999993,15,0.5550000000000005,0.5549999999999999,0.09000000000000008,0.0,0.0,0.0,0.04500000000000004,0.04500000000000004,history
1485,1,0,1,0.07342421674442605,4.0,9.6,12.6,0.2374999999999998,0.4775,15,0.5550000000000005,0.5549999999999999,0.09000000000000008,0.0,0.0,0.0,0.04500000000000004,0.04500000000000004,history
1486,1,0,1,0.073366575844242,4.0,9.6,12.6,0.22999999999999976,0.4699999999999999,15,0.5550000000000005,0.5549999999999999,0.09000000000000008,0.0,0.0,0.0,0.04500000000000004,0.04500000000000004,history
1487,1,1,1,0.00838692288335497,4.0,9.6,12.6,0.47249999999999975,0.46249999999999997,15,0.5550000000000005,0.5549999999999999,0.09000000000000008,0.0,0.0,0.0,0.04500000000000004,0.04500000000000004,history
1488,1,0,1,0.07331372895963313,4.0,9.6,12.6,0.4649999999999998,0.455,15,0.5550000000000005,0.5549999999999999,0.09000000000000008,0.0,0.0,0.0,0.04500000000000004,0.04500000000000004,history
1489,1,1,1,0.008336203536665691,4.0,9.6,12.6,0.4925,0.44749999999999995,15,0.5550000000000005,0.5549999999999999,0.09000000000000008,1.2899999999999985,0.0,0.0,0.04500000000000004,0.04500000000000004,history
1490,1,0,1,0.07332209542558353,4.0,9.6,12.6,0.48499999999999993,0.43999999999999995,15,0.5550000000000005,0.5549999999999999,0.09000000000000008,0.0,0.0,0.0,0.04500000000000004,0.04500000000000004,history
1491,1,0,1,0.07332731437568017,4.0,9.6,12.6,0.4775,0.43249999999999994,15,0.5550000000000005,0.5549999999999999,0.09000000000000008,0.0,0.0,0.0,0.04500000000000004,0.04500000000000004,history
1492,1,0,1,0.07337899190322641,4.0,9.6,12.6,0.4699999999999999,0.4249999999999999,15,0.5550000000000005,0.5549999999999999,0.09000000000000008,0.0,0.0,0.0,0.04500000000000004,0.04500000000000004,history
1493,1,0,1,0.07335177853383273,4.0,9.6,12.6,0.46249999999999997,0.4174999999999999,15,0.5550000000000005,0.5549999999999999,0.09000000000000008,0.0,0.0,0.0,0.04500000000000004,0.04500000000000004,history
1494,1,0,1,0.0733228388321246,4.0,9.6,12.6,0.455,0.41,15,0.5550000000000005,0.5549999999999999,0.09000000000000008,0.0,0.0,0.0,0.04500000000000004,0.04500000000000004,history
1495,1,0,1,0.0733340635116523,4.0,9.6,12.6,0.44749999999999995,0.4024999999999999,15,0.5550000000000005,0.5549999999999999,0.09000000000000008,0.0,0.0,0.0,0.04500000000000004,0.04500000000000004,history
1496,1,0,0,-0.1666725284333105,3.8333274715666894,9.6,12.6,0.43999999999999995,0.39499999999999996,15,0.5550000000000005,0.5549999999999999,0.09000000000000008,0.0,0.0,0.0,0.04500000000000004,0.04500000000000004,history
1497,1,0,1,0.07336007433380688,3.906687545900496,9.6,12.6,0.43249999999999994,0.3874999999999999,15,0.5550000000000005,0.5549999999999999,0.09000000000000008,0.0,0.0,0.0,0.04500000000000004,0.04500000000000004,history
1498,1,0,1,0.07331727472445379,3.98000482062495,9.6,12.6,0.4249999999999999,0.3799999999999999,15,0.5550000000000005,0.5549999999999999,0.09000000000000008,0.0,0.0,0.0,0.04500000000000004,0.04500000000000004,history
1499,1,0,1,0.0733623211069723,4.0,9.6,12.6,0.4174999999999999,0.3724999999999999,15,0.5550000000000005,0.5549999999999999,0.09000000000000008,0.0,0.0,0.0,0.04500000000000004,0.04500000000000004,history
1500,1,0,1,0.0733497547250443,4.0,9.6,12.6,0.41,0.3649999999999998,15,0.5550000000000005,0.5549999999999999,0.09000000000000008,0.0,0.0,0.0,0.04500000000000004,0.04500000000000004,history
1501,1,0,0,-0.1666385178575693,3.833361482142431,9.6,12.6,0.4024999999999999,0.3574999999999999,15,0.5550000000000005,0.5549999999999999,0.09000000000000008,0.0,0.0,0.0,0.04500000000000004,0.04500000000000004,history
1502,1,0,1,0.0733751878486676,3.9067366699910986,9.6,12.6,0.39499999999999996,0.34999999999999987,15,0.5550000000000005,0.5549999999999999,0.09000000000000008,0.0,0.0,0.0,0.04500000000000004,0.04500000000000004,history
1503,1,0,0,-0.16663297905310784,3.7401036909379908,9.6,12.6,0.3874999999999999,0.34249999999999986,15,0.5550000000000005,0.5549999999999999,0.09000000000000008,0.0,0.0,0.0,0.04500000000000004,0.04500000000000004,history
1504,1,0,1,0.07334295781398038,3.813446648751971,9.6,12.6,0.3799999999999999,0.3349999999999999,15,0.5550000000000005,0.5549999999999999,0.09000000000000008,0.0,0.0,0.0,0.04500000000000004,0.04500000000000004,history
1505,1,1,1,0.008384783040521558,3.821831431792493,9.6,12.6,0.4925,0.32749999999999985,15,0.5550000000000005,0.5549999999999999,0.09000000000000008,0.7799999999999994,0.0,0.0,0.04500000000000004,0.04500000000000004,history
1506,1,2,0,-0.2316818025394256,3.5901496292530672,9.6,12.6,0.48499999999999993,0.4924999999999999,15,0.5550000000000005,0.5549999999999999,0.09000000000000008,0.4649999999999994,0.0,5.551115123125783e-17,0.04500000000000004,0.04500000000000004,history
1507,1,0,1,0.07335275248803395,3.663502381741101,9.6,12.6,0.4775,0.48499999999999993,15,0.5550000000000005,0.5549999999999999,0.09000000000000008,0.0,0.0,0.0,0.04500000000000004,0.04500000000000004,history
1508,1,0,1,0.07330253257747081,3.736804914318572,9.6,12.6,0.4699999999999999,0.4775,15,0.5550000000000005,0.5549999999999999,0.09000000000000008,0.0,0.0,0.0,0.04500000000000004,0.04500000000000004,history
1509,1,1,1,0.008357728530457308,3.7451626428490297,9.6,12.6,0.4925,0.4699999999999999,15,0.5550000000000005,0.5549999999999999,0.09000000000000008,1.3199999999999998,0.0,0.0,0.04500000000000004,0.04500000000000004,history
1510,1,0,1,0.07327870687133212,3.818441349720362,9.6,12.6,0.48499999999999993,0.4624999999999999,15,0.5550000000000005,0.5549999999999999,0.09000000000000008,0.0,0.0,0.0,0.04500000000000004,0.04500000000000004,history
1511,1,0,1,0.07334027641087704,3.8917816261312392,9.6,12.6,0.4775,0.4549999999999999,15,0.5550000000000005,0.5549999999999999,0.09000000000000008,0.0,0.0,0.0,0.04500000000000004,0.04500000000000004,history
1512,1,2,1,0.008336050756379991,3.900117676887619,9.6,12.6,0.4699999999999999,0.4925,15,0.5550000000000005,0.5549999999999999,0.09000000000000008,1.229999999999999,0.0,0.0,0.04500000000000004,0.04500000000000004,history
1513,1,0,1,0.0733003176096509,3.97341799449727,9.6,12.6,0.46249999999999997,0.48499999999999993,15,0.5550000000000005,0.5549999999999999,0.09000000000000008,0.0,0.0,0.0,0.04500000000000004,0.04500000000000004,history
1514,1,0,1,0.07330398980164306,4.0,9.6,12.6,0.455,0.4775,15,0.5550000000000005,0.5549999999999999,0.09000000000000008,0.0,0.0,0.0,0.04500000000000004,0.04500000000000004,history
1515,1,2,1,0.008334294758815064,4.0,9.6,12.6,0.44749999999999995,0.4924999999999999,15,0.5550000000000005,0.5549999999999999,0.09000000000000008,1.3650000000000002,0.0,5.551115123125783e-17,0.04500000000000004,0.04500000000000004,history
1516,1,0,1,0.07334281276284743,4.0,9.6,12.6,0.43999999999999995,0.48499999999999993,15,0.5550000000000005,0.5549999999999999,0.09000000000000008,0.0,0.0,0.0,0.04500000000000004,0.04500000000000004,history
1517,1,0,1,0.07333618153974786,4.0,9.6,12.6,0.43249999999999994,0.4775,15,0.5550000000000005,0.5549999999999999,0.09000000000000008,0.0,0.0,0.0,0.04500000000000004,0.04500000000000004,history
1518,1,0,1,0.07334539114815372,4.0,9.6,12.6,0.4249999999999999,0.4699999999999999,15,0.5550000000000005,0.5549999999999999,0.09000000000000008,0.0,0.0,0.0,0.04500000000000004,0.04500000000000004,history
1519,1,0,1,0.0733430435256537,4.0,9.6,12.6,0.4174999999999999,0.4624999999999999,15,0.5550000000000005,0.5549999999999999,0.09000000000000008,0.0,0.0,0.0,0.04500000000000004,0.04500000000000004,history
1520,1,0,1,0.07335676333833757,4.0,9.6,12.6,0.41,0.4549999999999999,15,0.5550000000000005,0.5549999999999999,0.09000000000000008,0.0,0.0,0.0,0.04500000000000004,0.04500000000000004,history
1521,1,0,0,-0.16664735954943877,3.833352640450561,9.6,12.6,0.4024999999999999,0.44749999999999984,15,0.5550000000000005,0.5549999999999999,0.09000000000000008,0.0,0.0,0.0,0.04500000000000004,0.04500000000000004,history
1522,1,0,1,0.07336285503696553,3.9067154954875267,9.6,12.6,0.39499999999999996,0.4399999999999999,15,0.5550000000000005,0.5549999999999999,0.09000000000000008,0.0,0.0,0.0,0.04500000000000004,0.04500000000000004,history
1523,1,0,1,0.07337810975856487,3.9800936052460916,9.6,12.6,0.3874999999999999,0.43249999999999994,15,0.5550000000000005,0.5549999999999999,0.09000000000000008,0.0,0.0,0.0,0.04500000000000004,0.04500000000000004,history
1524,1,0,0,-0.16662934990776407,3.8134642553383276,9.6,12.6,0.3799999999999999,0.4249999999999999,15,0.5550000000000005,0.5549999999999999,0.09000000000000008,0.0,0.0,0.0,0.04500000000000004,0.04500000000000004,history
1525,1,1,1,0.008359625284112942,3.8218238806224405,9.6,12.6,0.4925,0.4174999999999999,15,0.5550000000000005,0.5549999999999999,0.09000000000000008,0.7799999999999994,0.0,0.0,0.04500000000000004,0.04500000000000004,history
1526,1,0,1,0.07329583206148857,3.895119712683929,9.6,12.6,0.48499999999999993,0.40999999999999986,15,0.5550000000000005,0.5549999999999999,0.09000000000000008,0.0,0.0,0.0,0.04500000000000004,0.04500000000000004,history
1527,1,0,1,0.07330123734565142,3.9684209500295804,9.6,12.6,0.4775,0.40249999999999986,15,0.5550000000000005,0.5549999999999999,0.09000000000000008,0.0,0.0,0.0,0.04500000000000004,0.04500000000000004,history
1528,1,0,1,0.07332548186684476,4.0,9.6,12.6,0.4699999999999999,0.39499999999999985,15,0.5550000000000005,0.5549999999999999,0.09000000000000008,0.0,0.0,0.0,0.04500000000000004,0.04500000000000004,history
1529,1,0,1,0.07335258471954002,4.0,9.6,12.6,0.46249999999999997,0.3874999999999998,15,0.5550000000000005,0.5549999999999999,0.09000000000000008,0.0,0.0,0.0,0.04500000000000004,0.04500000000000004,history
1530,1,2,1,0.00832152216993158,4.0,9.6,12.6,0.455,0.4925,15,0.5550000000000005,0.5549999999999999,0.09000000000000008,0.8249999999999991,0.0,0.0,0.04500000000000004,0.04500000000000004,history
1531,1,0,0,-0.16666680644248522,3.8333331935575146,9.6,12.6,0.44749999999999995,0.48499999999999993,15,0.5550000000000005,0.5549999999999999,0.09000000000000008,0.0,0.0,0.0,0.04500000000000004,0.04500000000000004,history
1532,1,0,1,0.07331873211616982,3.9066519256736845,9.6,12.6,0.43999999999999995,0.4775,15,0.5550000000000005,0.5549999999999999,0.09000000000000008,0.0,0.0,0.0,0.04500000000000004,0.04500000000000004,history
1533,1,2,1,0.008363612696219866,3.915015538369904,9.6,12.6,0.43249999999999994,0.4924999999999999,15,0.5550000000000005,0.5549999999999999,0.09000000000000008,1.3650000000000002,0.0,5.551115123125783e-17,0.04500000000000004,0.04500000000000004,history
1534,1,0,1,0.07334246209409662,3.9883580004640007,9.6,12.6,0.4249999999999999,0.48499999999999993,15,0.5550000000000005,0.5549999999999999,0.09000000000000008,0.0,0.0,0.0,0.04500000000000004,0.04500000000000004,history
1535,1,0,1,0.07335721992175225,4.0,9.6,12.6,0.4174999999999999,0.4775,15,0.5550000000000005,0.5549999999999999,0.09000000000000008,0.0,0.0,0.0,0.04500000000000004,0.04500000000000004,history
1536,1,0,1,0.07331446010615775,4.0,9.6,12.6,0.41,0.4699999999999999,16,0.5550000000000005,0.5549999999999999,0.09000000000000008,0.0,0.0,0.0,0.04500000000000004,0.04500000000000004,history
1537,1,1,1,0.008330717222865752,4.0,9.6,12.6,0.4925,0.4624999999999999,16,0.5550000000000005,0.5549999999999999,0.09000000000000008,0.9599999999999995,0.0,0.0,0.04500000000000004,0.04500000000000004,history
1538,1,0,1,0.07331882451460868,4.0,9.6,12.6,0.48499999999999993,0.4549999999999999,16,0.5550000000000005,0.5549999999999999,0.09000000000000008,0.0,0.0,0.0,0.04500000000000004,0.04500000000000004,history
1539,1,2,1,0.008301888328119313,4.0,9.6,12.6,0.4775,0.4925,16,0.5550000000000005,0.5549999999999999,0.09000000000000008,1.229999999999999,0.0,0.0,0.04500000000000004,0.04500000000000004,history
1540,1,0,1,0.07330039604812742,4.0,9.6,12.6,0.4699999999999999,0.48499999999999993,16,0.5550000000000005,0.5549999999999999,0.09000000000000008,0.0,0.0,0.0,0.04500000000000004,0.04500000000000004,history
1541,1,0,1,0.07331984926696651,4.0,9.6,12.6,0.46249999999999997,0.4775,16,0.5550000000000005,0.5549999999999999,0.09000000000000008,0.0,0.0,0.0,0.04500000000000004,0.04500000000000004,history
1542,1,0,1,0.07329563177609476,4.0,9.6,12.6,0.455,0.4699999999999999,16,0.5550000000000005,0.5549999999999999,0.09000000000000008,0.0,0.0,0.0,0.04500000000000004,0.04500000000000004,history
1543,1,0,1,0.07328681645541119,4.0,9.6,12.6,0.44749999999999995,0.46249999999999997,16,0.5550000000000005,0.5549999999999999,0.09000000000000008,0.0,0.0,0.0,0.04500000000000004,0.04500000000000004,history
1544,1,0,1,0.07333374650957986,4.0,9.6,12.6,0.43999999999999995,0.455,16,0.5550000000000005,0.5549999999999999,0.09000000000000008,0.0,0.0,0.0,0.04500000000000004,0.04500000000000004,history
1545,1,2,0,-0.23168687488564918,3.768313125114351,9.6,12.6,0.43249999999999994,0.4925,16,0.5550000000000005,0.5549999999999999,0.09000000000000008,1.23,0.0,0.0,0.04500000000000004,0.04500000000000004,history
1546,1,0,1,0.07331143392150402,3.841624559035855,9.6,12.6,0.4249999999999999,0.48499999999999993,16,0.5550000000000005,0.5549999999999999,0.09000000000000008,0.0,0.0,0.0,0.04500000000000004,0.04500000000000004,history
1547,1,0,1,0.0733106613249459,3.9149352203608005,9.6,12.6,0.4174999999999999,0.4775,16,0.5550000000000005,0.5549999999999999,0.09000000000000008,0.0,0.0,0.0,0.04500000000000004,0.04500000000000004,history
1548,1,0,1,0.07338973635077455,3.9883249567115753,9.6,12.6,0.41,0.4699999999999999,16,0.5550000000000005,0.5549999999999999,0.09000000000000008,0.0,0.0,0.0,0.04500000000000004,0.04500000000000004,history
1549,1,0,1,0.07337071994597795,4.0,9.6,12.6,0.4024999999999999,0.46249999999999997,16,0.5550000000000005,0.5549999999999999,0.09000000000000008,0.0,0.0,0.0,0.04500000000000004,0.04500000000000004,history
1550,1,0,1,0.07330593646843152,4.0,9.6,12.6,0.39499999999999996,0.455,16,0.5550000000000005,0.5549999999999999,0.09000000000000008,0.0,0.0,0.0,0.04500000000000004,0.04500000000000004,history
1551,1,0,1,0.07336976575603855,4.0,9.6,12.6,0.3874999999999999,0.44749999999999995,16,0.5550000000000005,0.5549999999999999,0.09000000000000008,0.0,0.0,0.0,0.04500000000000004,0.04500000000000004,history
1552,1,1,1,0.008343315028479134,4.0,9.6,12.6,0.4924999999999999,0.43999999999999995,16,0.5550000000000005,0.5549999999999999,0.09000000000000008,0.8249999999999997,0.0,5.551115123125783e-17,0.04500000000000004,0.04500000000000004,history
1553,1,0,0,-0.1666866930893202,3.83331330691068,9.6,12.6,0.48499999999999993,0.43249999999999994,16,0.5550000000000005,0.5549999999999999,0.09000000000000008,0.0,0.0,0.0,0.04500000000000004,0.04500000000000004,history
1554,1,0,1,0.07331830561885687,3.906631612529537,9.6,12.6,0.4775,0.4249999999999999,16,0.5550000000000005,0.5549999999999999,0.09000000000000008,0.0,0.0,0.0,0.04500000000000004,0.04500000000000004,history
1555,1,0,1,0.073296770354265,3.9799283828838017,9.6,12.6,0.4699999999999999,0.4174999999999999,16,0.5550000000000005,0.5549999999999999,0.09000000000000008,0.0,0.0,0.0,0.04500000000000004,0.04500000000000004,history
1556,1,2,1,0.008364842077677855,3.9882932249614798,9.6,12.6,0.4624999999999999,0.4924999999999999,16,0.5550000000000005,0.5549999999999999,0.09000000000000008,1.005,0.0,5.551115123125783e-17,0.04500000000000004,0.04500000000000004,history
1557,1,0,1,0.07335960572252753,4.0,9.6,12.6,0.4549999999999999,0.48499999999999993,16,0.5550000000000005,0.5549999999999999,0.09000000000000008,0.0,0.0,0.0,0.04500000000000004,0.04500000000000004,history
1558,1,0,0,-0.16667129878975284,3.833328701210247,9.6,12.6,0.44749999999999984,0.4775,16,0.5550000000000005,0.5549999999999999,0.09000000000000008,0.0,0.0,0.0,0.04500000000000004,0.04500000000000004,history
1559,1,0,0,-0.1666136990261019,3.6667150021841453,9.6,12.6,0.4399999999999999,0.4699999999999999,16,0.5550000000000005,0.5549999999999999,0.09000000000000008,0.0,0.0,0.0,0.04500000000000004,0.04500000000000004,history
1560,1,0,1,0.07337389330840126,3.7400888954925464,9.6,12.6,0.43249999999999994,0.4624999999999999,16,0.5550000000000005,0.5549999999999999,0.09000000000000008,0.0,0.0,0.0,0.04500000000000004,0.04500000000000004,history
1561,1,0,1,0.073360170451666,3.8134490659442126,9.6,12.6,0.4249999999999999,0.4549999999999999,16,0.5550000000000005,0.5549999999999999,0.09000000000000008,0.0,0.0,0.0,0.04500000000000004,0.04500000000000004,history
1562,1,0,1,0.07338391985574594,3.8868329857999586,9.6,12.6,0.4174999999999999,0.44749999999999984,16,0.5550000000000005,0.5549999999999999,0.09000000000000008,0.0,0.0,0.0,0.04500000000000004,0.04500000000000004,history
1563,1,0,0,-0.16668427970983635,3.7201487060901224,9.6,12.6,0.40999999999999986,0.4399999999999999,16,0.5550000000000005,0.5549999999999999,0.09000000000000008,0.0,0.0,0.0,0.04500000000000004,0.04500000000000004,history
1564,1,0,1,0.07333674857214259,3.793485454662265,9.6,12.6,0.40249999999999986,0.43249999999999994,16,0.5550000000000005,0.5549999999999999,0.09000000000000008,0.0,0.0,0.0,0.04500000000000004,0.04500000000000004,history
1565,1,0,1,0.07335676351200597,3.866842218174271,9.6,12.6,0.39499999999999985,0.4249999999999999,16,0.5550000000000005,0.5549999999999999,0.09000000000000008,0.0,0.0,0.0,0.04500000000000004,0.04500000000000004,history
1566,1,0,1,0.07338792094969161,3.9402301391239627,9.6,12.6,0.3874999999999998,0.4174999999999999,16,0.5550000000000005,0.5549999999999999,0.09000000000000008,0.0,0.0,0.0,0.04500000000000004,0.04500000000000004,history
1567,1,0,0,-0.16665466938277146,3.7735754697411914,9.6,12.6,0.37999999999999984,0.40999999999999986,16,0.5550000000000005,0.5549999999999999,0.09000000000000008,0.0,0.0,0.0,0.04500000000000004,0.04500000000000004,history
1568,1,0,1,0.07339011499444653,3.846965584735638,9.6,12.6,0.37249999999999983,0.40249999999999986,16,0.5550000000000005,0.5549999999999999,0.09000000000000008,0.0,0.0,0.0,0.04500000000000004,0.04500000000000004,history
1569,1,0,1,0.07335130172732421,3.9203168864629623,9.6,12.6,0.3649999999999998,0.39499999999999985,16,0.5550000000000005,0.5549999999999999,0.09000000000000008,0.0,0.0,0.0,0.04500000000000004,0.04500000000000004,history
1570,1,0,1,0.07335584864942074,3.993672735112383,9.6,12.6,0.3574999999999999,0.3874999999999998,16,0.5550000000000005,0.5549999999999999,0.09000000000000008,0.0,0.0,0.0,0.04500000000000004,0.04500000000000004,history
1571,1,0,1,0.0733556324079144,4.0,9.6,12.6,0.3499999999999998,0.37999999999999984,16,0.5550000000000005,0.5549999999999999,0.09000000000000008,0.0,0.0,0.0,0.04500000000000004,0.04500000000000004,history
1572,1,0,1,0.07334960015721022,4.0,9.6,12.6,0.3424999999999998,0.37249999999999983,16,0.5550000000000005,0.5549999999999999,0.09000000000000008,0.0,0.0,0.0,0.04500000000000004,0.04500000000000004,history
1573,1,0,1,0.07336717039400217,4.0,9.6,12.6,0.3349999999999998,0.3649999999999998,16,0.5550000000000005,0.5549999999999999,0.09000000000000008,0.0,0.0,0.0,0.04500000000000004,0.04500000000000004,history
1574,1,0,1,0.0733431213618355,4.0,9.6,12.6,0.32749999999999974,0.3574999999999999,16,0.5550000000000005,0.5549999999999999,0.09000000000000008,0.0,0.0,0.0,0.04500000000000004,0.04500000000000004,history
1575,1,0,1,0.07337560749060054,4.0,9.6,12.6,0.3199999999999998,0.3499999999999998,16,0.5550000000000005,0.5549999999999999,0.09000000000000008,0.0,0.0,0.0,0.04500000000000004,0.04500000000000004,history
1576,1,2,1,0.008392874793211134,4.0,9.6,12.6,0.3124999999999998,0.4924999999999999,16,0.5550000000000005,0.5549999999999999,0.09000000000000008,0.5999999999999992,0.0,5.551115123125783e-17,0.04500000000000004,0.04500000000000004,history
1577,1,0,1,0.073386389957401,4.0,9.6,12.6,0.30499999999999977,0.48499999999999993,16,0.5550000000000005,0.5549999999999999,0.09000000000000008,0.0,0.0,0.0,0.04500000000000004,0.04500000000000004,history
1578,1,0,1,0.07338771167282557,4.0,9.6,12.6,0.2974999999999998,0.4775,16,0.5550000000000005,0.5549999999999999,0.09000000000000008,0.0,0.0,0.0,0.04500000000000004,0.04500000000000004,history
1579,1,0,0,-0.1666127618326394,3.8333872381673606,9.6,12.6,0.28999999999999976,0.4699999999999999,16,0.5550000000000005,0.5549999999999999,0.09000000000000008,0.0,0.0,0.0,0.04500000000000004,0.04500000000000004,history
1580,1,0,1,0.07339913913158144,3.906786377298942,9.6,12.6,0.28249999999999975,0.4624999999999999,16,0.5550000000000005,0.5549999999999999,0.09000000000000008,0.0,0.0,0.0,0.04500000000000004,0.04500000000000004,history
1581,1,0,1,0.07335207104761343,3.9801384483465556,9.6,12.6,0.27499999999999974,0.4549999999999999,16,0.5550000000000005,0.5549999999999999,0.09000000000000008,0.0,0.0,0.0,0.04500000000000004,0.04500000000000004,history
1582,1,0,1,0.07335194083856397,4.0,9.6,12.6,0.2674999999999997,0.44749999999999984,16,0.5550000000000005,0.5549999999999999,0.09000000000000008,0.0,0.0,0.0,0.04500000000000004,0.04500000000000004,history
1583,1,0,1,0.07338975803074943,4.0,9.6,12.6,0.25999999999999973,0.4399999999999999,16,0.5550000000000005,0.5549999999999999,0.09000000000000008,0.0,0.0,0.0,0.04500000000000004,0.04500000000000004,history
1584,1,0,1,0.07338909396155306,4.0,9.6,12.6,0.2524999999999997,0.43249999999999994,16,0.5550000000000005,0.5549999999999999,0.09000000000000008,0.0,0.0,0.0,0.04500000000000004,0.04500000000000004,history
1585,1,0,1,0.07339548113292998,4.0,9.6,12.6,0.2449999999999997,0.4249999999999999,16,0.5550000000000005,0.5549999999999999,0.09000000000000008,0.0,0.0,0.0,0.04500000000000004,0.04500000000000004,history
1586,1,0,1,0.07339572182843468,4.0,9.6,12.6,0.23749999999999974,0.4174999999999999,16,0.5550000000000005,0.5549999999999999,0.09000000000000008,0.0,0.0,0.0,0.04500000000000004,0.04500000000000004,history
1587,1,0,1,0.07342239834065599,4.0,9.6,12.6,0.22999999999999973,0.40999999999999986,16,0.5550000000000005,0.5549999999999999,0.09000000000000008,0.0,0.0,0.0,0.04500000000000004,0.04500000000000004,history
1588,1,0,0,-0.16655943139973578,3.833440568600264,9.6,12.6,0.2224999999999997,0.40249999999999986,16,0.5550000000000005,0.5549999999999999,0.09000000000000008,0.0,0.0,0.0,0.04500000000000004,0.04500000000000004,history
1589,1,0,1,0.07343460715644223,3.9068751757567064,9.6,12.6,0.21499999999999966,0.39499999999999985,16,0.5550000000000005,0.5549999999999999,0.09000000000000008,0.0,0.0,0.0,0.04500000000000004,0.04500000000000004,history
1590,1,0,1,0.07346494127193785,3.980340117028644,9.6,12.6,0.20749999999999966,0.3874999999999998,16,0.5550000000000005,0.5549999999999999,0.09000000000000008,0.0,0.0,0.0,0.04500000000000004,0.04500000000000004,history
1591,1,0,0,-0.16659377302514555,3.8137463440034987,9.6,12.6,0.1999999999999997,0.37999999999999984,16,0.5550000000000005,0.5549999999999999,0.09000000000000008,0.0,0.0,0.0,0.04500000000000004,0.04500000000000004,history
1592,1,0,1,0.07343277267057155,3.88717911667407,9.6,12.6,0.19249999999999967,0.37249999999999983,16,0.5550000000000005,0.5549999999999999,0.09000000000000008,0.0,0.0,0.0,0.04500000000000004,0.04500000000000004,history
1593,1,0,0,-0.16656437697313445,3.7206147397009355,9.6,12.6,0.18499999999999964,0.3649999999999998,16,0.5550000000000005,0.5549999999999999,0.09000000000000008,0.0,0.0,0.0,0.04500000000000004,0.04500000000000004,history
1594,1,0,1,0.07341090567460262,3.7940256453755383,9.6,12.6,0.17749999999999966,0.3574999999999999,16,0.5550000000000005,0.5549999999999999,0.09000000000000008,0.0,0.0,0.0,0.04500000000000004,0.04500000000000004,history
1595,1,0,1,0.07344772635900654,3.867473371734545,9.6,12.6,0.16999999999999968,0.3499999999999998,16,0.5550000000000005,0.5549999999999999,0.09000000000000008,0.0,0.0,0.0,0.04500000000000004,0.04500000000000004,history
1596,1,2,0,-0.23158553727552533,3.6358878344590195,9.6,12.6,0.16249999999999964,0.4924999999999999,16,0.5550000000000005,0.5549999999999999,0.09000000000000008,0.5999999999999992,0.0,5.551115123125783e-17,0.04500000000000004,0.04500000000000004,history
1597,1,0,1,0.07344754185671781,3.7093353763157375,9.6,12.6,0.1549999999999996,0.48499999999999993,16,0.5550000000000005,0.5549999999999999,0.09000000000000008,0.0,0.0,0.0,0.04500000000000004,0.04500000000000004,history
1598,1,0,0,-0.16658877893436885,3.5427465973813685,9.6,12.6,0.14749999999999963,0.4775,16,0.5550000000000005,0.5549999999999999,0.09000000000000008,0.0,0.0,0.0,0.04500000000000004,0.04500000000000004,history
1599,1,0,1,0.07343486766747159,3.61618146504884,9.6,12.6,0.13999999999999965,0.4699999999999999,16,0.5550000000000005,0.5549999999999999,0.09000000000000008,0.0,0.0,0.0,0.04500000000000004,0.04500000000000004,history
1600,1,0,1,0.07340627410736054,3.6895877391562006,9.6,12.6,0.13249999999999962,0.4624999999999999,16,0.5550000000000005,0.5549999999999999,0.09000000000000008,0.0,0.0,0.0,0.04500000000000004,0.04500000000000004,history
1601,1,0,1,0.07342330593555785,3.7630110450917584,9.6,12.6,0.1249999999999996,0.4549999999999999,16,0.5550000000000005,0.5549999999999999,0.09000000000000008,0.0,0.0,0.0,0.04500000000000004,0.04500000000000004,history
1602,1,0,1,0.07341832482325415,3.8364293699150127,9.6,12.6,0.1174999999999996,0.44749999999999984,16,0.5550000000000005,0.5549999999999999,0.09000000000000008,0.0,0.0,0.0,0.04500000000000004,0.04500000000000004,history
1603,1,0,1,0.07343203925847196,3.9098614091734847,9.6,12.6,0.10999999999999961,0.4399999999999999,16,0.5550000000000005,0.5549999999999999,0.09000000000000008,0.0,0.0,0.0,0.04500000000000004,0.04500000000000004,history
1604,1,0,1,0.07343445909916999,3.9832958682726547,9.6,12.6,0.10249999999999959,0.43249999999999994,16,0.5550000000000005,0.5549999999999999,0.09000000000000008,0.0,0.0,0.0,0.04500000000000004,0.04500000000000004,history
1605,1,0,0,-0.1666084283123509,3.8166874399603037,9.6,12.6,0.09499999999999958,0.4249999999999999,16,0.5550000000000005,0.5549999999999999,0.09000000000000008,0.0,0.0,0.0,0.04500000000000004,0.04500000000000004,history
1606,1,0,1,0.07339615962108023,3.890083599581384,9.6,12.6,0.08749999999999958,0.4174999999999999,16,0.5550000000000005,0.5549999999999999,0.09000000000000008,0.0,0.0,0.0,0.04500000000000004,0.04500000000000004,history
1607,1,0,1,0.07342236887710064,3.9635059684584846,9.6,12.6,0.07999999999999957,0.40999999999999986,16,0.5550000000000005,0.5549999999999999,0.09000000000000008,0.0,0.0,0.0,0.04500000000000004,0.04500000000000004,history
1608,1,0,1,0.07336472856217527,4.0,9.6,12.6,0.07249999999999956,0.40249999999999986,16,0.5550000000000005,0.5549999999999999,0.09000000000000008,0.0,0.0,0.0,0.04500000000000004,0.04500000000000004,history
1609,1,0,1,0.07344163437299511,4.0,9.6,12.6,0.06499999999999956,0.39499999999999985,16,0.5550000000000005,0.5549999999999999,0.09000000000000008,0.0,0.0,0.0,0.04500000000000004,0.04500000000000004,history
1610,1,1,1,0.008422346983716408,4.0,9.6,12.6,0.3074999999999996,0.3874999999999998,16,0.5550000000000005,0.5549999999999999,0.09000000000000008,0.0,0.0,0.0,0.04500000000000004,0.04500000000000004,history
1611,1,0,1,0.07339813985925323,4.0,9.6,12.6,0.29999999999999954,0.37999999999999984,16,0.5550000000000005,0.5549999999999999,0.09000000000000008,0.0,0.0,0.0,0.04500000000000004,0.04500000000000004,history
1612,1,0,1,0.0733914019485733,4.0,9.6,12.6,0.29249999999999954,0.37249999999999983,16,0.5550000000000005,0.5549999999999999,0.09000000000000008,0.0,0.0,0.0,0.04500000000000004,0.04500000000000004,history
1613,1,0,1,0.0733952331316152,4.0,9.6,12.6,0.28499999999999953,0.3649999999999998,16,0.5550000000000005,0.5549999999999999,0.09000000000000008,0.0,0.0,0.0,0.04500000000000004,0.04500000000000004,history
1614,1,0,0,-0.16658990572579133,3.8334100942742086,9.6,12.6,0.27749999999999947,0.3574999999999999,16,0.5550000000000005,0.5549999999999999,0.09000000000000008,0.0,0.0,0.0,0.04500000000000004,0.04500000000000004,history
1615,1,1,1,0.008402199609313283,3.841812293883522,9.6,12.6,0.4925,0.3499999999999998,16,0.5550000000000005,0.5549999999999999,0.09000000000000008,0.16499999999999715,0.0,0.0,0.04500000000000004,0.04500000000000004,history
1616,1,0,1,0.07334023396741947,3.9151525278509416,9.6,12.6,0.48499999999999993,0.3424999999999998,16,0.5550000000000005,0.5549999999999999,0.09000000000000008,0.0,0.0,0.0,0.04500000000000004,0.04500000000000004,history
1617,1,0,1,0.07335033121023044,3.988502859061172,9.6,12.6,0.4775,0.3349999999999998,16,0.5550000000000005,0.5549999999999999,0.09000000000000008,0.0,0.0,0.0,0.04500000000000004,0.04500000000000004,history
1618,1,0,1,0.07334865694056508,4.0,9.6,12.6,0.4699999999999999,0.32749999999999974,16,0.5550000000000005,0.5549999999999999,0.09000000000000008,0.0,0.0,0.0,0.04500000000000004,0.04500000000000004,history
1619,1,2,0,-0.23173622337784777,3.768263776622152,9.6,12.6,0.46249999999999997,0.4925,16,0.5550000000000005,0.5549999999999999,0.09000000000000008,0.46499999999999875,0.0,0.0,0.04500000000000004,0.04500000000000004,history
1620,1,1,1,0.008309167307111372,3.7765729439292635,9.6,12.6,0.4925,0.48499999999999993,16,0.5550000000000005,0.5549999999999999,0.09000000000000008,1.2749999999999995,0.0,0.0,0.04500000000000004,0.04500000000000004,history
1621,1,0,0,-0.16668199383729906,3.6098909500919643,9.6,12.6,0.48499999999999993,0.4775,16,0.5550000000000005,0.5549999999999999,0.09000000000000008,0.0,0.0,0.0,0.04500000000000004,0.04500000000000004,history
1622,1,0,1,0.073311467861585,3.683202417953549,9.6,12.6,0.4775,0.4699999999999999,16,0.5550000000000005,0.5549999999999999,0.09000000000000008,0.0,0.0,0.0,0.04500000000000004,0.04500000000000004,history
1623,1,0,1,0.07327234833839304,3.756474766291942,9.6,12.6,0.4699999999999999,0.46249999999999997,16,0.5550000000000005,0.5549999999999999,0.09000000000000008,0.0,0.0,0.0,0.04500000000000004,0.04500000000000004,history
1624,1,0,1,0.07332310697559746,3.8297978732675397,9.6,12.6,0.46249999999999997,0.455,16,0.5550000000000005,0.5549999999999999,0.09000000000000008,0.0,0.0,0.0,0.04500000000000004,0.04500000000000004,history
1625,1,1,1,0.00836425510238662,3.8381621283699263,9.6,12.6,0.4925,0.44749999999999995,16,0.5550000000000005,0.5549999999999999,0.09000000000000008,1.2749999999999995,0.0,0.0,0.04500000000000004,0.04500000000000004,history
1626,1,0,0,-0.16669748737265086,3.6714646409972755,9.6,12.6,0.48499999999999993,0.43999999999999995,16,0.5550000000000005,0.5549999999999999,0.09000000000000008,0.0,0.0,0.0,0.04500000000000004,0.04500000000000004,history
1627,1,0,1,0.07327521523333451,3.74473985623061,9.6,12.6,0.4775,0.43249999999999994,16,0.5550000000000005,0.5549999999999999,0.09000000000000008,0.0,0.0,0.0,0.04500000000000004,0.04500000000000004,history
1628,1,0,1,0.07332299317967808,3.818062849410288,9.6,12.6,0.4699999999999999,0.4249999999999999,16,0.5550000000000005,0.5549999999999999,0.09000000000000008,0.0,0.0,0.0,0.04500000000000004,0.04500000000000004,history
1629,1,0,0,-0.16672035380174036,3.6513424956085476,9.6,12.6,0.46249999999999997,0.4174999999999999,16,0.5550000000000005,0.5549999999999999,0.09000000000000008,0.0,0.0,0.0,0.04500000000000004,0.04500000000000004,history
1630,1,1,1,0.008349420591954884,3.6596919162005026,9.6,12.6,0.4925,0.41,16,0.5550000000000005,0.5549999999999999,0.09000000000000008,1.2749999999999995,0.0,0.0,0.04500000000000004,0.04500000000000004,history
1631,1,0,0,-0.16670050876657874,3.492991407433924,9.6,12.6,0.48499999999999993,0.4024999999999999,16,0.5550000000000005,0.5549999999999999,0.09000000000000008,0.0,0.0,0.0,0.04500000000000004,0.04500000000000004,history
1632,1,0,1,0.0732829243529121,3.566274331786836,9.6,12.6,0.4775,0.39499999999999996,16,0.5550000000000005,0.5549999999999999,0.09000000000000008,0.0,0.0,0.0,0.04500000000000004,0.04500000000000004,history
1633,1,0,1,0.07330642659688474,3.6395807583837207,9.6,12.6,0.4699999999999999,0.3874999999999999,16,0.5550000000000005,0.5549999999999999,0.09000000000000008,0.0,0.0,0.0,0.04500000000000004,0.04500000000000004,history
1634,1,0,1,0.07331316529892665,3.7128939236826475,9.6,12.6,0.46249999999999997,0.3799999999999999,16,0.5550000000000005,0.5549999999999999,0.09000000000000008,0.0,0.0,0.0,0.04500000000000004,0.04500000000000004,history
1635,1,0,1,0.07332759886016542,3.786221522542813,9.6,12.6,0.455,0.3724999999999999,16,0.5550000000000005,0.5549999999999999,0.09000000000000008,0.0,0.0,0.0,0.04500000000000004,0.04500000000000004,history
1636,1,0,1,0.0733056637979612,3.859527186340774,9.6,12.6,0.44749999999999995,0.3649999999999998,16,0.5550000000000005,0.5549999999999999,0.09000000000000008,0.0,0.0,0.0,0.04500000000000004,0.04500000000000004,history
1637,1,0,1,0.07336315888170652,3.9328903452224804,9.6,12.6,0.43999999999999995,0.3574999999999999,16,0.5550000000000005,0.5549999999999999,0.09000000000000008,0.0,0.0,0.0,0.04500000000000004,0.04500000000000004,history
1638,1,0,1,0.07337316136047556,4.0,9.6,12.6,0.43249999999999994,0.34999999999999987,16,0.5550000000000005,0.5549999999999999,0.09000000000000008,0.0,0.0,0.0,0.04500000000000004,0.04500000000000004,history
1639,1,1,1,0.008355431153558641,4.0,9.6,12.6,0.4925,0.34249999999999986,16,0.5550000000000005,0.5549999999999999,0.09000000000000008,1.0949999999999993,0.0,0.0,0.04500000000000004,0.04500000000000004,history
1640,1,0,0,-0.16666315258256312,3.8333368474174367,9.6,12.6,0.48499999999999993,0.3349999999999999,16,0.5550000000000005,0.5549999999999999,0.09000000000000008,0.0,0.0,0.0,0.04500000000000004,0.04500000000000004,history
1641,1,0,1,0.07328801794212951,3.906624865359566,9.6,12.6,0.4775,0.32749999999999985,16,0.5550000000000005,0.5549999999999999,0.09000000000000008,0.0,0.0,0.0,0.04500000000000004,0.04500000000000004,history
1642,1,0,1,0.07334063301425765,3.979965498373824,9.6,12.6,0.4699999999999999,0.31999999999999984,16,0.5550000000000005,0.5549999999999999,0.09000000000000008,0.0,0.0,0.0,0.04500000000000004,0.04500000000000004,history
1643,1,0,1,0.07333197877551675,4.0,9.6,12.6,0.46249999999999997,0.31249999999999983,16,0.5550000000000005,0.5549999999999999,0.09000000000000008,0.0,0.0,0.0,0.04500000000000004,0.04500000000000004,history
1644,1,0,1,0.0733435920825245,4.0,9.6,12.6,0.455,0.30499999999999977,16,0.5550000000000005,0.5549999999999999,0.09000000000000008,0.0,0.0,0.0,0.04500000000000004,0.04500000000000004,history
1645,1,1,1,0.008358271293797067,4.0,9.6,12.6,0.4925,0.2974999999999998,16,0.5550000000000005,0.5549999999999999,0.09000000000000008,1.2299999999999998,0.0,0.0,0.04500000000000004,0.04500000000000004,history
1646,1,0,1,0.0733355813072204,4.0,9.6,12.6,0.48499999999999993,0.2899999999999998,16,0.5550000000000005,0.5549999999999999,0.09000000000000008,0.0,0.0,0.0,0.04500000000000004,0.04500000000000004,history
1647,1,0,1,0.07329195430494818,4.0,9.6,12.6,0.4775,0.2824999999999998,16,0.5550000000000005,0.5549999999999999,0.09000000000000008,0.0,0.0,0.0,0.04500000000000004,0.04500000000000004,history
1648,1,0,1,0.07335859885483997,4.0,9.6,12.6,0.4699999999999999,0.27499999999999986,16,0.5550000000000005,0.5549999999999999,0.09000000000000008,0.0,0.0,0.0,0.04500000000000004,0.04500000000000004,history
1649,1,0,1,0.0733071716372431,4.0,9.6,12.6,0.46249999999999997,0.2674999999999998,16,0.5550000000000005,0.5549999999999999,0.09000000000000008,0.0,0.0,0.0,0.04500000000000004,0.04500000000000004,history
1650,1,0,1,0.0733232259589378,4.0,9.6,12.6,0.455,0.2599999999999998,16,0.5550000000000005,0.5549999999999999,0.09000000000000008,0.0,0.0,0.0,0.04500000000000004,0.04500000000000004,history
1651,1,0,1,0.07332053325552075,4.0,9.6,12.6,0.44749999999999995,0.2524999999999998,16,0.5550000000000005,0.5549999999999999,0.09000000000000008,0.0,0.0,0.0,0.04500000000000004,0.04500000000000004,history
1652,1,0,1,0.07331475481148504,4.0,9.6,12.6,0.43999999999999995,0.24499999999999975,16,0.5550000000000005,0.5549999999999999,0.09000000000000008,0.0,0.0,0.0,0.04500000000000004,0.04500000000000004,history
1653,1,0,1,0.0733288888312644,4.0,9.6,12.6,0.43249999999999994,0.2374999999999998,16,0.5550000000000005,0.5549999999999999,0.09000000000000008,0.0,0.0,0.0,0.04500000000000004,0.04500000000000004,history
1654,1,0,0,-0.16666249429987398,3.833337505700126,9.6,12.6,0.4249999999999999,0.22999999999999976,16,0.5550000000000005,0.5549999999999999,0.09000000000000008,0.0,0.0,0.0,0.04500000000000004,0.04500000000000004,history
1655,1,0,1,0.07331602336195217,3.906653529062078,9.6,12.6,0.4174999999999999,0.22249999999999973,16,0.5550000000000005,0.5549999999999999,0.09000000000000008,0.0,0.0,0.0,0.04500000000000004,0.04500000000000004,history
1656,1,1,0,-0.23161746468826533,3.675036064373813,9.6,12.6,0.4924999999999999,0.21499999999999977,16,0.5550000000000005,0.5549999999999999,0.09000000000000008,1.005,0.0,5.551115123125783e-17,0.04500000000000004,0.04500000000000004,history
1657,1,0,1,0.0733455982147221,3.748381662588535,9.6,12.6,0.48499999999999993,0.20749999999999977,16,0.5550000000000005,0.5549999999999999,0.09000000000000008,0.0,0.0,0.0,0.04500000000000004,0.04500000000000004,history
1658,1,1,1,0.008315688322240593,3.7566973509107755,9.6,12.6,0.4925,0.19999999999999973,16,0.5550000000000005,0.5549999999999999,0.09000000000000008,1.4099999999999993,0.0,0.0,0.04500000000000004,0.04500000000000004,history
1659,1,1,1,0.008305523116417175,3.765002874027193,9.6,12.6,0.4925,0.1924999999999997,16,0.5550000000000005,0.5549999999999999,0.09000000000000008,1.4549999999999996,0.0,0.0,0.04500000000000004,0.04500000000000004,history
1660,1,1,0,-0.23166583116485107,3.5333370428623416,9.6,12.6,0.4925,0.18499999999999972,16,0.5550000000000005,0.5549999999999999,0.09000000000000008,1.4549999999999996,0.0,0.0,0.04500000000000004,0.04500000000000004,history
1661,1,1,1,0.008294827931262789,3.5416318707936045,9.6,12.6,0.4925,0.17749999999999974,16,0.5550000000000005,0.5549999999999999,0.09000000000000008,1.4549999999999996,0.0,0.0,0.04500000000000004,0.04500000000000004,history
1662,1,1,1,0.008282705295695846,3.5499145760893005,9.6,12.6,0.4925,0.1699999999999997,16,0.5550000000000005,0.5549999999999999,0.09000000000000008,1.4549999999999996,0.0,0.0,0.04500000000000004,0.04500000000000004,history
1663,1,1,1,0.008327443711353858,3.5582420198006544,9.6,12.6,0.4925,0.16249999999999967,16,0.5550000000000005,0.5549999999999999,0.09000000000000008,1.4549999999999996,0.0,0.0,0.04500000000000004,0.04500000000000004,history
1664,1,1,1,0.008275027740772658,4.0,9.6,12.6,0.4925,0.1549999999999997,17,0.5550000000000005,0.5549999999999999,0.09000000000000008,1.4549999999999996,0.0,0.0,0.04500000000000004,0.04500000000000004,history
1665,1,1,1,0.008305081755545228,4.0,9.6,12.6,0.4925,0.14749999999999971,17,0.5550000000000005,0.5549999999999999,0.09000000000000008,1.4549999999999996,0.0,0.0,0.04500000000000004,0.04500000000000004,history
1666,1,1,1,0.008270483753089768,4.0,9.6,12.6,0.4925,0.13999999999999968,17,0.5550000000000005,0.5549999999999999,0.09000000000000008,1.4549999999999996,0.0,0.0,0.04500000000000004,0.04500000000000004,history
1667,1,1,1,0.008309957433861662,4.0,9.6,12.6,0.4925,0.13249999999999965,17,0.5550000000000005,0.5549999999999999,0.09000000000000008,1.4549999999999996,0.0,0.0,0.04500000000000004,0.04500000000000004,history
1668,1,1,1,0.00831366554820857,4.0,9.6,12.6,0.4925,0.12499999999999967,17,0.5550000000000005,0.5549999999999999,0.09000000000000008,1.4549999999999996,0.0,0.0,0.04500000000000004,0.04500000000000004,history
1669,1,1,1,0.008351961233625017,4.0,9.6,12.6,0.4925,0.11749999999999967,17,0.5550000000000005,0.5549999999999999,0.09000000000000008,1.4549999999999996,0.0,0.0,0.04500000000000004,0.04500000000000004,history
1670,1,1,1,0.008310338517687059,4.0,9.6,12.6,0.4925,0.10999999999999965,17,0.5550000000000005,0.5549999999999999,0.09000000000000008,1.4549999999999996,0.0,0.0,0.04500000000000004,0.04500000000000004,history
1671,1,1,1,0.008317156677489822,4.0,9.6,12.6,0.4925,0.10249999999999963,17,0.5550000000000005,0.5549999999999999,0.09000000000000008,1.4549999999999996,0.0,0.0,0.04500000000000004,0.04500000000000004,history
1672,1,2,1,0.008309450142834456,4.0,9.6,12.6,0.48499999999999993,0.3449999999999997,17,0.5550000000000005,0.5549999999999999,0.09000000000000008,0.0,0.0,0.0,0.04500000000000004,0.04500000000000004,history
1673,1,0,0,-0.16672836001014185,3.8332716399898583,9.6,12.6,0.4775,0.33749999999999963,17,0.5550000000000005,0.5549999999999999,0.09000000000000008,0.0,0.0,0.0,0.04500000000000004,0.04500000000000004,history
1674,1,0,1,0.07334560307157786,3.906617243061436,9.6,12.6,0.4699999999999999,0.3299999999999996,17,0.5550000000000005,0.5549999999999999,0.09000000000000008,0.0,0.0,0.0,0.04500000000000004,0.04500000000000004,history
1675,1,0,1,0.07329023686387273,3.9799074799253087,9.6,12.6,0.46249999999999997,0.3224999999999996,17,0.5550000000000005,0.5549999999999999,0.09000000000000008,0.0,0.0,0.0,0.04500000000000004,0.04500000000000004,history
1676,1,0,1,0.07334701577818098,4.0,9.6,12.6,0.455,0.31499999999999956,17,0.5550000000000005,0.5549999999999999,0.09000000000000008,0.0,0.0,0.0,0.04500000000000004,0.04500000000000004,history
1677,1,0,1,0.0733411023254048,4.0,9.6,12.6,0.44749999999999995,0.3074999999999996,17,0.5550000000000005,0.5549999999999999,0.09000000000000008,0.0,0.0,0.0,0.04500000000000004,0.04500000000000004,history
1678,1,0,1,0.07331712971557668,4.0,9.6,12.6,0.43999999999999995,0.2999999999999996,17,0.5550000000000005,0.5549999999999999,0.09000000000000008,0.0,0.0,0.0,0.04500000000000004,0.04500000000000004,history
1679,1,0,0,-0.16669402367233754,3.8333059763276625,9.6,12.6,0.43249999999999994,0.2924999999999996,17,0.5550000000000005,0.5549999999999999,0.09000000000000008,0.0,0.0,0.0,0.04500000000000004,0.04500000000000004,history
1680,1,0,1,0.07333737054774252,3.906643346875405,9.6,12.6,0.4249999999999999,0.28499999999999964,17,0.5550000000000005,0.5549999999999999,0.09000000000000008,0.0,0.0,0.0,0.04500000000000004,0.04500000000000004,history
1681,1,0,1,0.07333237877683219,3.9799757256522375,9.6,12.6,0.4174999999999999,0.2774999999999996,17,0.5550000000000005,0.5549999999999999,0.09000000000000008,0.0,0.0,0.0,0.04500000000000004,0.04500000000000004,history
1682,1,0,1,0.07334220372264383,4.0,9.6,12.6,0.41,0.2699999999999996,17,0.5550000000000005,0.5549999999999999,0.09000000000000008,0.0,0.0,0.0,0.04500000000000004,0.04500000000000004,history
1683,1,0,1,0.07334547064842056,4.0,9.6,12.6,0.4024999999999999,0.26249999999999957,17,0.5550000000000005,0.5549999999999999,0.09000000000000008,0.0,0.0,0.0,0.04500000000000004,0.04500000000000004,history
1684,1,0,1,0.0733659593900178,4.0,9.6,12.6,0.39499999999999996,0.2549999999999995,17,0.5550000000000005,0.5549999999999999,0.09000000000000008,0.0,0.0,0.0,0.04500000000000004,0.04500000000000004,history
1685,1,0,0,-0.16662746780650808,3.8333725321934917,9.6,12.6,0.3874999999999999,0.24749999999999958,17,0.5550000000000005,0.5549999999999999,0.09000000000000008,0.0,0.0,0.0,0.04500000000000004,0.04500000000000004,history
1686,1,0,1,0.07337077635359462,3.906743308547086,9.6,12.6,0.3799999999999999,0.23999999999999955,17,0.5550000000000005,0.5549999999999999,0.09000000000000008,0.0,0.0,0.0,0.04500000000000004,0.04500000000000004,history
1687,1,0,1,0.07332807236579474,3.980071380912881,9.6,12.6,0.3724999999999999,0.2324999999999995,17,0.5550000000000005,0.5549999999999999,0.09000000000000008,0.0,0.0,0.0,0.04500000000000004,0.04500000000000004,history
1688,1,0,1,0.07337501162275409,4.0,9.6,12.6,0.3649999999999998,0.22499999999999956,17,0.5550000000000005,0.5549999999999999,0.09000000000000008,0.0,0.0,0.0,0.04500000000000004,0.04500000000000004,history
1689,1,1,1,0.008349107906750742,4.0,9.6,12.6,0.4925,0.21749999999999955,17,0.5550000000000005,0.5549999999999999,0.09000000000000008,0.6899999999999993,0.0,0.0,0.04500000000000004,0.04500000000000004,history
1690,1,0,1,0.07334833769405502,4.0,9.6,12.6,0.48499999999999993,0.20999999999999952,17,0.5550000000000005,0.5549999999999999,0.09000000000000008,0.0,0.0,0.0,0.04500000000000004,0.04500000000000004,history
1691,1,0,1,0.0733185532981658,4.0,9.6,12.6,0.4775,0.20249999999999949,17,0.5550000000000005,0.5549999999999999,0.09000000000000008,0.0,0.0,0.0,0.04500000000000004,0.04500000000000004,history
1692,1,0,1,0.07333192217196256,4.0,9.6,12.6,0.4699999999999999,0.1949999999999995,17,0.5550000000000005,0.5549999999999999,0.09000000000000008,0.0,0.0,0.0,0.04500000000000004,0.04500000000000004,history
1693,1,0,1,0.07333749002712968,4.0,9.6,12.6,0.46249999999999997,0.18749999999999953,17,0.5550000000000005,0.5549999999999999,0.09000000000000008,0.0,0.0,0.0,0.04500000000000004,0.04500000000000004,history
1694,1,0,1,0.07333154230062153,4.0,9.6,12.6,0.455,0.1799999999999995,17,0.5550000000000005,0.5549999999999999,0.09000000000000008,0.0,0.0,0.0,0.04500000000000004,0.04500000000000004,history
1695,1,0,0,-0.16668825323467215,3.833311746765328,9.6,12.6,0.44749999999999995,0.17249999999999946,17,0.5550000000000005,0.5549999999999999,0.09000000000000008,0.0,0.0,0.0,0.04500000000000004,0.04500000000000004,history
1696,1,0,1,0.07335813419904413,3.906669880964372,9.6,12.6,0.43999999999999995,0.16499999999999948,17,0.5550000000000005,0.5549999999999999,0.09000000000000008,0.0,0.0,0.0,0.04500000000000004,0.04500000000000004,history
1697,1,0,1,0.07327936575770583,3.979949246722078,9.6,12.6,0.43249999999999994,0.1574999999999995,17,0.5550000000000005,0.5549999999999999,0.09000000000000008,0.0,0.0,0.0,0.04500000000000004,0.04500000000000004,history
1698,1,0,1,0.07334500503570662,4.0,9.6,12.6,0.4249999999999999,0.14999999999999947,17,0.5550000000000005,0.5549999999999999,0.09000000000000008,0.0,0.0,0.0,0.04500000000000004,0.04500000000000004,history
1699,1,1,1,0.008337376152049372,4.0,9.6,12.6,0.4925,0.14249999999999943,17,0.5550000000000005,0.5549999999999999,0.09000000000000008,1.0499999999999996,0.0,0.0,0.04500000000000004,0.04500000000000004,history
1700,1,0,1,0.07327491981636299,4.0,9.6,12.6,0.48499999999999993,0.13499999999999945,17,0.5550000000000005,0.5549999999999999,0.09000000000000008,0.0,0.0,0.0,0.04500000000000004,0.04500000000000004,history
1701,1,0,1,0.07331916676186487,4.0,9.6,12.6,0.4775,0.12749999999999947,17,0.5550000000000005,0.5549999999999999,0.09000000000000008,0.0,0.0,0.0,0.04500000000000004,0.04500000000000004,history
1702,1,0,1,0.07327887816829964,4.0,9.6,12.6,0.4699999999999999,0.11999999999999944,17,0.5550000000000005,0.5549999999999999,0.09000000000000008,0.0,0.0,0.0,0.04500000000000004,0.04500000000000004,history
1703,1,0,1,0.07333422846162935,4.0,9.6,12.6,0.46249999999999997,0.11249999999999942,17,0.5550000000000005,0.5549999999999999,0.09000000000000008,0.0,0.0,0.0,0.04500000000000004,0.04500000000000004,history
1704,1,0,1,0.07329778422782665,4.0,9.6,12.6,0.455,0.10499999999999943,17,0.5550000000000005,0.5549999999999999,0.09000000000000008,0.0,0.0,0.0,0.04500000000000004,0.04500000000000004,history
1705,1,0,1,0.0733480725383132,4.0,9.6,12.6,0.44749999999999995,0.09749999999999942,17,0.5550000000000005,0.5549999999999999,0.09000000000000008,0.0,0.0,0.0,0.04500000000000004,0.04500000000000004,history
1706,1,0,0,-0.1666729365684519,3.833327063431548,9.6,12.6,0.43999999999999995,0.08999999999999941,17,0.5550000000000005,0.5549999999999999,0.09000000000000008,0.0,0.0,0.0,0.04500000000000004,0.04500000000000004,history
1707,1,0,0,-0.16667796302055893,3.6666491004109893,9.6,12.6,0.43249999999999994,0.08249999999999941,17,0.5550000000000005,0.5549999999999999,0.09000000000000008,0.0,0.0,0.0,0.04500000000000004,0.04500000000000004,history
1708,1,0,1,0.07333220650202565,3.7399813069130152,9.6,12.6,0.4249999999999999,0.0749999999999994,17,0.5550000000000005,0.5549999999999999,0.09000000000000008,0.0,0.0,0.0,0.04500000000000004,0.04500000000000004,history
1709,1,0,1,0.07334052081925367,3.8133218277322687,9.6,12.6,0.4174999999999999,0.0674999999999994,17,0.5550000000000005,0.5549999999999999,0.09000000000000008,0.0,0.0,0.0,0.04500000000000004,0.04500000000000004,history
1710,1,0,0,-0.16667466382265358,3.646647163909615,9.6,12.6,0.41,0.05999999999999939,17,0.5550000000000005,0.5549999999999999,0.09000000000000008,0.0,0.0,0.0,0.04500000000000004,0.04500000000000004,history
1711,1,2,1,0.008391052841088362,3.6550382167507034,9.6,12.6,0.4024999999999999,0.3024999999999994,17,0.5550000000000005,0.5549999999999999,0.09000000000000008,0.0,0.0,0.0,0.04500000000000004,0.04500000000000004,history
1712,1,0,1,0.07334804422146883,3.7283862609721723,9.6,12.6,0.39499999999999996,0.29499999999999943,17,0.5550000000000005,0.5549999999999999,0.09000000000000008,0.0,0.0,0.0,0.04500000000000004,0.04500000000000004,history
1713,1,0,0,-0.16663416290666994,3.561752098065502,9.6,12.6,0.3874999999999999,0.28749999999999937,17,0.5550000000000005,0.5549999999999999,0.09000000000000008,0.0,0.0,0.0,0.04500000000000004,0.04500000000000004,history
1714,1,0,1,0.07335327621320367,3.635105374278706,9.6,12.6,0.3799999999999999,0.27999999999999936,17,0.5550000000000005,0.5549999999999999,0.09000000000000008,0.0,0.0,0.0,0.04500000000000004,0.04500000000000004,history
1715,1,0,0,-0.1666167255168574,3.4684886487618485,9.6,12.6,0.3724999999999999,0.27249999999999935,17,0.5550000000000005,0.5549999999999999,0.09000000000000008,0.0,0.0,0.0,0.04500000000000004,0.04500000000000004,history
1716,1,0,1,0.0733774127116199,3.5418660614734683,9.6,12.6,0.3649999999999998,0.2649999999999993,17,0.5550000000000005,0.5549999999999999,0.09000000000000008,0.0,0.0,0.0,0.04500000000000004,0.04500000000000004,history
1717,1,0,1,0.0733718960334697,3.6152379575069378,9.6,12.6,0.3574999999999999,0.25749999999999934,17,0.5550000000000005,0.5549999999999999,0.09000000000000008,0.0,0.0,0.0,0.04500000000000004,0.04500000000000004,history
1718,1,0,1,0.07339821489973679,3.6886361724066745,9.6,12.6,0.34999999999999987,0.24999999999999933,17,0.5550000000000005,0.5549999999999999,0.09000000000000008,0.0,0.0,0.0,0.04500000000000004,0.04500000000000004,history
1719,1,0,1,0.07336517879680757,3.762001351203482,9.6,12.6,0.34249999999999986,0.2424999999999993,17,0.5550000000000005,0.5549999999999999,0.09000000000000008,0.0,0.0,0.0,0.04500000000000004,0.04500000000000004,history
1720,1,0,1,0.07337104595954376,3.8353723971630256,9.6,12.6,0.3349999999999999,0.23499999999999935,17,0.5550000000000005,0.5549999999999999,0.09000000000000008,0.0,0.0,0.0,0.04500000000000004,0.04500000000000004,history
1721,1,0,1,0.07337021861982002,3.9087426157828458,9.6,12.6,0.32749999999999985,0.22749999999999934,17,0.5550000000000005,0.5549999999999999,0.09000000000000008,0.0,0.0,0.0,0.04500000000000004,0.04500000000000004,history
1722,1,0,1,0.07338286518463892,3.982125480967485,9.6,12.6,0.31999999999999984,0.2199999999999993,17,0.5550000000000005,0.5549999999999999,0.09000000000000008,0.0,0.0,0.0,0.04500000000000004,0.04500000000000004,history
1723,1,0,1,0.07336759556320362,4.0,9.6,12.6,0.31249999999999983,0.21249999999999927,17,0.5550000000000005,0.5549999999999999,0.09000000000000008,0.0,0.0,0.0,0.04500000000000004,0.04500000000000004,history
1724,1,0,1,0.07332241955146969,4.0,9.6,12.6,0.30499999999999977,0.20499999999999927,17,0.5550000000000005,0.5549999999999999,0.09000000000000008,0.0,0.0,0.0,0.04500000000000004,0.04500000000000004,history
1725,1,0,0,-0.1665846735736443,3.8334153264263557,9.6,12.6,0.2974999999999998,0.19749999999999931,17,0.5550000000000005,0.5549999999999999,0.09000000000000008,0.0,0.0,0.0,0.04500000000000004,0.04500000000000004,history
1726,1,0,0,-0.1666269118469318,3.666788414579424,9.6,12.6,0.2899999999999998,0.18999999999999928,17,0.5550000000000005,0.5549999999999999,0.09000000000000008,0.0,0.0,0.0,0.04500000000000004,0.04500000000000004,history
1727,1,0,1,0.07338220557972726,3.740170620159151,9.6,12.6,0.2824999999999998,0.18249999999999925,17,0.5550000000000005,0.5549999999999999,0.09000000000000008,0.0,0.0,0.0,0.04500000000000004,0.04500000000000004,history
1728,1,0,1,0.07340808117856037,3.8135787013377116,9.6,12.6,0.27499999999999986,0.17499999999999927,17,0.5550000000000005,0.5549999999999999,0.09000000000000008,0.0,0.0,0.0,0.04500000000000004,0.04500000000000004,history
1729,1,0,1,0.07336638135602024,3.8869450826937317,9.6,12.6,0.2674999999999998,0.1674999999999993,17,0.5550000000000005,0.5549999999999999,0.09000000000000008,0.0,0.0,0.0,0.04500000000000004,0.04500000000000004,history
1730,1,0,1,0.07335876628898261,3.9603038489827145,9.6,12.6,0.2599999999999998,0.15999999999999925,17,0.5550000000000005,0.5549999999999999,0.09000000000000008,0.0,0.0,0.0,0.04500000000000004,0.04500000000000004,history
1731,1,1,1,0.008379507523851203,3.9686833565065656,9.6,12.6,0.4925,0.15249999999999922,17,0.5550000000000005,0.5549999999999999,0.09000000000000008,0.05999999999999872,0.0,0.0,0.04500000000000004,0.04500000000000004,history
1732,1,1,1,0.008315201463365228,3.9769985579699307,9.6,12.6,0.4925,0.14499999999999924,17,0.5550000000000005,0.5549999999999999,0.09000000000000008,1.4549999999999996,0.0,0.0,0.04500000000000004,0.04500000000000004,history
1733,1,0,1,0.0732591346397416,4.0,9.6,12.6,0.48499999999999993,0.13749999999999926,17,0.5550000000000005,0.5549999999999999,0.09000000000000008,0.0,0.0,0.0,0.04500000000000004,0.04500000000000004,history
1734,1,0,1,0.07331999423193036,4.0,9.6,12.6,0.4775,0.12999999999999923,17,0.5550000000000005,0.5549999999999999,0.09000000000000008,0.0,0.0,0.0,0.04500000000000004,0.04500000000000004,history
1735,1,0,1,0.07329477790906413,4.0,9.6,12.6,0.4699999999999999,0.1224999999999992,17,0.5550000000000005,0.5549999999999999,0.09000000000000008,0.0,0.0,0.0,0.04500000000000004,0.04500000000000004,history
1736,1,0,0,-0.16667831473319422,3.8333216852668057,9.6,12.6,0.46249999999999997,0.11499999999999921,17,0.5550000000000005,0.5549999999999999,0.09000000000000008,0.0,0.0,0.0,0.04500000000000004,0.04500000000000004,history
1737,1,1,1,0.008305946897939197,3.841627632164745,9.6,12.6,0.4925,0.10749999999999922,17,0.5550000000000005,0.5549999999999999,0.09000000000000008,1.2749999999999995,0.0,0.0,0.04500000000000004,0.04500000000000004,history
1738,1,0,1,0.07329893481155801,3.9149265669763027,9.6,12.6,0.48499999999999993,0.0999999999999992,17,0.5550000000000005,0.5549999999999999,0.09000000000000008,0.0,0.0,0.0,0.04500000000000004,0.04500000000000004,history
1739,1,0,1,0.07330086340860212,3.988227430384905,9.6,12.6,0.4775,0.0924999999999992,17,0.5550000000000005,0.5549999999999999,0.09000000000000008,0.0,0.0,0.0,0.04500000000000004,0.04500000000000004,history
1740,1,0,1,0.07331308066287502,4.0,9.6,12.6,0.4699999999999999,0.08499999999999919,17,0.5550000000000005,0.5549999999999999,0.09000000000000008,0.0,0.0,0.0,0.04500000000000004,0.04500000000000004,history
1741,1,0,1,0.07334070401949534,4.0,9.6,12.6,0.46249999999999997,0.07749999999999918,17,0.5550000000000005,0.5549999999999999,0.09000000000000008,0.0,0.0,0.0,0.04500000000000004,0.04500000000000004,history
1742,1,0,1,0.0732957728085669,4.0,9.6,12.6,0.455,0.06999999999999917,17,0.5550000000000005,0.5549999999999999,0.09000000000000008,0.0,0.0,0.0,0.04500000000000004,0.04500000000000004,history
1743,1,0,1,0.07334773266593972,4.0,9.6,12.6,0.44749999999999995,0.06249999999999917,17,0.5550000000000005,0.5549999999999999,0.09000000000000008,0.0,0.0,0.0,0.04500000000000004,0.04500000000000004,history
1744,1,0,1,0.07331098911473506,4.0,9.6,12.6,0.43999999999999995,0.05499999999999916,17,0.5550000000000005,0.5549999999999999,0.09000000000000008,0.0,0.0,0.0,0.04500000000000004,0.04500000000000004,history
1745,1,0,1,0.07332157081831801,4.0,9.6,12.6,0.43249999999999994,0.047499999999999154,17,0.5550000000000005,0.5549999999999999,0.09000000000000008,0.0,0.0,0.0,0.04500000000000004,0.04500000000000004,history
1746,1,0,1,0.07336487968123064,4.0,9.6,12.6,0.4249999999999999,0.03999999999999915,17,0.5550000000000005,0.5549999999999999,0.09000000000000008,0.0,0.0,0.0,0.04500000000000004,0.04500000000000004,history
1747,1,0,1,0.07330544415832925,4.0,9.6,12.6,0.4174999999999999,0.03249999999999914,17,0.5550000000000005,0.5549999999999999,0.09000000000000008,0.0,0.0,0.0,0.04500000000000004,0.04500000000000004,history
1748,1,1,1,0.008288370168301905,4.0,9.6,12.6,0.4924999999999999,0.024999999999999134,17,0.5550000000000005,0.5549999999999999,0.09000000000000008,1.005,0.0,5.551115123125783e-17,0.04500000000000004,0.04500000000000004,history
1749,1,1,1,0.008270571440171156,4.0,9.6,12.6,0.4925,0.017499999999999127,17,0.5550000000000005,0.5549999999999999,0.09000000000000008,1.4549999999999996,0.0,0.0,0.04500000000000004,0.04500000000000004,history
1750,1,0,0,-0.1666987643983687,3.833301235601631,9.6,12.6,0.48499999999999993,0.00999999999999912,17,0.5550000000000005,0.5549999999999999,0.09000000000000008,0.0,0.0,0.0,0.04500000000000004,0.04500000000000004,history
1751,1,0,1,0.07334247985620956,3.906643715457841,9.6,12.6,0.4775,0.002499999999999114,17,0.5550000000000005,0.5549999999999999,0.09000000000000008,0.0,0.0,0.0,0.04500000000000004,0.04500000000000004,history
1752,1,0,1,0.07334383840422161,3.9799875538620624,9.6,12.389999999999961,0.4699999999999999,0.0,17,0.344999999999963,0.5549999999999999,0.059999999999994724,0.0,0.0,0.0,0.04500000000000004,0.04500000000000004,history
1753,1,2,1,0.00832115258329352,3.988308706445356,9.6,12.6,0.46249999999999997,0.23762499999999911,17,0.7597500000000362,0.5497499999999991,0.11925000000000519,0.0,0.0,0.0,0.04500000000000004,0.07425000000000515,history
1754,1,0,1,0.07329244754943588,4.0,9.6,12.6,0.455,0.23012499999999916,17,0.5550000000000005,0.5549999999999999,0.09000000000000008,0.0,0.0,0.0,0.04500000000000004,0.04500000000000004,history
1755,1,0,1,0.07329895049608426,4.0,9.6,12.6,0.44749999999999995,0.22262499999999916,17,0.5550000000000005,0.5549999999999999,0.09000000000000008,0.0,0.0,0.0,0.04500000000000004,0.04500000000000004,history
1756,1,0,1,0.07328125279133615,4.0,9.6,12.6,0.43999999999999995,0.21512499999999912,17,0.5550000000000005,0.5549999999999999,0.09000000000000008,0.0,0.0,0.0,0.04500000000000004,0.04500000000000004,history
1757,1,0,1,0.07328872148991718,4.0,9.6,12.6,0.43249999999999994,0.2076249999999991,17,0.5550000000000005,0.5549999999999999,0.09000000000000008,0.0,0.0,0.0,0.04500000000000004,0.04500000000000004,history
1758,1,0,1,0.07328174874863444,4.0,9.6,12.6,0.4249999999999999,0.20012499999999908,17,0.5550000000000005,0.5549999999999999,0.09000000000000008,0.0,0.0,0.0,0.04500000000000004,0.04500000000000004,history
1759,1,0,1,0.07335543142279452,4.0,9.6,12.6,0.4174999999999999,0.19262499999999913,17,0.5550000000000005,0.5549999999999999,0.09000000000000008,0.0,0.0,0.0,0.04500000000000004,0.04500000000000004,history
1760,1,0,1,0.07329868027231247,4.0,9.6,12.6,0.41,0.1851249999999991,17,0.5550000000000005,0.5549999999999999,0.09000000000000008,0.0,0.0,0.0,0.04500000000000004,0.04500000000000004,history
1761,1,0,1,0.07330105587320741,4.0,9.6,12.6,0.4024999999999999,0.17762499999999906,17,0.5550000000000005,0.5549999999999999,0.09000000000000008,0.0,0.0,0.0,0.04500000000000004,0.04500000000000004,history
1762,1,0,0,-0.1666953584962242,3.833304641503776,9.6,12.6,0.39499999999999996,0.17012499999999908,17,0.5550000000000005,0.5549999999999999,0.09000000000000008,0.0,0.0,0.0,0.04500000000000004,0.04500000000000004,history
1763,1,1,1,0.008320678659263081,3.841625320163039,9.6,12.6,0.4925,0.1626249999999991,17,0.5550000000000005,0.5549999999999999,0.09000000000000008,0.8699999999999994,0.0,0.0,0.04500000000000004,0.04500000000000004,history
1764,1,0,1,0.0732416458147914,3.91486696597783,9.6,12.6,0.48499999999999993,0.15512499999999907,17,0.5550000000000005,0.5549999999999999,0.09000000000000008,0.0,0.0,0.0,0.04500000000000004,0.04500000000000004,history
1765,1,0,1,0.07327108465334975,3.98813805063118,9.6,12.6,0.4775,0.14762499999999903,17,0.5550000000000005,0.5549999999999999,0.09000000000000008,0.0,0.0,0.0,0.04500000000000004,0.04500000000000004,history
1766,1,0,1,0.07332942024454779,4.0,9.6,12.6,0.4699999999999999,0.14012499999999906,17,0.5550000000000005,0.5549999999999999,0.09000000000000008,0.0,0.0,0.0,0.04500000000000004,0.04500000000000004,history
1767,1,0,1,0.07332220602162157,4.0,9.6,12.6,0.46249999999999997,0.13262499999999908,17,0.5550000000000005,0.5549999999999999,0.09000000000000008,0.0,0.0,0.0,0.04500000000000004,0.04500000000000004,history
1768,1,0,1,0.07327701071520197,4.0,9.6,12.6,0.455,0.12512499999999904,17,0.5550000000000005,0.5549999999999999,0.09000000000000008,0.0,0.0,0.0,0.04500000000000004,0.04500000000000004,history
1769,1,0,1,0.07332105542374555,4.0,9.6,12.6,0.44749999999999995,0.11762499999999902,17,0.5550000000000005,0.5549999999999999,0.09000000000000008,0.0,0.0,0.0,0.04500000000000004,0.04500000000000004,history
1770,1,0,1,0.07327535310782561,4.0,9.6,12.6,0.43999999999999995,0.11012499999999903,17,0.5550000000000005,0.5549999999999999,0.09000000000000008,0.0,0.0,0.0,0.04500000000000004,0.04500000000000004,history
1771,1,0,1,0.07332768109832354,4.0,9.6,12.6,0.43249999999999994,0.10262499999999904,17,0.5550000000000005,0.5549999999999999,0.09000000000000008,0.0,0.0,0.0,0.04500000000000004,0.04500000000000004,history
1772,1,0,0,-0.16667539430177816,3.833324605698222,9.6,12.6,0.4249999999999999,0.09512499999999902,17,0.5550000000000005,0.5549999999999999,0.09000000000000008,0.0,0.0,0.0,0.04500000000000004,0.04500000000000004,history
1773,1,0,1,0.07335542089880384,3.9066800265970256,9.6,12.6,0.4174999999999999,0.08762499999999901,17,0.5550000000000005,0.5549999999999999,0.09000000000000008,0.0,0.0,0.0,0.04500000000000004,0.04500000000000004,history
1774,1,2,1,0.00836405902095559,3.915044085617981,9.6,12.6,0.41,0.33012499999999895,17,0.5550000000000005,0.5549999999999999,0.09000000000000008,0.0,0.0,0.0,0.04500000000000004,0.04500000000000004,history
1775,1,0,0,-0.16669800009191624,3.748346085526065,9.6,12.6,0.4024999999999999,0.322624999999999,17,0.5550000000000005,0.5549999999999999,0.09000000000000008,0.0,0.0,0.0,0.04500000000000004,0.04500000000000004,history
1776,1,0,1,0.07336114950486133,3.8217072350309262,9.6,12.6,0.39499999999999996,0.315124999999999,17,0.5550000000000005,0.5549999999999999,0.09000000000000008,0.0,0.0,0.0,0.04500000000000004,0.04500000000000004,history
1777,1,0,0,-0.16664739758194658,3.6550598374489796,9.6,12.6,0.3874999999999999,0.307624999999999,17,0.5550000000000005,0.5549999999999999,0.09000000000000008,0.0,0.0,0.0,0.04500000000000004,0.04500000000000004,history
1778,1,0,1,0.07334263972620048,3.7284024771751803,9.6,12.6,0.3799999999999999,0.30012499999999903,17,0.5550000000000005,0.5549999999999999,0.09000000000000008,0.0,0.0,0.0,0.04500000000000004,0.04500000000000004,history
1779,1,0,1,0.07334967734093878,3.801752154516119,9.6,12.6,0.3724999999999999,0.29262499999999897,17,0.5550000000000005,0.5549999999999999,0.09000000000000008,0.0,0.0,0.0,0.04500000000000004,0.04500000000000004,history
1780,1,0,1,0.07334608609904106,3.87509824061516,9.6,12.6,0.3649999999999998,0.28512499999999896,17,0.5550000000000005,0.5549999999999999,0.09000000000000008,0.0,0.0,0.0,0.04500000000000004,0.04500000000000004,history
1781,1,2,1,0.0083563057941581,3.883454546409318,9.6,12.6,0.3574999999999999,0.4925,17,0.5550000000000005,0.5549999999999999,0.09000000000000008,0.21074999999999378,0.0,0.0,0.04500000000000004,0.04500000000000004,history
1782,1,0,1,0.07333998702523252,3.9567945334345507,9.6,12.6,0.34999999999999987,0.48499999999999993,17,0.5550000000000005,0.5549999999999999,0.09000000000000008,0.0,0.0,0.0,0.04500000000000004,0.04500000000000004,history
1783,1,0,1,0.07330639885475843,4.0,9.6,12.6,0.34249999999999986,0.4775,17,0.5550000000000005,0.5549999999999999,0.09000000000000008,0.0,0.0,0.0,0.04500000000000004,0.04500000000000004,history
1784,1,0,0,-0.1666393987255371,3.833360601274463,9.6,12.6,0.3349999999999999,0.4699999999999999,17,0.5550000000000005,0.5549999999999999,0.09000000000000008,0.0,0.0,0.0,0.04500000000000004,0.04500000000000004,history
1785,1,0,1,0.0733127856190905,3.9066733868935537,9.6,12.6,0.32749999999999985,0.46249999999999997,17,0.5550000000000005,0.5549999999999999,0.09000000000000008,0.0,0.0,0.0,0.04500000000000004,0.04500000000000004,history
1786,1,0,1,0.07328175341515188,3.9799551403087055,9.6,12.6,0.31999999999999984,0.455,17,0.5550000000000005,0.5549999999999999,0.09000000000000008,0.0,0.0,0.0,0.04500000000000004,0.04500000000000004,history
1787,1,0,1,0.07333534479457421,4.0,9.6,12.6,0.31249999999999983,0.44749999999999995,17,0.5550000000000005,0.5549999999999999,0.09000000000000008,0.0,0.0,0.0,0.04500000000000004,0.04500000000000004,history
1788,1,0,0,-0.1666705189219863,3.833329481078014,9.6,12.6,0.30499999999999977,0.43999999999999995,17,0.5550000000000005,0.5549999999999999,0.09000000000000008,0.0,0.0,0.0,0.04500000000000004,0.04500000000000004,history
1789,1,0,0,-0.166653967432913,3.666675513645101,9.6,12.6,0.2974999999999998,0.43249999999999994,17,0.5550000000000005,0.5549999999999999,0.09000000000000008,0.0,0.0,0.0,0.04500000000000004,0.04500000000000004,history
1790,1,0,1,0.07331096366637957,3.73998647731148,9.6,12.6,0.2899999999999998,0.4249999999999999,17,0.5550000000000005,0.5549999999999999,0.09000000000000008,0.0,0.0,0.0,0.04500000000000004,0.04500000000000004,history
1791,1,0,1,0.07336723230348263,3.8133537096149626,9.6,12.6,0.2824999999999998,0.4174999999999999,17,0.5550000000000005,0.5549999999999999,0.09000000000000008,0.0,0.0,0.0,0.04500000000000004,0.04500000000000004,history
1792,1,0,1,0.07335089981871704,4.0,9.6,12.6,0.27499999999999986,0.41,18,0.5550000000000005,0.5549999999999999,0.09000000000000008,0.0,0.0,0.0,0.04500000000000004,0.04500000000000004,history
1793,1,0,1,0.07335517817842727,4.0,9.6,12.6,0.2674999999999998,0.4024999999999999,18,0.5550000000000005,0.5549999999999999,0.09000000000000008,0.0,0.0,0.0,0.04500000000000004,0.04500000000000004,history
1794,1,1,1,0.008392028176852494,4.0,9.6,12.6,0.4924999999999999,0.39499999999999996,18,0.5550000000000005,0.5549999999999999,0.09000000000000008,0.1049999999999991,0.0,5.551115123125783e-17,0.04500000000000004,0.04500000000000004,history
1795,1,0,1,0.07323679408628021,4.0,9.6,12.6,0.48499999999999993,0.3874999999999999,18,0.5550000000000005,0.5549999999999999,0.09000000000000008,0.0,0.0,0.0,0.04500000000000004,0.04500000000000004,history
1796,1,0,1,0.07326757522120027,4.0,9.6,12.6,0.4775,0.3799999999999999,18,0.5550000000000005,0.5549999999999999,0.09000000000000008,0.0,0.0,0.0,0.04500000000000004,0.04500000000000004,history
1797,1,0,1,0.0732800146945542,4.0,9.6,12.6,0.4699999999999999,0.3724999999999999,18,0.5550000000000005,0.5549999999999999,0.09000000000000008,0.0,0.0,0.0,0.04500000000000004,0.04500000000000004,history
1798,1,0,1,0.07329039313190204,4.0,9.6,12.6,0.4624999999999999,0.3649999999999998,18,0.5550000000000005,0.5549999999999999,0.09000000000000008,0.0,0.0,0.0,0.04500000000000004,0.04500000000000004,history
1799,1,0,0,-0.16673369793209863,3.8332663020679014,9.6,12.6,0.4549999999999999,0.3574999999999999,18,0.5550000000000005,0.5549999999999999,0.09000000000000008,0.0,0.0,0.0,0.04500000000000004,0.04500000000000004,history
1800,1,0,0,-0.16669274901003847,3.666573553057863,9.6,12.6,0.44749999999999984,0.34999999999999987,18,0.5550000000000005,0.5549999999999999,0.09000000000000008,0.0,0.0,0.0,0.04500000000000004,0.04500000000000004,history
1801,1,0,0,-0.1667019174330762,3.4998716356247868,9.6,12.6,0.4399999999999999,0.34249999999999986,18,0.5550000000000005,0.5549999999999999,0.09000000000000008,0.0,0.0,0.0,0.04500000000000004,0.04500000000000004,history
1802,1,0,1,0.073304483167445,3.5731761187922317,9.6,12.6,0.43249999999999994,0.3349999999999999,18,0.5550000000000005,0.5549999999999999,0.09000000000000008,0.0,0.0,0.0,0.04500000000000004,0.04500000000000004,history
1803,1,0,1,0.07332253152386962,3.646498650316101,9.6,12.6,0.4249999999999999,0.32749999999999985,18,0.5550000000000005,0.5549999999999999,0.09000000000000008,0.0,0.0,0.0,0.04500000000000004,0.04500000000000004,history
1804,1,0,0,-0.1666783839485905,3.479820266367511,9.6,12.6,0.4174999999999999,0.31999999999999984,18,0.5550000000000005,0.5549999999999999,0.09000000000000008,0.0,0.0,0.0,0.04500000000000004,0.04500000000000004,history
1805,1,0,1,0.07334927465826611,3.553169541025777,9.6,12.6,0.40999999999999986,0.31249999999999983,18,0.5550000000000005,0.5549999999999999,0.09000000000000008,0.0,0.0,0.0,0.04500000000000004,0.04500000000000004,history
1806,1,0,0,-0.16666972140492603,3.386499819620851,9.6,12.6,0.40249999999999986,0.30499999999999977,18,0.5550000000000005,0.5549999999999999,0.09000000000000008,0.0,0.0,0.0,0.04500000000000004,0.04500000000000004,history
1807,1,0,0,-0.16666048070082196,3.219839338920029,9.6,12.6,0.39499999999999985,0.2974999999999998,18,0.5550000000000005,0.5549999999999999,0.09000000000000008,0.0,0.0,0.0,0.04500000000000004,0.04500000000000004,history
1808,1,0,1,0.07338920500804352,3.2932285439280724,9.6,12.6,0.3874999999999998,0.2899999999999998,18,0.5550000000000005,0.5549999999999999,0.09000000000000008,0.0,0.0,0.0,0.04500000000000004,0.04500000000000004,history
1809,1,2,1,0.00833094390189556,3.301559487829968,9.6,12.6,0.37999999999999984,0.4925,18,0.5550000000000005,0.5549999999999999,0.09000000000000008,0.23999999999999888,0.0,0.0,0.04500000000000004,0.04500000000000004,history
1810,1,0,1,0.07336523496415043,3.3749247227941184,9.6,12.6,0.37249999999999983,0.48499999999999993,18,0.5550000000000005,0.5549999999999999,0.09000000000000008,0.0,0.0,0.0,0.04500000000000004,0.04500000000000004,history
1811,1,0,1,0.07336991142582959,3.448294634219948,9.6,12.6,0.3649999999999998,0.4775,18,0.5550000000000005,0.5549999999999999,0.09000000000000008,0.0,0.0,0.0,0.04500000000000004,0.04500000000000004,history
1812,1,0,1,0.07329688942643511,3.521591523646383,9.6,12.6,0.3574999999999999,0.4699999999999999,18,0.5550000000000005,0.5549999999999999,0.09000000000000008,0.0,0.0,0.0,0.04500000000000004,0.04500000000000004,history
1813,1,0,1,0.07332014613522013,3.5949116697816033,9.6,12.6,0.3499999999999998,0.46249999999999997,18,0.5550000000000005,0.5549999999999999,0.09000000000000008,0.0,0.0,0.0,0.04500000000000004,0.04500000000000004,history
1814,1,0,1,0.07335960457002012,3.6682712743516235,9.6,12.6,0.3424999999999998,0.455,18,0.5550000000000005,0.5549999999999999,0.09000000000000008,0.0,0.0,0.0,0.04500000000000004,0.04500000000000004,history
1815,1,0,0,-0.16665680835121965,3.5016144660004036,9.6,12.6,0.3349999999999998,0.44749999999999995,18,0.5550000000000005,0.5549999999999999,0.09000000000000008,0.0,0.0,0.0,0.04500000000000004,0.04500000000000004,history
1816,1,0,1,0.07332775810020473,3.5749422241006084,9.6,12.6,0.32749999999999974,0.43999999999999995,18,0.5550000000000005,0.5549999999999999,0.09000000000000008,0.0,0.0,0.0,0.04500000000000004,0.04500000000000004,history
1817,1,0,1,0.07332266216760974,3.648264886268218,9.6,12.6,0.3199999999999998,0.43249999999999994,18,0.5550000000000005,0.5549999999999999,0.09000000000000008,0.0,0.0,0.0,0.04500000000000004,0.04500000000000004,history
1818,1,0,1,0.07336184598190387,3.721626732250122,9.6,12.6,0.3124999999999998,0.4249999999999999,18,0.5550000000000005,0.5549999999999999,0.09000000000000008,0.0,0.0,0.0,0.04500000000000004,0.04500000000000004,history
1819,1,0,0,-0.16663748133904324,3.5549892509110785,9.6,12.6,0.30499999999999977,0.4174999999999999,18,0.5550000000000005,0.5549999999999999,0.09000000000000008,0.0,0.0,0.0,0.04500000000000004,0.04500000000000004,history
1820,1,0,0,-0.16662770508816144,3.3883615458229173,9.6,12.6,0.2974999999999998,0.41,18,0.5550000000000005,0.5549999999999999,0.09000000000000008,0.0,0.0,0.0,0.04500000000000004,0.04500000000000004,history
1821,1,0,1,0.07338973727236518,3.4617512830952823,9.6,12.6,0.28999999999999976,0.4024999999999999,18,0.5550000000000005,0.5549999999999999,0.09000000000000008,0.0,0.0,0.0,0.04500000000000004,0.04500000000000004,history
1822,1,0,1,0.07339984557673503,3.5351511286720174,9.6,12.6,0.28249999999999975,0.39499999999999996,18,0.5550000000000005,0.5549999999999999,0.09000000000000008,0.0,0.0,0.0,0.04500000000000004,0.04500000000000004,history
1823,1,0,1,0.07340058450029717,3.6085517131723144,9.6,12.6,0.27499999999999974,0.3874999999999999,18,0.5550000000000005,0.5549999999999999,0.09000000000000008,0.0,0.0,0.0,0.04500000000000004,0.04500000000000004,history
1824,1,1,1,0.00837484674174158,3.616926559914056,9.6,12.6,0.4925,0.3799999999999999,18,0.5550000000000005,0.5549999999999999,0.09000000000000008,0.14999999999999813,0.0,0.0,0.04500000000000004,0.04500000000000004,history
1825,1,0,1,0.07332998626062244,3.690256546174678,9.6,12.6,0.48499999999999993,0.3724999999999999,18,0.5550000000000005,0.5549999999999999,0.09000000000000008,0.0,0.0,0.0,0.04500000000000004,0.04500000000000004,history
1826,1,0,1,0.07328847547726816,3.763545021651946,9.6,12.6,0.4775,0.3649999999999998,18,0.5550000000000005,0.5549999999999999,0.09000000000000008,0.0,0.0,0.0,0.04500000000000004,0.04500000000000004,history
1827,1,0,1,0.0732919705965542,3.8368369922485,9.6,12.6,0.4699999999999999,0.3574999999999999,18,0.5550000000000005,0.5549999999999999,0.09000000000000008,0.0,0.0,0.0,0.04500000000000004,0.04500000000000004,history
1828,1,0,1,0.07327704278976682,3.910114035038267,9.6,12.6,0.46249999999999997,0.34999999999999987,18,0.5550000000000005,0.5549999999999999,0.09000000000000008,0.0,0.0,0.0,0.04500000000000004,0.04500000000000004,history
1829,1,0,1,0.0733116900787221,3.983425725116989,9.6,12.6,0.455,0.34249999999999986,18,0.5550000000000005,0.5549999999999999,0.09000000000000008,0.0,0.0,0.0,0.04500000000000004,0.04500000000000004,history
1830,1,2,1,0.008262120245781041,3.99168784536277,9.6,12.6,0.44749999999999995,0.4925,18,0.5550000000000005,0.5549999999999999,0.09000000000000008,0.5549999999999988,0.0,0.0,0.04500000000000004,0.04500000000000004,history
1831,1,0,0,-0.16671904700805162,3.8249687983547185,9.6,12.6,0.43999999999999995,0.48499999999999993,18,0.5550000000000005,0.5549999999999999,0.09000000000000008,0.0,0.0,0.0,0.04500000000000004,0.04500000000000004,history
1832,1,0,0,-0.16668907393829166,3.6582797244164267,9.6,12.6,0.43249999999999994,0.4775,18,0.5550000000000005,0.5549999999999999,0.09000000000000008,0.0,0.0,0.0,0.04500000000000004,0.04500000000000004,history
1833,1,0,0,-0.16667356233376895,3.4916061620826575,9.6,12.6,0.4249999999999999,0.4699999999999999,18,0.5550000000000005,0.5549999999999999,0.09000000000000008,0.0,0.0,0.0,0.04500000000000004,0.04500000000000004,history
1834,1,0,1,0.07328547119831132,3.564891633280969,9.6,12.6,0.4174999999999999,0.46249999999999997,18,0.5550000000000005,0.5549999999999999,0.09000000000000008,0.0,0.0,0.0,0.04500000000000004,0.04500000000000004,history
1835,1,0,1,0.07332502554379905,3.638216658824768,9.6,12.6,0.41,0.455,18,0.5550000000000005,0.5549999999999999,0.09000000000000008,0.0,0.0,0.0,0.04500000000000004,0.04500000000000004,history
1836,1,0,1,0.0733247642396553,3.7115414230644235,9.6,12.6,0.4024999999999999,0.44749999999999995,18,0.5550000000000005,0.5549999999999999,0.09000000000000008,0.0,0.0,0.0,0.04500000000000004,0.04500000000000004,history
1837,1,0,1,0.0733286977587426,3.784870120823166,9.6,12.6,0.39499999999999996,0.43999999999999995,18,0.5550000000000005,0.5549999999999999,0.09000000000000008,0.0,0.0,0.0,0.04500000000000004,0.04500000000000004,history
1838,1,2,0,-0.23168028032203689,3.553189840501129,9.6,12.6,0.3874999999999999,0.4925,18,0.5550000000000005,0.5549999999999999,0.09000000000000008,1.1399999999999997,0.0,0.0,0.04500000000000004,0.04500000000000004,history
1839,1,1,1,0.008298385921331274,3.56148822642246,9.6,12.6,0.4924999999999999,0.48499999999999993,18,0.5550000000000005,0.5549999999999999,0.09000000000000008,0.8249999999999997,0.0,5.551115123125783e-17,0.04500000000000004,0.04500000000000004,history
1840,1,0,1,0.07331046114346439,3.6347986875659246,9.6,12.6,0.48499999999999993,0.4775,18,0.5550000000000005,0.5549999999999999,0.09000000000000008,0.0,0.0,0.0,0.04500000000000004,0.04500000000000004,history
1841,1,0,1,0.07325499517222614,3.708053682738151,9.6,12.6,0.4775,0.4699999999999999,18,0.5550000000000005,0.5549999999999999,0.09000000000000008,0.0,0.0,0.0,0.04500000000000004,0.04500000000000004,history
1842,1,0,0,-0.16668524731271855,3.5413684354254324,9.6,12.6,0.4699999999999999,0.46249999999999997,18,0.5550000000000005,0.5549999999999999,0.09000000000000008,0.0,0.0,0.0,0.04500000000000004,0.04500000000000004,history
1843,1,0,1,0.0732611355785953,3.614629571004028,9.6,12.6,0.4624999999999999,0.455,18,0.5550000000000005,0.5549999999999999,0.09000000000000008,0.0,0.0,0.0,0.04500000000000004,0.04500000000000004,history
1844,1,1,0,-0.231714013197899,3.382915557806129,9.6,12.6,0.4925,0.44749999999999995,18,0.5550000000000005,0.5549999999999999,0.09000000000000008,1.2749999999999995,0.0,0.0,0.04500000000000004,0.04500000000000004,history
1845,1,0,1,0.07331694371959638,3.4562325015257254,9.6,12.6,0.48499999999999993,0.43999999999999995,18,0.5550000000000005,0.5549999999999999,0.09000000000000008,0.0,0.0,0.0,0.04500000000000004,0.04500000000000004,history
1846,1,0,1,0.07329289978584118,3.5295254013115667,9.6,12.6,0.4775,0.43249999999999994,18,0.5550000000000005,0.5549999999999999,0.09000000000000008,0.0,0.0,0.0,0.04500000000000004,0.04500000000000004,history
1847,1,0,0,-0.16671305520922833,3.3628123461023383,9.6,12.6,0.4699999999999999,0.4249999999999999,18,0.5550000000000005,0.5549999999999999,0.09000000000000008,0.0,0.0,0.0,0.04500000000000004,0.04500000000000004,history
1848,1,0,1,0.07332100760478866,3.436133353707127,9.6,12.6,0.46249999999999997,0.4174999999999999,18,0.5550000000000005,0.5549999999999999,0.09000000000000008,0.0,0.0,0.0,0.04500000000000004,0.04500000000000004,history
1849,1,0,1,0.07326315549388973,3.5093965092010166,9.6,12.6,0.455,0.41,18,0.5550000000000005,0.5549999999999999,0.09000000000000008,0.0,0.0,0.0,0.04500000000000004,0.04500000000000004,history
1850,1,0,1,0.07331639089147089,3.5827129000924876,9.6,12.6,0.44749999999999995,0.4024999999999999,18,0.5550000000000005,0.5549999999999999,0.09000000000000008,0.0,0.0,0.0,0.04500000000000004,0.04500000000000004,history
1851,1,0,1,0.07328092268143702,3.6559938227739246,9.6,12.6,0.43999999999999995,0.39499999999999996,18,0.5550000000000005,0.5549999999999999,0.09000000000000008,0.0,0.0,0.0,0.04500000000000004,0.04500000000000004,history
1852,1,0,0,-0.16671552210073975,3.4892783006731847,9.6,12.6,0.43249999999999994,0.3874999999999999,18,0.5550000000000005,0.5549999999999999,0.09000000000000008,0.0,0.0,0.0,0.04500000000000004,0.04500000000000004,history
1853,1,0,1,0.0733023410134501,3.5625806416866346,9.6,12.6,0.4249999999999999,0.3799999999999999,18,0.5550000000000005,0.5549999999999999,0.09000000000000008,0.0,0.0,0.0,0.04500000000000004,0.04500000000000004,history
1854,1,0,1,0.07331683373114245,3.635897475417777,9.6,12.6,0.4174999999999999,0.3724999999999999,18,0.5550000000000005,0.5549999999999999,0.09000000000000008,0.0,0.0,0.0,0.04500000000000004,0.04500000000000004,history
1855,1,0,1,0.07332399412381786,3.709221469541595,9.6,12.6,0.41,0.3649999999999998,18,0.5550000000000005,0.5549999999999999,0.09000000000000008,0.0,0.0,0.0,0.04500000000000004,0.04500000000000004,history
1856,1,0,0,-0.16665192753792094,3.542569542003674,9.6,12.6,0.4024999999999999,0.3574999999999999,18,0.5550000000000005,0.5549999999999999,0.09000000000000008,0.0,0.0,0.0,0.04500000000000004,0.04500000000000004,history
1857,1,0,1,0.07332954984478504,3.615899091848459,9.6,12.6,0.39499999999999996,0.34999999999999987,18,0.5550000000000005,0.5549999999999999,0.09000000000000008,0.0,0.0,0.0,0.04500000000000004,0.04500000000000004,history
1858,1,2,1,0.0083266542913977,3.6242257461398566,9.6,12.6,0.3874999999999999,0.4925,18,0.5550000000000005,0.5549999999999999,0.09000000000000008,0.5999999999999992,0.0,0.0,0.04500000000000004,0.04500000000000004,history
1859,1,0,0,-0.16669325108344016,3.4575324950564164,9.6,12.6,0.3799999999999999,0.48499999999999993,18,0.5550000000000005,0.5549999999999999,0.09000000000000008,0.0,0.0,0.0,0.04500000000000004,0.04500000000000004,history
1860,1,0,1,0.07326309617810425,3.530795591234521,9.6,12.6,0.3724999999999999,0.4775,18,0.5550000000000005,0.5549999999999999,0.09000000000000008,0.0,0.0,0.0,0.04500000000000004,0.04500000000000004,history
1861,1,0,1,0.07329848388912126,3.604094075123642,9.6,12.6,0.3649999999999998,0.4699999999999999,18,0.5550000000000005,0.5549999999999999,0.09000000000000008,0.0,0.0,0.0,0.04500000000000004,0.04500000000000004,history
1862,1,0,1,0.07330597108060871,3.6774000462042506,9.6,12.6,0.3574999999999999,0.46249999999999997,18,0.5550000000000005,0.5549999999999999,0.09000000000000008,0.0,0.0,0.0,0.04500000000000004,0.04500000000000004,history
1863,1,0,1,0.07333873153727961,3.7507387777415304,9.6,12.6,0.34999999999999987,0.455,18,0.5550000000000005,0.5549999999999999,0.09000000000000008,0.0,0.0,0.0,0.04500000000000004,0.04500000000000004,history
1864,1,0,1,0.07331545481047591,3.8240542325520064,9.6,12.6,0.34249999999999986,0.44749999999999995,18,0.5550000000000005,0.5549999999999999,0.09000000000000008,0.0,0.0,0.0,0.04500000000000004,0.04500000000000004,history
1865,1,1,1,0.00832766600739944,3.832381898559406,9.6,12.6,0.4925,0.43999999999999995,18,0.5550000000000005,0.5549999999999999,0.09000000000000008,0.5549999999999988,0.0,0.0,0.04500000000000004,0.04500000000000004,history
1866,1,0,1,0.07327731802163924,3.905659216581045,9.6,12.6,0.48499999999999993,0.43249999999999994,18,0.5550000000000005,0.5549999999999999,0.09000000000000008,0.0,0.0,0.0,0.04500000000000004,0.04500000000000004,history
1867,1,0,1,0.07328303076443193,3.978942247345477,9.6,12.6,0.4775,0.4249999999999999,18,0.5550000000000005,0.5549999999999999,0.09000000000000008,0.0,0.0,0.0,0.04500000000000004,0.04500000000000004,history
1868,1,0,0,-0.16674711093001177,3.812195136415465,9.6,12.6,0.4699999999999999,0.4174999999999999,18,0.5550000000000005,0.5549999999999999,0.09000000000000008,0.0,0.0,0.0,0.04500000000000004,0.04500000000000004,history
1869,1,0,1,0.07329805661224538,3.8854931930277106,9.6,12.6,0.46249999999999997,0.41,18,0.5550000000000005,0.5549999999999999,0.09000000000000008,0.0,0.0,0.0,0.04500000000000004,0.04500000000000004,history
1870,1,0,1,0.07328448433550373,3.9587776773632144,9.6,12.6,0.455,0.4024999999999999,18,0.5550000000000005,0.5549999999999999,0.09000000000000008,0.0,0.0,0.0,0.04500000000000004,0.04500000000000004,history
1871,1,0,1,0.07328621084664168,4.0,9.6,12.6,0.44749999999999995,0.39499999999999996,18,0.5550000000000005,0.5549999999999999,0.09000000000000008,0.0,0.0,0.0,0.04500000000000004,0.04500000000000004,history
1872,1,0,1,0.07329263441854675,4.0,9.6,12.6,0.43999999999999995,0.3874999999999999,18,0.5550000000000005,0.5549999999999999,0.09000000000000008,0.0,0.0,0.0,0.04500000000000004,0.04500000000000004,history
1873,1,0,0,-0.16668544505962998,3.83331455494037,9.6,12.6,0.43249999999999994,0.3799999999999999,18,0.5550000000000005,0.5549999999999999,0.09000000000000008,0.0,0.0,0.0,0.04500000000000004,0.04500000000000004,history
1874,1,0,1,0.07335054446883067,3.9066650994092007,9.6,12.6,0.4249999999999999,0.3724999999999999,18,0.5550000000000005,0.5549999999999999,0.09000000000000008,0.0,0.0,0.0,0.04500000000000004,0.04500000000000004,history
1875,1,0,1,0.07327492268594663,3.9799400220951475,9.6,12.6,0.4174999999999999,0.3649999999999998,18,0.5550000000000005,0.5549999999999999,0.09000000000000008,0.0,0.0,0.0,0.04500000000000004,0.04500000000000004,history
1876,1,0,0,-0.16667199011056388,3.8132680319845838,9.6,12.6,0.41,0.3574999999999999,18,0.5550000000000005,0.5549999999999999,0.09000000000000008,0.0,0.0,0.0,0.04500000000000004,0.04500000000000004,history
1877,1,0,0,-0.16672431479779048,3.6465437171867934,9.6,12.6,0.4024999999999999,0.34999999999999987,18,0.5550000000000005,0.5549999999999999,0.09000000000000008,0.0,0.0,0.0,0.04500000000000004,0.04500000000000004,history
1878,1,0,1,0.0733384682168784,3.7198821854036717,9.6,12.6,0.39499999999999996,0.34249999999999986,18,0.5550000000000005,0.5549999999999999,0.09000000000000008,0.0,0.0,0.0,0.04500000000000004,0.04500000000000004,history
1879,1,0,1,0.07329108803283968,3.793173273436511,9.6,12.6,0.3874999999999999,0.3349999999999999,18,0.5550000000000005,0.5549999999999999,0.09000000000000008,0.0,0.0,0.0,0.04500000000000004,0.04500000000000004,history
1880,1,0,0,-0.16669070177304862,3.6264825716634626,9.6,12.6,0.3799999999999999,0.32749999999999985,18,0.5550000000000005,0.5549999999999999,0.09000000000000008,0.0,0.0,0.0,0.04500000000000004,0.04500000000000004,history
1881,1,0,1,0.07333680773834346,3.699819379401806,9.6,12.6,0.3724999999999999,0.31999999999999984,18,0.5550000000000005,0.5549999999999999,0.09000000000000008,0.0,0.0,0.0,0.04500000000000004,0.04500000000000004,history
1882,1,0,1,0.07336921854482936,3.7731885979466355,9.6,12.6,0.3649999999999998,0.31249999999999983,18,0.5550000000000005,0.5549999999999999,0.09000000000000008,0.0,0.0,0.0,0.04500000000000004,0.04500000000000004,history
1883,1,0,1,0.0733704224056762,3.846559020352312,9.6,12.6,0.3574999999999999,0.30499999999999977,18,0.5550000000000005,0.5549999999999999,0.09000000000000008,0.0,0.0,0.0,0.04500000000000004,0.04500000000000004,history
1884,1,0,1,0.0733038807667029,3.9198629011190147,9.6,12.6,0.34999999999999987,0.2974999999999998,18,0.5550000000000005,0.5549999999999999,0.09000000000000008,0.0,0.0,0.0,0.04500000000000004,0.04500000000000004,history
1885,1,2,0,-0.23166896881814847,3.6881939323008663,9.6,12.6,0.34249999999999986,0.4924999999999999,18,0.5550000000000005,0.5549999999999999,0.09000000000000008,0.28499999999999925,0.0,5.551115123125783e-17,0.04500000000000004,0.04500000000000004,history
1886,1,0,1,0.07331791950754613,3.7615118518084123,9.6,12.6,0.3349999999999999,0.48499999999999993,18,0.5550000000000005,0.5549999999999999,0.09000000000000008,0.0,0.0,0.0,0.04500000000000004,0.04500000000000004,history
1887,1,0,1,0.07335957298051532,3.8348714247889277,9.6,12.6,0.32749999999999985,0.4775,18,0.5550000000000005,0.5549999999999999,0.09000000000000008,0.0,0.0,0.0,0.04500000000000004,0.04500000000000004,history
1888,1,1,1,0.00836916106746604,3.843240585856394,9.6,12.6,0.4924999999999999,0.4699999999999999,18,0.5550000000000005,0.5549999999999999,0.09000000000000008,0.4649999999999994,0.0,5.551115123125783e-17,0.04500000000000004,0.04500000000000004,history
1889,1,0,1,0.07327006429607212,3.916510650152466,9.6,12.6,0.48499999999999993,0.4624999999999999,18,0.5550000000000005,0.5549999999999999,0.09000000000000008,0.0,0.0,0.0,0.04500000000000004,0.04500000000000004,history
1890,1,0,0,-0.16669821349472774,3.749812436657738,9.6,12.6,0.4775,0.4549999999999999,18,0.5550000000000005,0.5549999999999999,0.09000000000000008,0.0,0.0,0.0,0.04500000000000004,0.04500000000000004,history
1891,1,0,1,0.07328971707782442,3.8231021537355625,9.6,12.6,0.4699999999999999,0.44749999999999984,18,0.5550000000000005,0.5549999999999999,0.09000000000000008,0.0,0.0,0.0,0.04500000000000004,0.04500000000000004,history
1892,1,0,1,0.07329869471830393,3.8964008484538666,9.6,12.6,0.4624999999999999,0.4399999999999999,18,0.5550000000000005,0.5549999999999999,0.09000000000000008,0.0,0.0,0.0,0.04500000000000004,0.04500000000000004,history
1893,1,0,1,0.07328695193709758,3.969687800390964,9.6,12.6,0.4549999999999999,0.43249999999999994,18,0.5550000000000005,0.5549999999999999,0.09000000000000008,0.0,0.0,0.0,0.04500000000000004,0.04500000000000004,history
1894,1,0,1,0.07327332489015932,4.0,9.6,12.6,0.44749999999999984,0.4249999999999999,18,0.5550000000000005,0.5549999999999999,0.09000000000000008,0.0,0.0,0.0,0.04500000000000004,0.04500000000000004,history
1895,1,0,1,0.07329779024227963,4.0,9.6,12.6,0.4399999999999999,0.4174999999999999,18,0.5550000000000005,0.5549999999999999,0.09000000000000008,0.0,0.0,0.0,0.04500000000000004,0.04500000000000004,history
1896,1,0,1,0.0732612859204682,4.0,9.6,12.6,0.43249999999999994,0.40999999999999986,18,0.5550000000000005,0.5549999999999999,0.09000000000000008,0.0,0.0,0.0,0.04500000000000004,0.04500000000000004,history
1897,1,0,0,-0.16669334326790872,3.8333066567320913,9.6,12.6,0.4249999999999999,0.40249999999999986,18,0.5550000000000005,0.5549999999999999,0.09000000000000008,0.0,0.0,0.0,0.04500000000000004,0.04500000000000004,history
1898,1,0,1,0.07332445697742186,3.9066311137095133,9.6,12.6,0.4174999999999999,0.39499999999999985,18,0.5550000000000005,0.5549999999999999,0.09000000000000008,0.0,0.0,0.0,0.04500000000000004,0.04500000000000004,history
1899,1,0,1,0.07327463092246354,3.979905744631977,9.6,12.6,0.40999999999999986,0.3874999999999998,18,0.5550000000000005,0.5549999999999999,0.09000000000000008,0.0,0.0,0.0,0.04500000000000004,0.04500000000000004,history
1900,1,0,1,0.07330612604511849,4.0,9.6,12.6,0.40249999999999986,0.37999999999999984,18,0.5550000000000005,0.5549999999999999,0.09000000000000008,0.0,0.0,0.0,0.04500000000000004,0.04500000000000004,history
1901,1,2,1,0.00828507803615438,4.0,9.6,12.6,0.39499999999999985,0.4924999999999999,18,0.5550000000000005,0.5549999999999999,0.09000000000000008,0.7799999999999994,0.0,5.551115123125783e-17,0.04500000000000004,0.04500000000000004,history
1902,1,0,1,0.07333389818832013,4.0,9.6,12.6,0.3874999999999998,0.48499999999999993,18,0.5550000000000005,0.5549999999999999,0.09000000000000008,0.0,0.0,0.0,0.04500000000000004,0.04500000000000004,history
1903,1,0,0,-0.1666891760691799,3.83331082393082,9.6,12.6,0.37999999999999984,0.4775,18,0.5550000000000005,0.5549999999999999,0.09000000000000008,0.0,0.0,0.0,0.04500000000000004,0.04500000000000004,history
1904,1,0,0,-0.166698851779602,3.666611972151218,9.6,12.6,0.37249999999999983,0.4699999999999999,18,0.5550000000000005,0.5549999999999999,0.09000000000000008,0.0,0.0,0.0,0.04500000000000004,0.04500000000000004,history
1905,1,0,1,0.0733588294679344,3.7399708016191524,9.6,12.6,0.3649999999999998,0.4624999999999999,18,0.5550000000000005,0.5549999999999999,0.09000000000000008,0.0,0.0,0.0,0.04500000000000004,0.04500000000000004,history
1906,1,2,1,0.00830807131861759,3.74827887293777,9.6,12.6,0.3574999999999999,0.4925,18,0.5550000000000005,0.5549999999999999,0.09000000000000008,1.2749999999999995,0.0,0.0,0.04500000000000004,0.04500000000000004,history
1907,1,0,0,-0.1666730905139741,3.581605782423796,9.6,12.6,0.3499999999999998,0.48499999999999993,18,0.5550000000000005,0.5549999999999999,0.09000000000000008,0.0,0.0,0.0,0.04500000000000004,0.04500000000000004,history
1908,1,0,1,0.07336343573759888,3.654969218161395,9.6,12.6,0.3424999999999998,0.4775,18,0.5550000000000005,0.5549999999999999,0.09000000000000008,0.0,0.0,0.0,0.04500000000000004,0.04500000000000004,history
1909,1,0,1,0.07334247733436551,3.7283116954957607,9.6,12.6,0.3349999999999998,0.4699999999999999,18,0.5550000000000005,0.5549999999999999,0.09000000000000008,0.0,0.0,0.0,0.04500000000000004,0.04500000000000004,history
1910,1,0,0,-0.16668868112808363,3.5616230143676773,9.6,12.6,0.32749999999999974,0.46249999999999997,18,0.5550000000000005,0.5549999999999999,0.09000000000000008,0.0,0.0,0.0,0.04500000000000004,0.04500000000000004,history
1911,1,0,1,0.07332438470933697,3.634947399077014,9.6,12.6,0.3199999999999998,0.455,18,0.5550000000000005,0.5549999999999999,0.09000000000000008,0.0,0.0,0.0,0.04500000000000004,0.04500000000000004,history
1912,1,2,1,0.008305366057332739,3.643252765134347,9.6,12.6,0.3124999999999998,0.4925,18,0.5550000000000005,0.5549999999999999,0.09000000000000008,1.23,0.0,0.0,0.04500000000000004,0.04500000000000004,history
1913,1,0,0,-0.16670927639677996,3.476543488737567,9.6,12.6,0.30499999999999977,0.48499999999999993,18,0.5550000000000005,0.5549999999999999,0.09000000000000008,0.0,0.0,0.0,0.04500000000000004,0.04500000000000004,history
1914,1,0,0,-0.1666443639268074,3.309899124810759,9.6,12.6,0.2974999999999998,0.4775,18,0.5550000000000005,0.5549999999999999,0.09000000000000008,0.0,0.0,0.0,0.04500000000000004,0.04500000000000004,history
1915,1,0,1,0.07332868944497575,3.383227814255735,9.6,12.6,0.28999999999999976,0.4699999999999999,18,0.5550000000000005,0.5549999999999999,0.09000000000000008,0.0,0.0,0.0,0.04500000000000004,0.04500000000000004,history
1916,1,0,1,0.0733922934254722,3.456620107681207,9.6,12.6,0.28249999999999975,0.46249999999999997,18,0.5550000000000005,0.5549999999999999,0.09000000000000008,0.0,0.0,0.0,0.04500000000000004,0.04500000000000004,history
1917,1,0,1,0.07334429605819578,3.529964403739403,9.6,12.6,0.27499999999999974,0.455,18,0.5550000000000005,0.5549999999999999,0.09000000000000008,0.0,0.0,0.0,0.04500000000000004,0.04500000000000004,history
1918,1,1,1,0.008375204689533039,3.538339608428936,9.6,12.6,0.4925,0.44749999999999995,18,0.5550000000000005,0.5549999999999999,0.09000000000000008,0.14999999999999813,0.0,0.0,0.04500000000000004,0.04500000000000004,history
1919,1,0,1,0.07325429117867154,3.611593899607607,9.6,12.6,0.48499999999999993,0.43999999999999995,18,0.5550000000000005,0.5549999999999999,0.09000000000000008,0.0,0.0,0.0,0.04500000000000004,0.04500000000000004,history
1920,1,0,1,0.07329082613022002,4.0,9.6,12.6,0.4775,0.43249999999999994,19,0.5550000000000005,0.5549999999999999,0.09000000000000008,0.0,0.0,0.0,0.04500000000000004,0.04500000000000004,history
1921,1,0,0,-0.16673488810229356,3.8332651118977066,9.6,12.6,0.4699999999999999,0.4249999999999999,19,0.5550000000000005,0.5549999999999999,0.09000000000000008,0.0,0.0,0.0,0.04500000000000004,0.04500000000000004,history
1922,1,0,1,0.07331281533455006,3.9065779272322567,9.6,12.6,0.46249999999999997,0.4174999999999999,19,0.5550000000000005,0.5549999999999999,0.09000000000000008,0.0,0.0,0.0,0.04500000000000004,0.04500000000000004,history
1923,1,0,1,0.07327651502084725,3.979854442253104,9.6,12.6,0.455,0.41,19,0.5550000000000005,0.5549999999999999,0.09000000000000008,0.0,0.0,0.0,0.04500000000000004,0.04500000000000004,history
1924,1,0,1,0.07328136031914624,4.0,9.6,12.6,0.44749999999999995,0.4024999999999999,19,0.5550000000000005,0.5549999999999999,0.09000000000000008,0.0,0.0,0.0,0.04500000000000004,0.04500000000000004,history
1925,1,0,0,-0.16669769612738156,3.8333023038726184,9.6,12.6,0.43999999999999995,0.39499999999999996,19,0.5550000000000005,0.5549999999999999,0.09000000000000008,0.0,0.0,0.0,0.04500000000000004,0.04500000000000004,history
1926,1,0,1,0.0732829738914566,3.906585277764075,9.6,12.6,0.43249999999999994,0.3874999999999999,19,0.5550000000000005,0.5549999999999999,0.09000000000000008,0.0,0.0,0.0,0.04500000000000004,0.04500000000000004,history
1927,1,0,0,-0.16671169425113153,3.7398735835129435,9.6,12.6,0.4249999999999999,0.3799999999999999,19,0.5550000000000005,0.5549999999999999,0.09000000000000008,0.0,0.0,0.0,0.04500000000000004,0.04500000000000004,history
1928,1,0,1,0.07332925346446068,3.8132028369774043,9.6,12.6,0.4174999999999999,0.3724999999999999,19,0.5550000000000005,0.5549999999999999,0.09000000000000008,0.0,0.0,0.0,0.04500000000000004,0.04500000000000004,history
1929,1,0,1,0.07329156808947579,3.88649440506688,9.6,12.6,0.41,0.3649999999999998,19,0.5550000000000005,0.5549999999999999,0.09000000000000008,0.0,0.0,0.0,0.04500000000000004,0.04500000000000004,history
1930,1,0,1,0.07331834754913714,3.959812752616017,9.6,12.6,0.4024999999999999,0.3574999999999999,19,0.5550000000000005,0.5549999999999999,0.09000000000000008,0.0,0.0,0.0,0.04500000000000004,0.04500000000000004,history
1931,1,0,1,0.07331198628038416,4.0,9.6,12.6,0.39499999999999996,0.34999999999999987,19,0.5550000000000005,0.5549999999999999,0.09000000000000008,0.0,0.0,0.0,0.04500000000000004,0.04500000000000004,history
1932,1,0,1,0.07328870195022733,4.0,9.6,12.6,0.3874999999999999,0.34249999999999986,19,0.5550000000000005,0.5549999999999999,0.09000000000000008,0.0,0.0,0.0,0.04500000000000004,0.04500000000000004,history
1933,1,0,1,0.07332262494828129,4.0,9.6,12.6,0.3799999999999999,0.3349999999999999,19,0.5550000000000005,0.5549999999999999,0.09000000000000008,0.0,0.0,0.0,0.04500000000000004,0.04500000000000004,history
1934,1,0,0,-0.16669939672130282,3.833300603278697,9.6,12.6,0.3724999999999999,0.32749999999999985,19,0.5550000000000005,0.5549999999999999,0.09000000000000008,0.0,0.0,0.0,0.04500000000000004,0.04500000000000004,history
1935,1,0,1,0.07327148485098806,3.906572088129685,9.6,12.6,0.3649999999999998,0.31999999999999984,19,0.5550000000000005,0.5549999999999999,0.09000000000000008,0.0,0.0,0.0,0.04500000000000004,0.04500000000000004,history
1936,1,1,1,0.008347023728454419,3.9149191118581395,9.6,12.6,0.4925,0.31249999999999983,19,0.5550000000000005,0.5549999999999999,0.09000000000000008,0.6899999999999993,0.0,0.0,0.04500000000000004,0.04500000000000004,history
1937,1,0,1,0.07328278325144147,3.988201895109581,9.6,12.6,0.48499999999999993,0.30499999999999977,19,0.5550000000000005,0.5549999999999999,0.09000000000000008,0.0,0.0,0.0,0.04500000000000004,0.04500000000000004,history
1938,1,1,0,-0.23175052454517014,3.7564513705644105,9.6,12.6,0.4925,0.2974999999999998,19,0.5550000000000005,0.5549999999999999,0.09000000000000008,1.41,0.0,0.0,0.04500000000000004,0.04500000000000004,history
1939,1,0,0,-0.1667508016143341,3.5897005689500765,9.6,12.6,0.48499999999999993,0.2899999999999998,19,0.5550000000000005,0.5549999999999999,0.09000000000000008,0.0,0.0,0.0,0.04500000000000004,0.04500000000000004,history
1940,1,1,1,0.008297298877617869,3.5979978678276945,9.6,12.6,0.4925,0.2824999999999998,19,0.5550000000000005,0.5549999999999999,0.09000000000000008,1.41,0.0,0.0,0.04500000000000004,0.04500000000000004,history
1941,1,0,1,0.0732773353876914,3.671275203215386,9.6,12.6,0.48499999999999993,0.27499999999999986,19,0.5550000000000005,0.5549999999999999,0.09000000000000008,0.0,0.0,0.0,0.04500000000000004,0.04500000000000004,history
1942,1,0,1,0.07328791039346001,3.7445631136088458,9.6,12.6,0.4775,0.2674999999999998,19,0.5550000000000005,0.5549999999999999,0.09000000000000008,0.0,0.0,0.0,0.04500000000000004,0.04500000000000004,history
1943,1,0,1,0.07329062099729013,3.817853734606136,9.6,12.6,0.4699999999999999,0.2599999999999998,19,0.5550000000000005,0.5549999999999999,0.09000000000000008,0.0,0.0,0.0,0.04500000000000004,0.04500000000000004,history
1944,1,0,1,0.07331124126867139,3.8911649758748075,9.6,12.6,0.46249999999999997,0.2524999999999998,19,0.5550000000000005,0.5549999999999999,0.09000000000000008,0.0,0.0,0.0,0.04500000000000004,0.04500000000000004,history
1945,1,0,1,0.0732746769026529,3.9644396527774606,9.6,12.6,0.455,0.24499999999999975,19,0.5550000000000005,0.5549999999999999,0.09000000000000008,0.0,0.0,0.0,0.04500000000000004,0.04500000000000004,history
1946,1,0,1,0.07329508452290352,4.0,9.6,12.6,0.44749999999999995,0.2374999999999998,19,0.5550000000000005,0.5549999999999999,0.09000000000000008,0.0,0.0,0.0,0.04500000000000004,0.04500000000000004,history
1947,1,0,1,0.07327144347725795,4.0,9.6,12.6,0.43999999999999995,0.22999999999999976,19,0.5550000000000005,0.5549999999999999,0.09000000000000008,0.0,0.0,0.0,0.04500000000000004,0.04500000000000004,history
1948,1,0,1,0.07329754231984283,4.0,9.6,12.6,0.43249999999999994,0.22249999999999973,19,0.5550000000000005,0.5549999999999999,0.09000000000000008,0.0,0.0,0.0,0.04500000000000004,0.04500000000000004,history
1949,1,0,1,0.07328423656216443,4.0,9.6,12.6,0.4249999999999999,0.21499999999999977,19,0.5550000000000005,0.5549999999999999,0.09000000000000008,0.0,0.0,0.0,0.04500000000000004,0.04500000000000004,history
1950,1,2,1,0.008375789005049091,4.0,9.6,12.6,0.4174999999999999,0.45749999999999974,19,0.5550000000000005,0.5549999999999999,0.09000000000000008,0.0,0.0,0.0,0.04500000000000004,0.04500000000000004,history
1951,1,0,0,-0.16670413196525494,3.833295868034745,9.6,12.6,0.41,0.44999999999999973,19,0.5550000000000005,0.5549999999999999,0.09000000000000008,0.0,0.0,0.0,0.04500000000000004,0.04500000000000004,history
1952,1,0,1,0.07329977571707562,3.9065956437518206,9.6,12.6,0.4024999999999999,0.4424999999999997,19,0.5550000000000005,0.5549999999999999,0.09000000000000008,0.0,0.0,0.0,0.04500000000000004,0.04500000000000004,history
1953,1,0,1,0.0732807018281848,3.9798763455800055,9.6,12.6,0.39499999999999996,0.43499999999999966,19,0.5550000000000005,0.5549999999999999,0.09000000000000008,0.0,0.0,0.0,0.04500000000000004,0.04500000000000004,history
1954,1,2,1,0.008355038385957032,3.9882313839659624,9.6,12.6,0.3874999999999999,0.4925,19,0.5550000000000005,0.5549999999999999,0.09000000000000008,1.1099999999999983,0.0,0.0,0.04500000000000004,0.04500000000000004,history
1955,1,0,1,0.0733201852525998,4.0,9.6,12.6,0.3799999999999999,0.48499999999999993,19,0.5550000000000005,0.5549999999999999,0.09000000000000008,0.0,0.0,0.0,0.04500000000000004,0.04500000000000004,history
1956,1,0,1,0.07328222249976273,4.0,9.6,12.6,0.3724999999999999,0.4775,19,0.5550000000000005,0.5549999999999999,0.09000000000000008,0.0,0.0,0.0,0.04500000000000004,0.04500000000000004,history
1957,1,0,1,0.07331500722727739,4.0,9.6,12.6,0.3649999999999998,0.4699999999999999,19,0.5550000000000005,0.5549999999999999,0.09000000000000008,0.0,0.0,0.0,0.04500000000000004,0.04500000000000004,history
1958,1,0,1,0.07333994211089498,4.0,9.6,12.6,0.3574999999999999,0.46249999999999997,19,0.5550000000000005,0.5549999999999999,0.09000000000000008,0.0,0.0,0.0,0.04500000000000004,0.04500000000000004,history
1959,1,0,1,0.073276120251853,4.0,9.6,12.6,0.34999999999999987,0.455,19,0.5550000000000005,0.5549999999999999,0.09000000000000008,0.0,0.0,0.0,0.04500000000000004,0.04500000000000004,history
1960,1,0,1,0.07335141771437215,4.0,9.6,12.6,0.34249999999999986,0.44749999999999995,19,0.5550000000000005,0.5549999999999999,0.09000000000000008,0.0,0.0,0.0,0.04500000000000004,0.04500000000000004,history
1961,1,1,1,0.00829844671671102,4.0,9.6,12.6,0.4925,0.43999999999999995,19,0.5550000000000005,0.5549999999999999,0.09000000000000008,0.5549999999999988,0.0,0.0,0.04500000000000004,0.04500000000000004,history
1962,1,0,1,0.0732402177389789,4.0,9.6,12.6,0.48499999999999993,0.43249999999999994,19,0.5550000000000005,0.5549999999999999,0.09000000000000008,0.0,0.0,0.0,0.04500000000000004,0.04500000000000004,history
1963,1,0,0,-0.16670653209029535,3.8332934679097046,9.6,12.6,0.4775,0.4249999999999999,19,0.5550000000000005,0.5549999999999999,0.09000000000000008,0.0,0.0,0.0,0.04500000000000004,0.04500000000000004,history
1964,1,0,1,0.07325023725113168,3.9065437051608365,9.6,12.6,0.4699999999999999,0.4174999999999999,19,0.5550000000000005,0.5549999999999999,0.09000000000000008,0.0,0.0,0.0,0.04500000000000004,0.04500000000000004,history
1965,1,0,1,0.07325285199743117,3.979796557158268,9.6,12.6,0.46249999999999997,0.41,19,0.5550000000000005,0.5549999999999999,0.09000000000000008,0.0,0.0,0.0,0.04500000000000004,0.04500000000000004,history
1966,1,0,1,0.07331593790209485,4.0,9.6,12.6,0.455,0.4024999999999999,19,0.5550000000000005,0.5549999999999999,0.09000000000000008,0.0,0.0,0.0,0.04500000000000004,0.04500000000000004,history
1967,1,0,1,0.0732925267309197,4.0,9.6,12.6,0.44749999999999995,0.39499999999999996,19,0.5550000000000005,0.5549999999999999,0.09000000000000008,0.0,0.0,0.0,0.04500000000000004,0.04500000000000004,history
1968,1,2,1,0.008306238561280339,4.0,9.6,12.6,0.43999999999999995,0.4925,19,0.5550000000000005,0.5549999999999999,0.09000000000000008,0.8699999999999994,0.0,0.0,0.04500000000000004,0.04500000000000004,history
1969,1,0,1,0.07326859318861556,4.0,9.6,12.6,0.43249999999999994,0.48499999999999993,19,0.5550000000000005,0.5549999999999999,0.09000000000000008,0.0,0.0,0.0,0.04500000000000004,0.04500000000000004,history
1970,1,0,1,0.07328403208693351,4.0,9.6,12.6,0.4249999999999999,0.4775,19,0.5550000000000005,0.5549999999999999,0.09000000000000008,0.0,0.0,0.0,0.04500000000000004,0.04500000000000004,history
1971,1,0,1,0.07330905712113425,4.0,9.6,12.6,0.4174999999999999,0.4699999999999999,19,0.5550000000000005,0.5549999999999999,0.09000000000000008,0.0,0.0,0.0,0.04500000000000004,0.04500000000000004,history
1972,1,0,1,0.07326882053191915,4.0,9.6,12.6,0.41,0.46249999999999997,19,0.5550000000000005,0.5549999999999999,0.09000000000000008,0.0,0.0,0.0,0.04500000000000004,0.04500000000000004,history
1973,1,0,1,0.07332341604095323,4.0,9.6,12.6,0.4024999999999999,0.455,19,0.5550000000000005,0.5549999999999999,0.09000000000000008,0.0,0.0,0.0,0.04500000000000004,0.04500000000000004,history
1974,1,0,0,-0.1667162884110115,3.8332837115889884,9.6,12.6,0.39499999999999996,0.44749999999999995,19,0.5550000000000005,0.5549999999999999,0.09000000000000008,0.0,0.0,0.0,0.04500000000000004,0.04500000000000004,history
1975,1,0,1,0.07331499483737391,3.9065987064263625,9.6,12.6,0.3874999999999999,0.43999999999999995,19,0.5550000000000005,0.5549999999999999,0.09000000000000008,0.0,0.0,0.0,0.04500000000000004,0.04500000000000004,history
1976,1,2,1,0.008291126761035073,3.914889833187398,9.6,12.6,0.3799999999999999,0.4925,19,0.5550000000000005,0.5549999999999999,0.09000000000000008,1.1399999999999997,0.0,0.0,0.04500000000000004,0.04500000000000004,history
1977,1,0,0,-0.16666372218612976,3.748226111001268,9.6,12.6,0.3724999999999999,0.48499999999999993,19,0.5550000000000005,0.5549999999999999,0.09000000000000008,0.0,0.0,0.0,0.04500000000000004,0.04500000000000004,history
1978,1,0,1,0.07332073512455309,3.821546846125821,9.6,12.6,0.3649999999999998,0.4775,19,0.5550000000000005,0.5549999999999999,0.09000000000000008,0.0,0.0,0.0,0.04500000000000004,0.04500000000000004,history
1979,1,0,1,0.07334369197020008,3.8948905380960213,9.6,12.6,0.3574999999999999,0.4699999999999999,19,0.5550000000000005,0.5549999999999999,0.09000000000000008,0.0,0.0,0.0,0.04500000000000004,0.04500000000000004,history
1980,1,0,1,0.0733018261966122,3.9681923642926336,9.6,12.6,0.34999999999999987,0.46249999999999997,19,0.5550000000000005,0.5549999999999999,0.09000000000000008,0.0,0.0,0.0,0.04500000000000004,0.04500000000000004,history
1981,1,0,1,0.07330450421291848,4.0,9.6,12.6,0.34249999999999986,0.455,19,0.5550000000000005,0.5549999999999999,0.09000000000000008,0.0,0.0,0.0,0.04500000000000004,0.04500000000000004,history
1982,1,0,0,-0.1666394147277155,3.8333605852722843,9.6,12.6,0.3349999999999999,0.44749999999999995,19,0.5550000000000005,0.5549999999999999,0.09000000000000008,0.0,0.0,0.0,0.04500000000000004,0.04500000000000004,history
1983,1,0,1,0.07333132784054738,3.9066919131128315,9.6,12.6,0.32749999999999985,0.43999999999999995,19,0.5550000000000005,0.5549999999999999,0.09000000000000008,0.0,0.0,0.0,0.04500000000000004,0.04500000000000004,history
1984,1,0,1,0.07333171998844341,3.980023633101275,9.6,12.6,0.31999999999999984,0.43249999999999994,19,0.5550000000000005,0.5549999999999999,0.09000000000000008,0.0,0.0,0.0,0.04500000000000004,0.04500000000000004,history
1985,1,0,1,0.07331204907209644,4.0,9.6,12.6,0.31249999999999983,0.4249999999999999,19,0.5550000000000005,0.5549999999999999,0.09000000000000008,0.0,0.0,0.0,0.04500000000000004,0.04500000000000004,history
1986,1,0,1,0.07332427102932215,4.0,9.6,12.6,0.30499999999999977,0.4174999999999999,19,0.5550000000000005,0.5549999999999999,0.09000000000000008,0.0,0.0,0.0,0.04500000000000004,0.04500000000000004,history
1987,1,2,1,0.00832447693427264,4.0,9.6,12.6,0.2974999999999998,0.4924999999999999,19,0.5550000000000005,0.5549999999999999,0.09000000000000008,1.005,0.0,5.551115123125783e-17,0.04500000000000004,0.04500000000000004,history
1988,1,0,1,0.07333795798630015,4.0,9.6,12.6,0.2899999999999998,0.48499999999999993,19,0.5550000000000005,0.5549999999999999,0.09000000000000008,0.0,0.0,0.0,0.04500000000000004,0.04500000000000004,history
1989,1,0,1,0.0733605486416437,4.0,9.6,12.6,0.2824999999999998,0.4775,19,0.5550000000000005,0.5549999999999999,0.09000000000000008,0.0,0.0,0.0,0.04500000000000004,0.04500000000000004,history
1990,1,0,1,0.07339707295510266,4.0,9.6,12.6,0.27499999999999986,0.4699999999999999,19,0.5550000000000005,0.5549999999999999,0.09000000000000008,0.0,0.0,0.0,0.04500000000000004,0.04500000000000004,history
1991,1,0,1,0.07334557550390475,4.0,9.6,12.6,0.2674999999999998,0.4624999999999999,19,0.5550000000000005,0.5549999999999999,0.09000000000000008,0.0,0.0,0.0,0.04500000000000004,0.04500000000000004,history
1992,1,1,1,0.008310783337311159,4.0,9.6,12.6,0.4924999999999999,0.4549999999999999,19,0.5550000000000005,0.5549999999999999,0.09000000000000008,0.1049999999999991,0.0,5.551115123125783e-17,0.04500000000000004,0.04500000000000004,history
1993,1,0,1,0.07327013237246582,4.0,9.6,12.6,0.48499999999999993,0.44749999999999984,19,0.5550000000000005,0.5549999999999999,0.09000000000000008,0.0,0.0,0.0,0.04500000000000004,0.04500000000000004,history
1994,1,0,1,0.0733009888148851,4.0,9.6,12.6,0.4775,0.4399999999999999,19,0.5550000000000005,0.5549999999999999,0.09000000000000008,0.0,0.0,0.0,0.04500000000000004,0.04500000000000004,history
1995,1,0,1,0.07329417615088916,4.0,9.6,12.6,0.4699999999999999,0.43249999999999994,19,0.5550000000000005,0.5549999999999999,0.09000000000000008,0.0,0.0,0.0,0.04500000000000004,0.04500000000000004,history
1996,1,0,1,0.0732701759131693,4.0,9.6,12.6,0.4624999999999999,0.4249999999999999,19,0.5550000000000005,0.5549999999999999,0.09000000000000008,0.0,0.0,0.0,0.04500000000000004,0.04500000000000004,history
1997,1,0,1,0.07327130070006385,4.0,9.6,12.6,0.4549999999999999,0.4174999999999999,19,0.5550000000000005,0.5549999999999999,0.09000000000000008,0.0,0.0,0.0,0.04500000000000004,0.04500000000000004,history
1998,1,0,1,0.0732923633000494,4.0,9.6,12.6,0.44749999999999984,0.40999999999999986,19,0.5550000000000005,0.5549999999999999,0.09000000000000008,0.0,0.0,0.0,0.04500000000000004,0.04500000000000004,history
1999,1,0,1,0.07329592340488722,4.0,9.6,12.6,0.4399999999999999,0.40249999999999986,19,0.5550000000000005,0.5549999999999999,0.09000000000000008,0.0,0.0,0.0,0.04500000000000004,0.04500000000000004,history
0,1,0,1,0.07326518669117472,4.0,9.6,12.6,0.43249999999999994,0.39499999999999985,1,0.5550000000000005,0.5549999999999999,0.09000000000000008,0.0,0.0,0.0,0.04500000000000004,0.04500000000000004,common
1,1,0,1,0.07328256949333689,4.0,9.6,12.6,0.4249999999999999,0.3874999999999998,1,0.5550000000000005,0.5549999999999999,0.09000000000000008,0.0,0.0,0.0,0.04500000000000004,0.04500000000000004,common
2,1,0,1,0.07325254580439304,4.0,9.6,12.6,0.4174999999999999,0.37999999999999984,1,0.5550000000000005,0.5549999999999999,0.09000000000000008,0.0,0.0,0.0,0.04500000000000004,0.04500000000000004,common
3,1,0,1,0.07325525751302811,4.0,9.6,12.6,0.40999999999999986,0.37249999999999983,1,0.5550000000000005,0.5549999999999999,0.09000000000000008,0.0,0.0,0.0,0.04500000000000004,0.04500000000000004,common
4,1,0,0,-0.16673757045901108,3.833262429540989,9.6,12.6,0.40249999999999986,0.3649999999999998,1,0.5550000000000005,0.5549999999999999,0.09000000000000008,0.0,0.0,0.0,0.04500000000000004,0.04500000000000004,common
5,1,0,1,0.07329215852781149,3.9065545880688006,9.6,12.6,0.39499999999999985,0.3574999999999999,1,0.5550000000000005,0.5549999999999999,0.09000000000000008,0.0,0.0,0.0,0.04500000000000004,0.04500000000000004,common
6,1,0,0,-0.16673104057262203,3.7398235474961785,9.6,12.6,0.3874999999999998,0.3499999999999998,1,0.5550000000000005,0.5549999999999999,0.09000000000000008,0.0,0.0,0.0,0.04500000000000004,0.04500000000000004,common
7,1,0,1,0.0732796236162911,3.8131031711124694,9.6,12.6,0.37999999999999984,0.3424999999999998,1,0.5550000000000005,0.5549999999999999,0.09000000000000008,0.0,0.0,0.0,0.04500000000000004,0.04500000000000004,common
8,1,0,1,0.07326513291379078,3.88636830402626,9.6,12.6,0.37249999999999983,0.3349999999999998,1,0.5550000000000005,0.5549999999999999,0.09000000000000008,0.0,0.0,0.0,0.04500000000000004,0.04500000000000004,common
9,1,0,1,0.07327786150959016,3.9596461655358506,9.6,12.6,0.3649999999999998,0.32749999999999974,1,0.5550000000000005,0.5549999999999999,0.09000000000000008,0.0,0.0,0.0,0.04500000000000004,0.04500000000000004,common
10,1,1,1,0.008293857131636072,3.9679400226674866,9.6,12.6,0.4925,0.3199999999999998,1,0.5550000000000005,0.5549999999999999,0.09000000000000008,0.6899999999999986,0.0,0.0,0.04500000000000004,0.04500000000000004,common
11,1,1,1,0.008237531511203156,3.97617755417869,9.6,12.6,0.4925,0.3124999999999998,1,0.5550000000000005,0.5549999999999999,0.09000000000000008,1.4549999999999996,0.0,0.0,0.04500000000000004,0.04500000000000004,common
12,1,0,1,0.07320894416194414,4.0,9.6,12.6,0.48499999999999993,0.30499999999999977,1,0.5550000000000005,0.5549999999999999,0.09000000000000008,0.0,0.0,0.0,0.04500000000000004,0.04500000000000004,common
13,1,0,1,0.0731682179324805,4.0,9.6,12.6,0.4775,0.2974999999999998,1,0.5550000000000005,0.5549999999999999,0.09000000000000008,0.0,0.0,0.0,0.04500000000000004,0.04500000000000004,common
14,1,0,1,0.0731923026466135,4.0,9.6,12.6,0.4699999999999999,0.28999999999999976,1,0.5550000000000005,0.5549999999999999,0.09000000000000008,0.0,0.0,0.0,0.04500000000000004,0.04500000000000004,common
15,1,0,1,0.07322925581104364,4.0,9.6,12.6,0.46249999999999997,0.28249999999999975,1,0.5550000000000005,0.5549999999999999,0.09000000000000008,0.0,0.0,0.0,0.04500000000000004,0.04500000000000004,common
16,1,0,1,0.0731986972222853,4.0,9.6,12.6,0.455,0.27499999999999974,1,0.5550000000000005,0.5549999999999999,0.09000000000000008,0.0,0.0,0.0,0.04500000000000004,0.04500000000000004,common
17,1,0,1,0.07319684764144424,4.0,9.6,12.6,0.44749999999999995,0.2674999999999997,1,0.5550000000000005,0.5549999999999999,0.09000000000000008,0.0,0.0,0.0,0.04500000000000004,0.04500000000000004,common
18,1,0,1,0.07325696449869613,4.0,9.6,12.6,0.43999999999999995,0.25999999999999973,1,0.5550000000000005,0.5549999999999999,0.09000000000000008,0.0,0.0,0.0,0.04500000000000004,0.04500000000000004,common
19,1,0,1,0.07323687532901206,4.0,9.6,12.6,0.43249999999999994,0.2524999999999997,1,0.5550000000000005,0.5549999999999999,0.09000000000000008,0.0,0.0,0.0,0.04500000000000004,0.04500000000000004,common
20,1,0,1,0.07320553608128803,4.0,9.6,12.6,0.4249999999999999,0.2449999999999997,1,0.5550000000000005,0.5549999999999999,0.09000000000000008,0.0,0.0,0.0,0.04500000000000004,0.04500000000000004,common
21,1,0,1,0.07323079140607697,4.0,9.6,12.6,0.4174999999999999,0.23749999999999974,1,0.5550000000000005,0.5549999999999999,0.09000000000000008,0.0,0.0,0.0,0.04500000000000004,0.04500000000000004,common
22,1,0,1,0.07321297452704958,4.0,9.6,12.6,0.41,0.22999999999999973,1,0.5550000000000005,0.5549999999999999,0.09000000000000008,0.0,0.0,0.0,0.04500000000000004,0.04500000000000004,common
23,1,0,1,0.0732267797664414,4.0,9.6,12.6,0.4024999999999999,0.2224999999999997,1,0.5550000000000005,0.5549999999999999,0.09000000000000008,0.0,0.0,0.0,0.04500000000000004,0.04500000000000004,common
24,1,0,1,0.07326763721171894,4.0,9.6,12.6,0.39499999999999996,0.21499999999999966,1,0.5550000000000005,0.5549999999999999,0.09000000000000008,0.0,0.0,0.0,0.04500000000000004,0.04500000000000004,common
25,1,0,1,0.07326194881034648,4.0,9.6,12.6,0.3874999999999999,0.20749999999999966,1,0.5550000000000005,0.5549999999999999,0.09000000000000008,0.0,0.0,0.0,0.04500000000000004,0.04500000000000004,common
26,1,0,1,0.07323556271295957,4.0,9.6,12.6,0.3799999999999999,0.1999999999999997,1,0.5550000000000005,0.5549999999999999,0.09000000000000008,0.0,0.0,0.0,0.04500000000000004,0.04500000000000004,common
27,1,0,1,0.0732491156392898,4.0,9.6,12.6,0.3724999999999999,0.19249999999999967,1,0.5550000000000005,0.5549999999999999,0.09000000000000008,0.0,0.0,0.0,0.04500000000000004,0.04500000000000004,common
28,1,0,1,0.07326946018103213,4.0,9.6,12.6,0.3649999999999998,0.18499999999999964,1,0.5550000000000005,0.5549999999999999,0.09000000000000008,0.0,0.0,0.0,0.04500000000000004,0.04500000000000004,common
29,1,0,1,0.07324885364766295,4.0,9.6,12.6,0.3574999999999999,0.17749999999999966,1,0.5550000000000005,0.5549999999999999,0.09000000000000008,0.0,0.0,0.0,0.04500000000000004,0.04500000000000004,common
30,1,1,1,0.008249074629012424,4.0,9.6,12.6,0.4924999999999999,0.16999999999999968,1,0.5550000000000005,0.5549999999999999,0.09000000000000008,0.6449999999999996,0.0,5.551115123125783e-17,0.04500000000000004,0.04500000000000004,common
31,1,0,1,0.0732119546623161,4.0,9.6,12.6,0.48499999999999993,0.16249999999999964,1,0.5550000000000005,0.5549999999999999,0.09000000000000008,0.0,0.0,0.0,0.04500000000000004,0.04500000000000004,common
32,1,0,1,0.0732001051225169,4.0,9.6,12.6,0.4775,0.1549999999999996,1,0.5550000000000005,0.5549999999999999,0.09000000000000008,0.0,0.0,0.0,0.04500000000000004,0.04500000000000004,common
33,1,0,0,-0.16682667884197622,3.8331733211580237,9.6,12.6,0.4699999999999999,0.14749999999999963,1,0.5550000000000005,0.5549999999999999,0.09000000000000008,0.0,0.0,0.0,0.04500000000000004,0.04500000000000004,common
34,1,0,1,0.0732361249759862,3.9064094461340098,9.6,12.6,0.4624999999999999,0.13999999999999965,1,0.5550000000000005,0.5549999999999999,0.09000000000000008,0.0,0.0,0.0,0.04500000000000004,0.04500000000000004,common
35,1,0,1,0.07318074919654839,3.9795901953305584,9.6,12.6,0.4549999999999999,0.13249999999999962,1,0.5550000000000005,0.5549999999999999,0.09000000000000008,0.0,0.0,0.0,0.04500000000000004,0.04500000000000004,common
36,1,0,1,0.07317785907739198,4.0,9.6,12.6,0.44749999999999984,0.1249999999999996,1,0.5550000000000005,0.5549999999999999,0.09000000000000008,0.0,0.0,0.0,0.04500000000000004,0.04500000000000004,common
37,1,0,1,0.0731982651851317,4.0,9.6,12.6,0.4399999999999999,0.1174999999999996,1,0.5550000000000005,0.5549999999999999,0.09000000000000008,0.0,0.0,0.0,0.04500000000000004,0.04500000000000004,common
38,1,0,1,0.07321776089714001,4.0,9.6,12.6,0.43249999999999994,0.10999999999999961,1,0.5550000000000005,0.5549999999999999,0.09000000000000008,0.0,0.0,0.0,0.04500000000000004,0.04500000000000004,common
39,1,0,1,0.07323954092480062,4.0,9.6,12.6,0.4249999999999999,0.10249999999999959,1,0.5550000000000005,0.5549999999999999,0.09000000000000008,0.0,0.0,0.0,0.04500000000000004,0.04500000000000004,common
40,1,1,1,0.008204028244789696,4.0,9.6,12.6,0.4925,0.09499999999999958,1,0.5550000000000005,0.5549999999999999,0.09000000000000008,1.049999999999999,0.0,0.0,0.04500000000000004,0.04500000000000004,common
41,1,2,1,0.008136778304101136,4.0,9.6,12.6,0.48499999999999993,0.3374999999999995,1,0.5550000000000005,0.5549999999999999,0.09000000000000008,0.0,0.0,0.0,0.04500000000000004,0.04500000000000004,common
42,1,1,0,-0.23182070406096722,3.768179295939033,9.6,12.6,0.4925,0.32999999999999957,1,0.5550000000000005,0.5549999999999999,0.09000000000000008,1.41,0.0,0.0,0.04500000000000004,0.04500000000000004,common
43,1,0,0,-0.16685623904445712,3.6013230568945755,9.6,12.6,0.48499999999999993,0.32249999999999956,1,0.5550000000000005,0.5549999999999999,0.09000000000000008,0.0,0.0,0.0,0.04500000000000004,0.04500000000000004,common
44,1,0,0,-0.1667886586272756,3.4345343982673,9.6,12.6,0.4775,0.31499999999999956,1,0.5550000000000005,0.5549999999999999,0.09000000000000008,0.0,0.0,0.0,0.04500000000000004,0.04500000000000004,common
45,1,0,1,0.07315621581234327,3.507690614079643,9.6,12.6,0.4699999999999999,0.3074999999999996,1,0.5550000000000005,0.5549999999999999,0.09000000000000008,0.0,0.0,0.0,0.04500000000000004,0.04500000000000004,common
46,1,0,1,0.07316421855940074,3.5808548326390435,9.6,12.6,0.46249999999999997,0.29999999999999954,1,0.5550000000000005,0.5549999999999999,0.09000000000000008,0.0,0.0,0.0,0.04500000000000004,0.04500000000000004,common
47,1,0,0,-0.1667929461454792,3.414061886493564,9.6,12.6,0.455,0.29249999999999954,1,0.5550000000000005,0.5549999999999999,0.09000000000000008,0.0,0.0,0.0,0.04500000000000004,0.04500000000000004,common
48,1,0,1,0.07325453287855188,3.487316419372116,9.6,12.6,0.44749999999999995,0.28499999999999953,1,0.5550000000000005,0.5549999999999999,0.09000000000000008,0.0,0.0,0.0,0.04500000000000004,0.04500000000000004,common
49,1,0,1,0.07320275289333097,3.560519172265447,9.6,12.6,0.43999999999999995,0.27749999999999947,1,0.5550000000000005,0.5549999999999999,0.09000000000000008,0.0,0.0,0.0,0.04500000000000004,0.04500000000000004,common
50,1,0,1,0.0732090313155834,3.6337282035810303,9.6,12.6,0.43249999999999994,0.2699999999999995,1,0.5550000000000005,0.5549999999999999,0.09000000000000008,0.0,0.0,0.0,0.04500000000000004,0.04500000000000004,common
51,1,1,1,0.008180061661222317,3.6419082652422525,9.6,12.6,0.4925,0.2624999999999995,1,0.5550000000000005,0.5549999999999999,0.09000000000000008,1.0949999999999993,0.0,0.0,0.04500000000000004,0.04500000000000004,common
52,1,1,1,0.00814335989729853,3.650051625139551,9.6,12.6,0.4925,0.2549999999999995,1,0.5550000000000005,0.5549999999999999,0.09000000000000008,1.4549999999999996,0.0,0.0,0.04500000000000004,0.04500000000000004,common
53,1,0,0,-0.1668631279677711,3.48318849717178,9.6,12.6,0.48499999999999993,0.24749999999999953,1,0.5550000000000005,0.5549999999999999,0.09000000000000008,0.0,0.0,0.0,0.04500000000000004,0.04500000000000004,common
54,1,0,1,0.07316238720886668,3.5563508843806466,9.6,12.6,0.4775,0.23999999999999952,1,0.5550000000000005,0.5549999999999999,0.09000000000000008,0.0,0.0,0.0,0.04500000000000004,0.04500000000000004,common
55,1,1,0,-0.23184991418943385,3.3245009701912127,9.6,12.6,0.4924999999999999,0.23249999999999948,1,0.5550000000000005,0.5549999999999999,0.09000000000000008,1.3650000000000002,0.0,5.551115123125783e-17,0.04500000000000004,0.04500000000000004,common
56,1,0,1,0.0731862933798838,3.3976872635710964,9.6,12.6,0.48499999999999993,0.22499999999999945,1,0.5550000000000005,0.5549999999999999,0.09000000000000008,0.0,0.0,0.0,0.04500000000000004,0.04500000000000004,common
57,1,0,1,0.07322184066505288,3.4709091042361493,9.6,12.6,0.4775,0.21749999999999944,1,0.5550000000000005,0.5549999999999999,0.09000000000000008,0.0,0.0,0.0,0.04500000000000004,0.04500000000000004,common
58,1,0,0,-0.1668590011681261,3.304050103068023,9.6,12.6,0.4699999999999999,0.2099999999999995,1,0.5550000000000005,0.5549999999999999,0.09000000000000008,0.0,0.0,0.0,0.04500000000000004,0.04500000000000004,common
59,1,0,1,0.07318044720539967,3.377230550273423,9.6,12.6,0.4624999999999999,0.20249999999999946,1,0.5550000000000005,0.5549999999999999,0.09000000000000008,0.0,0.0,0.0,0.04500000000000004,0.04500000000000004,common
60,1,0,1,0.0731983216148065,3.450428871888229,9.6,12.6,0.4549999999999999,0.19499999999999942,1,0.5550000000000005,0.5549999999999999,0.09000000000000008,0.0,0.0,0.0,0.04500000000000004,0.04500000000000004,common
61,1,0,1,0.07318340262708982,3.523612274515319,9.6,12.6,0.44749999999999984,0.18749999999999944,1,0.5550000000000005,0.5549999999999999,0.09000000000000008,0.0,0.0,0.0,0.04500000000000004,0.04500000000000004,common
62,1,0,1,0.07315039847157678,3.5967626729868956,9.6,12.6,0.4399999999999999,0.17999999999999947,1,0.5550000000000005,0.5549999999999999,0.09000000000000008,0.0,0.0,0.0,0.04500000000000004,0.04500000000000004,common
63,1,0,1,0.07320586066728103,3.6699685336541767,9.6,12.6,0.43249999999999994,0.17249999999999943,1,0.5550000000000005,0.5549999999999999,0.09000000000000008,0.0,0.0,0.0,0.04500000000000004,0.04500000000000004,common
64,1,0,1,0.07315439609668065,3.7431229297508573,9.6,12.6,0.4249999999999999,0.1649999999999994,1,0.5550000000000005,0.5549999999999999,0.09000000000000008,0.0,0.0,0.0,0.04500000000000004,0.04500000000000004,common
65,1,1,0,-0.2317902228492535,3.511332706901604,9.6,12.6,0.4925,0.15749999999999942,1,0.5550000000000005,0.5549999999999999,0.09000000000000008,1.049999999999999,0.0,0.0,0.04500000000000004,0.04500000000000004,common
66,1,0,1,0.07318824003394095,3.5845209469355446,9.6,12.6,0.48499999999999993,0.14999999999999944,1,0.5550000000000005,0.5549999999999999,0.09000000000000008,0.0,0.0,0.0,0.04500000000000004,0.04500000000000004,common
67,1,0,1,0.07314378510966156,3.6576647320452063,9.6,12.6,0.4775,0.1424999999999994,1,0.5550000000000005,0.5549999999999999,0.09000000000000008,0.0,0.0,0.0,0.04500000000000004,0.04500000000000004,common
68,1,0,1,0.07315505011471263,3.730819782159919,9.6,12.6,0.4699999999999999,0.13499999999999937,1,0.5550000000000005,0.5549999999999999,0.09000000000000008,0.0,0.0,0.0,0.04500000000000004,0.04500000000000004,common
69,1,0,1,0.07319062128593222,3.8040104034458513,9.6,12.6,0.46249999999999997,0.1274999999999994,1,0.5550000000000005,0.5549999999999999,0.09000000000000008,0.0,0.0,0.0,0.04500000000000004,0.04500000000000004,common
70,1,0,1,0.07312382383215127,3.8771342272780025,9.6,12.6,0.455,0.1199999999999994,1,0.5550000000000005,0.5549999999999999,0.09000000000000008,0.0,0.0,0.0,0.04500000000000004,0.04500000000000004,common
71,1,0,1,0.07310049344645311,3.9502347207244557,9.6,12.6,0.44749999999999995,0.11249999999999938,1,0.5550000000000005,0.5549999999999999,0.09000000000000008,0.0,0.0,0.0,0.04500000000000004,0.04500000000000004,common
72,1,0,1,0.07315002761080444,4.0,9.6,12.6,0.43999999999999995,0.10499999999999936,1,0.5550000000000005,0.5549999999999999,0.09000000000000008,0.0,0.0,0.0,0.04500000000000004,0.04500000000000004,common
73,1,0,1,0.07313416382887422,4.0,9.6,12.6,0.43249999999999994,0.09749999999999936,1,0.5550000000000005,0.5549999999999999,0.09000000000000008,0.0,0.0,0.0,0.04500000000000004,0.04500000000000004,common
74,1,0,1,0.073163678773587,4.0,9.6,12.6,0.4249999999999999,0.08999999999999936,1,0.5550000000000005,0.5549999999999999,0.09000000000000008,0.0,0.0,0.0,0.04500000000000004,0.04500000000000004,common
75,1,0,1,0.07312106182156547,4.0,9.6,12.6,0.4174999999999999,0.08249999999999935,1,0.5550000000000005,0.5549999999999999,0.09000000000000008,0.0,0.0,0.0,0.04500000000000004,0.04500000000000004,common
76,1,2,1,0.008186571680715514,4.0,9.6,12.6,0.41,0.32499999999999934,1,0.5550000000000005,0.5549999999999999,0.09000000000000008,0.0,0.0,0.0,0.04500000000000004,0.04500000000000004,common
77,1,0,0,-0.1668638828803557,3.8331361171196443,9.6,12.6,0.4024999999999999,0.3174999999999994,1,0.5550000000000005,0.5549999999999999,0.09000000000000008,0.0,0.0,0.0,0.04500000000000004,0.04500000000000004,common
78,1,0,1,0.07314276977806342,3.9062788868977076,9.6,12.6,0.39499999999999996,0.30999999999999933,1,0.5550000000000005,0.5549999999999999,0.09000000000000008,0.0,0.0,0.0,0.04500000000000004,0.04500000000000004,common
79,1,1,1,0.008190525218949637,3.914469412116657,9.6,12.6,0.4925,0.3024999999999993,1,0.5550000000000005,0.5549999999999999,0.09000000000000008,0.8699999999999994,0.0,0.0,0.04500000000000004,0.04500000000000004,common
80,1,0,1,0.07309798696861629,3.9875673990852736,9.6,12.6,0.48499999999999993,0.2949999999999993,1,0.5550000000000005,0.5549999999999999,0.09000000000000008,0.0,0.0,0.0,0.04500000000000004,0.04500000000000004,common
81,1,0,1,0.07313589591598132,4.0,9.6,12.6,0.4775,0.28749999999999926,1,0.5550000000000005,0.5549999999999999,0.09000000000000008,0.0,0.0,0.0,0.04500000000000004,0.04500000000000004,common
82,1,0,1,0.0731076169354565,4.0,9.6,12.6,0.4699999999999999,0.2799999999999993,1,0.5550000000000005,0.5549999999999999,0.09000000000000008,0.0,0.0,0.0,0.04500000000000004,0.04500000000000004,common
83,1,0,1,0.07312579550808912,4.0,9.6,12.6,0.46249999999999997,0.2724999999999993,1,0.5550000000000005,0.5549999999999999,0.09000000000000008,0.0,0.0,0.0,0.04500000000000004,0.04500000000000004,common
84,1,0,1,0.07313698609997456,4.0,9.6,12.6,0.455,0.2649999999999993,1,0.5550000000000005,0.5549999999999999,0.09000000000000008,0.0,0.0,0.0,0.04500000000000004,0.04500000000000004,common
85,1,2,1,0.00812310702099164,4.0,9.6,12.6,0.44749999999999995,0.4925,1,0.5550000000000005,0.5549999999999999,0.09000000000000008,0.08999999999999542,0.0,0.0,0.04500000000000004,0.04500000000000004,common
86,1,0,1,0.07308980393770471,4.0,9.6,12.6,0.43999999999999995,0.48499999999999993,1,0.5550000000000005,0.5549999999999999,0.09000000000000008,0.0,0.0,0.0,0.04500000000000004,0.04500000000000004,common
87,1,0,1,0.07309653973032344,4.0,9.6,12.6,0.43249999999999994,0.4775,1,0.5550000000000005,0.5549999999999999,0.09000000000000008,0.0,0.0,0.0,0.04500000000000004,0.04500000000000004,common
88,1,0,1,0.0730913712185447,4.0,9.6,12.6,0.4249999999999999,0.4699999999999999,1,0.5550000000000005,0.5549999999999999,0.09000000000000008,0.0,0.0,0.0,0.04500000000000004,0.04500000000000004,common
89,1,0,1,0.0731156014367976,4.0,9.6,12.6,0.4174999999999999,0.46249999999999997,1,0.5550000000000005,0.5549999999999999,0.09000000000000008,0.0,0.0,0.0,0.04500000000000004,0.04500000000000004,common
90,1,0,1,0.07313137977923477,4.0,9.6,12.6,0.41,0.455,1,0.5550000000000005,0.5549999999999999,0.09000000000000008,0.0,0.0,0.0,0.04500000000000004,0.04500000000000004,common
91,1,0,1,0.07316881125007678,4.0,9.6,12.6,0.4024999999999999,0.44749999999999995,1,0.5550000000000005,0.5549999999999999,0.09000000000000008,0.0,0.0,0.0,0.04500000000000004,0.04500000000000004,common
92,1,0,0,-0.16687054371870771,3.8331294562812923,9.6,12.6,0.39499999999999996,0.43999999999999995,1,0.5550000000000005,0.5549999999999999,0.09000000000000008,0.0,0.0,0.0,0.04500000000000004,0.04500000000000004,common
93,1,0,1,0.0731250466210124,3.906254502902305,9.6,12.6,0.3874999999999999,0.43249999999999994,1,0.5550000000000005,0.5549999999999999,0.09000000000000008,0.0,0.0,0.0,0.04500000000000004,0.04500000000000004,common
94,1,0,1,0.07313048812517738,3.9793849910274823,9.6,12.6,0.3799999999999999,0.4249999999999999,1,0.5550000000000005,0.5549999999999999,0.09000000000000008,0.0,0.0,0.0,0.04500000000000004,0.04500000000000004,common
95,1,1,1,0.008137355541353026,3.987522346568835,9.6,12.6,0.4925,0.4174999999999999,1,0.5550000000000005,0.5549999999999999,0.09000000000000008,0.7799999999999994,0.0,0.0,0.04500000000000004,0.04500000000000004,common
96,1,0,1,0.07309143974187982,4.0,9.6,12.6,0.48499999999999993,0.41,1,0.5550000000000005,0.5549999999999999,0.09000000000000008,0.0,0.0,0.0,0.04500000000000004,0.04500000000000004,common
97,1,0,0,-0.16686108496378518,3.8331389150362147,9.6,12.6,0.4775,0.4024999999999999,1,0.5550000000000005,0.5549999999999999,0.09000000000000008,0.0,0.0,0.0,0.04500000000000004,0.04500000000000004,common
98,1,0,1,0.07308021277341245,3.906219127809627,9.6,12.6,0.4699999999999999,0.39499999999999996,1,0.5550000000000005,0.5549999999999999,0.09000000000000008,0.0,0.0,0.0,0.04500000000000004,0.04500000000000004,common
99,1,0,1,0.07313792167839296,3.97935704948802,9.6,12.6,0.46249999999999997,0.3874999999999999,1,0.5550000000000005,0.5549999999999999,0.09000000000000008,0.0,0.0,0.0,0.04500000000000004,0.04500000000000004,common
100,1,0,0,-0.16690330057429406,3.8124537489137262,9.6,12.6,0.455,0.3799999999999999,1,0.5550000000000005,0.5549999999999999,0.09000000000000008,0.0,0.0,0.0,0.04500000000000004,0.04500000000000004,common
101,1,0,1,0.07313548938726923,3.8855892383009953,9.6,12.6,0.44749999999999995,0.3724999999999999,1,0.5550000000000005,0.5549999999999999,0.09000000000000008,0.0,0.0,0.0,0.04500000000000004,0.04500000000000004,common
102,1,0,0,-0.16686058240090038,3.718728655900095,9.6,12.6,0.43999999999999995,0.3649999999999998,1,0.5550000000000005,0.5549999999999999,0.09000000000000008,0.0,0.0,0.0,0.04500000000000004,0.04500000000000004,common
103,1,0,1,0.07311075933397244,3.7918394152340675,9.6,12.6,0.43249999999999994,0.3574999999999999,1,0.5550000000000005,0.5549999999999999,0.09000000000000008,0.0,0.0,0.0,0.04500000000000004,0.04500000000000004,common
104,1,0,1,0.07310380421666779,3.864943219450735,9.6,12.6,0.4249999999999999,0.34999999999999987,1,0.5550000000000005,0.5549999999999999,0.09000000000000008,0.0,0.0,0.0,0.04500000000000004,0.04500000000000004,common
105,1,0,1,0.07312585199925148,3.938069071449987,9.6,12.6,0.4174999999999999,0.34249999999999986,1,0.5550000000000005,0.5549999999999999,0.09000000000000008,0.0,0.0,0.0,0.04500000000000004,0.04500000000000004,common
106,1,0,1,0.07311329933528289,4.0,9.6,12.6,0.41,0.3349999999999999,1,0.5550000000000005,0.5549999999999999,0.09000000000000008,0.0,0.0,0.0,0.04500000000000004,0.04500000000000004,common
107,1,0,1,0.0731110145307725,4.0,9.6,12.6,0.4024999999999999,0.32749999999999985,1,0.5550000000000005,0.5549999999999999,0.09000000000000008,0.0,0.0,0.0,0.04500000000000004,0.04500000000000004,common
108,1,0,1,0.073109661639338,4.0,9.6,12.6,0.39499999999999996,0.31999999999999984,1,0.5550000000000005,0.5549999999999999,0.09000000000000008,0.0,0.0,0.0,0.04500000000000004,0.04500000000000004,common
109,1,0,0,-0.16687621052508042,3.8331237894749197,9.6,12.6,0.3874999999999999,0.31249999999999983,1,0.5550000000000005,0.5549999999999999,0.09000000000000008,0.0,0.0,0.0,0.04500000000000004,0.04500000000000004,common
110,1,0,1,0.07311290768039129,3.906236697155311,9.6,12.6,0.3799999999999999,0.30499999999999977,1,0.5550000000000005,0.5549999999999999,0.09000000000000008,0.0,0.0,0.0,0.04500000000000004,0.04500000000000004,common
111,1,0,1,0.07313649618766214,3.979373193342973,9.6,12.6,0.3724999999999999,0.2974999999999998,1,0.5550000000000005,0.5549999999999999,0.09000000000000008,0.0,0.0,0.0,0.04500000000000004,0.04500000000000004,common
112,1,0,1,0.07312208370063382,4.0,9.6,12.6,0.3649999999999998,0.2899999999999998,1,0.5550000000000005,0.5549999999999999,0.09000000000000008,0.0,0.0,0.0,0.04500000000000004,0.04500000000000004,common
113,1,0,1,0.07316714274021202,4.0,9.6,12.6,0.3574999999999999,0.2824999999999998,1,0.5550000000000005,0.5549999999999999,0.09000000000000008,0.0,0.0,0.0,0.04500000000000004,0.04500000000000004,common
114,1,0,1,0.0731071940386384,4.0,9.6,12.6,0.34999999999999987,0.27499999999999986,1,0.5550000000000005,0.5549999999999999,0.09000000000000008,0.0,0.0,0.0,0.04500000000000004,0.04500000000000004,common
115,1,0,1,0.0731453654040182,4.0,9.6,12.6,0.34249999999999986,0.2674999999999998,1,0.5550000000000005,0.5549999999999999,0.09000000000000008,0.0,0.0,0.0,0.04500000000000004,0.04500000000000004,common
116,1,2,1,0.008130399694169326,4.0,9.6,12.6,0.3349999999999999,0.4924999999999999,1,0.5550000000000005,0.5549999999999999,0.09000000000000008,0.1049999999999991,0.0,5.551115123125783e-17,0.04500000000000004,0.04500000000000004,common
117,1,1,1,0.008116597785044644,4.0,9.6,12.6,0.4925,0.48499999999999993,1,0.5550000000000005,0.5549999999999999,0.09000000000000008,0.5099999999999991,0.0,0.0,0.04500000000000004,0.04500000000000004,common
118,1,0,1,0.07306389417312283,4.0,9.6,12.6,0.48499999999999993,0.4775,1,0.5550000000000005,0.5549999999999999,0.09000000000000008,0.0,0.0,0.0,0.04500000000000004,0.04500000000000004,common
119,1,0,1,0.07309115072682391,4.0,9.6,12.6,0.4775,0.4699999999999999,1,0.5550000000000005,0.5549999999999999,0.09000000000000008,0.0,0.0,0.0,0.04500000000000004,0.04500000000000004,common
120,1,0,1,0.07309321736232557,4.0,9.6,12.6,0.4699999999999999,0.4624999999999999,1,0.5550000000000005,0.5549999999999999,0.09000000000000008,0.0,0.0,0.0,0.04500000000000004,0.04500000000000004,common
121,1,2,1,0.008071727319081333,4.0,9.6,12.6,0.46249999999999997,0.4925,1,0.5550000000000005,0.5549999999999999,0.09000000000000008,1.2749999999999995,0.0,0.0,0.04500000000000004,0.04500000000000004,common
122,1,0,1,0.07308007733686626,4.0,9.6,12.6,0.455,0.48499999999999993,1,0.5550000000000005,0.5549999999999999,0.09000000000000008,0.0,0.0,0.0,0.04500000000000004,0.04500000000000004,common
123,1,0,1,0.07309440832806613,4.0,9.6,12.6,0.44749999999999995,0.4775,1,0.5550000000000005,0.5549999999999999,0.09000000000000008,0.0,0.0,0.0,0.04500000000000004,0.04500000000000004,common
124,1,0,1,0.07305095616591535,4.0,9.6,12.6,0.43999999999999995,0.4699999999999999,1,0.5550000000000005,0.5549999999999999,0.09000000000000008,0.0,0.0,0.0,0.04500000000000004,0.04500000000000004,common
125,1,2,1,0.008074791627306174,4.0,9.6,12.6,0.43249999999999994,0.4925,1,0.5550000000000005,0.5549999999999999,0.09000000000000008,1.3199999999999998,0.0,0.0,0.04500000000000004,0.04500000000000004,common
126,1,0,0,-0.16691191772964523,3.8330880822703546,9.6,12.6,0.4249999999999999,0.48499999999999993,1,0.5550000000000005,0.5549999999999999,0.09000000000000008,0.0,0.0,0.0,0.04500000000000004,0.04500000000000004,common
127,1,0,0,-0.16689628895566885,3.666191793314686,9.6,12.6,0.4174999999999999,0.4775,1,0.5550000000000005,0.5549999999999999,0.09000000000000008,0.0,0.0,0.0,0.04500000000000004,0.04500000000000004,common
128,1,2,1,0.008070364687075416,4.0,9.6,12.6,0.41,0.4924999999999999,2,0.5550000000000005,0.5549999999999999,0.09000000000000008,1.3650000000000002,0.0,5.551115123125783e-17,0.04500000000000004,0.04500000000000004,common
129,1,0,1,0.07309126663972107,4.0,9.6,12.6,0.4024999999999999,0.48499999999999993,2,0.5550000000000005,0.5549999999999999,0.09000000000000008,0.0,0.0,0.0,0.04500000000000004,0.04500000000000004,common
130,1,0,1,0.07309801602920844,4.0,9.6,12.6,0.39499999999999996,0.4775,2,0.5550000000000005,0.5549999999999999,0.09000000000000008,0.0,0.0,0.0,0.04500000000000004,0.04500000000000004,common
131,1,0,0,-0.16689442783192407,3.833105572168076,9.6,12.6,0.3874999999999999,0.4699999999999999,2,0.5550000000000005,0.5549999999999999,0.09000000000000008,0.0,0.0,0.0,0.04500000000000004,0.04500000000000004,common
132,1,0,1,0.0731005757644611,3.906206147932537,9.6,12.6,0.3799999999999999,0.4624999999999999,2,0.5550000000000005,0.5549999999999999,0.09000000000000008,0.0,0.0,0.0,0.04500000000000004,0.04500000000000004,common
133,1,0,1,0.07307467144957858,3.9792808193821156,9.6,12.6,0.3724999999999999,0.4549999999999999,2,0.5550000000000005,0.5549999999999999,0.09000000000000008,0.0,0.0,0.0,0.04500000000000004,0.04500000000000004,common
134,1,0,1,0.07308922102835941,4.0,9.6,12.6,0.3649999999999998,0.44749999999999984,2,0.5550000000000005,0.5549999999999999,0.09000000000000008,0.0,0.0,0.0,0.04500000000000004,0.04500000000000004,common
135,1,0,1,0.07310046700292135,4.0,9.6,12.6,0.3574999999999999,0.4399999999999999,2,0.5550000000000005,0.5549999999999999,0.09000000000000008,0.0,0.0,0.0,0.04500000000000004,0.04500000000000004,common
136,1,0,0,-0.16695868837395064,3.8330413116260496,9.6,12.6,0.34999999999999987,0.43249999999999994,2,0.5550000000000005,0.5549999999999999,0.09000000000000008,0.0,0.0,0.0,0.04500000000000004,0.04500000000000004,common
137,1,0,0,-0.16685472967937126,3.666186581946678,9.6,12.6,0.34249999999999986,0.4249999999999999,2,0.5550000000000005,0.5549999999999999,0.09000000000000008,0.0,0.0,0.0,0.04500000000000004,0.04500000000000004,common
138,1,2,1,0.008139557427569468,3.6743261393742475,9.6,12.6,0.3349999999999999,0.4925,2,0.5550000000000005,0.5549999999999999,0.09000000000000008,1.049999999999999,0.0,0.0,0.04500000000000004,0.04500000000000004,common
139,1,0,1,0.07309989527682581,3.747426034651073,9.6,12.6,0.32749999999999985,0.48499999999999993,2,0.5550000000000005,0.5549999999999999,0.09000000000000008,0.0,0.0,0.0,0.04500000000000004,0.04500000000000004,common
140,1,0,1,0.07312096886724499,3.820547003518318,9.6,12.6,0.31999999999999984,0.4775,2,0.5550000000000005,0.5549999999999999,0.09000000000000008,0.0,0.0,0.0,0.04500000000000004,0.04500000000000004,common
141,1,0,1,0.07309636621279042,3.8936433697311084,9.6,12.6,0.31249999999999983,0.4699999999999999,2,0.5550000000000005,0.5549999999999999,0.09000000000000008,0.0,0.0,0.0,0.04500000000000004,0.04500000000000004,common
142,1,0,1,0.07309805869670526,3.9667414284278135,9.6,12.6,0.30499999999999977,0.46249999999999997,2,0.5550000000000005,0.5549999999999999,0.09000000000000008,0.0,0.0,0.0,0.04500000000000004,0.04500000000000004,common
143,1,0,1,0.07313180603953615,4.0,9.6,12.6,0.2974999999999998,0.455,2,0.5550000000000005,0.5549999999999999,0.09000000000000008,0.0,0.0,0.0,0.04500000000000004,0.04500000000000004,common
144,1,0,1,0.0730936132448202,4.0,9.6,12.6,0.2899999999999998,0.44749999999999995,2,0.5550000000000005,0.5549999999999999,0.09000000000000008,0.0,0.0,0.0,0.04500000000000004,0.04500000000000004,common
145,1,0,1,0.07313536381476264,4.0,9.6,12.6,0.2824999999999998,0.43999999999999995,2,0.5550000000000005,0.5549999999999999,0.09000000000000008,0.0,0.0,0.0,0.04500000000000004,0.04500000000000004,common
146,1,2,1,0.008119683470781772,4.0,9.6,12.6,0.27499999999999986,0.4925,2,0.5550000000000005,0.5549999999999999,0.09000000000000008,1.1399999999999997,0.0,0.0,0.04500000000000004,0.04500000000000004,common
147,1,0,1,0.07311825623414676,4.0,9.6,12.6,0.2674999999999998,0.48499999999999993,2,0.5550000000000005,0.5549999999999999,0.09000000000000008,0.0,0.0,0.0,0.04500000000000004,0.04500000000000004,common
148,1,0,0,-0.16687702756071582,3.833122972439284,9.6,12.6,0.2599999999999998,0.4775,2,0.5550000000000005,0.5549999999999999,0.09000000000000008,0.0,0.0,0.0,0.04500000000000004,0.04500000000000004,common
149,1,2,1,0.008104282453963767,3.841227254893248,9.6,12.6,0.2524999999999998,0.4924999999999999,2,0.5550000000000005,0.5549999999999999,0.09000000000000008,1.3650000000000002,0.0,5.551115123125783e-17,0.04500000000000004,0.04500000000000004,common
150,1,0,0,-0.1668883249502582,3.6743389299429894,9.6,12.6,0.24499999999999975,0.48499999999999993,2,0.5550000000000005,0.5549999999999999,0.09000000000000008,0.0,0.0,0.0,0.04500000000000004,0.04500000000000004,common
151,1,1,1,0.008123630013452385,3.682462559956442,9.6,12.6,0.48749999999999977,0.4775,2,0.5550000000000005,0.5549999999999999,0.09000000000000008,0.0,0.0,0.0,0.04500000000000004,0.04500000000000004,common
152,1,0,1,0.07305102390389451,3.755513583860336,9.6,12.6,0.4799999999999997,0.4699999999999999,2,0.5550000000000005,0.5549999999999999,0.09000000000000008,0.0,0.0,0.0,0.04500000000000004,0.04500000000000004,common
153,1,0,1,0.07301964677509369,3.82853323063543,9.6,12.6,0.47249999999999975,0.4624999999999999,2,0.5550000000000005,0.5549999999999999,0.09000000000000008,0.0,0.0,0.0,0.04500000000000004,0.04500000000000004,common
154,1,0,1,0.0730352412119361,3.901568471847366,9.6,12.6,0.4649999999999998,0.4549999999999999,2,0.5550000000000005,0.5549999999999999,0.09000000000000008,0.0,0.0,0.0,0.04500000000000004,0.04500000000000004,common
155,1,0,1,0.07302783506071363,3.97459630690808,9.6,12.6,0.45749999999999974,0.44749999999999984,2,0.5550000000000005,0.5549999999999999,0.09000000000000008,0.0,0.0,0.0,0.04500000000000004,0.04500000000000004,common
156,1,0,1,0.07305207737124964,4.0,9.6,12.6,0.44999999999999973,0.4399999999999999,2,0.5550000000000005,0.5549999999999999,0.09000000000000008,0.0,0.0,0.0,0.04500000000000004,0.04500000000000004,common
157,1,0,0,-0.16697006224751146,3.8330299377524883,9.6,12.6,0.4424999999999997,0.43249999999999994,2,0.5550000000000005,0.5549999999999999,0.09000000000000008,0.0,0.0,0.0,0.04500000000000004,0.04500000000000004,common
158,1,2,1,0.008067296676796842,3.8410972344292853,9.6,12.6,0.43499999999999966,0.4925,2,0.5550000000000005,0.5549999999999999,0.09000000000000008,1.0949999999999993,0.0,0.0,0.04500000000000004,0.04500000000000004,common
159,1,2,1,0.00805694778816611,3.8491541822174513,9.6,12.6,0.4274999999999997,0.4925,2,0.5550000000000005,0.5549999999999999,0.09000000000000008,1.4549999999999996,0.0,0.0,0.04500000000000004,0.04500000000000004,common
160,1,0,1,0.07302659236739639,3.922180774584848,9.6,12.6,0.41999999999999976,0.48499999999999993,2,0.5550000000000005,0.5549999999999999,0.09000000000000008,0.0,0.0,0.0,0.04500000000000004,0.04500000000000004,common
161,1,0,1,0.07303824089883175,3.9952190154836797,9.6,12.6,0.4124999999999997,0.4775,2,0.5550000000000005,0.5549999999999999,0.09000000000000008,0.0,0.0,0.0,0.04500000000000004,0.04500000000000004,common
162,1,0,1,0.073047267987399,4.0,9.6,12.6,0.40499999999999975,0.4699999999999999,2,0.5550000000000005,0.5549999999999999,0.09000000000000008,0.0,0.0,0.0,0.04500000000000004,0.04500000000000004,common
163,1,0,0,-0.1669641599926542,3.8330358400073457,9.6,12.6,0.3974999999999997,0.46249999999999997,2,0.5550000000000005,0.5549999999999999,0.09000000000000008,0.0,0.0,0.0,0.04500000000000004,0.04500000000000004,common
164,1,2,1,0.008051843877217564,3.841087683884563,9.6,12.6,0.3899999999999997,0.4925,2,0.5550000000000005,0.5549999999999999,0.09000000000000008,1.2749999999999995,0.0,0.0,0.04500000000000004,0.04500000000000004,common
165,1,0,1,0.07307183312926144,3.9141595170138244,9.6,12.6,0.3824999999999997,0.48499999999999993,2,0.5550000000000005,0.5549999999999999,0.09000000000000008,0.0,0.0,0.0,0.04500000000000004,0.04500000000000004,common
166,1,0,1,0.07301944435715116,3.9871789613709754,9.6,12.6,0.3749999999999996,0.4775,2,0.5550000000000005,0.5549999999999999,0.09000000000000008,0.0,0.0,0.0,0.04500000000000004,0.04500000000000004,common
167,1,0,1,0.07304192569056724,4.0,9.6,12.6,0.36749999999999966,0.4699999999999999,2,0.5550000000000005,0.5549999999999999,0.09000000000000008,0.0,0.0,0.0,0.04500000000000004,0.04500000000000004,common
168,1,0,1,0.07303615327178292,4.0,9.6,12.6,0.35999999999999965,0.46249999999999997,2,0.5550000000000005,0.5549999999999999,0.09000000000000008,0.0,0.0,0.0,0.04500000000000004,0.04500000000000004,common
169,1,0,1,0.07305162835289858,4.0,9.6,12.6,0.35249999999999965,0.455,2,0.5550000000000005,0.5549999999999999,0.09000000000000008,0.0,0.0,0.0,0.04500000000000004,0.04500000000000004,common
170,1,0,1,0.07306643184417862,4.0,9.6,12.6,0.3449999999999997,0.44749999999999995,2,0.5550000000000005,0.5549999999999999,0.09000000000000008,0.0,0.0,0.0,0.04500000000000004,0.04500000000000004,common
171,1,0,1,0.07303254445499884,4.0,9.6,12.6,0.33749999999999963,0.43999999999999995,2,0.5550000000000005,0.5549999999999999,0.09000000000000008,0.0,0.0,0.0,0.04500000000000004,0.04500000000000004,common
172,1,1,1,0.008062444601674454,4.0,9.6,12.6,0.4924999999999999,0.43249999999999994,2,0.5550000000000005,0.5549999999999999,0.09000000000000008,0.5249999999999981,0.0,5.551115123125783e-17,0.04500000000000004,0.04500000000000004,common
173,1,0,1,0.07299232200013465,4.0,9.6,12.6,0.48499999999999993,0.4249999999999999,2,0.5550000000000005,0.5549999999999999,0.09000000000000008,0.0,0.0,0.0,0.04500000000000004,0.04500000000000004,common
174,1,0,1,0.07298807228072951,4.0,9.6,12.6,0.4775,0.4174999999999999,2,0.5550000000000005,0.5549999999999999,0.09000000000000008,0.0,0.0,0.0,0.04500000000000004,0.04500000000000004,common
175,1,0,1,0.07305062709533308,4.0,9.6,12.6,0.4699999999999999,0.41,2,0.5550000000000005,0.5549999999999999,0.09000000000000008,0.0,0.0,0.0,0.04500000000000004,0.04500000000000004,common
176,1,0,1,0.07300008821064026,4.0,9.6,12.6,0.4624999999999999,0.4024999999999999,2,0.5550000000000005,0.5549999999999999,0.09000000000000008,0.0,0.0,0.0,0.04500000000000004,0.04500000000000004,common
177,1,2,1,0.007998985754093656,4.0,9.6,12.6,0.4549999999999999,0.4925,2,0.5550000000000005,0.5549999999999999,0.09000000000000008,0.9149999999999991,0.0,0.0,0.04500000000000004,0.04500000000000004,common
178,1,0,1,0.07299612101313785,4.0,9.6,12.6,0.44749999999999984,0.48499999999999993,2,0.5550000000000005,0.5549999999999999,0.09000000000000008,0.0,0.0,0.0,0.04500000000000004,0.04500000000000004,common
179,1,0,1,0.07301923287769053,4.0,9.6,12.6,0.4399999999999999,0.4775,2,0.5550000000000005,0.5549999999999999,0.09000000000000008,0.0,0.0,0.0,0.04500000000000004,0.04500000000000004,common
180,1,2,0,-0.23199490319413058,3.7680050968058696,9.6,12.6,0.43249999999999994,0.4924999999999999,2,0.5550000000000005,0.5549999999999999,0.09000000000000008,1.3650000000000002,0.0,5.551115123125783e-17,0.04500000000000004,0.04500000000000004,common
181,1,0,0,-0.16698280022139791,3.6010222965844716,9.6,12.6,0.4249999999999999,0.48499999999999993,2,0.5550000000000005,0.5549999999999999,0.09000000000000008,0.0,0.0,0.0,0.04500000000000004,0.04500000000000004,common
182,1,0,1,0.07300984376579495,3.6740321403502665,9.6,12.6,0.4174999999999999,0.4775,2,0.5550000000000005,0.5549999999999999,0.09000000000000008,0.0,0.0,0.0,0.04500000000000004,0.04500000000000004,common
183,1,0,1,0.07302211969323465,3.7470542600435013,9.6,12.6,0.40999999999999986,0.4699999999999999,2,0.5550000000000005,0.5549999999999999,0.09000000000000008,0.0,0.0,0.0,0.04500000000000004,0.04500000000000004,common
184,1,0,1,0.07303456238405348,3.8200888224275547,9.6,12.6,0.40249999999999986,0.4624999999999999,2,0.5550000000000005,0.5549999999999999,0.09000000000000008,0.0,0.0,0.0,0.04500000000000004,0.04500000000000004,common
185,1,0,1,0.07303603774990422,3.893124860177459,9.6,12.6,0.39499999999999985,0.4549999999999999,2,0.5550000000000005,0.5549999999999999,0.09000000000000008,0.0,0.0,0.0,0.04500000000000004,0.04500000000000004,common
186,1,0,0,-0.16698217963992548,3.7261426805375333,9.6,12.6,0.3874999999999998,0.44749999999999984,2,0.5550000000000005,0.5549999999999999,0.09000000000000008,0.0,0.0,0.0,0.04500000000000004,0.04500000000000004,common
187,1,0,1,0.07302381326533769,3.799166493802871,9.6,12.6,0.37999999999999984,0.4399999999999999,2,0.5550000000000005,0.5549999999999999,0.09000000000000008,0.0,0.0,0.0,0.04500000000000004,0.04500000000000004,common
188,1,2,0,-0.23195001580637703,3.567216477996494,9.6,12.6,0.37249999999999983,0.4924999999999999,2,0.5550000000000005,0.5549999999999999,0.09000000000000008,1.1399999999999997,0.0,5.551115123125783e-17,0.04500000000000004,0.04500000000000004,common
189,1,2,1,0.008041948541541907,3.575258426538036,9.6,12.6,0.3649999999999998,0.4925,2,0.5550000000000005,0.5549999999999999,0.09000000000000008,1.4549999999999996,0.0,0.0,0.04500000000000004,0.04500000000000004,common
190,1,2,1,0.008010289014720342,3.583268715552756,9.6,12.6,0.3574999999999999,0.4925,2,0.5550000000000005,0.5549999999999999,0.09000000000000008,1.4549999999999996,0.0,0.0,0.04500000000000004,0.04500000000000004,common
191,1,0,1,0.07306230773936292,3.656331023292119,9.6,12.6,0.3499999999999998,0.48499999999999993,2,0.5550000000000005,0.5549999999999999,0.09000000000000008,0.0,0.0,0.0,0.04500000000000004,0.04500000000000004,common
192,1,0,1,0.07305555054438766,3.7293865738365066,9.6,12.6,0.3424999999999998,0.4775,2,0.5550000000000005,0.5549999999999999,0.09000000000000008,0.0,0.0,0.0,0.04500000000000004,0.04500000000000004,common
193,1,0,1,0.07304713093812516,3.8024337047746317,9.6,12.6,0.3349999999999998,0.4699999999999999,2,0.5550000000000005,0.5549999999999999,0.09000000000000008,0.0,0.0,0.0,0.04500000000000004,0.04500000000000004,common
194,1,0,1,0.07305092556546489,3.8754846303400967,9.6,12.6,0.32749999999999974,0.46249999999999997,2,0.5550000000000005,0.5549999999999999,0.09000000000000008,0.0,0.0,0.0,0.04500000000000004,0.04500000000000004,common
195,1,0,1,0.0730590412575833,3.94854367159768,9.6,12.6,0.3199999999999998,0.455,2,0.5550000000000005,0.5549999999999999,0.09000000000000008,0.0,0.0,0.0,0.04500000000000004,0.04500000000000004,common
196,1,0,1,0.07305305025341804,4.0,9.6,12.6,0.3124999999999998,0.44749999999999995,2,0.5550000000000005,0.5549999999999999,0.09000000000000008,0.0,0.0,0.0,0.04500000000000004,0.04500000000000004,common
197,1,0,1,0.07304245102541704,4.0,9.6,12.6,0.30499999999999977,0.43999999999999995,2,0.5550000000000005,0.5549999999999999,0.09000000000000008,0.0,0.0,0.0,0.04500000000000004,0.04500000000000004,common
198,1,0,1,0.07308882543651934,4.0,9.6,12.6,0.2974999999999998,0.43249999999999994,2,0.5550000000000005,0.5549999999999999,0.09000000000000008,0.0,0.0,0.0,0.04500000000000004,0.04500000000000004,common
199,1,0,1,0.07306362993512398,4.0,9.6,12.6,0.28999999999999976,0.4249999999999999,2,0.5550000000000005,0.5549999999999999,0.09000000000000008,0.0,0.0,0.0,0.04500000000000004,0.04500000000000004,common
200,1,2,1,0.00808512329796816,4.0,9.6,12.6,0.28249999999999975,0.4925,2,0.5550000000000005,0.5549999999999999,0.09000000000000008,1.0499999999999996,0.0,0.0,0.04500000000000004,0.04500000000000004,common
201,1,1,1,0.008047800017873303,4.0,9.6,12.6,0.4925,0.48499999999999993,2,0.5550000000000005,0.5549999999999999,0.09000000000000008,0.1949999999999985,0.0,0.0,0.04500000000000004,0.04500000000000004,common
202,1,0,0,-0.16700879298466006,3.83299120701534,9.6,12.6,0.48499999999999993,0.4775,2,0.5550000000000005,0.5549999999999999,0.09000000000000008,0.0,0.0,0.0,0.04500000000000004,0.04500000000000004,common
203,1,0,0,-0.16700146057894721,3.6659897464363924,9.6,12.6,0.4775,0.4699999999999999,2,0.5550000000000005,0.5549999999999999,0.09000000000000008,0.0,0.0,0.0,0.04500000000000004,0.04500000000000004,common
204,1,0,1,0.07298705915287704,3.7389768055892696,9.6,12.6,0.4699999999999999,0.46249999999999997,2,0.5550000000000005,0.5549999999999999,0.09000000000000008,0.0,0.0,0.0,0.04500000000000004,0.04500000000000004,common
205,1,0,1,0.07299424810648827,3.811971053695758,9.6,12.6,0.46249999999999997,0.455,2,0.5550000000000005,0.5549999999999999,0.09000000000000008,0.0,0.0,0.0,0.04500000000000004,0.04500000000000004,common
206,1,2,1,0.00797919975114824,3.819950253446906,9.6,12.6,0.455,0.4925,2,0.5550000000000005,0.5549999999999999,0.09000000000000008,1.23,0.0,0.0,0.04500000000000004,0.04500000000000004,common
207,1,2,1,0.007967549530942726,3.827917802977849,9.6,12.6,0.44749999999999995,0.4925,2,0.5550000000000005,0.5549999999999999,0.09000000000000008,1.4549999999999996,0.0,0.0,0.04500000000000004,0.04500000000000004,common
208,1,0,1,0.07298481426920217,3.900902617247051,9.6,12.6,0.43999999999999995,0.48499999999999993,2,0.5550000000000005,0.5549999999999999,0.09000000000000008,0.0,0.0,0.0,0.04500000000000004,0.04500000000000004,common
209,1,0,1,0.07299700933655122,3.973899626583602,9.6,12.6,0.43249999999999994,0.4775,2,0.5550000000000005,0.5549999999999999,0.09000000000000008,0.0,0.0,0.0,0.04500000000000004,0.04500000000000004,common
210,1,1,1,0.007996178327115725,3.981895804910718,9.6,12.6,0.4925,0.4699999999999999,2,0.5550000000000005,0.5549999999999999,0.09000000000000008,1.0949999999999993,0.0,0.0,0.04500000000000004,0.04500000000000004,common
211,1,0,1,0.07299069427737093,4.0,9.6,12.6,0.48499999999999993,0.46249999999999997,2,0.5550000000000005,0.5549999999999999,0.09000000000000008,0.0,0.0,0.0,0.04500000000000004,0.04500000000000004,common
212,1,0,1,0.07299478365246431,4.0,9.6,12.6,0.4775,0.455,2,0.5550000000000005,0.5549999999999999,0.09000000000000008,0.0,0.0,0.0,0.04500000000000004,0.04500000000000004,common
213,1,0,1,0.07297034156134122,4.0,9.6,12.6,0.4699999999999999,0.44749999999999995,2,0.5550000000000005,0.5549999999999999,0.09000000000000008,0.0,0.0,0.0,0.04500000000000004,0.04500000000000004,common
214,1,0,1,0.07298581502067494,4.0,9.6,12.6,0.46249999999999997,0.43999999999999995,2,0.5550000000000005,0.5549999999999999,0.09000000000000008,0.0,0.0,0.0,0.04500000000000004,0.04500000000000004,common
215,1,1,1,0.007952756244165604,4.0,9.6,12.6,0.4925,0.43249999999999994,2,0.5550000000000005,0.5549999999999999,0.09000000000000008,1.2749999999999995,0.0,0.0,0.04500000000000004,0.04500000000000004,common
216,1,0,1,0.07295857330918144,4.0,9.6,12.6,0.48499999999999993,0.4249999999999999,2,0.5550000000000005,0.5549999999999999,0.09000000000000008,0.0,0.0,0.0,0.04500000000000004,0.04500000000000004,common
217,1,0,1,0.07294947779312379,4.0,9.6,12.6,0.4775,0.4174999999999999,2,0.5550000000000005,0.5549999999999999,0.09000000000000008,0.0,0.0,0.0,0.04500000000000004,0.04500000000000004,common
218,1,1,1,0.007955951063446196,4.0,9.6,12.6,0.4924999999999999,0.41,2,0.5550000000000005,0.5549999999999999,0.09000000000000008,1.3650000000000002,0.0,5.551115123125783e-17,0.04500000000000004,0.04500000000000004,common
219,1,0,1,0.07296524011364357,4.0,9.6,12.6,0.48499999999999993,0.4024999999999999,2,0.5550000000000005,0.5549999999999999,0.09000000000000008,0.0,0.0,0.0,0.04500000000000004,0.04500000000000004,common
220,1,0,1,0.0729450440663429,4.0,9.6,12.6,0.4775,0.39499999999999996,2,0.5550000000000005,0.5549999999999999,0.09000000000000008,0.0,0.0,0.0,0.04500000000000004,0.04500000000000004,common
221,1,0,1,0.07293613093236614,4.0,9.6,12.6,0.4699999999999999,0.3874999999999999,2,0.5550000000000005,0.5549999999999999,0.09000000000000008,0.0,0.0,0.0,0.04500000000000004,0.04500000000000004,common
222,1,0,1,0.07298374687947722,4.0,9.6,12.6,0.4624999999999999,0.3799999999999999,2,0.5550000000000005,0.5549999999999999,0.09000000000000008,0.0,0.0,0.0,0.04500000000000004,0.04500000000000004,common
223,1,0,1,0.07297964875047229,4.0,9.6,12.6,0.4549999999999999,0.3724999999999999,2,0.5550000000000005,0.5549999999999999,0.09000000000000008,0.0,0.0,0.0,0.04500000000000004,0.04500000000000004,common
224,1,0,0,-0.16704209737820108,3.832957902621799,9.6,12.6,0.44749999999999984,0.3649999999999998,2,0.5550000000000005,0.5549999999999999,0.09000000000000008,0.0,0.0,0.0,0.04500000000000004,0.04500000000000004,common
225,1,2,0,-0.23202156248706754,3.6009363401347314,9.6,12.6,0.4399999999999999,0.4925,2,0.5550000000000005,0.5549999999999999,0.09000000000000008,0.6899999999999993,0.0,0.0,0.04500000000000004,0.04500000000000004,common
226,1,0,1,0.07295943400265513,3.6738957741373865,9.6,12.6,0.43249999999999994,0.48499999999999993,2,0.5550000000000005,0.5549999999999999,0.09000000000000008,0.0,0.0,0.0,0.04500000000000004,0.04500000000000004,common
227,1,2,1,0.007997040232363152,3.68189281436975,9.6,12.6,0.4249999999999999,0.4925,2,0.5550000000000005,0.5549999999999999,0.09000000000000008,1.4099999999999997,0.0,0.0,0.04500000000000004,0.04500000000000004,common
228,1,0,1,0.07297884234308628,3.754871656712836,9.6,12.6,0.4174999999999999,0.48499999999999993,2,0.5550000000000005,0.5549999999999999,0.09000000000000008,0.0,0.0,0.0,0.04500000000000004,0.04500000000000004,common
229,1,0,1,0.07297465443425866,3.827846311147095,9.6,12.6,0.40999999999999986,0.4775,2,0.5550000000000005,0.5549999999999999,0.09000000000000008,0.0,0.0,0.0,0.04500000000000004,0.04500000000000004,common
230,1,0,1,0.07298237202356794,3.900828683170663,9.6,12.6,0.40249999999999986,0.4699999999999999,2,0.5550000000000005,0.5549999999999999,0.09000000000000008,0.0,0.0,0.0,0.04500000000000004,0.04500000000000004,common
231,1,0,0,-0.16700359641753507,3.7338250867531277,9.6,12.6,0.39499999999999985,0.46249999999999997,2,0.5550000000000005,0.5549999999999999,0.09000000000000008,0.0,0.0,0.0,0.04500000000000004,0.04500000000000004,common
232,1,0,1,0.07299899511420327,3.806824081867331,9.6,12.6,0.3874999999999998,0.455,2,0.5550000000000005,0.5549999999999999,0.09000000000000008,0.0,0.0,0.0,0.04500000000000004,0.04500000000000004,common
233,1,0,1,0.07299438548979907,3.87981846735713,9.6,12.6,0.37999999999999984,0.44749999999999995,2,0.5550000000000005,0.5549999999999999,0.09000000000000008,0.0,0.0,0.0,0.04500000000000004,0.04500000000000004,common
234,1,0,1,0.07299345694886845,3.9528119243059985,9.6,12.6,0.37249999999999983,0.43999999999999995,2,0.5550000000000005,0.5549999999999999,0.09000000000000008,0.0,0.0,0.0,0.04500000000000004,0.04500000000000004,common
235,1,0,1,0.0729998176457731,4.0,9.6,12.6,0.3649999999999998,0.43249999999999994,2,0.5550000000000005,0.5549999999999999,0.09000000000000008,0.0,0.0,0.0,0.04500000000000004,0.04500000000000004,common
236,1,0,0,-0.16698143350452982,3.83301856649547,9.6,12.6,0.3574999999999999,0.4249999999999999,2,0.5550000000000005,0.5549999999999999,0.09000000000000008,0.0,0.0,0.0,0.04500000000000004,0.04500000000000004,common
237,1,0,1,0.07301314838032066,3.9060317148757906,9.6,12.6,0.3499999999999998,0.4174999999999999,2,0.5550000000000005,0.5549999999999999,0.09000000000000008,0.0,0.0,0.0,0.04500000000000004,0.04500000000000004,common
238,1,0,1,0.07301268761873587,3.9790444024945266,9.6,12.6,0.3424999999999998,0.41,2,0.5550000000000005,0.5549999999999999,0.09000000000000008,0.0,0.0,0.0,0.04500000000000004,0.04500000000000004,common
239,1,0,1,0.07300119454281835,4.0,9.6,12.6,0.3349999999999998,0.4024999999999999,2,0.5550000000000005,0.5549999999999999,0.09000000000000008,0.0,0.0,0.0,0.04500000000000004,0.04500000000000004,common
240,1,0,1,0.07301617886782084,4.0,9.6,12.6,0.32749999999999974,0.39499999999999996,2,0.5550000000000005,0.5549999999999999,0.09000000000000008,0.0,0.0,0.0,0.04500000000000004,0.04500000000000004,common
241,1,0,1,0.07302367288220567,4.0,9.6,12.6,0.3199999999999998,0.3874999999999999,2,0.5550000000000005,0.5549999999999999,0.09000000000000008,0.0,0.0,0.0,0.04500000000000004,0.04500000000000004,common
242,1,0,1,0.07300541719511355,4.0,9.6,12.6,0.3124999999999998,0.3799999999999999,2,0.5550000000000005,0.5549999999999999,0.09000000000000008,0.0,0.0,0.0,0.04500000000000004,0.04500000000000004,common
243,1,0,1,0.07301547911686772,4.0,9.6,12.6,0.30499999999999977,0.3724999999999999,2,0.5550000000000005,0.5549999999999999,0.09000000000000008,0.0,0.0,0.0,0.04500000000000004,0.04500000000000004,common
244,1,0,1,0.07301656846064045,4.0,9.6,12.6,0.2974999999999998,0.3649999999999998,2,0.5550000000000005,0.5549999999999999,0.09000000000000008,0.0,0.0,0.0,0.04500000000000004,0.04500000000000004,common
245,1,0,1,0.07303124317383894,4.0,9.6,12.6,0.28999999999999976,0.3574999999999999,2,0.5550000000000005,0.5549999999999999,0.09000000000000008,0.0,0.0,0.0,0.04500000000000004,0.04500000000000004,common
246,1,0,1,0.07300782077151102,4.0,9.6,12.6,0.28249999999999975,0.34999999999999987,2,0.5550000000000005,0.5549999999999999,0.09000000000000008,0.0,0.0,0.0,0.04500000000000004,0.04500000000000004,common
247,1,1,1,0.00803193901574293,4.0,9.6,12.6,0.4925,0.34249999999999986,2,0.5550000000000005,0.5549999999999999,0.09000000000000008,0.1949999999999985,0.0,0.0,0.04500000000000004,0.04500000000000004,common
248,1,0,1,0.07291283958771437,4.0,9.6,12.6,0.48499999999999993,0.3349999999999999,2,0.5550000000000005,0.5549999999999999,0.09000000000000008,0.0,0.0,0.0,0.04500000000000004,0.04500000000000004,common
249,1,0,1,0.07294463301939388,4.0,9.6,12.6,0.4775,0.32749999999999985,2,0.5550000000000005,0.5549999999999999,0.09000000000000008,0.0,0.0,0.0,0.04500000000000004,0.04500000000000004,common
250,1,0,1,0.07296451535799503,4.0,9.6,12.6,0.4699999999999999,0.31999999999999984,2,0.5550000000000005,0.5549999999999999,0.09000000000000008,0.0,0.0,0.0,0.04500000000000004,0.04500000000000004,common
251,1,0,1,0.07292719430813115,4.0,9.6,12.6,0.46249999999999997,0.31249999999999983,2,0.5550000000000005,0.5549999999999999,0.09000000000000008,0.0,0.0,0.0,0.04500000000000004,0.04500000000000004,common
252,1,0,0,-0.16705272593588474,3.8329472740641153,9.6,12.6,0.455,0.30499999999999977,2,0.5550000000000005,0.5549999999999999,0.09000000000000008,0.0,0.0,0.0,0.04500000000000004,0.04500000000000004,common
253,1,0,1,0.0729585312206332,3.9059058052847484,9.6,12.6,0.44749999999999995,0.2974999999999998,2,0.5550000000000005,0.5549999999999999,0.09000000000000008,0.0,0.0,0.0,0.04500000000000004,0.04500000000000004,common
254,1,1,1,0.007941927314329807,3.9138477325990784,9.6,12.6,0.4924999999999999,0.2899999999999998,2,0.5550000000000005,0.5549999999999999,0.09000000000000008,1.185,0.0,5.551115123125783e-17,0.04500000000000004,0.04500000000000004,common
255,1,1,1,0.007942193718166127,3.9217899263172447,9.6,12.6,0.4925,0.2824999999999998,2,0.5550000000000005,0.5549999999999999,0.09000000000000008,1.4549999999999996,0.0,0.0,0.04500000000000004,0.04500000000000004,common
256,1,0,1,0.07293947194552862,4.0,9.6,12.6,0.48499999999999993,0.27499999999999986,3,0.5550000000000005,0.5549999999999999,0.09000000000000008,0.0,0.0,0.0,0.04500000000000004,0.04500000000000004,common
257,1,0,1,0.07295390258384964,4.0,9.6,12.6,0.4775,0.2674999999999998,3,0.5550000000000005,0.5549999999999999,0.09000000000000008,0.0,0.0,0.0,0.04500000000000004,0.04500000000000004,common
258,1,0,1,0.0729444555179155,4.0,9.6,12.6,0.4699999999999999,0.2599999999999998,3,0.5550000000000005,0.5549999999999999,0.09000000000000008,0.0,0.0,0.0,0.04500000000000004,0.04500000000000004,common
259,1,2,1,0.007952157676336264,4.0,9.6,12.6,0.46249999999999997,0.4925,3,0.5550000000000005,0.5549999999999999,0.09000000000000008,0.05999999999999872,0.0,0.0,0.04500000000000004,0.04500000000000004,common
260,1,1,0,-0.23205895356251824,3.767941046437482,9.6,12.6,0.4925,0.48499999999999993,3,0.5550000000000005,0.5549999999999999,0.09000000000000008,1.2749999999999995,0.0,0.0,0.04500000000000004,0.04500000000000004,common
261,1,0,0,-0.1670880783813268,3.600852968056155,9.6,12.6,0.48499999999999993,0.4775,3,0.5550000000000005,0.5549999999999999,0.09000000000000008,0.0,0.0,0.0,0.04500000000000004,0.04500000000000004,common
262,1,0,1,0.07294158570259443,3.6737945537587495,9.6,12.6,0.4775,0.4699999999999999,3,0.5550000000000005,0.5549999999999999,0.09000000000000008,0.0,0.0,0.0,0.04500000000000004,0.04500000000000004,common
263,1,0,1,0.07292963817241249,3.746724191931162,9.6,12.6,0.4699999999999999,0.46249999999999997,3,0.5550000000000005,0.5549999999999999,0.09000000000000008,0.0,0.0,0.0,0.04500000000000004,0.04500000000000004,common
264,1,1,1,0.007932226692471954,3.7546564186236338,9.6,12.6,0.4925,0.455,3,0.5550000000000005,0.5549999999999999,0.09000000000000008,1.3199999999999998,0.0,0.0,0.04500000000000004,0.04500000000000004,common
265,1,1,1,0.007937280410644563,3.7625936990342783,9.6,12.6,0.4925,0.44749999999999995,3,0.5550000000000005,0.5549999999999999,0.09000000000000008,1.4549999999999996,0.0,0.0,0.04500000000000004,0.04500000000000004,common
266,1,0,1,0.07292695548138867,3.835520654515667,9.6,12.6,0.48499999999999993,0.43999999999999995,3,0.5550000000000005,0.5549999999999999,0.09000000000000008,0.0,0.0,0.0,0.04500000000000004,0.04500000000000004,common
267,1,0,1,0.07293779744345888,3.9084584519591257,9.6,12.6,0.4775,0.43249999999999994,3,0.5550000000000005,0.5549999999999999,0.09000000000000008,0.0,0.0,0.0,0.04500000000000004,0.04500000000000004,common
268,1,1,1,0.00796062755655075,3.9164190795156766,9.6,12.6,0.4924999999999999,0.4249999999999999,3,0.5550000000000005,0.5549999999999999,0.09000000000000008,1.3650000000000002,0.0,5.551115123125783e-17,0.04500000000000004,0.04500000000000004,common
269,1,0,1,0.0729578485321021,3.9893769280477787,9.6,12.6,0.48499999999999993,0.4174999999999999,3,0.5550000000000005,0.5549999999999999,0.09000000000000008,0.0,0.0,0.0,0.04500000000000004,0.04500000000000004,common
270,1,0,1,0.07291421363410101,4.0,9.6,12.6,0.4775,0.41,3,0.5550000000000005,0.5549999999999999,0.09000000000000008,0.0,0.0,0.0,0.04500000000000004,0.04500000000000004,common
271,1,0,1,0.07293473645017001,4.0,9.6,12.6,0.4699999999999999,0.4024999999999999,3,0.5550000000000005,0.5549999999999999,0.09000000000000008,0.0,0.0,0.0,0.04500000000000004,0.04500000000000004,common
272,1,0,1,0.07295256556190224,4.0,9.6,12.6,0.4624999999999999,0.39499999999999996,3,0.5550000000000005,0.5549999999999999,0.09000000000000008,0.0,0.0,0.0,0.04500000000000004,0.04500000000000004,common
273,1,0,1,0.07292481145824153,4.0,9.6,12.6,0.4549999999999999,0.3874999999999999,3,0.5550000000000005,0.5549999999999999,0.09000000000000008,0.0,0.0,0.0,0.04500000000000004,0.04500000000000004,common
274,1,0,0,-0.16704640696967932,3.8329535930303207,9.6,12.6,0.44749999999999984,0.3799999999999999,3,0.5550000000000005,0.5549999999999999,0.09000000000000008,0.0,0.0,0.0,0.04500000000000004,0.04500000000000004,common
275,1,0,1,0.07292710846757196,3.9058807014978925,9.6,12.6,0.4399999999999999,0.3724999999999999,3,0.5550000000000005,0.5549999999999999,0.09000000000000008,0.0,0.0,0.0,0.04500000000000004,0.04500000000000004,common
276,1,2,1,0.007963247115778583,3.913843948613671,9.6,12.6,0.43249999999999994,0.4925,3,0.5550000000000005,0.5549999999999999,0.09000000000000008,0.734999999999999,0.0,0.0,0.04500000000000004,0.04500000000000004,common
277,1,0,1,0.07294930746539452,3.9867932560790655,9.6,12.6,0.4249999999999999,0.48499999999999993,3,0.5550000000000005,0.5549999999999999,0.09000000000000008,0.0,0.0,0.0,0.04500000000000004,0.04500000000000004,common
278,1,2,1,0.007960232450869058,3.9947534885299345,9.6,12.6,0.4174999999999999,0.4925,3,0.5550000000000005,0.5549999999999999,0.09000000000000008,1.4099999999999997,0.0,0.0,0.04500000000000004,0.04500000000000004,common
279,1,0,1,0.0729572575554998,4.0,9.6,12.6,0.40999999999999986,0.48499999999999993,3,0.5550000000000005,0.5549999999999999,0.09000000000000008,0.0,0.0,0.0,0.04500000000000004,0.04500000000000004,common
280,1,0,0,-0.1670450875662549,3.832954912433745,9.6,12.6,0.40249999999999986,0.4775,3,0.5550000000000005,0.5549999999999999,0.09000000000000008,0.0,0.0,0.0,0.04500000000000004,0.04500000000000004,common
281,1,0,0,-0.1670152088549085,3.6659397035788364,9.6,12.6,0.39499999999999985,0.4699999999999999,3,0.5550000000000005,0.5549999999999999,0.09000000000000008,0.0,0.0,0.0,0.04500000000000004,0.04500000000000004,common
282,1,0,1,0.07296768739382592,3.7389073909726624,9.6,12.6,0.3874999999999998,0.46249999999999997,3,0.5550000000000005,0.5549999999999999,0.09000000000000008,0.0,0.0,0.0,0.04500000000000004,0.04500000000000004,common
283,1,0,1,0.07296910573258988,3.8118764967052523,9.6,12.6,0.37999999999999984,0.455,3,0.5550000000000005,0.5549999999999999,0.09000000000000008,0.0,0.0,0.0,0.04500000000000004,0.04500000000000004,common
284,1,0,0,-0.16702231191074102,3.6448541847945113,9.6,12.6,0.37249999999999983,0.44749999999999995,3,0.5550000000000005,0.5549999999999999,0.09000000000000008,0.0,0.0,0.0,0.04500000000000004,0.04500000000000004,common
285,1,0,1,0.07297303154552104,3.7178272163400323,9.6,12.6,0.3649999999999998,0.43999999999999995,3,0.5550000000000005,0.5549999999999999,0.09000000000000008,0.0,0.0,0.0,0.04500000000000004,0.04500000000000004,common
286,1,0,1,0.07297923787939803,3.7908064542194304,9.6,12.6,0.3574999999999999,0.43249999999999994,3,0.5550000000000005,0.5549999999999999,0.09000000000000008,0.0,0.0,0.0,0.04500000000000004,0.04500000000000004,common
287,1,1,1,0.007996838474587792,3.7988032926940183,9.6,12.6,0.4925,0.4249999999999999,3,0.5550000000000005,0.5549999999999999,0.09000000000000008,0.6449999999999989,0.0,0.0,0.04500000000000004,0.04500000000000004,common
288,1,1,1,0.007943833037521093,3.8067471257315395,9.6,12.6,0.4925,0.4174999999999999,3,0.5550000000000005,0.5549999999999999,0.09000000000000008,1.4549999999999996,0.0,0.0,0.04500000000000004,0.04500000000000004,common
289,1,0,0,-0.16709841694786598,3.6396487087836737,9.6,12.6,0.48499999999999993,0.41,3,0.5550000000000005,0.5549999999999999,0.09000000000000008,0.0,0.0,0.0,0.04500000000000004,0.04500000000000004,common
290,1,0,1,0.07294112602732794,3.7125898348110016,9.6,12.6,0.4775,0.4024999999999999,3,0.5550000000000005,0.5549999999999999,0.09000000000000008,0.0,0.0,0.0,0.04500000000000004,0.04500000000000004,common
291,1,0,1,0.07297877709097125,3.7855686119019727,9.6,12.6,0.4699999999999999,0.39499999999999996,3,0.5550000000000005,0.5549999999999999,0.09000000000000008,0.0,0.0,0.0,0.04500000000000004,0.04500000000000004,common
292,1,0,1,0.0729420223942276,3.8585106342962003,9.6,12.6,0.46249999999999997,0.3874999999999999,3,0.5550000000000005,0.5549999999999999,0.09000000000000008,0.0,0.0,0.0,0.04500000000000004,0.04500000000000004,common
293,1,0,1,0.07295595603556554,3.931466590331766,9.6,12.6,0.455,0.3799999999999999,3,0.5550000000000005,0.5549999999999999,0.09000000000000008,0.0,0.0,0.0,0.04500000000000004,0.04500000000000004,common
294,1,0,1,0.0729562804117434,4.0,9.6,12.6,0.44749999999999995,0.3724999999999999,3,0.5550000000000005,0.5549999999999999,0.09000000000000008,0.0,0.0,0.0,0.04500000000000004,0.04500000000000004,common
295,1,0,1,0.07292267321673881,4.0,9.6,12.6,0.43999999999999995,0.3649999999999998,3,0.5550000000000005,0.5549999999999999,0.09000000000000008,0.0,0.0,0.0,0.04500000000000004,0.04500000000000004,common
296,1,0,1,0.07292570704178632,4.0,9.6,12.6,0.43249999999999994,0.3574999999999999,3,0.5550000000000005,0.5549999999999999,0.09000000000000008,0.0,0.0,0.0,0.04500000000000004,0.04500000000000004,common
297,1,0,1,0.07294194628550797,4.0,9.6,12.6,0.4249999999999999,0.34999999999999987,3,0.5550000000000005,0.5549999999999999,0.09000000000000008,0.0,0.0,0.0,0.04500000000000004,0.04500000000000004,common
298,1,0,1,0.07296310247035961,4.0,9.6,12.6,0.4174999999999999,0.34249999999999986,3,0.5550000000000005,0.5549999999999999,0.09000000000000008,0.0,0.0,0.0,0.04500000000000004,0.04500000000000004,common
299,1,2,0,-0.23205090937808603,3.767949090621914,9.6,12.6,0.41,0.4925,3,0.5550000000000005,0.5549999999999999,0.09000000000000008,0.5549999999999988,0.0,0.0,0.04500000000000004,0.04500000000000004,common
300,1,0,0,-0.16703755293264458,3.6009115376892695,9.6,12.6,0.4024999999999999,0.48499999999999993,3,0.5550000000000005,0.5549999999999999,0.09000000000000008,0.0,0.0,0.0,0.04500000000000004,0.04500000000000004,common
301,1,0,0,-0.1670495015867123,3.4338620361025574,9.6,12.6,0.39499999999999996,0.4775,3,0.5550000000000005,0.5549999999999999,0.09000000000000008,0.0,0.0,0.0,0.04500000000000004,0.04500000000000004,common
302,1,0,1,0.07298569116416957,3.506847727266727,9.6,12.6,0.3874999999999999,0.4699999999999999,3,0.5550000000000005,0.5549999999999999,0.09000000000000008,0.0,0.0,0.0,0.04500000000000004,0.04500000000000004,common
303,1,0,1,0.07298910037278049,3.5798368276395074,9.6,12.6,0.3799999999999999,0.46249999999999997,3,0.5550000000000005,0.5549999999999999,0.09000000000000008,0.0,0.0,0.0,0.04500000000000004,0.04500000000000004,common
304,1,0,1,0.07297350545197473,3.652810333091482,9.6,12.6,0.3724999999999999,0.455,3,0.5550000000000005,0.5549999999999999,0.09000000000000008,0.0,0.0,0.0,0.04500000000000004,0.04500000000000004,common
305,1,0,1,0.07297439922062127,3.7257847323121034,9.6,12.6,0.3649999999999998,0.44749999999999995,3,0.5550000000000005,0.5549999999999999,0.09000000000000008,0.0,0.0,0.0,0.04500000000000004,0.04500000000000004,common
306,1,0,1,0.07299449720457046,3.798779229516674,9.6,12.6,0.3574999999999999,0.43999999999999995,3,0.5550000000000005,0.5549999999999999,0.09000000000000008,0.0,0.0,0.0,0.04500000000000004,0.04500000000000004,common
307,1,0,1,0.07296359278492888,3.8717428223016026,9.6,12.6,0.34999999999999987,0.43249999999999994,3,0.5550000000000005,0.5549999999999999,0.09000000000000008,0.0,0.0,0.0,0.04500000000000004,0.04500000000000004,common
308,1,0,1,0.07298060742163011,3.9447234297232328,9.6,12.6,0.34249999999999986,0.4249999999999999,3,0.5550000000000005,0.5549999999999999,0.09000000000000008,0.0,0.0,0.0,0.04500000000000004,0.04500000000000004,common
309,1,0,1,0.07295552978221184,4.0,9.6,12.6,0.3349999999999999,0.4174999999999999,3,0.5550000000000005,0.5549999999999999,0.09000000000000008,0.0,0.0,0.0,0.04500000000000004,0.04500000000000004,common
310,1,0,1,0.07298902332107378,4.0,9.6,12.6,0.32749999999999985,0.41,3,0.5550000000000005,0.5549999999999999,0.09000000000000008,0.0,0.0,0.0,0.04500000000000004,0.04500000000000004,common
311,1,0,1,0.07297203462798435,4.0,9.6,12.6,0.31999999999999984,0.4024999999999999,3,0.5550000000000005,0.5549999999999999,0.09000000000000008,0.0,0.0,0.0,0.04500000000000004,0.04500000000000004,common
312,1,0,1,0.07297728783138482,4.0,9.6,12.6,0.31249999999999983,0.39499999999999996,3,0.5550000000000005,0.5549999999999999,0.09000000000000008,0.0,0.0,0.0,0.04500000000000004,0.04500000000000004,common
313,1,0,1,0.07301406599612452,4.0,9.6,12.6,0.30499999999999977,0.3874999999999999,3,0.5550000000000005,0.5549999999999999,0.09000000000000008,0.0,0.0,0.0,0.04500000000000004,0.04500000000000004,common
314,1,0,0,-0.16699216182759274,3.8330078381724073,9.6,12.6,0.2974999999999998,0.3799999999999999,3,0.5550000000000005,0.5549999999999999,0.09000000000000008,0.0,0.0,0.0,0.04500000000000004,0.04500000000000004,common
315,1,0,1,0.07303910933024334,3.9060469475026505,9.6,12.6,0.2899999999999998,0.3724999999999999,3,0.5550000000000005,0.5549999999999999,0.09000000000000008,0.0,0.0,0.0,0.04500000000000004,0.04500000000000004,common
316,1,0,1,0.0730256087581595,3.97907255626081,9.6,12.6,0.2824999999999998,0.3649999999999998,3,0.5550000000000005,0.5549999999999999,0.09000000000000008,0.0,0.0,0.0,0.04500000000000004,0.04500000000000004,common
317,1,0,1,0.07298514035260757,4.0,9.6,12.6,0.27499999999999986,0.3574999999999999,3,0.5550000000000005,0.5549999999999999,0.09000000000000008,0.0,0.0,0.0,0.04500000000000004,0.04500000000000004,common
318,1,0,0,-0.16698520142101855,3.8330147985789815,9.6,12.6,0.2674999999999998,0.34999999999999987,3,0.5550000000000005,0.5549999999999999,0.09000000000000008,0.0,0.0,0.0,0.04500000000000004,0.04500000000000004,common
319,1,0,1,0.07300694786341452,3.906021746442396,9.6,12.6,0.2599999999999998,0.34249999999999986,3,0.5550000000000005,0.5549999999999999,0.09000000000000008,0.0,0.0,0.0,0.04500000000000004,0.04500000000000004,common
320,1,0,1,0.07303380246374469,3.9790555489061408,9.6,12.6,0.2524999999999998,0.3349999999999999,3,0.5550000000000005,0.5549999999999999,0.09000000000000008,0.0,0.0,0.0,0.04500000000000004,0.04500000000000004,common
321,1,0,1,0.07301508710049971,4.0,9.6,12.6,0.24499999999999975,0.32749999999999985,3,0.5550000000000005,0.5549999999999999,0.09000000000000008,0.0,0.0,0.0,0.04500000000000004,0.04500000000000004,common
322,1,0,0,-0.1669760904219744,3.8330239095780256,9.6,12.6,0.2374999999999998,0.31999999999999984,3,0.5550000000000005,0.5549999999999999,0.09000000000000008,0.0,0.0,0.0,0.04500000000000004,0.04500000000000004,common
323,1,0,1,0.07305244543799624,3.906076355016022,9.6,12.6,0.22999999999999976,0.31249999999999983,3,0.5550000000000005,0.5549999999999999,0.09000000000000008,0.0,0.0,0.0,0.04500000000000004,0.04500000000000004,common
324,1,0,1,0.0729971080608345,3.9790734630768565,9.6,12.6,0.22249999999999973,0.30499999999999977,3,0.5550000000000005,0.5549999999999999,0.09000000000000008,0.0,0.0,0.0,0.04500000000000004,0.04500000000000004,common
325,1,2,1,0.008029075878699735,3.9871025389555563,9.6,12.6,0.21499999999999977,0.4925,3,0.5550000000000005,0.5549999999999999,0.09000000000000008,0.32999999999999896,0.0,0.0,0.04500000000000004,0.04500000000000004,common
326,1,2,1,0.00801714450902008,3.9951196834645764,9.6,12.6,0.20749999999999977,0.4925,3,0.5550000000000005,0.5549999999999999,0.09000000000000008,1.4549999999999996,0.0,0.0,0.04500000000000004,0.04500000000000004,common
327,1,0,1,0.07300311832953205,4.0,9.6,12.6,0.19999999999999973,0.48499999999999993,3,0.5550000000000005,0.5549999999999999,0.09000000000000008,0.0,0.0,0.0,0.04500000000000004,0.04500000000000004,common
328,1,0,1,0.07301382970156733,4.0,9.6,12.6,0.1924999999999997,0.4775,3,0.5550000000000005,0.5549999999999999,0.09000000000000008,0.0,0.0,0.0,0.04500000000000004,0.04500000000000004,common
329,1,0,1,0.07301087986050751,4.0,9.6,12.6,0.18499999999999972,0.4699999999999999,3,0.5550000000000005,0.5549999999999999,0.09000000000000008,0.0,0.0,0.0,0.04500000000000004,0.04500000000000004,common
330,1,0,1,0.07302012147357355,4.0,9.6,12.6,0.17749999999999974,0.46249999999999997,3,0.5550000000000005,0.5549999999999999,0.09000000000000008,0.0,0.0,0.0,0.04500000000000004,0.04500000000000004,common
331,1,0,1,0.07300694678058663,4.0,9.6,12.6,0.1699999999999997,0.455,3,0.5550000000000005,0.5549999999999999,0.09000000000000008,0.0,0.0,0.0,0.04500000000000004,0.04500000000000004,common
332,1,2,1,0.008011813985597818,4.0,9.6,12.6,0.16249999999999967,0.4925,3,0.5550000000000005,0.5549999999999999,0.09000000000000008,1.23,0.0,0.0,0.04500000000000004,0.04500000000000004,common
333,1,1,1,0.008031310938248583,4.0,9.6,12.6,0.40499999999999975,0.48499999999999993,3,0.5550000000000005,0.5549999999999999,0.09000000000000008,0.0,0.0,0.0,0.04500000000000004,0.04500000000000004,common
334,1,0,1,0.0729269626036882,4.0,9.6,12.6,0.3974999999999997,0.4775,3,0.5550000000000005,0.5549999999999999,0.09000000000000008,0.0,0.0,0.0,0.04500000000000004,0.04500000000000004,common
335,1,0,1,0.07296514363515437,4.0,9.6,12.6,0.3899999999999997,0.4699999999999999,3,0.5550000000000005,0.5549999999999999,0.09000000000000008,0.0,0.0,0.0,0.04500000000000004,0.04500000000000004,common
336,1,2,1,0.007979464172996983,4.0,9.6,12.6,0.3824999999999997,0.4925,3,0.5550000000000005,0.5549999999999999,0.09000000000000008,1.3199999999999998,0.0,0.0,0.04500000000000004,0.04500000000000004,common
337,1,0,1,0.07297061934369584,4.0,9.6,12.6,0.3749999999999996,0.48499999999999993,3,0.5550000000000005,0.5549999999999999,0.09000000000000008,0.0,0.0,0.0,0.04500000000000004,0.04500000000000004,common
338,1,0,1,0.07296669215283573,4.0,9.6,12.6,0.36749999999999966,0.4775,3,0.5550000000000005,0.5549999999999999,0.09000000000000008,0.0,0.0,0.0,0.04500000000000004,0.04500000000000004,common
339,1,0,1,0.07296032162706241,4.0,9.6,12.6,0.35999999999999965,0.4699999999999999,3,0.5550000000000005,0.5549999999999999,0.09000000000000008,0.0,0.0,0.0,0.04500000000000004,0.04500000000000004,common
340,1,0,1,0.0729422763527655,4.0,9.6,12.6,0.35249999999999965,0.46249999999999997,3,0.5550000000000005,0.5549999999999999,0.09000000000000008,0.0,0.0,0.0,0.04500000000000004,0.04500000000000004,common
341,1,0,1,0.07298708395339674,4.0,9.6,12.6,0.3449999999999997,0.455,3,0.5550000000000005,0.5549999999999999,0.09000000000000008,0.0,0.0,0.0,0.04500000000000004,0.04500000000000004,common
342,1,0,1,0.07297140164549262,4.0,9.6,12.6,0.33749999999999963,0.44749999999999995,3,0.5550000000000005,0.5549999999999999,0.09000000000000008,0.0,0.0,0.0,0.04500000000000004,0.04500000000000004,common
343,1,1,1,0.00798656884896829,4.0,9.6,12.6,0.4924999999999999,0.43999999999999995,3,0.5550000000000005,0.5549999999999999,0.09000000000000008,0.5249999999999981,0.0,5.551115123125783e-17,0.04500000000000004,0.04500000000000004,common
344,1,1,1,0.007927763639883829,4.0,9.6,12.6,0.4925,0.43249999999999994,3,0.5550000000000005,0.5549999999999999,0.09000000000000008,1.4549999999999996,0.0,0.0,0.04500000000000004,0.04500000000000004,common
345,1,0,1,0.07289613020879705,4.0,9.6,12.6,0.48499999999999993,0.4249999999999999,3,0.5550000000000005,0.5549999999999999,0.09000000000000008,0.0,0.0,0.0,0.04500000000000004,0.04500000000000004,common
346,1,0,1,0.07293111284740598,4.0,9.6,12.6,0.4775,0.4174999999999999,3,0.5550000000000005,0.5549999999999999,0.09000000000000008,0.0,0.0,0.0,0.04500000000000004,0.04500000000000004,common
347,1,0,1,0.07293555911771742,4.0,9.6,12.6,0.4699999999999999,0.41,3,0.5550000000000005,0.5549999999999999,0.09000000000000008,0.0,0.0,0.0,0.04500000000000004,0.04500000000000004,common
348,1,0,1,0.07293580476519902,4.0,9.6,12.6,0.46249999999999997,0.4024999999999999,3,0.5550000000000005,0.5549999999999999,0.09000000000000008,0.0,0.0,0.0,0.04500000000000004,0.04500000000000004,common
349,1,0,1,0.07294741649217439,4.0,9.6,12.6,0.455,0.39499999999999996,3,0.5550000000000005,0.5549999999999999,0.09000000000000008,0.0,0.0,0.0,0.04500000000000004,0.04500000000000004,common
350,1,0,1,0.07290644264459173,4.0,9.6,12.6,0.44749999999999995,0.3874999999999999,3,0.5550000000000005,0.5549999999999999,0.09000000000000008,0.0,0.0,0.0,0.04500000000000004,0.04500000000000004,common
351,1,0,1,0.07290963254292446,4.0,9.6,12.6,0.43999999999999995,0.3799999999999999,3,0.5550000000000005,0.5549999999999999,0.09000000000000008,0.0,0.0,0.0,0.04500000000000004,0.04500000000000004,common
352,1,0,0,-0.16705556581621844,3.8329444341837817,9.6,12.6,0.43249999999999994,0.3724999999999999,3,0.5550000000000005,0.5549999999999999,0.09000000000000008,0.0,0.0,0.0,0.04500000000000004,0.04500000000000004,common
353,1,0,1,0.07296667531107409,3.905911109494856,9.6,12.6,0.4249999999999999,0.3649999999999998,3,0.5550000000000005,0.5549999999999999,0.09000000000000008,0.0,0.0,0.0,0.04500000000000004,0.04500000000000004,common
354,1,0,1,0.07292048946223961,3.9788315989570955,9.6,12.6,0.4174999999999999,0.3574999999999999,3,0.5550000000000005,0.5549999999999999,0.09000000000000008,0.0,0.0,0.0,0.04500000000000004,0.04500000000000004,common
355,1,0,1,0.07294819731488582,4.0,9.6,12.6,0.41,0.34999999999999987,3,0.5550000000000005,0.5549999999999999,0.09000000000000008,0.0,0.0,0.0,0.04500000000000004,0.04500000000000004,common
356,1,0,1,0.07292231648275364,4.0,9.6,12.6,0.4024999999999999,0.34249999999999986,3,0.5550000000000005,0.5549999999999999,0.09000000000000008,0.0,0.0,0.0,0.04500000000000004,0.04500000000000004,common
357,1,1,1,0.007963973144841227,4.0,9.6,12.6,0.4925,0.3349999999999999,3,0.5550000000000005,0.5549999999999999,0.09000000000000008,0.9149999999999991,0.0,0.0,0.04500000000000004,0.04500000000000004,common
358,1,0,1,0.07292314045868759,4.0,9.6,12.6,0.48499999999999993,0.32749999999999985,3,0.5550000000000005,0.5549999999999999,0.09000000000000008,0.0,0.0,0.0,0.04500000000000004,0.04500000000000004,common
359,1,0,1,0.07290624320060253,4.0,9.6,12.6,0.4775,0.31999999999999984,3,0.5550000000000005,0.5549999999999999,0.09000000000000008,0.0,0.0,0.0,0.04500000000000004,0.04500000000000004,common
360,1,1,0,-0.232061831949307,3.767938168050693,9.6,12.6,0.4924999999999999,0.31249999999999983,3,0.5550000000000005,0.5549999999999999,0.09000000000000008,1.3650000000000002,0.0,5.551115123125783e-17,0.04500000000000004,0.04500000000000004,common
361,1,2,1,0.007961908921589253,3.7759000769722824,9.6,12.6,0.48499999999999993,0.4925,3,0.5550000000000005,0.5549999999999999,0.09000000000000008,0.37499999999999867,0.0,0.0,0.04500000000000004,0.04500000000000004,common
362,1,0,1,0.07293548714691413,3.8488355641191965,9.6,12.6,0.4775,0.48499999999999993,3,0.5550000000000005,0.5549999999999999,0.09000000000000008,0.0,0.0,0.0,0.04500000000000004,0.04500000000000004,common
363,1,0,1,0.07289722134304658,3.9217327854622432,9.6,12.6,0.4699999999999999,0.4775,3,0.5550000000000005,0.5549999999999999,0.09000000000000008,0.0,0.0,0.0,0.04500000000000004,0.04500000000000004,common
364,1,0,1,0.07293539681199569,3.994668182274239,9.6,12.6,0.4624999999999999,0.4699999999999999,3,0.5550000000000005,0.5549999999999999,0.09000000000000008,0.0,0.0,0.0,0.04500000000000004,0.04500000000000004,common
365,1,0,1,0.07290476745495014,4.0,9.6,12.6,0.4549999999999999,0.46249999999999997,3,0.5550000000000005,0.5549999999999999,0.09000000000000008,0.0,0.0,0.0,0.04500000000000004,0.04500000000000004,common
366,1,0,1,0.07292382976278333,4.0,9.6,12.6,0.44749999999999984,0.455,3,0.5550000000000005,0.5549999999999999,0.09000000000000008,0.0,0.0,0.0,0.04500000000000004,0.04500000000000004,common
367,1,0,0,-0.1670563940625755,3.8329436059374244,9.6,12.6,0.4399999999999999,0.44749999999999995,3,0.5550000000000005,0.5549999999999999,0.09000000000000008,0.0,0.0,0.0,0.04500000000000004,0.04500000000000004,common
368,1,0,1,0.07292065845710224,3.9058642643945265,9.6,12.6,0.43249999999999994,0.43999999999999995,3,0.5550000000000005,0.5549999999999999,0.09000000000000008,0.0,0.0,0.0,0.04500000000000004,0.04500000000000004,common
369,1,2,1,0.0079425106093441,3.9138067750038705,9.6,12.6,0.4249999999999999,0.4925,3,0.5550000000000005,0.5549999999999999,0.09000000000000008,1.1399999999999997,0.0,0.0,0.04500000000000004,0.04500000000000004,common
370,1,0,1,0.07295442650424026,3.9867612015081106,9.6,12.6,0.4174999999999999,0.48499999999999993,3,0.5550000000000005,0.5549999999999999,0.09000000000000008,0.0,0.0,0.0,0.04500000000000004,0.04500000000000004,common
371,1,0,1,0.07294155528725466,4.0,9.6,12.6,0.40999999999999986,0.4775,3,0.5550000000000005,0.5549999999999999,0.09000000000000008,0.0,0.0,0.0,0.04500000000000004,0.04500000000000004,common
372,1,0,1,0.07296107018641007,4.0,9.6,12.6,0.40249999999999986,0.4699999999999999,3,0.5550000000000005,0.5549999999999999,0.09000000000000008,0.0,0.0,0.0,0.04500000000000004,0.04500000000000004,common
373,1,0,1,0.07296911138766612,4.0,9.6,12.6,0.39499999999999985,0.46249999999999997,3,0.5550000000000005,0.5549999999999999,0.09000000000000008,0.0,0.0,0.0,0.04500000000000004,0.04500000000000004,common
374,1,0,1,0.07298479930545501,4.0,9.6,12.6,0.3874999999999998,0.455,3,0.5550000000000005,0.5549999999999999,0.09000000000000008,0.0,0.0,0.0,0.04500000000000004,0.04500000000000004,common
375,1,0,1,0.07291010721970845,4.0,9.6,12.6,0.37999999999999984,0.44749999999999995,3,0.5550000000000005,0.5549999999999999,0.09000000000000008,0.0,0.0,0.0,0.04500000000000004,0.04500000000000004,common
376,1,0,1,0.07296451067929177,4.0,9.6,12.6,0.37249999999999983,0.43999999999999995,3,0.5550000000000005,0.5549999999999999,0.09000000000000008,0.0,0.0,0.0,0.04500000000000004,0.04500000000000004,common
377,1,0,1,0.0729188381338722,4.0,9.6,12.6,0.3649999999999998,0.43249999999999994,3,0.5550000000000005,0.5549999999999999,0.09000000000000008,0.0,0.0,0.0,0.04500000000000004,0.04500000000000004,common
378,1,1,1,0.007952607994602753,4.0,9.6,12.6,0.4925,0.4249999999999999,3,0.5550000000000005,0.5549999999999999,0.09000000000000008,0.6899999999999986,0.0,0.0,0.04500000000000004,0.04500000000000004,common
379,1,0,1,0.07289821364397185,4.0,9.6,12.6,0.48499999999999993,0.4174999999999999,3,0.5550000000000005,0.5549999999999999,0.09000000000000008,0.0,0.0,0.0,0.04500000000000004,0.04500000000000004,common
380,1,0,1,0.07294482686946324,4.0,9.6,12.6,0.4775,0.41,3,0.5550000000000005,0.5549999999999999,0.09000000000000008,0.0,0.0,0.0,0.04500000000000004,0.04500000000000004,common
381,1,0,1,0.0729668214961187,4.0,9.6,12.6,0.4699999999999999,0.4024999999999999,3,0.5550000000000005,0.5549999999999999,0.09000000000000008,0.0,0.0,0.0,0.04500000000000004,0.04500000000000004,common
382,1,0,1,0.07290246158191158,4.0,9.6,12.6,0.46249999999999997,0.39499999999999996,3,0.5550000000000005,0.5549999999999999,0.09000000000000008,0.0,0.0,0.0,0.04500000000000004,0.04500000000000004,common
383,1,0,1,0.07294617509977779,4.0,9.6,12.6,0.455,0.3874999999999999,3,0.5550000000000005,0.5549999999999999,0.09000000000000008,0.0,0.0,0.0,0.04500000000000004,0.04500000000000004,common
384,1,0,1,0.07290816243143428,4.0,9.6,12.6,0.44749999999999995,0.3799999999999999,4,0.5550000000000005,0.5549999999999999,0.09000000000000008,0.0,0.0,0.0,0.04500000000000004,0.04500000000000004,common
385,1,0,1,0.07293022099770363,4.0,9.6,12.6,0.43999999999999995,0.3724999999999999,4,0.5550000000000005,0.5549999999999999,0.09000000000000008,0.0,0.0,0.0,0.04500000000000004,0.04500000000000004,common
386,1,0,1,0.0728969219587314,4.0,9.6,12.6,0.43249999999999994,0.3649999999999998,4,0.5550000000000005,0.5549999999999999,0.09000000000000008,0.0,0.0,0.0,0.04500000000000004,0.04500000000000004,common
387,1,0,1,0.07289500343707442,4.0,9.6,12.6,0.4249999999999999,0.3574999999999999,4,0.5550000000000005,0.5549999999999999,0.09000000000000008,0.0,0.0,0.0,0.04500000000000004,0.04500000000000004,common
388,1,0,0,-0.16707712361531546,3.8329228763846848,9.6,12.6,0.4174999999999999,0.34999999999999987,4,0.5550000000000005,0.5549999999999999,0.09000000000000008,0.0,0.0,0.0,0.04500000000000004,0.04500000000000004,common
389,1,0,0,-0.16703090356599148,3.6658919728186934,9.6,12.6,0.41,0.34249999999999986,4,0.5550000000000005,0.5549999999999999,0.09000000000000008,0.0,0.0,0.0,0.04500000000000004,0.04500000000000004,common
390,1,0,1,0.07296723566353408,3.7388592084822276,9.6,12.6,0.4024999999999999,0.3349999999999999,4,0.5550000000000005,0.5549999999999999,0.09000000000000008,0.0,0.0,0.0,0.04500000000000004,0.04500000000000004,common
391,1,0,1,0.07292673838395455,3.8117859468661823,9.6,12.6,0.39499999999999996,0.32749999999999985,4,0.5550000000000005,0.5549999999999999,0.09000000000000008,0.0,0.0,0.0,0.04500000000000004,0.04500000000000004,common
392,1,0,1,0.07294363418697278,3.884729581053155,9.6,12.6,0.3874999999999999,0.31999999999999984,4,0.5550000000000005,0.5549999999999999,0.09000000000000008,0.0,0.0,0.0,0.04500000000000004,0.04500000000000004,common
393,1,0,1,0.07297104425010548,3.9577006253032607,9.6,12.6,0.3799999999999999,0.31249999999999983,4,0.5550000000000005,0.5549999999999999,0.09000000000000008,0.0,0.0,0.0,0.04500000000000004,0.04500000000000004,common
394,1,0,1,0.07296915602360643,4.0,9.6,12.6,0.3724999999999999,0.30499999999999977,4,0.5550000000000005,0.5549999999999999,0.09000000000000008,0.0,0.0,0.0,0.04500000000000004,0.04500000000000004,common
395,1,0,1,0.07292314092174489,4.0,9.6,12.6,0.3649999999999998,0.2974999999999998,4,0.5550000000000005,0.5549999999999999,0.09000000000000008,0.0,0.0,0.0,0.04500000000000004,0.04500000000000004,common
396,1,0,1,0.07294097517351639,4.0,9.6,12.6,0.3574999999999999,0.2899999999999998,4,0.5550000000000005,0.5549999999999999,0.09000000000000008,0.0,0.0,0.0,0.04500000000000004,0.04500000000000004,common
397,1,0,1,0.07294240022408206,4.0,9.6,12.6,0.34999999999999987,0.2824999999999998,4,0.5550000000000005,0.5549999999999999,0.09000000000000008,0.0,0.0,0.0,0.04500000000000004,0.04500000000000004,common
398,1,0,0,-0.16705333532691002,3.83294666467309,9.6,12.6,0.34249999999999986,0.27499999999999986,4,0.5550000000000005,0.5549999999999999,0.09000000000000008,0.0,0.0,0.0,0.04500000000000004,0.04500000000000004,common
399,1,1,1,0.007958476814183674,3.8409051414872737,9.6,12.6,0.4925,0.2674999999999998,4,0.5550000000000005,0.5549999999999999,0.09000000000000008,0.5549999999999988,0.0,0.0,0.04500000000000004,0.04500000000000004,common
400,1,0,1,0.07294606157124137,3.913851203058515,9.6,12.6,0.48499999999999993,0.2599999999999998,4,0.5550000000000005,0.5549999999999999,0.09000000000000008,0.0,0.0,0.0,0.04500000000000004,0.04500000000000004,common
401,1,0,0,-0.1671353009779046,3.7467159020806107,9.6,12.6,0.4775,0.2524999999999998,4,0.5550000000000005,0.5549999999999999,0.09000000000000008,0.0,0.0,0.0,0.04500000000000004,0.04500000000000004,common
402,1,0,0,-0.16712417133967986,3.5795917307409306,9.6,12.6,0.4699999999999999,0.24499999999999975,4,0.5550000000000005,0.5549999999999999,0.09000000000000008,0.0,0.0,0.0,0.04500000000000004,0.04500000000000004,common
403,1,0,1,0.0729063492432212,3.6524980799841518,9.6,12.6,0.46249999999999997,0.2374999999999998,4,0.5550000000000005,0.5549999999999999,0.09000000000000008,0.0,0.0,0.0,0.04500000000000004,0.04500000000000004,common
404,1,0,1,0.0729353769099461,3.725433456894098,9.6,12.6,0.455,0.22999999999999976,4,0.5550000000000005,0.5549999999999999,0.09000000000000008,0.0,0.0,0.0,0.04500000000000004,0.04500000000000004,common
405,1,0,1,0.07288884937676227,3.79832230627086,9.6,12.6,0.44749999999999995,0.22249999999999973,4,0.5550000000000005,0.5549999999999999,0.09000000000000008,0.0,0.0,0.0,0.04500000000000004,0.04500000000000004,common
406,1,0,1,0.07294140329551066,3.8712637095663704,9.6,12.6,0.43999999999999995,0.21499999999999977,4,0.5550000000000005,0.5549999999999999,0.09000000000000008,0.0,0.0,0.0,0.04500000000000004,0.04500000000000004,common
407,1,2,1,0.00789527617344449,3.879158985739815,9.6,12.6,0.43249999999999994,0.45749999999999974,4,0.5550000000000005,0.5549999999999999,0.09000000000000008,0.0,0.0,0.0,0.04500000000000004,0.04500000000000004,common
408,1,0,1,0.07293479068583827,3.952093776425653,9.6,12.6,0.4249999999999999,0.44999999999999973,4,0.5550000000000005,0.5549999999999999,0.09000000000000008,0.0,0.0,0.0,0.04500000000000004,0.04500000000000004,common
409,1,0,0,-0.16710770110130022,3.784986075324353,9.6,12.6,0.4174999999999999,0.4424999999999997,4,0.5550000000000005,0.5549999999999999,0.09000000000000008,0.0,0.0,0.0,0.04500000000000004,0.04500000000000004,common
410,1,0,1,0.07294961673352479,3.8579356920578776,9.6,12.6,0.41,0.43499999999999966,4,0.5550000000000005,0.5549999999999999,0.09000000000000008,0.0,0.0,0.0,0.04500000000000004,0.04500000000000004,common
411,1,1,1,0.007950455136870795,3.8658861471947485,9.6,12.6,0.4925,0.4274999999999997,4,0.5550000000000005,0.5549999999999999,0.09000000000000008,0.9599999999999995,0.0,0.0,0.04500000000000004,0.04500000000000004,common
412,1,0,0,-0.16708063556122482,3.6988055116335237,9.6,12.6,0.48499999999999993,0.41999999999999976,4,0.5550000000000005,0.5549999999999999,0.09000000000000008,0.0,0.0,0.0,0.04500000000000004,0.04500000000000004,common
413,1,0,1,0.07291956004383757,3.7717250716773614,9.6,12.6,0.4775,0.4124999999999997,4,0.5550000000000005,0.5549999999999999,0.09000000000000008,0.0,0.0,0.0,0.04500000000000004,0.04500000000000004,common
414,1,0,1,0.07291785629075773,3.844642927968119,9.6,12.6,0.4699999999999999,0.40499999999999975,4,0.5550000000000005,0.5549999999999999,0.09000000000000008,0.0,0.0,0.0,0.04500000000000004,0.04500000000000004,common
415,1,0,1,0.0729176210161827,3.917560548984302,9.6,12.6,0.46249999999999997,0.3974999999999997,4,0.5550000000000005,0.5549999999999999,0.09000000000000008,0.0,0.0,0.0,0.04500000000000004,0.04500000000000004,common
416,1,0,1,0.07295518843747274,3.9905157374217746,9.6,12.6,0.455,0.3899999999999997,4,0.5550000000000005,0.5549999999999999,0.09000000000000008,0.0,0.0,0.0,0.04500000000000004,0.04500000000000004,common
417,1,1,1,0.007944271655315662,3.9984600090770903,9.6,12.6,0.4925,0.3824999999999997,4,0.5550000000000005,0.5549999999999999,0.09000000000000008,1.2299999999999998,0.0,0.0,0.04500000000000004,0.04500000000000004,common
418,1,0,1,0.07291458416835925,4.0,9.6,12.6,0.48499999999999993,0.3749999999999996,4,0.5550000000000005,0.5549999999999999,0.09000000000000008,0.0,0.0,0.0,0.04500000000000004,0.04500000000000004,common
419,1,2,0,-0.23206437110440756,3.7679356288955925,9.6,12.6,0.4775,0.4925,4,0.5550000000000005,0.5549999999999999,0.09000000000000008,0.749999999999998,0.0,0.0,0.04500000000000004,0.04500000000000004,common
420,1,0,1,0.07291025663669735,3.84084588553229,9.6,12.6,0.4699999999999999,0.48499999999999993,4,0.5550000000000005,0.5549999999999999,0.09000000000000008,0.0,0.0,0.0,0.04500000000000004,0.04500000000000004,common
421,1,0,1,0.0729103191597119,3.913756204692002,9.6,12.6,0.46249999999999997,0.4775,4,0.5550000000000005,0.5549999999999999,0.09000000000000008,0.0,0.0,0.0,0.04500000000000004,0.04500000000000004,common
422,1,0,0,-0.16708358085346625,3.7466726238385357,9.6,12.6,0.455,0.4699999999999999,4,0.5550000000000005,0.5549999999999999,0.09000000000000008,0.0,0.0,0.0,0.04500000000000004,0.04500000000000004,common
423,1,0,1,0.07293406525168174,3.8196066890902176,9.6,12.6,0.44749999999999995,0.46249999999999997,4,0.5550000000000005,0.5549999999999999,0.09000000000000008,0.0,0.0,0.0,0.04500000000000004,0.04500000000000004,common
424,1,0,1,0.07293016883860266,3.89253685792882,9.6,12.6,0.43999999999999995,0.455,4,0.5550000000000005,0.5549999999999999,0.09000000000000008,0.0,0.0,0.0,0.04500000000000004,0.04500000000000004,common
425,1,0,1,0.07292481463744076,3.965461672566261,9.6,12.6,0.43249999999999994,0.44749999999999995,4,0.5550000000000005,0.5549999999999999,0.09000000000000008,0.0,0.0,0.0,0.04500000000000004,0.04500000000000004,common
426,1,0,1,0.07292113556774048,4.0,9.6,12.6,0.4249999999999999,0.43999999999999995,4,0.5550000000000005,0.5549999999999999,0.09000000000000008,0.0,0.0,0.0,0.04500000000000004,0.04500000000000004,common
427,1,0,1,0.07293966102039638,4.0,9.6,12.6,0.4174999999999999,0.43249999999999994,4,0.5550000000000005,0.5549999999999999,0.09000000000000008,0.0,0.0,0.0,0.04500000000000004,0.04500000000000004,common
428,1,0,1,0.07290888464706914,4.0,9.6,12.6,0.41,0.4249999999999999,4,0.5550000000000005,0.5549999999999999,0.09000000000000008,0.0,0.0,0.0,0.04500000000000004,0.04500000000000004,common
429,1,0,1,0.07289619452882617,4.0,9.6,12.6,0.4024999999999999,0.4174999999999999,4,0.5550000000000005,0.5549999999999999,0.09000000000000008,0.0,0.0,0.0,0.04500000000000004,0.04500000000000004,common
430,1,0,1,0.072925946428151,4.0,9.6,12.6,0.39499999999999996,0.41,4,0.5550000000000005,0.5549999999999999,0.09000000000000008,0.0,0.0,0.0,0.04500000000000004,0.04500000000000004,common
431,1,0,1,0.07292327527729246,4.0,9.6,12.6,0.3874999999999999,0.4024999999999999,4,0.5550000000000005,0.5549999999999999,0.09000000000000008,0.0,0.0,0.0,0.04500000000000004,0.04500000000000004,common
432,1,0,1,0.07294788955696706,4.0,9.6,12.6,0.3799999999999999,0.39499999999999996,4,0.5550000000000005,0.5549999999999999,0.09000000000000008,0.0,0.0,0.0,0.04500000000000004,0.04500000000000004,common
433,1,0,1,0.07292721900658994,4.0,9.6,12.6,0.3724999999999999,0.3874999999999999,4,0.5550000000000005,0.5549999999999999,0.09000000000000008,0.0,0.0,0.0,0.04500000000000004,0.04500000000000004,common
434,1,0,1,0.07297273150202244,4.0,9.6,12.6,0.3649999999999998,0.3799999999999999,4,0.5550000000000005,0.5549999999999999,0.09000000000000008,0.0,0.0,0.0,0.04500000000000004,0.04500000000000004,common
435,1,0,1,0.0729803491705966,4.0,9.6,12.6,0.3574999999999999,0.3724999999999999,4,0.5550000000000005,0.5549999999999999,0.09000000000000008,0.0,0.0,0.0,0.04500000000000004,0.04500000000000004,common
436,1,0,1,0.07292007832850855,4.0,9.6,12.6,0.34999999999999987,0.3649999999999998,4,0.5550000000000005,0.5549999999999999,0.09000000000000008,0.0,0.0,0.0,0.04500000000000004,0.04500000000000004,common
437,1,0,0,-0.16703491623925665,3.8329650837607434,9.6,12.6,0.34249999999999986,0.3574999999999999,4,0.5550000000000005,0.5549999999999999,0.09000000000000008,0.0,0.0,0.0,0.04500000000000004,0.04500000000000004,common
438,1,0,0,-0.16702679497812425,3.6659382887826193,9.6,12.6,0.3349999999999999,0.34999999999999987,4,0.5550000000000005,0.5549999999999999,0.09000000000000008,0.0,0.0,0.0,0.04500000000000004,0.04500000000000004,common
439,1,0,1,0.07299050377795373,3.738928792560573,9.6,12.6,0.32749999999999985,0.34249999999999986,4,0.5550000000000005,0.5549999999999999,0.09000000000000008,0.0,0.0,0.0,0.04500000000000004,0.04500000000000004,common
440,1,0,1,0.07293705306272322,3.8118658456232963,9.6,12.6,0.31999999999999984,0.3349999999999999,4,0.5550000000000005,0.5549999999999999,0.09000000000000008,0.0,0.0,0.0,0.04500000000000004,0.04500000000000004,common
441,1,0,1,0.0729378534928002,3.8848036991160964,9.6,12.6,0.31249999999999983,0.32749999999999985,4,0.5550000000000005,0.5549999999999999,0.09000000000000008,0.0,0.0,0.0,0.04500000000000004,0.04500000000000004,common
442,1,0,1,0.07296640203245292,3.957770101148549,9.6,12.6,0.30499999999999977,0.31999999999999984,4,0.5550000000000005,0.5549999999999999,0.09000000000000008,0.0,0.0,0.0,0.04500000000000004,0.04500000000000004,common
443,1,0,1,0.07295241702694058,4.0,9.6,12.6,0.2974999999999998,0.31249999999999983,4,0.5550000000000005,0.5549999999999999,0.09000000000000008,0.0,0.0,0.0,0.04500000000000004,0.04500000000000004,common
444,1,0,1,0.07297639210244453,4.0,9.6,12.6,0.2899999999999998,0.30499999999999977,4,0.5550000000000005,0.5549999999999999,0.09000000000000008,0.0,0.0,0.0,0.04500000000000004,0.04500000000000004,common
445,1,0,1,0.07294775718580654,4.0,9.6,12.6,0.2824999999999998,0.2974999999999998,4,0.5550000000000005,0.5549999999999999,0.09000000000000008,0.0,0.0,0.0,0.04500000000000004,0.04500000000000004,common
446,1,0,1,0.07295220517959171,4.0,9.6,12.6,0.27499999999999986,0.2899999999999998,4,0.5550000000000005,0.5549999999999999,0.09000000000000008,0.0,0.0,0.0,0.04500000000000004,0.04500000000000004,common
447,1,0,1,0.07296245173633956,4.0,9.6,12.6,0.2674999999999998,0.2824999999999998,4,0.5550000000000005,0.5549999999999999,0.09000000000000008,0.0,0.0,0.0,0.04500000000000004,0.04500000000000004,common
448,1,0,1,0.07296881300038036,4.0,9.6,12.6,0.2599999999999998,0.27499999999999986,4,0.5550000000000005,0.5549999999999999,0.09000000000000008,0.0,0.0,0.0,0.04500000000000004,0.04500000000000004,common
449,1,2,1,0.007974861579404139,4.0,9.6,12.6,0.2524999999999998,0.4925,4,0.5550000000000005,0.5549999999999999,0.09000000000000008,0.1499999999999988,0.0,0.0,0.04500000000000004,0.04500000000000004,common
450,1,0,1,0.07298854970086091,4.0,9.6,12.6,0.24499999999999975,0.48499999999999993,4,0.5550000000000005,0.5549999999999999,0.09000000000000008,0.0,0.0,0.0,0.04500000000000004,0.04500000000000004,common
451,1,0,1,0.07295913350071823,4.0,9.6,12.6,0.2374999999999998,0.4775,4,0.5550000000000005,0.5549999999999999,0.09000000000000008,0.0,0.0,0.0,0.04500000000000004,0.04500000000000004,common
452,1,0,1,0.07296460935202877,4.0,9.6,12.6,0.22999999999999976,0.4699999999999999,4,0.5550000000000005,0.5549999999999999,0.09000000000000008,0.0,0.0,0.0,0.04500000000000004,0.04500000000000004,common
453,1,1,1,0.00797414841911787,4.0,9.6,12.6,0.47249999999999975,0.46249999999999997,4,0.5550000000000005,0.5549999999999999,0.09000000000000008,0.0,0.0,0.0,0.04500000000000004,0.04500000000000004,common
454,1,0,1,0.07289003462893638,4.0,9.6,12.6,0.4649999999999998,0.455,4,0.5550000000000005,0.5549999999999999,0.09000000000000008,0.0,0.0,0.0,0.04500000000000004,0.04500000000000004,common
455,1,0,0,-0.16712065697670225,3.832879343023298,9.6,12.6,0.45749999999999974,0.44749999999999995,4,0.5550000000000005,0.5549999999999999,0.09000000000000008,0.0,0.0,0.0,0.04500000000000004,0.04500000000000004,common
456,1,0,1,0.07293842904087665,3.9058177720641747,9.6,12.6,0.44999999999999973,0.43999999999999995,4,0.5550000000000005,0.5549999999999999,0.09000000000000008,0.0,0.0,0.0,0.04500000000000004,0.04500000000000004,common
457,1,0,1,0.07292513242417303,3.9787429044883478,9.6,12.6,0.4424999999999997,0.43249999999999994,4,0.5550000000000005,0.5549999999999999,0.09000000000000008,0.0,0.0,0.0,0.04500000000000004,0.04500000000000004,common
458,1,0,1,0.07291472135177164,4.0,9.6,12.6,0.43499999999999966,0.4249999999999999,4,0.5550000000000005,0.5549999999999999,0.09000000000000008,0.0,0.0,0.0,0.04500000000000004,0.04500000000000004,common
459,1,0,1,0.07290457025720647,4.0,9.6,12.6,0.4274999999999997,0.4174999999999999,4,0.5550000000000005,0.5549999999999999,0.09000000000000008,0.0,0.0,0.0,0.04500000000000004,0.04500000000000004,common
460,1,0,1,0.07291905805190482,4.0,9.6,12.6,0.41999999999999976,0.41,4,0.5550000000000005,0.5549999999999999,0.09000000000000008,0.0,0.0,0.0,0.04500000000000004,0.04500000000000004,common
461,1,0,1,0.07292681557671747,4.0,9.6,12.6,0.4124999999999997,0.4024999999999999,4,0.5550000000000005,0.5549999999999999,0.09000000000000008,0.0,0.0,0.0,0.04500000000000004,0.04500000000000004,common
462,1,0,1,0.07289980582459078,4.0,9.6,12.6,0.40499999999999975,0.39499999999999996,4,0.5550000000000005,0.5549999999999999,0.09000000000000008,0.0,0.0,0.0,0.04500000000000004,0.04500000000000004,common
463,1,0,1,0.07294613669020981,4.0,9.6,12.6,0.3974999999999997,0.3874999999999999,4,0.5550000000000005,0.5549999999999999,0.09000000000000008,0.0,0.0,0.0,0.04500000000000004,0.04500000000000004,common
464,1,0,1,0.07296300550483534,4.0,9.6,12.6,0.3899999999999997,0.3799999999999999,4,0.5550000000000005,0.5549999999999999,0.09000000000000008,0.0,0.0,0.0,0.04500000000000004,0.04500000000000004,common
465,1,0,1,0.07296292780263468,4.0,9.6,12.6,0.3824999999999997,0.3724999999999999,4,0.5550000000000005,0.5549999999999999,0.09000000000000008,0.0,0.0,0.0,0.04500000000000004,0.04500000000000004,common
466,1,2,1,0.007954366504874496,4.0,9.6,12.6,0.3749999999999996,0.4925,4,0.5550000000000005,0.5549999999999999,0.09000000000000008,0.734999999999999,0.0,0.0,0.04500000000000004,0.04500000000000004,common
467,1,0,1,0.07293460591948893,4.0,9.6,12.6,0.36749999999999966,0.48499999999999993,4,0.5550000000000005,0.5549999999999999,0.09000000000000008,0.0,0.0,0.0,0.04500000000000004,0.04500000000000004,common
468,1,0,1,0.07292650554679142,4.0,9.6,12.6,0.35999999999999965,0.4775,4,0.5550000000000005,0.5549999999999999,0.09000000000000008,0.0,0.0,0.0,0.04500000000000004,0.04500000000000004,common
469,1,0,1,0.07294895184489139,4.0,9.6,12.6,0.35249999999999965,0.4699999999999999,4,0.5550000000000005,0.5549999999999999,0.09000000000000008,0.0,0.0,0.0,0.04500000000000004,0.04500000000000004,common
470,1,0,1,0.07292609620693861,4.0,9.6,12.6,0.3449999999999997,0.46249999999999997,4,0.5550000000000005,0.5549999999999999,0.09000000000000008,0.0,0.0,0.0,0.04500000000000004,0.04500000000000004,common
471,1,0,1,0.07294267190769872,4.0,9.6,12.6,0.33749999999999963,0.455,4,0.5550000000000005,0.5549999999999999,0.09000000000000008,0.0,0.0,0.0,0.04500000000000004,0.04500000000000004,common
472,1,2,1,0.007954559509737398,4.0,9.6,12.6,0.3299999999999996,0.4925,4,0.5550000000000005,0.5549999999999999,0.09000000000000008,1.23,0.0,0.0,0.04500000000000004,0.04500000000000004,common
473,1,0,1,0.07293693864595645,4.0,9.6,12.6,0.3224999999999996,0.48499999999999993,4,0.5550000000000005,0.5549999999999999,0.09000000000000008,0.0,0.0,0.0,0.04500000000000004,0.04500000000000004,common
474,1,0,1,0.07294408313395122,4.0,9.6,12.6,0.31499999999999956,0.4775,4,0.5550000000000005,0.5549999999999999,0.09000000000000008,0.0,0.0,0.0,0.04500000000000004,0.04500000000000004,common
475,1,0,1,0.07293412893593353,4.0,9.6,12.6,0.3074999999999996,0.4699999999999999,4,0.5550000000000005,0.5549999999999999,0.09000000000000008,0.0,0.0,0.0,0.04500000000000004,0.04500000000000004,common
476,1,0,1,0.0729716320074033,4.0,9.6,12.6,0.2999999999999996,0.46249999999999997,4,0.5550000000000005,0.5549999999999999,0.09000000000000008,0.0,0.0,0.0,0.04500000000000004,0.04500000000000004,common
477,1,1,1,0.007957393249207152,4.0,9.6,12.6,0.4925,0.455,4,0.5550000000000005,0.5549999999999999,0.09000000000000008,0.2999999999999976,0.0,0.0,0.04500000000000004,0.04500000000000004,common
478,1,0,1,0.07286722719062386,4.0,9.6,12.6,0.48499999999999993,0.44749999999999995,4,0.5550000000000005,0.5549999999999999,0.09000000000000008,0.0,0.0,0.0,0.04500000000000004,0.04500000000000004,common
479,1,2,1,0.00787186770500114,4.0,9.6,12.6,0.4775,0.4924999999999999,4,0.5550000000000005,0.5549999999999999,0.09000000000000008,1.185,0.0,5.551115123125783e-17,0.04500000000000004,0.04500000000000004,common
480,1,1,1,0.00790065838429332,4.0,9.6,12.6,0.4924999999999999,0.48499999999999993,4,0.5550000000000005,0.5549999999999999,0.09000000000000008,1.3650000000000002,0.0,5.551115123125783e-17,0.04500000000000004,0.04500000000000004,common
481,1,0,1,0.07286280942196906,4.0,9.6,12.6,0.48499999999999993,0.4775,4,0.5550000000000005,0.5549999999999999,0.09000000000000008,0.0,0.0,0.0,0.04500000000000004,0.04500000000000004,common
482,1,0,1,0.07287023633348051,4.0,9.6,12.6,0.4775,0.4699999999999999,4,0.5550000000000005,0.5549999999999999,0.09000000000000008,0.0,0.0,0.0,0.04500000000000004,0.04500000000000004,common
483,1,0,1,0.07291156848104458,4.0,9.6,12.6,0.4699999999999999,0.4624999999999999,4,0.5550000000000005,0.5549999999999999,0.09000000000000008,0.0,0.0,0.0,0.04500000000000004,0.04500000000000004,common
484,1,0,1,0.07286469604464979,4.0,9.6,12.6,0.4624999999999999,0.4549999999999999,4,0.5550000000000005,0.5549999999999999,0.09000000000000008,0.0,0.0,0.0,0.04500000000000004,0.04500000000000004,common
485,1,0,1,0.07289910569185859,4.0,9.6,12.6,0.4549999999999999,0.44749999999999984,4,0.5550000000000005,0.5549999999999999,0.09000000000000008,0.0,0.0,0.0,0.04500000000000004,0.04500000000000004,common
486,1,0,1,0.07286934341567088,4.0,9.6,12.6,0.44749999999999984,0.4399999999999999,4,0.5550000000000005,0.5549999999999999,0.09000000000000008,0.0,0.0,0.0,0.04500000000000004,0.04500000000000004,common
487,1,0,0,-0.16712617925602075,3.832873820743979,9.6,12.6,0.4399999999999999,0.43249999999999994,4,0.5550000000000005,0.5549999999999999,0.09000000000000008,0.0,0.0,0.0,0.04500000000000004,0.04500000000000004,common
488,1,0,1,0.07291857826591923,3.9057923990098984,9.6,12.6,0.43249999999999994,0.4249999999999999,4,0.5550000000000005,0.5549999999999999,0.09000000000000008,0.0,0.0,0.0,0.04500000000000004,0.04500000000000004,common
489,1,2,1,0.007916679798895206,3.9137090788087936,9.6,12.6,0.4249999999999999,0.4925,4,0.5550000000000005,0.5549999999999999,0.09000000000000008,1.049999999999999,0.0,0.0,0.04500000000000004,0.04500000000000004,common
490,1,0,1,0.07293156393738646,3.9866406427461802,9.6,12.6,0.4174999999999999,0.48499999999999993,4,0.5550000000000005,0.5549999999999999,0.09000000000000008,0.0,0.0,0.0,0.04500000000000004,0.04500000000000004,common
491,1,0,1,0.07291982418075313,4.0,9.6,12.6,0.40999999999999986,0.4775,4,0.5550000000000005,0.5549999999999999,0.09000000000000008,0.0,0.0,0.0,0.04500000000000004,0.04500000000000004,common
492,1,0,1,0.07296651096371679,4.0,9.6,12.6,0.40249999999999986,0.4699999999999999,4,0.5550000000000005,0.5549999999999999,0.09000000000000008,0.0,0.0,0.0,0.04500000000000004,0.04500000000000004,common
493,1,0,1,0.07292329293262521,4.0,9.6,12.6,0.39499999999999985,0.46249999999999997,4,0.5550000000000005,0.5549999999999999,0.09000000000000008,0.0,0.0,0.0,0.04500000000000004,0.04500000000000004,common
494,1,0,1,0.0729528115015007,4.0,9.6,12.6,0.3874999999999998,0.455,4,0.5550000000000005,0.5549999999999999,0.09000000000000008,0.0,0.0,0.0,0.04500000000000004,0.04500000000000004,common
495,1,0,1,0.0729348809808532,4.0,9.6,12.6,0.37999999999999984,0.44749999999999995,4,0.5550000000000005,0.5549999999999999,0.09000000000000008,0.0,0.0,0.0,0.04500000000000004,0.04500000000000004,common
496,1,0,0,-0.16704958585554933,3.8329504141444506,9.6,12.6,0.37249999999999983,0.43999999999999995,4,0.5550000000000005,0.5549999999999999,0.09000000000000008,0.0,0.0,0.0,0.04500000000000004,0.04500000000000004,common
497,1,0,1,0.07293992483830027,3.905890338982751,9.6,12.6,0.3649999999999998,0.43249999999999994,4,0.5550000000000005,0.5549999999999999,0.09000000000000008,0.0,0.0,0.0,0.04500000000000004,0.04500000000000004,common
498,1,2,1,0.007934941438005647,3.9138252804207565,9.6,12.6,0.3574999999999999,0.4925,4,0.5550000000000005,0.5549999999999999,0.09000000000000008,1.0949999999999993,0.0,0.0,0.04500000000000004,0.04500000000000004,common
499,1,0,1,0.07293320019210722,3.9867584806128638,9.6,12.6,0.3499999999999998,0.48499999999999993,4,0.5550000000000005,0.5549999999999999,0.09000000000000008,0.0,0.0,0.0,0.04500000000000004,0.04500000000000004,common
500,1,1,1,0.007972788122781781,3.9947312687356455,9.6,12.6,0.4924999999999999,0.4775,4,0.5550000000000005,0.5549999999999999,0.09000000000000008,0.5999999999999992,0.0,5.551115123125783e-17,0.04500000000000004,0.04500000000000004,common
501,1,2,0,-0.2321319078326366,3.762599360903009,9.6,12.6,0.48499999999999993,0.4924999999999999,4,0.5550000000000005,0.5549999999999999,0.09000000000000008,1.3650000000000002,0.0,5.551115123125783e-17,0.04500000000000004,0.04500000000000004,common
502,1,0,1,0.07285660588707406,3.835455966790083,9.6,12.6,0.4775,0.48499999999999993,4,0.5550000000000005,0.5549999999999999,0.09000000000000008,0.0,0.0,0.0,0.04500000000000004,0.04500000000000004,common
503,1,0,1,0.07291685587440319,3.9083728226644863,9.6,12.6,0.4699999999999999,0.4775,4,0.5550000000000005,0.5549999999999999,0.09000000000000008,0.0,0.0,0.0,0.04500000000000004,0.04500000000000004,common
504,1,0,1,0.07288500486200923,3.9812578275264956,9.6,12.6,0.4624999999999999,0.4699999999999999,4,0.5550000000000005,0.5549999999999999,0.09000000000000008,0.0,0.0,0.0,0.04500000000000004,0.04500000000000004,common
505,1,0,1,0.07291106311197881,4.0,9.6,12.6,0.4549999999999999,0.4624999999999999,4,0.5550000000000005,0.5549999999999999,0.09000000000000008,0.0,0.0,0.0,0.04500000000000004,0.04500000000000004,common
506,1,0,1,0.07292569268918028,4.0,9.6,12.6,0.44749999999999984,0.4549999999999999,4,0.5550000000000005,0.5549999999999999,0.09000000000000008,0.0,0.0,0.0,0.04500000000000004,0.04500000000000004,common
507,1,0,1,0.07293146626924768,4.0,9.6,12.6,0.4399999999999999,0.44749999999999984,4,0.5550000000000005,0.5549999999999999,0.09000000000000008,0.0,0.0,0.0,0.04500000000000004,0.04500000000000004,common
508,1,0,1,0.07290647666941696,4.0,9.6,12.6,0.43249999999999994,0.4399999999999999,4,0.5550000000000005,0.5549999999999999,0.09000000000000008,0.0,0.0,0.0,0.04500000000000004,0.04500000000000004,common
509,1,0,0,-0.16711010195155337,3.8328898980484465,9.6,12.6,0.4249999999999999,0.43249999999999994,4,0.5550000000000005,0.5549999999999999,0.09000000000000008,0.0,0.0,0.0,0.04500000000000004,0.04500000000000004,common
510,1,0,1,0.07289921111245924,3.9057891091609056,9.6,12.6,0.4174999999999999,0.4249999999999999,4,0.5550000000000005,0.5549999999999999,0.09000000000000008,0.0,0.0,0.0,0.04500000000000004,0.04500000000000004,common
511,1,0,1,0.07290060610598083,3.9786897152668863,9.6,12.6,0.40999999999999986,0.4174999999999999,4,0.5550000000000005,0.5549999999999999,0.09000000000000008,0.0,0.0,0.0,0.04500000000000004,0.04500000000000004,common
512,1,0,1,0.07295102631716968,4.0,9.6,12.6,0.40249999999999986,0.40999999999999986,5,0.5550000000000005,0.5549999999999999,0.09000000000000008,0.0,0.0,0.0,0.04500000000000004,0.04500000000000004,common
513,1,0,1,0.07293568287289101,4.0,9.6,12.6,0.39499999999999985,0.40249999999999986,5,0.5550000000000005,0.5549999999999999,0.09000000000000008,0.0,0.0,0.0,0.04500000000000004,0.04500000000000004,common
514,1,0,1,0.07291867071522982,4.0,9.6,12.6,0.3874999999999998,0.39499999999999985,5,0.5550000000000005,0.5549999999999999,0.09000000000000008,0.0,0.0,0.0,0.04500000000000004,0.04500000000000004,common
515,1,0,1,0.07293350920057519,4.0,9.6,12.6,0.37999999999999984,0.3874999999999998,5,0.5550000000000005,0.5549999999999999,0.09000000000000008,0.0,0.0,0.0,0.04500000000000004,0.04500000000000004,common
516,1,0,1,0.07293440462890867,4.0,9.6,12.6,0.37249999999999983,0.37999999999999984,5,0.5550000000000005,0.5549999999999999,0.09000000000000008,0.0,0.0,0.0,0.04500000000000004,0.04500000000000004,common
517,1,0,1,0.07293750057074115,4.0,9.6,12.6,0.3649999999999998,0.37249999999999983,5,0.5550000000000005,0.5549999999999999,0.09000000000000008,0.0,0.0,0.0,0.04500000000000004,0.04500000000000004,common
518,1,0,1,0.07294687369094337,4.0,9.6,12.6,0.3574999999999999,0.3649999999999998,5,0.5550000000000005,0.5549999999999999,0.09000000000000008,0.0,0.0,0.0,0.04500000000000004,0.04500000000000004,common
519,1,0,1,0.07296766531173883,4.0,9.6,12.6,0.3499999999999998,0.3574999999999999,5,0.5550000000000005,0.5549999999999999,0.09000000000000008,0.0,0.0,0.0,0.04500000000000004,0.04500000000000004,common
520,1,0,0,-0.16707581831832555,3.8329241816816744,9.6,12.6,0.3424999999999998,0.3499999999999998,5,0.5550000000000005,0.5549999999999999,0.09000000000000008,0.0,0.0,0.0,0.04500000000000004,0.04500000000000004,common
521,1,0,1,0.07298881891370614,3.9059130005953806,9.6,12.6,0.3349999999999998,0.3424999999999998,5,0.5550000000000005,0.5549999999999999,0.09000000000000008,0.0,0.0,0.0,0.04500000000000004,0.04500000000000004,common
522,1,2,1,0.007998823544252123,3.9139118241396327,9.6,12.6,0.32749999999999974,0.4925,5,0.5550000000000005,0.5549999999999999,0.09000000000000008,0.5549999999999988,0.0,0.0,0.04500000000000004,0.04500000000000004,common
523,1,0,1,0.07293694745607605,3.986848771595709,9.6,12.6,0.3199999999999998,0.48499999999999993,5,0.5550000000000005,0.5549999999999999,0.09000000000000008,0.0,0.0,0.0,0.04500000000000004,0.04500000000000004,common
524,1,0,1,0.07292457290193403,4.0,9.6,12.6,0.3124999999999998,0.4775,5,0.5550000000000005,0.5549999999999999,0.09000000000000008,0.0,0.0,0.0,0.04500000000000004,0.04500000000000004,common
525,1,2,1,0.007952247116622922,4.0,9.6,12.6,0.30499999999999977,0.4924999999999999,5,0.5550000000000005,0.5549999999999999,0.09000000000000008,1.3650000000000002,0.0,5.551115123125783e-17,0.04500000000000004,0.04500000000000004,common
526,1,1,1,0.007929278548811156,4.0,9.6,12.6,0.4925,0.48499999999999993,5,0.5550000000000005,0.5549999999999999,0.09000000000000008,0.3299999999999983,0.0,0.0,0.04500000000000004,0.04500000000000004,common
527,1,0,1,0.07291262350630248,4.0,9.6,12.6,0.48499999999999993,0.4775,5,0.5550000000000005,0.5549999999999999,0.09000000000000008,0.0,0.0,0.0,0.04500000000000004,0.04500000000000004,common
528,1,1,1,0.00788057840347083,4.0,9.6,12.6,0.4925,0.4699999999999999,5,0.5550000000000005,0.5549999999999999,0.09000000000000008,1.41,0.0,0.0,0.04500000000000004,0.04500000000000004,common
529,1,0,1,0.07289877804803269,4.0,9.6,12.6,0.48499999999999993,0.4624999999999999,5,0.5550000000000005,0.5549999999999999,0.09000000000000008,0.0,0.0,0.0,0.04500000000000004,0.04500000000000004,common
530,1,0,1,0.07290366618368875,4.0,9.6,12.6,0.4775,0.4549999999999999,5,0.5550000000000005,0.5549999999999999,0.09000000000000008,0.0,0.0,0.0,0.04500000000000004,0.04500000000000004,common
531,1,0,1,0.07291803307126915,4.0,9.6,12.6,0.4699999999999999,0.44749999999999984,5,0.5550000000000005,0.5549999999999999,0.09000000000000008,0.0,0.0,0.0,0.04500000000000004,0.04500000000000004,common
532,1,0,1,0.07290559582984332,4.0,9.6,12.6,0.46249999999999997,0.4399999999999999,5,0.5550000000000005,0.5549999999999999,0.09000000000000008,0.0,0.0,0.0,0.04500000000000004,0.04500000000000004,common
533,1,0,1,0.07291195276656316,4.0,9.6,12.6,0.455,0.43249999999999994,5,0.5550000000000005,0.5549999999999999,0.09000000000000008,0.0,0.0,0.0,0.04500000000000004,0.04500000000000004,common
534,1,0,1,0.07289807623554387,4.0,9.6,12.6,0.44749999999999995,0.4249999999999999,5,0.5550000000000005,0.5549999999999999,0.09000000000000008,0.0,0.0,0.0,0.04500000000000004,0.04500000000000004,common
535,1,0,1,0.07287235990911596,4.0,9.6,12.6,0.43999999999999995,0.4174999999999999,5,0.5550000000000005,0.5549999999999999,0.09000000000000008,0.0,0.0,0.0,0.04500000000000004,0.04500000000000004,common
536,1,0,0,-0.16707628672774189,3.8329237132722582,9.6,12.6,0.43249999999999994,0.40999999999999986,5,0.5550000000000005,0.5549999999999999,0.09000000000000008,0.0,0.0,0.0,0.04500000000000004,0.04500000000000004,common
537,1,0,1,0.07293655156758286,3.9058602648398413,9.6,12.6,0.4249999999999999,0.40249999999999986,5,0.5550000000000005,0.5549999999999999,0.09000000000000008,0.0,0.0,0.0,0.04500000000000004,0.04500000000000004,common
538,1,0,1,0.07289947756669803,3.9787597424065395,9.6,12.6,0.4174999999999999,0.39499999999999985,5,0.5550000000000005,0.5549999999999999,0.09000000000000008,0.0,0.0,0.0,0.04500000000000004,0.04500000000000004,common
539,1,0,1,0.0729198307834957,4.0,9.6,12.6,0.41,0.3874999999999998,5,0.5550000000000005,0.5549999999999999,0.09000000000000008,0.0,0.0,0.0,0.04500000000000004,0.04500000000000004,common
540,1,0,1,0.0729179694089874,4.0,9.6,12.6,0.4024999999999999,0.37999999999999984,5,0.5550000000000005,0.5549999999999999,0.09000000000000008,0.0,0.0,0.0,0.04500000000000004,0.04500000000000004,common
541,1,0,1,0.07293094200155176,4.0,9.6,12.6,0.39499999999999996,0.37249999999999983,5,0.5550000000000005,0.5549999999999999,0.09000000000000008,0.0,0.0,0.0,0.04500000000000004,0.04500000000000004,common
542,1,0,1,0.07293311707318727,4.0,9.6,12.6,0.3874999999999999,0.3649999999999998,5,0.5550000000000005,0.5549999999999999,0.09000000000000008,0.0,0.0,0.0,0.04500000000000004,0.04500000000000004,common
543,1,0,1,0.07291011016706533,4.0,9.6,12.6,0.3799999999999999,0.3574999999999999,5,0.5550000000000005,0.5549999999999999,0.09000000000000008,0.0,0.0,0.0,0.04500000000000004,0.04500000000000004,common
544,1,0,1,0.0729429243232205,4.0,9.6,12.6,0.3724999999999999,0.3499999999999998,5,0.5550000000000005,0.5549999999999999,0.09000000000000008,0.0,0.0,0.0,0.04500000000000004,0.04500000000000004,common
545,1,0,0,-0.16706351070106043,3.8329364892989397,9.6,12.6,0.3649999999999998,0.3424999999999998,5,0.5550000000000005,0.5549999999999999,0.09000000000000008,0.0,0.0,0.0,0.04500000000000004,0.04500000000000004,common
546,1,0,1,0.07289722080589281,3.9058337101048326,9.6,12.6,0.3574999999999999,0.3349999999999998,5,0.5550000000000005,0.5549999999999999,0.09000000000000008,0.0,0.0,0.0,0.04500000000000004,0.04500000000000004,common
547,1,0,0,-0.1670819887337165,3.7387517213711163,9.6,12.6,0.34999999999999987,0.32749999999999974,5,0.5550000000000005,0.5549999999999999,0.09000000000000008,0.0,0.0,0.0,0.04500000000000004,0.04500000000000004,common
548,1,0,1,0.07296585016504083,3.8117175715361573,9.6,12.6,0.34249999999999986,0.3199999999999998,5,0.5550000000000005,0.5549999999999999,0.09000000000000008,0.0,0.0,0.0,0.04500000000000004,0.04500000000000004,common
549,1,0,0,-0.16707643610626366,3.6446411354298935,9.6,12.6,0.3349999999999999,0.3124999999999998,5,0.5550000000000005,0.5549999999999999,0.09000000000000008,0.0,0.0,0.0,0.04500000000000004,0.04500000000000004,common
550,1,0,1,0.07292883339450094,3.7175699688243946,9.6,12.6,0.32749999999999985,0.30499999999999977,5,0.5550000000000005,0.5549999999999999,0.09000000000000008,0.0,0.0,0.0,0.04500000000000004,0.04500000000000004,common
551,1,0,1,0.0729377728877355,3.7905077417121302,9.6,12.6,0.31999999999999984,0.2974999999999998,5,0.5550000000000005,0.5549999999999999,0.09000000000000008,0.0,0.0,0.0,0.04500000000000004,0.04500000000000004,common
552,1,0,1,0.072925353725406,3.863433095437536,9.6,12.6,0.31249999999999983,0.28999999999999976,5,0.5550000000000005,0.5549999999999999,0.09000000000000008,0.0,0.0,0.0,0.04500000000000004,0.04500000000000004,common
553,1,0,1,0.07295514160917074,3.936388237046707,9.6,12.6,0.30499999999999977,0.28249999999999975,5,0.5550000000000005,0.5549999999999999,0.09000000000000008,0.0,0.0,0.0,0.04500000000000004,0.04500000000000004,common
554,1,0,1,0.07295623448892219,4.0,9.6,12.6,0.2974999999999998,0.27499999999999974,5,0.5550000000000005,0.5549999999999999,0.09000000000000008,0.0,0.0,0.0,0.04500000000000004,0.04500000000000004,common
555,1,0,0,-0.1670555084263015,3.8329444915736985,9.6,12.6,0.2899999999999998,0.2674999999999997,5,0.5550000000000005,0.5549999999999999,0.09000000000000008,0.0,0.0,0.0,0.04500000000000004,0.04500000000000004,common
556,1,0,1,0.07294888313491804,3.9058933747086164,9.6,12.6,0.2824999999999998,0.25999999999999973,5,0.5550000000000005,0.5549999999999999,0.09000000000000008,0.0,0.0,0.0,0.04500000000000004,0.04500000000000004,common
557,1,0,1,0.07294769845687739,3.9788410731654937,9.6,12.6,0.27499999999999986,0.2524999999999997,5,0.5550000000000005,0.5549999999999999,0.09000000000000008,0.0,0.0,0.0,0.04500000000000004,0.04500000000000004,common
558,1,0,1,0.07294387171081883,4.0,9.6,12.6,0.2674999999999998,0.2449999999999997,5,0.5550000000000005,0.5549999999999999,0.09000000000000008,0.0,0.0,0.0,0.04500000000000004,0.04500000000000004,common
559,1,0,1,0.07296672506223958,4.0,9.6,12.6,0.2599999999999998,0.23749999999999974,5,0.5550000000000005,0.5549999999999999,0.09000000000000008,0.0,0.0,0.0,0.04500000000000004,0.04500000000000004,common
560,1,0,1,0.07292516319177535,4.0,9.6,12.6,0.2524999999999998,0.22999999999999973,5,0.5550000000000005,0.5549999999999999,0.09000000000000008,0.0,0.0,0.0,0.04500000000000004,0.04500000000000004,common
561,1,0,1,0.07293822313046718,4.0,9.6,12.6,0.24499999999999975,0.2224999999999997,5,0.5550000000000005,0.5549999999999999,0.09000000000000008,0.0,0.0,0.0,0.04500000000000004,0.04500000000000004,common
562,1,2,1,0.00793932004219517,4.0,9.6,12.6,0.2374999999999998,0.4649999999999997,5,0.5550000000000005,0.5549999999999999,0.09000000000000008,0.0,0.0,0.0,0.04500000000000004,0.04500000000000004,common
563,1,1,1,0.007968901864479901,4.0,9.6,12.6,0.4799999999999997,0.45749999999999963,5,0.5550000000000005,0.5549999999999999,0.09000000000000008,0.0,0.0,0.0,0.04500000000000004,0.04500000000000004,common
564,1,0,1,0.07287375273185728,4.0,9.6,12.6,0.47249999999999975,0.4499999999999997,5,0.5550000000000005,0.5549999999999999,0.09000000000000008,0.0,0.0,0.0,0.04500000000000004,0.04500000000000004,common
565,1,0,1,0.07288689998320766,4.0,9.6,12.6,0.4649999999999998,0.4424999999999997,5,0.5550000000000005,0.5549999999999999,0.09000000000000008,0.0,0.0,0.0,0.04500000000000004,0.04500000000000004,common
566,1,0,1,0.07290318411186325,4.0,9.6,12.6,0.45749999999999974,0.43499999999999966,5,0.5550000000000005,0.5549999999999999,0.09000000000000008,0.0,0.0,0.0,0.04500000000000004,0.04500000000000004,common
567,1,0,1,0.0728890915269006,4.0,9.6,12.6,0.44999999999999973,0.4274999999999997,5,0.5550000000000005,0.5549999999999999,0.09000000000000008,0.0,0.0,0.0,0.04500000000000004,0.04500000000000004,common
568,1,0,1,0.07291488804594685,4.0,9.6,12.6,0.4424999999999997,0.41999999999999965,5,0.5550000000000005,0.5549999999999999,0.09000000000000008,0.0,0.0,0.0,0.04500000000000004,0.04500000000000004,common
569,1,0,1,0.07291501011173192,4.0,9.6,12.6,0.43499999999999966,0.41249999999999964,5,0.5550000000000005,0.5549999999999999,0.09000000000000008,0.0,0.0,0.0,0.04500000000000004,0.04500000000000004,common
570,1,0,1,0.07291251217660154,4.0,9.6,12.6,0.4274999999999997,0.40499999999999964,5,0.5550000000000005,0.5549999999999999,0.09000000000000008,0.0,0.0,0.0,0.04500000000000004,0.04500000000000004,common
571,1,0,0,-0.16708770650450194,3.832912293495498,9.6,12.6,0.41999999999999976,0.3974999999999996,5,0.5550000000000005,0.5549999999999999,0.09000000000000008,0.0,0.0,0.0,0.04500000000000004,0.04500000000000004,common
572,1,0,1,0.07290275448715154,3.9058150479826494,9.6,12.6,0.4124999999999997,0.3899999999999996,5,0.5550000000000005,0.5549999999999999,0.09000000000000008,0.0,0.0,0.0,0.04500000000000004,0.04500000000000004,common
573,1,0,0,-0.1670962961894492,3.7387187517932,9.6,12.6,0.40499999999999975,0.3824999999999996,5,0.5550000000000005,0.5549999999999999,0.09000000000000008,0.0,0.0,0.0,0.04500000000000004,0.04500000000000004,common
574,1,0,1,0.07290180341067606,3.811620555203876,9.6,12.6,0.3974999999999997,0.3749999999999996,5,0.5550000000000005,0.5549999999999999,0.09000000000000008,0.0,0.0,0.0,0.04500000000000004,0.04500000000000004,common
575,1,0,1,0.07292385543957153,3.8845444106434477,9.6,12.6,0.3899999999999997,0.36749999999999966,5,0.5550000000000005,0.5549999999999999,0.09000000000000008,0.0,0.0,0.0,0.04500000000000004,0.04500000000000004,common
576,1,0,1,0.07289824526332704,3.9574426559067746,9.6,12.6,0.3824999999999997,0.3599999999999996,5,0.5550000000000005,0.5549999999999999,0.09000000000000008,0.0,0.0,0.0,0.04500000000000004,0.04500000000000004,common
577,1,0,1,0.07291554048074929,4.0,9.6,12.6,0.3749999999999996,0.3524999999999996,5,0.5550000000000005,0.5549999999999999,0.09000000000000008,0.0,0.0,0.0,0.04500000000000004,0.04500000000000004,common
578,1,0,1,0.07289548227857065,4.0,9.6,12.6,0.36749999999999966,0.3449999999999996,5,0.5550000000000005,0.5549999999999999,0.09000000000000008,0.0,0.0,0.0,0.04500000000000004,0.04500000000000004,common
579,1,0,1,0.07291218707591546,4.0,9.6,12.6,0.35999999999999965,0.3374999999999995,5,0.5550000000000005,0.5549999999999999,0.09000000000000008,0.0,0.0,0.0,0.04500000000000004,0.04500000000000004,common
580,1,2,1,0.007945627287912276,4.0,9.6,12.6,0.35249999999999965,0.4925,5,0.5550000000000005,0.5549999999999999,0.09000000000000008,0.5249999999999975,0.0,0.0,0.04500000000000004,0.04500000000000004,common
581,1,0,0,-0.16708463253913544,3.8329153674608647,9.6,12.6,0.3449999999999997,0.48499999999999993,5,0.5550000000000005,0.5549999999999999,0.09000000000000008,0.0,0.0,0.0,0.04500000000000004,0.04500000000000004,common
582,1,0,0,-0.16709026725421833,3.6658251002066464,9.6,12.6,0.33749999999999963,0.4775,5,0.5550000000000005,0.5549999999999999,0.09000000000000008,0.0,0.0,0.0,0.04500000000000004,0.04500000000000004,common
583,1,0,1,0.07290240451171508,3.7387275047183617,9.6,12.6,0.3299999999999996,0.4699999999999999,5,0.5550000000000005,0.5549999999999999,0.09000000000000008,0.0,0.0,0.0,0.04500000000000004,0.04500000000000004,common
584,1,0,1,0.07295572003828153,3.811683224756643,9.6,12.6,0.3224999999999996,0.46249999999999997,5,0.5550000000000005,0.5549999999999999,0.09000000000000008,0.0,0.0,0.0,0.04500000000000004,0.04500000000000004,common
585,1,0,1,0.07295694150436381,3.884640166261007,9.6,12.6,0.31499999999999956,0.455,5,0.5550000000000005,0.5549999999999999,0.09000000000000008,0.0,0.0,0.0,0.04500000000000004,0.04500000000000004,common
586,1,0,1,0.0729485054004994,3.9575886716615063,9.6,12.6,0.3074999999999996,0.44749999999999995,5,0.5550000000000005,0.5549999999999999,0.09000000000000008,0.0,0.0,0.0,0.04500000000000004,0.04500000000000004,common
587,1,0,1,0.07292851283647647,4.0,9.6,12.6,0.2999999999999996,0.43999999999999995,5,0.5550000000000005,0.5549999999999999,0.09000000000000008,0.0,0.0,0.0,0.04500000000000004,0.04500000000000004,common
588,1,0,0,-0.16708160899783378,3.832918391002166,9.6,12.6,0.2924999999999996,0.43249999999999994,5,0.5550000000000005,0.5549999999999999,0.09000000000000008,0.0,0.0,0.0,0.04500000000000004,0.04500000000000004,common
589,1,0,0,-0.16704287770033976,3.665875513301826,9.6,12.6,0.28499999999999964,0.4249999999999999,5,0.5550000000000005,0.5549999999999999,0.09000000000000008,0.0,0.0,0.0,0.04500000000000004,0.04500000000000004,common
590,1,0,1,0.07295383712784811,3.738829350429674,9.6,12.6,0.2774999999999996,0.4174999999999999,5,0.5550000000000005,0.5549999999999999,0.09000000000000008,0.0,0.0,0.0,0.04500000000000004,0.04500000000000004,common
591,1,0,1,0.07295377642784648,3.8117831268575206,9.6,12.6,0.2699999999999996,0.41,5,0.5550000000000005,0.5549999999999999,0.09000000000000008,0.0,0.0,0.0,0.04500000000000004,0.04500000000000004,common
592,1,0,1,0.07295105330241097,3.8847341801599318,9.6,12.6,0.26249999999999957,0.4024999999999999,5,0.5550000000000005,0.5549999999999999,0.09000000000000008,0.0,0.0,0.0,0.04500000000000004,0.04500000000000004,common
593,1,2,1,0.007955802153970397,3.892689982313902,9.6,12.6,0.2549999999999995,0.4925,5,0.5550000000000005,0.5549999999999999,0.09000000000000008,0.9149999999999991,0.0,0.0,0.04500000000000004,0.04500000000000004,common
594,1,1,1,0.007964661189253883,3.900654643503156,9.6,12.6,0.4925,0.48499999999999993,5,0.5550000000000005,0.5549999999999999,0.09000000000000008,0.029999999999997362,0.0,0.0,0.04500000000000004,0.04500000000000004,common
595,1,0,1,0.0728856737308968,3.9735403172340527,9.6,12.6,0.48499999999999993,0.4775,5,0.5550000000000005,0.5549999999999999,0.09000000000000008,0.0,0.0,0.0,0.04500000000000004,0.04500000000000004,common
596,1,0,1,0.07286998606481855,4.0,9.6,12.6,0.4775,0.4699999999999999,5,0.5550000000000005,0.5549999999999999,0.09000000000000008,0.0,0.0,0.0,0.04500000000000004,0.04500000000000004,common
597,1,0,0,-0.16714672399329342,3.8328532760067064,9.6,12.6,0.4699999999999999,0.46249999999999997,5,0.5550000000000005,0.5549999999999999,0.09000000000000008,0.0,0.0,0.0,0.04500000000000004,0.04500000000000004,common
598,1,0,1,0.07287544663263483,3.905728722639341,9.6,12.6,0.46249999999999997,0.455,5,0.5550000000000005,0.5549999999999999,0.09000000000000008,0.0,0.0,0.0,0.04500000000000004,0.04500000000000004,common
599,1,0,0,-0.16712649972614688,3.7386022229131943,9.6,12.6,0.455,0.44749999999999995,5,0.5550000000000005,0.5549999999999999,0.09000000000000008,0.0,0.0,0.0,0.04500000000000004,0.04500000000000004,common
600,1,0,1,0.07288762572641064,3.811489848639605,9.6,12.6,0.44749999999999995,0.43999999999999995,5,0.5550000000000005,0.5549999999999999,0.09000000000000008,0.0,0.0,0.0,0.04500000000000004,0.04500000000000004,common
601,1,0,1,0.07289275405576327,3.8843826026953683,9.6,12.6,0.43999999999999995,0.43249999999999994,5,0.5550000000000005,0.5549999999999999,0.09000000000000008,0.0,0.0,0.0,0.04500000000000004,0.04500000000000004,common
602,1,0,1,0.07287672472559246,3.9572593274209606,9.6,12.6,0.43249999999999994,0.4249999999999999,5,0.5550000000000005,0.5549999999999999,0.09000000000000008,0.0,0.0,0.0,0.04500000000000004,0.04500000000000004,common
603,1,0,1,0.07290969159812868,4.0,9.6,12.6,0.4249999999999999,0.4174999999999999,5,0.5550000000000005,0.5549999999999999,0.09000000000000008,0.0,0.0,0.0,0.04500000000000004,0.04500000000000004,common
604,1,0,1,0.07288241260779012,4.0,9.6,12.6,0.4174999999999999,0.41,5,0.5550000000000005,0.5549999999999999,0.09000000000000008,0.0,0.0,0.0,0.04500000000000004,0.04500000000000004,common
605,1,0,1,0.07290921103774668,4.0,9.6,12.6,0.41,0.4024999999999999,5,0.5550000000000005,0.5549999999999999,0.09000000000000008,0.0,0.0,0.0,0.04500000000000004,0.04500000000000004,common
606,1,0,1,0.07291372546723746,4.0,9.6,12.6,0.4024999999999999,0.39499999999999996,5,0.5550000000000005,0.5549999999999999,0.09000000000000008,0.0,0.0,0.0,0.04500000000000004,0.04500000000000004,common
607,1,0,1,0.07291842860707978,4.0,9.6,12.6,0.39499999999999996,0.3874999999999999,5,0.5550000000000005,0.5549999999999999,0.09000000000000008,0.0,0.0,0.0,0.04500000000000004,0.04500000000000004,common
608,1,0,1,0.07289545823121511,4.0,9.6,12.6,0.3874999999999999,0.3799999999999999,5,0.5550000000000005,0.5549999999999999,0.09000000000000008,0.0,0.0,0.0,0.04500000000000004,0.04500000000000004,common
609,1,0,1,0.07290073237397536,4.0,9.6,12.6,0.3799999999999999,0.3724999999999999,5,0.5550000000000005,0.5549999999999999,0.09000000000000008,0.0,0.0,0.0,0.04500000000000004,0.04500000000000004,common
610,1,0,0,-0.1671033813038276,3.8328966186961724,9.6,12.6,0.3724999999999999,0.3649999999999998,5,0.5550000000000005,0.5549999999999999,0.09000000000000008,0.0,0.0,0.0,0.04500000000000004,0.04500000000000004,common
611,1,0,1,0.07290237520467556,3.9057989939008477,9.6,12.6,0.3649999999999998,0.3574999999999999,5,0.5550000000000005,0.5549999999999999,0.09000000000000008,0.0,0.0,0.0,0.04500000000000004,0.04500000000000004,common
612,1,0,1,0.0729309431640898,3.9787299370649376,9.6,12.6,0.3574999999999999,0.34999999999999987,5,0.5550000000000005,0.5549999999999999,0.09000000000000008,0.0,0.0,0.0,0.04500000000000004,0.04500000000000004,common
613,1,0,1,0.07290285560212624,4.0,9.6,12.6,0.34999999999999987,0.34249999999999986,5,0.5550000000000005,0.5549999999999999,0.09000000000000008,0.0,0.0,0.0,0.04500000000000004,0.04500000000000004,common
614,1,0,1,0.07292736292548842,4.0,9.6,12.6,0.34249999999999986,0.3349999999999999,5,0.5550000000000005,0.5549999999999999,0.09000000000000008,0.0,0.0,0.0,0.04500000000000004,0.04500000000000004,common
615,1,0,1,0.07292879752238798,4.0,9.6,12.6,0.3349999999999999,0.32749999999999985,5,0.5550000000000005,0.5549999999999999,0.09000000000000008,0.0,0.0,0.0,0.04500000000000004,0.04500000000000004,common
616,1,0,1,0.07290218326525053,4.0,9.6,12.6,0.32749999999999985,0.31999999999999984,5,0.5550000000000005,0.5549999999999999,0.09000000000000008,0.0,0.0,0.0,0.04500000000000004,0.04500000000000004,common
617,1,0,1,0.07292396721481574,4.0,9.6,12.6,0.31999999999999984,0.31249999999999983,5,0.5550000000000005,0.5549999999999999,0.09000000000000008,0.0,0.0,0.0,0.04500000000000004,0.04500000000000004,common
618,1,0,1,0.07294076359265,4.0,9.6,12.6,0.31249999999999983,0.30499999999999977,5,0.5550000000000005,0.5549999999999999,0.09000000000000008,0.0,0.0,0.0,0.04500000000000004,0.04500000000000004,common
619,1,0,0,-0.16707985325700786,3.832920146742992,9.6,12.6,0.30499999999999977,0.2974999999999998,5,0.5550000000000005,0.5549999999999999,0.09000000000000008,0.0,0.0,0.0,0.04500000000000004,0.04500000000000004,common
620,1,0,1,0.07292605546816328,3.9058462022111553,9.6,12.6,0.2974999999999998,0.2899999999999998,5,0.5550000000000005,0.5549999999999999,0.09000000000000008,0.0,0.0,0.0,0.04500000000000004,0.04500000000000004,common
621,1,0,1,0.07293751974812708,3.9787837219592825,9.6,12.6,0.2899999999999998,0.2824999999999998,5,0.5550000000000005,0.5549999999999999,0.09000000000000008,0.0,0.0,0.0,0.04500000000000004,0.04500000000000004,common
622,1,0,1,0.07293740480829651,4.0,9.6,12.6,0.2824999999999998,0.27499999999999986,5,0.5550000000000005,0.5549999999999999,0.09000000000000008,0.0,0.0,0.0,0.04500000000000004,0.04500000000000004,common
623,1,0,0,-0.16708330974123917,3.832916690258761,9.6,12.6,0.27499999999999986,0.2674999999999998,5,0.5550000000000005,0.5549999999999999,0.09000000000000008,0.0,0.0,0.0,0.04500000000000004,0.04500000000000004,common
624,1,0,1,0.07295450566473083,3.9058711959234915,9.6,12.6,0.2674999999999998,0.2599999999999998,5,0.5550000000000005,0.5549999999999999,0.09000000000000008,0.0,0.0,0.0,0.04500000000000004,0.04500000000000004,common
625,1,0,1,0.07293987539134769,3.9788110713148392,9.6,12.6,0.2599999999999998,0.2524999999999998,5,0.5550000000000005,0.5549999999999999,0.09000000000000008,0.0,0.0,0.0,0.04500000000000004,0.04500000000000004,common
626,1,0,0,-0.16704595884210746,3.811765112472732,9.6,12.6,0.2524999999999998,0.24499999999999975,5,0.5550000000000005,0.5549999999999999,0.09000000000000008,0.0,0.0,0.0,0.04500000000000004,0.04500000000000004,common
627,1,0,1,0.07294607969092542,3.8847111921636572,9.6,12.6,0.24499999999999975,0.2374999999999998,5,0.5550000000000005,0.5549999999999999,0.09000000000000008,0.0,0.0,0.0,0.04500000000000004,0.04500000000000004,common
628,1,0,1,0.07296405867831689,3.957675250841974,9.6,12.6,0.2374999999999998,0.22999999999999976,5,0.5550000000000005,0.5549999999999999,0.09000000000000008,0.0,0.0,0.0,0.04500000000000004,0.04500000000000004,common
629,1,2,1,0.007936600553304104,3.965611851395278,9.6,12.6,0.22999999999999976,0.47249999999999975,5,0.5550000000000005,0.5549999999999999,0.09000000000000008,0.0,0.0,0.0,0.04500000000000004,0.04500000000000004,common
630,1,1,0,-0.2320486660317718,3.733563185363506,9.6,12.6,0.47249999999999975,0.4649999999999998,5,0.5550000000000005,0.5549999999999999,0.09000000000000008,0.0,0.0,0.0,0.04500000000000004,0.04500000000000004,common
631,1,0,1,0.07287611515939796,3.806439300522904,9.6,12.6,0.4649999999999998,0.45749999999999974,5,0.5550000000000005,0.5549999999999999,0.09000000000000008,0.0,0.0,0.0,0.04500000000000004,0.04500000000000004,common
632,1,0,1,0.07287740933133224,3.879316709854236,9.6,12.6,0.45749999999999974,0.44999999999999973,5,0.5550000000000005,0.5549999999999999,0.09000000000000008,0.0,0.0,0.0,0.04500000000000004,0.04500000000000004,common
633,1,0,0,-0.16713052510198603,3.71218618475225,9.6,12.6,0.44999999999999973,0.4424999999999997,5,0.5550000000000005,0.5549999999999999,0.09000000000000008,0.0,0.0,0.0,0.04500000000000004,0.04500000000000004,common
634,1,0,0,-0.16712161786784835,3.5450645668844016,9.6,12.6,0.4424999999999997,0.43499999999999966,5,0.5550000000000005,0.5549999999999999,0.09000000000000008,0.0,0.0,0.0,0.04500000000000004,0.04500000000000004,common
635,1,0,1,0.0728759719383705,3.617940538822772,9.6,12.6,0.43499999999999966,0.4274999999999997,5,0.5550000000000005,0.5549999999999999,0.09000000000000008,0.0,0.0,0.0,0.04500000000000004,0.04500000000000004,common
636,1,2,1,0.007905557508899227,3.625846096331671,9.6,12.6,0.4274999999999997,0.4924999999999999,5,0.5550000000000005,0.5549999999999999,0.09000000000000008,1.0649999999999986,0.0,5.551115123125783e-17,0.04500000000000004,0.04500000000000004,common
637,1,0,1,0.07290193485076472,3.698748031182436,9.6,12.6,0.41999999999999976,0.48499999999999993,5,0.5550000000000005,0.5549999999999999,0.09000000000000008,0.0,0.0,0.0,0.04500000000000004,0.04500000000000004,common
638,1,0,1,0.07288415271833197,3.771632183900768,9.6,12.6,0.4124999999999997,0.4775,5,0.5550000000000005,0.5549999999999999,0.09000000000000008,0.0,0.0,0.0,0.04500000000000004,0.04500000000000004,common
639,1,1,1,0.007906742484691287,3.779538926385459,9.6,12.6,0.4925,0.4699999999999999,5,0.5550000000000005,0.5549999999999999,0.09000000000000008,0.9749999999999979,0.0,0.0,0.04500000000000004,0.04500000000000004,common
640,1,0,1,0.07285160705996094,4.0,9.6,12.6,0.48499999999999993,0.4624999999999999,6,0.5550000000000005,0.5549999999999999,0.09000000000000008,0.0,0.0,0.0,0.04500000000000004,0.04500000000000004,common
641,1,0,1,0.07285332286524995,4.0,9.6,12.6,0.4775,0.4549999999999999,6,0.5550000000000005,0.5549999999999999,0.09000000000000008,0.0,0.0,0.0,0.04500000000000004,0.04500000000000004,common
642,1,0,1,0.07286333074185332,4.0,9.6,12.6,0.4699999999999999,0.44749999999999984,6,0.5550000000000005,0.5549999999999999,0.09000000000000008,0.0,0.0,0.0,0.04500000000000004,0.04500000000000004,common
643,1,1,1,0.007825337526601698,4.0,9.6,12.6,0.4925,0.4399999999999999,6,0.5550000000000005,0.5549999999999999,0.09000000000000008,1.3199999999999998,0.0,0.0,0.04500000000000004,0.04500000000000004,common
644,1,0,1,0.07287059582761386,4.0,9.6,12.6,0.48499999999999993,0.43249999999999994,6,0.5550000000000005,0.5549999999999999,0.09000000000000008,0.0,0.0,0.0,0.04500000000000004,0.04500000000000004,common
645,1,0,1,0.07284482753871674,4.0,9.6,12.6,0.4775,0.4249999999999999,6,0.5550000000000005,0.5549999999999999,0.09000000000000008,0.0,0.0,0.0,0.04500000000000004,0.04500000000000004,common
646,1,0,1,0.0728301110283669,4.0,9.6,12.6,0.4699999999999999,0.4174999999999999,6,0.5550000000000005,0.5549999999999999,0.09000000000000008,0.0,0.0,0.0,0.04500000000000004,0.04500000000000004,common
647,1,0,1,0.07285969286508738,4.0,9.6,12.6,0.46249999999999997,0.40999999999999986,6,0.5550000000000005,0.5549999999999999,0.09000000000000008,0.0,0.0,0.0,0.04500000000000004,0.04500000000000004,common
648,1,0,0,-0.16711261971331873,3.832887380286681,9.6,12.6,0.455,0.40249999999999986,6,0.5550000000000005,0.5549999999999999,0.09000000000000008,0.0,0.0,0.0,0.04500000000000004,0.04500000000000004,common
649,1,1,1,0.007844333028518963,3.8407317133152,9.6,12.6,0.4925,0.39499999999999985,6,0.5550000000000005,0.5549999999999999,0.09000000000000008,1.2299999999999998,0.0,0.0,0.04500000000000004,0.04500000000000004,common
650,1,2,0,-0.23211897500566211,3.608612738309538,9.6,12.6,0.48499999999999993,0.4925,6,0.5550000000000005,0.5549999999999999,0.09000000000000008,0.8699999999999988,0.0,0.0,0.04500000000000004,0.04500000000000004,common
651,1,0,1,0.07285190320882541,3.6814646415183634,9.6,12.6,0.4775,0.48499999999999993,6,0.5550000000000005,0.5549999999999999,0.09000000000000008,0.0,0.0,0.0,0.04500000000000004,0.04500000000000004,common
652,1,0,1,0.0728522389802179,3.7543168804985814,9.6,12.6,0.4699999999999999,0.4775,6,0.5550000000000005,0.5549999999999999,0.09000000000000008,0.0,0.0,0.0,0.04500000000000004,0.04500000000000004,common
653,1,0,1,0.07287990339771741,3.827196783896299,9.6,12.6,0.46249999999999997,0.4699999999999999,6,0.5550000000000005,0.5549999999999999,0.09000000000000008,0.0,0.0,0.0,0.04500000000000004,0.04500000000000004,common
654,1,0,1,0.07285390713446026,3.900050691030759,9.6,12.6,0.455,0.46249999999999997,6,0.5550000000000005,0.5549999999999999,0.09000000000000008,0.0,0.0,0.0,0.04500000000000004,0.04500000000000004,common
655,1,1,1,0.00788811126013411,3.907938802290893,9.6,12.6,0.4925,0.455,6,0.5550000000000005,0.5549999999999999,0.09000000000000008,1.2299999999999998,0.0,0.0,0.04500000000000004,0.04500000000000004,common
656,1,0,1,0.07287744462190104,3.980816246912794,9.6,12.6,0.48499999999999993,0.44749999999999995,6,0.5550000000000005,0.5549999999999999,0.09000000000000008,0.0,0.0,0.0,0.04500000000000004,0.04500000000000004,common
657,1,0,1,0.07286686161083336,4.0,9.6,12.6,0.4775,0.43999999999999995,6,0.5550000000000005,0.5549999999999999,0.09000000000000008,0.0,0.0,0.0,0.04500000000000004,0.04500000000000004,common
658,1,0,1,0.0728486304793878,4.0,9.6,12.6,0.4699999999999999,0.43249999999999994,6,0.5550000000000005,0.5549999999999999,0.09000000000000008,0.0,0.0,0.0,0.04500000000000004,0.04500000000000004,common
659,1,0,1,0.07286626145056804,4.0,9.6,12.6,0.46249999999999997,0.4249999999999999,6,0.5550000000000005,0.5549999999999999,0.09000000000000008,0.0,0.0,0.0,0.04500000000000004,0.04500000000000004,common
660,1,0,1,0.07288246314092114,4.0,9.6,12.6,0.455,0.4174999999999999,6,0.5550000000000005,0.5549999999999999,0.09000000000000008,0.0,0.0,0.0,0.04500000000000004,0.04500000000000004,common
661,1,0,1,0.0728702047451885,4.0,9.6,12.6,0.44749999999999995,0.41,6,0.5550000000000005,0.5549999999999999,0.09000000000000008,0.0,0.0,0.0,0.04500000000000004,0.04500000000000004,common
662,1,1,0,-0.23213997176220633,3.7678600282377936,9.6,12.6,0.4924999999999999,0.4024999999999999,6,0.5550000000000005,0.5549999999999999,0.09000000000000008,1.185,0.0,5.551115123125783e-17,0.04500000000000004,0.04500000000000004,common
663,1,0,1,0.0728659139063487,3.840725942144142,9.6,12.6,0.48499999999999993,0.39499999999999996,6,0.5550000000000005,0.5549999999999999,0.09000000000000008,0.0,0.0,0.0,0.04500000000000004,0.04500000000000004,common
664,1,0,1,0.07288052660949308,3.913606468753635,9.6,12.6,0.4775,0.3874999999999999,6,0.5550000000000005,0.5549999999999999,0.09000000000000008,0.0,0.0,0.0,0.04500000000000004,0.04500000000000004,common
665,1,0,1,0.07288186531656289,3.986488334070198,9.6,12.6,0.4699999999999999,0.3799999999999999,6,0.5550000000000005,0.5549999999999999,0.09000000000000008,0.0,0.0,0.0,0.04500000000000004,0.04500000000000004,common
666,1,1,0,-0.23212958852492552,3.7543587455452725,9.6,12.6,0.4924999999999999,0.3724999999999999,6,0.5550000000000005,0.5549999999999999,0.09000000000000008,1.3199999999999998,0.0,5.551115123125783e-17,0.04500000000000004,0.04500000000000004,common
667,1,0,1,0.07286211881492408,3.8272208643601964,9.6,12.6,0.48499999999999993,0.3649999999999998,6,0.5550000000000005,0.5549999999999999,0.09000000000000008,0.0,0.0,0.0,0.04500000000000004,0.04500000000000004,common
668,1,0,1,0.07289434963863929,3.9001152139988355,9.6,12.6,0.4775,0.3574999999999999,6,0.5550000000000005,0.5549999999999999,0.09000000000000008,0.0,0.0,0.0,0.04500000000000004,0.04500000000000004,common
669,1,2,1,0.007875435451174747,3.90799064945001,9.6,12.6,0.4699999999999999,0.4924999999999999,6,0.5550000000000005,0.5549999999999999,0.09000000000000008,0.6449999999999996,0.0,5.551115123125783e-17,0.04500000000000004,0.04500000000000004,common
670,1,0,1,0.07286671434183276,3.9808573637918427,9.6,12.6,0.4624999999999999,0.48499999999999993,6,0.5550000000000005,0.5549999999999999,0.09000000000000008,0.0,0.0,0.0,0.04500000000000004,0.04500000000000004,common
671,1,0,1,0.0728863163393338,4.0,9.6,12.6,0.4549999999999999,0.4775,6,0.5550000000000005,0.5549999999999999,0.09000000000000008,0.0,0.0,0.0,0.04500000000000004,0.04500000000000004,common
672,1,0,0,-0.16715070886217814,3.832849291137822,9.6,12.6,0.44749999999999984,0.4699999999999999,6,0.5550000000000005,0.5549999999999999,0.09000000000000008,0.0,0.0,0.0,0.04500000000000004,0.04500000000000004,common
673,1,1,1,0.007882207449862002,3.840731498587684,9.6,12.6,0.4925,0.4624999999999999,6,0.5550000000000005,0.5549999999999999,0.09000000000000008,1.1849999999999994,0.0,0.0,0.04500000000000004,0.04500000000000004,common
674,1,0,1,0.07286551411729182,3.913597012704976,9.6,12.6,0.48499999999999993,0.4549999999999999,6,0.5550000000000005,0.5549999999999999,0.09000000000000008,0.0,0.0,0.0,0.04500000000000004,0.04500000000000004,common
675,1,0,0,-0.16712899303586787,3.7464680196691083,9.6,12.6,0.4775,0.44749999999999984,6,0.5550000000000005,0.5549999999999999,0.09000000000000008,0.0,0.0,0.0,0.04500000000000004,0.04500000000000004,common
676,1,0,0,-0.1671152115995745,3.5793528080695336,9.6,12.6,0.4699999999999999,0.4399999999999999,6,0.5550000000000005,0.5549999999999999,0.09000000000000008,0.0,0.0,0.0,0.04500000000000004,0.04500000000000004,common
677,1,0,1,0.07287349954636693,3.6522263076159005,9.6,12.6,0.46249999999999997,0.43249999999999994,6,0.5550000000000005,0.5549999999999999,0.09000000000000008,0.0,0.0,0.0,0.04500000000000004,0.04500000000000004,common
678,1,0,0,-0.16713382600497276,3.485092481610928,9.6,12.6,0.455,0.4249999999999999,6,0.5550000000000005,0.5549999999999999,0.09000000000000008,0.0,0.0,0.0,0.04500000000000004,0.04500000000000004,common
679,1,0,0,-0.1671183658691279,3.3179741157418,9.6,12.6,0.44749999999999995,0.4174999999999999,6,0.5550000000000005,0.5549999999999999,0.09000000000000008,0.0,0.0,0.0,0.04500000000000004,0.04500000000000004,common
680,1,0,0,-0.16710149006145633,3.1508726256803437,9.6,12.6,0.43999999999999995,0.40999999999999986,6,0.5550000000000005,0.5549999999999999,0.09000000000000008,0.0,0.0,0.0,0.04500000000000004,0.04500000000000004,common
681,1,1,1,0.007914306497514173,3.1587869321778577,9.6,12.6,0.4925,0.40249999999999986,6,0.5550000000000005,0.5549999999999999,0.09000000000000008,1.1399999999999997,0.0,0.0,0.04500000000000004,0.04500000000000004,common
682,1,0,1,0.07290492467677898,3.2316918568546367,9.6,12.6,0.48499999999999993,0.39499999999999985,6,0.5550000000000005,0.5549999999999999,0.09000000000000008,0.0,0.0,0.0,0.04500000000000004,0.04500000000000004,common
683,1,0,1,0.07288178606458354,3.30457364291922,9.6,12.6,0.4775,0.3874999999999998,6,0.5550000000000005,0.5549999999999999,0.09000000000000008,0.0,0.0,0.0,0.04500000000000004,0.04500000000000004,common
684,1,0,1,0.07288389937106618,3.377457542290286,9.6,12.6,0.4699999999999999,0.37999999999999984,6,0.5550000000000005,0.5549999999999999,0.09000000000000008,0.0,0.0,0.0,0.04500000000000004,0.04500000000000004,common
685,1,0,1,0.0728823437237557,3.4503398860140417,9.6,12.6,0.46249999999999997,0.37249999999999983,6,0.5550000000000005,0.5549999999999999,0.09000000000000008,0.0,0.0,0.0,0.04500000000000004,0.04500000000000004,common
686,1,0,1,0.07287515012752403,3.5232150361415657,9.6,12.6,0.455,0.3649999999999998,6,0.5550000000000005,0.5549999999999999,0.09000000000000008,0.0,0.0,0.0,0.04500000000000004,0.04500000000000004,common
687,1,1,1,0.007896771693875329,3.531111807835441,9.6,12.6,0.4925,0.3574999999999999,6,0.5550000000000005,0.5549999999999999,0.09000000000000008,1.2299999999999998,0.0,0.0,0.04500000000000004,0.04500000000000004,common
688,1,0,1,0.07286254140275787,3.603974349238199,9.6,12.6,0.48499999999999993,0.3499999999999998,6,0.5550000000000005,0.5549999999999999,0.09000000000000008,0.0,0.0,0.0,0.04500000000000004,0.04500000000000004,common
689,1,1,1,0.007855115422968144,3.611829464661167,9.6,12.6,0.4925,0.3424999999999998,6,0.5550000000000005,0.5549999999999999,0.09000000000000008,1.41,0.0,0.0,0.04500000000000004,0.04500000000000004,common
690,1,0,0,-0.1671156317875925,3.4447138328735747,9.6,12.6,0.48499999999999993,0.3349999999999998,6,0.5550000000000005,0.5549999999999999,0.09000000000000008,0.0,0.0,0.0,0.04500000000000004,0.04500000000000004,common
691,1,2,1,0.007885101903970244,3.4525989347775448,9.6,12.6,0.4775,0.4925,6,0.5550000000000005,0.5549999999999999,0.09000000000000008,0.5099999999999985,0.0,0.0,0.04500000000000004,0.04500000000000004,common
692,1,0,1,0.07287308528014505,3.52547202005769,9.6,12.6,0.4699999999999999,0.48499999999999993,6,0.5550000000000005,0.5549999999999999,0.09000000000000008,0.0,0.0,0.0,0.04500000000000004,0.04500000000000004,common
693,1,2,0,-0.23212050243442192,3.293351517623268,9.6,12.6,0.46249999999999997,0.4925,6,0.5550000000000005,0.5549999999999999,0.09000000000000008,1.4099999999999997,0.0,0.0,0.04500000000000004,0.04500000000000004,common
694,1,0,1,0.07288234562747395,3.3662338632507423,9.6,12.6,0.455,0.48499999999999993,6,0.5550000000000005,0.5549999999999999,0.09000000000000008,0.0,0.0,0.0,0.04500000000000004,0.04500000000000004,common
695,1,0,0,-0.16709721646504092,3.199136646785701,9.6,12.6,0.44749999999999995,0.4775,6,0.5550000000000005,0.5549999999999999,0.09000000000000008,0.0,0.0,0.0,0.04500000000000004,0.04500000000000004,common
696,1,0,1,0.07288425308214147,3.272020899867843,9.6,12.6,0.43999999999999995,0.4699999999999999,6,0.5550000000000005,0.5549999999999999,0.09000000000000008,0.0,0.0,0.0,0.04500000000000004,0.04500000000000004,common
697,1,0,1,0.07289302742771205,3.344913927295555,9.6,12.6,0.43249999999999994,0.46249999999999997,6,0.5550000000000005,0.5549999999999999,0.09000000000000008,0.0,0.0,0.0,0.04500000000000004,0.04500000000000004,common
698,1,0,1,0.07290877457397507,3.41782270186953,9.6,12.6,0.4249999999999999,0.455,6,0.5550000000000005,0.5549999999999999,0.09000000000000008,0.0,0.0,0.0,0.04500000000000004,0.04500000000000004,common
699,1,0,1,0.07288440572946546,3.4907071075989955,9.6,12.6,0.4174999999999999,0.44749999999999995,6,0.5550000000000005,0.5549999999999999,0.09000000000000008,0.0,0.0,0.0,0.04500000000000004,0.04500000000000004,common
700,1,0,1,0.07289513971481229,3.5636022473138076,9.6,12.6,0.41,0.43999999999999995,6,0.5550000000000005,0.5549999999999999,0.09000000000000008,0.0,0.0,0.0,0.04500000000000004,0.04500000000000004,common
701,1,0,1,0.07290750422102855,3.6365097515348364,9.6,12.6,0.4024999999999999,0.43249999999999994,6,0.5550000000000005,0.5549999999999999,0.09000000000000008,0.0,0.0,0.0,0.04500000000000004,0.04500000000000004,common
702,1,0,1,0.0729106339277448,3.709420385462581,9.6,12.6,0.39499999999999996,0.4249999999999999,6,0.5550000000000005,0.5549999999999999,0.09000000000000008,0.0,0.0,0.0,0.04500000000000004,0.04500000000000004,common
703,1,0,1,0.07290884565046452,3.782329231113046,9.6,12.6,0.3874999999999999,0.4174999999999999,6,0.5550000000000005,0.5549999999999999,0.09000000000000008,0.0,0.0,0.0,0.04500000000000004,0.04500000000000004,common
704,1,0,1,0.07290567064941797,3.8552349017624636,9.6,12.6,0.3799999999999999,0.41,6,0.5550000000000005,0.5549999999999999,0.09000000000000008,0.0,0.0,0.0,0.04500000000000004,0.04500000000000004,common
705,1,0,1,0.07290704009244214,3.9281419418549057,9.6,12.6,0.3724999999999999,0.4024999999999999,6,0.5550000000000005,0.5549999999999999,0.09000000000000008,0.0,0.0,0.0,0.04500000000000004,0.04500000000000004,common
706,1,0,1,0.07290701713460664,4.0,9.6,12.6,0.3649999999999998,0.39499999999999996,6,0.5550000000000005,0.5549999999999999,0.09000000000000008,0.0,0.0,0.0,0.04500000000000004,0.04500000000000004,common
707,1,0,1,0.07292367014992729,4.0,9.6,12.6,0.3574999999999999,0.3874999999999999,6,0.5550000000000005,0.5549999999999999,0.09000000000000008,0.0,0.0,0.0,0.04500000000000004,0.04500000000000004,common
708,1,2,1,0.00790585789818932,4.0,9.6,12.6,0.34999999999999987,0.4924999999999999,6,0.5550000000000005,0.5549999999999999,0.09000000000000008,0.8249999999999997,0.0,5.551115123125783e-17,0.04500000000000004,0.04500000000000004,common
709,1,0,1,0.07291828861331337,4.0,9.6,12.6,0.34249999999999986,0.48499999999999993,6,0.5550000000000005,0.5549999999999999,0.09000000000000008,0.0,0.0,0.0,0.04500000000000004,0.04500000000000004,common
710,1,0,1,0.07291705538090362,4.0,9.6,12.6,0.3349999999999999,0.4775,6,0.5550000000000005,0.5549999999999999,0.09000000000000008,0.0,0.0,0.0,0.04500000000000004,0.04500000000000004,common
711,1,0,1,0.07289633935618048,4.0,9.6,12.6,0.32749999999999985,0.4699999999999999,6,0.5550000000000005,0.5549999999999999,0.09000000000000008,0.0,0.0,0.0,0.04500000000000004,0.04500000000000004,common
712,1,0,1,0.07291090372679457,4.0,9.6,12.6,0.31999999999999984,0.4624999999999999,6,0.5550000000000005,0.5549999999999999,0.09000000000000008,0.0,0.0,0.0,0.04500000000000004,0.04500000000000004,common
713,1,0,1,0.07293206333852197,4.0,9.6,12.6,0.31249999999999983,0.4549999999999999,6,0.5550000000000005,0.5549999999999999,0.09000000000000008,0.0,0.0,0.0,0.04500000000000004,0.04500000000000004,common
714,1,0,1,0.07290756466030365,4.0,9.6,12.6,0.30499999999999977,0.44749999999999984,6,0.5550000000000005,0.5549999999999999,0.09000000000000008,0.0,0.0,0.0,0.04500000000000004,0.04500000000000004,common
715,1,0,1,0.07294205807307685,4.0,9.6,12.6,0.2974999999999998,0.4399999999999999,6,0.5550000000000005,0.5549999999999999,0.09000000000000008,0.0,0.0,0.0,0.04500000000000004,0.04500000000000004,common
716,1,0,1,0.07292750008932623,4.0,9.6,12.6,0.2899999999999998,0.43249999999999994,6,0.5550000000000005,0.5549999999999999,0.09000000000000008,0.0,0.0,0.0,0.04500000000000004,0.04500000000000004,common
717,1,0,1,0.07293361896768946,4.0,9.6,12.6,0.2824999999999998,0.4249999999999999,6,0.5550000000000005,0.5549999999999999,0.09000000000000008,0.0,0.0,0.0,0.04500000000000004,0.04500000000000004,common
718,1,0,1,0.072929461974709,4.0,9.6,12.6,0.27499999999999986,0.4174999999999999,6,0.5550000000000005,0.5549999999999999,0.09000000000000008,0.0,0.0,0.0,0.04500000000000004,0.04500000000000004,common
719,1,0,1,0.0729417282466067,4.0,9.6,12.6,0.2674999999999998,0.40999999999999986,6,0.5550000000000005,0.5549999999999999,0.09000000000000008,0.0,0.0,0.0,0.04500000000000004,0.04500000000000004,common
720,1,0,1,0.07295085286727009,4.0,9.6,12.6,0.2599999999999998,0.40249999999999986,6,0.5550000000000005,0.5549999999999999,0.09000000000000008,0.0,0.0,0.0,0.04500000000000004,0.04500000000000004,common
721,1,0,0,-0.16706806406010954,3.8329319359398903,9.6,12.6,0.2524999999999998,0.39499999999999985,6,0.5550000000000005,0.5549999999999999,0.09000000000000008,0.0,0.0,0.0,0.04500000000000004,0.04500000000000004,common
722,1,0,1,0.07295470238486158,3.905886638324752,9.6,12.6,0.24499999999999975,0.3874999999999998,6,0.5550000000000005,0.5549999999999999,0.09000000000000008,0.0,0.0,0.0,0.04500000000000004,0.04500000000000004,common
723,1,0,1,0.07295712367997327,3.978843762004725,9.6,12.6,0.2374999999999998,0.37999999999999984,6,0.5550000000000005,0.5549999999999999,0.09000000000000008,0.0,0.0,0.0,0.04500000000000004,0.04500000000000004,common
724,1,0,1,0.07296211955813935,4.0,9.6,12.6,0.22999999999999976,0.37249999999999983,6,0.5550000000000005,0.5549999999999999,0.09000000000000008,0.0,0.0,0.0,0.04500000000000004,0.04500000000000004,common
725,1,0,1,0.07296446091312848,4.0,9.6,12.6,0.22249999999999973,0.3649999999999998,6,0.5550000000000005,0.5549999999999999,0.09000000000000008,0.0,0.0,0.0,0.04500000000000004,0.04500000000000004,common
726,1,0,1,0.07294881602315784,4.0,9.6,12.6,0.21499999999999977,0.3574999999999999,6,0.5550000000000005,0.5549999999999999,0.09000000000000008,0.0,0.0,0.0,0.04500000000000004,0.04500000000000004,common
727,1,0,1,0.07292766240037173,4.0,9.6,12.6,0.20749999999999977,0.3499999999999998,6,0.5550000000000005,0.5549999999999999,0.09000000000000008,0.0,0.0,0.0,0.04500000000000004,0.04500000000000004,common
728,1,0,1,0.07296361409400476,4.0,9.6,12.6,0.19999999999999973,0.3424999999999998,6,0.5550000000000005,0.5549999999999999,0.09000000000000008,0.0,0.0,0.0,0.04500000000000004,0.04500000000000004,common
729,1,0,0,-0.16704701892092969,3.83295298107907,9.6,12.6,0.1924999999999997,0.3349999999999998,6,0.5550000000000005,0.5549999999999999,0.09000000000000008,0.0,0.0,0.0,0.04500000000000004,0.04500000000000004,common
730,1,0,1,0.07296977487518058,3.9059227559542506,9.6,12.6,0.18499999999999972,0.32749999999999974,6,0.5550000000000005,0.5549999999999999,0.09000000000000008,0.0,0.0,0.0,0.04500000000000004,0.04500000000000004,common
731,1,1,0,-0.23204044061560333,3.6738823153386475,9.6,12.6,0.4274999999999997,0.3199999999999998,6,0.5550000000000005,0.5549999999999999,0.09000000000000008,0.0,0.0,0.0,0.04500000000000004,0.04500000000000004,common
732,1,0,1,0.07287139126138367,3.7467537066000314,9.6,12.6,0.41999999999999976,0.3124999999999998,6,0.5550000000000005,0.5549999999999999,0.09000000000000008,0.0,0.0,0.0,0.04500000000000004,0.04500000000000004,common
733,1,0,1,0.07287672443384326,3.8196304310338745,9.6,12.6,0.4124999999999997,0.30499999999999977,6,0.5550000000000005,0.5549999999999999,0.09000000000000008,0.0,0.0,0.0,0.04500000000000004,0.04500000000000004,common
734,1,0,1,0.0729118674392345,3.892542298473109,9.6,12.6,0.40499999999999975,0.2974999999999998,6,0.5550000000000005,0.5549999999999999,0.09000000000000008,0.0,0.0,0.0,0.04500000000000004,0.04500000000000004,common
735,1,0,0,-0.16713710990864525,3.725405188564464,9.6,12.6,0.3974999999999997,0.28999999999999976,6,0.5550000000000005,0.5549999999999999,0.09000000000000008,0.0,0.0,0.0,0.04500000000000004,0.04500000000000004,common
736,1,0,1,0.07290308717089643,3.7983082757353603,9.6,12.6,0.3899999999999997,0.28249999999999975,6,0.5550000000000005,0.5549999999999999,0.09000000000000008,0.0,0.0,0.0,0.04500000000000004,0.04500000000000004,common
737,1,0,1,0.07290025750405622,3.8712085332394164,9.6,12.6,0.3824999999999997,0.27499999999999974,6,0.5550000000000005,0.5549999999999999,0.09000000000000008,0.0,0.0,0.0,0.04500000000000004,0.04500000000000004,common
738,1,0,1,0.07291020807346303,3.9441187413128795,9.6,12.6,0.3749999999999996,0.2674999999999997,6,0.5550000000000005,0.5549999999999999,0.09000000000000008,0.0,0.0,0.0,0.04500000000000004,0.04500000000000004,common
739,1,2,1,0.007915069847404204,3.952033811160284,9.6,12.6,0.36749999999999966,0.4925,6,0.5550000000000005,0.5549999999999999,0.09000000000000008,0.10499999999999843,0.0,0.0,0.04500000000000004,0.04500000000000004,common
740,1,0,1,0.072891140802927,4.0,9.6,12.6,0.35999999999999965,0.48499999999999993,6,0.5550000000000005,0.5549999999999999,0.09000000000000008,0.0,0.0,0.0,0.04500000000000004,0.04500000000000004,common
741,1,0,0,-0.1671001313934098,3.83289986860659,9.6,12.6,0.35249999999999965,0.4775,6,0.5550000000000005,0.5549999999999999,0.09000000000000008,0.0,0.0,0.0,0.04500000000000004,0.04500000000000004,common
742,1,0,0,-0.16709080350742342,3.665809065099167,9.6,12.6,0.3449999999999997,0.4699999999999999,6,0.5550000000000005,0.5549999999999999,0.09000000000000008,0.0,0.0,0.0,0.04500000000000004,0.04500000000000004,common
743,1,0,1,0.07290366705427467,3.7387127321534415,9.6,12.6,0.33749999999999963,0.46249999999999997,6,0.5550000000000005,0.5549999999999999,0.09000000000000008,0.0,0.0,0.0,0.04500000000000004,0.04500000000000004,common
744,1,0,1,0.07290405280817779,3.811616784961619,9.6,12.6,0.3299999999999996,0.455,6,0.5550000000000005,0.5549999999999999,0.09000000000000008,0.0,0.0,0.0,0.04500000000000004,0.04500000000000004,common
745,1,0,1,0.07291287663421138,3.8845296615958307,9.6,12.6,0.3224999999999996,0.44749999999999995,6,0.5550000000000005,0.5549999999999999,0.09000000000000008,0.0,0.0,0.0,0.04500000000000004,0.04500000000000004,common
746,1,0,1,0.07292518916337458,3.957454850759205,9.6,12.6,0.31499999999999956,0.43999999999999995,6,0.5550000000000005,0.5549999999999999,0.09000000000000008,0.0,0.0,0.0,0.04500000000000004,0.04500000000000004,common
747,1,0,1,0.0729086958869742,4.0,9.6,12.6,0.3074999999999996,0.43249999999999994,6,0.5550000000000005,0.5549999999999999,0.09000000000000008,0.0,0.0,0.0,0.04500000000000004,0.04500000000000004,common
748,1,0,0,-0.16710424188593306,3.832895758114067,9.6,12.6,0.2999999999999996,0.4249999999999999,6,0.5550000000000005,0.5549999999999999,0.09000000000000008,0.0,0.0,0.0,0.04500000000000004,0.04500000000000004,common
749,1,0,1,0.07294069013707466,3.9058364482511414,9.6,12.6,0.2924999999999996,0.4174999999999999,6,0.5550000000000005,0.5549999999999999,0.09000000000000008,0.0,0.0,0.0,0.04500000000000004,0.04500000000000004,common
750,1,0,0,-0.1670830364935059,3.7387534117576355,9.6,12.6,0.28499999999999964,0.41,6,0.5550000000000005,0.5549999999999999,0.09000000000000008,0.0,0.0,0.0,0.04500000000000004,0.04500000000000004,common
751,1,1,1,0.007937247219987488,3.746690658977623,9.6,12.6,0.4925,0.4024999999999999,6,0.5550000000000005,0.5549999999999999,0.09000000000000008,0.20999999999999752,0.0,0.0,0.04500000000000004,0.04500000000000004,common
752,1,0,0,-0.1671317016389028,3.5795589573387203,9.6,12.6,0.48499999999999993,0.39499999999999996,6,0.5550000000000005,0.5549999999999999,0.09000000000000008,0.0,0.0,0.0,0.04500000000000004,0.04500000000000004,common
753,1,0,1,0.07286101018392756,3.652419967522648,9.6,12.6,0.4775,0.3874999999999999,6,0.5550000000000005,0.5549999999999999,0.09000000000000008,0.0,0.0,0.0,0.04500000000000004,0.04500000000000004,common
754,1,0,0,-0.1671807897379266,3.485239177784721,9.6,12.6,0.4699999999999999,0.3799999999999999,6,0.5550000000000005,0.5549999999999999,0.09000000000000008,0.0,0.0,0.0,0.04500000000000004,0.04500000000000004,common
755,1,0,1,0.07285566577835569,3.558094843563077,9.6,12.6,0.46249999999999997,0.3724999999999999,6,0.5550000000000005,0.5549999999999999,0.09000000000000008,0.0,0.0,0.0,0.04500000000000004,0.04500000000000004,common
756,1,0,1,0.07285484321016465,3.6309496867732416,9.6,12.6,0.455,0.3649999999999998,6,0.5550000000000005,0.5549999999999999,0.09000000000000008,0.0,0.0,0.0,0.04500000000000004,0.04500000000000004,common
757,1,0,1,0.07288484102938501,3.7038345278026266,9.6,12.6,0.44749999999999995,0.3574999999999999,6,0.5550000000000005,0.5549999999999999,0.09000000000000008,0.0,0.0,0.0,0.04500000000000004,0.04500000000000004,common
758,1,0,1,0.07286588509143498,3.7767004128940616,9.6,12.6,0.43999999999999995,0.34999999999999987,6,0.5550000000000005,0.5549999999999999,0.09000000000000008,0.0,0.0,0.0,0.04500000000000004,0.04500000000000004,common
759,1,1,1,0.007858739524257436,3.784559152418319,9.6,12.6,0.4925,0.34249999999999986,6,0.5550000000000005,0.5549999999999999,0.09000000000000008,1.1399999999999997,0.0,0.0,0.04500000000000004,0.04500000000000004,common
760,1,0,1,0.07286015778287017,3.8574193102011893,9.6,12.6,0.48499999999999993,0.3349999999999999,6,0.5550000000000005,0.5549999999999999,0.09000000000000008,0.0,0.0,0.0,0.04500000000000004,0.04500000000000004,common
761,1,0,1,0.07284616583479525,3.9302654760359848,9.6,12.6,0.4775,0.32749999999999985,6,0.5550000000000005,0.5549999999999999,0.09000000000000008,0.0,0.0,0.0,0.04500000000000004,0.04500000000000004,common
762,1,0,1,0.07284738188807859,4.0,9.6,12.6,0.4699999999999999,0.31999999999999984,6,0.5550000000000005,0.5549999999999999,0.09000000000000008,0.0,0.0,0.0,0.04500000000000004,0.04500000000000004,common
763,1,0,1,0.07285770554538454,4.0,9.6,12.6,0.46249999999999997,0.31249999999999983,6,0.5550000000000005,0.5549999999999999,0.09000000000000008,0.0,0.0,0.0,0.04500000000000004,0.04500000000000004,common
764,1,2,1,0.007854459265285014,4.0,9.6,12.6,0.455,0.4925,6,0.5550000000000005,0.5549999999999999,0.09000000000000008,0.37499999999999867,0.0,0.0,0.04500000000000004,0.04500000000000004,common
765,1,2,1,0.007851458756471951,4.0,9.6,12.6,0.44749999999999995,0.4925,6,0.5550000000000005,0.5549999999999999,0.09000000000000008,1.4549999999999996,0.0,0.0,0.04500000000000004,0.04500000000000004,common
766,1,0,1,0.07284064965035748,4.0,9.6,12.6,0.43999999999999995,0.48499999999999993,6,0.5550000000000005,0.5549999999999999,0.09000000000000008,0.0,0.0,0.0,0.04500000000000004,0.04500000000000004,common
767,1,0,1,0.0728786972691556,4.0,9.6,12.6,0.43249999999999994,0.4775,6,0.5550000000000005,0.5549999999999999,0.09000000000000008,0.0,0.0,0.0,0.04500000000000004,0.04500000000000004,common
768,1,0,1,0.07285610550088452,4.0,9.6,12.6,0.4249999999999999,0.4699999999999999,7,0.5550000000000005,0.5549999999999999,0.09000000000000008,0.0,0.0,0.0,0.04500000000000004,0.04500000000000004,common
769,1,0,1,0.07285567101425089,4.0,9.6,12.6,0.4174999999999999,0.46249999999999997,7,0.5550000000000005,0.5549999999999999,0.09000000000000008,0.0,0.0,0.0,0.04500000000000004,0.04500000000000004,common
770,1,0,1,0.07287048457617736,4.0,9.6,12.6,0.41,0.455,7,0.5550000000000005,0.5549999999999999,0.09000000000000008,0.0,0.0,0.0,0.04500000000000004,0.04500000000000004,common
771,1,0,1,0.07288872776163004,4.0,9.6,12.6,0.4024999999999999,0.44749999999999995,7,0.5550000000000005,0.5549999999999999,0.09000000000000008,0.0,0.0,0.0,0.04500000000000004,0.04500000000000004,common
772,1,2,1,0.00790654591725217,4.0,9.6,12.6,0.39499999999999996,0.4924999999999999,7,0.5550000000000005,0.5549999999999999,0.09000000000000008,1.185,0.0,5.551115123125783e-17,0.04500000000000004,0.04500000000000004,common
773,1,0,1,0.07287452632665502,4.0,9.6,12.6,0.3874999999999999,0.48499999999999993,7,0.5550000000000005,0.5549999999999999,0.09000000000000008,0.0,0.0,0.0,0.04500000000000004,0.04500000000000004,common
774,1,0,1,0.0728803331403951,4.0,9.6,12.6,0.3799999999999999,0.4775,7,0.5550000000000005,0.5549999999999999,0.09000000000000008,0.0,0.0,0.0,0.04500000000000004,0.04500000000000004,common
775,1,0,0,-0.1671135774414764,3.8328864225585235,9.6,12.6,0.3724999999999999,0.4699999999999999,7,0.5550000000000005,0.5549999999999999,0.09000000000000008,0.0,0.0,0.0,0.04500000000000004,0.04500000000000004,common
776,1,0,1,0.0728985167222331,3.9057849392807564,9.6,12.6,0.3649999999999998,0.4624999999999999,7,0.5550000000000005,0.5549999999999999,0.09000000000000008,0.0,0.0,0.0,0.04500000000000004,0.04500000000000004,common
777,1,0,1,0.07289817319521055,3.978683112475967,9.6,12.6,0.3574999999999999,0.4549999999999999,7,0.5550000000000005,0.5549999999999999,0.09000000000000008,0.0,0.0,0.0,0.04500000000000004,0.04500000000000004,common
778,1,1,1,0.007899746829512612,3.9865828593054795,9.6,12.6,0.4924999999999999,0.44749999999999984,7,0.5550000000000005,0.5549999999999999,0.09000000000000008,0.6449999999999996,0.0,5.551115123125783e-17,0.04500000000000004,0.04500000000000004,common
779,1,0,0,-0.16716800740979212,3.8194148518956874,9.6,12.6,0.48499999999999993,0.4399999999999999,7,0.5550000000000005,0.5549999999999999,0.09000000000000008,0.0,0.0,0.0,0.04500000000000004,0.04500000000000004,common
780,1,0,1,0.07285784119028607,3.8922726930859737,9.6,12.6,0.4775,0.43249999999999994,7,0.5550000000000005,0.5549999999999999,0.09000000000000008,0.0,0.0,0.0,0.04500000000000004,0.04500000000000004,common
781,1,0,1,0.07286238253940774,3.9651350756253816,9.6,12.6,0.4699999999999999,0.4249999999999999,7,0.5550000000000005,0.5549999999999999,0.09000000000000008,0.0,0.0,0.0,0.04500000000000004,0.04500000000000004,common
782,1,0,1,0.07284712101205822,4.0,9.6,12.6,0.4624999999999999,0.4174999999999999,7,0.5550000000000005,0.5549999999999999,0.09000000000000008,0.0,0.0,0.0,0.04500000000000004,0.04500000000000004,common
783,1,0,1,0.07287137451907416,4.0,9.6,12.6,0.4549999999999999,0.40999999999999986,7,0.5550000000000005,0.5549999999999999,0.09000000000000008,0.0,0.0,0.0,0.04500000000000004,0.04500000000000004,common
784,1,0,1,0.07287752804071472,4.0,9.6,12.6,0.44749999999999984,0.40249999999999986,7,0.5550000000000005,0.5549999999999999,0.09000000000000008,0.0,0.0,0.0,0.04500000000000004,0.04500000000000004,common
785,1,0,1,0.07285835990564006,4.0,9.6,12.6,0.4399999999999999,0.39499999999999985,7,0.5550000000000005,0.5549999999999999,0.09000000000000008,0.0,0.0,0.0,0.04500000000000004,0.04500000000000004,common
786,1,0,0,-0.167143593325721,3.832856406674279,9.6,12.6,0.43249999999999994,0.3874999999999998,7,0.5550000000000005,0.5549999999999999,0.09000000000000008,0.0,0.0,0.0,0.04500000000000004,0.04500000000000004,common
787,1,1,1,0.007868951596727111,3.840725358271006,9.6,12.6,0.4925,0.37999999999999984,7,0.5550000000000005,0.5549999999999999,0.09000000000000008,1.0949999999999993,0.0,0.0,0.04500000000000004,0.04500000000000004,common
788,1,0,1,0.07284603628230797,3.913571394553314,9.6,12.6,0.48499999999999993,0.37249999999999983,7,0.5550000000000005,0.5549999999999999,0.09000000000000008,0.0,0.0,0.0,0.04500000000000004,0.04500000000000004,common
789,1,0,1,0.07281819677830655,3.9863895913316205,9.6,12.6,0.4775,0.3649999999999998,7,0.5550000000000005,0.5549999999999999,0.09000000000000008,0.0,0.0,0.0,0.04500000000000004,0.04500000000000004,common
790,1,0,1,0.07285285989854196,4.0,9.6,12.6,0.4699999999999999,0.3574999999999999,7,0.5550000000000005,0.5549999999999999,0.09000000000000008,0.0,0.0,0.0,0.04500000000000004,0.04500000000000004,common
791,1,0,1,0.0728586195924398,4.0,9.6,12.6,0.46249999999999997,0.3499999999999998,7,0.5550000000000005,0.5549999999999999,0.09000000000000008,0.0,0.0,0.0,0.04500000000000004,0.04500000000000004,common
792,1,0,1,0.07285960404287006,4.0,9.6,12.6,0.455,0.3424999999999998,7,0.5550000000000005,0.5549999999999999,0.09000000000000008,0.0,0.0,0.0,0.04500000000000004,0.04500000000000004,common
793,1,0,1,0.07285884404766921,4.0,9.6,12.6,0.44749999999999995,0.3349999999999998,7,0.5550000000000005,0.5549999999999999,0.09000000000000008,0.0,0.0,0.0,0.04500000000000004,0.04500000000000004,common
794,1,0,1,0.07286894001986811,4.0,9.6,12.6,0.43999999999999995,0.32749999999999974,7,0.5550000000000005,0.5549999999999999,0.09000000000000008,0.0,0.0,0.0,0.04500000000000004,0.04500000000000004,common
795,1,0,1,0.07288119934440053,4.0,9.6,12.6,0.43249999999999994,0.3199999999999998,7,0.5550000000000005,0.5549999999999999,0.09000000000000008,0.0,0.0,0.0,0.04500000000000004,0.04500000000000004,common
796,1,0,0,-0.1671131581117429,3.832886841888257,9.6,12.6,0.4249999999999999,0.3124999999999998,7,0.5550000000000005,0.5549999999999999,0.09000000000000008,0.0,0.0,0.0,0.04500000000000004,0.04500000000000004,common
797,1,0,1,0.07287311120850291,3.90575995309676,9.6,12.6,0.4174999999999999,0.30499999999999977,7,0.5550000000000005,0.5549999999999999,0.09000000000000008,0.0,0.0,0.0,0.04500000000000004,0.04500000000000004,common
798,1,0,1,0.07287710661877893,3.9786370597155387,9.6,12.6,0.41,0.2974999999999998,7,0.5550000000000005,0.5549999999999999,0.09000000000000008,0.0,0.0,0.0,0.04500000000000004,0.04500000000000004,common
799,1,0,1,0.07290614315632044,4.0,9.6,12.6,0.4024999999999999,0.28999999999999976,7,0.5550000000000005,0.5549999999999999,0.09000000000000008,0.0,0.0,0.0,0.04500000000000004,0.04500000000000004,common
800,1,0,1,0.07289534893690258,4.0,9.6,12.6,0.39499999999999996,0.28249999999999975,7,0.5550000000000005,0.5549999999999999,0.09000000000000008,0.0,0.0,0.0,0.04500000000000004,0.04500000000000004,common
801,1,0,1,0.07287875212257744,4.0,9.6,12.6,0.3874999999999999,0.27499999999999974,7,0.5550000000000005,0.5549999999999999,0.09000000000000008,0.0,0.0,0.0,0.04500000000000004,0.04500000000000004,common
802,1,0,1,0.07286959387982744,4.0,9.6,12.6,0.3799999999999999,0.2674999999999997,7,0.5550000000000005,0.5549999999999999,0.09000000000000008,0.0,0.0,0.0,0.04500000000000004,0.04500000000000004,common
803,1,2,1,0.007901232983025797,4.0,9.6,12.6,0.3724999999999999,0.4925,7,0.5550000000000005,0.5549999999999999,0.09000000000000008,0.10499999999999843,0.0,0.0,0.04500000000000004,0.04500000000000004,common
804,1,0,1,0.07289826338303503,4.0,9.6,12.6,0.3649999999999998,0.48499999999999993,7,0.5550000000000005,0.5549999999999999,0.09000000000000008,0.0,0.0,0.0,0.04500000000000004,0.04500000000000004,common
805,1,0,1,0.07287162963941299,4.0,9.6,12.6,0.3574999999999999,0.4775,7,0.5550000000000005,0.5549999999999999,0.09000000000000008,0.0,0.0,0.0,0.04500000000000004,0.04500000000000004,common
806,1,0,1,0.07291655126185492,4.0,9.6,12.6,0.34999999999999987,0.4699999999999999,7,0.5550000000000005,0.5549999999999999,0.09000000000000008,0.0,0.0,0.0,0.04500000000000004,0.04500000000000004,common
807,1,2,1,0.007901606016766358,4.0,9.6,12.6,0.34249999999999986,0.4925,7,0.5550000000000005,0.5549999999999999,0.09000000000000008,1.3199999999999998,0.0,0.0,0.04500000000000004,0.04500000000000004,common
808,1,0,1,0.07288702128598082,4.0,9.6,12.6,0.3349999999999999,0.48499999999999993,7,0.5550000000000005,0.5549999999999999,0.09000000000000008,0.0,0.0,0.0,0.04500000000000004,0.04500000000000004,common
809,1,0,1,0.07288278634965689,4.0,9.6,12.6,0.32749999999999985,0.4775,7,0.5550000000000005,0.5549999999999999,0.09000000000000008,0.0,0.0,0.0,0.04500000000000004,0.04500000000000004,common
810,1,0,1,0.07289053976384297,4.0,9.6,12.6,0.31999999999999984,0.4699999999999999,7,0.5550000000000005,0.5549999999999999,0.09000000000000008,0.0,0.0,0.0,0.04500000000000004,0.04500000000000004,common
811,1,0,1,0.07289916134646635,4.0,9.6,12.6,0.31249999999999983,0.46249999999999997,7,0.5550000000000005,0.5549999999999999,0.09000000000000008,0.0,0.0,0.0,0.04500000000000004,0.04500000000000004,common
812,1,2,0,-0.23210001295400867,3.7678999870459915,9.6,12.6,0.30499999999999977,0.4925,7,0.5550000000000005,0.5549999999999999,0.09000000000000008,1.2749999999999995,0.0,0.0,0.04500000000000004,0.04500000000000004,common
813,1,0,0,-0.1670987094086016,3.60080127763739,9.6,12.6,0.2974999999999998,0.48499999999999993,7,0.5550000000000005,0.5549999999999999,0.09000000000000008,0.0,0.0,0.0,0.04500000000000004,0.04500000000000004,common
814,1,0,1,0.07289878573303948,3.6737000633704295,9.6,12.6,0.2899999999999998,0.4775,7,0.5550000000000005,0.5549999999999999,0.09000000000000008,0.0,0.0,0.0,0.04500000000000004,0.04500000000000004,common
815,1,0,1,0.07291232378125942,3.7466123871516888,9.6,12.6,0.2824999999999998,0.4699999999999999,7,0.5550000000000005,0.5549999999999999,0.09000000000000008,0.0,0.0,0.0,0.04500000000000004,0.04500000000000004,common
816,1,2,1,0.00791023475563662,3.7545226219073253,9.6,12.6,0.27499999999999986,0.4925,7,0.5550000000000005,0.5549999999999999,0.09000000000000008,1.3199999999999998,0.0,0.0,0.04500000000000004,0.04500000000000004,common
817,1,0,1,0.07290909189033035,3.8274317137976555,9.6,12.6,0.2674999999999998,0.48499999999999993,7,0.5550000000000005,0.5549999999999999,0.09000000000000008,0.0,0.0,0.0,0.04500000000000004,0.04500000000000004,common
818,1,0,1,0.07292343278277222,3.9003551465804276,9.6,12.6,0.2599999999999998,0.4775,7,0.5550000000000005,0.5549999999999999,0.09000000000000008,0.0,0.0,0.0,0.04500000000000004,0.04500000000000004,common
819,1,0,1,0.07290534317801885,3.9732604897584465,9.6,12.6,0.2524999999999998,0.4699999999999999,7,0.5550000000000005,0.5549999999999999,0.09000000000000008,0.0,0.0,0.0,0.04500000000000004,0.04500000000000004,common
820,1,0,1,0.07291614314007,4.0,9.6,12.6,0.24499999999999975,0.46249999999999997,7,0.5550000000000005,0.5549999999999999,0.09000000000000008,0.0,0.0,0.0,0.04500000000000004,0.04500000000000004,common
821,1,1,1,0.007910244354053037,4.0,9.6,12.6,0.48749999999999977,0.455,7,0.5550000000000005,0.5549999999999999,0.09000000000000008,0.0,0.0,0.0,0.04500000000000004,0.04500000000000004,common
822,1,2,0,-0.232158851280967,3.767841148719033,9.6,12.6,0.4799999999999997,0.4925,7,0.5550000000000005,0.5549999999999999,0.09000000000000008,1.23,0.0,0.0,0.04500000000000004,0.04500000000000004,common
823,1,0,1,0.07282795210740678,3.8406691008264398,9.6,12.6,0.47249999999999975,0.48499999999999993,7,0.5550000000000005,0.5549999999999999,0.09000000000000008,0.0,0.0,0.0,0.04500000000000004,0.04500000000000004,common
824,1,0,1,0.07281792432069309,3.9134870251471328,9.6,12.6,0.4649999999999998,0.4775,7,0.5550000000000005,0.5549999999999999,0.09000000000000008,0.0,0.0,0.0,0.04500000000000004,0.04500000000000004,common
825,1,0,1,0.07283996553175465,3.9863269906788874,9.6,12.6,0.45749999999999974,0.4699999999999999,7,0.5550000000000005,0.5549999999999999,0.09000000000000008,0.0,0.0,0.0,0.04500000000000004,0.04500000000000004,common
826,1,0,1,0.07285904113332957,4.0,9.6,12.6,0.44999999999999973,0.46249999999999997,7,0.5550000000000005,0.5549999999999999,0.09000000000000008,0.0,0.0,0.0,0.04500000000000004,0.04500000000000004,common
827,1,2,1,0.00783809346438184,4.0,9.6,12.6,0.4424999999999997,0.4925,7,0.5550000000000005,0.5549999999999999,0.09000000000000008,1.2749999999999995,0.0,0.0,0.04500000000000004,0.04500000000000004,common
828,1,0,1,0.0728605880037709,4.0,9.6,12.6,0.43499999999999966,0.48499999999999993,7,0.5550000000000005,0.5549999999999999,0.09000000000000008,0.0,0.0,0.0,0.04500000000000004,0.04500000000000004,common
829,1,0,1,0.07284823747239556,4.0,9.6,12.6,0.4274999999999997,0.4775,7,0.5550000000000005,0.5549999999999999,0.09000000000000008,0.0,0.0,0.0,0.04500000000000004,0.04500000000000004,common
830,1,0,1,0.07284177574824535,4.0,9.6,12.6,0.41999999999999976,0.4699999999999999,7,0.5550000000000005,0.5549999999999999,0.09000000000000008,0.0,0.0,0.0,0.04500000000000004,0.04500000000000004,common
831,1,0,0,-0.1671424413242326,3.8328575586757676,9.6,12.6,0.4124999999999997,0.46249999999999997,7,0.5550000000000005,0.5549999999999999,0.09000000000000008,0.0,0.0,0.0,0.04500000000000004,0.04500000000000004,common
832,1,0,1,0.07290835572728778,3.905765914403055,9.6,12.6,0.40499999999999975,0.455,7,0.5550000000000005,0.5549999999999999,0.09000000000000008,0.0,0.0,0.0,0.04500000000000004,0.04500000000000004,common
833,1,0,1,0.07287746426218628,3.9786433786652413,9.6,12.6,0.3974999999999997,0.44749999999999995,7,0.5550000000000005,0.5549999999999999,0.09000000000000008,0.0,0.0,0.0,0.04500000000000004,0.04500000000000004,common
834,1,0,1,0.07286591157816619,4.0,9.6,12.6,0.3899999999999997,0.43999999999999995,7,0.5550000000000005,0.5549999999999999,0.09000000000000008,0.0,0.0,0.0,0.04500000000000004,0.04500000000000004,common
835,1,1,1,0.00786253868331982,4.0,9.6,12.6,0.4925,0.43249999999999994,7,0.5550000000000005,0.5549999999999999,0.09000000000000008,0.8399999999999981,0.0,0.0,0.04500000000000004,0.04500000000000004,common
836,1,0,1,0.07284372386381338,4.0,9.6,12.6,0.48499999999999993,0.4249999999999999,7,0.5550000000000005,0.5549999999999999,0.09000000000000008,0.0,0.0,0.0,0.04500000000000004,0.04500000000000004,common
837,1,2,1,0.007829158587038434,4.0,9.6,12.6,0.4775,0.4925,7,0.5550000000000005,0.5549999999999999,0.09000000000000008,1.0499999999999996,0.0,0.0,0.04500000000000004,0.04500000000000004,common
838,1,0,1,0.07284608170435623,4.0,9.6,12.6,0.4699999999999999,0.48499999999999993,7,0.5550000000000005,0.5549999999999999,0.09000000000000008,0.0,0.0,0.0,0.04500000000000004,0.04500000000000004,common
839,1,1,1,0.00784449122008208,4.0,9.6,12.6,0.4925,0.4775,7,0.5550000000000005,0.5549999999999999,0.09000000000000008,1.3199999999999998,0.0,0.0,0.04500000000000004,0.04500000000000004,common
840,1,2,1,0.007826520245266685,4.0,9.6,12.6,0.48499999999999993,0.4924999999999999,7,0.5550000000000005,0.5549999999999999,0.09000000000000008,1.3650000000000002,0.0,5.551115123125783e-17,0.04500000000000004,0.04500000000000004,common
841,1,0,1,0.07283789554314184,4.0,9.6,12.6,0.4775,0.48499999999999993,7,0.5550000000000005,0.5549999999999999,0.09000000000000008,0.0,0.0,0.0,0.04500000000000004,0.04500000000000004,common
842,1,0,1,0.0728243484579083,4.0,9.6,12.6,0.4699999999999999,0.4775,7,0.5550000000000005,0.5549999999999999,0.09000000000000008,0.0,0.0,0.0,0.04500000000000004,0.04500000000000004,common
843,1,0,1,0.07284075963996603,4.0,9.6,12.6,0.46249999999999997,0.4699999999999999,7,0.5550000000000005,0.5549999999999999,0.09000000000000008,0.0,0.0,0.0,0.04500000000000004,0.04500000000000004,common
844,1,0,1,0.07284275360142278,4.0,9.6,12.6,0.455,0.4624999999999999,7,0.5550000000000005,0.5549999999999999,0.09000000000000008,0.0,0.0,0.0,0.04500000000000004,0.04500000000000004,common
845,1,0,1,0.0728750617051728,4.0,9.6,12.6,0.44749999999999995,0.4549999999999999,7,0.5550000000000005,0.5549999999999999,0.09000000000000008,0.0,0.0,0.0,0.04500000000000004,0.04500000000000004,common
846,1,0,1,0.07286097739659299,4.0,9.6,12.6,0.43999999999999995,0.44749999999999984,7,0.5550000000000005,0.5549999999999999,0.09000000000000008,0.0,0.0,0.0,0.04500000000000004,0.04500000000000004,common
847,1,0,1,0.07283969066501114,4.0,9.6,12.6,0.43249999999999994,0.4399999999999999,7,0.5550000000000005,0.5549999999999999,0.09000000000000008,0.0,0.0,0.0,0.04500000000000004,0.04500000000000004,common
848,1,0,1,0.07284208004667946,4.0,9.6,12.6,0.4249999999999999,0.43249999999999994,7,0.5550000000000005,0.5549999999999999,0.09000000000000008,0.0,0.0,0.0,0.04500000000000004,0.04500000000000004,common
849,1,0,1,0.07284491471457381,4.0,9.6,12.6,0.4174999999999999,0.4249999999999999,7,0.5550000000000005,0.5549999999999999,0.09000000000000008,0.0,0.0,0.0,0.04500000000000004,0.04500000000000004,common
850,1,0,1,0.07285295174318707,4.0,9.6,12.6,0.41,0.4174999999999999,7,0.5550000000000005,0.5549999999999999,0.09000000000000008,0.0,0.0,0.0,0.04500000000000004,0.04500000000000004,common
851,1,0,1,0.07288137763319033,4.0,9.6,12.6,0.4024999999999999,0.40999999999999986,7,0.5550000000000005,0.5549999999999999,0.09000000000000008,0.0,0.0,0.0,0.04500000000000004,0.04500000000000004,common
852,1,0,1,0.07287847345133526,4.0,9.6,12.6,0.39499999999999996,0.40249999999999986,7,0.5550000000000005,0.5549999999999999,0.09000000000000008,0.0,0.0,0.0,0.04500000000000004,0.04500000000000004,common
853,1,0,1,0.07287104917270748,4.0,9.6,12.6,0.3874999999999999,0.39499999999999985,7,0.5550000000000005,0.5549999999999999,0.09000000000000008,0.0,0.0,0.0,0.04500000000000004,0.04500000000000004,common
854,1,0,1,0.07289901031907847,4.0,9.6,12.6,0.3799999999999999,0.3874999999999998,7,0.5550000000000005,0.5549999999999999,0.09000000000000008,0.0,0.0,0.0,0.04500000000000004,0.04500000000000004,common
855,1,0,0,-0.16711105765976517,3.832888942340235,9.6,12.6,0.3724999999999999,0.37999999999999984,7,0.5550000000000005,0.5549999999999999,0.09000000000000008,0.0,0.0,0.0,0.04500000000000004,0.04500000000000004,common
856,1,2,1,0.007885367760466874,3.8407743101007017,9.6,12.6,0.3649999999999998,0.4924999999999999,7,0.5550000000000005,0.5549999999999999,0.09000000000000008,0.7799999999999994,0.0,5.551115123125783e-17,0.04500000000000004,0.04500000000000004,common
857,1,0,1,0.07287754864256435,3.913651858743266,9.6,12.6,0.3574999999999999,0.48499999999999993,7,0.5550000000000005,0.5549999999999999,0.09000000000000008,0.0,0.0,0.0,0.04500000000000004,0.04500000000000004,common
858,1,0,1,0.07286969992627575,3.986521558669542,9.6,12.6,0.34999999999999987,0.4775,7,0.5550000000000005,0.5549999999999999,0.09000000000000008,0.0,0.0,0.0,0.04500000000000004,0.04500000000000004,common
859,1,2,1,0.007877602006467296,3.9943991606760094,9.6,12.6,0.34249999999999986,0.4925,7,0.5550000000000005,0.5549999999999999,0.09000000000000008,1.3649999999999998,0.0,0.0,0.04500000000000004,0.04500000000000004,common
860,1,0,1,0.07288178689446027,4.0,9.6,12.6,0.3349999999999999,0.48499999999999993,7,0.5550000000000005,0.5549999999999999,0.09000000000000008,0.0,0.0,0.0,0.04500000000000004,0.04500000000000004,common
861,1,0,1,0.07290900765216625,4.0,9.6,12.6,0.32749999999999985,0.4775,7,0.5550000000000005,0.5549999999999999,0.09000000000000008,0.0,0.0,0.0,0.04500000000000004,0.04500000000000004,common
862,1,1,1,0.00788269841685462,4.0,9.6,12.6,0.4924999999999999,0.4699999999999999,7,0.5550000000000005,0.5549999999999999,0.09000000000000008,0.4649999999999994,0.0,5.551115123125783e-17,0.04500000000000004,0.04500000000000004,common
863,1,0,1,0.07284105397591376,4.0,9.6,12.6,0.48499999999999993,0.46249999999999997,7,0.5550000000000005,0.5549999999999999,0.09000000000000008,0.0,0.0,0.0,0.04500000000000004,0.04500000000000004,common
864,1,0,1,0.07284316455583513,4.0,9.6,12.6,0.4775,0.455,7,0.5550000000000005,0.5549999999999999,0.09000000000000008,0.0,0.0,0.0,0.04500000000000004,0.04500000000000004,common
865,1,0,1,0.07284015124422245,4.0,9.6,12.6,0.4699999999999999,0.44749999999999995,7,0.5550000000000005,0.5549999999999999,0.09000000000000008,0.0,0.0,0.0,0.04500000000000004,0.04500000000000004,common
866,1,0,1,0.07283713416858938,4.0,9.6,12.6,0.4624999999999999,0.43999999999999995,7,0.5550000000000005,0.5549999999999999,0.09000000000000008,0.0,0.0,0.0,0.04500000000000004,0.04500000000000004,common
867,1,0,1,0.07288328621786618,4.0,9.6,12.6,0.4549999999999999,0.43249999999999994,7,0.5550000000000005,0.5549999999999999,0.09000000000000008,0.0,0.0,0.0,0.04500000000000004,0.04500000000000004,common
868,1,0,1,0.07283614247829476,4.0,9.6,12.6,0.44749999999999984,0.4249999999999999,7,0.5550000000000005,0.5549999999999999,0.09000000000000008,0.0,0.0,0.0,0.04500000000000004,0.04500000000000004,common
869,1,1,1,0.007840720558972909,4.0,9.6,12.6,0.4925,0.4174999999999999,7,0.5550000000000005,0.5549999999999999,0.09000000000000008,1.1849999999999994,0.0,0.0,0.04500000000000004,0.04500000000000004,common
870,1,0,1,0.07285939501113238,4.0,9.6,12.6,0.48499999999999993,0.41,7,0.5550000000000005,0.5549999999999999,0.09000000000000008,0.0,0.0,0.0,0.04500000000000004,0.04500000000000004,common
871,1,0,1,0.07283698492429583,4.0,9.6,12.6,0.4775,0.4024999999999999,7,0.5550000000000005,0.5549999999999999,0.09000000000000008,0.0,0.0,0.0,0.04500000000000004,0.04500000000000004,common
872,1,0,0,-0.16716072178449645,3.8328392782155034,9.6,12.6,0.4699999999999999,0.39499999999999996,7,0.5550000000000005,0.5549999999999999,0.09000000000000008,0.0,0.0,0.0,0.04500000000000004,0.04500000000000004,common
873,1,0,1,0.07281714414253873,3.9056564223580423,9.6,12.6,0.46249999999999997,0.3874999999999999,7,0.5550000000000005,0.5549999999999999,0.09000000000000008,0.0,0.0,0.0,0.04500000000000004,0.04500000000000004,common
874,1,0,0,-0.1671548479535886,3.7385015744044536,9.6,12.6,0.455,0.3799999999999999,7,0.5550000000000005,0.5549999999999999,0.09000000000000008,0.0,0.0,0.0,0.04500000000000004,0.04500000000000004,common
875,1,0,1,0.07282892299030923,3.811330497394763,9.6,12.6,0.44749999999999995,0.3724999999999999,7,0.5550000000000005,0.5549999999999999,0.09000000000000008,0.0,0.0,0.0,0.04500000000000004,0.04500000000000004,common
876,1,0,1,0.07285227091975834,3.8841827683145214,9.6,12.6,0.43999999999999995,0.3649999999999998,7,0.5550000000000005,0.5549999999999999,0.09000000000000008,0.0,0.0,0.0,0.04500000000000004,0.04500000000000004,common
877,1,1,1,0.007859635375393987,3.8920424036899153,9.6,12.6,0.4925,0.3574999999999999,7,0.5550000000000005,0.5549999999999999,0.09000000000000008,1.1399999999999997,0.0,0.0,0.04500000000000004,0.04500000000000004,common
878,1,0,1,0.0728340509492625,3.9648764546391777,9.6,12.6,0.48499999999999993,0.34999999999999987,7,0.5550000000000005,0.5549999999999999,0.09000000000000008,0.0,0.0,0.0,0.04500000000000004,0.04500000000000004,common
879,1,0,1,0.07284584487320149,4.0,9.6,12.6,0.4775,0.34249999999999986,7,0.5550000000000005,0.5549999999999999,0.09000000000000008,0.0,0.0,0.0,0.04500000000000004,0.04500000000000004,common
880,1,0,0,-0.16716676260320168,3.832833237396798,9.6,12.6,0.4699999999999999,0.3349999999999999,7,0.5550000000000005,0.5549999999999999,0.09000000000000008,0.0,0.0,0.0,0.04500000000000004,0.04500000000000004,common
881,1,0,1,0.07280976173067318,3.9056429991274713,9.6,12.6,0.46249999999999997,0.32749999999999985,7,0.5550000000000005,0.5549999999999999,0.09000000000000008,0.0,0.0,0.0,0.04500000000000004,0.04500000000000004,common
882,1,0,1,0.07282891541934307,3.978471914546814,9.6,12.6,0.455,0.31999999999999984,7,0.5550000000000005,0.5549999999999999,0.09000000000000008,0.0,0.0,0.0,0.04500000000000004,0.04500000000000004,common
883,1,2,1,0.007857262901057163,3.9863291774478715,9.6,12.6,0.44749999999999995,0.4925,7,0.5550000000000005,0.5549999999999999,0.09000000000000008,0.41999999999999904,0.0,0.0,0.04500000000000004,0.04500000000000004,common
884,1,0,1,0.07285909688008693,4.0,9.6,12.6,0.43999999999999995,0.48499999999999993,7,0.5550000000000005,0.5549999999999999,0.09000000000000008,0.0,0.0,0.0,0.04500000000000004,0.04500000000000004,common
885,1,0,1,0.07285059815939733,4.0,9.6,12.6,0.43249999999999994,0.4775,7,0.5550000000000005,0.5549999999999999,0.09000000000000008,0.0,0.0,0.0,0.04500000000000004,0.04500000000000004,common
886,1,0,1,0.07283999211843166,4.0,9.6,12.6,0.4249999999999999,0.4699999999999999,7,0.5550000000000005,0.5549999999999999,0.09000000000000008,0.0,0.0,0.0,0.04500000000000004,0.04500000000000004,common
887,1,0,0,-0.16716335123560289,3.8328366487643972,9.6,12.6,0.4174999999999999,0.46249999999999997,7,0.5550000000000005,0.5549999999999999,0.09000000000000008,0.0,0.0,0.0,0.04500000000000004,0.04500000000000004,common
888,1,0,1,0.07285078786255517,3.9056874366269523,9.6,12.6,0.41,0.455,7,0.5550000000000005,0.5549999999999999,0.09000000000000008,0.0,0.0,0.0,0.04500000000000004,0.04500000000000004,common
889,1,0,1,0.07285831168176249,3.978545748308715,9.6,12.6,0.4024999999999999,0.44749999999999995,7,0.5550000000000005,0.5549999999999999,0.09000000000000008,0.0,0.0,0.0,0.04500000000000004,0.04500000000000004,common
890,1,1,0,-0.23211392445144394,3.746431823857271,9.6,12.6,0.4925,0.43999999999999995,7,0.5550000000000005,0.5549999999999999,0.09000000000000008,0.9149999999999991,0.0,0.0,0.04500000000000004,0.04500000000000004,common
891,1,0,0,-0.16718771423947945,3.579244109617792,9.6,12.6,0.48499999999999993,0.43249999999999994,7,0.5550000000000005,0.5549999999999999,0.09000000000000008,0.0,0.0,0.0,0.04500000000000004,0.04500000000000004,common
892,1,2,0,-0.2321588552215765,3.3470852543962155,9.6,12.6,0.4775,0.4925,7,0.5550000000000005,0.5549999999999999,0.09000000000000008,1.0949999999999993,0.0,0.0,0.04500000000000004,0.04500000000000004,common
893,1,2,1,0.007863301895917559,3.354948556292133,9.6,12.6,0.4699999999999999,0.4925,7,0.5550000000000005,0.5549999999999999,0.09000000000000008,1.4549999999999996,0.0,0.0,0.04500000000000004,0.04500000000000004,common
894,1,0,1,0.0728260715267991,3.4277746278189323,9.6,12.6,0.46249999999999997,0.48499999999999993,7,0.5550000000000005,0.5549999999999999,0.09000000000000008,0.0,0.0,0.0,0.04500000000000004,0.04500000000000004,common
895,1,0,1,0.07283100147533556,3.500605629294268,9.6,12.6,0.455,0.4775,7,0.5550000000000005,0.5549999999999999,0.09000000000000008,0.0,0.0,0.0,0.04500000000000004,0.04500000000000004,common
896,1,0,1,0.07283623793477902,4.0,9.6,12.6,0.44749999999999995,0.4699999999999999,8,0.5550000000000005,0.5549999999999999,0.09000000000000008,0.0,0.0,0.0,0.04500000000000004,0.04500000000000004,common
897,1,0,0,-0.1671539865569591,3.832846013443041,9.6,12.6,0.43999999999999995,0.46249999999999997,8,0.5550000000000005,0.5549999999999999,0.09000000000000008,0.0,0.0,0.0,0.04500000000000004,0.04500000000000004,common
898,1,2,1,0.007869064771404428,3.8407150782144455,9.6,12.6,0.43249999999999994,0.4925,8,0.5550000000000005,0.5549999999999999,0.09000000000000008,1.2749999999999995,0.0,0.0,0.04500000000000004,0.04500000000000004,common
899,1,0,1,0.0728800855434916,3.913595163757937,9.6,12.6,0.4249999999999999,0.48499999999999993,8,0.5550000000000005,0.5549999999999999,0.09000000000000008,0.0,0.0,0.0,0.04500000000000004,0.04500000000000004,common
900,1,0,1,0.07282353945415472,3.9864187032120917,9.6,12.6,0.4174999999999999,0.4775,8,0.5550000000000005,0.5549999999999999,0.09000000000000008,0.0,0.0,0.0,0.04500000000000004,0.04500000000000004,common
901,1,0,1,0.07285350376908291,4.0,9.6,12.6,0.41,0.4699999999999999,8,0.5550000000000005,0.5549999999999999,0.09000000000000008,0.0,0.0,0.0,0.04500000000000004,0.04500000000000004,common
902,1,0,1,0.07287942737304773,4.0,9.6,12.6,0.4024999999999999,0.46249999999999997,8,0.5550000000000005,0.5549999999999999,0.09000000000000008,0.0,0.0,0.0,0.04500000000000004,0.04500000000000004,common
903,1,0,1,0.07288281108266165,4.0,9.6,12.6,0.39499999999999996,0.455,8,0.5550000000000005,0.5549999999999999,0.09000000000000008,0.0,0.0,0.0,0.04500000000000004,0.04500000000000004,common
904,1,0,0,-0.1671298632154389,3.8328701367845612,9.6,12.6,0.3874999999999999,0.44749999999999995,8,0.5550000000000005,0.5549999999999999,0.09000000000000008,0.0,0.0,0.0,0.04500000000000004,0.04500000000000004,common
905,1,2,1,0.007838991028405464,3.840709127812967,9.6,12.6,0.3799999999999999,0.4924999999999999,8,0.5550000000000005,0.5549999999999999,0.09000000000000008,1.185,0.0,5.551115123125783e-17,0.04500000000000004,0.04500000000000004,common
906,1,0,1,0.07287097324629602,3.913580101059263,9.6,12.6,0.3724999999999999,0.48499999999999993,8,0.5550000000000005,0.5549999999999999,0.09000000000000008,0.0,0.0,0.0,0.04500000000000004,0.04500000000000004,common
907,1,0,1,0.07286904949034748,3.9864491505496105,9.6,12.6,0.3649999999999998,0.4775,8,0.5550000000000005,0.5549999999999999,0.09000000000000008,0.0,0.0,0.0,0.04500000000000004,0.04500000000000004,common
908,1,0,1,0.07285938628798069,4.0,9.6,12.6,0.3574999999999999,0.4699999999999999,8,0.5550000000000005,0.5549999999999999,0.09000000000000008,0.0,0.0,0.0,0.04500000000000004,0.04500000000000004,common
909,1,0,1,0.07286293157502358,4.0,9.6,12.6,0.34999999999999987,0.4624999999999999,8,0.5550000000000005,0.5549999999999999,0.09000000000000008,0.0,0.0,0.0,0.04500000000000004,0.04500000000000004,common
910,1,0,1,0.07286529079790605,4.0,9.6,12.6,0.34249999999999986,0.4549999999999999,8,0.5550000000000005,0.5549999999999999,0.09000000000000008,0.0,0.0,0.0,0.04500000000000004,0.04500000000000004,common
911,1,0,1,0.07287182406938458,4.0,9.6,12.6,0.3349999999999999,0.44749999999999984,8,0.5550000000000005,0.5549999999999999,0.09000000000000008,0.0,0.0,0.0,0.04500000000000004,0.04500000000000004,common
912,1,0,1,0.07290789378608659,4.0,9.6,12.6,0.32749999999999985,0.4399999999999999,8,0.5550000000000005,0.5549999999999999,0.09000000000000008,0.0,0.0,0.0,0.04500000000000004,0.04500000000000004,common
913,1,0,1,0.07289254572720621,4.0,9.6,12.6,0.31999999999999984,0.43249999999999994,8,0.5550000000000005,0.5549999999999999,0.09000000000000008,0.0,0.0,0.0,0.04500000000000004,0.04500000000000004,common
914,1,0,0,-0.16710982383636142,3.8328901761636387,9.6,12.6,0.31249999999999983,0.4249999999999999,8,0.5550000000000005,0.5549999999999999,0.09000000000000008,0.0,0.0,0.0,0.04500000000000004,0.04500000000000004,common
915,1,0,0,-0.16709578400942718,3.6657943921542113,9.6,12.6,0.30499999999999977,0.4174999999999999,8,0.5550000000000005,0.5549999999999999,0.09000000000000008,0.0,0.0,0.0,0.04500000000000004,0.04500000000000004,common
916,1,0,1,0.07291237430138782,3.738706766455599,9.6,12.6,0.2974999999999998,0.40999999999999986,8,0.5550000000000005,0.5549999999999999,0.09000000000000008,0.0,0.0,0.0,0.04500000000000004,0.04500000000000004,common
917,1,0,1,0.07290444710234982,3.8116112135579487,9.6,12.6,0.2899999999999998,0.40249999999999986,8,0.5550000000000005,0.5549999999999999,0.09000000000000008,0.0,0.0,0.0,0.04500000000000004,0.04500000000000004,common
918,1,0,1,0.07290599309447054,3.8845172066524194,9.6,12.6,0.2824999999999998,0.39499999999999985,8,0.5550000000000005,0.5549999999999999,0.09000000000000008,0.0,0.0,0.0,0.04500000000000004,0.04500000000000004,common
919,1,0,1,0.07291218681368271,3.9574293934661022,9.6,12.6,0.27499999999999986,0.3874999999999998,8,0.5550000000000005,0.5549999999999999,0.09000000000000008,0.0,0.0,0.0,0.04500000000000004,0.04500000000000004,common
920,1,0,1,0.07291498079918898,4.0,9.6,12.6,0.2674999999999998,0.37999999999999984,8,0.5550000000000005,0.5549999999999999,0.09000000000000008,0.0,0.0,0.0,0.04500000000000004,0.04500000000000004,common
921,1,0,1,0.07290647761718705,4.0,9.6,12.6,0.2599999999999998,0.37249999999999983,8,0.5550000000000005,0.5549999999999999,0.09000000000000008,0.0,0.0,0.0,0.04500000000000004,0.04500000000000004,common
922,1,0,0,-0.16709554586847092,3.832904454131529,9.6,12.6,0.2524999999999998,0.3649999999999998,8,0.5550000000000005,0.5549999999999999,0.09000000000000008,0.0,0.0,0.0,0.04500000000000004,0.04500000000000004,common
923,1,2,1,0.00791802054274357,3.8408224746742725,9.6,12.6,0.24499999999999975,0.4925,8,0.5550000000000005,0.5549999999999999,0.09000000000000008,0.6899999999999986,0.0,0.0,0.04500000000000004,0.04500000000000004,common
924,1,0,1,0.07290621464270086,3.913728689316973,9.6,12.6,0.2374999999999998,0.48499999999999993,8,0.5550000000000005,0.5549999999999999,0.09000000000000008,0.0,0.0,0.0,0.04500000000000004,0.04500000000000004,common
925,1,0,1,0.07292241112721064,3.986651100444184,9.6,12.6,0.22999999999999976,0.4775,8,0.5550000000000005,0.5549999999999999,0.09000000000000008,0.0,0.0,0.0,0.04500000000000004,0.04500000000000004,common
926,1,0,1,0.07290324726920745,4.0,9.6,12.6,0.22249999999999973,0.4699999999999999,8,0.5550000000000005,0.5549999999999999,0.09000000000000008,0.0,0.0,0.0,0.04500000000000004,0.04500000000000004,common
927,1,0,1,0.0729004777354905,4.0,9.6,12.6,0.21499999999999977,0.46249999999999997,8,0.5550000000000005,0.5549999999999999,0.09000000000000008,0.0,0.0,0.0,0.04500000000000004,0.04500000000000004,common
928,1,2,1,0.007904943721241536,4.0,9.6,12.6,0.20749999999999977,0.4925,8,0.5550000000000005,0.5549999999999999,0.09000000000000008,1.2749999999999995,0.0,0.0,0.04500000000000004,0.04500000000000004,common
929,1,0,1,0.07289968343605302,4.0,9.6,12.6,0.19999999999999973,0.48499999999999993,8,0.5550000000000005,0.5549999999999999,0.09000000000000008,0.0,0.0,0.0,0.04500000000000004,0.04500000000000004,common
930,1,1,1,0.00791568099992592,4.0,9.6,12.6,0.4424999999999997,0.4775,8,0.5550000000000005,0.5549999999999999,0.09000000000000008,0.0,0.0,0.0,0.04500000000000004,0.04500000000000004,common
931,1,0,0,-0.1671511651932599,3.83284883480674,9.6,12.6,0.43499999999999966,0.4699999999999999,8,0.5550000000000005,0.5549999999999999,0.09000000000000008,0.0,0.0,0.0,0.04500000000000004,0.04500000000000004,common
932,1,1,0,-0.23214754519249825,3.600701289614242,9.6,12.6,0.4925,0.46249999999999997,8,0.5550000000000005,0.5549999999999999,0.09000000000000008,1.1099999999999983,0.0,0.0,0.04500000000000004,0.04500000000000004,common
933,1,0,1,0.07282248127374893,3.6735237708879906,9.6,12.6,0.48499999999999993,0.455,8,0.5550000000000005,0.5549999999999999,0.09000000000000008,0.0,0.0,0.0,0.04500000000000004,0.04500000000000004,common
934,1,0,1,0.07281618848135943,3.74633995936935,9.6,12.6,0.4775,0.44749999999999995,8,0.5550000000000005,0.5549999999999999,0.09000000000000008,0.0,0.0,0.0,0.04500000000000004,0.04500000000000004,common
935,1,0,1,0.07284104125662237,3.8191810006259725,9.6,12.6,0.4699999999999999,0.43999999999999995,8,0.5550000000000005,0.5549999999999999,0.09000000000000008,0.0,0.0,0.0,0.04500000000000004,0.04500000000000004,common
936,1,0,1,0.07284618608671058,3.892027186712683,9.6,12.6,0.46249999999999997,0.43249999999999994,8,0.5550000000000005,0.5549999999999999,0.09000000000000008,0.0,0.0,0.0,0.04500000000000004,0.04500000000000004,common
937,1,0,1,0.07281307461628106,3.9648402613289644,9.6,12.6,0.455,0.4249999999999999,8,0.5550000000000005,0.5549999999999999,0.09000000000000008,0.0,0.0,0.0,0.04500000000000004,0.04500000000000004,common
938,1,0,1,0.07283643734319445,4.0,9.6,12.6,0.44749999999999995,0.4174999999999999,8,0.5550000000000005,0.5549999999999999,0.09000000000000008,0.0,0.0,0.0,0.04500000000000004,0.04500000000000004,common
939,1,0,1,0.07282680091669488,4.0,9.6,12.6,0.43999999999999995,0.41,8,0.5550000000000005,0.5549999999999999,0.09000000000000008,0.0,0.0,0.0,0.04500000000000004,0.04500000000000004,common
940,1,0,1,0.07283119828916622,4.0,9.6,12.6,0.43249999999999994,0.4024999999999999,8,0.5550000000000005,0.5549999999999999,0.09000000000000008,0.0,0.0,0.0,0.04500000000000004,0.04500000000000004,common
941,1,0,1,0.07281489062901073,4.0,9.6,12.6,0.4249999999999999,0.39499999999999996,8,0.5550000000000005,0.5549999999999999,0.09000000000000008,0.0,0.0,0.0,0.04500000000000004,0.04500000000000004,common
942,1,0,1,0.07283932457961059,4.0,9.6,12.6,0.4174999999999999,0.3874999999999999,8,0.5550000000000005,0.5549999999999999,0.09000000000000008,0.0,0.0,0.0,0.04500000000000004,0.04500000000000004,common
943,1,1,1,0.007824958978280295,4.0,9.6,12.6,0.4924999999999999,0.3799999999999999,8,0.5550000000000005,0.5549999999999999,0.09000000000000008,1.005,0.0,5.551115123125783e-17,0.04500000000000004,0.04500000000000004,common
944,1,0,0,-0.16718160371540447,3.8328183962845954,9.6,12.6,0.48499999999999993,0.3724999999999999,8,0.5550000000000005,0.5549999999999999,0.09000000000000008,0.0,0.0,0.0,0.04500000000000004,0.04500000000000004,common
945,1,0,1,0.07280904888443689,3.9056274451690323,9.6,12.6,0.4775,0.3649999999999998,8,0.5550000000000005,0.5549999999999999,0.09000000000000008,0.0,0.0,0.0,0.04500000000000004,0.04500000000000004,common
946,1,0,1,0.07280639359973338,3.9784338387687654,9.6,12.6,0.4699999999999999,0.3574999999999999,8,0.5550000000000005,0.5549999999999999,0.09000000000000008,0.0,0.0,0.0,0.04500000000000004,0.04500000000000004,common
947,1,0,1,0.07280366060949293,4.0,9.6,12.6,0.4624999999999999,0.34999999999999987,8,0.5550000000000005,0.5549999999999999,0.09000000000000008,0.0,0.0,0.0,0.04500000000000004,0.04500000000000004,common
948,1,2,0,-0.23215521175784867,3.7678447882421513,9.6,12.6,0.4549999999999999,0.4925,8,0.5550000000000005,0.5549999999999999,0.09000000000000008,0.5999999999999992,0.0,0.0,0.04500000000000004,0.04500000000000004,common
949,1,0,1,0.07285173124904246,3.840696519491194,9.6,12.6,0.44749999999999984,0.48499999999999993,8,0.5550000000000005,0.5549999999999999,0.09000000000000008,0.0,0.0,0.0,0.04500000000000004,0.04500000000000004,common
950,1,0,1,0.07282177654711358,3.9135182960383075,9.6,12.6,0.4399999999999999,0.4775,8,0.5550000000000005,0.5549999999999999,0.09000000000000008,0.0,0.0,0.0,0.04500000000000004,0.04500000000000004,common
951,1,0,1,0.07284579124259662,3.9863640872809043,9.6,12.6,0.43249999999999994,0.4699999999999999,8,0.5550000000000005,0.5549999999999999,0.09000000000000008,0.0,0.0,0.0,0.04500000000000004,0.04500000000000004,common
952,1,0,1,0.07282848950477022,4.0,9.6,12.6,0.4249999999999999,0.46249999999999997,8,0.5550000000000005,0.5549999999999999,0.09000000000000008,0.0,0.0,0.0,0.04500000000000004,0.04500000000000004,common
953,1,0,1,0.07285341870352857,4.0,9.6,12.6,0.4174999999999999,0.455,8,0.5550000000000005,0.5549999999999999,0.09000000000000008,0.0,0.0,0.0,0.04500000000000004,0.04500000000000004,common
954,1,0,0,-0.16717671189051417,3.832823288109486,9.6,12.6,0.40999999999999986,0.44749999999999995,8,0.5550000000000005,0.5549999999999999,0.09000000000000008,0.0,0.0,0.0,0.04500000000000004,0.04500000000000004,common
955,1,0,1,0.07286278205274324,3.905686070162229,9.6,12.6,0.40249999999999986,0.43999999999999995,8,0.5550000000000005,0.5549999999999999,0.09000000000000008,0.0,0.0,0.0,0.04500000000000004,0.04500000000000004,common
956,1,1,1,0.00786933017511289,3.913555400337342,9.6,12.6,0.4925,0.43249999999999994,8,0.5550000000000005,0.5549999999999999,0.09000000000000008,0.9149999999999991,0.0,0.0,0.04500000000000004,0.04500000000000004,common
957,1,0,1,0.0728087650966157,3.9863641654339577,9.6,12.6,0.48499999999999993,0.4249999999999999,8,0.5550000000000005,0.5549999999999999,0.09000000000000008,0.0,0.0,0.0,0.04500000000000004,0.04500000000000004,common
958,1,0,1,0.07279989336819473,4.0,9.6,12.6,0.4775,0.4174999999999999,8,0.5550000000000005,0.5549999999999999,0.09000000000000008,0.0,0.0,0.0,0.04500000000000004,0.04500000000000004,common
959,1,0,1,0.07280098278307313,4.0,9.6,12.6,0.4699999999999999,0.41,8,0.5550000000000005,0.5549999999999999,0.09000000000000008,0.0,0.0,0.0,0.04500000000000004,0.04500000000000004,common
960,1,0,1,0.07283354881414754,4.0,9.6,12.6,0.46249999999999997,0.4024999999999999,8,0.5550000000000005,0.5549999999999999,0.09000000000000008,0.0,0.0,0.0,0.04500000000000004,0.04500000000000004,common
961,1,0,1,0.07283557394395025,4.0,9.6,12.6,0.455,0.39499999999999996,8,0.5550000000000005,0.5549999999999999,0.09000000000000008,0.0,0.0,0.0,0.04500000000000004,0.04500000000000004,common
962,1,0,1,0.07285999686147586,4.0,9.6,12.6,0.44749999999999995,0.3874999999999999,8,0.5550000000000005,0.5549999999999999,0.09000000000000008,0.0,0.0,0.0,0.04500000000000004,0.04500000000000004,common
963,1,0,1,0.07283454606437742,4.0,9.6,12.6,0.43999999999999995,0.3799999999999999,8,0.5550000000000005,0.5549999999999999,0.09000000000000008,0.0,0.0,0.0,0.04500000000000004,0.04500000000000004,common
964,1,0,1,0.07285143446598609,4.0,9.6,12.6,0.43249999999999994,0.3724999999999999,8,0.5550000000000005,0.5549999999999999,0.09000000000000008,0.0,0.0,0.0,0.04500000000000004,0.04500000000000004,common
965,1,0,1,0.07284549411584697,4.0,9.6,12.6,0.4249999999999999,0.3649999999999998,8,0.5550000000000005,0.5549999999999999,0.09000000000000008,0.0,0.0,0.0,0.04500000000000004,0.04500000000000004,common
966,1,0,0,-0.1671700290725361,3.832829970927464,9.6,12.6,0.4174999999999999,0.3574999999999999,8,0.5550000000000005,0.5549999999999999,0.09000000000000008,0.0,0.0,0.0,0.04500000000000004,0.04500000000000004,common
967,1,0,1,0.07282964035364328,3.9056596112811075,9.6,12.6,0.41,0.34999999999999987,8,0.5550000000000005,0.5549999999999999,0.09000000000000008,0.0,0.0,0.0,0.04500000000000004,0.04500000000000004,common
968,1,0,1,0.07284055903774761,3.978500170318855,9.6,12.6,0.4024999999999999,0.34249999999999986,8,0.5550000000000005,0.5549999999999999,0.09000000000000008,0.0,0.0,0.0,0.04500000000000004,0.04500000000000004,common
969,1,0,1,0.07286043079375908,4.0,9.6,12.6,0.39499999999999996,0.3349999999999999,8,0.5550000000000005,0.5549999999999999,0.09000000000000008,0.0,0.0,0.0,0.04500000000000004,0.04500000000000004,common
970,1,0,1,0.07285612605588618,4.0,9.6,12.6,0.3874999999999999,0.32749999999999985,8,0.5550000000000005,0.5549999999999999,0.09000000000000008,0.0,0.0,0.0,0.04500000000000004,0.04500000000000004,common
971,1,0,1,0.07287035037870336,4.0,9.6,12.6,0.3799999999999999,0.31999999999999984,8,0.5550000000000005,0.5549999999999999,0.09000000000000008,0.0,0.0,0.0,0.04500000000000004,0.04500000000000004,common
972,1,1,1,0.0078495417490815,4.0,9.6,12.6,0.4925,0.31249999999999983,8,0.5550000000000005,0.5549999999999999,0.09000000000000008,0.7799999999999994,0.0,0.0,0.04500000000000004,0.04500000000000004,common
973,1,1,1,0.007858538762948435,4.0,9.6,12.6,0.4925,0.30499999999999977,8,0.5550000000000005,0.5549999999999999,0.09000000000000008,1.4549999999999996,0.0,0.0,0.04500000000000004,0.04500000000000004,common
974,1,0,1,0.07283572648371654,4.0,9.6,12.6,0.48499999999999993,0.2974999999999998,8,0.5550000000000005,0.5549999999999999,0.09000000000000008,0.0,0.0,0.0,0.04500000000000004,0.04500000000000004,common
975,1,0,1,0.07285237212967773,4.0,9.6,12.6,0.4775,0.2899999999999998,8,0.5550000000000005,0.5549999999999999,0.09000000000000008,0.0,0.0,0.0,0.04500000000000004,0.04500000000000004,common
976,1,0,1,0.07281368542237726,4.0,9.6,12.6,0.4699999999999999,0.2824999999999998,8,0.5550000000000005,0.5549999999999999,0.09000000000000008,0.0,0.0,0.0,0.04500000000000004,0.04500000000000004,common
977,1,2,1,0.0078246509543896,4.0,9.6,12.6,0.46249999999999997,0.4925,8,0.5550000000000005,0.5549999999999999,0.09000000000000008,0.1949999999999985,0.0,0.0,0.04500000000000004,0.04500000000000004,common
978,1,0,1,0.07282127972523007,4.0,9.6,12.6,0.455,0.48499999999999993,8,0.5550000000000005,0.5549999999999999,0.09000000000000008,0.0,0.0,0.0,0.04500000000000004,0.04500000000000004,common
979,1,0,1,0.07285855241061508,4.0,9.6,12.6,0.44749999999999995,0.4775,8,0.5550000000000005,0.5549999999999999,0.09000000000000008,0.0,0.0,0.0,0.04500000000000004,0.04500000000000004,common
980,1,1,0,-0.2321463969755751,3.7678536030244247,9.6,12.6,0.4924999999999999,0.4699999999999999,8,0.5550000000000005,0.5549999999999999,0.09000000000000008,1.185,0.0,5.551115123125783e-17,0.04500000000000004,0.04500000000000004,common
981,1,0,0,-0.16717495232372243,3.6006786507007025,9.6,12.6,0.48499999999999993,0.46249999999999997,8,0.5550000000000005,0.5549999999999999,0.09000000000000008,0.0,0.0,0.0,0.04500000000000004,0.04500000000000004,common
982,1,0,1,0.07282625573687854,3.673504906437581,9.6,12.6,0.4775,0.455,8,0.5550000000000005,0.5549999999999999,0.09000000000000008,0.0,0.0,0.0,0.04500000000000004,0.04500000000000004,common
983,1,0,1,0.0728155697565814,3.746320476194162,9.6,12.6,0.4699999999999999,0.44749999999999995,8,0.5550000000000005,0.5549999999999999,0.09000000000000008,0.0,0.0,0.0,0.04500000000000004,0.04500000000000004,common
984,1,0,0,-0.1671635170085712,3.579156959185591,9.6,12.6,0.4624999999999999,0.43999999999999995,8,0.5550000000000005,0.5549999999999999,0.09000000000000008,0.0,0.0,0.0,0.04500000000000004,0.04500000000000004,common
985,1,0,1,0.07282220833792058,3.651979167523512,9.6,12.6,0.4549999999999999,0.43249999999999994,8,0.5550000000000005,0.5549999999999999,0.09000000000000008,0.0,0.0,0.0,0.04500000000000004,0.04500000000000004,common
986,1,1,1,0.0078092018966977785,3.65978836942021,9.6,12.6,0.4925,0.4249999999999999,8,0.5550000000000005,0.5549999999999999,0.09000000000000008,1.229999999999999,0.0,0.0,0.04500000000000004,0.04500000000000004,common
987,1,0,1,0.072835496171936,3.7326238655921458,9.6,12.6,0.48499999999999993,0.4174999999999999,8,0.5550000000000005,0.5549999999999999,0.09000000000000008,0.0,0.0,0.0,0.04500000000000004,0.04500000000000004,common
988,1,0,1,0.07283155259799284,3.8054554181901388,9.6,12.6,0.4775,0.41,8,0.5550000000000005,0.5549999999999999,0.09000000000000008,0.0,0.0,0.0,0.04500000000000004,0.04500000000000004,common
989,1,0,1,0.07280521049607148,3.8782606286862102,9.6,12.6,0.4699999999999999,0.4024999999999999,8,0.5550000000000005,0.5549999999999999,0.09000000000000008,0.0,0.0,0.0,0.04500000000000004,0.04500000000000004,common
990,1,0,1,0.0728215286401184,3.951082157326329,9.6,12.6,0.46249999999999997,0.39499999999999996,8,0.5550000000000005,0.5549999999999999,0.09000000000000008,0.0,0.0,0.0,0.04500000000000004,0.04500000000000004,common
991,1,0,0,-0.1671799442511055,3.7839022130752236,9.6,12.6,0.455,0.3874999999999999,8,0.5550000000000005,0.5549999999999999,0.09000000000000008,0.0,0.0,0.0,0.04500000000000004,0.04500000000000004,common
992,1,0,1,0.07283792961185734,3.856740142687081,9.6,12.6,0.44749999999999995,0.3799999999999999,8,0.5550000000000005,0.5549999999999999,0.09000000000000008,0.0,0.0,0.0,0.04500000000000004,0.04500000000000004,common
993,1,0,1,0.07284267311187914,3.9295828157989603,9.6,12.6,0.43999999999999995,0.3724999999999999,8,0.5550000000000005,0.5549999999999999,0.09000000000000008,0.0,0.0,0.0,0.04500000000000004,0.04500000000000004,common
994,1,0,0,-0.16716504609958674,3.7624177696993737,9.6,12.6,0.43249999999999994,0.3649999999999998,8,0.5550000000000005,0.5549999999999999,0.09000000000000008,0.0,0.0,0.0,0.04500000000000004,0.04500000000000004,common
995,1,0,1,0.07283198781487707,3.8352497575142506,9.6,12.6,0.4249999999999999,0.3574999999999999,8,0.5550000000000005,0.5549999999999999,0.09000000000000008,0.0,0.0,0.0,0.04500000000000004,0.04500000000000004,common
996,1,0,1,0.07284571440843586,3.9080954719226866,9.6,12.6,0.4174999999999999,0.34999999999999987,8,0.5550000000000005,0.5549999999999999,0.09000000000000008,0.0,0.0,0.0,0.04500000000000004,0.04500000000000004,common
997,1,0,1,0.07285825692820688,3.9809537288508934,9.6,12.6,0.41,0.34249999999999986,8,0.5550000000000005,0.5549999999999999,0.09000000000000008,0.0,0.0,0.0,0.04500000000000004,0.04500000000000004,common
998,1,0,1,0.0728754293336865,4.0,9.6,12.6,0.4024999999999999,0.3349999999999999,8,0.5550000000000005,0.5549999999999999,0.09000000000000008,0.0,0.0,0.0,0.04500000000000004,0.04500000000000004,common
999,1,0,1,0.07285077049945572,4.0,9.6,12.6,0.39499999999999996,0.32749999999999985,8,0.5550000000000005,0.5549999999999999,0.09000000000000008,0.0,0.0,0.0,0.04500000000000004,0.04500000000000004,common
1000,1,0,1,0.07287383988595938,4.0,9.6,12.6,0.3874999999999999,0.31999999999999984,8,0.5550000000000005,0.5549999999999999,0.09000000000000008,0.0,0.0,0.0,0.04500000000000004,0.04500000000000004,common
1001,1,0,1,0.07285213169099063,4.0,9.6,12.6,0.3799999999999999,0.31249999999999983,8,0.5550000000000005,0.5549999999999999,0.09000000000000008,0.0,0.0,0.0,0.04500000000000004,0.04500000000000004,common
1002,1,0,1,0.0728801993624354,4.0,9.6,12.6,0.3724999999999999,0.30499999999999977,8,0.5550000000000005,0.5549999999999999,0.09000000000000008,0.0,0.0,0.0,0.04500000000000004,0.04500000000000004,common
1003,1,0,1,0.07288267802031209,4.0,9.6,12.6,0.3649999999999998,0.2974999999999998,8,0.5550000000000005,0.5549999999999999,0.09000000000000008,0.0,0.0,0.0,0.04500000000000004,0.04500000000000004,common
1004,1,0,0,-0.16712725847411952,3.8328727415258803,9.6,12.6,0.3574999999999999,0.2899999999999998,8,0.5550000000000005,0.5549999999999999,0.09000000000000008,0.0,0.0,0.0,0.04500000000000004,0.04500000000000004,common
1005,1,0,1,0.0728636196611644,3.905736361187045,9.6,12.6,0.34999999999999987,0.2824999999999998,8,0.5550000000000005,0.5549999999999999,0.09000000000000008,0.0,0.0,0.0,0.04500000000000004,0.04500000000000004,common
1006,1,2,0,-0.23213099709081977,3.673605364096225,9.6,12.6,0.34249999999999986,0.4925,8,0.5550000000000005,0.5549999999999999,0.09000000000000008,0.1949999999999985,0.0,0.0,0.04500000000000004,0.04500000000000004,common
1007,1,0,1,0.07288156851846679,3.7464869326146917,9.6,12.6,0.3349999999999999,0.48499999999999993,8,0.5550000000000005,0.5549999999999999,0.09000000000000008,0.0,0.0,0.0,0.04500000000000004,0.04500000000000004,common
1008,1,0,1,0.07287811227554446,3.8193650448902363,9.6,12.6,0.32749999999999985,0.4775,8,0.5550000000000005,0.5549999999999999,0.09000000000000008,0.0,0.0,0.0,0.04500000000000004,0.04500000000000004,common
1009,1,0,0,-0.16713266112179792,3.6522323837684385,9.6,12.6,0.31999999999999984,0.4699999999999999,8,0.5550000000000005,0.5549999999999999,0.09000000000000008,0.0,0.0,0.0,0.04500000000000004,0.04500000000000004,common
1010,1,0,1,0.07288961614057578,3.7251219999090144,9.6,12.6,0.31249999999999983,0.46249999999999997,8,0.5550000000000005,0.5549999999999999,0.09000000000000008,0.0,0.0,0.0,0.04500000000000004,0.04500000000000004,common
1011,1,0,1,0.07291031568584246,3.798032315594857,9.6,12.6,0.30499999999999977,0.455,8,0.5550000000000005,0.5549999999999999,0.09000000000000008,0.0,0.0,0.0,0.04500000000000004,0.04500000000000004,common
1012,1,0,0,-0.16713648398962697,3.63089583160523,9.6,12.6,0.2974999999999998,0.44749999999999995,8,0.5550000000000005,0.5549999999999999,0.09000000000000008,0.0,0.0,0.0,0.04500000000000004,0.04500000000000004,common
1013,1,0,0,-0.16710260919510178,3.4637932224101284,9.6,12.6,0.2899999999999998,0.43999999999999995,8,0.5550000000000005,0.5549999999999999,0.09000000000000008,0.0,0.0,0.0,0.04500000000000004,0.04500000000000004,common
1014,1,2,1,0.007890394997047414,3.4716836174071757,9.6,12.6,0.2824999999999998,0.4925,8,0.5550000000000005,0.5549999999999999,0.09000000000000008,1.1399999999999997,0.0,0.0,0.04500000000000004,0.04500000000000004,common
1015,1,0,0,-0.16712417123748638,3.3045594461696894,9.6,12.6,0.27499999999999986,0.48499999999999993,8,0.5550000000000005,0.5549999999999999,0.09000000000000008,0.0,0.0,0.0,0.04500000000000004,0.04500000000000004,common
1016,1,1,1,0.007888842053568166,3.3124482882232575,9.6,12.6,0.4925,0.4775,8,0.5550000000000005,0.5549999999999999,0.09000000000000008,0.1499999999999988,0.0,0.0,0.04500000000000004,0.04500000000000004,common
1017,1,0,1,0.07279073294615516,3.3852390211694128,9.6,12.6,0.48499999999999993,0.4699999999999999,8,0.5550000000000005,0.5549999999999999,0.09000000000000008,0.0,0.0,0.0,0.04500000000000004,0.04500000000000004,common
1018,1,1,1,0.007837079806224891,3.393076100975638,9.6,12.6,0.4925,0.46249999999999997,8,0.5550000000000005,0.5549999999999999,0.09000000000000008,1.41,0.0,0.0,0.04500000000000004,0.04500000000000004,common
1019,1,2,1,0.007804820541912101,3.4008809215175497,9.6,12.6,0.48499999999999993,0.4925,8,0.5550000000000005,0.5549999999999999,0.09000000000000008,1.2749999999999995,0.0,0.0,0.04500000000000004,0.04500000000000004,common
1020,1,0,0,-0.167167353503854,3.233713568013696,9.6,12.6,0.4775,0.48499999999999993,8,0.5550000000000005,0.5549999999999999,0.09000000000000008,0.0,0.0,0.0,0.04500000000000004,0.04500000000000004,common
1021,1,1,1,0.007840662220671337,3.2415542302343674,9.6,12.6,0.4924999999999999,0.4775,8,0.5550000000000005,0.5549999999999999,0.09000000000000008,1.3650000000000002,0.0,5.551115123125783e-17,0.04500000000000004,0.04500000000000004,common
1022,1,0,1,0.07280542570136427,3.3143596559357316,9.6,12.6,0.48499999999999993,0.4699999999999999,8,0.5550000000000005,0.5549999999999999,0.09000000000000008,0.0,0.0,0.0,0.04500000000000004,0.04500000000000004,common
1023,1,0,1,0.07284789705303782,3.3872075529887695,9.6,12.6,0.4775,0.46249999999999997,8,0.5550000000000005,0.5549999999999999,0.09000000000000008,0.0,0.0,0.0,0.04500000000000004,0.04500000000000004,common
1024,1,0,1,0.07280385265715912,4.0,9.6,12.6,0.4699999999999999,0.455,9,0.5550000000000005,0.5549999999999999,0.09000000000000008,0.0,0.0,0.0,0.04500000000000004,0.04500000000000004,common
1025,1,0,1,0.07284362717498485,4.0,9.6,12.6,0.4624999999999999,0.44749999999999995,9,0.5550000000000005,0.5549999999999999,0.09000000000000008,0.0,0.0,0.0,0.04500000000000004,0.04500000000000004,common
1026,1,0,1,0.07283038569036852,4.0,9.6,12.6,0.4549999999999999,0.43999999999999995,9,0.5550000000000005,0.5549999999999999,0.09000000000000008,0.0,0.0,0.0,0.04500000000000004,0.04500000000000004,common
1027,1,0,1,0.07284655260797153,4.0,9.6,12.6,0.44749999999999984,0.43249999999999994,9,0.5550000000000005,0.5549999999999999,0.09000000000000008,0.0,0.0,0.0,0.04500000000000004,0.04500000000000004,common
1028,1,0,1,0.07283493712885206,4.0,9.6,12.6,0.4399999999999999,0.4249999999999999,9,0.5550000000000005,0.5549999999999999,0.09000000000000008,0.0,0.0,0.0,0.04500000000000004,0.04500000000000004,common
1029,1,0,1,0.07282778973450094,4.0,9.6,12.6,0.43249999999999994,0.4174999999999999,9,0.5550000000000005,0.5549999999999999,0.09000000000000008,0.0,0.0,0.0,0.04500000000000004,0.04500000000000004,common
1030,1,0,1,0.07285636963494442,4.0,9.6,12.6,0.4249999999999999,0.41,9,0.5550000000000005,0.5549999999999999,0.09000000000000008,0.0,0.0,0.0,0.04500000000000004,0.04500000000000004,common
1031,1,2,1,0.00783374660534691,4.0,9.6,12.6,0.4174999999999999,0.4925,9,0.5550000000000005,0.5549999999999999,0.09000000000000008,0.9599999999999995,0.0,0.0,0.04500000000000004,0.04500000000000004,common
1032,1,0,1,0.07282697998530732,4.0,9.6,12.6,0.40999999999999986,0.48499999999999993,9,0.5550000000000005,0.5549999999999999,0.09000000000000008,0.0,0.0,0.0,0.04500000000000004,0.04500000000000004,common
1033,1,0,0,-0.1671727405611785,3.8328272594388215,9.6,12.6,0.40249999999999986,0.4775,9,0.5550000000000005,0.5549999999999999,0.09000000000000008,0.0,0.0,0.0,0.04500000000000004,0.04500000000000004,common
1034,1,0,1,0.07286026389845081,3.9056875233372725,9.6,12.6,0.39499999999999985,0.4699999999999999,9,0.5550000000000005,0.5549999999999999,0.09000000000000008,0.0,0.0,0.0,0.04500000000000004,0.04500000000000004,common
1035,1,0,1,0.0728269479209145,3.9785144712581872,9.6,12.6,0.3874999999999998,0.46249999999999997,9,0.5550000000000005,0.5549999999999999,0.09000000000000008,0.0,0.0,0.0,0.04500000000000004,0.04500000000000004,common
1036,1,0,1,0.07285392113010844,4.0,9.6,12.6,0.37999999999999984,0.455,9,0.5550000000000005,0.5549999999999999,0.09000000000000008,0.0,0.0,0.0,0.04500000000000004,0.04500000000000004,common
1037,1,0,1,0.07286876309632767,4.0,9.6,12.6,0.37249999999999983,0.44749999999999995,9,0.5550000000000005,0.5549999999999999,0.09000000000000008,0.0,0.0,0.0,0.04500000000000004,0.04500000000000004,common
1038,1,0,0,-0.16715102197217788,3.832848978027822,9.6,12.6,0.3649999999999998,0.43999999999999995,9,0.5550000000000005,0.5549999999999999,0.09000000000000008,0.0,0.0,0.0,0.04500000000000004,0.04500000000000004,common
1039,1,2,1,0.007897315864853737,3.8407462938926757,9.6,12.6,0.3574999999999999,0.4925,9,0.5550000000000005,0.5549999999999999,0.09000000000000008,1.1399999999999997,0.0,0.0,0.04500000000000004,0.04500000000000004,common
1040,1,2,1,0.00787160099508135,3.848617894887757,9.6,12.6,0.3499999999999998,0.4925,9,0.5550000000000005,0.5549999999999999,0.09000000000000008,1.4549999999999996,0.0,0.0,0.04500000000000004,0.04500000000000004,common
1041,1,0,1,0.07287066543262419,3.9214885603203813,9.6,12.6,0.3424999999999998,0.48499999999999993,9,0.5550000000000005,0.5549999999999999,0.09000000000000008,0.0,0.0,0.0,0.04500000000000004,0.04500000000000004,common
1042,1,0,1,0.07287836474321749,3.994366925063599,9.6,12.6,0.3349999999999998,0.4775,9,0.5550000000000005,0.5549999999999999,0.09000000000000008,0.0,0.0,0.0,0.04500000000000004,0.04500000000000004,common
1043,1,0,1,0.07286069792302982,4.0,9.6,12.6,0.32749999999999974,0.4699999999999999,9,0.5550000000000005,0.5549999999999999,0.09000000000000008,0.0,0.0,0.0,0.04500000000000004,0.04500000000000004,common
1044,1,0,0,-0.16712051055708102,3.832879489442919,9.6,12.6,0.3199999999999998,0.46249999999999997,9,0.5550000000000005,0.5549999999999999,0.09000000000000008,0.0,0.0,0.0,0.04500000000000004,0.04500000000000004,common
1045,1,0,1,0.07288000223509591,3.9057594916780145,9.6,12.6,0.3124999999999998,0.455,9,0.5550000000000005,0.5549999999999999,0.09000000000000008,0.0,0.0,0.0,0.04500000000000004,0.04500000000000004,common
1046,1,0,1,0.07288680109159143,3.978646292769606,9.6,12.6,0.30499999999999977,0.44749999999999995,9,0.5550000000000005,0.5549999999999999,0.09000000000000008,0.0,0.0,0.0,0.04500000000000004,0.04500000000000004,common
1047,1,0,1,0.0728629497275095,4.0,9.6,12.6,0.2974999999999998,0.43999999999999995,9,0.5550000000000005,0.5549999999999999,0.09000000000000008,0.0,0.0,0.0,0.04500000000000004,0.04500000000000004,common
1048,1,2,1,0.007909739818642366,4.0,9.6,12.6,0.28999999999999976,0.4925,9,0.5550000000000005,0.5549999999999999,0.09000000000000008,1.1399999999999997,0.0,0.0,0.04500000000000004,0.04500000000000004,common
1049,1,1,1,0.00788243711965343,4.0,9.6,12.6,0.4924999999999999,0.48499999999999993,9,0.5550000000000005,0.5549999999999999,0.09000000000000008,0.23999999999999888,0.0,5.551115123125783e-17,0.04500000000000004,0.04500000000000004,common
1050,1,0,0,-0.16720423253537525,3.8327957674646247,9.6,12.6,0.48499999999999993,0.4775,9,0.5550000000000005,0.5549999999999999,0.09000000000000008,0.0,0.0,0.0,0.04500000000000004,0.04500000000000004,common
1051,1,0,1,0.07284248037862683,3.9056382478432514,9.6,12.6,0.4775,0.4699999999999999,9,0.5550000000000005,0.5549999999999999,0.09000000000000008,0.0,0.0,0.0,0.04500000000000004,0.04500000000000004,common
1052,1,0,1,0.07282117834665919,3.9784594261899104,9.6,12.6,0.4699999999999999,0.46249999999999997,9,0.5550000000000005,0.5549999999999999,0.09000000000000008,0.0,0.0,0.0,0.04500000000000004,0.04500000000000004,common
1053,1,0,0,-0.16719485261531847,3.811264573574592,9.6,12.6,0.4624999999999999,0.455,9,0.5550000000000005,0.5549999999999999,0.09000000000000008,0.0,0.0,0.0,0.04500000000000004,0.04500000000000004,common
1054,1,0,1,0.0728292554484666,3.884093829023058,9.6,12.6,0.4549999999999999,0.44749999999999995,9,0.5550000000000005,0.5549999999999999,0.09000000000000008,0.0,0.0,0.0,0.04500000000000004,0.04500000000000004,common
1055,1,0,1,0.07284809906247218,3.9569419280855302,9.6,12.6,0.44749999999999984,0.43999999999999995,9,0.5550000000000005,0.5549999999999999,0.09000000000000008,0.0,0.0,0.0,0.04500000000000004,0.04500000000000004,common
1056,1,0,1,0.07283637921219685,4.0,9.6,12.6,0.4399999999999999,0.43249999999999994,9,0.5550000000000005,0.5549999999999999,0.09000000000000008,0.0,0.0,0.0,0.04500000000000004,0.04500000000000004,common
1057,1,1,1,0.007855973112986829,4.0,9.6,12.6,0.4924999999999999,0.4249999999999999,9,0.5550000000000005,0.5549999999999999,0.09000000000000008,1.1399999999999997,0.0,5.551115123125783e-17,0.04500000000000004,0.04500000000000004,common
1058,1,0,1,0.07279576128463669,4.0,9.6,12.6,0.48499999999999993,0.4174999999999999,9,0.5550000000000005,0.5549999999999999,0.09000000000000008,0.0,0.0,0.0,0.04500000000000004,0.04500000000000004,common
1059,1,0,1,0.0728499130847138,4.0,9.6,12.6,0.4775,0.41,9,0.5550000000000005,0.5549999999999999,0.09000000000000008,0.0,0.0,0.0,0.04500000000000004,0.04500000000000004,common
1060,1,0,1,0.07283885128613894,4.0,9.6,12.6,0.4699999999999999,0.4024999999999999,9,0.5550000000000005,0.5549999999999999,0.09000000000000008,0.0,0.0,0.0,0.04500000000000004,0.04500000000000004,common
1061,1,0,1,0.0727917127933426,4.0,9.6,12.6,0.4624999999999999,0.39499999999999996,9,0.5550000000000005,0.5549999999999999,0.09000000000000008,0.0,0.0,0.0,0.04500000000000004,0.04500000000000004,common
1062,1,0,1,0.07282925366877796,4.0,9.6,12.6,0.4549999999999999,0.3874999999999999,9,0.5550000000000005,0.5549999999999999,0.09000000000000008,0.0,0.0,0.0,0.04500000000000004,0.04500000000000004,common
1063,1,0,1,0.07282336923197456,4.0,9.6,12.6,0.44749999999999984,0.3799999999999999,9,0.5550000000000005,0.5549999999999999,0.09000000000000008,0.0,0.0,0.0,0.04500000000000004,0.04500000000000004,common
1064,1,0,1,0.07285146939891901,4.0,9.6,12.6,0.4399999999999999,0.3724999999999999,9,0.5550000000000005,0.5549999999999999,0.09000000000000008,0.0,0.0,0.0,0.04500000000000004,0.04500000000000004,common
1065,1,0,1,0.07286363280130373,4.0,9.6,12.6,0.43249999999999994,0.3649999999999998,9,0.5550000000000005,0.5549999999999999,0.09000000000000008,0.0,0.0,0.0,0.04500000000000004,0.04500000000000004,common
1066,1,0,1,0.07287119119331675,4.0,9.6,12.6,0.4249999999999999,0.3574999999999999,9,0.5550000000000005,0.5549999999999999,0.09000000000000008,0.0,0.0,0.0,0.04500000000000004,0.04500000000000004,common
1067,1,0,1,0.07282664558560571,4.0,9.6,12.6,0.4174999999999999,0.34999999999999987,9,0.5550000000000005,0.5549999999999999,0.09000000000000008,0.0,0.0,0.0,0.04500000000000004,0.04500000000000004,common
1068,1,0,1,0.07285713881827487,4.0,9.6,12.6,0.40999999999999986,0.34249999999999986,9,0.5550000000000005,0.5549999999999999,0.09000000000000008,0.0,0.0,0.0,0.04500000000000004,0.04500000000000004,common
1069,1,0,1,0.0728343369659876,4.0,9.6,12.6,0.40249999999999986,0.3349999999999999,9,0.5550000000000005,0.5549999999999999,0.09000000000000008,0.0,0.0,0.0,0.04500000000000004,0.04500000000000004,common
1070,1,1,1,0.007848625491445646,4.0,9.6,12.6,0.4925,0.32749999999999985,9,0.5550000000000005,0.5549999999999999,0.09000000000000008,0.9149999999999991,0.0,0.0,0.04500000000000004,0.04500000000000004,common
1071,1,0,1,0.0727900085112691,4.0,9.6,12.6,0.48499999999999993,0.31999999999999984,9,0.5550000000000005,0.5549999999999999,0.09000000000000008,0.0,0.0,0.0,0.04500000000000004,0.04500000000000004,common
1072,1,1,1,0.007838006779842303,4.0,9.6,12.6,0.4925,0.31249999999999983,9,0.5550000000000005,0.5549999999999999,0.09000000000000008,1.41,0.0,0.0,0.04500000000000004,0.04500000000000004,common
1073,1,0,1,0.0728308776935089,4.0,9.6,12.6,0.48499999999999993,0.30499999999999977,9,0.5550000000000005,0.5549999999999999,0.09000000000000008,0.0,0.0,0.0,0.04500000000000004,0.04500000000000004,common
1074,1,0,1,0.07279272303563734,4.0,9.6,12.6,0.4775,0.2974999999999998,9,0.5550000000000005,0.5549999999999999,0.09000000000000008,0.0,0.0,0.0,0.04500000000000004,0.04500000000000004,common
1075,1,0,1,0.0728377435769673,4.0,9.6,12.6,0.4699999999999999,0.2899999999999998,9,0.5550000000000005,0.5549999999999999,0.09000000000000008,0.0,0.0,0.0,0.04500000000000004,0.04500000000000004,common
1076,1,0,0,-0.16714492012303944,3.8328550798769605,9.6,12.6,0.46249999999999997,0.2824999999999998,9,0.5550000000000005,0.5549999999999999,0.09000000000000008,0.0,0.0,0.0,0.04500000000000004,0.04500000000000004,common
1077,1,0,1,0.07286292976372195,3.9057180096406823,9.6,12.6,0.455,0.27499999999999986,9,0.5550000000000005,0.5549999999999999,0.09000000000000008,0.0,0.0,0.0,0.04500000000000004,0.04500000000000004,common
1078,1,0,1,0.0728529071510545,3.9785709167917367,9.6,12.6,0.44749999999999995,0.2674999999999998,9,0.5550000000000005,0.5549999999999999,0.09000000000000008,0.0,0.0,0.0,0.04500000000000004,0.04500000000000004,common
1079,1,0,1,0.0728561096455706,4.0,9.6,12.6,0.43999999999999995,0.2599999999999998,9,0.5550000000000005,0.5549999999999999,0.09000000000000008,0.0,0.0,0.0,0.04500000000000004,0.04500000000000004,common
1080,1,0,1,0.07286063214696109,4.0,9.6,12.6,0.43249999999999994,0.2524999999999998,9,0.5550000000000005,0.5549999999999999,0.09000000000000008,0.0,0.0,0.0,0.04500000000000004,0.04500000000000004,common
1081,1,0,0,-0.16715020042249062,3.8328497995775095,9.6,12.6,0.4249999999999999,0.24499999999999975,9,0.5550000000000005,0.5549999999999999,0.09000000000000008,0.0,0.0,0.0,0.04500000000000004,0.04500000000000004,common
1082,1,0,1,0.07280315079139886,3.9056529503689084,9.6,12.6,0.4174999999999999,0.2374999999999998,9,0.5550000000000005,0.5549999999999999,0.09000000000000008,0.0,0.0,0.0,0.04500000000000004,0.04500000000000004,common
1083,1,0,1,0.07282455923235064,3.978477509601259,9.6,12.6,0.41,0.22999999999999976,9,0.5550000000000005,0.5549999999999999,0.09000000000000008,0.0,0.0,0.0,0.04500000000000004,0.04500000000000004,common
1084,1,2,1,0.007847278341433334,3.986324787942692,9.6,12.6,0.4024999999999999,0.47249999999999975,9,0.5550000000000005,0.5549999999999999,0.09000000000000008,0.0,0.0,0.0,0.04500000000000004,0.04500000000000004,common
1085,1,0,1,0.07285291580109332,4.0,9.6,12.6,0.39499999999999996,0.4649999999999998,9,0.5550000000000005,0.5549999999999999,0.09000000000000008,0.0,0.0,0.0,0.04500000000000004,0.04500000000000004,common
1086,1,0,1,0.07285925264564477,4.0,9.6,12.6,0.3874999999999999,0.45749999999999974,9,0.5550000000000005,0.5549999999999999,0.09000000000000008,0.0,0.0,0.0,0.04500000000000004,0.04500000000000004,common
1087,1,0,1,0.07285148583670957,4.0,9.6,12.6,0.3799999999999999,0.44999999999999973,9,0.5550000000000005,0.5549999999999999,0.09000000000000008,0.0,0.0,0.0,0.04500000000000004,0.04500000000000004,common
1088,1,0,0,-0.16714375995805517,3.832856240041945,9.6,12.6,0.3724999999999999,0.4424999999999997,9,0.5550000000000005,0.5549999999999999,0.09000000000000008,0.0,0.0,0.0,0.04500000000000004,0.04500000000000004,common
1089,1,0,1,0.07283541816702452,3.9056916582089696,9.6,12.6,0.3649999999999998,0.43499999999999966,9,0.5550000000000005,0.5549999999999999,0.09000000000000008,0.0,0.0,0.0,0.04500000000000004,0.04500000000000004,common
1090,1,2,1,0.007850028497079784,3.9135416867060493,9.6,12.6,0.3574999999999999,0.4925,9,0.5550000000000005,0.5549999999999999,0.09000000000000008,1.1099999999999983,0.0,0.0,0.04500000000000004,0.04500000000000004,common
1091,1,2,1,0.007852557970693076,3.9213942446767422,9.6,12.6,0.34999999999999987,0.4925,9,0.5550000000000005,0.5549999999999999,0.09000000000000008,1.4549999999999996,0.0,0.0,0.04500000000000004,0.04500000000000004,common
1092,1,0,1,0.07287668589741537,3.9942709305741575,9.6,12.6,0.34249999999999986,0.48499999999999993,9,0.5550000000000005,0.5549999999999999,0.09000000000000008,0.0,0.0,0.0,0.04500000000000004,0.04500000000000004,common
1093,1,0,1,0.07287960762516844,4.0,9.6,12.6,0.3349999999999999,0.4775,9,0.5550000000000005,0.5549999999999999,0.09000000000000008,0.0,0.0,0.0,0.04500000000000004,0.04500000000000004,common
1094,1,1,1,0.007857884633670447,4.0,9.6,12.6,0.4925,0.4699999999999999,9,0.5550000000000005,0.5549999999999999,0.09000000000000008,0.5099999999999991,0.0,0.0,0.04500000000000004,0.04500000000000004,common
1095,1,1,1,0.007792691159903428,4.0,9.6,12.6,0.4925,0.46249999999999997,9,0.5550000000000005,0.5549999999999999,0.09000000000000008,1.4549999999999996,0.0,0.0,0.04500000000000004,0.04500000000000004,common
1096,1,0,0,-0.16719503978006076,3.8328049602199394,9.6,12.6,0.48499999999999993,0.455,9,0.5550000000000005,0.5549999999999999,0.09000000000000008,0.0,0.0,0.0,0.04500000000000004,0.04500000000000004,common
1097,1,0,0,-0.16717044945487086,3.6656345107650687,9.6,12.6,0.4775,0.44749999999999995,9,0.5550000000000005,0.5549999999999999,0.09000000000000008,0.0,0.0,0.0,0.04500000000000004,0.04500000000000004,common
1098,1,0,1,0.07279439219642209,3.7384289029614908,9.6,12.6,0.4699999999999999,0.43999999999999995,9,0.5550000000000005,0.5549999999999999,0.09000000000000008,0.0,0.0,0.0,0.04500000000000004,0.04500000000000004,common
1099,1,0,1,0.07280858406989044,3.811237487031381,9.6,12.6,0.46249999999999997,0.43249999999999994,9,0.5550000000000005,0.5549999999999999,0.09000000000000008,0.0,0.0,0.0,0.04500000000000004,0.04500000000000004,common
1100,1,0,1,0.07281453087797077,3.884052017909352,9.6,12.6,0.455,0.4249999999999999,9,0.5550000000000005,0.5549999999999999,0.09000000000000008,0.0,0.0,0.0,0.04500000000000004,0.04500000000000004,common
1101,1,0,0,-0.1671971053282513,3.7168549125811006,9.6,12.6,0.44749999999999995,0.4174999999999999,9,0.5550000000000005,0.5549999999999999,0.09000000000000008,0.0,0.0,0.0,0.04500000000000004,0.04500000000000004,common
1102,1,0,1,0.07283264373391007,3.7896875563150108,9.6,12.6,0.43999999999999995,0.41,9,0.5550000000000005,0.5549999999999999,0.09000000000000008,0.0,0.0,0.0,0.04500000000000004,0.04500000000000004,common
1103,1,2,0,-0.23214355200734355,3.557544004307667,9.6,12.6,0.43249999999999994,0.4925,9,0.5550000000000005,0.5549999999999999,0.09000000000000008,0.9599999999999995,0.0,0.0,0.04500000000000004,0.04500000000000004,common
1104,1,0,0,-0.16716116504996623,3.390382839257701,9.6,12.6,0.4249999999999999,0.48499999999999993,9,0.5550000000000005,0.5549999999999999,0.09000000000000008,0.0,0.0,0.0,0.04500000000000004,0.04500000000000004,common
1105,1,0,1,0.07283808942952151,3.4632209286872224,9.6,12.6,0.4174999999999999,0.4775,9,0.5550000000000005,0.5549999999999999,0.09000000000000008,0.0,0.0,0.0,0.04500000000000004,0.04500000000000004,common
1106,1,0,1,0.07281711621781997,3.5360380449050424,9.6,12.6,0.41,0.4699999999999999,9,0.5550000000000005,0.5549999999999999,0.09000000000000008,0.0,0.0,0.0,0.04500000000000004,0.04500000000000004,common
1107,1,0,0,-0.1671379557955783,3.3689000891094643,9.6,12.6,0.4024999999999999,0.46249999999999997,9,0.5550000000000005,0.5549999999999999,0.09000000000000008,0.0,0.0,0.0,0.04500000000000004,0.04500000000000004,common
1108,1,0,0,-0.16716549755531263,3.2017345915541515,9.6,12.6,0.39499999999999996,0.455,9,0.5550000000000005,0.5549999999999999,0.09000000000000008,0.0,0.0,0.0,0.04500000000000004,0.04500000000000004,common
1109,1,0,1,0.0728218734833401,3.2745564650374916,9.6,12.6,0.3874999999999999,0.44749999999999995,9,0.5550000000000005,0.5549999999999999,0.09000000000000008,0.0,0.0,0.0,0.04500000000000004,0.04500000000000004,common
1110,1,0,1,0.07286123083796367,3.347417695875455,9.6,12.6,0.3799999999999999,0.43999999999999995,9,0.5550000000000005,0.5549999999999999,0.09000000000000008,0.0,0.0,0.0,0.04500000000000004,0.04500000000000004,common
1111,1,0,1,0.07287016442572511,3.42028786030118,9.6,12.6,0.3724999999999999,0.43249999999999994,9,0.5550000000000005,0.5549999999999999,0.09000000000000008,0.0,0.0,0.0,0.04500000000000004,0.04500000000000004,common
1112,1,0,1,0.07288597700883434,3.4931738373100143,9.6,12.6,0.3649999999999998,0.4249999999999999,9,0.5550000000000005,0.5549999999999999,0.09000000000000008,0.0,0.0,0.0,0.04500000000000004,0.04500000000000004,common
1113,1,0,0,-0.16713399983292374,3.3260398374770905,9.6,12.6,0.3574999999999999,0.4174999999999999,9,0.5550000000000005,0.5549999999999999,0.09000000000000008,0.0,0.0,0.0,0.04500000000000004,0.04500000000000004,common
1114,1,0,1,0.07288276951627537,3.398922606993366,9.6,12.6,0.34999999999999987,0.41,9,0.5550000000000005,0.5549999999999999,0.09000000000000008,0.0,0.0,0.0,0.04500000000000004,0.04500000000000004,common
1115,1,0,0,-0.167125445859423,3.231797161133943,9.6,12.6,0.34249999999999986,0.4024999999999999,9,0.5550000000000005,0.5549999999999999,0.09000000000000008,0.0,0.0,0.0,0.04500000000000004,0.04500000000000004,common
1116,1,0,1,0.07288703397431323,3.304684195108256,9.6,12.6,0.3349999999999999,0.39499999999999996,9,0.5550000000000005,0.5549999999999999,0.09000000000000008,0.0,0.0,0.0,0.04500000000000004,0.04500000000000004,common
1117,1,0,1,0.07288666029055905,3.3775708553988153,9.6,12.6,0.32749999999999985,0.3874999999999999,9,0.5550000000000005,0.5549999999999999,0.09000000000000008,0.0,0.0,0.0,0.04500000000000004,0.04500000000000004,common
1118,1,0,1,0.07292627529847595,3.450497130697291,9.6,12.6,0.31999999999999984,0.3799999999999999,9,0.5550000000000005,0.5549999999999999,0.09000000000000008,0.0,0.0,0.0,0.04500000000000004,0.04500000000000004,common
1119,1,1,1,0.00788094636813146,3.4583780770654227,9.6,12.6,0.4925,0.3724999999999999,9,0.5550000000000005,0.5549999999999999,0.09000000000000008,0.41999999999999904,0.0,0.0,0.04500000000000004,0.04500000000000004,common
1120,1,0,1,0.07283783256288284,3.5312159096283056,9.6,12.6,0.48499999999999993,0.3649999999999998,9,0.5550000000000005,0.5549999999999999,0.09000000000000008,0.0,0.0,0.0,0.04500000000000004,0.04500000000000004,common
1121,1,0,1,0.07280908146799306,3.6040249910962987,9.6,12.6,0.4775,0.3574999999999999,9,0.5550000000000005,0.5549999999999999,0.09000000000000008,0.0,0.0,0.0,0.04500000000000004,0.04500000000000004,common
1122,1,0,1,0.07283990611818135,3.67686489721448,9.6,12.6,0.4699999999999999,0.34999999999999987,9,0.5550000000000005,0.5549999999999999,0.09000000000000008,0.0,0.0,0.0,0.04500000000000004,0.04500000000000004,common
1123,1,0,1,0.07285675474700096,3.7497216519614813,9.6,12.6,0.46249999999999997,0.34249999999999986,9,0.5550000000000005,0.5549999999999999,0.09000000000000008,0.0,0.0,0.0,0.04500000000000004,0.04500000000000004,common
1124,1,0,1,0.07278012207547624,3.8225017740369576,9.6,12.6,0.455,0.3349999999999999,9,0.5550000000000005,0.5549999999999999,0.09000000000000008,0.0,0.0,0.0,0.04500000000000004,0.04500000000000004,common
1125,1,0,0,-0.1671899285530618,3.6553118454838955,9.6,12.6,0.44749999999999995,0.32749999999999985,9,0.5550000000000005,0.5549999999999999,0.09000000000000008,0.0,0.0,0.0,0.04500000000000004,0.04500000000000004,common
1126,1,0,1,0.072849594507916,3.7281614399918115,9.6,12.6,0.43999999999999995,0.31999999999999984,9,0.5550000000000005,0.5549999999999999,0.09000000000000008,0.0,0.0,0.0,0.04500000000000004,0.04500000000000004,common
1127,1,0,1,0.0728033651129017,3.800964805104713,9.6,12.6,0.43249999999999994,0.31249999999999983,9,0.5550000000000005,0.5549999999999999,0.09000000000000008,0.0,0.0,0.0,0.04500000000000004,0.04500000000000004,common
1128,1,0,1,0.07284200264471226,3.873806807749425,9.6,12.6,0.4249999999999999,0.30499999999999977,9,0.5550000000000005,0.5549999999999999,0.09000000000000008,0.0,0.0,0.0,0.04500000000000004,0.04500000000000004,common
1129,1,0,1,0.07286396717399177,3.946670774923417,9.6,12.6,0.4174999999999999,0.2974999999999998,9,0.5550000000000005,0.5549999999999999,0.09000000000000008,0.0,0.0,0.0,0.04500000000000004,0.04500000000000004,common
1130,1,0,0,-0.1671838846739279,3.779486890249489,9.6,12.6,0.41,0.2899999999999998,9,0.5550000000000005,0.5549999999999999,0.09000000000000008,0.0,0.0,0.0,0.04500000000000004,0.04500000000000004,common
1131,1,0,1,0.07284043752453855,3.8523273277740278,9.6,12.6,0.4024999999999999,0.2824999999999998,9,0.5550000000000005,0.5549999999999999,0.09000000000000008,0.0,0.0,0.0,0.04500000000000004,0.04500000000000004,common
1132,1,0,1,0.07286787992238837,3.925195207696416,9.6,12.6,0.39499999999999996,0.27499999999999986,9,0.5550000000000005,0.5549999999999999,0.09000000000000008,0.0,0.0,0.0,0.04500000000000004,0.04500000000000004,common
1133,1,1,1,0.007854512453658712,3.9330497201500747,9.6,12.6,0.4925,0.2674999999999998,9,0.5550000000000005,0.5549999999999999,0.09000000000000008,0.8699999999999994,0.0,0.0,0.04500000000000004,0.04500000000000004,common
1134,1,0,1,0.0728271163068822,4.0,9.6,12.6,0.48499999999999993,0.2599999999999998,9,0.5550000000000005,0.5549999999999999,0.09000000000000008,0.0,0.0,0.0,0.04500000000000004,0.04500000000000004,common
1135,1,0,1,0.07282856213625778,4.0,9.6,12.6,0.4775,0.2524999999999998,9,0.5550000000000005,0.5549999999999999,0.09000000000000008,0.0,0.0,0.0,0.04500000000000004,0.04500000000000004,common
1136,1,0,1,0.07279085980454152,4.0,9.6,12.6,0.4699999999999999,0.24499999999999975,9,0.5550000000000005,0.5549999999999999,0.09000000000000008,0.0,0.0,0.0,0.04500000000000004,0.04500000000000004,common
1137,1,1,1,0.007815403497625611,4.0,9.6,12.6,0.4925,0.2374999999999998,9,0.5550000000000005,0.5549999999999999,0.09000000000000008,1.3199999999999998,0.0,0.0,0.04500000000000004,0.04500000000000004,common
1138,1,0,1,0.07282515729251451,4.0,9.6,12.6,0.48499999999999993,0.22999999999999976,9,0.5550000000000005,0.5549999999999999,0.09000000000000008,0.0,0.0,0.0,0.04500000000000004,0.04500000000000004,common
1139,1,0,1,0.07279653966847625,4.0,9.6,12.6,0.4775,0.22249999999999973,9,0.5550000000000005,0.5549999999999999,0.09000000000000008,0.0,0.0,0.0,0.04500000000000004,0.04500000000000004,common
1140,1,0,0,-0.16721654055200896,3.832783459447991,9.6,12.6,0.4699999999999999,0.21499999999999977,9,0.5550000000000005,0.5549999999999999,0.09000000000000008,0.0,0.0,0.0,0.04500000000000004,0.04500000000000004,common
1141,1,0,1,0.07284551626130417,3.905628975709295,9.6,12.6,0.46249999999999997,0.20749999999999977,9,0.5550000000000005,0.5549999999999999,0.09000000000000008,0.0,0.0,0.0,0.04500000000000004,0.04500000000000004,common
1142,1,0,0,-0.16717261451989904,3.738456361189396,9.6,12.6,0.455,0.19999999999999973,9,0.5550000000000005,0.5549999999999999,0.09000000000000008,0.0,0.0,0.0,0.04500000000000004,0.04500000000000004,common
1143,1,0,1,0.07284717294797714,3.811303534137373,9.6,12.6,0.44749999999999995,0.1924999999999997,9,0.5550000000000005,0.5549999999999999,0.09000000000000008,0.0,0.0,0.0,0.04500000000000004,0.04500000000000004,common
1144,1,0,1,0.07278146154380807,3.884084995681181,9.6,12.6,0.43999999999999995,0.18499999999999972,9,0.5550000000000005,0.5549999999999999,0.09000000000000008,0.0,0.0,0.0,0.04500000000000004,0.04500000000000004,common
1145,1,2,1,0.00784079406073664,3.8919257897419177,9.6,12.6,0.43249999999999994,0.4274999999999997,9,0.5550000000000005,0.5549999999999999,0.09000000000000008,0.0,0.0,0.0,0.04500000000000004,0.04500000000000004,common
1146,1,0,0,-0.16719313714961265,3.724732652592305,9.6,12.6,0.4249999999999999,0.41999999999999976,9,0.5550000000000005,0.5549999999999999,0.09000000000000008,0.0,0.0,0.0,0.04500000000000004,0.04500000000000004,common
1147,1,0,1,0.07283453891918353,3.7975671915114884,9.6,12.6,0.4174999999999999,0.4124999999999997,9,0.5550000000000005,0.5549999999999999,0.09000000000000008,0.0,0.0,0.0,0.04500000000000004,0.04500000000000004,common
1148,1,0,1,0.07284479541901928,3.870411986930508,9.6,12.6,0.41,0.40499999999999975,9,0.5550000000000005,0.5549999999999999,0.09000000000000008,0.0,0.0,0.0,0.04500000000000004,0.04500000000000004,common
1149,1,0,0,-0.16716228523885734,3.7032497016916506,9.6,12.6,0.4024999999999999,0.3974999999999997,9,0.5550000000000005,0.5549999999999999,0.09000000000000008,0.0,0.0,0.0,0.04500000000000004,0.04500000000000004,common
1150,1,0,1,0.07282596334029229,3.776075665031943,9.6,12.6,0.39499999999999996,0.3899999999999997,9,0.5550000000000005,0.5549999999999999,0.09000000000000008,0.0,0.0,0.0,0.04500000000000004,0.04500000000000004,common
1151,1,0,1,0.07284496104662044,3.8489206260785633,9.6,12.6,0.3874999999999999,0.3824999999999997,9,0.5550000000000005,0.5549999999999999,0.09000000000000008,0.0,0.0,0.0,0.04500000000000004,0.04500000000000004,common
1152,1,0,1,0.07286394904528859,4.0,9.6,12.6,0.3799999999999999,0.3749999999999996,10,0.5550000000000005,0.5549999999999999,0.09000000000000008,0.0,0.0,0.0,0.04500000000000004,0.04500000000000004,common
1153,1,0,1,0.07283902788358679,4.0,9.6,12.6,0.3724999999999999,0.36749999999999966,10,0.5550000000000005,0.5549999999999999,0.09000000000000008,0.0,0.0,0.0,0.04500000000000004,0.04500000000000004,common
1154,1,2,1,0.007835475711844241,4.0,9.6,12.6,0.3649999999999998,0.4924999999999999,10,0.5550000000000005,0.5549999999999999,0.09000000000000008,0.7049999999999983,0.0,5.551115123125783e-17,0.04500000000000004,0.04500000000000004,common
1155,1,1,1,0.007852231520422834,4.0,9.6,12.6,0.4925,0.48499999999999993,10,0.5550000000000005,0.5549999999999999,0.09000000000000008,0.6899999999999993,0.0,0.0,0.04500000000000004,0.04500000000000004,common
1156,1,0,1,0.07282724069628001,4.0,9.6,12.6,0.48499999999999993,0.4775,10,0.5550000000000005,0.5549999999999999,0.09000000000000008,0.0,0.0,0.0,0.04500000000000004,0.04500000000000004,common
1157,1,0,1,0.07281739870896076,4.0,9.6,12.6,0.4775,0.4699999999999999,10,0.5550000000000005,0.5549999999999999,0.09000000000000008,0.0,0.0,0.0,0.04500000000000004,0.04500000000000004,common
1158,1,0,1,0.07281605256474766,4.0,9.6,12.6,0.4699999999999999,0.4624999999999999,10,0.5550000000000005,0.5549999999999999,0.09000000000000008,0.0,0.0,0.0,0.04500000000000004,0.04500000000000004,common
1159,1,0,1,0.07282619079977674,4.0,9.6,12.6,0.46249999999999997,0.4549999999999999,10,0.5550000000000005,0.5549999999999999,0.09000000000000008,0.0,0.0,0.0,0.04500000000000004,0.04500000000000004,common
1160,1,0,1,0.0728030559730081,4.0,9.6,12.6,0.455,0.44749999999999984,10,0.5550000000000005,0.5549999999999999,0.09000000000000008,0.0,0.0,0.0,0.04500000000000004,0.04500000000000004,common
1161,1,0,1,0.07281860910979102,4.0,9.6,12.6,0.44749999999999995,0.4399999999999999,10,0.5550000000000005,0.5549999999999999,0.09000000000000008,0.0,0.0,0.0,0.04500000000000004,0.04500000000000004,common
1162,1,0,1,0.07278855689753107,4.0,9.6,12.6,0.43999999999999995,0.43249999999999994,10,0.5550000000000005,0.5549999999999999,0.09000000000000008,0.0,0.0,0.0,0.04500000000000004,0.04500000000000004,common
1163,1,0,1,0.07280213082317454,4.0,9.6,12.6,0.43249999999999994,0.4249999999999999,10,0.5550000000000005,0.5549999999999999,0.09000000000000008,0.0,0.0,0.0,0.04500000000000004,0.04500000000000004,common
1164,1,0,0,-0.1672104574582394,3.8327895425417604,9.6,12.6,0.4249999999999999,0.4174999999999999,10,0.5550000000000005,0.5549999999999999,0.09000000000000008,0.0,0.0,0.0,0.04500000000000004,0.04500000000000004,common
1165,1,2,1,0.007813048681080199,3.8406025912228405,9.6,12.6,0.4174999999999999,0.4925,10,0.5550000000000005,0.5549999999999999,0.09000000000000008,1.0049999999999992,0.0,0.0,0.04500000000000004,0.04500000000000004,common
1166,1,2,1,0.007838689419480046,3.8484412806423207,9.6,12.6,0.41,0.4925,10,0.5550000000000005,0.5549999999999999,0.09000000000000008,1.4549999999999996,0.0,0.0,0.04500000000000004,0.04500000000000004,common
1167,1,0,1,0.0728113476400497,3.9212526282823705,9.6,12.6,0.4024999999999999,0.48499999999999993,10,0.5550000000000005,0.5549999999999999,0.09000000000000008,0.0,0.0,0.0,0.04500000000000004,0.04500000000000004,common
1168,1,2,1,0.007824207949768047,3.9290768362321384,9.6,12.6,0.39499999999999996,0.4925,10,0.5550000000000005,0.5549999999999999,0.09000000000000008,1.4099999999999997,0.0,0.0,0.04500000000000004,0.04500000000000004,common
1169,1,0,1,0.07281256838689662,4.0,9.6,12.6,0.3874999999999999,0.48499999999999993,10,0.5550000000000005,0.5549999999999999,0.09000000000000008,0.0,0.0,0.0,0.04500000000000004,0.04500000000000004,common
1170,1,0,1,0.07284893297630182,4.0,9.6,12.6,0.3799999999999999,0.4775,10,0.5550000000000005,0.5549999999999999,0.09000000000000008,0.0,0.0,0.0,0.04500000000000004,0.04500000000000004,common
1171,1,0,1,0.07280200491731831,4.0,9.6,12.6,0.3724999999999999,0.4699999999999999,10,0.5550000000000005,0.5549999999999999,0.09000000000000008,0.0,0.0,0.0,0.04500000000000004,0.04500000000000004,common
1172,1,0,1,0.07282490882562014,4.0,9.6,12.6,0.3649999999999998,0.46249999999999997,10,0.5550000000000005,0.5549999999999999,0.09000000000000008,0.0,0.0,0.0,0.04500000000000004,0.04500000000000004,common
1173,1,0,1,0.07281261838886101,4.0,9.6,12.6,0.3574999999999999,0.455,10,0.5550000000000005,0.5549999999999999,0.09000000000000008,0.0,0.0,0.0,0.04500000000000004,0.04500000000000004,common
1174,1,0,1,0.07286165344032491,4.0,9.6,12.6,0.34999999999999987,0.44749999999999995,10,0.5550000000000005,0.5549999999999999,0.09000000000000008,0.0,0.0,0.0,0.04500000000000004,0.04500000000000004,common
1175,1,0,1,0.07285832225418012,4.0,9.6,12.6,0.34249999999999986,0.43999999999999995,10,0.5550000000000005,0.5549999999999999,0.09000000000000008,0.0,0.0,0.0,0.04500000000000004,0.04500000000000004,common
1176,1,0,1,0.07284703222241863,4.0,9.6,12.6,0.3349999999999999,0.43249999999999994,10,0.5550000000000005,0.5549999999999999,0.09000000000000008,0.0,0.0,0.0,0.04500000000000004,0.04500000000000004,common
1177,1,0,1,0.0728538013799574,4.0,9.6,12.6,0.32749999999999985,0.4249999999999999,10,0.5550000000000005,0.5549999999999999,0.09000000000000008,0.0,0.0,0.0,0.04500000000000004,0.04500000000000004,common
1178,1,0,1,0.07284661711908749,4.0,9.6,12.6,0.31999999999999984,0.4174999999999999,10,0.5550000000000005,0.5549999999999999,0.09000000000000008,0.0,0.0,0.0,0.04500000000000004,0.04500000000000004,common
1179,1,0,1,0.07286662130508671,4.0,9.6,12.6,0.31249999999999983,0.41,10,0.5550000000000005,0.5549999999999999,0.09000000000000008,0.0,0.0,0.0,0.04500000000000004,0.04500000000000004,common
1180,1,0,1,0.07286352397693896,4.0,9.6,12.6,0.30499999999999977,0.4024999999999999,10,0.5550000000000005,0.5549999999999999,0.09000000000000008,0.0,0.0,0.0,0.04500000000000004,0.04500000000000004,common
1181,1,0,1,0.07286356643828519,4.0,9.6,12.6,0.2974999999999998,0.39499999999999996,10,0.5550000000000005,0.5549999999999999,0.09000000000000008,0.0,0.0,0.0,0.04500000000000004,0.04500000000000004,common
1182,1,0,1,0.07287764820350587,4.0,9.6,12.6,0.2899999999999998,0.3874999999999999,10,0.5550000000000005,0.5549999999999999,0.09000000000000008,0.0,0.0,0.0,0.04500000000000004,0.04500000000000004,common
1183,1,0,1,0.07285121693302526,4.0,9.6,12.6,0.2824999999999998,0.3799999999999999,10,0.5550000000000005,0.5549999999999999,0.09000000000000008,0.0,0.0,0.0,0.04500000000000004,0.04500000000000004,common
1184,1,0,0,-0.16713372537200819,3.832866274627992,9.6,12.6,0.27499999999999986,0.3724999999999999,10,0.5550000000000005,0.5549999999999999,0.09000000000000008,0.0,0.0,0.0,0.04500000000000004,0.04500000000000004,common
1185,1,1,0,-0.23212418479225821,3.600742089835734,9.6,12.6,0.4925,0.3649999999999998,10,0.5550000000000005,0.5549999999999999,0.09000000000000008,0.1499999999999988,0.0,0.0,0.04500000000000004,0.04500000000000004,common
1186,1,0,1,0.07278152621593216,3.673523616051666,9.6,12.6,0.48499999999999993,0.3574999999999999,10,0.5550000000000005,0.5549999999999999,0.09000000000000008,0.0,0.0,0.0,0.04500000000000004,0.04500000000000004,common
1187,1,0,0,-0.16722320264846074,3.5063004134032054,9.6,12.6,0.4775,0.34999999999999987,10,0.5550000000000005,0.5549999999999999,0.09000000000000008,0.0,0.0,0.0,0.04500000000000004,0.04500000000000004,common
1188,1,0,1,0.07278635732499485,3.5790867707282,9.6,12.6,0.4699999999999999,0.34249999999999986,10,0.5550000000000005,0.5549999999999999,0.09000000000000008,0.0,0.0,0.0,0.04500000000000004,0.04500000000000004,common
1189,1,0,1,0.07284165694952635,3.6519284276777264,9.6,12.6,0.46249999999999997,0.3349999999999999,10,0.5550000000000005,0.5549999999999999,0.09000000000000008,0.0,0.0,0.0,0.04500000000000004,0.04500000000000004,common
1190,1,0,1,0.07282108438744071,3.7247495120651672,9.6,12.6,0.455,0.32749999999999985,10,0.5550000000000005,0.5549999999999999,0.09000000000000008,0.0,0.0,0.0,0.04500000000000004,0.04500000000000004,common
1191,1,0,1,0.07278894166448896,3.7975384537296564,9.6,12.6,0.44749999999999995,0.31999999999999984,10,0.5550000000000005,0.5549999999999999,0.09000000000000008,0.0,0.0,0.0,0.04500000000000004,0.04500000000000004,common
1192,1,0,1,0.07281137952737221,3.8703498332570287,9.6,12.6,0.43999999999999995,0.31249999999999983,10,0.5550000000000005,0.5549999999999999,0.09000000000000008,0.0,0.0,0.0,0.04500000000000004,0.04500000000000004,common
1193,1,1,0,-0.2321686403329775,3.6381811929240513,9.6,12.6,0.4925,0.30499999999999977,10,0.5550000000000005,0.5549999999999999,0.09000000000000008,1.1399999999999997,0.0,0.0,0.04500000000000004,0.04500000000000004,common
1194,1,0,1,0.07281413624812949,3.7109953291721807,9.6,12.6,0.48499999999999993,0.2974999999999998,10,0.5550000000000005,0.5549999999999999,0.09000000000000008,0.0,0.0,0.0,0.04500000000000004,0.04500000000000004,common
1195,1,0,1,0.07278772860434249,3.7837830577765232,9.6,12.6,0.4775,0.2899999999999998,10,0.5550000000000005,0.5549999999999999,0.09000000000000008,0.0,0.0,0.0,0.04500000000000004,0.04500000000000004,common
1196,1,2,1,0.007847784118551873,3.791630841895075,9.6,12.6,0.4699999999999999,0.4925,10,0.5550000000000005,0.5549999999999999,0.09000000000000008,0.23999999999999888,0.0,0.0,0.04500000000000004,0.04500000000000004,common
1197,1,2,1,0.007784402065205646,3.7994152439602806,9.6,12.6,0.46249999999999997,0.4925,10,0.5550000000000005,0.5549999999999999,0.09000000000000008,1.4549999999999996,0.0,0.0,0.04500000000000004,0.04500000000000004,common
1198,1,0,1,0.07278814465920312,3.8722033886194835,9.6,12.6,0.455,0.48499999999999993,10,0.5550000000000005,0.5549999999999999,0.09000000000000008,0.0,0.0,0.0,0.04500000000000004,0.04500000000000004,common
1199,1,0,1,0.07282480899745833,3.9450281976169417,9.6,12.6,0.44749999999999995,0.4775,10,0.5550000000000005,0.5549999999999999,0.09000000000000008,0.0,0.0,0.0,0.04500000000000004,0.04500000000000004,common
1200,1,0,0,-0.16721119716096935,3.7778170004559724,9.6,12.6,0.43999999999999995,0.4699999999999999,10,0.5550000000000005,0.5549999999999999,0.09000000000000008,0.0,0.0,0.0,0.04500000000000004,0.04500000000000004,common
1201,1,0,1,0.0728205454470113,3.8506375459029836,9.6,12.6,0.43249999999999994,0.46249999999999997,10,0.5550000000000005,0.5549999999999999,0.09000000000000008,0.0,0.0,0.0,0.04500000000000004,0.04500000000000004,common
1202,1,0,1,0.0728092610138323,3.923446806916816,9.6,12.6,0.4249999999999999,0.455,10,0.5550000000000005,0.5549999999999999,0.09000000000000008,0.0,0.0,0.0,0.04500000000000004,0.04500000000000004,common
1203,1,0,1,0.07280379250469683,3.9962505994215127,9.6,12.6,0.4174999999999999,0.44749999999999995,10,0.5550000000000005,0.5549999999999999,0.09000000000000008,0.0,0.0,0.0,0.04500000000000004,0.04500000000000004,common
1204,1,0,1,0.07282212829946588,4.0,9.6,12.6,0.41,0.43999999999999995,10,0.5550000000000005,0.5549999999999999,0.09000000000000008,0.0,0.0,0.0,0.04500000000000004,0.04500000000000004,common
1205,1,0,0,-0.16720803714902555,3.8327919628509743,9.6,12.6,0.4024999999999999,0.43249999999999994,10,0.5550000000000005,0.5549999999999999,0.09000000000000008,0.0,0.0,0.0,0.04500000000000004,0.04500000000000004,common
1206,1,0,1,0.07284420364876014,3.9056361664997343,9.6,12.6,0.39499999999999996,0.4249999999999999,10,0.5550000000000005,0.5549999999999999,0.09000000000000008,0.0,0.0,0.0,0.04500000000000004,0.04500000000000004,common
1207,1,0,1,0.072808605588815,3.978444772088549,9.6,12.6,0.3874999999999999,0.4174999999999999,10,0.5550000000000005,0.5549999999999999,0.09000000000000008,0.0,0.0,0.0,0.04500000000000004,0.04500000000000004,common
1208,1,0,1,0.072856470445654,4.0,9.6,12.6,0.3799999999999999,0.41,10,0.5550000000000005,0.5549999999999999,0.09000000000000008,0.0,0.0,0.0,0.04500000000000004,0.04500000000000004,common
1209,1,0,1,0.07286285052653534,4.0,9.6,12.6,0.3724999999999999,0.4024999999999999,10,0.5550000000000005,0.5549999999999999,0.09000000000000008,0.0,0.0,0.0,0.04500000000000004,0.04500000000000004,common
1210,1,0,1,0.07284878847538769,4.0,9.6,12.6,0.3649999999999998,0.39499999999999996,10,0.5550000000000005,0.5549999999999999,0.09000000000000008,0.0,0.0,0.0,0.04500000000000004,0.04500000000000004,common
1211,1,2,1,0.007864262969712566,4.0,9.6,12.6,0.3574999999999999,0.4925,10,0.5550000000000005,0.5549999999999999,0.09000000000000008,0.8699999999999994,0.0,0.0,0.04500000000000004,0.04500000000000004,common
1212,1,2,1,0.007842263346779173,4.0,9.6,12.6,0.34999999999999987,0.4925,10,0.5550000000000005,0.5549999999999999,0.09000000000000008,1.4549999999999996,0.0,0.0,0.04500000000000004,0.04500000000000004,common
1213,1,0,1,0.07284728183959499,4.0,9.6,12.6,0.34249999999999986,0.48499999999999993,10,0.5550000000000005,0.5549999999999999,0.09000000000000008,0.0,0.0,0.0,0.04500000000000004,0.04500000000000004,common
1214,1,2,1,0.00783876802389255,4.0,9.6,12.6,0.3349999999999999,0.4925,10,0.5550000000000005,0.5549999999999999,0.09000000000000008,1.4099999999999997,0.0,0.0,0.04500000000000004,0.04500000000000004,common
1215,1,0,1,0.07282767128876305,4.0,9.6,12.6,0.32749999999999985,0.48499999999999993,10,0.5550000000000005,0.5549999999999999,0.09000000000000008,0.0,0.0,0.0,0.04500000000000004,0.04500000000000004,common
1216,1,0,1,0.0728634831091146,4.0,9.6,12.6,0.31999999999999984,0.4775,10,0.5550000000000005,0.5549999999999999,0.09000000000000008,0.0,0.0,0.0,0.04500000000000004,0.04500000000000004,common
1217,1,0,1,0.07284215714741792,4.0,9.6,12.6,0.31249999999999983,0.4699999999999999,10,0.5550000000000005,0.5549999999999999,0.09000000000000008,0.0,0.0,0.0,0.04500000000000004,0.04500000000000004,common
1218,1,0,1,0.07286239928636515,4.0,9.6,12.6,0.30499999999999977,0.46249999999999997,10,0.5550000000000005,0.5549999999999999,0.09000000000000008,0.0,0.0,0.0,0.04500000000000004,0.04500000000000004,common
1219,1,0,1,0.07286756790193427,4.0,9.6,12.6,0.2974999999999998,0.455,10,0.5550000000000005,0.5549999999999999,0.09000000000000008,0.0,0.0,0.0,0.04500000000000004,0.04500000000000004,common
1220,1,0,1,0.07286522638680064,4.0,9.6,12.6,0.2899999999999998,0.44749999999999995,10,0.5550000000000005,0.5549999999999999,0.09000000000000008,0.0,0.0,0.0,0.04500000000000004,0.04500000000000004,common
1221,1,1,1,0.00790288989523446,4.0,9.6,12.6,0.4925,0.43999999999999995,10,0.5550000000000005,0.5549999999999999,0.09000000000000008,0.23999999999999888,0.0,0.0,0.04500000000000004,0.04500000000000004,common
1222,1,0,1,0.07277542108506986,4.0,9.6,12.6,0.48499999999999993,0.43249999999999994,10,0.5550000000000005,0.5549999999999999,0.09000000000000008,0.0,0.0,0.0,0.04500000000000004,0.04500000000000004,common
1223,1,0,1,0.07279050471143103,4.0,9.6,12.6,0.4775,0.4249999999999999,10,0.5550000000000005,0.5549999999999999,0.09000000000000008,0.0,0.0,0.0,0.04500000000000004,0.04500000000000004,common
1224,1,1,0,-0.23221721068951828,3.767782789310482,9.6,12.6,0.4924999999999999,0.4174999999999999,10,0.5550000000000005,0.5549999999999999,0.09000000000000008,1.3650000000000002,0.0,5.551115123125783e-17,0.04500000000000004,0.04500000000000004,common
1225,1,0,1,0.07275822355029496,3.840541012860777,9.6,12.6,0.48499999999999993,0.41,10,0.5550000000000005,0.5549999999999999,0.09000000000000008,0.0,0.0,0.0,0.04500000000000004,0.04500000000000004,common
1226,1,0,1,0.07282328494329102,3.9133642978040677,9.6,12.6,0.4775,0.4024999999999999,10,0.5550000000000005,0.5549999999999999,0.09000000000000008,0.0,0.0,0.0,0.04500000000000004,0.04500000000000004,common
1227,1,0,0,-0.16722215832196055,3.746142139482107,9.6,12.6,0.4699999999999999,0.39499999999999996,10,0.5550000000000005,0.5549999999999999,0.09000000000000008,0.0,0.0,0.0,0.04500000000000004,0.04500000000000004,common
1228,1,0,1,0.0727921790162215,3.8189343184983287,9.6,12.6,0.4624999999999999,0.3874999999999999,10,0.5550000000000005,0.5549999999999999,0.09000000000000008,0.0,0.0,0.0,0.04500000000000004,0.04500000000000004,common
1229,1,0,1,0.0727868501365843,3.891721168634913,9.6,12.6,0.4549999999999999,0.3799999999999999,10,0.5550000000000005,0.5549999999999999,0.09000000000000008,0.0,0.0,0.0,0.04500000000000004,0.04500000000000004,common
1230,1,0,1,0.07281095383928442,3.9645321224741976,9.6,12.6,0.44749999999999984,0.3724999999999999,10,0.5550000000000005,0.5549999999999999,0.09000000000000008,0.0,0.0,0.0,0.04500000000000004,0.04500000000000004,common
1231,1,0,1,0.07283073361478333,4.0,9.6,12.6,0.4399999999999999,0.3649999999999998,10,0.5550000000000005,0.5549999999999999,0.09000000000000008,0.0,0.0,0.0,0.04500000000000004,0.04500000000000004,common
1232,1,0,1,0.07283836914133837,4.0,9.6,12.6,0.43249999999999994,0.3574999999999999,10,0.5550000000000005,0.5549999999999999,0.09000000000000008,0.0,0.0,0.0,0.04500000000000004,0.04500000000000004,common
1233,1,0,0,-0.16721102738712032,3.83278897261288,9.6,12.6,0.4249999999999999,0.34999999999999987,10,0.5550000000000005,0.5549999999999999,0.09000000000000008,0.0,0.0,0.0,0.04500000000000004,0.04500000000000004,common
1234,1,2,1,0.007819129008149637,3.8406081016210294,9.6,12.6,0.4174999999999999,0.4925,10,0.5550000000000005,0.5549999999999999,0.09000000000000008,0.5999999999999992,0.0,0.0,0.04500000000000004,0.04500000000000004,common
1235,1,1,0,-0.23219050086912904,3.6084176007519004,9.6,12.6,0.4925,0.48499999999999993,10,0.5550000000000005,0.5549999999999999,0.09000000000000008,1.0049999999999992,0.0,0.0,0.04500000000000004,0.04500000000000004,common
1236,1,0,1,0.07281726201476606,3.6812348627666664,9.6,12.6,0.48499999999999993,0.4775,10,0.5550000000000005,0.5549999999999999,0.09000000000000008,0.0,0.0,0.0,0.04500000000000004,0.04500000000000004,common
1237,1,2,1,0.007825545569743584,3.68906040833641,9.6,12.6,0.4775,0.4924999999999999,10,0.5550000000000005,0.5549999999999999,0.09000000000000008,1.3650000000000002,0.0,5.551115123125783e-17,0.04500000000000004,0.04500000000000004,common
1238,1,0,1,0.07278928649695691,3.761849694833367,9.6,12.6,0.4699999999999999,0.48499999999999993,10,0.5550000000000005,0.5549999999999999,0.09000000000000008,0.0,0.0,0.0,0.04500000000000004,0.04500000000000004,common
1239,1,0,1,0.07277710487898319,3.83462679971235,9.6,12.6,0.46249999999999997,0.4775,10,0.5550000000000005,0.5549999999999999,0.09000000000000008,0.0,0.0,0.0,0.04500000000000004,0.04500000000000004,common
1240,1,0,1,0.0728317963975542,3.907458596109904,9.6,12.6,0.455,0.4699999999999999,10,0.5550000000000005,0.5549999999999999,0.09000000000000008,0.0,0.0,0.0,0.04500000000000004,0.04500000000000004,common
1241,1,0,1,0.07277432518076851,3.9802329212906726,9.6,12.6,0.44749999999999995,0.4624999999999999,10,0.5550000000000005,0.5549999999999999,0.09000000000000008,0.0,0.0,0.0,0.04500000000000004,0.04500000000000004,common
1242,1,0,1,0.07282635916296232,4.0,9.6,12.6,0.43999999999999995,0.4549999999999999,10,0.5550000000000005,0.5549999999999999,0.09000000000000008,0.0,0.0,0.0,0.04500000000000004,0.04500000000000004,common
1243,1,0,1,0.07277956831823887,4.0,9.6,12.6,0.43249999999999994,0.44749999999999984,10,0.5550000000000005,0.5549999999999999,0.09000000000000008,0.0,0.0,0.0,0.04500000000000004,0.04500000000000004,common
1244,1,0,1,0.07278906258190844,4.0,9.6,12.6,0.4249999999999999,0.4399999999999999,10,0.5550000000000005,0.5549999999999999,0.09000000000000008,0.0,0.0,0.0,0.04500000000000004,0.04500000000000004,common
1245,1,0,1,0.07284665082989421,4.0,9.6,12.6,0.4174999999999999,0.43249999999999994,10,0.5550000000000005,0.5549999999999999,0.09000000000000008,0.0,0.0,0.0,0.04500000000000004,0.04500000000000004,common
1246,1,0,1,0.07283548849087303,4.0,9.6,12.6,0.41,0.4249999999999999,10,0.5550000000000005,0.5549999999999999,0.09000000000000008,0.0,0.0,0.0,0.04500000000000004,0.04500000000000004,common
1247,1,0,0,-0.16715773812875043,3.8328422618712494,9.6,12.6,0.4024999999999999,0.4174999999999999,10,0.5550000000000005,0.5549999999999999,0.09000000000000008,0.0,0.0,0.0,0.04500000000000004,0.04500000000000004,common
1248,1,0,1,0.07282556925856454,3.905667831129814,9.6,12.6,0.39499999999999996,0.40999999999999986,10,0.5550000000000005,0.5549999999999999,0.09000000000000008,0.0,0.0,0.0,0.04500000000000004,0.04500000000000004,common
1249,1,0,1,0.07281107032284533,3.9784789014526596,9.6,12.6,0.3874999999999999,0.40249999999999986,10,0.5550000000000005,0.5549999999999999,0.09000000000000008,0.0,0.0,0.0,0.04500000000000004,0.04500000000000004,common
1250,1,0,0,-0.16715633585090892,3.811322565601751,9.6,12.6,0.3799999999999999,0.39499999999999985,10,0.5550000000000005,0.5549999999999999,0.09000000000000008,0.0,0.0,0.0,0.04500000000000004,0.04500000000000004,common
1251,1,0,1,0.07283477776524722,3.884157343366998,9.6,12.6,0.3724999999999999,0.3874999999999998,10,0.5550000000000005,0.5549999999999999,0.09000000000000008,0.0,0.0,0.0,0.04500000000000004,0.04500000000000004,common
1252,1,0,1,0.07284830557555316,3.9570056489425514,9.6,12.6,0.3649999999999998,0.37999999999999984,10,0.5550000000000005,0.5549999999999999,0.09000000000000008,0.0,0.0,0.0,0.04500000000000004,0.04500000000000004,common
1253,1,0,1,0.07281816185109541,4.0,9.6,12.6,0.3574999999999999,0.37249999999999983,10,0.5550000000000005,0.5549999999999999,0.09000000000000008,0.0,0.0,0.0,0.04500000000000004,0.04500000000000004,common
1254,1,0,1,0.07286542697267064,4.0,9.6,12.6,0.34999999999999987,0.3649999999999998,10,0.5550000000000005,0.5549999999999999,0.09000000000000008,0.0,0.0,0.0,0.04500000000000004,0.04500000000000004,common
1255,1,0,1,0.07285850790763689,4.0,9.6,12.6,0.34249999999999986,0.3574999999999999,10,0.5550000000000005,0.5549999999999999,0.09000000000000008,0.0,0.0,0.0,0.04500000000000004,0.04500000000000004,common
1256,1,0,1,0.07284504291610006,4.0,9.6,12.6,0.3349999999999999,0.3499999999999998,10,0.5550000000000005,0.5549999999999999,0.09000000000000008,0.0,0.0,0.0,0.04500000000000004,0.04500000000000004,common
1257,1,0,1,0.07282679052719056,4.0,9.6,12.6,0.32749999999999985,0.3424999999999998,10,0.5550000000000005,0.5549999999999999,0.09000000000000008,0.0,0.0,0.0,0.04500000000000004,0.04500000000000004,common
1258,1,0,1,0.0728562006787451,4.0,9.6,12.6,0.31999999999999984,0.3349999999999998,10,0.5550000000000005,0.5549999999999999,0.09000000000000008,0.0,0.0,0.0,0.04500000000000004,0.04500000000000004,common
1259,1,0,1,0.07284343495518655,4.0,9.6,12.6,0.31249999999999983,0.32749999999999974,10,0.5550000000000005,0.5549999999999999,0.09000000000000008,0.0,0.0,0.0,0.04500000000000004,0.04500000000000004,common
1260,1,0,1,0.0728370257669827,4.0,9.6,12.6,0.30499999999999977,0.3199999999999998,10,0.5550000000000005,0.5549999999999999,0.09000000000000008,0.0,0.0,0.0,0.04500000000000004,0.04500000000000004,common
1261,1,0,1,0.07285691663532687,4.0,9.6,12.6,0.2974999999999998,0.3124999999999998,10,0.5550000000000005,0.5549999999999999,0.09000000000000008,0.0,0.0,0.0,0.04500000000000004,0.04500000000000004,common
1262,1,0,1,0.0728347315427066,4.0,9.6,12.6,0.2899999999999998,0.30499999999999977,10,0.5550000000000005,0.5549999999999999,0.09000000000000008,0.0,0.0,0.0,0.04500000000000004,0.04500000000000004,common
1263,1,0,1,0.07286983371723017,4.0,9.6,12.6,0.2824999999999998,0.2974999999999998,10,0.5550000000000005,0.5549999999999999,0.09000000000000008,0.0,0.0,0.0,0.04500000000000004,0.04500000000000004,common
1264,1,0,1,0.0728643428283005,4.0,9.6,12.6,0.27499999999999986,0.28999999999999976,10,0.5550000000000005,0.5549999999999999,0.09000000000000008,0.0,0.0,0.0,0.04500000000000004,0.04500000000000004,common
1265,1,0,1,0.07287410982732409,4.0,9.6,12.6,0.2674999999999998,0.28249999999999975,10,0.5550000000000005,0.5549999999999999,0.09000000000000008,0.0,0.0,0.0,0.04500000000000004,0.04500000000000004,common
1266,1,0,1,0.07287058329689469,4.0,9.6,12.6,0.2599999999999998,0.27499999999999974,10,0.5550000000000005,0.5549999999999999,0.09000000000000008,0.0,0.0,0.0,0.04500000000000004,0.04500000000000004,common
1267,1,0,1,0.0728910819331407,4.0,9.6,12.6,0.2524999999999998,0.2674999999999997,10,0.5550000000000005,0.5549999999999999,0.09000000000000008,0.0,0.0,0.0,0.04500000000000004,0.04500000000000004,common
1268,1,0,0,-0.1671654918243621,3.832834508175638,9.6,12.6,0.24499999999999975,0.25999999999999973,10,0.5550000000000005,0.5549999999999999,0.09000000000000008,0.0,0.0,0.0,0.04500000000000004,0.04500000000000004,common
1269,1,0,1,0.07287273635195934,3.9057072445275973,9.6,12.6,0.2374999999999998,0.2524999999999997,10,0.5550000000000005,0.5549999999999999,0.09000000000000008,0.0,0.0,0.0,0.04500000000000004,0.04500000000000004,common
1270,1,0,1,0.07288482366255694,3.9785920681901543,9.6,12.6,0.22999999999999976,0.2449999999999997,10,0.5550000000000005,0.5549999999999999,0.09000000000000008,0.0,0.0,0.0,0.04500000000000004,0.04500000000000004,common
1271,1,0,1,0.07286900724973239,4.0,9.6,12.6,0.22249999999999973,0.23749999999999974,10,0.5550000000000005,0.5549999999999999,0.09000000000000008,0.0,0.0,0.0,0.04500000000000004,0.04500000000000004,common
1272,1,0,0,-0.16709845851440092,3.832901541485599,9.6,12.6,0.21499999999999977,0.22999999999999973,10,0.5550000000000005,0.5549999999999999,0.09000000000000008,0.0,0.0,0.0,0.04500000000000004,0.04500000000000004,common
1273,1,2,1,0.00790819661623567,3.840809738101835,9.6,12.6,0.20749999999999977,0.4724999999999997,10,0.5550000000000005,0.5549999999999999,0.09000000000000008,0.0,0.0,0.0,0.04500000000000004,0.04500000000000004,common
1274,1,0,1,0.07287350716166086,3.9136832452634955,9.6,12.6,0.19999999999999973,0.4649999999999997,10,0.5550000000000005,0.5549999999999999,0.09000000000000008,0.0,0.0,0.0,0.04500000000000004,0.04500000000000004,common
1275,1,0,1,0.0728943702140394,3.9865776154775348,9.6,12.6,0.1924999999999997,0.45749999999999963,10,0.5550000000000005,0.5549999999999999,0.09000000000000008,0.0,0.0,0.0,0.04500000000000004,0.04500000000000004,common
1276,1,0,1,0.07288133594892308,4.0,9.6,12.6,0.18499999999999972,0.4499999999999997,10,0.5550000000000005,0.5549999999999999,0.09000000000000008,0.0,0.0,0.0,0.04500000000000004,0.04500000000000004,common
1277,1,0,1,0.07287322147111534,4.0,9.6,12.6,0.17749999999999974,0.4424999999999997,10,0.5550000000000005,0.5549999999999999,0.09000000000000008,0.0,0.0,0.0,0.04500000000000004,0.04500000000000004,common
1278,1,1,1,0.007868885529917678,4.0,9.6,12.6,0.41999999999999976,0.43499999999999966,10,0.5550000000000005,0.5549999999999999,0.09000000000000008,0.0,0.0,0.0,0.04500000000000004,0.04500000000000004,common
1279,1,0,1,0.07281438623650313,4.0,9.6,12.6,0.4124999999999997,0.4274999999999997,10,0.5550000000000005,0.5549999999999999,0.09000000000000008,0.0,0.0,0.0,0.04500000000000004,0.04500000000000004,common
1280,1,0,1,0.07279205483455427,4.0,9.6,12.6,0.40499999999999975,0.41999999999999965,11,0.5550000000000005,0.5549999999999999,0.09000000000000008,0.0,0.0,0.0,0.04500000000000004,0.04500000000000004,common
1281,1,0,1,0.0728413391374265,4.0,9.6,12.6,0.3974999999999997,0.41249999999999964,11,0.5550000000000005,0.5549999999999999,0.09000000000000008,0.0,0.0,0.0,0.04500000000000004,0.04500000000000004,common
1282,1,0,0,-0.16719999974364497,3.832800000256355,9.6,12.6,0.3899999999999997,0.40499999999999964,11,0.5550000000000005,0.5549999999999999,0.09000000000000008,0.0,0.0,0.0,0.04500000000000004,0.04500000000000004,common
1283,1,0,1,0.07282530284272606,3.905625303099081,9.6,12.6,0.3824999999999997,0.3974999999999996,11,0.5550000000000005,0.5549999999999999,0.09000000000000008,0.0,0.0,0.0,0.04500000000000004,0.04500000000000004,common
1284,1,0,1,0.07285371675357682,3.978479019852658,9.6,12.6,0.3749999999999996,0.3899999999999996,11,0.5550000000000005,0.5549999999999999,0.09000000000000008,0.0,0.0,0.0,0.04500000000000004,0.04500000000000004,common
1285,1,2,1,0.007882089591064824,3.9863611094437226,9.6,12.6,0.36749999999999966,0.4924999999999999,11,0.5550000000000005,0.5549999999999999,0.09000000000000008,0.8399999999999981,0.0,5.551115123125783e-17,0.04500000000000004,0.04500000000000004,common
1286,1,0,1,0.07282419491082476,4.0,9.6,12.6,0.35999999999999965,0.48499999999999993,11,0.5550000000000005,0.5549999999999999,0.09000000000000008,0.0,0.0,0.0,0.04500000000000004,0.04500000000000004,common
1287,1,0,1,0.07284663794293852,4.0,9.6,12.6,0.35249999999999965,0.4775,11,0.5550000000000005,0.5549999999999999,0.09000000000000008,0.0,0.0,0.0,0.04500000000000004,0.04500000000000004,common
1288,1,0,1,0.07283031772095676,4.0,9.6,12.6,0.3449999999999997,0.4699999999999999,11,0.5550000000000005,0.5549999999999999,0.09000000000000008,0.0,0.0,0.0,0.04500000000000004,0.04500000000000004,common
1289,1,0,1,0.07282920017280661,4.0,9.6,12.6,0.33749999999999963,0.4624999999999999,11,0.5550000000000005,0.5549999999999999,0.09000000000000008,0.0,0.0,0.0,0.04500000000000004,0.04500000000000004,common
1290,1,0,1,0.07284894111101974,4.0,9.6,12.6,0.3299999999999996,0.4549999999999999,11,0.5550000000000005,0.5549999999999999,0.09000000000000008,0.0,0.0,0.0,0.04500000000000004,0.04500000000000004,common
1291,1,0,1,0.07287097541387659,4.0,9.6,12.6,0.3224999999999996,0.44749999999999984,11,0.5550000000000005,0.5549999999999999,0.09000000000000008,0.0,0.0,0.0,0.04500000000000004,0.04500000000000004,common
1292,1,0,1,0.07284313961526118,4.0,9.6,12.6,0.31499999999999956,0.4399999999999999,11,0.5550000000000005,0.5549999999999999,0.09000000000000008,0.0,0.0,0.0,0.04500000000000004,0.04500000000000004,common
1293,1,0,1,0.07286145125872995,4.0,9.6,12.6,0.3074999999999996,0.43249999999999994,11,0.5550000000000005,0.5549999999999999,0.09000000000000008,0.0,0.0,0.0,0.04500000000000004,0.04500000000000004,common
1294,1,0,1,0.07287643153690446,4.0,9.6,12.6,0.2999999999999996,0.4249999999999999,11,0.5550000000000005,0.5549999999999999,0.09000000000000008,0.0,0.0,0.0,0.04500000000000004,0.04500000000000004,common
1295,1,1,1,0.007845462247237478,4.0,9.6,12.6,0.4925,0.4174999999999999,11,0.5550000000000005,0.5549999999999999,0.09000000000000008,0.2999999999999976,0.0,0.0,0.04500000000000004,0.04500000000000004,common
1296,1,2,1,0.0077486941663590225,4.0,9.6,12.6,0.48499999999999993,0.4925,11,0.5550000000000005,0.5549999999999999,0.09000000000000008,1.0049999999999992,0.0,0.0,0.04500000000000004,0.04500000000000004,common
1297,1,0,1,0.07277753187688792,4.0,9.6,12.6,0.4775,0.48499999999999993,11,0.5550000000000005,0.5549999999999999,0.09000000000000008,0.0,0.0,0.0,0.04500000000000004,0.04500000000000004,common
1298,1,0,1,0.0728079354428709,4.0,9.6,12.6,0.4699999999999999,0.4775,11,0.5550000000000005,0.5549999999999999,0.09000000000000008,0.0,0.0,0.0,0.04500000000000004,0.04500000000000004,common
1299,1,2,1,0.007786235066910288,4.0,9.6,12.6,0.46249999999999997,0.4924999999999999,11,0.5550000000000005,0.5549999999999999,0.09000000000000008,1.3650000000000002,0.0,5.551115123125783e-17,0.04500000000000004,0.04500000000000004,common
1300,1,0,1,0.0728144247225657,4.0,9.6,12.6,0.455,0.48499999999999993,11,0.5550000000000005,0.5549999999999999,0.09000000000000008,0.0,0.0,0.0,0.04500000000000004,0.04500000000000004,common
1301,1,0,1,0.07277896149580992,4.0,9.6,12.6,0.44749999999999995,0.4775,11,0.5550000000000005,0.5549999999999999,0.09000000000000008,0.0,0.0,0.0,0.04500000000000004,0.04500000000000004,common
1302,1,0,1,0.0727765818889652,4.0,9.6,12.6,0.43999999999999995,0.4699999999999999,11,0.5550000000000005,0.5549999999999999,0.09000000000000008,0.0,0.0,0.0,0.04500000000000004,0.04500000000000004,common
1303,1,0,0,-0.16721827348313187,3.832781726516868,9.6,12.6,0.43249999999999994,0.4624999999999999,11,0.5550000000000005,0.5549999999999999,0.09000000000000008,0.0,0.0,0.0,0.04500000000000004,0.04500000000000004,common
1304,1,0,1,0.0728481850246813,3.9056299115415496,9.6,12.6,0.4249999999999999,0.4549999999999999,11,0.5550000000000005,0.5549999999999999,0.09000000000000008,0.0,0.0,0.0,0.04500000000000004,0.04500000000000004,common
1305,1,0,1,0.07283929615240615,3.978469207693956,9.6,12.6,0.4174999999999999,0.44749999999999984,11,0.5550000000000005,0.5549999999999999,0.09000000000000008,0.0,0.0,0.0,0.04500000000000004,0.04500000000000004,common
1306,1,0,1,0.07280801091725522,4.0,9.6,12.6,0.41,0.4399999999999999,11,0.5550000000000005,0.5549999999999999,0.09000000000000008,0.0,0.0,0.0,0.04500000000000004,0.04500000000000004,common
1307,1,0,1,0.07284711122591701,4.0,9.6,12.6,0.4024999999999999,0.43249999999999994,11,0.5550000000000005,0.5549999999999999,0.09000000000000008,0.0,0.0,0.0,0.04500000000000004,0.04500000000000004,common
1308,1,0,1,0.07283298653843868,4.0,9.6,12.6,0.39499999999999996,0.4249999999999999,11,0.5550000000000005,0.5549999999999999,0.09000000000000008,0.0,0.0,0.0,0.04500000000000004,0.04500000000000004,common
1309,1,0,1,0.0728360741539048,4.0,9.6,12.6,0.3874999999999999,0.4174999999999999,11,0.5550000000000005,0.5549999999999999,0.09000000000000008,0.0,0.0,0.0,0.04500000000000004,0.04500000000000004,common
1310,1,0,0,-0.16718973232482837,3.8328102676751716,9.6,12.6,0.3799999999999999,0.40999999999999986,11,0.5550000000000005,0.5549999999999999,0.09000000000000008,0.0,0.0,0.0,0.04500000000000004,0.04500000000000004,common
1311,1,0,1,0.07282387771215051,3.9056341453873222,9.6,12.6,0.3724999999999999,0.40249999999999986,11,0.5550000000000005,0.5549999999999999,0.09000000000000008,0.0,0.0,0.0,0.04500000000000004,0.04500000000000004,common
1312,1,0,1,0.0728221353297918,3.978456280717114,9.6,12.6,0.3649999999999998,0.39499999999999985,11,0.5550000000000005,0.5549999999999999,0.09000000000000008,0.0,0.0,0.0,0.04500000000000004,0.04500000000000004,common
1313,1,0,1,0.07287361580673819,4.0,9.6,12.6,0.3574999999999999,0.3874999999999998,11,0.5550000000000005,0.5549999999999999,0.09000000000000008,0.0,0.0,0.0,0.04500000000000004,0.04500000000000004,common
1314,1,0,1,0.07284845560255797,4.0,9.6,12.6,0.34999999999999987,0.37999999999999984,11,0.5550000000000005,0.5549999999999999,0.09000000000000008,0.0,0.0,0.0,0.04500000000000004,0.04500000000000004,common
1315,1,0,1,0.07287954648201356,4.0,9.6,12.6,0.34249999999999986,0.37249999999999983,11,0.5550000000000005,0.5549999999999999,0.09000000000000008,0.0,0.0,0.0,0.04500000000000004,0.04500000000000004,common
1316,1,0,1,0.07284711267773655,4.0,9.6,12.6,0.3349999999999999,0.3649999999999998,11,0.5550000000000005,0.5549999999999999,0.09000000000000008,0.0,0.0,0.0,0.04500000000000004,0.04500000000000004,common
1317,1,0,0,-0.1671331583339115,3.8328668416660885,9.6,12.6,0.32749999999999985,0.3574999999999999,11,0.5550000000000005,0.5549999999999999,0.09000000000000008,0.0,0.0,0.0,0.04500000000000004,0.04500000000000004,common
1318,1,0,1,0.07287412533830782,3.9057409670043963,9.6,12.6,0.31999999999999984,0.3499999999999998,11,0.5550000000000005,0.5549999999999999,0.09000000000000008,0.0,0.0,0.0,0.04500000000000004,0.04500000000000004,common
1319,1,0,0,-0.16716931499461551,3.7385716520097807,9.6,12.6,0.31249999999999983,0.3424999999999998,11,0.5550000000000005,0.5549999999999999,0.09000000000000008,0.0,0.0,0.0,0.04500000000000004,0.04500000000000004,common
1320,1,2,0,-0.23213706988724592,3.5064345821225347,9.6,12.6,0.30499999999999977,0.4925,11,0.5550000000000005,0.5549999999999999,0.09000000000000008,0.5549999999999988,0.0,0.0,0.04500000000000004,0.04500000000000004,common
1321,1,0,1,0.07285489969160289,3.5792894818141376,9.6,12.6,0.2974999999999998,0.48499999999999993,11,0.5550000000000005,0.5549999999999999,0.09000000000000008,0.0,0.0,0.0,0.04500000000000004,0.04500000000000004,common
1322,1,1,1,0.007861299629394816,3.5871507814435324,9.6,12.6,0.4924999999999999,0.4775,11,0.5550000000000005,0.5549999999999999,0.09000000000000008,0.28499999999999925,0.0,5.551115123125783e-17,0.04500000000000004,0.04500000000000004,common
1323,1,0,1,0.07280599223410865,3.659956773677641,9.6,12.6,0.48499999999999993,0.4699999999999999,11,0.5550000000000005,0.5549999999999999,0.09000000000000008,0.0,0.0,0.0,0.04500000000000004,0.04500000000000004,common
1324,1,2,1,0.007807382353587232,3.667764156031228,9.6,12.6,0.4775,0.4925,11,0.5550000000000005,0.5549999999999999,0.09000000000000008,1.3199999999999998,0.0,0.0,0.04500000000000004,0.04500000000000004,common
1325,1,0,1,0.0727710776094252,3.740535233640653,9.6,12.6,0.4699999999999999,0.48499999999999993,11,0.5550000000000005,0.5549999999999999,0.09000000000000008,0.0,0.0,0.0,0.04500000000000004,0.04500000000000004,common
1326,1,0,1,0.07283698941851635,3.8133722230591696,9.6,12.6,0.4624999999999999,0.4775,11,0.5550000000000005,0.5549999999999999,0.09000000000000008,0.0,0.0,0.0,0.04500000000000004,0.04500000000000004,common
1327,1,0,1,0.0727812845353057,3.886153507594475,9.6,12.6,0.4549999999999999,0.4699999999999999,11,0.5550000000000005,0.5549999999999999,0.09000000000000008,0.0,0.0,0.0,0.04500000000000004,0.04500000000000004,common
1328,1,0,1,0.07282169505033265,3.9589752026448077,9.6,12.6,0.44749999999999984,0.46249999999999997,11,0.5550000000000005,0.5549999999999999,0.09000000000000008,0.0,0.0,0.0,0.04500000000000004,0.04500000000000004,common
1329,1,0,1,0.0727941828688718,4.0,9.6,12.6,0.4399999999999999,0.455,11,0.5550000000000005,0.5549999999999999,0.09000000000000008,0.0,0.0,0.0,0.04500000000000004,0.04500000000000004,common
1330,1,0,1,0.07279176498144782,4.0,9.6,12.6,0.43249999999999994,0.44749999999999995,11,0.5550000000000005,0.5549999999999999,0.09000000000000008,0.0,0.0,0.0,0.04500000000000004,0.04500000000000004,common
1331,1,2,1,0.007831107559729518,4.0,9.6,12.6,0.4249999999999999,0.4924999999999999,11,0.5550000000000005,0.5549999999999999,0.09000000000000008,1.185,0.0,5.551115123125783e-17,0.04500000000000004,0.04500000000000004,common
1332,1,0,1,0.072817806905525,4.0,9.6,12.6,0.4174999999999999,0.48499999999999993,11,0.5550000000000005,0.5549999999999999,0.09000000000000008,0.0,0.0,0.0,0.04500000000000004,0.04500000000000004,common
1333,1,0,1,0.07282336765747865,4.0,9.6,12.6,0.40999999999999986,0.4775,11,0.5550000000000005,0.5549999999999999,0.09000000000000008,0.0,0.0,0.0,0.04500000000000004,0.04500000000000004,common
1334,1,0,1,0.0728434049855406,4.0,9.6,12.6,0.40249999999999986,0.4699999999999999,11,0.5550000000000005,0.5549999999999999,0.09000000000000008,0.0,0.0,0.0,0.04500000000000004,0.04500000000000004,common
1335,1,0,1,0.07283009201351452,4.0,9.6,12.6,0.39499999999999985,0.4624999999999999,11,0.5550000000000005,0.5549999999999999,0.09000000000000008,0.0,0.0,0.0,0.04500000000000004,0.04500000000000004,common
1336,1,0,1,0.072796868185072,4.0,9.6,12.6,0.3874999999999998,0.4549999999999999,11,0.5550000000000005,0.5549999999999999,0.09000000000000008,0.0,0.0,0.0,0.04500000000000004,0.04500000000000004,common
1337,1,0,1,0.07284323987926875,4.0,9.6,12.6,0.37999999999999984,0.44749999999999984,11,0.5550000000000005,0.5549999999999999,0.09000000000000008,0.0,0.0,0.0,0.04500000000000004,0.04500000000000004,common
1338,1,2,1,0.007839424810712169,4.0,9.6,12.6,0.37249999999999983,0.4925,11,0.5550000000000005,0.5549999999999999,0.09000000000000008,1.1849999999999994,0.0,0.0,0.04500000000000004,0.04500000000000004,common
1339,1,0,1,0.07283686666268115,4.0,9.6,12.6,0.3649999999999998,0.48499999999999993,11,0.5550000000000005,0.5549999999999999,0.09000000000000008,0.0,0.0,0.0,0.04500000000000004,0.04500000000000004,common
1340,1,0,1,0.0728461329874798,4.0,9.6,12.6,0.3574999999999999,0.4775,11,0.5550000000000005,0.5549999999999999,0.09000000000000008,0.0,0.0,0.0,0.04500000000000004,0.04500000000000004,common
1341,1,0,1,0.07283516365848343,4.0,9.6,12.6,0.3499999999999998,0.4699999999999999,11,0.5550000000000005,0.5549999999999999,0.09000000000000008,0.0,0.0,0.0,0.04500000000000004,0.04500000000000004,common
1342,1,0,1,0.0728601317424505,4.0,9.6,12.6,0.3424999999999998,0.46249999999999997,11,0.5550000000000005,0.5549999999999999,0.09000000000000008,0.0,0.0,0.0,0.04500000000000004,0.04500000000000004,common
1343,1,0,0,-0.1671699623813963,3.8328300376186037,9.6,12.6,0.3349999999999998,0.455,11,0.5550000000000005,0.5549999999999999,0.09000000000000008,0.0,0.0,0.0,0.04500000000000004,0.04500000000000004,common
1344,1,0,1,0.0728653166292957,3.9056953542478996,9.6,12.6,0.32749999999999974,0.44749999999999995,11,0.5550000000000005,0.5549999999999999,0.09000000000000008,0.0,0.0,0.0,0.04500000000000004,0.04500000000000004,common
1345,1,0,0,-0.1671451269689887,3.738550227278911,9.6,12.6,0.3199999999999998,0.43999999999999995,11,0.5550000000000005,0.5549999999999999,0.09000000000000008,0.0,0.0,0.0,0.04500000000000004,0.04500000000000004,common
1346,1,0,1,0.07285586610580215,3.811406093384713,9.6,12.6,0.3124999999999998,0.43249999999999994,11,0.5550000000000005,0.5549999999999999,0.09000000000000008,0.0,0.0,0.0,0.04500000000000004,0.04500000000000004,common
1347,1,0,0,-0.16714467379554407,3.644261419589169,9.6,12.6,0.30499999999999977,0.4249999999999999,11,0.5550000000000005,0.5549999999999999,0.09000000000000008,0.0,0.0,0.0,0.04500000000000004,0.04500000000000004,common
1348,1,0,1,0.07286687352594143,3.71712829311511,9.6,12.6,0.2974999999999998,0.4174999999999999,11,0.5550000000000005,0.5549999999999999,0.09000000000000008,0.0,0.0,0.0,0.04500000000000004,0.04500000000000004,common
1349,1,0,1,0.07285913353843866,3.789987426653549,9.6,12.6,0.28999999999999976,0.41,11,0.5550000000000005,0.5549999999999999,0.09000000000000008,0.0,0.0,0.0,0.04500000000000004,0.04500000000000004,common
1350,1,0,1,0.07287584623304685,3.862863272886596,9.6,12.6,0.28249999999999975,0.4024999999999999,11,0.5550000000000005,0.5549999999999999,0.09000000000000008,0.0,0.0,0.0,0.04500000000000004,0.04500000000000004,common
1351,1,0,1,0.0728680317811199,3.935731304667716,9.6,12.6,0.27499999999999974,0.39499999999999996,11,0.5550000000000005,0.5549999999999999,0.09000000000000008,0.0,0.0,0.0,0.04500000000000004,0.04500000000000004,common
1352,1,2,1,0.007889104372307753,3.9436204090400238,9.6,12.6,0.2674999999999997,0.4925,11,0.5550000000000005,0.5549999999999999,0.09000000000000008,0.8699999999999994,0.0,0.0,0.04500000000000004,0.04500000000000004,common
1353,1,1,0,-0.2321513303018999,3.7114690787381237,9.6,12.6,0.4925,0.48499999999999993,11,0.5550000000000005,0.5549999999999999,0.09000000000000008,0.10499999999999843,0.0,0.0,0.04500000000000004,0.04500000000000004,common
1354,1,2,0,-0.23220318984639746,3.4792658888917263,9.6,12.6,0.48499999999999993,0.4925,11,0.5550000000000005,0.5549999999999999,0.09000000000000008,1.4099999999999997,0.0,0.0,0.04500000000000004,0.04500000000000004,common
1355,1,0,0,-0.16722092420803847,3.312044964683688,9.6,12.6,0.4775,0.48499999999999993,11,0.5550000000000005,0.5549999999999999,0.09000000000000008,0.0,0.0,0.0,0.04500000000000004,0.04500000000000004,common
1356,1,0,1,0.07280800751162408,3.384852972195312,9.6,12.6,0.4699999999999999,0.4775,11,0.5550000000000005,0.5549999999999999,0.09000000000000008,0.0,0.0,0.0,0.04500000000000004,0.04500000000000004,common
1357,1,0,0,-0.1671707829485741,3.2176821892467378,9.6,12.6,0.46249999999999997,0.4699999999999999,11,0.5550000000000005,0.5549999999999999,0.09000000000000008,0.0,0.0,0.0,0.04500000000000004,0.04500000000000004,common
1358,1,1,0,-0.23221995757624006,2.9854622316704975,9.6,12.6,0.4925,0.46249999999999997,11,0.5550000000000005,0.5549999999999999,0.09000000000000008,1.2749999999999995,0.0,0.0,0.04500000000000004,0.04500000000000004,common
1359,1,1,1,0.007771000957705829,2.9932332326282034,9.6,12.6,0.4925,0.455,11,0.5550000000000005,0.5549999999999999,0.09000000000000008,1.4549999999999996,0.0,0.0,0.04500000000000004,0.04500000000000004,common
1360,1,0,1,0.07277986836347572,3.066013100991679,9.6,12.6,0.48499999999999993,0.44749999999999995,11,0.5550000000000005,0.5549999999999999,0.09000000000000008,0.0,0.0,0.0,0.04500000000000004,0.04500000000000004,common
1361,1,0,1,0.07282224350315823,3.138835344494837,9.6,12.6,0.4775,0.43999999999999995,11,0.5550000000000005,0.5549999999999999,0.09000000000000008,0.0,0.0,0.0,0.04500000000000004,0.04500000000000004,common
1362,1,0,1,0.07279629898320615,3.211631643478043,9.6,12.6,0.4699999999999999,0.43249999999999994,11,0.5550000000000005,0.5549999999999999,0.09000000000000008,0.0,0.0,0.0,0.04500000000000004,0.04500000000000004,common
1363,1,0,1,0.07279019339707721,3.2844218368751203,9.6,12.6,0.46249999999999997,0.4249999999999999,11,0.5550000000000005,0.5549999999999999,0.09000000000000008,0.0,0.0,0.0,0.04500000000000004,0.04500000000000004,common
1364,1,0,1,0.07282111752931592,3.357242954404436,9.6,12.6,0.455,0.4174999999999999,11,0.5550000000000005,0.5549999999999999,0.09000000000000008,0.0,0.0,0.0,0.04500000000000004,0.04500000000000004,common
1365,1,0,1,0.07279606995264931,3.4300390243570855,9.6,12.6,0.44749999999999995,0.41,11,0.5550000000000005,0.5549999999999999,0.09000000000000008,0.0,0.0,0.0,0.04500000000000004,0.04500000000000004,common
1366,1,0,1,0.07282070553795994,3.5028597298950457,9.6,12.6,0.43999999999999995,0.4024999999999999,11,0.5550000000000005,0.5549999999999999,0.09000000000000008,0.0,0.0,0.0,0.04500000000000004,0.04500000000000004,common
1367,1,2,1,0.007795446928373871,3.5106551768234198,9.6,12.6,0.43249999999999994,0.4925,11,0.5550000000000005,0.5549999999999999,0.09000000000000008,0.9149999999999991,0.0,0.0,0.04500000000000004,0.04500000000000004,common
1368,1,0,1,0.0728297844947636,3.583484961318183,9.6,12.6,0.4249999999999999,0.48499999999999993,11,0.5550000000000005,0.5549999999999999,0.09000000000000008,0.0,0.0,0.0,0.04500000000000004,0.04500000000000004,common
1369,1,0,1,0.07283604842247118,3.656321009740654,9.6,12.6,0.4174999999999999,0.4775,11,0.5550000000000005,0.5549999999999999,0.09000000000000008,0.0,0.0,0.0,0.04500000000000004,0.04500000000000004,common
1370,1,0,1,0.07280543299505428,3.7291264427357085,9.6,12.6,0.41,0.4699999999999999,11,0.5550000000000005,0.5549999999999999,0.09000000000000008,0.0,0.0,0.0,0.04500000000000004,0.04500000000000004,common
1371,1,0,1,0.07280822329792455,3.801934666033633,9.6,12.6,0.4024999999999999,0.46249999999999997,11,0.5550000000000005,0.5549999999999999,0.09000000000000008,0.0,0.0,0.0,0.04500000000000004,0.04500000000000004,common
1372,1,0,1,0.0728232094204614,3.8747578754540943,9.6,12.6,0.39499999999999996,0.455,11,0.5550000000000005,0.5549999999999999,0.09000000000000008,0.0,0.0,0.0,0.04500000000000004,0.04500000000000004,common
1373,1,0,0,-0.1671662531075885,3.7075916223465057,9.6,12.6,0.3874999999999999,0.44749999999999995,11,0.5550000000000005,0.5549999999999999,0.09000000000000008,0.0,0.0,0.0,0.04500000000000004,0.04500000000000004,common
1374,1,0,1,0.07279565767514748,3.780387280021653,9.6,12.6,0.3799999999999999,0.43999999999999995,11,0.5550000000000005,0.5549999999999999,0.09000000000000008,0.0,0.0,0.0,0.04500000000000004,0.04500000000000004,common
1375,1,0,1,0.07285621936048904,3.8532434993821423,9.6,12.6,0.3724999999999999,0.43249999999999994,11,0.5550000000000005,0.5549999999999999,0.09000000000000008,0.0,0.0,0.0,0.04500000000000004,0.04500000000000004,common
1376,1,0,0,-0.1671371159767323,3.68610638340541,9.6,12.6,0.3649999999999998,0.4249999999999999,11,0.5550000000000005,0.5549999999999999,0.09000000000000008,0.0,0.0,0.0,0.04500000000000004,0.04500000000000004,common
1377,1,0,1,0.072811683425826,3.758918066831236,9.6,12.6,0.3574999999999999,0.4174999999999999,11,0.5550000000000005,0.5549999999999999,0.09000000000000008,0.0,0.0,0.0,0.04500000000000004,0.04500000000000004,common
1378,1,0,1,0.07285165013846519,3.8317697169697014,9.6,12.6,0.34999999999999987,0.41,11,0.5550000000000005,0.5549999999999999,0.09000000000000008,0.0,0.0,0.0,0.04500000000000004,0.04500000000000004,common
1379,1,0,1,0.07285288683062871,3.90462260380033,9.6,12.6,0.34249999999999986,0.4024999999999999,11,0.5550000000000005,0.5549999999999999,0.09000000000000008,0.0,0.0,0.0,0.04500000000000004,0.04500000000000004,common
1380,1,0,1,0.07285210837284667,3.977474712173177,9.6,12.6,0.3349999999999999,0.39499999999999996,11,0.5550000000000005,0.5549999999999999,0.09000000000000008,0.0,0.0,0.0,0.04500000000000004,0.04500000000000004,common
1381,1,0,1,0.07285308142099364,4.0,9.6,12.6,0.32749999999999985,0.3874999999999999,11,0.5550000000000005,0.5549999999999999,0.09000000000000008,0.0,0.0,0.0,0.04500000000000004,0.04500000000000004,common
1382,1,1,1,0.007833571885247814,4.0,9.6,12.6,0.4924999999999999,0.3799999999999999,11,0.5550000000000005,0.5549999999999999,0.09000000000000008,0.4649999999999994,0.0,5.551115123125783e-17,0.04500000000000004,0.04500000000000004,common
1383,1,0,1,0.0728091701553545,4.0,9.6,12.6,0.48499999999999993,0.3724999999999999,11,0.5550000000000005,0.5549999999999999,0.09000000000000008,0.0,0.0,0.0,0.04500000000000004,0.04500000000000004,common
1384,1,0,1,0.07276575112212702,4.0,9.6,12.6,0.4775,0.3649999999999998,11,0.5550000000000005,0.5549999999999999,0.09000000000000008,0.0,0.0,0.0,0.04500000000000004,0.04500000000000004,common
1385,1,0,1,0.07282361214877511,4.0,9.6,12.6,0.4699999999999999,0.3574999999999999,11,0.5550000000000005,0.5549999999999999,0.09000000000000008,0.0,0.0,0.0,0.04500000000000004,0.04500000000000004,common
1386,1,0,1,0.07277124299122106,4.0,9.6,12.6,0.4624999999999999,0.34999999999999987,11,0.5550000000000005,0.5549999999999999,0.09000000000000008,0.0,0.0,0.0,0.04500000000000004,0.04500000000000004,common
1387,1,0,0,-0.16723070369260762,3.8327692963073923,9.6,12.6,0.4549999999999999,0.34249999999999986,11,0.5550000000000005,0.5549999999999999,0.09000000000000008,0.0,0.0,0.0,0.04500000000000004,0.04500000000000004,common
1388,1,0,0,-0.16716426119347558,3.665605035113917,9.6,12.6,0.44749999999999984,0.3349999999999999,11,0.5550000000000005,0.5549999999999999,0.09000000000000008,0.0,0.0,0.0,0.04500000000000004,0.04500000000000004,common
1389,1,0,1,0.07282515519976962,3.7384301903136867,9.6,12.6,0.4399999999999999,0.32749999999999985,11,0.5550000000000005,0.5549999999999999,0.09000000000000008,0.0,0.0,0.0,0.04500000000000004,0.04500000000000004,common
1390,1,0,1,0.07278902017633171,3.8112192104900187,9.6,12.6,0.43249999999999994,0.31999999999999984,11,0.5550000000000005,0.5549999999999999,0.09000000000000008,0.0,0.0,0.0,0.04500000000000004,0.04500000000000004,common
1391,1,0,1,0.07283999799815566,3.8840592084881744,9.6,12.6,0.4249999999999999,0.31249999999999983,11,0.5550000000000005,0.5549999999999999,0.09000000000000008,0.0,0.0,0.0,0.04500000000000004,0.04500000000000004,common
1392,1,0,1,0.0728340307108688,3.9568932391990432,9.6,12.6,0.4174999999999999,0.30499999999999977,11,0.5550000000000005,0.5549999999999999,0.09000000000000008,0.0,0.0,0.0,0.04500000000000004,0.04500000000000004,common
1393,1,0,1,0.0728287138859289,4.0,9.6,12.6,0.40999999999999986,0.2974999999999998,11,0.5550000000000005,0.5549999999999999,0.09000000000000008,0.0,0.0,0.0,0.04500000000000004,0.04500000000000004,common
1394,1,0,0,-0.16715313635344822,3.8328468636465516,9.6,12.6,0.40249999999999986,0.2899999999999998,11,0.5550000000000005,0.5549999999999999,0.09000000000000008,0.0,0.0,0.0,0.04500000000000004,0.04500000000000004,common
1395,1,0,1,0.0728436381132524,3.905690501759804,9.6,12.6,0.39499999999999985,0.2824999999999998,11,0.5550000000000005,0.5549999999999999,0.09000000000000008,0.0,0.0,0.0,0.04500000000000004,0.04500000000000004,common
1396,1,0,1,0.07280298581286106,3.9784934875726647,9.6,12.6,0.3874999999999998,0.27499999999999986,11,0.5550000000000005,0.5549999999999999,0.09000000000000008,0.0,0.0,0.0,0.04500000000000004,0.04500000000000004,common
1397,1,0,1,0.07283334973716941,4.0,9.6,12.6,0.37999999999999984,0.2674999999999998,11,0.5550000000000005,0.5549999999999999,0.09000000000000008,0.0,0.0,0.0,0.04500000000000004,0.04500000000000004,common
1398,1,0,1,0.07284517378326859,4.0,9.6,12.6,0.37249999999999983,0.2599999999999998,11,0.5550000000000005,0.5549999999999999,0.09000000000000008,0.0,0.0,0.0,0.04500000000000004,0.04500000000000004,common
1399,1,0,1,0.07280897470378923,4.0,9.6,12.6,0.3649999999999998,0.2524999999999998,11,0.5550000000000005,0.5549999999999999,0.09000000000000008,0.0,0.0,0.0,0.04500000000000004,0.04500000000000004,common
1400,1,0,1,0.07281680927058681,4.0,9.6,12.6,0.3574999999999999,0.24499999999999975,11,0.5550000000000005,0.5549999999999999,0.09000000000000008,0.0,0.0,0.0,0.04500000000000004,0.04500000000000004,common
1401,1,2,1,0.007798796087182569,4.0,9.6,12.6,0.3499999999999998,0.48749999999999977,11,0.5550000000000005,0.5549999999999999,0.09000000000000008,0.0,0.0,0.0,0.04500000000000004,0.04500000000000004,common
1402,1,0,1,0.07284828823367344,4.0,9.6,12.6,0.3424999999999998,0.4799999999999997,11,0.5550000000000005,0.5549999999999999,0.09000000000000008,0.0,0.0,0.0,0.04500000000000004,0.04500000000000004,common
1403,1,0,1,0.07284914360748003,4.0,9.6,12.6,0.3349999999999998,0.47249999999999975,11,0.5550000000000005,0.5549999999999999,0.09000000000000008,0.0,0.0,0.0,0.04500000000000004,0.04500000000000004,common
1404,1,0,1,0.07281876750505985,4.0,9.6,12.6,0.32749999999999974,0.4649999999999998,11,0.5550000000000005,0.5549999999999999,0.09000000000000008,0.0,0.0,0.0,0.04500000000000004,0.04500000000000004,common
1405,1,0,1,0.0728533461604598,4.0,9.6,12.6,0.3199999999999998,0.45749999999999974,11,0.5550000000000005,0.5549999999999999,0.09000000000000008,0.0,0.0,0.0,0.04500000000000004,0.04500000000000004,common
1406,1,0,1,0.07282685871592517,4.0,9.6,12.6,0.3124999999999998,0.44999999999999973,11,0.5550000000000005,0.5549999999999999,0.09000000000000008,0.0,0.0,0.0,0.04500000000000004,0.04500000000000004,common
1407,1,0,1,0.07284924648298297,4.0,9.6,12.6,0.30499999999999977,0.4424999999999997,11,0.5550000000000005,0.5549999999999999,0.09000000000000008,0.0,0.0,0.0,0.04500000000000004,0.04500000000000004,common
1408,1,0,1,0.07286545090455263,4.0,9.6,12.6,0.2974999999999998,0.43499999999999966,12,0.5550000000000005,0.5549999999999999,0.09000000000000008,0.0,0.0,0.0,0.04500000000000004,0.04500000000000004,common
1409,1,1,1,0.007865897771111114,4.0,9.6,12.6,0.4925,0.4274999999999997,12,0.5550000000000005,0.5549999999999999,0.09000000000000008,0.2849999999999986,0.0,0.0,0.04500000000000004,0.04500000000000004,common
1410,1,0,0,-0.16724382803640564,3.8327561719635943,9.6,12.6,0.48499999999999993,0.41999999999999976,12,0.5550000000000005,0.5549999999999999,0.09000000000000008,0.0,0.0,0.0,0.04500000000000004,0.04500000000000004,common
1411,1,0,1,0.0728147500143656,3.9055709219779597,9.6,12.6,0.4775,0.4124999999999997,12,0.5550000000000005,0.5549999999999999,0.09000000000000008,0.0,0.0,0.0,0.04500000000000004,0.04500000000000004,common
1412,1,0,1,0.07276429109044139,3.978335213068401,9.6,12.6,0.4699999999999999,0.40499999999999975,12,0.5550000000000005,0.5549999999999999,0.09000000000000008,0.0,0.0,0.0,0.04500000000000004,0.04500000000000004,common
1413,1,0,1,0.07276495191809923,4.0,9.6,12.6,0.46249999999999997,0.3974999999999997,12,0.5550000000000005,0.5549999999999999,0.09000000000000008,0.0,0.0,0.0,0.04500000000000004,0.04500000000000004,common
1414,1,0,1,0.07282255776701936,4.0,9.6,12.6,0.455,0.3899999999999997,12,0.5550000000000005,0.5549999999999999,0.09000000000000008,0.0,0.0,0.0,0.04500000000000004,0.04500000000000004,common
1415,1,0,1,0.07277640423200311,4.0,9.6,12.6,0.44749999999999995,0.3824999999999997,12,0.5550000000000005,0.5549999999999999,0.09000000000000008,0.0,0.0,0.0,0.04500000000000004,0.04500000000000004,common
1416,1,0,1,0.07277399629582539,4.0,9.6,12.6,0.43999999999999995,0.3749999999999996,12,0.5550000000000005,0.5549999999999999,0.09000000000000008,0.0,0.0,0.0,0.04500000000000004,0.04500000000000004,common
1417,1,0,1,0.0727611322070411,4.0,9.6,12.6,0.43249999999999994,0.36749999999999966,12,0.5550000000000005,0.5549999999999999,0.09000000000000008,0.0,0.0,0.0,0.04500000000000004,0.04500000000000004,common
1418,1,0,1,0.0727852883540081,4.0,9.6,12.6,0.4249999999999999,0.35999999999999965,12,0.5550000000000005,0.5549999999999999,0.09000000000000008,0.0,0.0,0.0,0.04500000000000004,0.04500000000000004,common
1419,1,0,1,0.07283373735030226,4.0,9.6,12.6,0.4174999999999999,0.35249999999999965,12,0.5550000000000005,0.5549999999999999,0.09000000000000008,0.0,0.0,0.0,0.04500000000000004,0.04500000000000004,common
1420,1,2,1,0.007796097582010904,4.0,9.6,12.6,0.41,0.4925,12,0.5550000000000005,0.5549999999999999,0.09000000000000008,0.6149999999999975,0.0,0.0,0.04500000000000004,0.04500000000000004,common
1421,1,2,1,0.007817908152216786,4.0,9.6,12.6,0.4024999999999999,0.4925,12,0.5550000000000005,0.5549999999999999,0.09000000000000008,1.4549999999999996,0.0,0.0,0.04500000000000004,0.04500000000000004,common
1422,1,0,1,0.07284523379508032,4.0,9.6,12.6,0.39499999999999996,0.48499999999999993,12,0.5550000000000005,0.5549999999999999,0.09000000000000008,0.0,0.0,0.0,0.04500000000000004,0.04500000000000004,common
1423,1,0,1,0.07283919564026829,4.0,9.6,12.6,0.3874999999999999,0.4775,12,0.5550000000000005,0.5549999999999999,0.09000000000000008,0.0,0.0,0.0,0.04500000000000004,0.04500000000000004,common
1424,1,0,1,0.07282392512620578,4.0,9.6,12.6,0.3799999999999999,0.4699999999999999,12,0.5550000000000005,0.5549999999999999,0.09000000000000008,0.0,0.0,0.0,0.04500000000000004,0.04500000000000004,common
1425,1,0,1,0.07284297043728735,4.0,9.6,12.6,0.3724999999999999,0.46249999999999997,12,0.5550000000000005,0.5549999999999999,0.09000000000000008,0.0,0.0,0.0,0.04500000000000004,0.04500000000000004,common
1426,1,0,1,0.07282444525193583,4.0,9.6,12.6,0.3649999999999998,0.455,12,0.5550000000000005,0.5549999999999999,0.09000000000000008,0.0,0.0,0.0,0.04500000000000004,0.04500000000000004,common
1427,1,0,1,0.07282172958099202,4.0,9.6,12.6,0.3574999999999999,0.44749999999999995,12,0.5550000000000005,0.5549999999999999,0.09000000000000008,0.0,0.0,0.0,0.04500000000000004,0.04500000000000004,common
1428,1,0,1,0.07281806030645732,4.0,9.6,12.6,0.34999999999999987,0.43999999999999995,12,0.5550000000000005,0.5549999999999999,0.09000000000000008,0.0,0.0,0.0,0.04500000000000004,0.04500000000000004,common
1429,1,0,1,0.07286078344047052,4.0,9.6,12.6,0.34249999999999986,0.43249999999999994,12,0.5550000000000005,0.5549999999999999,0.09000000000000008,0.0,0.0,0.0,0.04500000000000004,0.04500000000000004,common
1430,1,0,1,0.0728420752514538,4.0,9.6,12.6,0.3349999999999999,0.4249999999999999,12,0.5550000000000005,0.5549999999999999,0.09000000000000008,0.0,0.0,0.0,0.04500000000000004,0.04500000000000004,common
1431,1,0,1,0.07285657066937455,4.0,9.6,12.6,0.32749999999999985,0.4174999999999999,12,0.5550000000000005,0.5549999999999999,0.09000000000000008,0.0,0.0,0.0,0.04500000000000004,0.04500000000000004,common
1432,1,0,1,0.07285061996769583,4.0,9.6,12.6,0.31999999999999984,0.41,12,0.5550000000000005,0.5549999999999999,0.09000000000000008,0.0,0.0,0.0,0.04500000000000004,0.04500000000000004,common
1433,1,0,1,0.07283094083827812,4.0,9.6,12.6,0.31249999999999983,0.4024999999999999,12,0.5550000000000005,0.5549999999999999,0.09000000000000008,0.0,0.0,0.0,0.04500000000000004,0.04500000000000004,common
1434,1,0,0,-0.1671588096423119,3.832841190357688,9.6,12.6,0.30499999999999977,0.39499999999999996,12,0.5550000000000005,0.5549999999999999,0.09000000000000008,0.0,0.0,0.0,0.04500000000000004,0.04500000000000004,common
1435,1,0,1,0.0728631679602433,3.9057043583179314,9.6,12.6,0.2974999999999998,0.3874999999999999,12,0.5550000000000005,0.5549999999999999,0.09000000000000008,0.0,0.0,0.0,0.04500000000000004,0.04500000000000004,common
1436,1,0,1,0.07284059205295906,3.9785449503708903,9.6,12.6,0.2899999999999998,0.3799999999999999,12,0.5550000000000005,0.5549999999999999,0.09000000000000008,0.0,0.0,0.0,0.04500000000000004,0.04500000000000004,common
1437,1,0,1,0.07284107521195286,4.0,9.6,12.6,0.2824999999999998,0.3724999999999999,12,0.5550000000000005,0.5549999999999999,0.09000000000000008,0.0,0.0,0.0,0.04500000000000004,0.04500000000000004,common
1438,1,1,0,-0.2321246095863083,3.7678753904136917,9.6,12.6,0.4925,0.3649999999999998,12,0.5550000000000005,0.5549999999999999,0.09000000000000008,0.1949999999999985,0.0,0.0,0.04500000000000004,0.04500000000000004,common
1439,1,0,1,0.07281582424177449,3.8406912146554664,9.6,12.6,0.48499999999999993,0.3574999999999999,12,0.5550000000000005,0.5549999999999999,0.09000000000000008,0.0,0.0,0.0,0.04500000000000004,0.04500000000000004,common
1440,1,0,1,0.07276400301052945,3.913455217665996,9.6,12.6,0.4775,0.34999999999999987,12,0.5550000000000005,0.5549999999999999,0.09000000000000008,0.0,0.0,0.0,0.04500000000000004,0.04500000000000004,common
1441,1,0,1,0.07274646615477601,3.986201683820772,9.6,12.6,0.4699999999999999,0.34249999999999986,12,0.5550000000000005,0.5549999999999999,0.09000000000000008,0.0,0.0,0.0,0.04500000000000004,0.04500000000000004,common
1442,1,0,1,0.0727672965689198,4.0,9.6,12.6,0.46249999999999997,0.3349999999999999,12,0.5550000000000005,0.5549999999999999,0.09000000000000008,0.0,0.0,0.0,0.04500000000000004,0.04500000000000004,common
1443,1,0,1,0.07280196671638528,4.0,9.6,12.6,0.455,0.32749999999999985,12,0.5550000000000005,0.5549999999999999,0.09000000000000008,0.0,0.0,0.0,0.04500000000000004,0.04500000000000004,common
1444,1,0,1,0.07276643583974779,4.0,9.6,12.6,0.44749999999999995,0.31999999999999984,12,0.5550000000000005,0.5549999999999999,0.09000000000000008,0.0,0.0,0.0,0.04500000000000004,0.04500000000000004,common
1445,1,0,1,0.07277862136634332,4.0,9.6,12.6,0.43999999999999995,0.31249999999999983,12,0.5550000000000005,0.5549999999999999,0.09000000000000008,0.0,0.0,0.0,0.04500000000000004,0.04500000000000004,common
1446,1,0,1,0.07281473182036992,4.0,9.6,12.6,0.43249999999999994,0.30499999999999977,12,0.5550000000000005,0.5549999999999999,0.09000000000000008,0.0,0.0,0.0,0.04500000000000004,0.04500000000000004,common
1447,1,0,1,0.07282480398011279,4.0,9.6,12.6,0.4249999999999999,0.2974999999999998,12,0.5550000000000005,0.5549999999999999,0.09000000000000008,0.0,0.0,0.0,0.04500000000000004,0.04500000000000004,common
1448,1,0,1,0.07284398937483735,4.0,9.6,12.6,0.4174999999999999,0.2899999999999998,12,0.5550000000000005,0.5549999999999999,0.09000000000000008,0.0,0.0,0.0,0.04500000000000004,0.04500000000000004,common
1449,1,1,0,-0.23214601458498896,3.767853985415011,9.6,12.6,0.4924999999999999,0.2824999999999998,12,0.5550000000000005,0.5549999999999999,0.09000000000000008,1.005,0.0,5.551115123125783e-17,0.04500000000000004,0.04500000000000004,common
1450,1,0,1,0.07274915163518027,3.8406031370501914,9.6,12.6,0.48499999999999993,0.27499999999999986,12,0.5550000000000005,0.5549999999999999,0.09000000000000008,0.0,0.0,0.0,0.04500000000000004,0.04500000000000004,common
1451,1,0,1,0.07282358326970884,3.9134267203199,9.6,12.6,0.4775,0.2674999999999998,12,0.5550000000000005,0.5549999999999999,0.09000000000000008,0.0,0.0,0.0,0.04500000000000004,0.04500000000000004,common
1452,1,0,1,0.07275480766014147,3.9861815279800417,9.6,12.6,0.4699999999999999,0.2599999999999998,12,0.5550000000000005,0.5549999999999999,0.09000000000000008,0.0,0.0,0.0,0.04500000000000004,0.04500000000000004,common
1453,1,0,1,0.07280610266977551,4.0,9.6,12.6,0.4624999999999999,0.2524999999999998,12,0.5550000000000005,0.5549999999999999,0.09000000000000008,0.0,0.0,0.0,0.04500000000000004,0.04500000000000004,common
1454,1,2,1,0.007739922220531537,4.0,9.6,12.6,0.4549999999999999,0.4925,12,0.5550000000000005,0.5549999999999999,0.09000000000000008,0.014999999999998348,0.0,0.0,0.04500000000000004,0.04500000000000004,common
1455,1,0,0,-0.16718497305221292,3.832815026947787,9.6,12.6,0.44749999999999984,0.48499999999999993,12,0.5550000000000005,0.5549999999999999,0.09000000000000008,0.0,0.0,0.0,0.04500000000000004,0.04500000000000004,common
1456,1,0,1,0.07276885496001659,3.9055838819078037,9.6,12.6,0.4399999999999999,0.4775,12,0.5550000000000005,0.5549999999999999,0.09000000000000008,0.0,0.0,0.0,0.04500000000000004,0.04500000000000004,common
1457,1,0,1,0.07278613173004064,3.978370013637844,9.6,12.6,0.43249999999999994,0.4699999999999999,12,0.5550000000000005,0.5549999999999999,0.09000000000000008,0.0,0.0,0.0,0.04500000000000004,0.04500000000000004,common
1458,1,0,1,0.07282561002348541,4.0,9.6,12.6,0.4249999999999999,0.46249999999999997,12,0.5550000000000005,0.5549999999999999,0.09000000000000008,0.0,0.0,0.0,0.04500000000000004,0.04500000000000004,common
1459,1,0,1,0.0727613557302367,4.0,9.6,12.6,0.4174999999999999,0.455,12,0.5550000000000005,0.5549999999999999,0.09000000000000008,0.0,0.0,0.0,0.04500000000000004,0.04500000000000004,common
1460,1,0,1,0.07276147936874464,4.0,9.6,12.6,0.40999999999999986,0.44749999999999995,12,0.5550000000000005,0.5549999999999999,0.09000000000000008,0.0,0.0,0.0,0.04500000000000004,0.04500000000000004,common
1461,1,0,1,0.07280452097180115,4.0,9.6,12.6,0.40249999999999986,0.43999999999999995,12,0.5550000000000005,0.5549999999999999,0.09000000000000008,0.0,0.0,0.0,0.04500000000000004,0.04500000000000004,common
1462,1,0,1,0.07279922413031825,4.0,9.6,12.6,0.39499999999999985,0.43249999999999994,12,0.5550000000000005,0.5549999999999999,0.09000000000000008,0.0,0.0,0.0,0.04500000000000004,0.04500000000000004,common
1463,1,0,0,-0.16719289645801383,3.8328071035419864,9.6,12.6,0.3874999999999998,0.4249999999999999,12,0.5550000000000005,0.5549999999999999,0.09000000000000008,0.0,0.0,0.0,0.04500000000000004,0.04500000000000004,common
1464,1,0,1,0.07280506375620885,3.9056121672981954,9.6,12.6,0.37999999999999984,0.4174999999999999,12,0.5550000000000005,0.5549999999999999,0.09000000000000008,0.0,0.0,0.0,0.04500000000000004,0.04500000000000004,common
1465,1,0,1,0.07280376568263246,3.9784159329808277,9.6,12.6,0.37249999999999983,0.41,12,0.5550000000000005,0.5549999999999999,0.09000000000000008,0.0,0.0,0.0,0.04500000000000004,0.04500000000000004,common
1466,1,0,1,0.07280926812878173,4.0,9.6,12.6,0.3649999999999998,0.4024999999999999,12,0.5550000000000005,0.5549999999999999,0.09000000000000008,0.0,0.0,0.0,0.04500000000000004,0.04500000000000004,common
1467,1,0,1,0.07280080541996473,4.0,9.6,12.6,0.3574999999999999,0.39499999999999996,12,0.5550000000000005,0.5549999999999999,0.09000000000000008,0.0,0.0,0.0,0.04500000000000004,0.04500000000000004,common
1468,1,0,1,0.07281489056864407,4.0,9.6,12.6,0.3499999999999998,0.3874999999999999,12,0.5550000000000005,0.5549999999999999,0.09000000000000008,0.0,0.0,0.0,0.04500000000000004,0.04500000000000004,common
1469,1,0,1,0.07286678917550853,4.0,9.6,12.6,0.3424999999999998,0.3799999999999999,12,0.5550000000000005,0.5549999999999999,0.09000000000000008,0.0,0.0,0.0,0.04500000000000004,0.04500000000000004,common
1470,1,0,1,0.07283028211413499,4.0,9.6,12.6,0.3349999999999998,0.3724999999999999,12,0.5550000000000005,0.5549999999999999,0.09000000000000008,0.0,0.0,0.0,0.04500000000000004,0.04500000000000004,common
1471,1,0,1,0.07287635771686925,4.0,9.6,12.6,0.32749999999999974,0.3649999999999998,12,0.5550000000000005,0.5549999999999999,0.09000000000000008,0.0,0.0,0.0,0.04500000000000004,0.04500000000000004,common
1472,1,0,1,0.07282119763706701,4.0,9.6,12.6,0.3199999999999998,0.3574999999999999,12,0.5550000000000005,0.5549999999999999,0.09000000000000008,0.0,0.0,0.0,0.04500000000000004,0.04500000000000004,common
1473,1,2,1,0.00784916996317692,4.0,9.6,12.6,0.3124999999999998,0.4924999999999999,12,0.5550000000000005,0.5549999999999999,0.09000000000000008,0.6449999999999996,0.0,5.551115123125783e-17,0.04500000000000004,0.04500000000000004,common
1474,1,0,1,0.07285803769776086,4.0,9.6,12.6,0.30499999999999977,0.48499999999999993,12,0.5550000000000005,0.5549999999999999,0.09000000000000008,0.0,0.0,0.0,0.04500000000000004,0.04500000000000004,common
1475,1,0,0,-0.16716956584052,3.83283043415948,9.6,12.6,0.2974999999999998,0.4775,12,0.5550000000000005,0.5549999999999999,0.09000000000000008,0.0,0.0,0.0,0.04500000000000004,0.04500000000000004,common
1476,1,0,1,0.07286169341052857,3.9056921275700085,9.6,12.6,0.28999999999999976,0.4699999999999999,12,0.5550000000000005,0.5549999999999999,0.09000000000000008,0.0,0.0,0.0,0.04500000000000004,0.04500000000000004,common
1477,1,0,1,0.07284716361812736,3.978539291188136,9.6,12.6,0.28249999999999975,0.4624999999999999,12,0.5550000000000005,0.5549999999999999,0.09000000000000008,0.0,0.0,0.0,0.04500000000000004,0.04500000000000004,common
1478,1,0,1,0.07284158484818526,4.0,9.6,12.6,0.27499999999999974,0.4549999999999999,12,0.5550000000000005,0.5549999999999999,0.09000000000000008,0.0,0.0,0.0,0.04500000000000004,0.04500000000000004,common
1479,1,0,1,0.07284237681668991,4.0,9.6,12.6,0.2674999999999997,0.44749999999999984,12,0.5550000000000005,0.5549999999999999,0.09000000000000008,0.0,0.0,0.0,0.04500000000000004,0.04500000000000004,common
1480,1,0,1,0.07286266764502072,4.0,9.6,12.6,0.25999999999999973,0.4399999999999999,12,0.5550000000000005,0.5549999999999999,0.09000000000000008,0.0,0.0,0.0,0.04500000000000004,0.04500000000000004,common
1481,1,0,1,0.07285833310377401,4.0,9.6,12.6,0.2524999999999997,0.43249999999999994,12,0.5550000000000005,0.5549999999999999,0.09000000000000008,0.0,0.0,0.0,0.04500000000000004,0.04500000000000004,common
1482,1,0,1,0.07284742801226642,4.0,9.6,12.6,0.2449999999999997,0.4249999999999999,12,0.5550000000000005,0.5549999999999999,0.09000000000000008,0.0,0.0,0.0,0.04500000000000004,0.04500000000000004,common
1483,1,0,1,0.07287305461370067,4.0,9.6,12.6,0.23749999999999974,0.4174999999999999,12,0.5550000000000005,0.5549999999999999,0.09000000000000008,0.0,0.0,0.0,0.04500000000000004,0.04500000000000004,common
1484,1,0,1,0.07285487929770888,4.0,9.6,12.6,0.22999999999999973,0.40999999999999986,12,0.5550000000000005,0.5549999999999999,0.09000000000000008,0.0,0.0,0.0,0.04500000000000004,0.04500000000000004,common
1485,1,0,1,0.07288836807003816,4.0,9.6,12.6,0.2224999999999997,0.40249999999999986,12,0.5550000000000005,0.5549999999999999,0.09000000000000008,0.0,0.0,0.0,0.04500000000000004,0.04500000000000004,common
1486,1,1,1,0.007859970375120056,4.0,9.6,12.6,0.4649999999999997,0.39499999999999985,12,0.5550000000000005,0.5549999999999999,0.09000000000000008,0.0,0.0,0.0,0.04500000000000004,0.04500000000000004,common
1487,1,0,1,0.07283054738644879,4.0,9.6,12.6,0.45749999999999963,0.3874999999999998,12,0.5550000000000005,0.5549999999999999,0.09000000000000008,0.0,0.0,0.0,0.04500000000000004,0.04500000000000004,common
1488,1,0,0,-0.16723014683920032,3.8327698531607997,9.6,12.6,0.4499999999999997,0.37999999999999984,12,0.5550000000000005,0.5549999999999999,0.09000000000000008,0.0,0.0,0.0,0.04500000000000004,0.04500000000000004,common
1489,1,0,1,0.07278991576809786,3.9055597689288977,9.6,12.6,0.4424999999999997,0.37249999999999983,12,0.5550000000000005,0.5549999999999999,0.09000000000000008,0.0,0.0,0.0,0.04500000000000004,0.04500000000000004,common
1490,1,0,1,0.07282421335478317,3.978383982283681,9.6,12.6,0.43499999999999966,0.3649999999999998,12,0.5550000000000005,0.5549999999999999,0.09000000000000008,0.0,0.0,0.0,0.04500000000000004,0.04500000000000004,common
1491,1,0,1,0.07282835542228357,4.0,9.6,12.6,0.4274999999999997,0.3574999999999999,12,0.5550000000000005,0.5549999999999999,0.09000000000000008,0.0,0.0,0.0,0.04500000000000004,0.04500000000000004,common
1492,1,0,1,0.07282870378440981,4.0,9.6,12.6,0.41999999999999965,0.3499999999999998,12,0.5550000000000005,0.5549999999999999,0.09000000000000008,0.0,0.0,0.0,0.04500000000000004,0.04500000000000004,common
1493,1,0,1,0.0727898793242505,4.0,9.6,12.6,0.41249999999999964,0.3424999999999998,12,0.5550000000000005,0.5549999999999999,0.09000000000000008,0.0,0.0,0.0,0.04500000000000004,0.04500000000000004,common
1494,1,0,1,0.07279725731887143,4.0,9.6,12.6,0.40499999999999964,0.3349999999999998,12,0.5550000000000005,0.5549999999999999,0.09000000000000008,0.0,0.0,0.0,0.04500000000000004,0.04500000000000004,common
1495,1,0,0,-0.1671665860983504,3.8328334139016498,9.6,12.6,0.3974999999999996,0.32749999999999974,12,0.5550000000000005,0.5549999999999999,0.09000000000000008,0.0,0.0,0.0,0.04500000000000004,0.04500000000000004,common
1496,1,1,1,0.007846673510130232,3.84068008741178,9.6,12.6,0.4925,0.3199999999999998,12,0.5550000000000005,0.5549999999999999,0.09000000000000008,0.8849999999999978,0.0,0.0,0.04500000000000004,0.04500000000000004,common
1497,1,0,0,-0.16723994455134378,3.673440142860436,9.6,12.6,0.48499999999999993,0.3124999999999998,12,0.5550000000000005,0.5549999999999999,0.09000000000000008,0.0,0.0,0.0,0.04500000000000004,0.04500000000000004,common
1498,1,0,1,0.07283375343886268,3.7462738962992987,9.6,12.6,0.4775,0.30499999999999977,12,0.5550000000000005,0.5549999999999999,0.09000000000000008,0.0,0.0,0.0,0.04500000000000004,0.04500000000000004,common
1499,1,2,1,0.007746428448557684,3.7540203247478563,9.6,12.6,0.4699999999999999,0.4925,12,0.5550000000000005,0.5549999999999999,0.09000000000000008,0.3299999999999983,0.0,0.0,0.04500000000000004,0.04500000000000004,common
1500,1,0,1,0.07281784492301963,3.826838169670876,9.6,12.6,0.46249999999999997,0.48499999999999993,12,0.5550000000000005,0.5549999999999999,0.09000000000000008,0.0,0.0,0.0,0.04500000000000004,0.04500000000000004,common
1501,1,1,1,0.007766696106118295,3.834604865776994,9.6,12.6,0.4925,0.4775,12,0.5550000000000005,0.5549999999999999,0.09000000000000008,1.2749999999999995,0.0,0.0,0.04500000000000004,0.04500000000000004,common
1502,1,0,1,0.07280557221378965,3.9074104379907837,9.6,12.6,0.48499999999999993,0.4699999999999999,12,0.5550000000000005,0.5549999999999999,0.09000000000000008,0.0,0.0,0.0,0.04500000000000004,0.04500000000000004,common
1503,1,0,1,0.07275391207447861,3.9801643500652624,9.6,12.6,0.4775,0.46249999999999997,12,0.5550000000000005,0.5549999999999999,0.09000000000000008,0.0,0.0,0.0,0.04500000000000004,0.04500000000000004,common
1504,1,0,1,0.07279947681515878,4.0,9.6,12.6,0.4699999999999999,0.455,12,0.5550000000000005,0.5549999999999999,0.09000000000000008,0.0,0.0,0.0,0.04500000000000004,0.04500000000000004,common
1505,1,0,1,0.07274228307025746,4.0,9.6,12.6,0.46249999999999997,0.44749999999999995,12,0.5550000000000005,0.5549999999999999,0.09000000000000008,0.0,0.0,0.0,0.04500000000000004,0.04500000000000004,common
1506,1,0,1,0.07278405462295774,4.0,9.6,12.6,0.455,0.43999999999999995,12,0.5550000000000005,0.5549999999999999,0.09000000000000008,0.0,0.0,0.0,0.04500000000000004,0.04500000000000004,common
1507,1,0,1,0.07277927166117708,4.0,9.6,12.6,0.44749999999999995,0.43249999999999994,12,0.5550000000000005,0.5549999999999999,0.09000000000000008,0.0,0.0,0.0,0.04500000000000004,0.04500000000000004,common
1508,1,2,1,0.0077580738213524885,4.0,9.6,12.6,0.43999999999999995,0.4925,12,0.5550000000000005,0.5549999999999999,0.09000000000000008,1.0949999999999993,0.0,0.0,0.04500000000000004,0.04500000000000004,common
1509,1,0,1,0.0727732875639173,4.0,9.6,12.6,0.43249999999999994,0.48499999999999993,12,0.5550000000000005,0.5549999999999999,0.09000000000000008,0.0,0.0,0.0,0.04500000000000004,0.04500000000000004,common
1510,1,0,1,0.07281766686338968,4.0,9.6,12.6,0.4249999999999999,0.4775,12,0.5550000000000005,0.5549999999999999,0.09000000000000008,0.0,0.0,0.0,0.04500000000000004,0.04500000000000004,common
1511,1,0,1,0.07283677415562098,4.0,9.6,12.6,0.4174999999999999,0.4699999999999999,12,0.5550000000000005,0.5549999999999999,0.09000000000000008,0.0,0.0,0.0,0.04500000000000004,0.04500000000000004,common
1512,1,0,1,0.07278165491194682,4.0,9.6,12.6,0.41,0.46249999999999997,12,0.5550000000000005,0.5549999999999999,0.09000000000000008,0.0,0.0,0.0,0.04500000000000004,0.04500000000000004,common
1513,1,0,1,0.07281850309566792,4.0,9.6,12.6,0.4024999999999999,0.455,12,0.5550000000000005,0.5549999999999999,0.09000000000000008,0.0,0.0,0.0,0.04500000000000004,0.04500000000000004,common
1514,1,0,1,0.0728298488062877,4.0,9.6,12.6,0.39499999999999996,0.44749999999999995,12,0.5550000000000005,0.5549999999999999,0.09000000000000008,0.0,0.0,0.0,0.04500000000000004,0.04500000000000004,common
1515,1,0,1,0.07281643593107912,4.0,9.6,12.6,0.3874999999999999,0.43999999999999995,12,0.5550000000000005,0.5549999999999999,0.09000000000000008,0.0,0.0,0.0,0.04500000000000004,0.04500000000000004,common
1516,1,0,1,0.07283465447683246,4.0,9.6,12.6,0.3799999999999999,0.43249999999999994,12,0.5550000000000005,0.5549999999999999,0.09000000000000008,0.0,0.0,0.0,0.04500000000000004,0.04500000000000004,common
1517,1,0,0,-0.16720890808574448,3.8327910919142556,9.6,12.6,0.3724999999999999,0.4249999999999999,12,0.5550000000000005,0.5549999999999999,0.09000000000000008,0.0,0.0,0.0,0.04500000000000004,0.04500000000000004,common
1518,1,0,0,-0.1671593779120607,3.665631714002195,9.6,12.6,0.3649999999999998,0.4174999999999999,12,0.5550000000000005,0.5549999999999999,0.09000000000000008,0.0,0.0,0.0,0.04500000000000004,0.04500000000000004,common
1519,1,0,0,-0.16712125555749108,3.498510458444704,9.6,12.6,0.3574999999999999,0.41,12,0.5550000000000005,0.5549999999999999,0.09000000000000008,0.0,0.0,0.0,0.04500000000000004,0.04500000000000004,common
1520,1,0,1,0.07281964061782699,3.571330099062531,9.6,12.6,0.34999999999999987,0.4024999999999999,12,0.5550000000000005,0.5549999999999999,0.09000000000000008,0.0,0.0,0.0,0.04500000000000004,0.04500000000000004,common
1521,1,0,1,0.07279811106421115,3.6441282101267425,9.6,12.6,0.34249999999999986,0.39499999999999996,12,0.5550000000000005,0.5549999999999999,0.09000000000000008,0.0,0.0,0.0,0.04500000000000004,0.04500000000000004,common
1522,1,0,1,0.07284816602896979,3.716976376155712,9.6,12.6,0.3349999999999999,0.3874999999999999,12,0.5550000000000005,0.5549999999999999,0.09000000000000008,0.0,0.0,0.0,0.04500000000000004,0.04500000000000004,common
1523,1,0,1,0.07282751076596067,3.789803886921673,9.6,12.6,0.32749999999999985,0.3799999999999999,12,0.5550000000000005,0.5549999999999999,0.09000000000000008,0.0,0.0,0.0,0.04500000000000004,0.04500000000000004,common
1524,1,0,1,0.07282127378810156,3.862625160709775,9.6,12.6,0.31999999999999984,0.3724999999999999,12,0.5550000000000005,0.5549999999999999,0.09000000000000008,0.0,0.0,0.0,0.04500000000000004,0.04500000000000004,common
1525,1,0,1,0.07285889176155201,3.9354840524713266,9.6,12.6,0.31249999999999983,0.3649999999999998,12,0.5550000000000005,0.5549999999999999,0.09000000000000008,0.0,0.0,0.0,0.04500000000000004,0.04500000000000004,common
1526,1,0,0,-0.16716254070944633,3.7683215117618802,9.6,12.6,0.30499999999999977,0.3574999999999999,12,0.5550000000000005,0.5549999999999999,0.09000000000000008,0.0,0.0,0.0,0.04500000000000004,0.04500000000000004,common
1527,1,0,1,0.07285741118854099,3.841178922950421,9.6,12.6,0.2974999999999998,0.34999999999999987,12,0.5550000000000005,0.5549999999999999,0.09000000000000008,0.0,0.0,0.0,0.04500000000000004,0.04500000000000004,common
1528,1,0,1,0.07284597585779025,3.9140248988082114,9.6,12.6,0.2899999999999998,0.34249999999999986,12,0.5550000000000005,0.5549999999999999,0.09000000000000008,0.0,0.0,0.0,0.04500000000000004,0.04500000000000004,common
1529,1,0,1,0.07282517763438599,3.986850076442597,9.6,12.6,0.2824999999999998,0.3349999999999999,12,0.5550000000000005,0.5549999999999999,0.09000000000000008,0.0,0.0,0.0,0.04500000000000004,0.04500000000000004,common
1530,1,0,1,0.07284793735989162,4.0,9.6,12.6,0.27499999999999986,0.32749999999999985,12,0.5550000000000005,0.5549999999999999,0.09000000000000008,0.0,0.0,0.0,0.04500000000000004,0.04500000000000004,common
1531,1,0,1,0.07284978514540415,4.0,9.6,12.6,0.2674999999999998,0.31999999999999984,12,0.5550000000000005,0.5549999999999999,0.09000000000000008,0.0,0.0,0.0,0.04500000000000004,0.04500000000000004,common
1532,1,2,0,-0.2321658711999736,3.7678341288000263,9.6,12.6,0.2599999999999998,0.4925,12,0.5550000000000005,0.5549999999999999,0.09000000000000008,0.41999999999999904,0.0,0.0,0.04500000000000004,0.04500000000000004,common
1533,1,0,0,-0.16716919616069364,3.6006649326393325,9.6,12.6,0.2524999999999998,0.48499999999999993,12,0.5550000000000005,0.5549999999999999,0.09000000000000008,0.0,0.0,0.0,0.04500000000000004,0.04500000000000004,common
1534,1,0,1,0.07286440647976923,3.673529339119102,9.6,12.6,0.24499999999999975,0.4775,12,0.5550000000000005,0.5549999999999999,0.09000000000000008,0.0,0.0,0.0,0.04500000000000004,0.04500000000000004,common
1535,1,0,1,0.07284308527195993,3.746372424391062,9.6,12.6,0.2374999999999998,0.4699999999999999,12,0.5550000000000005,0.5549999999999999,0.09000000000000008,0.0,0.0,0.0,0.04500000000000004,0.04500000000000004,common
1536,1,0,1,0.0728449603602816,4.0,9.6,12.6,0.22999999999999976,0.46249999999999997,13,0.5550000000000005,0.5549999999999999,0.09000000000000008,0.0,0.0,0.0,0.04500000000000004,0.04500000000000004,common
1537,1,0,1,0.07286775620099495,4.0,9.6,12.6,0.22249999999999973,0.455,13,0.5550000000000005,0.5549999999999999,0.09000000000000008,0.0,0.0,0.0,0.04500000000000004,0.04500000000000004,common
1538,1,0,1,0.07287168517725909,4.0,9.6,12.6,0.21499999999999977,0.44749999999999995,13,0.5550000000000005,0.5549999999999999,0.09000000000000008,0.0,0.0,0.0,0.04500000000000004,0.04500000000000004,common
1539,1,0,1,0.07285551245979707,4.0,9.6,12.6,0.20749999999999977,0.43999999999999995,13,0.5550000000000005,0.5549999999999999,0.09000000000000008,0.0,0.0,0.0,0.04500000000000004,0.04500000000000004,common
1540,1,0,1,0.07287869328307547,4.0,9.6,12.6,0.19999999999999973,0.43249999999999994,13,0.5550000000000005,0.5549999999999999,0.09000000000000008,0.0,0.0,0.0,0.04500000000000004,0.04500000000000004,common
1541,1,2,1,0.007861960475992177,4.0,9.6,12.6,0.1924999999999997,0.4925,13,0.5550000000000005,0.5549999999999999,0.09000000000000008,1.0949999999999993,0.0,0.0,0.04500000000000004,0.04500000000000004,common
1542,1,1,0,-0.23211969739943306,3.7678803026005667,9.6,12.6,0.43499999999999966,0.48499999999999993,13,0.5550000000000005,0.5549999999999999,0.09000000000000008,0.0,0.0,0.0,0.04500000000000004,0.04500000000000004,common
1543,1,2,1,0.0077590734494762895,3.775639376050043,9.6,12.6,0.4274999999999997,0.4925,13,0.5550000000000005,0.5549999999999999,0.09000000000000008,1.4099999999999997,0.0,0.0,0.04500000000000004,0.04500000000000004,common
1544,1,2,1,0.00781137552807508,3.783450751578118,9.6,12.6,0.41999999999999976,0.4925,13,0.5550000000000005,0.5549999999999999,0.09000000000000008,1.4549999999999996,0.0,0.0,0.04500000000000004,0.04500000000000004,common
1545,1,0,1,0.07277274595250732,3.8562234975306255,9.6,12.6,0.4124999999999997,0.48499999999999993,13,0.5550000000000005,0.5549999999999999,0.09000000000000008,0.0,0.0,0.0,0.04500000000000004,0.04500000000000004,common
1546,1,0,1,0.07283092639368163,3.929054423924307,9.6,12.6,0.40499999999999975,0.4775,13,0.5550000000000005,0.5549999999999999,0.09000000000000008,0.0,0.0,0.0,0.04500000000000004,0.04500000000000004,common
1547,1,0,1,0.07279241303433236,4.0,9.6,12.6,0.3974999999999997,0.4699999999999999,13,0.5550000000000005,0.5549999999999999,0.09000000000000008,0.0,0.0,0.0,0.04500000000000004,0.04500000000000004,common
1548,1,0,0,-0.16722095079794502,3.832779049202055,9.6,12.6,0.3899999999999997,0.46249999999999997,13,0.5550000000000005,0.5549999999999999,0.09000000000000008,0.0,0.0,0.0,0.04500000000000004,0.04500000000000004,common
1549,1,0,1,0.07284419989872529,3.9056232491007803,9.6,12.6,0.3824999999999997,0.455,13,0.5550000000000005,0.5549999999999999,0.09000000000000008,0.0,0.0,0.0,0.04500000000000004,0.04500000000000004,common
1550,1,0,1,0.07280866473156557,3.978431913832346,9.6,12.6,0.3749999999999996,0.44749999999999995,13,0.5550000000000005,0.5549999999999999,0.09000000000000008,0.0,0.0,0.0,0.04500000000000004,0.04500000000000004,common
1551,1,0,1,0.07280000114748454,4.0,9.6,12.6,0.36749999999999966,0.43999999999999995,13,0.5550000000000005,0.5549999999999999,0.09000000000000008,0.0,0.0,0.0,0.04500000000000004,0.04500000000000004,common
1552,1,1,1,0.007818272043557067,4.0,9.6,12.6,0.4924999999999999,0.43249999999999994,13,0.5550000000000005,0.5549999999999999,0.09000000000000008,0.7049999999999983,0.0,5.551115123125783e-17,0.04500000000000004,0.04500000000000004,common
1553,1,0,1,0.07279286065316219,4.0,9.6,12.6,0.48499999999999993,0.4249999999999999,13,0.5550000000000005,0.5549999999999999,0.09000000000000008,0.0,0.0,0.0,0.04500000000000004,0.04500000000000004,common
1554,1,0,1,0.07274747681859609,4.0,9.6,12.6,0.4775,0.4174999999999999,13,0.5550000000000005,0.5549999999999999,0.09000000000000008,0.0,0.0,0.0,0.04500000000000004,0.04500000000000004,common
1555,1,0,1,0.07283608396830853,4.0,9.6,12.6,0.4699999999999999,0.41,13,0.5550000000000005,0.5549999999999999,0.09000000000000008,0.0,0.0,0.0,0.04500000000000004,0.04500000000000004,common
1556,1,0,1,0.07279182990153656,4.0,9.6,12.6,0.4624999999999999,0.4024999999999999,13,0.5550000000000005,0.5549999999999999,0.09000000000000008,0.0,0.0,0.0,0.04500000000000004,0.04500000000000004,common
1557,1,0,1,0.07283033804430288,4.0,9.6,12.6,0.4549999999999999,0.39499999999999996,13,0.5550000000000005,0.5549999999999999,0.09000000000000008,0.0,0.0,0.0,0.04500000000000004,0.04500000000000004,common
1558,1,0,1,0.07281057376212288,4.0,9.6,12.6,0.44749999999999984,0.3874999999999999,13,0.5550000000000005,0.5549999999999999,0.09000000000000008,0.0,0.0,0.0,0.04500000000000004,0.04500000000000004,common
1559,1,0,1,0.07277172273096146,4.0,9.6,12.6,0.4399999999999999,0.3799999999999999,13,0.5550000000000005,0.5549999999999999,0.09000000000000008,0.0,0.0,0.0,0.04500000000000004,0.04500000000000004,common
1560,1,0,1,0.07277890628991379,4.0,9.6,12.6,0.43249999999999994,0.3724999999999999,13,0.5550000000000005,0.5549999999999999,0.09000000000000008,0.0,0.0,0.0,0.04500000000000004,0.04500000000000004,common
1561,1,2,1,0.00785144924123906,4.0,9.6,12.6,0.4249999999999999,0.4925,13,0.5550000000000005,0.5549999999999999,0.09000000000000008,0.734999999999999,0.0,0.0,0.04500000000000004,0.04500000000000004,common
1562,1,0,1,0.07278437344367314,4.0,9.6,12.6,0.4174999999999999,0.48499999999999993,13,0.5550000000000005,0.5549999999999999,0.09000000000000008,0.0,0.0,0.0,0.04500000000000004,0.04500000000000004,common
1563,1,0,0,-0.167180453512468,3.832819546487532,9.6,12.6,0.40999999999999986,0.4775,13,0.5550000000000005,0.5549999999999999,0.09000000000000008,0.0,0.0,0.0,0.04500000000000004,0.04500000000000004,common
1564,1,0,1,0.07282954968875475,3.9056490961762864,9.6,12.6,0.40249999999999986,0.4699999999999999,13,0.5550000000000005,0.5549999999999999,0.09000000000000008,0.0,0.0,0.0,0.04500000000000004,0.04500000000000004,common
1565,1,0,1,0.07284777871751826,3.9784968748938048,9.6,12.6,0.39499999999999985,0.46249999999999997,13,0.5550000000000005,0.5549999999999999,0.09000000000000008,0.0,0.0,0.0,0.04500000000000004,0.04500000000000004,common
1566,1,0,1,0.07280103360243292,4.0,9.6,12.6,0.3874999999999998,0.455,13,0.5550000000000005,0.5549999999999999,0.09000000000000008,0.0,0.0,0.0,0.04500000000000004,0.04500000000000004,common
1567,1,1,1,0.007847184015348395,4.0,9.6,12.6,0.4925,0.44749999999999995,13,0.5550000000000005,0.5549999999999999,0.09000000000000008,0.8249999999999991,0.0,0.0,0.04500000000000004,0.04500000000000004,common
1568,1,0,1,0.07275079190065757,4.0,9.6,12.6,0.48499999999999993,0.43999999999999995,13,0.5550000000000005,0.5549999999999999,0.09000000000000008,0.0,0.0,0.0,0.04500000000000004,0.04500000000000004,common
1569,1,1,1,0.0078073049872724905,4.0,9.6,12.6,0.4925,0.43249999999999994,13,0.5550000000000005,0.5549999999999999,0.09000000000000008,1.41,0.0,0.0,0.04500000000000004,0.04500000000000004,common
1570,1,0,0,-0.16722009931394727,3.832779900686053,9.6,12.6,0.48499999999999993,0.4249999999999999,13,0.5550000000000005,0.5549999999999999,0.09000000000000008,0.0,0.0,0.0,0.04500000000000004,0.04500000000000004,common
1571,1,0,1,0.07277445061860915,3.9055543513046618,9.6,12.6,0.4775,0.4174999999999999,13,0.5550000000000005,0.5549999999999999,0.09000000000000008,0.0,0.0,0.0,0.04500000000000004,0.04500000000000004,common
1572,1,0,1,0.07282941081921812,3.97838376212388,9.6,12.6,0.4699999999999999,0.41,13,0.5550000000000005,0.5549999999999999,0.09000000000000008,0.0,0.0,0.0,0.04500000000000004,0.04500000000000004,common
1573,1,2,0,-0.23219115254124834,3.7461926095826317,9.6,12.6,0.46249999999999997,0.4925,13,0.5550000000000005,0.5549999999999999,0.09000000000000008,0.9599999999999995,0.0,0.0,0.04500000000000004,0.04500000000000004,common
1574,1,0,0,-0.16724056501469714,3.5789520445679344,9.6,12.6,0.455,0.48499999999999993,13,0.5550000000000005,0.5549999999999999,0.09000000000000008,0.0,0.0,0.0,0.04500000000000004,0.04500000000000004,common
1575,1,0,1,0.07283656081081862,3.651788605378753,9.6,12.6,0.44749999999999995,0.4775,13,0.5550000000000005,0.5549999999999999,0.09000000000000008,0.0,0.0,0.0,0.04500000000000004,0.04500000000000004,common
1576,1,0,1,0.07281755868243889,3.724606164061192,9.6,12.6,0.43999999999999995,0.4699999999999999,13,0.5550000000000005,0.5549999999999999,0.09000000000000008,0.0,0.0,0.0,0.04500000000000004,0.04500000000000004,common
1577,1,0,1,0.07282356642313166,3.7974297304843234,9.6,12.6,0.43249999999999994,0.46249999999999997,13,0.5550000000000005,0.5549999999999999,0.09000000000000008,0.0,0.0,0.0,0.04500000000000004,0.04500000000000004,common
1578,1,1,0,-0.23217326730984067,3.5652564631744825,9.6,12.6,0.4925,0.455,13,0.5550000000000005,0.5549999999999999,0.09000000000000008,1.0949999999999993,0.0,0.0,0.04500000000000004,0.04500000000000004,common
1579,1,0,1,0.07279346834348892,3.6380499315179713,9.6,12.6,0.48499999999999993,0.44749999999999995,13,0.5550000000000005,0.5549999999999999,0.09000000000000008,0.0,0.0,0.0,0.04500000000000004,0.04500000000000004,common
1580,1,0,1,0.07274873481705012,3.7107986663350214,9.6,12.6,0.4775,0.43999999999999995,13,0.5550000000000005,0.5549999999999999,0.09000000000000008,0.0,0.0,0.0,0.04500000000000004,0.04500000000000004,common
1581,1,1,1,0.007804456387563885,3.7186031227225853,9.6,12.6,0.4924999999999999,0.43249999999999994,13,0.5550000000000005,0.5549999999999999,0.09000000000000008,1.3650000000000002,0.0,5.551115123125783e-17,0.04500000000000004,0.04500000000000004,common
1582,1,0,0,-0.16724687103512254,3.5513562516874626,9.6,12.6,0.48499999999999993,0.4249999999999999,13,0.5550000000000005,0.5549999999999999,0.09000000000000008,0.0,0.0,0.0,0.04500000000000004,0.04500000000000004,common
1583,1,0,1,0.07275460482431663,3.624110856511779,9.6,12.6,0.4775,0.4174999999999999,13,0.5550000000000005,0.5549999999999999,0.09000000000000008,0.0,0.0,0.0,0.04500000000000004,0.04500000000000004,common
1584,1,0,1,0.07281349729560414,3.6969243538073835,9.6,12.6,0.4699999999999999,0.41,13,0.5550000000000005,0.5549999999999999,0.09000000000000008,0.0,0.0,0.0,0.04500000000000004,0.04500000000000004,common
1585,1,0,1,0.07279749802949158,3.769721851836875,9.6,12.6,0.4624999999999999,0.4024999999999999,13,0.5550000000000005,0.5549999999999999,0.09000000000000008,0.0,0.0,0.0,0.04500000000000004,0.04500000000000004,common
1586,1,0,1,0.07275414965239785,3.8424760014892727,9.6,12.6,0.4549999999999999,0.39499999999999996,13,0.5550000000000005,0.5549999999999999,0.09000000000000008,0.0,0.0,0.0,0.04500000000000004,0.04500000000000004,common
1587,1,0,0,-0.16719230839470364,3.675283693094569,9.6,12.6,0.44749999999999984,0.3874999999999999,13,0.5550000000000005,0.5549999999999999,0.09000000000000008,0.0,0.0,0.0,0.04500000000000004,0.04500000000000004,common
1588,1,0,1,0.07283740400963185,3.748121097104201,9.6,12.6,0.4399999999999999,0.3799999999999999,13,0.5550000000000005,0.5549999999999999,0.09000000000000008,0.0,0.0,0.0,0.04500000000000004,0.04500000000000004,common
1589,1,0,0,-0.1672322099680256,3.5808888871361755,9.6,12.6,0.43249999999999994,0.3724999999999999,13,0.5550000000000005,0.5549999999999999,0.09000000000000008,0.0,0.0,0.0,0.04500000000000004,0.04500000000000004,common
1590,1,0,1,0.07282830295360304,3.6537171900897785,9.6,12.6,0.4249999999999999,0.3649999999999998,13,0.5550000000000005,0.5549999999999999,0.09000000000000008,0.0,0.0,0.0,0.04500000000000004,0.04500000000000004,common
1591,1,0,1,0.07277082279552977,3.726488012885308,9.6,12.6,0.4174999999999999,0.3574999999999999,13,0.5550000000000005,0.5549999999999999,0.09000000000000008,0.0,0.0,0.0,0.04500000000000004,0.04500000000000004,common
1592,1,0,1,0.07285819600128642,3.7993462088865946,9.6,12.6,0.40999999999999986,0.34999999999999987,13,0.5550000000000005,0.5549999999999999,0.09000000000000008,0.0,0.0,0.0,0.04500000000000004,0.04500000000000004,common
1593,1,0,0,-0.16720852365918482,3.6321376852274097,9.6,12.6,0.40249999999999986,0.34249999999999986,13,0.5550000000000005,0.5549999999999999,0.09000000000000008,0.0,0.0,0.0,0.04500000000000004,0.04500000000000004,common
1594,1,0,1,0.07283895750684567,3.7049766427342554,9.6,12.6,0.39499999999999985,0.3349999999999999,13,0.5550000000000005,0.5549999999999999,0.09000000000000008,0.0,0.0,0.0,0.04500000000000004,0.04500000000000004,common
1595,1,0,0,-0.16715576474795704,3.5378208779862983,9.6,12.6,0.3874999999999998,0.32749999999999985,13,0.5550000000000005,0.5549999999999999,0.09000000000000008,0.0,0.0,0.0,0.04500000000000004,0.04500000000000004,common
1596,1,0,1,0.07284552103373745,3.610666399020036,9.6,12.6,0.37999999999999984,0.31999999999999984,13,0.5550000000000005,0.5549999999999999,0.09000000000000008,0.0,0.0,0.0,0.04500000000000004,0.04500000000000004,common
1597,1,0,0,-0.16719698018435425,3.4434694188356816,9.6,12.6,0.37249999999999983,0.31249999999999983,13,0.5550000000000005,0.5549999999999999,0.09000000000000008,0.0,0.0,0.0,0.04500000000000004,0.04500000000000004,common
1598,1,0,1,0.07280019700469968,3.5162696158403812,9.6,12.6,0.3649999999999998,0.30499999999999977,13,0.5550000000000005,0.5549999999999999,0.09000000000000008,0.0,0.0,0.0,0.04500000000000004,0.04500000000000004,common
1599,1,0,1,0.07286276652181846,3.5891323823622,9.6,12.6,0.3574999999999999,0.2974999999999998,13,0.5550000000000005,0.5549999999999999,0.09000000000000008,0.0,0.0,0.0,0.04500000000000004,0.04500000000000004,common
1600,1,1,1,0.007827678930100269,3.5969600612923003,9.6,12.6,0.4925,0.2899999999999998,13,0.5550000000000005,0.5549999999999999,0.09000000000000008,0.6449999999999989,0.0,0.0,0.04500000000000004,0.04500000000000004,common
1601,1,0,1,0.07279914491760801,3.6697592062099083,9.6,12.6,0.48499999999999993,0.2824999999999998,13,0.5550000000000005,0.5549999999999999,0.09000000000000008,0.0,0.0,0.0,0.04500000000000004,0.04500000000000004,common
1602,1,0,1,0.07280651818763326,3.7425657243975414,9.6,12.6,0.4775,0.27499999999999986,13,0.5550000000000005,0.5549999999999999,0.09000000000000008,0.0,0.0,0.0,0.04500000000000004,0.04500000000000004,common
1603,1,0,1,0.07283156583144947,3.815397290228991,9.6,12.6,0.4699999999999999,0.2674999999999998,13,0.5550000000000005,0.5549999999999999,0.09000000000000008,0.0,0.0,0.0,0.04500000000000004,0.04500000000000004,common
1604,1,0,0,-0.16727211719597979,3.6481251730330113,9.6,12.6,0.46249999999999997,0.2599999999999998,13,0.5550000000000005,0.5549999999999999,0.09000000000000008,0.0,0.0,0.0,0.04500000000000004,0.04500000000000004,common
1605,1,0,1,0.0727569132444559,3.7208820862774674,9.6,12.6,0.455,0.2524999999999998,13,0.5550000000000005,0.5549999999999999,0.09000000000000008,0.0,0.0,0.0,0.04500000000000004,0.04500000000000004,common
1606,1,0,1,0.07281413612730542,3.793696222404773,9.6,12.6,0.44749999999999995,0.24499999999999975,13,0.5550000000000005,0.5549999999999999,0.09000000000000008,0.0,0.0,0.0,0.04500000000000004,0.04500000000000004,common
1607,1,0,1,0.07274483426027978,3.8664410566650527,9.6,12.6,0.43999999999999995,0.2374999999999998,13,0.5550000000000005,0.5549999999999999,0.09000000000000008,0.0,0.0,0.0,0.04500000000000004,0.04500000000000004,common
1608,1,2,1,0.007760351665842239,3.874201408330895,9.6,12.6,0.43249999999999994,0.4799999999999997,13,0.5550000000000005,0.5549999999999999,0.09000000000000008,0.0,0.0,0.0,0.04500000000000004,0.04500000000000004,common
1609,1,0,0,-0.16717152695286785,3.7070298813780274,9.6,12.6,0.4249999999999999,0.47249999999999975,13,0.5550000000000005,0.5549999999999999,0.09000000000000008,0.0,0.0,0.0,0.04500000000000004,0.04500000000000004,common
1610,1,0,1,0.07277478211241298,3.7798046634904403,9.6,12.6,0.4174999999999999,0.4649999999999998,13,0.5550000000000005,0.5549999999999999,0.09000000000000008,0.0,0.0,0.0,0.04500000000000004,0.04500000000000004,common
1611,1,0,0,-0.1672128975873936,3.612591765903047,9.6,12.6,0.41,0.45749999999999974,13,0.5550000000000005,0.5549999999999999,0.09000000000000008,0.0,0.0,0.0,0.04500000000000004,0.04500000000000004,common
1612,1,0,1,0.07279110565991542,3.6853828715629624,9.6,12.6,0.4024999999999999,0.44999999999999973,13,0.5550000000000005,0.5549999999999999,0.09000000000000008,0.0,0.0,0.0,0.04500000000000004,0.04500000000000004,common
1613,1,2,0,-0.23216501218338353,3.453217859379579,9.6,12.6,0.39499999999999996,0.4925,13,0.5550000000000005,0.5549999999999999,0.09000000000000008,1.1999999999999984,0.0,0.0,0.04500000000000004,0.04500000000000004,common
1614,1,0,0,-0.16718621414492352,3.2860316452346554,9.6,12.6,0.3874999999999999,0.48499999999999993,13,0.5550000000000005,0.5549999999999999,0.09000000000000008,0.0,0.0,0.0,0.04500000000000004,0.04500000000000004,common
1615,1,0,1,0.07285136377782382,3.3588830090124793,9.6,12.6,0.3799999999999999,0.4775,13,0.5550000000000005,0.5549999999999999,0.09000000000000008,0.0,0.0,0.0,0.04500000000000004,0.04500000000000004,common
1616,1,1,1,0.00778998976855485,3.366672998781034,9.6,12.6,0.4925,0.4699999999999999,13,0.5550000000000005,0.5549999999999999,0.09000000000000008,0.7799999999999994,0.0,0.0,0.04500000000000004,0.04500000000000004,common
1617,1,0,1,0.07281094217115541,3.4394839409521896,9.6,12.6,0.48499999999999993,0.46249999999999997,13,0.5550000000000005,0.5549999999999999,0.09000000000000008,0.0,0.0,0.0,0.04500000000000004,0.04500000000000004,common
1618,1,0,0,-0.16720426216255013,3.2722796787896393,9.6,12.6,0.4775,0.455,13,0.5550000000000005,0.5549999999999999,0.09000000000000008,0.0,0.0,0.0,0.04500000000000004,0.04500000000000004,common
1619,1,0,1,0.07276980826262804,3.3450494870522673,9.6,12.6,0.4699999999999999,0.44749999999999995,13,0.5550000000000005,0.5549999999999999,0.09000000000000008,0.0,0.0,0.0,0.04500000000000004,0.04500000000000004,common
1620,1,0,1,0.07277907807089128,3.4178285651231586,9.6,12.6,0.46249999999999997,0.43999999999999995,13,0.5550000000000005,0.5549999999999999,0.09000000000000008,0.0,0.0,0.0,0.04500000000000004,0.04500000000000004,common
1621,1,0,1,0.07276187598886641,3.490590441112025,9.6,12.6,0.455,0.43249999999999994,13,0.5550000000000005,0.5549999999999999,0.09000000000000008,0.0,0.0,0.0,0.04500000000000004,0.04500000000000004,common
1622,1,0,1,0.07278339000178562,3.563373831113811,9.6,12.6,0.44749999999999995,0.4249999999999999,13,0.5550000000000005,0.5549999999999999,0.09000000000000008,0.0,0.0,0.0,0.04500000000000004,0.04500000000000004,common
1623,1,0,0,-0.16718781210495995,3.396186019008851,9.6,12.6,0.43999999999999995,0.4174999999999999,13,0.5550000000000005,0.5549999999999999,0.09000000000000008,0.0,0.0,0.0,0.04500000000000004,0.04500000000000004,common
1624,1,0,0,-0.1671866798440625,3.2289993391647887,9.6,12.6,0.43249999999999994,0.41,13,0.5550000000000005,0.5549999999999999,0.09000000000000008,0.0,0.0,0.0,0.04500000000000004,0.04500000000000004,common
1625,1,0,1,0.07278868049512896,3.3017880196599174,9.6,12.6,0.4249999999999999,0.4024999999999999,13,0.5550000000000005,0.5549999999999999,0.09000000000000008,0.0,0.0,0.0,0.04500000000000004,0.04500000000000004,common
1626,1,0,1,0.07281273408596838,3.3746007537458858,9.6,12.6,0.4174999999999999,0.39499999999999996,13,0.5550000000000005,0.5549999999999999,0.09000000000000008,0.0,0.0,0.0,0.04500000000000004,0.04500000000000004,common
1627,1,0,1,0.0728478379458326,3.4474485916917184,9.6,12.6,0.41,0.3874999999999999,13,0.5550000000000005,0.5549999999999999,0.09000000000000008,0.0,0.0,0.0,0.04500000000000004,0.04500000000000004,common
1628,1,1,1,0.007842940756437293,3.4552915324481557,9.6,12.6,0.4925,0.3799999999999999,13,0.5550000000000005,0.5549999999999999,0.09000000000000008,0.9599999999999995,0.0,0.0,0.04500000000000004,0.04500000000000004,common
1629,1,0,1,0.07275060094749525,3.528042133395651,9.6,12.6,0.48499999999999993,0.3724999999999999,13,0.5550000000000005,0.5549999999999999,0.09000000000000008,0.0,0.0,0.0,0.04500000000000004,0.04500000000000004,common
1630,1,0,0,-0.1672471482802372,3.360794985115414,9.6,12.6,0.4775,0.3649999999999998,13,0.5550000000000005,0.5549999999999999,0.09000000000000008,0.0,0.0,0.0,0.04500000000000004,0.04500000000000004,common
1631,1,1,1,0.007751999271725596,3.3685469843871396,9.6,12.6,0.4924999999999999,0.3574999999999999,13,0.5550000000000005,0.5549999999999999,0.09000000000000008,1.3650000000000002,0.0,5.551115123125783e-17,0.04500000000000004,0.04500000000000004,common
1632,1,1,1,0.007747435395184964,3.3762944197823246,9.6,12.6,0.4925,0.34999999999999987,13,0.5550000000000005,0.5549999999999999,0.09000000000000008,1.4549999999999996,0.0,0.0,0.04500000000000004,0.04500000000000004,common
1633,1,0,1,0.07275029325606688,3.4490447130383917,9.6,12.6,0.48499999999999993,0.34249999999999986,13,0.5550000000000005,0.5549999999999999,0.09000000000000008,0.0,0.0,0.0,0.04500000000000004,0.04500000000000004,common
1634,1,0,1,0.0727365395584971,3.5217812525968886,9.6,12.6,0.4775,0.3349999999999999,13,0.5550000000000005,0.5549999999999999,0.09000000000000008,0.0,0.0,0.0,0.04500000000000004,0.04500000000000004,common
1635,1,0,1,0.07282163490427424,3.594602887501163,9.6,12.6,0.4699999999999999,0.32749999999999985,13,0.5550000000000005,0.5549999999999999,0.09000000000000008,0.0,0.0,0.0,0.04500000000000004,0.04500000000000004,common
1636,1,0,1,0.07281678705605471,3.6674196745572174,9.6,12.6,0.46249999999999997,0.31999999999999984,13,0.5550000000000005,0.5549999999999999,0.09000000000000008,0.0,0.0,0.0,0.04500000000000004,0.04500000000000004,common
1637,1,0,1,0.07274393699118961,3.740163611548407,9.6,12.6,0.455,0.31249999999999983,13,0.5550000000000005,0.5549999999999999,0.09000000000000008,0.0,0.0,0.0,0.04500000000000004,0.04500000000000004,common
1638,1,0,1,0.07275678572549946,3.8129203972739063,9.6,12.6,0.44749999999999995,0.30499999999999977,13,0.5550000000000005,0.5549999999999999,0.09000000000000008,0.0,0.0,0.0,0.04500000000000004,0.04500000000000004,common
1639,1,0,1,0.07282198376344429,3.8857423810373506,9.6,12.6,0.43999999999999995,0.2974999999999998,13,0.5550000000000005,0.5549999999999999,0.09000000000000008,0.0,0.0,0.0,0.04500000000000004,0.04500000000000004,common
1640,1,0,1,0.07282083959240229,3.958563220629753,9.6,12.6,0.43249999999999994,0.2899999999999998,13,0.5550000000000005,0.5549999999999999,0.09000000000000008,0.0,0.0,0.0,0.04500000000000004,0.04500000000000004,common
1641,1,0,1,0.07282897731075305,4.0,9.6,12.6,0.4249999999999999,0.2824999999999998,13,0.5550000000000005,0.5549999999999999,0.09000000000000008,0.0,0.0,0.0,0.04500000000000004,0.04500000000000004,common
1642,1,1,1,0.007833204827495515,4.0,9.6,12.6,0.4925,0.27499999999999986,13,0.5550000000000005,0.5549999999999999,0.09000000000000008,1.0499999999999996,0.0,0.0,0.04500000000000004,0.04500000000000004,common
1643,1,0,1,0.0728054036142707,4.0,9.6,12.6,0.48499999999999993,0.2674999999999998,13,0.5550000000000005,0.5549999999999999,0.09000000000000008,0.0,0.0,0.0,0.04500000000000004,0.04500000000000004,common
1644,1,0,1,0.07281773562189686,4.0,9.6,12.6,0.4775,0.2599999999999998,13,0.5550000000000005,0.5549999999999999,0.09000000000000008,0.0,0.0,0.0,0.04500000000000004,0.04500000000000004,common
1645,1,1,0,-0.23224864011936155,3.7677513598806383,9.6,12.6,0.4924999999999999,0.2524999999999998,13,0.5550000000000005,0.5549999999999999,0.09000000000000008,1.3650000000000002,0.0,5.551115123125783e-17,0.04500000000000004,0.04500000000000004,common
1646,1,0,1,0.07281444236136944,3.8405658022420077,9.6,12.6,0.48499999999999993,0.24499999999999975,13,0.5550000000000005,0.5549999999999999,0.09000000000000008,0.0,0.0,0.0,0.04500000000000004,0.04500000000000004,common
1647,1,0,1,0.07274753415227773,3.9133133363942854,9.6,12.6,0.4775,0.2374999999999998,13,0.5550000000000005,0.5549999999999999,0.09000000000000008,0.0,0.0,0.0,0.04500000000000004,0.04500000000000004,common
1648,1,1,0,-0.23217386690748593,3.6811394694867996,9.6,12.6,0.4925,0.22999999999999976,13,0.5550000000000005,0.5549999999999999,0.09000000000000008,1.3649999999999995,0.0,0.0,0.04500000000000004,0.04500000000000004,common
1649,1,2,1,0.007749082364841658,3.688888551851641,9.6,12.6,0.48499999999999993,0.47249999999999975,13,0.5550000000000005,0.5549999999999999,0.09000000000000008,0.0,0.0,0.0,0.04500000000000004,0.04500000000000004,common
1650,1,0,1,0.07274346013575249,3.761632011987394,9.6,12.6,0.4775,0.4649999999999998,13,0.5550000000000005,0.5549999999999999,0.09000000000000008,0.0,0.0,0.0,0.04500000000000004,0.04500000000000004,common
1651,1,1,1,0.007802499778346943,3.769434511765741,9.6,12.6,0.4924999999999999,0.45749999999999974,13,0.5550000000000005,0.5549999999999999,0.09000000000000008,1.3650000000000002,0.0,5.551115123125783e-17,0.04500000000000004,0.04500000000000004,common
1652,1,0,1,0.07273723707537091,3.842171748841112,9.6,12.6,0.48499999999999993,0.44999999999999973,13,0.5550000000000005,0.5549999999999999,0.09000000000000008,0.0,0.0,0.0,0.04500000000000004,0.04500000000000004,common
1653,1,0,1,0.0728005285391641,3.9149722773802758,9.6,12.6,0.4775,0.4424999999999997,13,0.5550000000000005,0.5549999999999999,0.09000000000000008,0.0,0.0,0.0,0.04500000000000004,0.04500000000000004,common
1654,1,0,1,0.07274287394436613,3.987715151324642,9.6,12.6,0.4699999999999999,0.43499999999999966,13,0.5550000000000005,0.5549999999999999,0.09000000000000008,0.0,0.0,0.0,0.04500000000000004,0.04500000000000004,common
1655,1,0,1,0.07279429202943559,4.0,9.6,12.6,0.4624999999999999,0.4274999999999997,13,0.5550000000000005,0.5549999999999999,0.09000000000000008,0.0,0.0,0.0,0.04500000000000004,0.04500000000000004,common
1656,1,0,1,0.07277796137181822,4.0,9.6,12.6,0.4549999999999999,0.41999999999999976,13,0.5550000000000005,0.5549999999999999,0.09000000000000008,0.0,0.0,0.0,0.04500000000000004,0.04500000000000004,common
1657,1,0,1,0.07275062281872642,4.0,9.6,12.6,0.44749999999999984,0.4124999999999997,13,0.5550000000000005,0.5549999999999999,0.09000000000000008,0.0,0.0,0.0,0.04500000000000004,0.04500000000000004,common
1658,1,0,1,0.07275427816178935,4.0,9.6,12.6,0.4399999999999999,0.40499999999999975,13,0.5550000000000005,0.5549999999999999,0.09000000000000008,0.0,0.0,0.0,0.04500000000000004,0.04500000000000004,common
1659,1,1,1,0.00781725254361345,4.0,9.6,12.6,0.4924999999999999,0.3974999999999997,13,0.5550000000000005,0.5549999999999999,0.09000000000000008,1.1399999999999997,0.0,5.551115123125783e-17,0.04500000000000004,0.04500000000000004,common
1660,1,0,1,0.0728024737062562,4.0,9.6,12.6,0.48499999999999993,0.3899999999999997,13,0.5550000000000005,0.5549999999999999,0.09000000000000008,0.0,0.0,0.0,0.04500000000000004,0.04500000000000004,common
1661,1,0,0,-0.1672663015216019,3.832733698478398,9.6,12.6,0.4775,0.3824999999999997,13,0.5550000000000005,0.5549999999999999,0.09000000000000008,0.0,0.0,0.0,0.04500000000000004,0.04500000000000004,common
1662,1,0,1,0.072822674139645,3.905556372618043,9.6,12.6,0.4699999999999999,0.3749999999999996,13,0.5550000000000005,0.5549999999999999,0.09000000000000008,0.0,0.0,0.0,0.04500000000000004,0.04500000000000004,common
1663,1,0,0,-0.16724874851149676,3.7383076241065463,9.6,12.6,0.4624999999999999,0.36749999999999966,13,0.5550000000000005,0.5549999999999999,0.09000000000000008,0.0,0.0,0.0,0.04500000000000004,0.04500000000000004,common
1664,1,0,1,0.07281347478467853,4.0,9.6,12.6,0.4549999999999999,0.35999999999999965,14,0.5550000000000005,0.5549999999999999,0.09000000000000008,0.0,0.0,0.0,0.04500000000000004,0.04500000000000004,common
1665,1,0,0,-0.16726105607679354,3.8327389439232062,9.6,12.6,0.44749999999999984,0.35249999999999965,14,0.5550000000000005,0.5549999999999999,0.09000000000000008,0.0,0.0,0.0,0.04500000000000004,0.04500000000000004,common
1666,1,1,1,0.007818929000032658,3.840557872923239,9.6,12.6,0.4925,0.3449999999999997,14,0.5550000000000005,0.5549999999999999,0.09000000000000008,1.1849999999999994,0.0,0.0,0.04500000000000004,0.04500000000000004,common
1667,1,0,1,0.07279227081081902,3.913350143734058,9.6,12.6,0.48499999999999993,0.33749999999999963,14,0.5550000000000005,0.5549999999999999,0.09000000000000008,0.0,0.0,0.0,0.04500000000000004,0.04500000000000004,common
1668,1,0,1,0.07281822169854835,3.986168365432606,9.6,12.6,0.4775,0.3299999999999996,14,0.5550000000000005,0.5549999999999999,0.09000000000000008,0.0,0.0,0.0,0.04500000000000004,0.04500000000000004,common
1669,1,0,1,0.07272653804163212,4.0,9.6,12.6,0.4699999999999999,0.3224999999999996,14,0.5550000000000005,0.5549999999999999,0.09000000000000008,0.0,0.0,0.0,0.04500000000000004,0.04500000000000004,common
1670,1,0,1,0.07275262011235102,4.0,9.6,12.6,0.46249999999999997,0.31499999999999956,14,0.5550000000000005,0.5549999999999999,0.09000000000000008,0.0,0.0,0.0,0.04500000000000004,0.04500000000000004,common
1671,1,0,0,-0.16726144792571726,3.8327385520742827,9.6,12.6,0.455,0.3074999999999996,14,0.5550000000000005,0.5549999999999999,0.09000000000000008,0.0,0.0,0.0,0.04500000000000004,0.04500000000000004,common
1672,1,0,1,0.07275785110522723,3.90549640317951,9.6,12.6,0.44749999999999995,0.2999999999999996,14,0.5550000000000005,0.5549999999999999,0.09000000000000008,0.0,0.0,0.0,0.04500000000000004,0.04500000000000004,common
1673,1,2,1,0.007837830839524433,3.9133342340190347,9.6,12.6,0.43999999999999995,0.4925,14,0.5550000000000005,0.5549999999999999,0.09000000000000008,0.2999999999999976,0.0,0.0,0.04500000000000004,0.04500000000000004,common
1674,1,0,1,0.07274849227020615,3.986082726289241,9.6,12.6,0.43249999999999994,0.48499999999999993,14,0.5550000000000005,0.5549999999999999,0.09000000000000008,0.0,0.0,0.0,0.04500000000000004,0.04500000000000004,common
1675,1,0,1,0.07276559164891706,4.0,9.6,12.6,0.4249999999999999,0.4775,14,0.5550000000000005,0.5549999999999999,0.09000000000000008,0.0,0.0,0.0,0.04500000000000004,0.04500000000000004,common
1676,1,0,1,0.07282817316504872,4.0,9.6,12.6,0.4174999999999999,0.4699999999999999,14,0.5550000000000005,0.5549999999999999,0.09000000000000008,0.0,0.0,0.0,0.04500000000000004,0.04500000000000004,common
1677,1,0,1,0.0727676246600719,4.0,9.6,12.6,0.41,0.46249999999999997,14,0.5550000000000005,0.5549999999999999,0.09000000000000008,0.0,0.0,0.0,0.04500000000000004,0.04500000000000004,common
1678,1,0,1,0.07278117653021941,4.0,9.6,12.6,0.4024999999999999,0.455,14,0.5550000000000005,0.5549999999999999,0.09000000000000008,0.0,0.0,0.0,0.04500000000000004,0.04500000000000004,common
1679,1,0,1,0.0728255480067267,4.0,9.6,12.6,0.39499999999999996,0.44749999999999995,14,0.5550000000000005,0.5549999999999999,0.09000000000000008,0.0,0.0,0.0,0.04500000000000004,0.04500000000000004,common
1680,1,0,1,0.07282954515136185,4.0,9.6,12.6,0.3874999999999999,0.43999999999999995,14,0.5550000000000005,0.5549999999999999,0.09000000000000008,0.0,0.0,0.0,0.04500000000000004,0.04500000000000004,common
1681,1,0,0,-0.16716415794448614,3.832835842055514,9.6,12.6,0.3799999999999999,0.43249999999999994,14,0.5550000000000005,0.5549999999999999,0.09000000000000008,0.0,0.0,0.0,0.04500000000000004,0.04500000000000004,common
1682,1,0,1,0.07279040683158308,3.905626248887097,9.6,12.6,0.3724999999999999,0.4249999999999999,14,0.5550000000000005,0.5549999999999999,0.09000000000000008,0.0,0.0,0.0,0.04500000000000004,0.04500000000000004,common
1683,1,0,1,0.07278444723468051,3.9784106961217773,9.6,12.6,0.3649999999999998,0.4174999999999999,14,0.5550000000000005,0.5549999999999999,0.09000000000000008,0.0,0.0,0.0,0.04500000000000004,0.04500000000000004,common
1684,1,0,1,0.07279144027063736,4.0,9.6,12.6,0.3574999999999999,0.41,14,0.5550000000000005,0.5549999999999999,0.09000000000000008,0.0,0.0,0.0,0.04500000000000004,0.04500000000000004,common
1685,1,0,1,0.0727825033698151,4.0,9.6,12.6,0.34999999999999987,0.4024999999999999,14,0.5550000000000005,0.5549999999999999,0.09000000000000008,0.0,0.0,0.0,0.04500000000000004,0.04500000000000004,common
1686,1,0,1,0.07279733236927075,4.0,9.6,12.6,0.34249999999999986,0.39499999999999996,14,0.5550000000000005,0.5549999999999999,0.09000000000000008,0.0,0.0,0.0,0.04500000000000004,0.04500000000000004,common
1687,1,0,0,-0.1672039304607416,3.8327960695392584,9.6,12.6,0.3349999999999999,0.3874999999999999,14,0.5550000000000005,0.5549999999999999,0.09000000000000008,0.0,0.0,0.0,0.04500000000000004,0.04500000000000004,common
1688,1,0,1,0.07279067934300243,3.9055867488822607,9.6,12.6,0.32749999999999985,0.3799999999999999,14,0.5550000000000005,0.5549999999999999,0.09000000000000008,0.0,0.0,0.0,0.04500000000000004,0.04500000000000004,common
1689,1,0,1,0.07283686465336082,3.9784236135356217,9.6,12.6,0.31999999999999984,0.3724999999999999,14,0.5550000000000005,0.5549999999999999,0.09000000000000008,0.0,0.0,0.0,0.04500000000000004,0.04500000000000004,common
1690,1,0,1,0.0728633457284247,4.0,9.6,12.6,0.31249999999999983,0.3649999999999998,14,0.5550000000000005,0.5549999999999999,0.09000000000000008,0.0,0.0,0.0,0.04500000000000004,0.04500000000000004,common
1691,1,0,1,0.07286251296188583,4.0,9.6,12.6,0.30499999999999977,0.3574999999999999,14,0.5550000000000005,0.5549999999999999,0.09000000000000008,0.0,0.0,0.0,0.04500000000000004,0.04500000000000004,common
1692,1,0,1,0.07287805983625775,4.0,9.6,12.6,0.2974999999999998,0.34999999999999987,14,0.5550000000000005,0.5549999999999999,0.09000000000000008,0.0,0.0,0.0,0.04500000000000004,0.04500000000000004,common
1693,1,2,1,0.007830422094745925,4.0,9.6,12.6,0.2899999999999998,0.4925,14,0.5550000000000005,0.5549999999999999,0.09000000000000008,0.5999999999999992,0.0,0.0,0.04500000000000004,0.04500000000000004,common
1694,1,0,1,0.07287421420670799,4.0,9.6,12.6,0.2824999999999998,0.48499999999999993,14,0.5550000000000005,0.5549999999999999,0.09000000000000008,0.0,0.0,0.0,0.04500000000000004,0.04500000000000004,common
1695,1,0,0,-0.16713102956678064,3.8328689704332195,9.6,12.6,0.27499999999999986,0.4775,14,0.5550000000000005,0.5549999999999999,0.09000000000000008,0.0,0.0,0.0,0.04500000000000004,0.04500000000000004,common
1696,1,0,1,0.07284101560555603,3.9057099860387754,9.6,12.6,0.2674999999999998,0.4699999999999999,14,0.5550000000000005,0.5549999999999999,0.09000000000000008,0.0,0.0,0.0,0.04500000000000004,0.04500000000000004,common
1697,1,2,1,0.007862559143115368,3.9135725451818906,9.6,12.6,0.2599999999999998,0.4925,14,0.5550000000000005,0.5549999999999999,0.09000000000000008,1.3199999999999998,0.0,0.0,0.04500000000000004,0.04500000000000004,common
1698,1,0,1,0.0728382671345613,3.9864108123164517,9.6,12.6,0.2524999999999998,0.48499999999999993,14,0.5550000000000005,0.5549999999999999,0.09000000000000008,0.0,0.0,0.0,0.04500000000000004,0.04500000000000004,common
1699,1,0,1,0.07282594608295705,4.0,9.6,12.6,0.24499999999999975,0.4775,14,0.5550000000000005,0.5549999999999999,0.09000000000000008,0.0,0.0,0.0,0.04500000000000004,0.04500000000000004,common
1700,1,0,1,0.07284414874959032,4.0,9.6,12.6,0.2374999999999998,0.4699999999999999,14,0.5550000000000005,0.5549999999999999,0.09000000000000008,0.0,0.0,0.0,0.04500000000000004,0.04500000000000004,common
1701,1,2,0,-0.2321289687562302,3.7678710312437698,9.6,12.6,0.22999999999999976,0.4925,14,0.5550000000000005,0.5549999999999999,0.09000000000000008,1.3199999999999998,0.0,0.0,0.04500000000000004,0.04500000000000004,common
1702,1,0,1,0.07285203654780834,3.8407230677915782,9.6,12.6,0.22249999999999973,0.48499999999999993,14,0.5550000000000005,0.5549999999999999,0.09000000000000008,0.0,0.0,0.0,0.04500000000000004,0.04500000000000004,common
1703,1,0,1,0.07282892610279254,3.913551993894371,9.6,12.6,0.21499999999999977,0.4775,14,0.5550000000000005,0.5549999999999999,0.09000000000000008,0.0,0.0,0.0,0.04500000000000004,0.04500000000000004,common
1704,1,0,1,0.07284657669083817,3.986398570585209,9.6,12.6,0.20749999999999977,0.4699999999999999,14,0.5550000000000005,0.5549999999999999,0.09000000000000008,0.0,0.0,0.0,0.04500000000000004,0.04500000000000004,common
1705,1,0,1,0.07282823245603322,4.0,9.6,12.6,0.19999999999999973,0.46249999999999997,14,0.5550000000000005,0.5549999999999999,0.09000000000000008,0.0,0.0,0.0,0.04500000000000004,0.04500000000000004,common
1706,1,0,1,0.07284862755430277,4.0,9.6,12.6,0.1924999999999997,0.455,14,0.5550000000000005,0.5549999999999999,0.09000000000000008,0.0,0.0,0.0,0.04500000000000004,0.04500000000000004,common
1707,1,0,1,0.07284304633344964,4.0,9.6,12.6,0.18499999999999972,0.44749999999999995,14,0.5550000000000005,0.5549999999999999,0.09000000000000008,0.0,0.0,0.0,0.04500000000000004,0.04500000000000004,common
1708,1,0,1,0.07287009574446125,4.0,9.6,12.6,0.17749999999999974,0.43999999999999995,14,0.5550000000000005,0.5549999999999999,0.09000000000000008,0.0,0.0,0.0,0.04500000000000004,0.04500000000000004,common
1709,1,0,1,0.0728525165966993,4.0,9.6,12.6,0.1699999999999997,0.43249999999999994,14,0.5550000000000005,0.5549999999999999,0.09000000000000008,0.0,0.0,0.0,0.04500000000000004,0.04500000000000004,common
1710,1,2,1,0.007855372627679534,4.0,9.6,12.6,0.16249999999999967,0.4925,14,0.5550000000000005,0.5549999999999999,0.09000000000000008,1.0949999999999993,0.0,0.0,0.04500000000000004,0.04500000000000004,common
1711,1,0,1,0.07284381419455008,4.0,9.6,12.6,0.1549999999999997,0.48499999999999993,14,0.5550000000000005,0.5549999999999999,0.09000000000000008,0.0,0.0,0.0,0.04500000000000004,0.04500000000000004,common
1712,1,2,1,0.007865370996729288,4.0,9.6,12.6,0.14749999999999971,0.4925,14,0.5550000000000005,0.5549999999999999,0.09000000000000008,1.4099999999999997,0.0,0.0,0.04500000000000004,0.04500000000000004,common
1713,1,0,1,0.07285058614778271,4.0,9.6,12.6,0.13999999999999968,0.48499999999999993,14,0.5550000000000005,0.5549999999999999,0.09000000000000008,0.0,0.0,0.0,0.04500000000000004,0.04500000000000004,common
1714,1,1,0,-0.23213755112663875,3.767862448873361,9.6,12.6,0.3824999999999997,0.4775,14,0.5550000000000005,0.5549999999999999,0.09000000000000008,0.0,0.0,0.0,0.04500000000000004,0.04500000000000004,common
1715,1,0,1,0.07283675309976408,3.840699201973125,9.6,12.6,0.3749999999999996,0.4699999999999999,14,0.5550000000000005,0.5549999999999999,0.09000000000000008,0.0,0.0,0.0,0.04500000000000004,0.04500000000000004,common
1716,1,1,1,0.007799420233460845,3.848498622206586,9.6,12.6,0.4925,0.46249999999999997,14,0.5550000000000005,0.5549999999999999,0.09000000000000008,0.749999999999998,0.0,0.0,0.04500000000000004,0.04500000000000004,common
1717,1,0,1,0.07279506618585582,3.9212936883924416,9.6,12.6,0.48499999999999993,0.455,14,0.5550000000000005,0.5549999999999999,0.09000000000000008,0.0,0.0,0.0,0.04500000000000004,0.04500000000000004,common
1718,1,1,0,-0.2322034467330144,3.6890902416594273,9.6,12.6,0.4925,0.44749999999999995,14,0.5550000000000005,0.5549999999999999,0.09000000000000008,1.41,0.0,0.0,0.04500000000000004,0.04500000000000004,common
1719,1,0,1,0.07273198124235995,3.7618222229017872,9.6,12.6,0.48499999999999993,0.43999999999999995,14,0.5550000000000005,0.5549999999999999,0.09000000000000008,0.0,0.0,0.0,0.04500000000000004,0.04500000000000004,common
1720,1,0,1,0.07273306209004834,3.8345552849918354,9.6,12.6,0.4775,0.43249999999999994,14,0.5550000000000005,0.5549999999999999,0.09000000000000008,0.0,0.0,0.0,0.04500000000000004,0.04500000000000004,common
1721,1,0,0,-0.16720517536779606,3.6673501096240395,9.6,12.6,0.4699999999999999,0.4249999999999999,14,0.5550000000000005,0.5549999999999999,0.09000000000000008,0.0,0.0,0.0,0.04500000000000004,0.04500000000000004,common
1722,1,0,1,0.07275715291738115,3.7401072625414207,9.6,12.6,0.46249999999999997,0.4174999999999999,14,0.5550000000000005,0.5549999999999999,0.09000000000000008,0.0,0.0,0.0,0.04500000000000004,0.04500000000000004,common
1723,1,0,0,-0.16724195219899143,3.5728653103424293,9.6,12.6,0.455,0.41,14,0.5550000000000005,0.5549999999999999,0.09000000000000008,0.0,0.0,0.0,0.04500000000000004,0.04500000000000004,common
1724,1,1,0,-0.23216700374630334,3.340698306596126,9.6,12.6,0.4925,0.4024999999999999,14,0.5550000000000005,0.5549999999999999,0.09000000000000008,1.2299999999999998,0.0,0.0,0.04500000000000004,0.04500000000000004,common
1725,1,0,1,0.07279517931765364,3.4134934859137798,9.6,12.6,0.48499999999999993,0.39499999999999996,14,0.5550000000000005,0.5549999999999999,0.09000000000000008,0.0,0.0,0.0,0.04500000000000004,0.04500000000000004,common
1726,1,0,1,0.07279699048670321,3.486290476400483,9.6,12.6,0.4775,0.3874999999999999,14,0.5550000000000005,0.5549999999999999,0.09000000000000008,0.0,0.0,0.0,0.04500000000000004,0.04500000000000004,common
1727,1,0,1,0.07281666605965444,3.5591071424601375,9.6,12.6,0.4699999999999999,0.3799999999999999,14,0.5550000000000005,0.5549999999999999,0.09000000000000008,0.0,0.0,0.0,0.04500000000000004,0.04500000000000004,common
1728,1,0,1,0.07281856788826468,3.631925710348402,9.6,12.6,0.46249999999999997,0.3724999999999999,14,0.5550000000000005,0.5549999999999999,0.09000000000000008,0.0,0.0,0.0,0.04500000000000004,0.04500000000000004,common
1729,1,1,1,0.007756638227903876,3.639682348576306,9.6,12.6,0.4925,0.3649999999999998,14,0.5550000000000005,0.5549999999999999,0.09000000000000008,1.2749999999999995,0.0,0.0,0.04500000000000004,0.04500000000000004,common
1730,1,0,0,-0.16724618423056692,3.4724361643457393,9.6,12.6,0.48499999999999993,0.3574999999999999,14,0.5550000000000005,0.5549999999999999,0.09000000000000008,0.0,0.0,0.0,0.04500000000000004,0.04500000000000004,common
1731,1,0,1,0.0727984599195078,3.5452346242652473,9.6,12.6,0.4775,0.34999999999999987,14,0.5550000000000005,0.5549999999999999,0.09000000000000008,0.0,0.0,0.0,0.04500000000000004,0.04500000000000004,common
1732,1,0,1,0.07282019493644508,3.618054819201692,9.6,12.6,0.4699999999999999,0.34249999999999986,14,0.5550000000000005,0.5549999999999999,0.09000000000000008,0.0,0.0,0.0,0.04500000000000004,0.04500000000000004,common
1733,1,0,1,0.07284793165476101,3.6909027508564534,9.6,12.6,0.46249999999999997,0.3349999999999999,14,0.5550000000000005,0.5549999999999999,0.09000000000000008,0.0,0.0,0.0,0.04500000000000004,0.04500000000000004,common
1734,1,0,1,0.07284082976575336,3.7637435806222066,9.6,12.6,0.455,0.32749999999999985,14,0.5550000000000005,0.5549999999999999,0.09000000000000008,0.0,0.0,0.0,0.04500000000000004,0.04500000000000004,common
1735,1,0,1,0.0727731847216552,3.8365167653438617,9.6,12.6,0.44749999999999995,0.31999999999999984,14,0.5550000000000005,0.5549999999999999,0.09000000000000008,0.0,0.0,0.0,0.04500000000000004,0.04500000000000004,common
1736,1,0,1,0.07279817102243838,3.9093149363663002,9.6,12.6,0.43999999999999995,0.31249999999999983,14,0.5550000000000005,0.5549999999999999,0.09000000000000008,0.0,0.0,0.0,0.04500000000000004,0.04500000000000004,common
1737,1,0,1,0.07280800772815713,3.982122944094457,9.6,12.6,0.43249999999999994,0.30499999999999977,14,0.5550000000000005,0.5549999999999999,0.09000000000000008,0.0,0.0,0.0,0.04500000000000004,0.04500000000000004,common
1738,1,0,1,0.0728134055880576,4.0,9.6,12.6,0.4249999999999999,0.2974999999999998,14,0.5550000000000005,0.5549999999999999,0.09000000000000008,0.0,0.0,0.0,0.04500000000000004,0.04500000000000004,common
1739,1,0,1,0.07276319516656167,4.0,9.6,12.6,0.4174999999999999,0.2899999999999998,14,0.5550000000000005,0.5549999999999999,0.09000000000000008,0.0,0.0,0.0,0.04500000000000004,0.04500000000000004,common
1740,1,0,1,0.07284084885922952,4.0,9.6,12.6,0.41,0.2824999999999998,14,0.5550000000000005,0.5549999999999999,0.09000000000000008,0.0,0.0,0.0,0.04500000000000004,0.04500000000000004,common
1741,1,0,1,0.07282396544261202,4.0,9.6,12.6,0.4024999999999999,0.27499999999999986,14,0.5550000000000005,0.5549999999999999,0.09000000000000008,0.0,0.0,0.0,0.04500000000000004,0.04500000000000004,common
1742,1,0,1,0.07283193138578921,4.0,9.6,12.6,0.39499999999999996,0.2674999999999998,14,0.5550000000000005,0.5549999999999999,0.09000000000000008,0.0,0.0,0.0,0.04500000000000004,0.04500000000000004,common
1743,1,2,1,0.007755687227767059,4.0,9.6,12.6,0.3874999999999999,0.4924999999999999,14,0.5550000000000005,0.5549999999999999,0.09000000000000008,0.1049999999999991,0.0,5.551115123125783e-17,0.04500000000000004,0.04500000000000004,common
1744,1,0,1,0.07277614769877852,4.0,9.6,12.6,0.3799999999999999,0.48499999999999993,14,0.5550000000000005,0.5549999999999999,0.09000000000000008,0.0,0.0,0.0,0.04500000000000004,0.04500000000000004,common
1745,1,0,1,0.07278153589562583,4.0,9.6,12.6,0.3724999999999999,0.4775,14,0.5550000000000005,0.5549999999999999,0.09000000000000008,0.0,0.0,0.0,0.04500000000000004,0.04500000000000004,common
1746,1,2,1,0.007799518364642337,4.0,9.6,12.6,0.3649999999999998,0.4925,14,0.5550000000000005,0.5549999999999999,0.09000000000000008,1.3649999999999998,0.0,0.0,0.04500000000000004,0.04500000000000004,common
1747,1,0,1,0.07281975997965673,4.0,9.6,12.6,0.3574999999999999,0.48499999999999993,14,0.5550000000000005,0.5549999999999999,0.09000000000000008,0.0,0.0,0.0,0.04500000000000004,0.04500000000000004,common
1748,1,0,0,-0.1671536423563549,3.832846357643645,9.6,12.6,0.34999999999999987,0.4775,14,0.5550000000000005,0.5549999999999999,0.09000000000000008,0.0,0.0,0.0,0.04500000000000004,0.04500000000000004,common
1749,1,0,0,-0.16714014206259956,3.665706215581045,9.6,12.6,0.34249999999999986,0.4699999999999999,14,0.5550000000000005,0.5549999999999999,0.09000000000000008,0.0,0.0,0.0,0.04500000000000004,0.04500000000000004,common
1750,1,0,0,-0.16715802155839182,3.4985481940226535,9.6,12.6,0.3349999999999999,0.46249999999999997,14,0.5550000000000005,0.5549999999999999,0.09000000000000008,0.0,0.0,0.0,0.04500000000000004,0.04500000000000004,common
1751,1,0,0,-0.16711976214122787,3.3314284318814256,9.6,12.6,0.32749999999999985,0.455,14,0.5550000000000005,0.5549999999999999,0.09000000000000008,0.0,0.0,0.0,0.04500000000000004,0.04500000000000004,common
1752,1,0,1,0.07285701229243383,3.4042854441738593,9.6,12.6,0.31999999999999984,0.44749999999999995,14,0.5550000000000005,0.5549999999999999,0.09000000000000008,0.0,0.0,0.0,0.04500000000000004,0.04500000000000004,common
1753,1,0,1,0.07282800183785619,3.4771134460117152,9.6,12.6,0.31249999999999983,0.43999999999999995,14,0.5550000000000005,0.5549999999999999,0.09000000000000008,0.0,0.0,0.0,0.04500000000000004,0.04500000000000004,common
1754,1,0,1,0.07282967156573118,3.5499431175774463,9.6,12.6,0.30499999999999977,0.43249999999999994,14,0.5550000000000005,0.5549999999999999,0.09000000000000008,0.0,0.0,0.0,0.04500000000000004,0.04500000000000004,common
1755,1,0,1,0.07287018561681467,3.622813303194261,9.6,12.6,0.2974999999999998,0.4249999999999999,14,0.5550000000000005,0.5549999999999999,0.09000000000000008,0.0,0.0,0.0,0.04500000000000004,0.04500000000000004,common
1756,1,0,1,0.07286549632882035,3.6956787995230815,9.6,12.6,0.2899999999999998,0.4174999999999999,14,0.5550000000000005,0.5549999999999999,0.09000000000000008,0.0,0.0,0.0,0.04500000000000004,0.04500000000000004,common
1757,1,0,1,0.07283991083141791,3.7685187103544995,9.6,12.6,0.2824999999999998,0.41,14,0.5550000000000005,0.5549999999999999,0.09000000000000008,0.0,0.0,0.0,0.04500000000000004,0.04500000000000004,common
1758,1,0,1,0.07282289348570582,3.8413416038402053,9.6,12.6,0.27499999999999986,0.4024999999999999,14,0.5550000000000005,0.5549999999999999,0.09000000000000008,0.0,0.0,0.0,0.04500000000000004,0.04500000000000004,common
1759,1,0,1,0.07286035396916646,3.9142019578093716,9.6,12.6,0.2674999999999998,0.39499999999999996,14,0.5550000000000005,0.5549999999999999,0.09000000000000008,0.0,0.0,0.0,0.04500000000000004,0.04500000000000004,common
1760,1,0,0,-0.1671349629725911,3.7470669948367807,9.6,12.6,0.2599999999999998,0.3874999999999999,14,0.5550000000000005,0.5549999999999999,0.09000000000000008,0.0,0.0,0.0,0.04500000000000004,0.04500000000000004,common
1761,1,0,1,0.07286245632541898,3.8199294511621997,9.6,12.6,0.2524999999999998,0.3799999999999999,14,0.5550000000000005,0.5549999999999999,0.09000000000000008,0.0,0.0,0.0,0.04500000000000004,0.04500000000000004,common
1762,1,0,1,0.07291111859681113,3.8928405697590107,9.6,12.6,0.24499999999999975,0.3724999999999999,14,0.5550000000000005,0.5549999999999999,0.09000000000000008,0.0,0.0,0.0,0.04500000000000004,0.04500000000000004,common
1763,1,0,1,0.07286458892664449,3.965705158685655,9.6,12.6,0.2374999999999998,0.3649999999999998,14,0.5550000000000005,0.5549999999999999,0.09000000000000008,0.0,0.0,0.0,0.04500000000000004,0.04500000000000004,common
1764,1,0,1,0.07286624585670044,4.0,9.6,12.6,0.22999999999999976,0.3574999999999999,14,0.5550000000000005,0.5549999999999999,0.09000000000000008,0.0,0.0,0.0,0.04500000000000004,0.04500000000000004,common
1765,1,0,1,0.07285011839197901,4.0,9.6,12.6,0.22249999999999973,0.34999999999999987,14,0.5550000000000005,0.5549999999999999,0.09000000000000008,0.0,0.0,0.0,0.04500000000000004,0.04500000000000004,common
1766,1,0,1,0.07283448690613133,4.0,9.6,12.6,0.21499999999999977,0.34249999999999986,14,0.5550000000000005,0.5549999999999999,0.09000000000000008,0.0,0.0,0.0,0.04500000000000004,0.04500000000000004,common
1767,1,0,1,0.07284838575616209,4.0,9.6,12.6,0.20749999999999977,0.3349999999999999,14,0.5550000000000005,0.5549999999999999,0.09000000000000008,0.0,0.0,0.0,0.04500000000000004,0.04500000000000004,common
1768,1,1,1,0.00785856740071313,4.0,9.6,12.6,0.44999999999999973,0.32749999999999985,14,0.5550000000000005,0.5549999999999999,0.09000000000000008,0.0,0.0,0.0,0.04500000000000004,0.04500000000000004,common
1769,1,1,1,0.007766596599756464,4.0,9.6,12.6,0.4925,0.31999999999999984,14,0.5550000000000005,0.5549999999999999,0.09000000000000008,1.1999999999999984,0.0,0.0,0.04500000000000004,0.04500000000000004,common
1770,1,0,1,0.0727609310554708,4.0,9.6,12.6,0.48499999999999993,0.31249999999999983,14,0.5550000000000005,0.5549999999999999,0.09000000000000008,0.0,0.0,0.0,0.04500000000000004,0.04500000000000004,common
1771,1,1,1,0.007812579889279306,4.0,9.6,12.6,0.4925,0.30499999999999977,14,0.5550000000000005,0.5549999999999999,0.09000000000000008,1.41,0.0,0.0,0.04500000000000004,0.04500000000000004,common
1772,1,0,1,0.07278178378410687,4.0,9.6,12.6,0.48499999999999993,0.2974999999999998,14,0.5550000000000005,0.5549999999999999,0.09000000000000008,0.0,0.0,0.0,0.04500000000000004,0.04500000000000004,common
1773,1,0,1,0.07273978330061454,4.0,9.6,12.6,0.4775,0.2899999999999998,14,0.5550000000000005,0.5549999999999999,0.09000000000000008,0.0,0.0,0.0,0.04500000000000004,0.04500000000000004,common
1774,1,0,1,0.07278950561020633,4.0,9.6,12.6,0.4699999999999999,0.2824999999999998,14,0.5550000000000005,0.5549999999999999,0.09000000000000008,0.0,0.0,0.0,0.04500000000000004,0.04500000000000004,common
1775,1,0,1,0.07282568106533607,4.0,9.6,12.6,0.46249999999999997,0.27499999999999986,14,0.5550000000000005,0.5549999999999999,0.09000000000000008,0.0,0.0,0.0,0.04500000000000004,0.04500000000000004,common
1776,1,0,1,0.07280904142853699,4.0,9.6,12.6,0.455,0.2674999999999998,14,0.5550000000000005,0.5549999999999999,0.09000000000000008,0.0,0.0,0.0,0.04500000000000004,0.04500000000000004,common
1777,1,0,1,0.07281816487646166,4.0,9.6,12.6,0.44749999999999995,0.2599999999999998,14,0.5550000000000005,0.5549999999999999,0.09000000000000008,0.0,0.0,0.0,0.04500000000000004,0.04500000000000004,common
1778,1,0,0,-0.16722789056105913,3.832772109438941,9.6,12.6,0.43999999999999995,0.2524999999999998,14,0.5550000000000005,0.5549999999999999,0.09000000000000008,0.0,0.0,0.0,0.04500000000000004,0.04500000000000004,common
1779,1,0,1,0.07277620342701738,3.905548312865958,9.6,12.6,0.43249999999999994,0.24499999999999975,14,0.5550000000000005,0.5549999999999999,0.09000000000000008,0.0,0.0,0.0,0.04500000000000004,0.04500000000000004,common
1780,1,0,1,0.07275803506774664,3.978306347933705,9.6,12.6,0.4249999999999999,0.2374999999999998,14,0.5550000000000005,0.5549999999999999,0.09000000000000008,0.0,0.0,0.0,0.04500000000000004,0.04500000000000004,common
1781,1,0,1,0.07282838634520239,4.0,9.6,12.6,0.4174999999999999,0.22999999999999976,14,0.5550000000000005,0.5549999999999999,0.09000000000000008,0.0,0.0,0.0,0.04500000000000004,0.04500000000000004,common
1782,1,0,1,0.07283406348824142,4.0,9.6,12.6,0.41,0.22249999999999973,14,0.5550000000000005,0.5549999999999999,0.09000000000000008,0.0,0.0,0.0,0.04500000000000004,0.04500000000000004,common
1783,1,0,1,0.07280786325897302,4.0,9.6,12.6,0.4024999999999999,0.21499999999999977,14,0.5550000000000005,0.5549999999999999,0.09000000000000008,0.0,0.0,0.0,0.04500000000000004,0.04500000000000004,common
1784,1,0,1,0.07277433861860294,4.0,9.6,12.6,0.39499999999999996,0.20749999999999977,14,0.5550000000000005,0.5549999999999999,0.09000000000000008,0.0,0.0,0.0,0.04500000000000004,0.04500000000000004,common
1785,1,2,1,0.007782729907091168,4.0,9.6,12.6,0.3874999999999999,0.44999999999999973,14,0.5550000000000005,0.5549999999999999,0.09000000000000008,0.0,0.0,0.0,0.04500000000000004,0.04500000000000004,common
1786,1,0,1,0.0727903475988164,4.0,9.6,12.6,0.3799999999999999,0.4424999999999997,14,0.5550000000000005,0.5549999999999999,0.09000000000000008,0.0,0.0,0.0,0.04500000000000004,0.04500000000000004,common
1787,1,0,0,-0.16715349120565365,3.832846508794346,9.6,12.6,0.3724999999999999,0.43499999999999966,14,0.5550000000000005,0.5549999999999999,0.09000000000000008,0.0,0.0,0.0,0.04500000000000004,0.04500000000000004,common
1788,1,0,1,0.0728527679375336,3.90569927673188,9.6,12.6,0.3649999999999998,0.4274999999999997,14,0.5550000000000005,0.5549999999999999,0.09000000000000008,0.0,0.0,0.0,0.04500000000000004,0.04500000000000004,common
1789,1,0,1,0.07279744004767008,3.97849671677955,9.6,12.6,0.3574999999999999,0.41999999999999976,14,0.5550000000000005,0.5549999999999999,0.09000000000000008,0.0,0.0,0.0,0.04500000000000004,0.04500000000000004,common
1790,1,0,0,-0.1672171069683756,3.8112796098111748,9.6,12.6,0.34999999999999987,0.4124999999999997,14,0.5550000000000005,0.5549999999999999,0.09000000000000008,0.0,0.0,0.0,0.04500000000000004,0.04500000000000004,common
1791,1,2,1,0.007819192009324476,3.819098801820499,9.6,12.6,0.34249999999999986,0.4925,14,0.5550000000000005,0.5549999999999999,0.09000000000000008,0.9749999999999979,0.0,0.0,0.04500000000000004,0.04500000000000004,common
1792,1,1,0,-0.2321490945768878,3.767850905423112,9.6,12.6,0.4925,0.48499999999999993,15,0.5550000000000005,0.5549999999999999,0.09000000000000008,0.5549999999999988,0.0,0.0,0.04500000000000004,0.04500000000000004,common
1793,1,0,1,0.072739218867326,3.840590124290438,9.6,12.6,0.48499999999999993,0.4775,15,0.5550000000000005,0.5549999999999999,0.09000000000000008,0.0,0.0,0.0,0.04500000000000004,0.04500000000000004,common
1794,1,0,1,0.0727402947577408,3.913330419048179,9.6,12.6,0.4775,0.4699999999999999,15,0.5550000000000005,0.5549999999999999,0.09000000000000008,0.0,0.0,0.0,0.04500000000000004,0.04500000000000004,common
1795,1,0,1,0.07279156980473965,3.9861219888529185,9.6,12.6,0.4699999999999999,0.46249999999999997,15,0.5550000000000005,0.5549999999999999,0.09000000000000008,0.0,0.0,0.0,0.04500000000000004,0.04500000000000004,common
1796,1,0,1,0.07281612376516025,4.0,9.6,12.6,0.46249999999999997,0.455,15,0.5550000000000005,0.5549999999999999,0.09000000000000008,0.0,0.0,0.0,0.04500000000000004,0.04500000000000004,common
1797,1,0,1,0.07274740839163746,4.0,9.6,12.6,0.455,0.44749999999999995,15,0.5550000000000005,0.5549999999999999,0.09000000000000008,0.0,0.0,0.0,0.04500000000000004,0.04500000000000004,common
1798,1,0,0,-0.1671915449012551,3.832808455098745,9.6,12.6,0.44749999999999995,0.43999999999999995,15,0.5550000000000005,0.5549999999999999,0.09000000000000008,0.0,0.0,0.0,0.04500000000000004,0.04500000000000004,common
1799,1,0,1,0.07275760503453065,3.9055660601332756,9.6,12.6,0.43999999999999995,0.43249999999999994,15,0.5550000000000005,0.5549999999999999,0.09000000000000008,0.0,0.0,0.0,0.04500000000000004,0.04500000000000004,common
1800,1,0,0,-0.1671910230651136,3.738375037068162,9.6,12.6,0.43249999999999994,0.4249999999999999,15,0.5550000000000005,0.5549999999999999,0.09000000000000008,0.0,0.0,0.0,0.04500000000000004,0.04500000000000004,common
1801,1,0,1,0.07277107579406432,3.811146112862226,9.6,12.6,0.4249999999999999,0.4174999999999999,15,0.5550000000000005,0.5549999999999999,0.09000000000000008,0.0,0.0,0.0,0.04500000000000004,0.04500000000000004,common
1802,1,0,1,0.07281578603518934,3.8839618988974154,9.6,12.6,0.4174999999999999,0.41,15,0.5550000000000005,0.5549999999999999,0.09000000000000008,0.0,0.0,0.0,0.04500000000000004,0.04500000000000004,common
1803,1,0,1,0.07275324958734361,3.956715148484759,9.6,12.6,0.41,0.4024999999999999,15,0.5550000000000005,0.5549999999999999,0.09000000000000008,0.0,0.0,0.0,0.04500000000000004,0.04500000000000004,common
1804,1,0,1,0.07282288239216429,4.0,9.6,12.6,0.4024999999999999,0.39499999999999996,15,0.5550000000000005,0.5549999999999999,0.09000000000000008,0.0,0.0,0.0,0.04500000000000004,0.04500000000000004,common
1805,1,0,0,-0.1672261796423586,3.8327738203576414,9.6,12.6,0.39499999999999996,0.3874999999999999,15,0.5550000000000005,0.5549999999999999,0.09000000000000008,0.0,0.0,0.0,0.04500000000000004,0.04500000000000004,common
1806,1,0,1,0.07285484247320757,3.905628662830849,9.6,12.6,0.3874999999999999,0.3799999999999999,15,0.5550000000000005,0.5549999999999999,0.09000000000000008,0.0,0.0,0.0,0.04500000000000004,0.04500000000000004,common
1807,1,0,1,0.07277460930624591,3.9784032721370948,9.6,12.6,0.3799999999999999,0.3724999999999999,15,0.5550000000000005,0.5549999999999999,0.09000000000000008,0.0,0.0,0.0,0.04500000000000004,0.04500000000000004,common
1808,1,0,1,0.07278348445464276,4.0,9.6,12.6,0.3724999999999999,0.3649999999999998,15,0.5550000000000005,0.5549999999999999,0.09000000000000008,0.0,0.0,0.0,0.04500000000000004,0.04500000000000004,common
1809,1,0,1,0.07277761449476843,4.0,9.6,12.6,0.3649999999999998,0.3574999999999999,15,0.5550000000000005,0.5549999999999999,0.09000000000000008,0.0,0.0,0.0,0.04500000000000004,0.04500000000000004,common
1810,1,0,0,-0.16723068831774499,3.832769311682255,9.6,12.6,0.3574999999999999,0.34999999999999987,15,0.5550000000000005,0.5549999999999999,0.09000000000000008,0.0,0.0,0.0,0.04500000000000004,0.04500000000000004,common
1811,1,0,1,0.0728149648993684,3.9055842765816235,9.6,12.6,0.34999999999999987,0.34249999999999986,15,0.5550000000000005,0.5549999999999999,0.09000000000000008,0.0,0.0,0.0,0.04500000000000004,0.04500000000000004,common
1812,1,0,1,0.0728206114297195,3.978404888011343,9.6,12.6,0.34249999999999986,0.3349999999999999,15,0.5550000000000005,0.5549999999999999,0.09000000000000008,0.0,0.0,0.0,0.04500000000000004,0.04500000000000004,common
1813,1,2,1,0.007839378163530102,3.986244266174873,9.6,12.6,0.3349999999999999,0.4925,15,0.5550000000000005,0.5549999999999999,0.09000000000000008,0.5099999999999991,0.0,0.0,0.04500000000000004,0.04500000000000004,common
1814,1,0,1,0.0727991336328613,4.0,9.6,12.6,0.32749999999999985,0.48499999999999993,15,0.5550000000000005,0.5549999999999999,0.09000000000000008,0.0,0.0,0.0,0.04500000000000004,0.04500000000000004,common
1815,1,0,1,0.07283378477927123,4.0,9.6,12.6,0.31999999999999984,0.4775,15,0.5550000000000005,0.5549999999999999,0.09000000000000008,0.0,0.0,0.0,0.04500000000000004,0.04500000000000004,common
1816,1,0,1,0.0728024272487307,4.0,9.6,12.6,0.31249999999999983,0.4699999999999999,15,0.5550000000000005,0.5549999999999999,0.09000000000000008,0.0,0.0,0.0,0.04500000000000004,0.04500000000000004,common
1817,1,0,1,0.0728527039680484,4.0,9.6,12.6,0.30499999999999977,0.46249999999999997,15,0.5550000000000005,0.5549999999999999,0.09000000000000008,0.0,0.0,0.0,0.04500000000000004,0.04500000000000004,common
1818,1,0,1,0.0728113892273395,4.0,9.6,12.6,0.2974999999999998,0.455,15,0.5550000000000005,0.5549999999999999,0.09000000000000008,0.0,0.0,0.0,0.04500000000000004,0.04500000000000004,common
1819,1,2,0,-0.2321615902241894,3.7678384097758104,9.6,12.6,0.2899999999999998,0.4925,15,0.5550000000000005,0.5549999999999999,0.09000000000000008,1.23,0.0,0.0,0.04500000000000004,0.04500000000000004,common
1820,1,0,1,0.07285313362960419,3.8406915434054145,9.6,12.6,0.2824999999999998,0.48499999999999993,15,0.5550000000000005,0.5549999999999999,0.09000000000000008,0.0,0.0,0.0,0.04500000000000004,0.04500000000000004,common
1821,1,0,1,0.07285358607932178,3.9135451294847363,9.6,12.6,0.27499999999999986,0.4775,15,0.5550000000000005,0.5549999999999999,0.09000000000000008,0.0,0.0,0.0,0.04500000000000004,0.04500000000000004,common
1822,1,0,1,0.07286062544693382,3.98640575493167,9.6,12.6,0.2674999999999998,0.4699999999999999,15,0.5550000000000005,0.5549999999999999,0.09000000000000008,0.0,0.0,0.0,0.04500000000000004,0.04500000000000004,common
1823,1,0,1,0.07282725356998487,4.0,9.6,12.6,0.2599999999999998,0.46249999999999997,15,0.5550000000000005,0.5549999999999999,0.09000000000000008,0.0,0.0,0.0,0.04500000000000004,0.04500000000000004,common
1824,1,2,1,0.007826777420309242,4.0,9.6,12.6,0.2524999999999998,0.4925,15,0.5550000000000005,0.5549999999999999,0.09000000000000008,1.2749999999999995,0.0,0.0,0.04500000000000004,0.04500000000000004,common
1825,1,0,1,0.07286691401337911,4.0,9.6,12.6,0.24499999999999975,0.48499999999999993,15,0.5550000000000005,0.5549999999999999,0.09000000000000008,0.0,0.0,0.0,0.04500000000000004,0.04500000000000004,common
1826,1,0,1,0.07286740782205857,4.0,9.6,12.6,0.2374999999999998,0.4775,15,0.5550000000000005,0.5549999999999999,0.09000000000000008,0.0,0.0,0.0,0.04500000000000004,0.04500000000000004,common
1827,1,0,1,0.07283107689441223,4.0,9.6,12.6,0.22999999999999976,0.4699999999999999,15,0.5550000000000005,0.5549999999999999,0.09000000000000008,0.0,0.0,0.0,0.04500000000000004,0.04500000000000004,common
1828,1,2,1,0.007843635949726542,4.0,9.6,12.6,0.22249999999999973,0.4925,15,0.5550000000000005,0.5549999999999999,0.09000000000000008,1.3199999999999998,0.0,0.0,0.04500000000000004,0.04500000000000004,common
1829,1,0,0,-0.16713691029100455,3.8328630897089955,9.6,12.6,0.21499999999999977,0.48499999999999993,15,0.5550000000000005,0.5549999999999999,0.09000000000000008,0.0,0.0,0.0,0.04500000000000004,0.04500000000000004,common
1830,1,2,1,0.007846055353115979,3.8407091450621116,9.6,12.6,0.20749999999999977,0.4925,15,0.5550000000000005,0.5549999999999999,0.09000000000000008,1.4099999999999997,0.0,0.0,0.04500000000000004,0.04500000000000004,common
1831,1,0,0,-0.16712722959513654,3.673581915466975,9.6,12.6,0.19999999999999973,0.48499999999999993,15,0.5550000000000005,0.5549999999999999,0.09000000000000008,0.0,0.0,0.0,0.04500000000000004,0.04500000000000004,common
1832,1,0,0,-0.16713736578443844,3.5064445496825365,9.6,12.6,0.1924999999999997,0.4775,15,0.5550000000000005,0.5549999999999999,0.09000000000000008,0.0,0.0,0.0,0.04500000000000004,0.04500000000000004,common
1833,1,0,1,0.07289653580061937,3.579341085483156,9.6,12.6,0.18499999999999972,0.4699999999999999,15,0.5550000000000005,0.5549999999999999,0.09000000000000008,0.0,0.0,0.0,0.04500000000000004,0.04500000000000004,common
1834,1,0,1,0.07285365578157807,3.652194741264734,9.6,12.6,0.17749999999999974,0.46249999999999997,15,0.5550000000000005,0.5549999999999999,0.09000000000000008,0.0,0.0,0.0,0.04500000000000004,0.04500000000000004,common
1835,1,0,1,0.07285845666235168,3.725053197927086,9.6,12.6,0.1699999999999997,0.455,15,0.5550000000000005,0.5549999999999999,0.09000000000000008,0.0,0.0,0.0,0.04500000000000004,0.04500000000000004,common
1836,1,1,1,0.007865762509188984,3.7329189604362747,9.6,12.6,0.4124999999999997,0.44749999999999995,15,0.5550000000000005,0.5549999999999999,0.09000000000000008,0.0,0.0,0.0,0.04500000000000004,0.04500000000000004,common
1837,1,0,1,0.07282049376743753,3.8057394542037124,9.6,12.6,0.40499999999999975,0.43999999999999995,15,0.5550000000000005,0.5549999999999999,0.09000000000000008,0.0,0.0,0.0,0.04500000000000004,0.04500000000000004,common
1838,1,0,1,0.07283573431338114,3.8785751885170936,9.6,12.6,0.3974999999999997,0.43249999999999994,15,0.5550000000000005,0.5549999999999999,0.09000000000000008,0.0,0.0,0.0,0.04500000000000004,0.04500000000000004,common
1839,1,0,0,-0.16715509884001065,3.711420089677083,9.6,12.6,0.3899999999999997,0.4249999999999999,15,0.5550000000000005,0.5549999999999999,0.09000000000000008,0.0,0.0,0.0,0.04500000000000004,0.04500000000000004,common
1840,1,2,1,0.007785974972815447,3.7192060646498986,9.6,12.6,0.3824999999999997,0.4925,15,0.5550000000000005,0.5549999999999999,0.09000000000000008,1.0499999999999996,0.0,0.0,0.04500000000000004,0.04500000000000004,common
1841,1,0,1,0.07283265922632963,3.792038723876228,9.6,12.6,0.3749999999999996,0.48499999999999993,15,0.5550000000000005,0.5549999999999999,0.09000000000000008,0.0,0.0,0.0,0.04500000000000004,0.04500000000000004,common
1842,1,0,1,0.07279355232665244,3.8648322762028804,9.6,12.6,0.36749999999999966,0.4775,15,0.5550000000000005,0.5549999999999999,0.09000000000000008,0.0,0.0,0.0,0.04500000000000004,0.04500000000000004,common
1843,1,0,0,-0.16721691645937914,3.697615359743501,9.6,12.6,0.35999999999999965,0.4699999999999999,15,0.5550000000000005,0.5549999999999999,0.09000000000000008,0.0,0.0,0.0,0.04500000000000004,0.04500000000000004,common
1844,1,0,1,0.07280278602206995,3.770418145765571,9.6,12.6,0.35249999999999965,0.46249999999999997,15,0.5550000000000005,0.5549999999999999,0.09000000000000008,0.0,0.0,0.0,0.04500000000000004,0.04500000000000004,common
1845,1,0,1,0.07284605423719254,3.8432642000027637,9.6,12.6,0.3449999999999997,0.455,15,0.5550000000000005,0.5549999999999999,0.09000000000000008,0.0,0.0,0.0,0.04500000000000004,0.04500000000000004,common
1846,1,0,1,0.07284598018393368,3.9161101801866973,9.6,12.6,0.33749999999999963,0.44749999999999995,15,0.5550000000000005,0.5549999999999999,0.09000000000000008,0.0,0.0,0.0,0.04500000000000004,0.04500000000000004,common
1847,1,1,1,0.00779778366453944,3.923907963851237,9.6,12.6,0.4924999999999999,0.43999999999999995,15,0.5550000000000005,0.5549999999999999,0.09000000000000008,0.5249999999999981,0.0,5.551115123125783e-17,0.04500000000000004,0.04500000000000004,common
1848,1,0,1,0.07271933559999352,3.99662729945123,9.6,12.6,0.48499999999999993,0.43249999999999994,15,0.5550000000000005,0.5549999999999999,0.09000000000000008,0.0,0.0,0.0,0.04500000000000004,0.04500000000000004,common
1849,1,0,1,0.07274508779596983,4.0,9.6,12.6,0.4775,0.4249999999999999,15,0.5550000000000005,0.5549999999999999,0.09000000000000008,0.0,0.0,0.0,0.04500000000000004,0.04500000000000004,common
1850,1,0,1,0.07274911178413407,4.0,9.6,12.6,0.4699999999999999,0.4174999999999999,15,0.5550000000000005,0.5549999999999999,0.09000000000000008,0.0,0.0,0.0,0.04500000000000004,0.04500000000000004,common
1851,1,0,1,0.07281574207149803,4.0,9.6,12.6,0.4624999999999999,0.41,15,0.5550000000000005,0.5549999999999999,0.09000000000000008,0.0,0.0,0.0,0.04500000000000004,0.04500000000000004,common
1852,1,0,1,0.07280482493086046,4.0,9.6,12.6,0.4549999999999999,0.4024999999999999,15,0.5550000000000005,0.5549999999999999,0.09000000000000008,0.0,0.0,0.0,0.04500000000000004,0.04500000000000004,common
1853,1,0,1,0.07280251976524667,4.0,9.6,12.6,0.44749999999999984,0.39499999999999996,15,0.5550000000000005,0.5549999999999999,0.09000000000000008,0.0,0.0,0.0,0.04500000000000004,0.04500000000000004,common
1854,1,2,1,0.007762404172070253,4.0,9.6,12.6,0.4399999999999999,0.4925,15,0.5550000000000005,0.5549999999999999,0.09000000000000008,0.8699999999999994,0.0,0.0,0.04500000000000004,0.04500000000000004,common
1855,1,0,1,0.07273998113766698,4.0,9.6,12.6,0.43249999999999994,0.48499999999999993,15,0.5550000000000005,0.5549999999999999,0.09000000000000008,0.0,0.0,0.0,0.04500000000000004,0.04500000000000004,common
1856,1,0,1,0.07276338360436208,4.0,9.6,12.6,0.4249999999999999,0.4775,15,0.5550000000000005,0.5549999999999999,0.09000000000000008,0.0,0.0,0.0,0.04500000000000004,0.04500000000000004,common
1857,1,0,1,0.07283142666911933,4.0,9.6,12.6,0.4174999999999999,0.4699999999999999,15,0.5550000000000005,0.5549999999999999,0.09000000000000008,0.0,0.0,0.0,0.04500000000000004,0.04500000000000004,common
1858,1,0,1,0.07276449918410217,4.0,9.6,12.6,0.40999999999999986,0.46249999999999997,15,0.5550000000000005,0.5549999999999999,0.09000000000000008,0.0,0.0,0.0,0.04500000000000004,0.04500000000000004,common
1859,1,0,1,0.07276996534322666,4.0,9.6,12.6,0.40249999999999986,0.455,15,0.5550000000000005,0.5549999999999999,0.09000000000000008,0.0,0.0,0.0,0.04500000000000004,0.04500000000000004,common
1860,1,0,1,0.07280951286999407,4.0,9.6,12.6,0.39499999999999985,0.44749999999999995,15,0.5550000000000005,0.5549999999999999,0.09000000000000008,0.0,0.0,0.0,0.04500000000000004,0.04500000000000004,common
1861,1,0,1,0.07277647931182633,4.0,9.6,12.6,0.3874999999999998,0.43999999999999995,15,0.5550000000000005,0.5549999999999999,0.09000000000000008,0.0,0.0,0.0,0.04500000000000004,0.04500000000000004,common
1862,1,0,1,0.07276761777316465,4.0,9.6,12.6,0.37999999999999984,0.43249999999999994,15,0.5550000000000005,0.5549999999999999,0.09000000000000008,0.0,0.0,0.0,0.04500000000000004,0.04500000000000004,common
1863,1,0,1,0.07277937480016486,4.0,9.6,12.6,0.37249999999999983,0.4249999999999999,15,0.5550000000000005,0.5549999999999999,0.09000000000000008,0.0,0.0,0.0,0.04500000000000004,0.04500000000000004,common
1864,1,0,0,-0.1672213619891759,3.832778638010824,9.6,12.6,0.3649999999999998,0.4174999999999999,15,0.5550000000000005,0.5549999999999999,0.09000000000000008,0.0,0.0,0.0,0.04500000000000004,0.04500000000000004,common
1865,1,0,1,0.07285197418930164,3.9056306122001256,9.6,12.6,0.3574999999999999,0.41,15,0.5550000000000005,0.5549999999999999,0.09000000000000008,0.0,0.0,0.0,0.04500000000000004,0.04500000000000004,common
1866,1,0,1,0.07283596492012823,3.978466577120254,9.6,12.6,0.3499999999999998,0.4024999999999999,15,0.5550000000000005,0.5549999999999999,0.09000000000000008,0.0,0.0,0.0,0.04500000000000004,0.04500000000000004,common
1867,1,0,1,0.07281265931043655,4.0,9.6,12.6,0.3424999999999998,0.39499999999999996,15,0.5550000000000005,0.5549999999999999,0.09000000000000008,0.0,0.0,0.0,0.04500000000000004,0.04500000000000004,common
1868,1,1,1,0.007822321302592868,4.0,9.6,12.6,0.4925,0.3874999999999999,15,0.5550000000000005,0.5549999999999999,0.09000000000000008,0.5549999999999988,0.0,0.0,0.04500000000000004,0.04500000000000004,common
1869,1,1,0,-0.23228010041931282,3.7677198995806873,9.6,12.6,0.4925,0.3799999999999999,15,0.5550000000000005,0.5549999999999999,0.09000000000000008,1.4549999999999996,0.0,0.0,0.04500000000000004,0.04500000000000004,common
1870,1,0,0,-0.16726072540460465,3.6004591741760827,9.6,12.6,0.48499999999999993,0.3724999999999999,15,0.5550000000000005,0.5549999999999999,0.09000000000000008,0.0,0.0,0.0,0.04500000000000004,0.04500000000000004,common
1871,1,1,0,-0.23220372576440632,3.3682554484116762,9.6,12.6,0.4925,0.3649999999999998,15,0.5550000000000005,0.5549999999999999,0.09000000000000008,1.41,0.0,0.0,0.04500000000000004,0.04500000000000004,common
1872,1,1,1,0.007734749112113396,3.3759901975237896,9.6,12.6,0.4925,0.3574999999999999,15,0.5550000000000005,0.5549999999999999,0.09000000000000008,1.4549999999999996,0.0,0.0,0.04500000000000004,0.04500000000000004,common
1873,1,0,1,0.07278972763507935,3.448779925158869,9.6,12.6,0.48499999999999993,0.34999999999999987,15,0.5550000000000005,0.5549999999999999,0.09000000000000008,0.0,0.0,0.0,0.04500000000000004,0.04500000000000004,common
1874,1,0,1,0.07278692649478706,3.521566851653656,9.6,12.6,0.4775,0.34249999999999986,15,0.5550000000000005,0.5549999999999999,0.09000000000000008,0.0,0.0,0.0,0.04500000000000004,0.04500000000000004,common
1875,1,0,1,0.07272787388077674,3.5942947255344326,9.6,12.6,0.4699999999999999,0.3349999999999999,15,0.5550000000000005,0.5549999999999999,0.09000000000000008,0.0,0.0,0.0,0.04500000000000004,0.04500000000000004,common
1876,1,0,0,-0.16726157730449218,3.4270331482299405,9.6,12.6,0.46249999999999997,0.32749999999999985,15,0.5550000000000005,0.5549999999999999,0.09000000000000008,0.0,0.0,0.0,0.04500000000000004,0.04500000000000004,common
1877,1,1,1,0.0077289878563553994,3.434762136086296,9.6,12.6,0.4925,0.31999999999999984,15,0.5550000000000005,0.5549999999999999,0.09000000000000008,1.2749999999999995,0.0,0.0,0.04500000000000004,0.04500000000000004,common
1878,1,0,1,0.07280964103311541,3.5075717771194115,9.6,12.6,0.48499999999999993,0.31249999999999983,15,0.5550000000000005,0.5549999999999999,0.09000000000000008,0.0,0.0,0.0,0.04500000000000004,0.04500000000000004,common
1879,1,0,1,0.07272895974989903,3.5803007368693107,9.6,12.6,0.4775,0.30499999999999977,15,0.5550000000000005,0.5549999999999999,0.09000000000000008,0.0,0.0,0.0,0.04500000000000004,0.04500000000000004,common
1880,1,0,1,0.07272684347743727,3.653027580346748,9.6,12.6,0.4699999999999999,0.2974999999999998,15,0.5550000000000005,0.5549999999999999,0.09000000000000008,0.0,0.0,0.0,0.04500000000000004,0.04500000000000004,common
1881,1,0,1,0.07273600568200252,3.72576358602875,9.6,12.6,0.46249999999999997,0.2899999999999998,15,0.5550000000000005,0.5549999999999999,0.09000000000000008,0.0,0.0,0.0,0.04500000000000004,0.04500000000000004,common
1882,1,0,1,0.07280867372277558,3.7985722597515257,9.6,12.6,0.455,0.2824999999999998,15,0.5550000000000005,0.5549999999999999,0.09000000000000008,0.0,0.0,0.0,0.04500000000000004,0.04500000000000004,common
1883,1,0,1,0.07279407878113094,3.8713663385326567,9.6,12.6,0.44749999999999995,0.27499999999999986,15,0.5550000000000005,0.5549999999999999,0.09000000000000008,0.0,0.0,0.0,0.04500000000000004,0.04500000000000004,common
1884,1,0,1,0.0727961727199443,3.944162511252601,9.6,12.6,0.43999999999999995,0.2674999999999998,15,0.5550000000000005,0.5549999999999999,0.09000000000000008,0.0,0.0,0.0,0.04500000000000004,0.04500000000000004,common
1885,1,0,1,0.0727604131355401,4.0,9.6,12.6,0.43249999999999994,0.2599999999999998,15,0.5550000000000005,0.5549999999999999,0.09000000000000008,0.0,0.0,0.0,0.04500000000000004,0.04500000000000004,common
1886,1,0,1,0.07283295313629566,4.0,9.6,12.6,0.4249999999999999,0.2524999999999998,15,0.5550000000000005,0.5549999999999999,0.09000000000000008,0.0,0.0,0.0,0.04500000000000004,0.04500000000000004,common
1887,1,0,1,0.0727348256110239,4.0,9.6,12.6,0.4174999999999999,0.24499999999999975,15,0.5550000000000005,0.5549999999999999,0.09000000000000008,0.0,0.0,0.0,0.04500000000000004,0.04500000000000004,common
1888,1,0,1,0.07282878609408518,4.0,9.6,12.6,0.41,0.2374999999999998,15,0.5550000000000005,0.5549999999999999,0.09000000000000008,0.0,0.0,0.0,0.04500000000000004,0.04500000000000004,common
1889,1,0,1,0.07276192312557726,4.0,9.6,12.6,0.4024999999999999,0.22999999999999976,15,0.5550000000000005,0.5549999999999999,0.09000000000000008,0.0,0.0,0.0,0.04500000000000004,0.04500000000000004,common
1890,1,0,0,-0.16724991622745497,3.8327500837725452,9.6,12.6,0.39499999999999996,0.22249999999999973,15,0.5550000000000005,0.5549999999999999,0.09000000000000008,0.0,0.0,0.0,0.04500000000000004,0.04500000000000004,common
1891,1,0,1,0.07281166236444898,3.905561746136994,9.6,12.6,0.3874999999999999,0.21499999999999977,15,0.5550000000000005,0.5549999999999999,0.09000000000000008,0.0,0.0,0.0,0.04500000000000004,0.04500000000000004,common
1892,1,2,1,0.007761543069850475,3.9133232892068444,9.6,12.6,0.3799999999999999,0.45749999999999974,15,0.5550000000000005,0.5549999999999999,0.09000000000000008,0.0,0.0,0.0,0.04500000000000004,0.04500000000000004,common
1893,1,0,1,0.07283369228493267,3.986156981491777,9.6,12.6,0.3724999999999999,0.44999999999999973,15,0.5550000000000005,0.5549999999999999,0.09000000000000008,0.0,0.0,0.0,0.04500000000000004,0.04500000000000004,common
1894,1,0,1,0.07277406601205817,4.0,9.6,12.6,0.3649999999999998,0.4424999999999997,15,0.5550000000000005,0.5549999999999999,0.09000000000000008,0.0,0.0,0.0,0.04500000000000004,0.04500000000000004,common
1895,1,0,1,0.07278436323750509,4.0,9.6,12.6,0.3574999999999999,0.43499999999999966,15,0.5550000000000005,0.5549999999999999,0.09000000000000008,0.0,0.0,0.0,0.04500000000000004,0.04500000000000004,common
1896,1,0,1,0.07277130591088281,4.0,9.6,12.6,0.34999999999999987,0.4274999999999997,15,0.5550000000000005,0.5549999999999999,0.09000000000000008,0.0,0.0,0.0,0.04500000000000004,0.04500000000000004,common
1897,1,2,1,0.007828206865416373,4.0,9.6,12.6,0.34249999999999986,0.4924999999999999,15,0.5550000000000005,0.5549999999999999,0.09000000000000008,1.0649999999999986,0.0,5.551115123125783e-17,0.04500000000000004,0.04500000000000004,common
1898,1,0,1,0.07277581891891446,4.0,9.6,12.6,0.3349999999999999,0.48499999999999993,15,0.5550000000000005,0.5549999999999999,0.09000000000000008,0.0,0.0,0.0,0.04500000000000004,0.04500000000000004,common
1899,1,2,1,0.007830184631924707,4.0,9.6,12.6,0.32749999999999985,0.4925,15,0.5550000000000005,0.5549999999999999,0.09000000000000008,1.4099999999999993,0.0,0.0,0.04500000000000004,0.04500000000000004,common
1900,1,0,1,0.07284325505943628,4.0,9.6,12.6,0.31999999999999984,0.48499999999999993,15,0.5550000000000005,0.5549999999999999,0.09000000000000008,0.0,0.0,0.0,0.04500000000000004,0.04500000000000004,common
1901,1,1,1,0.007831252325916981,4.0,9.6,12.6,0.4925,0.4775,15,0.5550000000000005,0.5549999999999999,0.09000000000000008,0.41999999999999904,0.0,0.0,0.04500000000000004,0.04500000000000004,common
1902,1,0,1,0.07279181999015137,4.0,9.6,12.6,0.48499999999999993,0.4699999999999999,15,0.5550000000000005,0.5549999999999999,0.09000000000000008,0.0,0.0,0.0,0.04500000000000004,0.04500000000000004,common
1903,1,2,1,0.0077329994023052195,4.0,9.6,12.6,0.4775,0.4925,15,0.5550000000000005,0.5549999999999999,0.09000000000000008,1.3199999999999998,0.0,0.0,0.04500000000000004,0.04500000000000004,common
1904,1,0,1,0.07271431568567568,4.0,9.6,12.6,0.4699999999999999,0.48499999999999993,15,0.5550000000000005,0.5549999999999999,0.09000000000000008,0.0,0.0,0.0,0.04500000000000004,0.04500000000000004,common
1905,1,0,0,-0.16721028868378665,3.8327897113162135,9.6,12.6,0.46249999999999997,0.4775,15,0.5550000000000005,0.5549999999999999,0.09000000000000008,0.0,0.0,0.0,0.04500000000000004,0.04500000000000004,common
1906,1,0,1,0.0727527572589911,3.9055424685752045,9.6,12.6,0.455,0.4699999999999999,15,0.5550000000000005,0.5549999999999999,0.09000000000000008,0.0,0.0,0.0,0.04500000000000004,0.04500000000000004,common
1907,1,0,1,0.07279446691055823,3.9783369354857627,9.6,12.6,0.44749999999999995,0.46249999999999997,15,0.5550000000000005,0.5549999999999999,0.09000000000000008,0.0,0.0,0.0,0.04500000000000004,0.04500000000000004,common
1908,1,0,1,0.07278989511607442,4.0,9.6,12.6,0.43999999999999995,0.455,15,0.5550000000000005,0.5549999999999999,0.09000000000000008,0.0,0.0,0.0,0.04500000000000004,0.04500000000000004,common
1909,1,0,1,0.07273210154508362,4.0,9.6,12.6,0.43249999999999994,0.44749999999999995,15,0.5550000000000005,0.5549999999999999,0.09000000000000008,0.0,0.0,0.0,0.04500000000000004,0.04500000000000004,common
1910,1,0,1,0.07275751934059876,4.0,9.6,12.6,0.4249999999999999,0.43999999999999995,15,0.5550000000000005,0.5549999999999999,0.09000000000000008,0.0,0.0,0.0,0.04500000000000004,0.04500000000000004,common
1911,1,0,0,-0.16719075063157893,3.832809249368421,9.6,12.6,0.4174999999999999,0.43249999999999994,15,0.5550000000000005,0.5549999999999999,0.09000000000000008,0.0,0.0,0.0,0.04500000000000004,0.04500000000000004,common
1912,1,0,1,0.0728181428298185,3.9056273921982396,9.6,12.6,0.41,0.4249999999999999,15,0.5550000000000005,0.5549999999999999,0.09000000000000008,0.0,0.0,0.0,0.04500000000000004,0.04500000000000004,common
1913,1,2,1,0.007760479214630475,3.91338787141287,9.6,12.6,0.4024999999999999,0.4925,15,0.5550000000000005,0.5549999999999999,0.09000000000000008,1.0499999999999996,0.0,0.0,0.04500000000000004,0.04500000000000004,common
1914,1,0,1,0.07275861092786437,3.986146482340734,9.6,12.6,0.39499999999999996,0.48499999999999993,15,0.5550000000000005,0.5549999999999999,0.09000000000000008,0.0,0.0,0.0,0.04500000000000004,0.04500000000000004,common
1915,1,0,1,0.07276065089215768,4.0,9.6,12.6,0.3874999999999999,0.4775,15,0.5550000000000005,0.5549999999999999,0.09000000000000008,0.0,0.0,0.0,0.04500000000000004,0.04500000000000004,common
1916,1,1,1,0.007774423644962131,4.0,9.6,12.6,0.4924999999999999,0.4699999999999999,15,0.5550000000000005,0.5549999999999999,0.09000000000000008,0.8249999999999997,0.0,5.551115123125783e-17,0.04500000000000004,0.04500000000000004,common
1917,1,0,1,0.07271853999988295,4.0,9.6,12.6,0.48499999999999993,0.46249999999999997,15,0.5550000000000005,0.5549999999999999,0.09000000000000008,0.0,0.0,0.0,0.04500000000000004,0.04500000000000004,common
1918,1,0,1,0.07278528806761916,4.0,9.6,12.6,0.4775,0.455,15,0.5550000000000005,0.5549999999999999,0.09000000000000008,0.0,0.0,0.0,0.04500000000000004,0.04500000000000004,common
1919,1,0,0,-0.16727582364178115,3.832724176358219,9.6,12.6,0.4699999999999999,0.44749999999999995,15,0.5550000000000005,0.5549999999999999,0.09000000000000008,0.0,0.0,0.0,0.04500000000000004,0.04500000000000004,common
1920,1,0,1,0.07272800595203514,4.0,9.6,12.6,0.4624999999999999,0.43999999999999995,16,0.5550000000000005,0.5549999999999999,0.09000000000000008,0.0,0.0,0.0,0.04500000000000004,0.04500000000000004,common
1921,1,0,1,0.07274808671061533,4.0,9.6,12.6,0.4549999999999999,0.43249999999999994,16,0.5550000000000005,0.5549999999999999,0.09000000000000008,0.0,0.0,0.0,0.04500000000000004,0.04500000000000004,common
1922,1,0,1,0.07274877314219767,4.0,9.6,12.6,0.44749999999999984,0.4249999999999999,16,0.5550000000000005,0.5549999999999999,0.09000000000000008,0.0,0.0,0.0,0.04500000000000004,0.04500000000000004,common
1923,1,0,1,0.07276173496397328,4.0,9.6,12.6,0.4399999999999999,0.4174999999999999,16,0.5550000000000005,0.5549999999999999,0.09000000000000008,0.0,0.0,0.0,0.04500000000000004,0.04500000000000004,common
1924,1,0,1,0.07278916378989393,4.0,9.6,12.6,0.43249999999999994,0.41,16,0.5550000000000005,0.5549999999999999,0.09000000000000008,0.0,0.0,0.0,0.04500000000000004,0.04500000000000004,common
1925,1,0,1,0.07283675579361579,4.0,9.6,12.6,0.4249999999999999,0.4024999999999999,16,0.5550000000000005,0.5549999999999999,0.09000000000000008,0.0,0.0,0.0,0.04500000000000004,0.04500000000000004,common
1926,1,0,1,0.07281133459379227,4.0,9.6,12.6,0.4174999999999999,0.39499999999999996,16,0.5550000000000005,0.5549999999999999,0.09000000000000008,0.0,0.0,0.0,0.04500000000000004,0.04500000000000004,common
1927,1,0,0,-0.16725724994157573,3.8327427500584244,9.6,12.6,0.40999999999999986,0.3874999999999999,16,0.5550000000000005,0.5549999999999999,0.09000000000000008,0.0,0.0,0.0,0.04500000000000004,0.04500000000000004,common
1928,1,0,1,0.07276759029206967,3.905510340350494,9.6,12.6,0.40249999999999986,0.3799999999999999,16,0.5550000000000005,0.5549999999999999,0.09000000000000008,0.0,0.0,0.0,0.04500000000000004,0.04500000000000004,common
1929,1,0,0,-0.16719619033796168,3.7383141500125325,9.6,12.6,0.39499999999999985,0.3724999999999999,16,0.5550000000000005,0.5549999999999999,0.09000000000000008,0.0,0.0,0.0,0.04500000000000004,0.04500000000000004,common
1930,1,0,1,0.07283462894669275,3.8111487789592253,9.6,12.6,0.3874999999999998,0.3649999999999998,16,0.5550000000000005,0.5549999999999999,0.09000000000000008,0.0,0.0,0.0,0.04500000000000004,0.04500000000000004,common
1931,1,0,1,0.07279825644064519,3.8839470353998706,9.6,12.6,0.37999999999999984,0.3574999999999999,16,0.5550000000000005,0.5549999999999999,0.09000000000000008,0.0,0.0,0.0,0.04500000000000004,0.04500000000000004,common
1932,1,0,1,0.07276110005630677,3.9567081354561773,9.6,12.6,0.37249999999999983,0.34999999999999987,16,0.5550000000000005,0.5549999999999999,0.09000000000000008,0.0,0.0,0.0,0.04500000000000004,0.04500000000000004,common
1933,1,0,1,0.07282107807956972,4.0,9.6,12.6,0.3649999999999998,0.34249999999999986,16,0.5550000000000005,0.5549999999999999,0.09000000000000008,0.0,0.0,0.0,0.04500000000000004,0.04500000000000004,common
1934,1,0,1,0.07280442961621879,4.0,9.6,12.6,0.3574999999999999,0.3349999999999999,16,0.5550000000000005,0.5549999999999999,0.09000000000000008,0.0,0.0,0.0,0.04500000000000004,0.04500000000000004,common
1935,1,0,1,0.07277585118685914,4.0,9.6,12.6,0.3499999999999998,0.32749999999999985,16,0.5550000000000005,0.5549999999999999,0.09000000000000008,0.0,0.0,0.0,0.04500000000000004,0.04500000000000004,common
1936,1,0,1,0.07283341951806811,4.0,9.6,12.6,0.3424999999999998,0.31999999999999984,16,0.5550000000000005,0.5549999999999999,0.09000000000000008,0.0,0.0,0.0,0.04500000000000004,0.04500000000000004,common
1937,1,0,1,0.07280013894056139,4.0,9.6,12.6,0.3349999999999998,0.31249999999999983,16,0.5550000000000005,0.5549999999999999,0.09000000000000008,0.0,0.0,0.0,0.04500000000000004,0.04500000000000004,common
1938,1,0,1,0.07284450332072072,4.0,9.6,12.6,0.32749999999999974,0.30499999999999977,16,0.5550000000000005,0.5549999999999999,0.09000000000000008,0.0,0.0,0.0,0.04500000000000004,0.04500000000000004,common
1939,1,2,1,0.007798380499121826,4.0,9.6,12.6,0.3199999999999998,0.4925,16,0.5550000000000005,0.5549999999999999,0.09000000000000008,0.32999999999999896,0.0,0.0,0.04500000000000004,0.04500000000000004,common
1940,1,0,1,0.07280584883056229,4.0,9.6,12.6,0.3124999999999998,0.48499999999999993,16,0.5550000000000005,0.5549999999999999,0.09000000000000008,0.0,0.0,0.0,0.04500000000000004,0.04500000000000004,common
1941,1,0,1,0.0727860344781106,4.0,9.6,12.6,0.30499999999999977,0.4775,16,0.5550000000000005,0.5549999999999999,0.09000000000000008,0.0,0.0,0.0,0.04500000000000004,0.04500000000000004,common
1942,1,0,1,0.07284291191123186,4.0,9.6,12.6,0.2974999999999998,0.4699999999999999,16,0.5550000000000005,0.5549999999999999,0.09000000000000008,0.0,0.0,0.0,0.04500000000000004,0.04500000000000004,common
1943,1,0,1,0.07278851366284958,4.0,9.6,12.6,0.28999999999999976,0.46249999999999997,16,0.5550000000000005,0.5549999999999999,0.09000000000000008,0.0,0.0,0.0,0.04500000000000004,0.04500000000000004,common
1944,1,0,1,0.07282152771485953,4.0,9.6,12.6,0.28249999999999975,0.455,16,0.5550000000000005,0.5549999999999999,0.09000000000000008,0.0,0.0,0.0,0.04500000000000004,0.04500000000000004,common
1945,1,1,1,0.007832383145786158,4.0,9.6,12.6,0.4925,0.44749999999999995,16,0.5550000000000005,0.5549999999999999,0.09000000000000008,0.1949999999999985,0.0,0.0,0.04500000000000004,0.04500000000000004,common
1946,1,0,1,0.07273334368686513,4.0,9.6,12.6,0.48499999999999993,0.43999999999999995,16,0.5550000000000005,0.5549999999999999,0.09000000000000008,0.0,0.0,0.0,0.04500000000000004,0.04500000000000004,common
1947,1,0,1,0.07273121781457213,4.0,9.6,12.6,0.4775,0.43249999999999994,16,0.5550000000000005,0.5549999999999999,0.09000000000000008,0.0,0.0,0.0,0.04500000000000004,0.04500000000000004,common
1948,1,1,0,-0.23220603809639973,3.7677939619036005,9.6,12.6,0.4924999999999999,0.4249999999999999,16,0.5550000000000005,0.5549999999999999,0.09000000000000008,1.3650000000000002,0.0,5.551115123125783e-17,0.04500000000000004,0.04500000000000004,common
1949,1,0,1,0.07279568671290003,3.8405896486165005,9.6,12.6,0.48499999999999993,0.4174999999999999,16,0.5550000000000005,0.5549999999999999,0.09000000000000008,0.0,0.0,0.0,0.04500000000000004,0.04500000000000004,common
1950,1,0,1,0.07279537970868917,3.9133850283251896,9.6,12.6,0.4775,0.41,16,0.5550000000000005,0.5549999999999999,0.09000000000000008,0.0,0.0,0.0,0.04500000000000004,0.04500000000000004,common
1951,1,1,1,0.007797470286227862,3.9211824986114174,9.6,12.6,0.4925,0.4024999999999999,16,0.5550000000000005,0.5549999999999999,0.09000000000000008,1.3649999999999995,0.0,0.0,0.04500000000000004,0.04500000000000004,common
1952,1,0,1,0.07272789324133946,3.993910391852757,9.6,12.6,0.48499999999999993,0.39499999999999996,16,0.5550000000000005,0.5549999999999999,0.09000000000000008,0.0,0.0,0.0,0.04500000000000004,0.04500000000000004,common
1953,1,0,1,0.07278846323563953,4.0,9.6,12.6,0.4775,0.3874999999999999,16,0.5550000000000005,0.5549999999999999,0.09000000000000008,0.0,0.0,0.0,0.04500000000000004,0.04500000000000004,common
1954,1,0,1,0.0727891950130145,4.0,9.6,12.6,0.4699999999999999,0.3799999999999999,16,0.5550000000000005,0.5549999999999999,0.09000000000000008,0.0,0.0,0.0,0.04500000000000004,0.04500000000000004,common
1955,1,0,1,0.07273677637864454,4.0,9.6,12.6,0.46249999999999997,0.3724999999999999,16,0.5550000000000005,0.5549999999999999,0.09000000000000008,0.0,0.0,0.0,0.04500000000000004,0.04500000000000004,common
1956,1,0,1,0.07278443748889805,4.0,9.6,12.6,0.455,0.3649999999999998,16,0.5550000000000005,0.5549999999999999,0.09000000000000008,0.0,0.0,0.0,0.04500000000000004,0.04500000000000004,common
1957,1,1,1,0.007800303197423666,4.0,9.6,12.6,0.4925,0.3574999999999999,16,0.5550000000000005,0.5549999999999999,0.09000000000000008,1.2299999999999998,0.0,0.0,0.04500000000000004,0.04500000000000004,common
1958,1,0,1,0.0727102964173869,4.0,9.6,12.6,0.48499999999999993,0.34999999999999987,16,0.5550000000000005,0.5549999999999999,0.09000000000000008,0.0,0.0,0.0,0.04500000000000004,0.04500000000000004,common
1959,1,0,1,0.07273645764073958,4.0,9.6,12.6,0.4775,0.34249999999999986,16,0.5550000000000005,0.5549999999999999,0.09000000000000008,0.0,0.0,0.0,0.04500000000000004,0.04500000000000004,common
1960,1,0,1,0.0727254044679076,4.0,9.6,12.6,0.4699999999999999,0.3349999999999999,16,0.5550000000000005,0.5549999999999999,0.09000000000000008,0.0,0.0,0.0,0.04500000000000004,0.04500000000000004,common
1961,1,0,1,0.07271632523938165,4.0,9.6,12.6,0.46249999999999997,0.32749999999999985,16,0.5550000000000005,0.5549999999999999,0.09000000000000008,0.0,0.0,0.0,0.04500000000000004,0.04500000000000004,common
1962,1,0,1,0.07280775290036731,4.0,9.6,12.6,0.455,0.31999999999999984,16,0.5550000000000005,0.5549999999999999,0.09000000000000008,0.0,0.0,0.0,0.04500000000000004,0.04500000000000004,common
1963,1,0,1,0.0727963110711733,4.0,9.6,12.6,0.44749999999999995,0.31249999999999983,16,0.5550000000000005,0.5549999999999999,0.09000000000000008,0.0,0.0,0.0,0.04500000000000004,0.04500000000000004,common
1964,1,0,1,0.07274129145774451,4.0,9.6,12.6,0.43999999999999995,0.30499999999999977,16,0.5550000000000005,0.5549999999999999,0.09000000000000008,0.0,0.0,0.0,0.04500000000000004,0.04500000000000004,common
1965,1,0,1,0.07273980621763618,4.0,9.6,12.6,0.43249999999999994,0.2974999999999998,16,0.5550000000000005,0.5549999999999999,0.09000000000000008,0.0,0.0,0.0,0.04500000000000004,0.04500000000000004,common
1966,1,0,1,0.07279466076849542,4.0,9.6,12.6,0.4249999999999999,0.2899999999999998,16,0.5550000000000005,0.5549999999999999,0.09000000000000008,0.0,0.0,0.0,0.04500000000000004,0.04500000000000004,common
1967,1,0,1,0.07273291404583843,4.0,9.6,12.6,0.4174999999999999,0.2824999999999998,16,0.5550000000000005,0.5549999999999999,0.09000000000000008,0.0,0.0,0.0,0.04500000000000004,0.04500000000000004,common
1968,1,0,1,0.0728259849071569,4.0,9.6,12.6,0.41,0.27499999999999986,16,0.5550000000000005,0.5549999999999999,0.09000000000000008,0.0,0.0,0.0,0.04500000000000004,0.04500000000000004,common
1969,1,0,1,0.07281878737813445,4.0,9.6,12.6,0.4024999999999999,0.2674999999999998,16,0.5550000000000005,0.5549999999999999,0.09000000000000008,0.0,0.0,0.0,0.04500000000000004,0.04500000000000004,common
1970,1,0,1,0.07282199930853894,4.0,9.6,12.6,0.39499999999999996,0.2599999999999998,16,0.5550000000000005,0.5549999999999999,0.09000000000000008,0.0,0.0,0.0,0.04500000000000004,0.04500000000000004,common
1971,1,1,0,-0.23225901849780198,3.767740981502198,9.6,12.6,0.4925,0.2524999999999998,16,0.5550000000000005,0.5549999999999999,0.09000000000000008,0.8699999999999994,0.0,0.0,0.04500000000000004,0.04500000000000004,common
1972,1,0,1,0.07277793414690895,3.840518915649107,9.6,12.6,0.48499999999999993,0.24499999999999975,16,0.5550000000000005,0.5549999999999999,0.09000000000000008,0.0,0.0,0.0,0.04500000000000004,0.04500000000000004,common
1973,1,0,1,0.07277657842969029,3.913295494078797,9.6,12.6,0.4775,0.2374999999999998,16,0.5550000000000005,0.5549999999999999,0.09000000000000008,0.0,0.0,0.0,0.04500000000000004,0.04500000000000004,common
1974,1,0,1,0.0727960895160914,3.9860915835948885,9.6,12.6,0.4699999999999999,0.22999999999999976,16,0.5550000000000005,0.5549999999999999,0.09000000000000008,0.0,0.0,0.0,0.04500000000000004,0.04500000000000004,common
1975,1,0,1,0.07277130308884919,4.0,9.6,12.6,0.46249999999999997,0.22249999999999973,16,0.5550000000000005,0.5549999999999999,0.09000000000000008,0.0,0.0,0.0,0.04500000000000004,0.04500000000000004,common
1976,1,0,1,0.07279493235772005,4.0,9.6,12.6,0.455,0.21499999999999977,16,0.5550000000000005,0.5549999999999999,0.09000000000000008,0.0,0.0,0.0,0.04500000000000004,0.04500000000000004,common
1977,1,0,1,0.07280911360831542,4.0,9.6,12.6,0.44749999999999995,0.20749999999999977,16,0.5550000000000005,0.5549999999999999,0.09000000000000008,0.0,0.0,0.0,0.04500000000000004,0.04500000000000004,common
1978,1,0,1,0.07271957581635459,4.0,9.6,12.6,0.43999999999999995,0.19999999999999973,16,0.5550000000000005,0.5549999999999999,0.09000000000000008,0.0,0.0,0.0,0.04500000000000004,0.04500000000000004,common
1979,1,0,1,0.07273001187540307,4.0,9.6,12.6,0.43249999999999994,0.1924999999999997,16,0.5550000000000005,0.5549999999999999,0.09000000000000008,0.0,0.0,0.0,0.04500000000000004,0.04500000000000004,common
1980,1,0,1,0.07278368259302063,4.0,9.6,12.6,0.4249999999999999,0.18499999999999972,16,0.5550000000000005,0.5549999999999999,0.09000000000000008,0.0,0.0,0.0,0.04500000000000004,0.04500000000000004,common
1981,1,0,0,-0.16727915273871716,3.832720847261283,9.6,12.6,0.4174999999999999,0.17749999999999974,16,0.5550000000000005,0.5549999999999999,0.09000000000000008,0.0,0.0,0.0,0.04500000000000004,0.04500000000000004,common
1982,1,0,1,0.07279456459617377,3.905515411857457,9.6,12.6,0.41,0.1699999999999997,16,0.5550000000000005,0.5549999999999999,0.09000000000000008,0.0,0.0,0.0,0.04500000000000004,0.04500000000000004,common
1983,1,0,1,0.07280178253469144,3.9783171943921483,9.6,12.6,0.4024999999999999,0.16249999999999967,16,0.5550000000000005,0.5549999999999999,0.09000000000000008,0.0,0.0,0.0,0.04500000000000004,0.04500000000000004,common
1984,1,0,1,0.07271941967782664,4.0,9.6,12.6,0.39499999999999996,0.1549999999999997,16,0.5550000000000005,0.5549999999999999,0.09000000000000008,0.0,0.0,0.0,0.04500000000000004,0.04500000000000004,common
1985,1,0,1,0.07274173012801871,4.0,9.6,12.6,0.3874999999999999,0.14749999999999971,16,0.5550000000000005,0.5549999999999999,0.09000000000000008,0.0,0.0,0.0,0.04500000000000004,0.04500000000000004,common
1986,1,0,1,0.07280437978605961,4.0,9.6,12.6,0.3799999999999999,0.13999999999999968,16,0.5550000000000005,0.5549999999999999,0.09000000000000008,0.0,0.0,0.0,0.04500000000000004,0.04500000000000004,common
1987,1,0,1,0.07273162449371594,4.0,9.6,12.6,0.3724999999999999,0.13249999999999965,16,0.5550000000000005,0.5549999999999999,0.09000000000000008,0.0,0.0,0.0,0.04500000000000004,0.04500000000000004,common
1988,1,0,1,0.07272775429417479,4.0,9.6,12.6,0.3649999999999998,0.12499999999999967,16,0.5550000000000005,0.5549999999999999,0.09000000000000008,0.0,0.0,0.0,0.04500000000000004,0.04500000000000004,common
1989,1,0,1,0.07274469619016871,4.0,9.6,12.6,0.3574999999999999,0.11749999999999967,16,0.5550000000000005,0.5549999999999999,0.09000000000000008,0.0,0.0,0.0,0.04500000000000004,0.04500000000000004,common
1990,1,0,1,0.07282794860832204,4.0,9.6,12.6,0.34999999999999987,0.10999999999999965,16,0.5550000000000005,0.5549999999999999,0.09000000000000008,0.0,0.0,0.0,0.04500000000000004,0.04500000000000004,common
1991,1,0,1,0.07278947347582579,4.0,9.6,12.6,0.34249999999999986,0.10249999999999963,16,0.5550000000000005,0.5549999999999999,0.09000000000000008,0.0,0.0,0.0,0.04500000000000004,0.04500000000000004,common
1992,1,0,1,0.0728198457255652,4.0,9.6,12.6,0.3349999999999999,0.09499999999999964,16,0.5550000000000005,0.5549999999999999,0.09000000000000008,0.0,0.0,0.0,0.04500000000000004,0.04500000000000004,common
1993,1,1,0,-0.23220016981505898,3.767799830184941,9.6,12.6,0.4925,0.08749999999999963,16,0.5550000000000005,0.5549999999999999,0.09000000000000008,0.5099999999999991,0.0,0.0,0.04500000000000004,0.04500000000000004,common
1994,1,0,1,0.07270136405249426,3.840501194237435,9.6,12.6,0.48499999999999993,0.07999999999999963,16,0.5550000000000005,0.5549999999999999,0.09000000000000008,0.0,0.0,0.0,0.04500000000000004,0.04500000000000004,common
1995,1,0,1,0.07277184342130565,3.913273037658741,9.6,12.6,0.4775,0.07249999999999962,16,0.5550000000000005,0.5549999999999999,0.09000000000000008,0.0,0.0,0.0,0.04500000000000004,0.04500000000000004,common
1996,1,2,1,0.007766797122714398,3.921039834781455,9.6,12.6,0.4699999999999999,0.31499999999999956,16,0.5550000000000005,0.5549999999999999,0.09000000000000008,0.0,0.0,0.0,0.04500000000000004,0.04500000000000004,common
1997,1,0,1,0.07270725217393946,3.9937470869553944,9.6,12.6,0.46249999999999997,0.3074999999999996,16,0.5550000000000005,0.5549999999999999,0.09000000000000008,0.0,0.0,0.0,0.04500000000000004,0.04500000000000004,common
1998,1,0,1,0.07277137330906273,4.0,9.6,12.6,0.455,0.2999999999999996,16,0.5550000000000005,0.5549999999999999,0.09000000000000008,0.0,0.0,0.0,0.04500000000000004,0.04500000000000004,common
1999,1,0,1,0.07271342976279538,4.0,9.6,12.6,0.44749999999999995,0.2924999999999996,16,0.5550000000000005,0.5549999999999999,0.09000000000000008,0.0,0.0,0.0,0.04500000000000004,0.04500000000000004,common
