trial,active,action,correct,net_energy,energy,mass_a,mass_b,store_a,store_b,resets,mass_added,mass_lost,consumed,overflow,external,balance_error,demand_a,demand_b
0,1,0,1,0.0708858110178132,4.0,22.217994339441386,16.484047674535397,0.0,0.07028976421477046,1,1.1444093004350586,0.9630162234241468,0.0,0.0,0.1993514336645673,0.0,0.10299387041189302,0.0963575632526743
1,1,0,1,0.07087914300472906,4.0,22.3310440230301,16.547484536921257,0.0,0.07028976421477046,1,1.1440375963239933,0.9675510503494196,0.0,0.0,0.19926645700745546,0.0,0.10279232548512933,0.09647413152232615
2,1,0,1,0.07097588790997686,4.0,22.39066064650244,16.59310668866275,0.0,0.07028976421477046,1,1.0772019892126161,0.9719632139987839,0.0,0.0,0.18556643998076647,0.0,0.09466179716736355,0.09090464281340291
3,1,0,1,0.07097847467288596,4.0,22.4437703463759,16.639360423410434,0.0,0.07028976421477046,1,1.073957618000278,0.9745941833791298,0.0,0.0,0.185467442509844,0.0,0.09393111986302771,0.0915363226468163
4,1,0,0,-0.16914599143158293,3.830854008568417,22.547758019958962,16.691733222059955,0.0,0.07028976421477046,1,1.1334387414772387,0.9770782692446585,0.0,0.0,0.1973012854447939,0.0,0.10233448646099225,0.09496679898380167
5,1,0,1,0.07085036239384257,3.9017043709622596,22.648104736698677,16.744634284338993,0.0,0.07028976421477046,1,1.134235060069225,0.980987281050473,0.0,0.0,0.1975013914536875,0.0,0.1021487418057209,0.09535264964796655
6,1,1,1,0.0058341888375732535,3.907538559799833,22.745577937932325,16.796676441716507,0.25,0.07028976421477046,1,1.1343338341371028,0.9848184755259418,0.0,0.0,0.19744281213785975,0.0,0.10209948206261439,0.0953433300752454
7,1,0,1,0.07110972534685207,3.978648285146685,22.717731190715668,16.81325668462385,0.25,0.07028976421477046,1,0.977289855181907,0.9885563594912208,0.0,0.0,0.16817410273278596,0.0,0.08267939095389125,0.08549471177889473
8,1,0,1,0.07101954990169872,4.0,22.722269224834818,16.84113256061388,0.25,0.07028976421477046,1,1.0206886069926693,0.9882746968834881,0.0,0.0,0.17594072356427207,0.0,0.08784093812885642,0.08809978543541569
9,1,0,1,0.07078260611870506,4.0,22.825827573360964,16.890069835731737,0.25,0.07028976421477046,1,1.1415806682802216,0.9890850446362175,0.0,0.0,0.19803312445313687,0.0,0.10344637704731394,0.09458674740582293
10,1,0,1,0.07078113292171262,4.0,22.92401557826252,16.935221750360704,0.25,0.07028976421477046,1,1.1362373547578408,0.9928974352273175,0.0,0.0,0.19715390664790133,0.0,0.10301427599990819,0.09413963064799315
11,1,0,1,0.07077012893436686,4.0,23.01746176287306,16.978086298662575,0.25,0.07028976421477046,1,1.132791666127991,0.9964809332155806,0.0,0.0,0.1964979389234649,0.0,0.10267090161053449,0.09382703731293043
12,1,0,1,0.07105826090742924,4.0,22.985726679635622,16.991785518431232,0.25,0.07028976421477046,1,0.9818528380696111,0.9998887015383908,0.0,0.0,0.16907408733283408,0.0,0.08322089444638608,0.08585319288644797
13,1,0,0,-0.1692343995800319,3.830765600419968,23.077144051216273,17.035449604231637,0.25,0.07028976421477046,1,1.134519262332723,0.9994378049516712,0.0,0.0,0.19699585568847547,0.0,0.10259620730916616,0.09439964837930928
14,1,0,1,0.07109051637136912,3.901856116791337,23.033800488218287,17.039868746796113,0.25,0.07028976421477046,1,0.9638904209526943,1.0028148413861977,0.0,0.0,0.16546659137773637,0.0,0.08151089371505081,0.08395569766268557
15,1,0,0,-0.169261335885852,3.732594780905485,23.127751838716534,17.081082270689386,0.25,0.07028976421477046,1,1.1370066052668797,1.00184173087536,0.0,0.0,0.19732968699999084,0.0,0.10317613885546428,0.09415354814452655
16,1,0,1,0.07108422009640729,3.803679001001892,23.081096200300006,17.085198188470876,0.25,0.07028976421477046,1,0.9626811321001104,1.005220852735148,0.0,0.0,0.16540941324400935,0.0,0.08123106788377649,0.08417834536023287
17,1,0,1,0.07075487257008065,3.8744338735719728,23.16933916236202,17.121235439627462,0.25,0.07028976421477046,1,1.1284375729378748,1.0041573597192721,0.0,0.0,0.19570296284098335,0.0,0.1024682155406307,0.09323474730035261
18,1,0,1,0.07108100010049134,3.9455148736724643,23.121174122491247,17.121086540687266,0.25,0.07028976421477046,1,0.9589504262387697,1.0072643650497373,0.0,0.0,0.1644838672484829,0.0,0.08117315199017534,0.08331071525830759
19,1,1,1,0.006097668137281778,3.9516125418097463,23.072494502010077,17.11917814447537,0.5,0.07028976421477046,1,0.9554684998863949,1.0060565165794628,0.0,0.0,0.16368484070279404,0.0,0.08077039523163321,0.08291444547116082
20,1,0,1,0.07108241664543392,4.0,23.00338834226534,17.11687371998574,0.5,0.07028976421477046,1,0.9333812319277642,1.0047918161621363,0.0,0.0,0.15988696696548765,0.0,0.07735005597411804,0.0825369109913696
21,1,0,1,0.07097995455056463,4.0,22.97134896496398,17.132159755976453,0.5,0.07028976421477046,1,0.9862532102456378,1.003006551556277,0.0,0.0,0.16962643377906042,0.0,0.08287532529626708,0.08675110848279335
22,1,0,1,0.07066602744800689,4.0,23.075711931504404,17.175306725514993,0.5,0.07028976421477046,1,1.150097654102474,1.002587718023511,0.0,0.0,0.19926797625398576,0.0,0.10466565588531891,0.09460232036866686
23,1,1,1,0.005657883169659584,4.0,23.175824290640584,17.215477385758952,0.5,0.07028976421477046,1,1.1465584858056204,1.006275466425485,0.0,1.5,0.19868366071383115,0.0,0.10444571062990439,0.09423795008392678
24,1,0,1,0.0710303845156643,4.0,23.117639137075052,17.21677018763479,0.5,0.07028976421477046,1,0.9528901902203,1.0097825419099884,0.0,0.0,0.1635512960842982,0.0,0.07942608935893945,0.08412520672535875
25,1,0,1,0.07095841351195832,4.0,23.08537090905419,17.22915498461133,0.5,0.07028976421477046,1,0.9884768020734201,1.0083602331177461,0.0,0.0,0.17005554967430322,0.0,0.08330055791424318,0.08675499176006003
26,1,2,1,0.005659617530057176,4.0,23.183522703142422,17.266762577240314,0.5,0.30520701671578304,1,1.1436225340588584,1.007863147341638,0.0,0.09049648499392449,0.19821810249444496,0.0,0.10417568832018552,0.09404241417425944
27,1,1,0,-0.23418084923237092,3.765819150767629,23.1911250048865,17.308287682737088,0.5,0.30520701671578304,1,1.0603845392504174,1.0112571320095687,0.0,1.5,0.18471109139749514,0.0,0.0903459837814257,0.09436510761606942
28,1,0,1,0.0708160669401545,3.8366352177077836,23.196265719438358,17.349266138381495,0.5,0.30520701671578304,1,1.0586044873868523,1.0124853171905897,0.0,0.0,0.1844667786981545,0.0,0.08994979605861621,0.09451698263953831
29,1,0,1,0.07073304842921589,3.9073682661369995,23.272620450485032,17.36422703952304,0.5,0.30520701671578304,1,1.1049539286337198,1.0136382964454964,0.0,0.0,0.1919682611730951,0.0,0.10123898584902757,0.09072927532406755
30,1,0,1,0.07077246189242326,3.9781407280294228,23.28877053927408,17.407391763144147,0.5,0.30520701671578304,1,1.0752359996603502,1.015921187250202,0.0,0.0,0.18715013950185247,0.0,0.09192631962640498,0.0952238198754475
31,1,0,1,0.07069667657207208,4.0,23.36472238334885,17.42544984300522,0.5,0.30520701671578304,1,1.1114139814963049,1.0174040575604557,0.0,0.0,0.1930867324764633,0.0,0.10154337138098692,0.0915433610954764
32,1,0,1,0.07072471632601955,4.0,23.43367203727879,17.43109254488762,0.5,0.30520701671578304,1,1.094346661471186,1.0197543056588518,0.0,0.0,0.19007412264062046,0.0,0.1007444431323325,0.08932967950828793
33,1,0,1,0.07081248502655393,4.0,23.422765757774712,17.46408680403151,0.5,0.30520701671578304,1,1.0437070941939721,1.0216191145541602,0.0,0.0,0.18169617511231795,0.0,0.08843324740978539,0.09326292770253256
34,1,0,1,0.07079376262058504,4.0,23.417412514973957,17.496791982061083,0.5,0.30520701671578304,1,1.049523249273976,1.0221713140451556,0.0,0.0,0.1826320064982151,0.0,0.08925534179192748,0.09337666470628765
35,1,0,1,0.07074488279440262,4.0,23.42764701720249,17.536992534052903,0.5,0.30520701671578304,1,1.073290166646229,1.022855112425876,0.0,0.0,0.1868349229143484,0.0,0.09153084121133631,0.09530408170301206
36,1,0,1,0.07079704489991735,4.0,23.421797048139208,17.56775975729036,0.5,0.30520701671578304,1,1.0490332429555624,1.0241159887813849,0.0,0.0,0.18237678179852548,0.0,0.08910306406676936,0.0932737177317561
37,1,0,1,0.07069331489617374,4.0,23.491457562665556,17.576388992182604,0.5,0.30520701671578304,1,1.103028669554329,1.0247389201357393,0.0,0.0,0.19149684309138168,0.0,0.10103358505588325,0.0904632580354984
38,1,0,1,0.07077394414650971,4.0,23.488491934380125,17.60577140581457,0.5,0.30520701671578304,1,1.0531129492177396,1.026696163871204,0.0,0.0,0.1833234171458645,0.0,0.08993313209848278,0.09339028504738173
39,1,0,1,0.0707579299671058,4.0,23.48729457065782,17.63996008458394,0.5,0.30520701671578304,1,1.0603478985519352,1.0273565835048675,0.0,0.0,0.18454348273032048,0.0,0.09007496647283243,0.09446851625748809
40,1,0,1,0.07067692154936364,4.0,23.55619161623411,17.64603124119155,0.5,0.30520701671578304,1,1.1031495685649442,1.0281813663810442,0.0,0.0,0.19151740340560783,0.0,0.10116343001942235,0.09035397338618549
41,1,0,1,0.07078142799703059,4.0,23.544865878050295,17.670962910657693,0.5,0.30520701671578304,1,1.0436615027179676,1.0300555714356416,0.0,0.0,0.1813359159784317,0.0,0.08877444781215449,0.09256146816627725
42,1,0,0,-0.16929668707093204,3.830703312929068,23.60665792610584,17.67100654271337,0.5,0.30520701671578304,1,1.0922313998289206,1.0303957197176998,0.0,0.0,0.1897716672489648,0.0,0.10032892119467818,0.08944274605428662
43,1,0,1,0.07070118130407298,3.901404494233141,23.66331835054966,17.669975066912592,0.5,0.30520701671578304,1,1.0875705603635244,1.0319416117204803,0.0,0.0,0.18889074275841608,0.0,0.09971024051628656,0.08918050224212952
44,1,0,1,0.07079246586441826,3.972196960097559,23.643748060204853,17.693062559521117,0.5,0.30520701671578304,1,1.0368495377002742,1.0333323354365564,0.0,0.0,0.18025916955937205,0.0,0.08788639415942666,0.09237277539994539
45,1,0,0,-0.16931380559293382,3.802883154504625,23.701541867850178,17.695720488261234,0.5,0.30520701671578304,1,1.093872001878593,1.0334202654931495,0.0,0.0,0.1900966006423034,0.0,0.10006289667792682,0.0900337039643766
46,1,0,1,0.07076811087369325,3.873651265378318,23.6852527490987,17.72063882707794,0.5,0.30520701671578304,1,1.0435607789680135,1.0349315589027854,0.0,0.0,0.18123738359361494,0.0,0.08853878577282807,0.09269859782078685
47,1,0,1,0.07067572682529141,3.9443269922036097,23.743708594782948,17.721252241080645,0.5,0.30520701671578304,1,1.0942165490913662,1.035147289404416,0.0,0.0,0.18988949232993685,0.0,0.10029520870233942,0.08959428362759746
48,1,0,0,-0.16923237651152895,3.7750946156920806,23.729131722074868,17.744153302663953,0.5,0.30520701671578304,1,1.0449482097718186,1.03662402089659,0.0,0.0,0.18169093759355084,0.0,0.08897482362663069,0.09271611396692016
49,1,0,0,-0.16925930032357164,3.605835315368509,23.72063210672453,17.77108486347943,0.5,0.30520701671578304,1,1.0552640710836068,1.0368321256184707,0.0,0.0,0.18341899951348922,0.0,0.08982827916507641,0.0935907203484128
50,1,0,0,-0.16933236499454085,3.436502950373968,23.779410949325694,17.769442470359667,0.5,0.30520701671578304,1,1.0944293737365012,1.037292924255099,0.0,0.0,0.1898701262293025,0.0,0.10048264191848635,0.08938748431081617
51,1,0,1,0.07065957066375689,3.5071625210377246,23.834725337261546,17.771785387816244,0.5,0.30520701671578304,1,1.096378640884564,1.0387213354921339,0.0,0.0,0.1903082261212312,0.0,0.10016853653471999,0.09013968958651121
52,1,0,1,0.0707862263739508,3.5779487474116753,23.806236315978158,17.791613009751345,0.5,0.30520701671578304,1,1.0315013687786583,1.0401627681269447,0.0,0.0,0.17921937924923306,0.0,0.08712263024526495,0.09209674900396814
53,1,0,1,0.07067281272122553,3.648621560132901,23.859267672820476,17.78743972818221,0.5,0.30520701671578304,1,1.0888043084164205,1.0399462331432376,0.0,0.0,0.18897793135197763,0.0,0.09994288676291409,0.08903504458906353
54,1,0,1,0.07075747951262026,3.719379039645521,23.83947506906924,17.80957841765003,0.5,0.30520701671578304,1,1.043513770741654,1.0411676850250673,0.0,0.0,0.18125092976392723,0.0,0.08854404994315869,0.09270687982076853
55,1,0,1,0.07065599885814643,3.7900350385036674,23.8913526148065,17.80981632417906,0.5,0.30520701671578304,1,1.0933417894342679,1.041226337167982,0.0,0.0,0.18961830682707215,0.0,0.09987160267503564,0.08974670415203653
56,1,0,1,0.07064727585811786,3.860682314361785,23.943075331716233,17.812124517987783,0.5,0.30520701671578304,1,1.0965601341930977,1.042529223474639,0.0,0.0,0.1902653792346342,0.0,0.10002065622603408,0.09024472300860016
57,1,0,1,0.07064755108185612,3.9313298654436415,23.991475107898836,17.813774478153363,0.5,0.30520701671578304,1,1.0939297325907806,1.0438799962426004,0.0,0.0,0.1898383554888232,0.0,0.09969823381210843,0.09014012167671474
58,1,0,1,0.07064237817102136,4.0,24.037091731840754,17.813216398974212,0.5,0.30520701671578304,1,1.0901897844140727,1.045131239651305,0.0,0.0,0.18935120430976551,0.0,0.0994578285346994,0.08989337577506613
59,1,0,1,0.0707529508788545,4.0,24.007839219846026,17.832874559407344,0.5,0.30520701671578304,1,1.0366633517087767,1.0462577032703742,0.0,0.0,0.17988134479073378,0.0,0.08776286949855974,0.092118475292174
60,1,0,1,0.07073398012963689,4.0,23.9839803860988,17.856859418988584,0.5,0.30520701671578304,1,1.0461438703153536,1.0460178444813344,0.0,0.0,0.1817601591195443,0.0,0.08845557046330133,0.09330458865624298
61,1,0,1,0.07076361145764976,4.0,23.955076515544206,17.873486974735652,0.5,0.30520701671578304,1,1.0337446803196588,1.0460209951271848,0.0,0.0,0.17931176141685423,0.0,0.08761996353642594,0.0916917978804283
62,1,0,1,0.07064069585245136,4.0,24.003098445775933,17.87557915604958,0.5,0.30520701671578304,1,1.095828198802646,1.0457140872569965,0.0,0.0,0.19017512174255552,0.0,0.09970225620325336,0.09047286553930216
63,1,0,0,-0.16917146648623133,3.8308285335137686,23.951975022281104,17.882062150206927,0.5,0.30520701671578304,1,1.0023265107081543,1.0469669400456378,0.0,0.0,0.17371898479830022,0.0,0.08420650463361086,0.08951248016468935
64,1,0,1,0.07075776803571374,3.9015863015494823,23.920510541003146,17.90178197770465,0.5,0.30520701671578304,1,1.0341062755319708,1.0458509293122007,0.0,0.0,0.17978871168840538,0.0,0.08710220761154801,0.09268650407685736
65,1,1,1,0.00565112259200125,3.9072374241414836,23.969351672241192,17.897725067753782,0.5,0.30520701671578304,1,1.0903415342548743,1.045557312967695,0.0,1.5,0.18928271792952722,0.0,0.09976207043565186,0.08952064749387537
66,1,0,1,0.07079625340518544,3.978033677546669,23.92382161248294,17.909069821286913,0.5,0.30520701671578304,1,1.0124916122747498,1.0466769184998745,0.0,0.0,0.17562467099240267,0.0,0.08495582719419857,0.0906688437982041
67,1,0,1,0.07073136900972912,4.0,23.901619912172617,17.932212149481014,0.5,0.30520701671578304,1,1.0467629137280217,1.0458222858442463,0.0,0.0,0.1822112873883289,0.0,0.08845798221842066,0.09375330516990824
68,1,0,1,0.07063270839023206,4.0,23.953545658535965,17.9322719266679,0.5,0.30520701671578304,1,1.0978313250915788,1.0458458015413408,0.0,0.0,0.19051316361144466,0.0,0.10013306837645865,0.090380095234986
69,1,0,1,0.07066103794954255,4.0,23.999186002276097,17.923653770115987,0.5,0.30520701671578304,1,1.0841676268183134,1.0471454396300968,0.0,0.0,0.1882200101452694,0.0,0.0993411672302658,0.0888788429150036
70,1,0,1,0.07066163168454612,4.0,24.04172708039661,17.91171530163089,0.5,0.30520701671578304,1,1.0786736039452158,1.048070994309802,0.0,0.0,0.1872122996457551,0.0,0.09907880851105887,0.08813349113469625
71,1,0,0,-0.1693663560581943,3.830633643941806,24.08564283803098,17.90837844216624,0.5,0.30520701671578304,1,1.0894149577204109,1.0488360595506876,0.0,0.0,0.18911113178042838,0.0,0.09940784742253811,0.08970328435789025
72,1,0,1,0.07061752246670697,3.901251166408513,24.128987350094015,17.909238248629272,0.5,0.30520701671578304,1,1.0940548505309908,1.0498505320049305,0.0,0.0,0.1899020282965175,0.0,0.09949517713434289,0.09040685116217462
73,1,0,1,0.07063703983312296,3.971888206241636,24.165949760307285,17.907106749588692,0.5,0.30520701671578304,1,1.0857865511407765,1.0509556399680822,0.0,0.0,0.18850700474796744,0.0,0.09862751577131436,0.08987948897665307
74,1,0,1,0.07062062400156262,4.0,24.20667683496986,17.908261366232395,0.5,0.30520701671578304,1,1.0937081040536791,1.0518264127473995,0.0,0.0,0.1897728337720109,0.0,0.09938002326612888,0.09039281050588202
75,1,1,1,0.00563892314741313,4.0,24.240487755475883,17.904496702758742,0.5,0.30520701671578304,1,1.082919712062424,1.0528734550300565,0.0,1.5,0.18797214230076856,0.0,0.09848160868904057,0.08949053361172798
76,1,0,1,0.07077307062579798,4.0,24.189552467772643,17.917245221175612,0.5,0.30520701671578304,1,1.0154378421695007,1.0536246114558656,0.0,0.0,0.17615671430195956,0.0,0.08513811105099718,0.09101860325096238
77,1,0,1,0.07074626339108614,4.0,24.149345602799265,17.934658321978752,0.5,0.30520701671578304,1,1.029876178053461,1.0526699422237065,0.0,0.0,0.1788201514687636,0.0,0.0866249487558861,0.09219520271287748
78,1,0,1,0.07062505478508979,4.0,24.188387620034185,17.935718389599806,0.5,0.30520701671578304,1,1.092202182975431,1.0521000981194504,0.0,0.0,0.18951126028769774,0.0,0.09902111784358528,0.09049014244411246
79,1,0,0,-0.1693758155844981,3.830624184415502,24.226357311095718,17.93254797196831,0.5,0.30520701671578304,1,1.087901923670887,1.0531026502408498,0.0,0.0,0.1887976197061071,0.0,0.09900787436318736,0.08978974534291972
80,1,0,1,0.07062628943963811,3.90125047385514,24.261169734030688,17.931392845113677,0.5,0.30520701671578304,1,1.0876299281569324,1.0539726320766007,0.0,0.0,0.18883613775494754,0.0,0.09871603088969969,0.09012010686524782
81,1,0,1,0.07080484733355125,3.9720553211886913,24.204006503962407,17.939318441967828,0.5,0.30520701671578304,1,1.0055764312644813,1.054814064478609,0.0,0.0,0.17432836779422087,0.0,0.08418772272747205,0.09014064506674885
82,1,0,1,0.0706378580023154,4.0,24.23903010812925,17.93488112597027,0.5,0.30520701671578304,1,1.0841694118175407,1.053583123648256,0.0,0.0,0.18815906873508992,0.0,0.09864246240924285,0.0895166063258471
83,1,0,1,0.07061433550074389,4.0,24.27440824385539,17.93700526269816,0.5,0.30520701671578304,1,1.0918500533065185,1.0543477808524881,0.0,0.0,0.1895432782295961,0.0,0.09881457182478236,0.09072870640481373
84,1,0,1,0.0706184244059519,4.0,24.309090411495585,17.93718466185706,0.5,0.30520701671578304,1,1.0901469044629348,1.055285337663839,0.0,0.0,0.1892035276758409,0.0,0.09885424923823027,0.09034927843761065
85,1,0,1,0.07062684932408751,4.0,24.340487183742656,17.93236734728135,0.5,0.30520701671578304,1,1.0827363345051781,1.0561568768338163,0.0,0.0,0.1880989024981162,0.0,0.09849076503899568,0.08960813745912045
86,1,0,1,0.07076646810791627,4.0,24.28608903738361,17.945872393048422,0.5,0.30520701671578304,1,1.0159282626836266,1.0568213632756003,0.0,0.0,0.17622952067548786,0.0,0.08498197968770835,0.09124754098777951
87,1,0,1,0.07068881409069563,4.0,24.256321075824832,17.970914947669808,0.5,0.30520701671578304,1,1.0510736288234068,1.055799035760801,0.0,0.0,0.1826103094333024,0.0,0.08856327185032228,0.09404703758298011
88,1,0,1,0.07077796402799137,4.0,24.203988613074998,17.97932350725506,0.5,0.30520701671578304,1,1.0117569974227818,1.0556809005873662,0.0,0.0,0.17531204223415514,0.0,0.08497454401689439,0.09033749821726075
89,1,0,1,0.07071161946244242,4.0,24.172983995145767,17.998391638694578,0.5,0.30520701671578304,1,1.0426463165185424,1.0545828030082516,0.0,0.0,0.18090432419771915,0.0,0.08804435633397621,0.09285996786374295
90,1,0,0,-0.16937878062767242,3.8306212193723277,24.21294661821417,17.993620247433157,0.5,0.30520701671578304,1,1.0894756226529863,1.0542843908460087,0.0,0.0,0.1891555246200272,0.0,0.09930508569904646,0.08985043892098077
91,1,0,1,0.07064875337844209,3.90126997275077,24.24562419286955,17.98200566483535,0.5,0.30520701671578304,1,1.076227163698762,1.055164171641183,0.0,0.0,0.18675279970975603,0.0,0.09833622716425251,0.08841657254550352
92,1,0,1,0.07075869471244754,3.9720286674632175,24.20136336629276,17.993236454134223,0.5,0.30520701671578304,1,1.0226607091647038,1.0556907464426226,0.0,0.0,0.17731709414962363,0.0,0.08616723513836379,0.0911498590112598
93,1,2,1,0.005640641231025642,3.977669308694243,24.236124835568255,17.983234120741873,0.5,0.5,1,1.079624131393817,1.0548649955106746,0.0,0.33124210029469825,0.18719135584342658,0.0,0.09861417318388915,0.08857718265953744
94,1,0,1,0.07054689944018036,4.0,24.259786444957527,18.030195240672906,0.5,0.5,1,1.1261067032280563,1.0554839739077533,0.0,0.0,0.19582424712124274,0.0,0.09656711003328919,0.09925713708795357
95,1,0,1,0.07077847190121044,4.0,24.25057000708477,17.995870226282207,0.5,0.5,1,1.0137080898773134,1.0572495421407608,0.0,0.0,0.1772383091491161,0.0,0.09209263888497585,0.08514567026414023
96,1,0,0,-0.16925204082095144,3.8307479591790488,24.2552313059596,17.962900542002746,0.5,0.5,1,1.02785262042954,1.0561610058341748,0.0,0.0,0.17944106777565985,0.0,0.09414537276830891,0.08529569500735097
97,1,0,0,-0.16945542309615885,3.66129253608289,24.279317141646864,18.010716017390966,0.5,0.5,1,1.1273546072745377,1.0554532961990586,0.0,0.0,0.196042499642853,0.0,0.09672284229881004,0.09931965734404297
98,1,0,1,0.07075586133364248,3.7320483974165324,24.280543589340216,17.976207230010964,0.5,0.5,1,1.023968489289298,1.057250828975946,0.0,0.0,0.17879056996118303,0.0,0.09376769049046356,0.08502287947071946
99,1,0,0,-0.16926727837831762,3.5627811190382146,24.285879870476474,17.948312012916027,0.5,0.5,1,1.033859834525101,1.0564187704837795,0.0,0.0,0.18044966174741206,0.0,0.09437630048394684,0.08607336126346524
100,1,0,1,0.0707695024191602,3.633550621457375,24.283007158402675,17.916524728603342,0.5,0.5,1,1.0211948006983267,1.0558547970848127,0.0,0.0,0.17827341496842014,0.0,0.09309528886842672,0.0851781260999934
101,1,0,1,0.07056280197129919,3.7041134234286743,24.301835981956636,17.964237444327406,0.5,0.5,1,1.1215298364531747,1.0549882971751505,0.0,0.0,0.19485640726417364,0.0,0.09606444050629528,0.09879196675787831
102,1,0,1,0.07056017863896497,3.7746736020676392,24.31396955531505,18.00894124084759,0.5,0.5,1,1.1134892055357,1.056651835657101,0.0,0.0,0.19330120091350367,0.0,0.09500346020425818,0.09829774070924548
103,1,0,1,0.07072965816896873,3.845403260236608,24.318934701771557,17.97928061018385,0.5,0.5,1,1.033377285696832,1.058072769904066,0.0,0.0,0.18031421839270162,0.0,0.09443485822513464,0.08587936016756696
104,1,2,1,0.005745099874977482,3.8511483601115852,24.320774910548415,17.949045117794878,0.5,0.5,1,1.0290600991867733,1.057455382798885,0.0,1.5,0.1796282255095261,0.0,0.09399552283131604,0.08563270267821003
105,1,0,1,0.07057313304996247,3.921721493161548,24.328127761697232,17.99394354776142,0.5,0.5,1,1.1089967818239441,1.0567455007085824,0.0,0.0,0.19243791338592983,0.0,0.09435882440767294,0.09807908897825686
106,1,1,1,0.005555876499091507,3.9272773696606396,24.339724416198663,18.036946425098485,0.5,0.5,1,1.1126513145749577,1.0580517827364664,0.0,1.5,0.19312817486935516,0.0,0.09504854202059874,0.09807963284875643
107,1,0,1,0.07074852149795255,3.998025891158592,24.338997008139316,18.002334249191676,0.5,0.5,1,1.024077187066272,1.0594167710324287,0.0,0.0,0.17872546391886274,0.0,0.09364157621736201,0.08508388770150072
108,1,0,1,0.0705297532946834,4.0,24.359756201498378,18.051899514491154,0.5,0.5,1,1.1288577400918192,1.0585332814332746,0.0,0.0,0.19615224443452597,0.0,0.09657048783430909,0.0995817566002169
109,1,0,1,0.07074741691494298,4.0,24.354452262130238,18.017907428270874,0.5,0.5,1,1.0209953673113161,1.0602913928997384,0.0,0.0,0.1783807300923737,0.0,0.09303694051473957,0.08534378957763412
110,1,0,0,-0.16943532842531056,3.8305646715746895,24.36112911863668,18.058795847112727,0.5,0.5,1,1.1068742676083199,1.0593089922600278,0.0,0.0,0.1920676552808243,0.0,0.09439572151097873,0.09767193376984556
111,1,1,1,0.005741587501979717,3.836306259076669,24.356765273430078,18.025484717015964,0.5,0.5,1,1.022823148840375,1.0604981241437352,0.0,1.5,0.17860995599048213,0.0,0.09322126123123925,0.08538869475924289
112,1,0,0,-0.16928092604753425,3.6670253330291347,24.36250676403875,17.996856868807455,0.5,0.5,1,1.0366698921613131,1.059556249761151,0.0,0.0,0.18063081040161988,0.0,0.09474926867599466,0.08588154172562525
113,1,0,1,0.07072185025744937,3.737747183286584,24.367350597027162,17.970502435703327,0.5,0.5,1,1.0374734907054428,1.0589840908211552,0.0,0.0,0.18078517010823406,0.0,0.09457838065736085,0.0862067894508732
114,1,0,1,0.07054057158583328,3.808287754872417,24.383553836809767,18.02002516790796,0.5,0.5,1,1.1241722978054987,1.0584463258182624,0.0,0.0,0.1951483214725439,0.0,0.09593065593432698,0.09921766553821693
115,1,0,1,0.07075000838453502,3.879037763256952,24.378085017566516,17.98852687226872,0.5,0.5,1,1.0231223602354498,1.0600894751179433,0.0,0.0,0.1786543211595781,0.0,0.09314019899133286,0.08551412216824522
116,1,0,1,0.07074436543984018,3.9497821286967922,24.37313230953026,17.959407067050595,0.5,0.5,1,1.0250927839914998,1.059165297245881,0.0,0.0,0.17897433416658035,0.0,0.09318950133338594,0.08578483283319437
117,1,0,1,0.07072479266960165,4.0,24.373459181285327,17.93254556413354,0.5,0.5,1,1.0317788532525358,1.0583134844145214,0.0,0.0,0.18004245834408594,0.0,0.09392846461968751,0.08611399372439843
118,1,0,1,0.07055110916516938,4.0,24.387473546751362,17.983277905501314,0.5,0.5,1,1.1223968254692789,1.0576501186354719,0.0,0.0,0.19473846113538484,0.0,0.09557331791035747,0.09916514322502736
119,1,0,1,0.07053743095898264,4.0,24.402419777882734,18.031063997462482,0.5,0.5,1,1.122001109398858,1.0592687863063168,0.0,0.0,0.19469243507389006,0.0,0.09582364155340162,0.09886879352048843
120,1,0,1,0.07053467019475754,4.0,24.41838009061969,18.07732707432448,0.5,0.5,1,1.1230604839825782,1.0608370943836305,0.0,0.0,0.1947872322004604,0.0,0.09600187278121924,0.09878535941924116
121,1,0,1,0.07074684604144747,4.0,24.409329799396538,18.0438894595668,0.5,0.5,1,1.019904773142777,1.0623926791236042,0.0,0.0,0.17813620585846607,0.0,0.09269477997037671,0.08544142588808935
122,1,2,1,0.005536387319507589,4.0,24.42319415645893,18.089451388129863,0.5,0.5,1,1.12075676709954,1.0613304814740836,0.0,1.5,0.1945301324270748,0.0,0.09572650827291396,0.09880362415416083
123,1,0,1,0.0707241244108259,4.0,24.420570165194427,18.05421091430525,0.5,0.5,1,1.0249516735256086,1.06281613861472,0.0,0.0,0.1788649328966484,0.0,0.09369399707872893,0.08517093581791947
124,1,0,1,0.07052064747732015,4.0,24.437109155354612,18.101873079515066,0.5,0.5,1,1.1260706823574829,1.061869526987492,0.0,0.0,0.1954292738187236,0.0,0.09618607627105982,0.09924319754766378
125,1,0,1,0.0705196663227109,4.0,24.451308683669502,18.14792195123328,0.5,0.5,1,1.1237229559048512,1.0634745558717418,0.0,0.0,0.19503365786823204,0.0,0.09593483681941085,0.09909882104882117
126,1,0,1,0.07074785254720674,4.0,24.440174397004686,18.109710263293685,0.5,0.5,1,1.0156347912681583,1.0649807658725696,0.0,0.0,0.17734866503759708,0.0,0.09253620582461788,0.08481245921297921
127,1,0,1,0.07054031738802251,4.0,24.449150004392475,18.15164096322002,0.5,0.5,1,1.1146534238215855,1.0637471165074595,0.0,0.0,0.19334884852386452,0.0,0.09510723275240071,0.09824161577146381
128,1,2,1,0.005731926740695402,4.0,24.442180261896056,18.114391903508576,0.5,0.5,2,1.0208009719824498,1.0650197741903125,0.0,1.5,0.17804711589714295,0.0,0.09314805551290939,0.08489906038423355
129,1,0,0,-0.16929457142494753,3.8307054285750524,24.442230398096072,18.084517392726635,0.5,0.5,2,1.0340899295531907,1.063914304135116,0.0,0.0,0.18030091869016712,0.0,0.09422034920130289,0.08608056948886424
130,1,1,1,0.0057149290178182275,3.836420357592871,24.44261401519643,18.055074799043382,0.5,0.5,2,1.034109718187669,1.0631686947705679,0.0,1.5,0.18029296325187702,0.0,0.09424338368135632,0.0860495795705207
131,1,0,1,0.07054477255100922,3.90696513014388,24.45191686745691,18.100444038212597,0.5,0.5,2,1.1171143117856959,1.0624422203559953,0.0,0.0,0.19376134630892583,0.0,0.09510887492215345,0.09865247138677238
132,1,0,1,0.07056227728894933,3.9775274074328295,24.450273334947703,18.14037000225198,0.5,0.5,2,1.1020914541719118,1.0638090226417378,0.0,0.0,0.1910687975363706,0.0,0.09349233014931428,0.0975764673870563
133,1,0,0,-0.16928175509177618,3.8082456523410535,24.444841209287972,18.110239523277812,0.5,0.5,2,1.029203478796085,1.0647660834299923,0.0,0.0,0.1795362136470433,0.0,0.09338919812186527,0.08614701552517809
134,1,0,1,0.0707259728234559,3.8789716251645094,24.440028256690738,18.07792874333556,0.5,0.5,2,1.0267532857746613,1.0638770183141446,0.0,0.0,0.17894980555617826,0.0,0.09345091438212207,0.0854988911740562
135,1,2,1,0.005509534746584519,3.8844811599110938,24.459264743643615,18.129169221619904,0.5,0.5,2,1.1334258902378767,1.0629489250006574,0.0,1.5,0.19692065969568323,0.0,0.0967245870754096,0.10019607262027364
136,1,0,1,0.07049013645118903,3.9549712963622827,24.478523108626938,18.18017637321812,0.5,0.5,2,1.1349763657131335,1.064710849131588,0.0,0.0,0.19716421983182622,0.0,0.09680662675819787,0.1003575930736284
137,1,2,1,0.005720560535827679,3.9606918568981104,24.472770835526465,18.143912610049334,0.5,0.5,2,1.0244514507768645,1.0664674870461266,0.0,1.5,0.17868055310718098,0.0,0.09344579931293892,0.08523475379424207
138,1,0,1,0.07069963426643121,4.0,24.469062658298583,18.114992403065685,0.5,0.5,2,1.0327887019278639,1.0654170861393952,0.0,0.0,0.18022242478972156,0.0,0.09375131581597008,0.08647110897375143
139,1,0,1,0.0705303720142059,4.0,24.47628319734266,18.159502070789372,0.5,0.5,2,1.1163315833018699,1.0646013765341067,0.0,0.0,0.19363989564205905,0.0,0.09492548377347453,0.09871441186858451
140,1,2,1,0.005738086171907443,4.0,24.465806087301456,18.122571858862482,0.5,0.5,2,1.018487309735206,1.065894631703301,0.0,1.5,0.17779908240770106,0.0,0.09272755929681316,0.0850715231108879
141,1,0,1,0.0705339639618266,4.0,24.476708107473264,18.16581180721424,0.5,0.5,2,1.1188514171776656,1.0647094486540984,0.0,0.0,0.19408920944827315,0.0,0.09552697861149657,0.0985622308367766
142,1,0,1,0.07072754077736308,4.0,24.469198725911877,18.129993523250263,0.5,0.5,2,1.0227353323418227,1.0660629978671876,0.0,0.0,0.17847401156773177,0.0,0.09319172894207406,0.0852822826256577
143,1,2,1,0.005736115006774152,4.0,24.459717088882933,18.099049878641814,0.5,0.5,2,1.0245545245916563,1.0649798062290534,0.0,1.5,0.17882145817423525,0.0,0.09282496164399068,0.08599649653024452
144,1,1,1,0.005523538418579996,4.0,24.470302221836466,18.14582932155912,0.5,0.5,2,1.1213337500589635,1.0639691741881185,0.0,1.5,0.19448665336573992,0.0,0.0954068529166488,0.0990798004490911
145,1,0,1,0.07050623293747774,4.0,24.483879486701298,18.191740107348394,0.5,0.5,2,1.1248913392389983,1.0654032885848896,0.0,0.0,0.19511931191581477,0.0,0.09593177077766121,0.09918754113815353
146,1,0,1,0.07054128710599814,4.0,24.483526486472826,18.230341271134645,0.5,0.5,2,1.1051386534090182,1.0668904898512424,0.0,0.0,0.19154534118004576,0.0,0.09377894675751626,0.09776639442252949
147,1,0,1,0.0706996772162532,4.0,24.482492857005,18.194957435761708,0.5,0.5,2,1.0314292290994254,1.067846693940187,0.0,0.0,0.17969185800864768,0.0,0.09419365411678901,0.08549820389185862
148,1,0,1,0.07050900986539801,4.0,24.496844144371966,18.238209669979973,0.5,0.5,2,1.1245397789043927,1.0669362573191679,0.0,0.0,0.19519383755879313,0.0,0.0961311330944048,0.0990627044643883
149,1,0,1,0.07072412081690911,4.0,24.486772980705943,18.199528805424325,0.5,0.5,2,1.0196243171371338,1.0683763453587984,0.0,0.0,0.17794348657902945,0.0,0.092883144488585,0.08506034209044447
150,1,0,1,0.07069055399216007,4.0,24.487952017749464,18.169247464895882,0.5,0.5,2,1.0380552411683333,1.0671575446532566,0.0,0.0,0.18093346449304454,0.0,0.09454691586480551,0.08638654862823902
151,1,0,1,0.07069651157929031,4.0,24.4865279393914,18.138536937198133,0.5,0.5,2,1.0342953810103215,1.0664299870661336,0.0,0.0,0.1801578517801048,0.0,0.09416008404008076,0.08599776774002402
152,1,0,1,0.0705090357835491,4.0,24.499066434134644,18.18591327235853,0.5,0.5,2,1.1255414518183775,1.0656266219147383,0.0,0.0,0.19533528121096225,0.0,0.09583848142903628,0.09949679978192597
153,1,1,1,0.005708626535125132,4.0,24.49335035414182,18.15430174929596,0.5,0.5,2,1.0297968896069425,1.0671244926623293,0.0,1.5,0.1797019587302746,0.0,0.09352941494472193,0.08617254378555267
154,1,0,1,0.0707241991304839,4.0,24.483791489004297,18.12322559623111,0.5,0.5,2,1.0255562843835615,1.0661913025859446,0.0,0.0,0.17910160063793884,0.0,0.09291348723837314,0.08618811339956567
155,1,0,1,0.07053223401711431,4.0,24.48813960586515,18.167608942063374,0.5,0.5,2,1.1139068898240068,1.065175427130885,0.0,0.0,0.19309973932732066,0.0,0.09455466555735034,0.0985450737699703
156,1,0,1,0.07075046562813081,4.0,24.472544042173936,18.131624883892137,0.5,0.5,2,1.0148140918357624,1.0663937136982131,0.0,0.0,0.1770836904836977,0.0,0.09199076796260262,0.0850929225210951
157,1,0,1,0.07070765558347074,4.0,24.468228960452006,18.101992018243745,0.5,0.5,2,1.0311562757813304,1.0651042231516517,0.0,0.0,0.17974297291722793,0.0,0.09363404396971059,0.08610892894751739
158,1,0,1,0.07071138360582072,4.0,24.46394656030337,18.07627779272438,0.5,0.5,2,1.0342588987993904,1.064255524467394,0.0,0.0,0.18035820503843067,0.0,0.09362200447629537,0.08673620056213528
159,1,0,0,-0.16945429492598485,3.830545705074015,24.46851662883543,18.120326586954683,0.5,0.5,2,1.1121244715880567,1.0635056088256938,0.0,0.0,0.1928572609063389,0.0,0.09453315015298974,0.09832411075334915
160,1,0,1,0.07071113947943282,3.9012568445534477,24.466665502420923,18.08900945516902,0.5,0.5,2,1.0315528221945829,1.064721080394753,0.0,0.0,0.17962060841135222,0.0,0.09400278717418657,0.08561782123716564
161,1,0,1,0.0707024567998463,3.971959301353294,24.468363874473738,18.06411010037077,0.5,0.5,2,1.0406908911943151,1.0638918739397487,0.0,0.0,0.18114308215377622,0.0,0.09450669944157532,0.08663638271220092
162,1,0,1,0.07073738806525039,4.0,24.45856505285754,18.034503485667337,0.5,0.5,2,1.023906413051483,1.0633118493711127,0.0,0.0,0.17852157921081446,0.0,0.09275201085896154,0.08576956835185294
163,1,0,1,0.07071015174796642,4.0,24.457115392057712,18.008761101349954,0.5,0.5,2,1.0351346683459077,1.062326713463122,0.0,0.0,0.18048581385665208,0.0,0.09401776250683318,0.08646805134981889
164,1,0,0,-0.16946395247020346,3.8305360475297965,24.465831617108744,18.05816390210491,0.5,0.5,2,1.11976593814118,1.0616469123351915,0.0,0.0,0.1941812988266929,0.0,0.09511738364605828,0.09906391518063465
165,1,0,1,0.0707515036073431,3.9012875511371394,24.45274885384892,18.02547583915678,0.5,0.5,2,1.0173290617723874,1.0630998879803415,0.0,0.0,0.17748936290778414,0.0,0.09228210364138362,0.08520725926640052
166,1,0,1,0.0707298920422026,3.9720174431793422,24.446525497817937,17.99619199248205,0.5,0.5,2,1.026448414619428,1.0619556173251423,0.0,0.0,0.1790634464998799,0.0,0.09324579990532308,0.08581764659455682
167,1,0,1,0.07052454399786212,4.0,24.458269481600617,18.048497326082952,0.5,0.5,2,1.1251172546410841,1.0610679372574996,0.0,0.0,0.19503314857410833,0.0,0.09557063643668395,0.09946251213742434
168,1,0,1,0.07071212898884348,4.0,24.45504169161836,18.025696410434936,0.5,0.5,2,1.0366404645618121,1.0626691701920894,0.0,0.0,0.180777853087954,0.0,0.09374530852353315,0.08703254456442082
169,1,0,1,0.07070808478306459,4.0,24.45163837218577,18.001204989257182,0.5,0.5,2,1.0341237119409907,1.0620184525513325,0.0,0.0,0.18033544314294642,0.0,0.09371864596460036,0.08661679717834606
170,1,0,0,-0.1695014425358725,3.8304985574641277,24.468353466404324,18.059699279916686,0.5,0.5,2,1.1365304689141325,1.0613210840360738,0.0,0.0,0.19726352919230977,0.0,0.09633182827789306,0.1009317009144167
171,1,0,1,0.07074556066158103,3.901244118125709,24.458602732174768,18.029376069640236,0.5,0.5,2,1.0231273741520162,1.0632013186580251,0.0,0.0,0.17843547655012118,0.0,0.09278988351887396,0.08564559303124719
172,1,0,1,0.07073752787189617,3.971981645997605,24.45021946425955,18.000973468102377,0.5,0.5,2,1.0254136005923002,1.0621994700453752,0.0,0.0,0.17886378085881782,0.0,0.09295637670423777,0.08590740415458005
173,1,0,1,0.07053000267347179,4.0,24.457623063955037,18.050636468591513,0.5,0.5,2,1.1183464234936682,1.0612798233090484,0.0,0.0,0.1938459389222238,0.0,0.09490888739269075,0.09893705152953303
174,1,2,1,0.0054929162621090745,4.0,24.4771875892951,18.10602627629484,0.5,0.5,2,1.1376608213570556,1.0627064883136637,0.0,1.5,0.19739714632563024,0.0,0.09680027218501758,0.10059687414061265
175,1,0,1,0.07074353419408998,4.0,24.46260023627837,18.073089500969303,0.5,0.5,2,1.0170562182974787,1.0645803466397488,0.0,0.0,0.17728280480618067,0.0,0.09205804168795985,0.08522476311822082
176,1,0,1,0.07070976413661918,4.0,24.459667731852306,18.048350690519797,0.5,0.5,2,1.0357209285556288,1.0633922434311918,0.0,0.0,0.18051172955389408,0.0,0.0937762062251665,0.08673552332872757
177,1,0,1,0.07048889028890153,4.0,24.47854206473452,18.104549652952876,0.5,0.5,2,1.1377737558745893,1.0627004605593027,0.0,0.0,0.19746769683522586,0.0,0.09675125020522768,0.1007164466299982
178,1,0,0,-0.16950637292803386,3.830493627071966,24.496412552535634,18.157863606282625,0.5,0.5,2,1.1357617340730497,1.0645772929421848,0.0,0.0,0.1972053094227425,0.0,0.0967034858173208,0.10050182360542169
179,1,0,1,0.0707119323791373,3.9012055594511033,24.493207506054688,18.129378949585032,0.5,0.5,2,1.0346672007919155,1.0663569039704566,0.0,0.0,0.18027308738057812,0.0,0.09388468718915884,0.0863884001914193
180,1,0,1,0.07070012966164252,3.971905689112746,24.488449350197662,18.102201071148983,0.5,0.5,2,1.0336286270979205,1.0655646613909928,0.0,0.0,0.180222824212171,0.0,0.09361318714167459,0.08660963707049643
181,1,0,1,0.07051406058817682,4.0,24.500782114782567,18.150283966181547,0.5,0.5,2,1.1251819201511357,1.064766260533666,0.0,0.0,0.19515443673691005,0.0,0.09586010635776666,0.09929433037914337
182,1,0,1,0.07055032238447136,4.0,24.49889065626113,18.19119510323531,0.5,0.5,2,1.1052963305564223,1.066276652024103,0.0,0.0,0.19155022819492232,0.0,0.0936244989086655,0.09792572928625681
183,1,0,1,0.0705228354634965,4.0,24.50483458439722,18.233575042301446,0.5,0.5,2,1.115576011189642,1.0672521439874108,0.0,0.0,0.1935546767864965,0.0,0.09494295220665093,0.09861172457984552
184,1,0,1,0.0705278984552514,4.0,24.5117082649847,18.271260256842673,0.5,0.5,2,1.1130191357961765,1.0684602406674668,0.0,0.0,0.19298924157828728,0.0,0.09505718755935574,0.09793205401893151
185,1,0,1,0.07049387382011742,4.0,24.52634109533154,18.313363842026213,0.5,0.5,2,1.1263106285760593,1.0695742130456845,0.0,0.0,0.1954477920920264,0.0,0.09626796198995738,0.09917983010206902
186,1,0,0,-0.16950098453579268,3.8304990154642073,24.537372638889416,18.351406689928584,0.5,0.5,2,1.120067014894192,1.070992623433944,0.0,0.0,0.194270602451406,0.0,0.09579105704368199,0.09847954540772404
187,1,0,0,-0.16929204361710326,3.661206971847104,24.530580235401,18.310990539025994,0.5,0.5,2,1.025010928829447,1.07221948322045,0.0,0.0,0.1787858594554948,0.0,0.0935137395649486,0.08527211989054623
188,1,2,1,0.005704696732475734,3.66691166857958,24.52396762248771,18.273420306701983,0.5,0.5,2,1.026856424123375,1.071039269360675,0.0,1.5,0.1791417542054411,0.0,0.09355110066511652,0.08559065354032458
189,1,0,1,0.07064998750588908,3.737561656085469,24.530911247659045,18.244964749358978,0.5,0.5,2,1.0484227660580672,1.0699346982297424,0.0,0.0,0.1823789088153131,0.0,0.09556824697590623,0.08681066183940687
190,1,0,1,0.07070175235918076,3.80826340844465,24.526034708414777,18.209970054945956,0.5,0.5,2,1.0295256662681642,1.0693968999254504,0.0,0.0,0.17928848030001535,0.0,0.09375920893439513,0.0855292713656202
191,1,0,1,0.07050474690001989,3.8787681553446696,24.536863750651392,18.254160488654982,0.5,0.5,2,1.123419595029655,1.0684001190840184,0.0,0.0,0.19501962728675265,0.0,0.09576388860510211,0.09925573868165055
192,1,0,1,0.0705227016609711,3.9492908570056406,24.54006937744819,18.29275200424347,0.5,0.5,2,1.1115727483679547,1.0697756059826593,0.0,0.0,0.1928219878047912,0.0,0.09462640889664103,0.09819557890815016
193,1,2,0,-0.2345034970635532,3.7147873599420875,24.55223472822669,18.333899784244764,0.5,0.5,2,1.1241336653220841,1.0708205345422916,0.0,1.5,0.19520897393203765,0.0,0.09607334871358904,0.09913562521844863
194,1,0,1,0.07068870961278408,3.7854760695548717,24.548785470985486,18.295470744779493,0.5,0.5,2,1.0302750661053082,1.0721533628117865,0.0,0.0,0.17964681561495255,0.0,0.09410268773006834,0.08554412788488423
195,1,0,0,-0.16949537820904823,3.6159806913458237,24.556634206164446,18.335337920963504,0.5,0.5,2,1.1188223167570985,1.0711064053941246,0.0,0.0,0.19418588929393615,0.0,0.09539553857855493,0.09879035071538123
196,1,0,0,-0.16950338255517053,3.4464773087906533,24.566297519244692,18.374972349501597,0.5,0.5,2,1.1215970447965344,1.0722993031781987,0.0,0.0,0.19478751084495072,0.0,0.09570838193912337,0.09907912890582737
197,1,0,0,-0.16929225815147425,3.277185050639179,24.554400197046423,18.334620376559037,0.5,0.5,2,1.02128245157783,1.0735317467186574,0.0,0.0,0.1780754802814707,0.0,0.09283958763454066,0.08523589264693006
198,1,0,0,-0.169455329139192,3.107729721499987,24.549471269967928,18.367635607430504,0.5,0.5,2,1.1003118181331084,1.0722255143401367,0.0,0.0,0.19084946939045672,0.0,0.09343269733725972,0.09741677205319696
199,1,2,0,-0.23432905851929323,2.8734006629806936,24.553205752274884,18.329629186077458,0.5,0.5,2,1.0386557328888726,1.072927671934961,0.0,1.5,0.1808564668485951,0.0,0.09521203525469324,0.08564443159390187
200,1,0,1,0.07056512110401666,2.9439657840847104,24.540953696996525,18.35835394250266,0.5,0.5,2,1.088543574605654,1.0720708734588087,0.0,0.0,0.18865806497715187,0.0,0.09228446845429605,0.09637359652285588
201,1,0,1,0.07070583659850808,3.0146716206832185,24.535442355931426,18.316895111960445,0.5,0.5,2,1.0255125193801615,1.0724826909874798,0.0,0.0,0.17868942509381022,0.0,0.09373721331499002,0.0849522117788202
202,1,0,1,0.07055668434243396,3.0852283050256526,24.52871035293807,18.34815532703052,0.5,0.5,2,1.0958366487740179,1.0713084366972967,0.0,0.0,0.18993550565227574,0.0,0.09305948449381259,0.09687602115846314
203,1,0,1,0.07072174265935445,3.155950047685007,24.522164205901177,18.30272030629186,0.5,0.5,2,1.0199404742236604,1.0719216419992148,0.0,0.0,0.1778606515484957,0.0,0.0935419746436818,0.08431867690481387
204,1,0,1,0.07052878663263273,3.2264788343176396,24.524427067174933,18.340110906623195,0.5,0.5,2,1.1102755744099144,1.070622112804826,0.0,0.0,0.19265873588686616,0.0,0.09442308641413698,0.09823564947272917
205,1,0,1,0.07068147857190273,3.297160312889542,24.528090766766322,18.301717741156185,0.5,0.5,2,1.0368839834693366,1.0716134493449532,0.0,0.0,0.18060150441544087,0.0,0.09508521081389705,0.08551629360154381
206,1,0,1,0.07068868952065353,3.3678490024101957,24.527588027346177,18.264250892599115,0.5,0.5,2,1.0327756247208455,1.0707452126980628,0.0,0.0,0.17987427052222832,0.0,0.09446201357237116,0.08541225694985714
207,1,2,1,0.005539318276049822,3.3733883206862454,24.528932686807742,18.300068410767523,0.5,0.5,2,1.1069581506286092,1.0697959729986324,0.0,1.5,0.1919911550017782,0.0,0.09431162400303203,0.09767953099874616
208,1,0,1,0.07050535498833793,3.4438936756745835,24.541056498370395,18.341367963975458,0.5,0.5,2,1.1241483922099664,1.0707250274393818,0.0,0.0,0.19526136078425357,0.0,0.09601210806988818,0.09924925271436538
209,1,2,1,0.005522065377750392,3.449415741052334,24.54503861046926,18.374645110533006,0.5,0.5,2,1.1093198702150577,1.0720606115586464,0.0,1.5,0.19242266510313386,0.0,0.09478761444508427,0.09763505065804956
210,1,0,1,0.07053644373117214,3.519952184783506,24.54084682394171,18.405485780645964,0.5,0.5,2,1.099640976610469,1.0729920930250567,0.0,0.0,0.19085735118141617,0.0,0.0935104247025854,0.0973469264788308
211,1,0,1,0.07072472108713121,3.590676905870637,24.53023562430903,18.36171696609282,0.5,0.5,2,1.019278300928864,1.073658315114692,0.0,0.0,0.177587530719899,0.0,0.09289912053715696,0.08468841018274204
212,1,0,1,0.07073675818390475,3.6614136640545416,24.517392490346978,18.315669772212935,0.5,0.5,2,1.0134084869181113,1.0722988147600463,0.0,0.0,0.1766728516613632,0.0,0.09256347474157692,0.08410937691978627
213,1,1,1,0.005646003295410194,3.667059667349952,24.52536784927267,18.286955069932624,0.5,0.5,2,1.050087213209377,1.0708265565639978,0.0,1.5,0.18270725498338825,0.0,0.09570891621647382,0.08699833876691443
214,1,0,0,-0.16950475197009626,3.4975549153798555,24.536109170835278,18.32925798547299,0.5,0.5,2,1.123352310083105,1.0703080729801324,0.0,0.0,0.1951032080010853,0.0,0.09579209192340685,0.09931111607767845
215,1,0,1,0.07052281165839662,3.568077727038252,24.53945267793496,18.365746324818,0.5,0.5,2,1.111466025352407,1.0716341789077068,0.0,0.0,0.19288556019790323,0.0,0.0946244756954125,0.09826108450249074
216,1,0,1,0.07048712767496436,3.6385648547132163,24.54859625141937,18.404940897635008,0.5,0.5,2,1.120968121370228,1.0726299750688242,0.0,0.0,0.19459649539616503,0.0,0.09557734662733668,0.09901914876882836
217,1,0,1,0.07051404884490177,3.709078903558118,24.54966603609916,18.436522189699005,0.5,0.5,2,1.1064895054701505,1.0738384287263594,0.0,0.0,0.19184169895272202,0.0,0.09430464175611034,0.09753705719661168
218,1,0,1,0.07050777834893633,3.7795866819070545,24.55304281807996,18.46827465263229,0.5,0.5,2,1.1097839505590386,1.074654705644954,0.0,0.0,0.1927046080355426,0.0,0.09474568661379118,0.09795892142175147
219,1,0,1,0.07046626573703639,3.850052947644091,24.568705362169702,18.50531522980656,0.5,0.5,2,1.1282360580318231,1.0755329367678064,0.0,0.0,0.19603020691526088,0.0,0.09667861651955581,0.09935159039570511
220,1,0,1,0.07045290958042486,3.9205058572245157,24.588989742224985,18.542520382160422,0.5,0.5,2,1.1343400472085459,1.0768505147994065,0.0,0.0,0.19718516972953642,0.0,0.0974667012460977,0.09971846848343877
221,1,0,1,0.07044494092830318,3.9909507981528187,24.604892704172407,18.577721977469615,0.5,0.5,2,1.1293923103662533,1.078287753109635,0.0,0.0,0.19607603001799553,0.0,0.09679753714237499,0.09927849287562057
222,1,0,1,0.07046220679838601,4.0,24.613367567309076,18.61050395134744,0.5,0.5,2,1.1208222040555444,1.0795653670410505,0.0,0.0,0.19476298371965114,0.0,0.09577342812226945,0.09898955559738165
223,1,2,1,0.005467210476930504,4.0,24.622583441264094,18.63970796123933,0.5,0.5,2,1.1190166718133203,1.080596787966413,0.0,1.5,0.19433953647570615,0.0,0.09586269017291801,0.09847684630278815
224,1,0,1,0.07042273535878224,4.0,24.639858924960656,18.673788703282046,0.5,0.5,2,1.1329135108018626,1.0815572850625856,0.0,0.0,0.19685998002280736,0.0,0.09718698640837428,0.09967299361443305
225,1,2,0,-0.23432023898047177,3.7656797610195283,24.62668155743942,18.620754630771742,0.5,0.5,2,1.0166297506745308,1.0828411907060675,0.0,1.5,0.17721177315861503,0.0,0.09292578378712303,0.08428598937149198
226,1,0,1,0.07070204679798574,3.836381807817514,24.609081552293365,18.571983317895018,0.5,0.5,2,1.0148145866824998,1.0811859047052792,0.0,0.0,0.17676479323781116,0.0,0.09220747560947834,0.08455731762833284
227,1,0,1,0.07046738090273168,3.906849188720246,24.61696515509635,18.60214831646349,0.5,0.5,2,1.1175752231261644,1.0795266217547095,0.0,0.0,0.19392299625119735,0.0,0.09560686687722086,0.09831612937397644
228,1,0,1,0.07066112498843087,3.977510313708677,24.61227789176339,18.55569477506897,0.5,0.5,2,1.0293370320615223,1.080477836788996,0.0,0.0,0.17935236547999123,0.0,0.09418824873313078,0.08516411674686046
229,1,0,1,0.0707334877787638,4.0,24.58438944798961,18.50988794240381,0.5,0.5,2,1.0055040402318678,1.0791993166708092,0.0,0.0,0.17536365151436015,0.0,0.09058255506507863,0.08478109644928153
230,1,0,1,0.07069488226832123,4.0,24.57105069146593,18.46549257795341,0.5,0.5,2,1.0196228137857517,1.0773569347598355,0.0,0.0,0.17791102915780396,0.0,0.09267874719526979,0.08523228196253416
231,1,0,1,0.07047544498218472,4.0,24.583919913841672,18.502257500245193,0.5,0.5,2,1.1255477264030143,1.0759135817354835,0.0,0.0,0.1955725011049847,0.0,0.09632052996309134,0.09925197114189332
232,1,0,1,0.0704557496484329,4.0,24.59964780518936,18.53988328053211,0.5,0.5,2,1.1305081069867695,1.0771544353521718,0.0,0.0,0.19636891146683494,0.0,0.09676960072900911,0.09959931073782582
233,1,0,1,0.07069060942513108,4.0,24.586666056802578,18.495048258309527,0.5,0.5,2,1.0206715065336718,1.0784882771430366,0.0,0.0,0.17797423370714144,0.0,0.09278777803091938,0.08518645567622204
234,1,0,1,0.07070239169108682,4.0,24.56950656656452,18.4530727799851,0.5,0.5,2,1.017907889315317,1.0770428578778026,0.0,0.0,0.17751367631581505,0.0,0.09212706011185186,0.08538661620396323
235,1,0,0,-0.1692996514233595,3.8307003485766407,24.55613163534202,18.41324762715618,0.5,0.5,2,1.0223643996123264,1.0755644836637406,0.0,0.0,0.1783907243119089,0.0,0.09261729505418327,0.08577342925772563
236,1,0,1,0.07070861296011346,3.901408961536754,24.54295992516307,18.37474356015514,0.5,0.5,2,1.0225587043824618,1.074234481562455,0.0,0.0,0.1785539413184389,0.0,0.09260525832300166,0.08594868299543722
237,1,0,0,-0.16952920159007032,3.731879759946684,24.559815829277888,18.41948255475876,0.5,0.5,2,1.1345374858513955,1.0729425871329552,0.0,0.0,0.1971332755557385,0.0,0.09677896712639768,0.10035430842934082
238,1,0,1,0.0704841656192974,3.8023639255659814,24.57298199652621,18.457434867346265,0.5,0.5,2,1.1256009394367432,1.0744824596009162,0.0,0.0,0.19545118236013698,0.0,0.09626578744373811,0.09918539491639886
239,1,0,1,0.07071997193710762,3.873083897503089,24.554329596080013,18.415454779189712,0.5,0.5,2,1.015127932994061,1.075760421596812,0.0,0.0,0.17711259016851696,0.0,0.09187042511181659,0.08524216505670033
240,1,0,1,0.07072453103789078,3.94380842854098,24.539065543709114,18.37228306888366,0.5,0.5,2,1.0158088467047937,1.074244609381743,0.0,0.0,0.1771633865345373,0.0,0.09228760867918506,0.08487577785535223
241,1,0,1,0.07046796990408155,4.0,24.557578289568127,18.4166468762523,0.5,0.5,2,1.1356602685424726,1.0727837153148194,0.0,0.0,0.19727816775910065,0.0,0.09701260761800064,0.10026556014110001
242,1,0,1,0.07070100980572622,4.0,24.54737105775142,18.377735233200312,0.5,0.5,2,1.0252367542768122,1.0743556291455107,0.0,0.0,0.17869514680779638,0.0,0.09303334183010213,0.08566180497769423
243,1,0,0,-0.16953247131894786,3.8304675286810523,24.562727819647154,18.421777742389427,0.5,0.5,2,1.1325269283586439,1.0731276572737931,0.0,0.0,0.1966586182324073,0.0,0.09658748047770273,0.10007113775470455
244,1,0,1,0.07049634773127968,3.900963876412332,24.571663813890915,18.45911672450032,0.5,0.5,2,1.1208876154055676,1.0746126390509145,0.0,0.0,0.1945178895975314,0.0,0.09560765110951866,0.0989102384880128
245,1,0,1,0.07045569462155449,3.9714195710338864,24.58964991495472,18.500782302916164,0.5,0.5,2,1.1354211929394333,1.0757695134597807,0.0,0.0,0.1971704478671644,0.0,0.09702546751542909,0.10014498035173533
246,1,0,1,0.07071764256248979,4.0,24.572381252366878,18.455873590300957,0.5,0.5,2,1.0150834302437208,1.0772608054467723,0.0,0.0,0.17715331803961396,0.0,0.09213978969145253,0.08501352834816146
247,1,0,1,0.07071584692377306,4.0,24.55582043058028,18.414009568583857,0.5,0.5,2,1.0172815275629945,1.0757063710666959,0.0,0.0,0.17757667289512935,0.0,0.09216308019579787,0.08541359269933145
248,1,0,1,0.07071079982907635,4.0,24.54162756676188,18.37203561054846,0.5,0.5,2,1.0180789281253042,1.0742457499791034,0.0,0.0,0.1775257160205804,0.0,0.09245166899438881,0.0850740470261916
249,1,0,1,0.07072334556978895,4.0,24.527755239534883,18.33272132777686,0.5,0.5,2,1.019654969434163,1.0728415794327584,0.0,0.0,0.1779453980871355,0.0,0.0924119921352707,0.0855334059518648
250,1,1,1,0.0054789527739704715,4.0,24.54669464076609,18.37841570128376,0.5,0.5,2,1.1361456889209012,1.0715119141827936,0.0,1.5,0.19745703093184264,0.0,0.09704166931765454,0.10041536161418807
251,1,2,0,-0.23449121277170007,3.7655087872283,24.554074536451783,18.414969825702563,0.5,0.5,2,1.1170617786557435,1.0731277585512462,0.0,1.5,0.19388916965546582,0.0,0.0953169089866505,0.09857226066881532
252,1,0,1,0.07070470861899823,3.836213495847298,24.541741046167772,18.37400189209011,0.5,0.5,2,1.0209246851573976,1.0742261090538587,0.0,0.0,0.17810057716800665,0.0,0.09270764682442222,0.08539293034358443
253,1,0,1,0.0704870047030656,3.9067005005503637,24.55771558894603,18.41466536501393,0.5,0.5,2,1.1295315891585263,1.0728935734564473,0.0,0.0,0.1960658404078438,0.0,0.09659360561006428,0.09947223479777953
254,1,2,1,0.005481212787309004,3.912181713337673,24.568941196591467,18.453338449287603,0.5,0.5,2,1.1242082157681093,1.074309523848999,0.0,1.5,0.19508127877087025,0.0,0.09596878513141735,0.09911249363945288
255,1,0,1,0.07044054398040042,3.982622257318073,24.592032668087754,18.500487210504666,0.5,0.5,2,1.1457972238603205,1.0755569911469771,0.0,0.0,0.19929933050297033,0.0,0.09786811450882925,0.10143121599414107
256,1,2,0,-0.23425900337870945,3.7657409966212905,24.565070246641394,18.456078305572014,0.5,0.5,3,1.0059416705857958,1.0773129969648105,0.0,1.5,0.17536978903591324,0.0,0.09062748238297107,0.08474230665294215
257,1,0,1,0.07070320052748195,3.8364441971487726,24.552452214313533,18.417915795937297,0.5,0.5,3,1.0247481718427602,1.075528713805335,0.0,0.0,0.17886271703482703,0.0,0.09273531150614939,0.0861274055286776
258,1,0,1,0.07072913994832264,3.9071733370970954,24.531183068911265,18.378402977628994,0.5,0.5,3,1.0134772365457043,1.0742592002562708,0.0,0.0,0.17666710831651317,0.0,0.09136843143085777,0.08529867688565539
259,1,0,1,0.07072580854595685,3.977899145643052,24.51507257062386,18.33942356263387,0.5,0.5,3,1.017649737880974,1.0727396511635066,0.0,0.0,0.17749590846761204,0.0,0.09204677932981756,0.0854491291377945
260,1,0,1,0.07046454024355064,4.0,24.533619298090258,18.38839513046321,0.5,0.5,3,1.138880698627181,1.0713624033314433,0.0,0.0,0.19801454684211064,0.0,0.09695721058137273,0.1010573362607379
261,1,0,1,0.07048563144264769,4.0,24.5470798916513,18.428593714473184,0.5,0.5,3,1.1267095382848527,1.0730503607138369,0.0,0.0,0.19545266636698191,0.0,0.09617787955340938,0.0992747868135725
262,1,0,1,0.07044714134947927,4.0,24.56675953636667,18.47421426221417,0.5,0.5,3,1.1396920326094673,1.074391840153112,0.0,0.0,0.19802609454091719,0.0,0.09727665571891356,0.10074943882200367
263,1,0,1,0.07066825981520163,4.0,24.565176571881864,18.436168687507966,0.5,0.5,3,1.0363958057735148,1.0760243449645213,0.0,0.0,0.1805171091849813,0.0,0.09441983795871776,0.08609727122626352
264,1,0,1,0.07044724289061269,4.0,24.585627408640875,18.482820987458283,0.5,0.5,3,1.14213676819407,1.0750336314847457,0.0,0.0,0.1985053408051216,0.0,0.09739559892874647,0.10110974187637517
265,1,0,1,0.07044178125438962,4.0,24.604781008192923,18.525488357512767,0.5,0.5,3,1.1385321795090155,1.076711209902479,0.0,0.0,0.19784699688997326,0.0,0.09727684475615905,0.1005701521338142
266,1,0,1,0.07046227041452181,4.0,24.617797449305005,18.56249668723177,0.5,0.5,3,1.1282815049737303,1.0782567341426423,0.0,0.0,0.19582900147710802,0.0,0.09638990392464647,0.09943909755246155
267,1,0,0,-0.16932192922897793,3.830678070771022,24.608502545690584,18.5191534090413,0.5,0.5,3,1.0268691716085276,1.0795073534134194,0.0,0.0,0.17916968717956944,0.0,0.09345409582176206,0.08571559135780737
268,1,0,1,0.07069508417858814,3.9013731549496105,24.595370652105437,18.477286421995295,0.5,0.5,3,1.0231925182371429,1.0781913988682974,0.0,0.0,0.1785257451869838,0.0,0.09282999722130394,0.0856957479656799
269,1,0,1,0.07068143404297639,3.9720545889925867,24.58495888156225,18.439855110246175,0.5,0.5,3,1.0289733445602107,1.0768164268525184,0.0,0.0,0.17946279890129938,0.0,0.09319635830556608,0.08626644059573327
270,1,0,1,0.07070408608430684,4.0,24.570080627971606,18.40158877535484,0.5,0.5,3,1.0224757613132258,1.0756203497952108,0.0,0.0,0.17840287145090913,0.0,0.09246728253949565,0.0859355889114135
271,1,0,1,0.07048109253809345,4.0,24.582459766093958,18.443264365273144,0.5,0.5,3,1.1283464631238227,1.0742917350831611,0.0,0.0,0.1959290615055848,0.0,0.09615572745145973,0.0997733340541251
272,1,0,1,0.07071103105754022,4.0,24.56790781830611,18.401682842587526,0.5,0.5,3,1.0195096328107107,1.0756431032841776,0.0,0.0,0.177891994508113,0.0,0.09252035042875828,0.08537164407935476
273,1,0,1,0.07046949099928813,4.0,24.580906215602294,18.44608134259311,0.5,0.5,3,1.1316366638241107,1.0742397665223409,0.0,0.0,0.19655615418422898,0.0,0.09626774235747061,0.10028841182675838
274,1,0,0,-0.16932823217546047,3.8306717678245397,24.574442631042356,18.408344167358287,0.5,0.5,3,1.031473929160124,1.0756746889548852,0.0,0.0,0.17969032428065762,0.0,0.09373274517567737,0.08595757910498024
275,1,0,0,-0.1692742869353877,3.661397480889152,24.5540428713009,18.370156036356338,0.5,0.5,3,1.015981779216614,1.0745696699600162,0.0,0.0,0.17708678040912146,0.0,0.09156963918617674,0.08551714122294472
276,1,0,1,0.07069218640313778,3.7320896672922896,24.54763913504894,18.334734515586604,0.5,0.5,3,1.0312797156697342,1.073104972691431,0.0,0.0,0.1795466464958159,0.0,0.09361509964385954,0.08593154685195635
277,1,2,1,0.005454958666776469,3.737544625959066,24.56902107387795,18.38516515023929,0.5,0.5,3,1.1438719147475838,1.0720593412658888,0.0,1.5,0.19868838528721147,0.0,0.09748799840226162,0.10120038688494984
278,1,1,1,0.005673418175545054,3.7432180441346112,24.565992149525172,18.351688154026164,0.5,0.5,3,1.0373487350370332,1.073854655602931,0.0,1.5,0.1808616711611545,0.0,0.09422200141553498,0.08663966974561953
279,1,0,1,0.07049180311776304,3.8137098472523743,24.57775796338178,18.393726061789813,0.5,0.5,3,1.1267457292090381,1.0729420075887837,0.0,0.0,0.19545685697867612,0.0,0.09599088533745002,0.09946597164122611
280,1,0,1,0.07072552075721067,3.884435368009585,24.5608989050341,18.35235602703332,0.5,0.5,3,1.016058007525114,1.07428710062929,0.0,0.0,0.17720089274409945,0.0,0.09214063766525639,0.08506025507884307
281,1,0,1,0.07068036972960803,3.955115737739193,24.55702161083626,18.319350187943922,0.5,0.5,3,1.0359482400144513,1.0728313733016854,0.0,0.0,0.18048732576025628,0.0,0.09403996188473375,0.08644736387552253
282,1,2,1,0.0056708554795717545,3.960786593218765,24.551990942695447,18.29048998929255,0.5,0.5,3,1.0380184281773146,1.0719092949695046,0.0,1.5,0.1807921304994131,0.0,0.09381357161955893,0.08697855887985416
283,1,0,1,0.07046599164951795,4.0,24.56955821588101,18.3404572586844,0.5,0.5,3,1.1385965658771136,1.0710620232997,0.0,0.0,0.19777579531414685,0.0,0.09689993098158378,0.10087586433256307
284,1,0,0,-0.16950427372526897,3.830495726274731,24.577550498807156,18.382955943340292,0.5,0.5,3,1.123241354446178,1.072750386864135,0.0,0.0,0.19478702652556085,0.0,0.09542155194310747,0.09936547458245339
285,1,0,1,0.07046651315626365,3.900962239430995,24.59405014349554,18.42922153999144,0.5,0.5,3,1.136777902393212,1.0740126610536862,0.0,0.0,0.19746236911576753,0.0,0.09684351137522804,0.10061885774053948
286,1,0,0,-0.16952673873747934,3.7314355006935154,24.60763769583005,18.471058201648614,0.5,0.5,3,1.131006006078861,1.0755817920871744,0.0,0.0,0.19637306770517207,0.0,0.09639062796259426,0.09998243974257781
287,1,0,1,0.07069498266196335,3.8021304833554788,24.594581067330743,18.43162644133073,0.5,0.5,3,1.0244790086197801,1.0769673974369667,0.0,0.0,0.1787433413572852,0.0,0.09283422126621727,0.08590912009106794
288,1,1,1,0.005476203067286661,3.8076066864227656,24.60711538750989,18.47184809905865,0.5,0.5,3,1.1284111656235993,1.0756551877165372,0.0,1.5,0.19594701129972275,0.0,0.09631968896350437,0.09962732233621836
289,1,0,1,0.07066701035930986,3.8782736967820752,24.60100016548985,18.432528802012975,0.5,0.5,3,1.031539568098503,1.0769740871642135,0.0,0.0,0.1797586234632356,0.0,0.09388633470217747,0.08587228876105811
290,1,0,1,0.07051172162716146,3.9487854184092366,24.60207852495291,18.467354138420163,0.5,0.5,3,1.1117419200578118,1.0758382241875708,0.0,0.0,0.19287364195217926,0.0,0.09449827141040018,0.09837537054177907
291,1,0,1,0.07076061546848136,4.0,24.570968097409054,18.420959176679517,0.5,0.5,3,0.9992304272998287,1.0767358165843266,0.0,0.0,0.17404507946404837,0.0,0.09004870010951496,0.08399637935453337
292,1,0,1,0.07046017715242622,4.0,24.58955930666421,18.466855170704434,0.5,0.5,3,1.1392853851322862,1.0747981818522143,0.0,0.0,0.19801033874683674,0.0,0.09711517224167279,0.10089516650516395
293,1,0,0,-0.16953913394057976,3.83046086605942,24.603303159770736,18.507195090802842,0.5,0.5,3,1.1304941351391515,1.076410361934216,0.0,0.0,0.19631142020732606,0.0,0.09643971469218407,0.09987170551514202
294,1,0,1,0.07045351470881554,3.900914380768236,24.621170617905456,18.547265585986903,0.5,0.5,3,1.1357004095831207,1.0777624562643395,0.0,0.0,0.19730279412110258,0.0,0.09717830076160083,0.10012449335950174
295,1,0,1,0.07044576554095829,3.9713601463091943,24.638205728390762,18.586955163290387,0.5,0.5,3,1.1359355928860984,1.079210905097309,0.0,0.0,0.1974603758785537,0.0,0.09711564718054264,0.10034472869801103
296,1,1,1,0.0054502788847973355,3.9768104251939915,24.651340874073355,18.62338438455342,0.5,0.5,3,1.130193389237656,1.0806290222920287,0.0,1.5,0.19631808275217233,0.0,0.09656371264290017,0.09975437010927216
297,1,0,1,0.0704541992756145,4.0,24.661410545402465,18.656201740034863,0.5,0.5,3,1.1247551582762219,1.0818681314656695,0.0,0.0,0.1954047998108632,0.0,0.09614722673796312,0.09925757307290009
298,1,0,1,0.07048317527888227,4.0,24.66330887026344,18.681525042952096,0.5,0.5,3,1.1101619349141407,1.0829403071359334,0.0,0.0,0.19270716603882776,0.0,0.09492206431495676,0.09778510172387099
299,1,0,1,0.07046294527106223,4.0,24.671733266598032,18.710010330093915,0.5,0.5,3,1.1205305313068017,1.0836208478303884,0.0,0.0,0.19450662498038634,0.0,0.09594351435170564,0.09856311062868067
300,1,0,0,-0.1693484881298835,3.8306515118701165,24.66491884525346,18.662487174099063,0.5,0.5,3,1.0302060125778725,1.0845435899172988,0.0,0.0,0.17939460111085334,0.0,0.09404134192816854,0.0853532591826848
301,1,2,1,0.0054446560490314135,3.836096167919148,24.676404448543906,18.695446986813266,0.5,0.5,3,1.1276305664884592,1.0831851504838133,0.0,1.5,0.1958828972665846,0.0,0.09641675505064878,0.0994661422159358
302,1,0,1,0.07066365588239515,3.906759823801543,24.666582676943797,18.647592865543416,0.5,0.5,3,1.0266203930139737,1.0842962858839296,0.0,0.0,0.17905169699081555,0.0,0.09361213967053997,0.08543955732027554
303,1,0,1,0.07069644126523036,3.9774562650667735,24.649322984286826,18.597182310408265,0.5,0.5,3,1.0151841407700593,1.0828543885621804,0.0,0.0,0.17700253011180775,0.0,0.09240880780617447,0.08459372230563326
304,1,0,1,0.07045422568757752,4.0,24.66110207595105,18.633275632135014,0.5,0.5,3,1.1290350457583465,1.0811626323673773,0.0,0.0,0.1961519153289078,0.0,0.09641986250921133,0.09973205281969647
305,1,0,1,0.07068559677468202,4.0,24.64815008895137,18.585847705454267,0.5,0.5,3,1.0219795290217235,1.0823594427021517,0.0,0.0,0.1782356991526374,0.0,0.0930552597598693,0.08518043939276808
306,1,1,1,0.005713015003830688,4.0,24.626503194061648,18.539404504349754,0.5,0.5,3,1.0127598488659078,1.080849944860141,0.0,1.5,0.17670952298941392,0.0,0.09168003186947601,0.0850294911199379
307,1,0,1,0.07045399359103925,4.0,24.64177080330345,18.57801075314137,0.5,0.5,3,1.1330215504937091,1.079147692460285,0.0,0.0,0.19684005807381091,0.0,0.09682239787938876,0.10001766019442213
308,1,0,1,0.07047889486621155,4.0,24.643904604623806,18.609524467924956,0.5,0.5,3,1.1141420550150571,1.0804945389111207,0.0,0.0,0.1933080903820525,0.0,0.09481561687781247,0.09849247350424002
309,1,0,1,0.07044799234966113,4.0,24.655910475676407,18.64518532112798,0.5,0.5,3,1.1290024510693426,1.0813357268137191,0.0,0.0,0.19616782546030484,0.0,0.09639713765461293,0.0997706878056919
310,1,0,1,0.0707119414055593,4.0,24.633841190571292,18.596992474730065,0.5,0.5,3,1.012265263417079,1.0825273949201097,0.0,0.0,0.17651851934458707,0.0,0.09165302508161378,0.0848654942629733
311,1,0,1,0.07046876786555581,4.0,24.64253404509992,18.630182603678254,0.5,0.5,3,1.1226538251093556,1.080770841632534,0.0,0.0,0.19492761898762193,0.0,0.09583740888501027,0.09909021010261168
312,1,0,0,-0.16954315642272832,3.830456843577272,24.650831884323654,18.66391123355602,0.5,0.5,3,1.123844385320956,1.0818179162194546,0.0,0.0,0.1952102090584921,0.0,0.09581183887203726,0.09939837018645481
313,1,0,1,0.07070437663407889,3.9011612202113506,24.633550199028008,18.611772622721027,0.5,0.5,3,1.013448281816349,1.082868577946992,0.0,0.0,0.1767195971132297,0.0,0.0923380879881425,0.08438150912508724
314,1,0,1,0.07065524713124556,3.971816467342596,24.629873138894375,18.571376492462505,0.5,0.5,3,1.0370598801515762,1.0811330705437259,0.0,0.0,0.18080716786437032,0.0,0.09438850114814797,0.08641866671622236
315,1,0,1,0.07067960406030985,4.0,24.619454774003557,18.53059862423921,0.5,0.5,3,1.028835007669806,1.080031240783922,0.0,0.0,0.17932102017662532,0.0,0.09330742363075326,0.08601359654587208
316,1,0,1,0.0706950384348468,4.0,24.606091797489942,18.488384095263662,0.5,0.5,3,1.0231738294669068,1.0787513349560693,0.0,0.0,0.1784620300788853,0.0,0.09280495851148712,0.08565707156739819
317,1,0,1,0.07048659054350709,4.0,24.61252437636816,18.524640530362724,0.5,0.5,3,1.1200509112961163,1.0773618973188401,0.0,0.0,0.19440323885270105,0.0,0.09536486837644861,0.09903837047625245
318,1,0,0,-0.1693320030907259,3.8306679969092743,24.607674175218158,18.484862622997383,0.5,0.5,3,1.033801014152931,1.0784291226682723,0.0,0.0,0.18006848057176897,0.0,0.09407945728499584,0.0859890232867731
319,1,0,1,0.0707285939984574,3.9013965909077317,24.58491291982814,18.44129760457418,0.5,0.5,3,1.0109871461421722,1.0773134199553884,0.0,0.0,0.17612926768288947,0.0,0.09131823868903793,0.08481102899385155
320,1,0,1,0.07051393760774742,3.971910528515479,24.587390415571573,18.47487275703524,0.5,0.5,3,1.1117079113145447,1.0756552631100582,0.0,0.0,0.19280603797303358,0.0,0.09463368344979135,0.09817235452324222
321,1,0,1,0.07066358247044872,4.0,24.582076557302194,18.43738120015193,0.5,0.5,3,1.033751164162481,1.0765565793151703,0.0,0.0,0.18009078435420742,0.0,0.09392473636012232,0.08616604799408509
322,1,1,1,0.005488188796542059,4.0,24.588128117668255,18.473139621423464,0.5,0.5,3,1.1172964255739477,1.0754864439363532,0.0,1.5,0.19387149678830876,0.0,0.0952534696536978,0.09861802713461093
323,1,0,1,0.0704976501611324,4.0,24.59248923746233,18.50827856492026,0.5,0.5,3,1.1160317567681681,1.076531693477293,0.0,0.0,0.19357732905928765,0.0,0.09496477034973615,0.09861255870955149
324,1,0,1,0.07067386437627453,4.0,24.585570102470374,18.469401329967223,0.5,0.5,3,1.0317228251145711,1.0775191950595648,0.0,0.0,0.17960341582649436,0.0,0.0937107272597964,0.08589268856669798
325,1,0,1,0.07045874385729015,4.0,24.600180134774025,18.51125016528887,0.5,0.5,3,1.1328331534362355,1.0763742858109402,0.0,0.0,0.19692284752206612,0.0,0.09659340032915256,0.10032944719291355
326,1,0,1,0.07047083602339015,4.0,24.608078961370495,18.548629779984765,0.5,0.5,3,1.1230641987939396,1.0777857575015726,0.0,0.0,0.19500735453278806,0.0,0.09556619541548833,0.09944115911729973
327,1,0,0,-0.1693227556947151,3.830677244305285,24.59873449859345,18.506214355840342,0.5,0.5,3,1.0271578316124117,1.0789177185338814,0.0,0.0,0.17926923115959534,0.0,0.09342885306759847,0.08584037809199686
328,1,0,1,0.07047237632318498,3.90114962062847,24.609047376360046,18.543908993238773,0.5,0.5,3,1.1256312365258707,1.0776237213608448,0.0,0.0,0.195414250427298,0.0,0.09595648018487413,0.09945777024242382
329,1,2,1,0.005482159567969532,3.90663178019644,24.61314457425282,18.57571979057368,0.5,0.5,3,1.114731904467652,1.0788239092399705,0.0,1.5,0.193481671254816,0.0,0.09505487044495362,0.09842680080986241
330,1,0,1,0.07066970864121362,3.9773014888376537,24.60666323782781,18.533277330564097,0.5,0.5,3,1.03079781268607,1.0797216091206625,0.0,0.0,0.1798270377442651,0.0,0.09388679241755281,0.08594024532671234
331,1,0,1,0.07045283662774841,4.0,24.62272460169107,18.572820070894323,0.5,0.5,3,1.1341026184032856,1.0784985142097976,0.0,0.0,0.19700072981292394,0.0,0.09685276449787017,0.10014796531505377
332,1,0,1,0.07069525667285476,4.0,24.610759879302933,18.5255277353319,0.5,0.5,3,1.020631558864074,1.0798886168146349,0.0,0.0,0.17800821867547165,0.0,0.09307122187464192,0.08493699680082972
333,1,1,1,0.005684920362057482,4.0,24.5998050712332,18.48343192014144,0.5,0.5,3,1.0253565671056823,1.078407190365871,0.0,1.5,0.17888596026767126,0.0,0.09319092847664359,0.08569503179102766
334,1,0,1,0.07064857221521574,4.0,24.59838955919721,18.446733030420223,0.5,0.5,3,1.0389665230271528,1.0770809247843662,0.0,0.0,0.18078197388344913,0.0,0.09456198045503225,0.08621999342841692
335,1,0,1,0.07069936331571057,4.0,24.583149747685034,18.407960016914036,0.5,0.5,3,1.0221152397220723,1.0761280647404359,0.0,0.0,0.17848559311356585,0.0,0.09251302825603079,0.08597256485753509
336,1,0,1,0.07068188887221669,4.0,24.574920160794562,18.371513665096508,0.5,0.5,3,1.0301018054069773,1.0747777441149766,0.0,0.0,0.1796914457537834,0.0,0.09347586548720356,0.08621558026657987
337,1,0,1,0.07052710434055824,4.0,24.569170090722043,18.406865393805255,0.5,0.5,3,1.1032625042835065,1.073660845647277,0.0,0.0,0.19131517266534398,0.0,0.09332451472845406,0.09799065793688988
338,1,0,1,0.07066657745979411,4.0,24.567917339137143,18.373116606371646,0.5,0.5,3,1.0393993480946713,1.0744008871131825,0.0,0.0,0.18111211696526758,0.0,0.09447632523682009,0.08663579172844749
339,1,0,1,0.07049218518308507,4.0,24.577399067808287,18.41501905920866,0.5,0.5,3,1.1249100301458839,1.0735258486377197,0.0,0.0,0.19529497629964754,0.0,0.09568412040197874,0.09961085589766877
340,1,0,1,0.07049008948320937,4.0,24.584824417658783,18.45436827135636,0.5,0.5,3,1.1215850151736122,1.0748104531754237,0.0,0.0,0.19467729682377366,0.0,0.09539516762600563,0.09928212919776803
341,1,0,1,0.07068467799215673,4.0,24.574862279053775,18.413969687949503,0.5,0.5,3,1.0256190952135216,1.0759798172253787,0.0,0.0,0.17889677218060882,0.0,0.09323281915877221,0.08566395302183655
342,1,0,1,0.0704634752606242,4.0,24.588957062165004,18.457617736175784,0.5,0.5,3,1.13246363051259,1.0747207991750822,0.0,0.0,0.19660387298143142,0.0,0.09642303478316,0.10018083819827145
343,1,0,1,0.07065265336503868,4.0,24.587441492193538,18.424176547408553,0.5,0.5,3,1.0412076112198227,1.0761643699585197,0.0,0.0,0.1813451245997133,0.0,0.094516752620548,0.08682837197916529
344,1,0,1,0.07070630744961112,4.0,24.572578947588532,18.384808871193936,0.5,0.5,3,1.0210602301704337,1.0752904509900523,0.0,0.0,0.17814099316733725,0.0,0.09249339951889896,0.08564759364843834
345,1,0,1,0.07047119272115267,4.0,24.584954743305907,18.427896848234546,0.5,0.5,3,1.1293984682275464,1.0739346954695619,0.0,0.0,0.19610670513070205,0.0,0.0962092956280515,0.09989740950265055
346,1,0,1,0.07069676910873438,4.0,24.570909380359822,18.390815594407158,0.5,0.5,3,1.0241946730150286,1.0753212897885116,0.0,0.0,0.17873922741798817,0.0,0.0925894169540704,0.08614981046391776
347,1,0,1,0.0706599969779811,4.0,24.570115028495813,18.360423403382104,0.5,0.5,3,1.0428565814801165,1.0740431243691746,0.0,0.0,0.1817819970654963,0.0,0.09453396470253046,0.08724803236296583
348,1,0,1,0.07047040033630952,4.0,24.585882444333635,18.406228272283506,0.5,0.5,3,1.134835745536177,1.073263460796948,0.0,0.0,0.1972438361057989,0.0,0.09669156258694121,0.10055227351885768
349,1,0,1,0.07046261391201497,4.0,24.6015311563681,18.451829618616124,0.5,0.5,3,1.1360528262825045,1.0748027679154286,0.0,0.0,0.19727711541823034,0.0,0.09669638019623325,0.10058073522199712
350,1,0,1,0.07067840793893528,4.0,24.591927922708052,18.41471169670062,0.5,0.5,3,1.0296128637990603,1.0763340193746056,0.0,0.0,0.17962215623232033,0.0,0.09332587200142806,0.08629628423089225
351,1,0,1,0.07070129331603303,4.0,24.57690206597795,18.375275624942482,0.5,0.5,3,1.0207040619969727,1.0751659904852169,0.0,0.0,0.17821675066252077,0.0,0.09249588550268002,0.08572086515984075
352,1,1,1,0.0056865060961592525,4.0,24.567387636737134,18.34348575380117,0.5,0.5,3,1.032500141890874,1.0738044422730109,0.0,1.5,0.18022032505608934,0.0,0.09328353303095513,0.0869367920251342
353,1,0,0,-0.1693214248494938,3.830678575150506,24.55936599711719,18.31346979816059,0.5,0.5,3,1.0347342395029422,1.0727718347634574,0.0,0.0,0.18052477408105158,0.0,0.09344685846232954,0.08707791561872207
354,1,1,1,0.005485167207147584,3.8361637423576536,24.571218340402528,18.358969607883942,0.5,0.5,3,1.129173047890633,1.0718208948819448,0.0,1.5,0.19598343448806116,0.0,0.09604434197176731,0.09993909251629383
355,1,1,1,0.005478794739534668,3.8416425370971883,24.58269219639886,18.403859786005235,0.5,0.5,3,1.1296187328247878,1.0732546987071618,0.0,1.5,0.19602254744103426,0.0,0.09601681771019982,0.10000572973083444
356,1,1,1,0.005479851955753704,3.847122389052942,24.5922748132883,18.444854919219445,0.5,0.5,3,1.1252415496637496,1.0746637995601023,0.0,1.5,0.19530782351791665,0.0,0.09575151022185033,0.0995563132960663
357,1,1,0,-0.2345114517866792,3.612610937266263,24.596225632900012,18.4817634973358,0.5,0.5,3,1.1167876410407627,1.0759282433126938,0.0,1.5,0.19377300921549648,0.0,0.09490385003005103,0.09886915918544542
358,1,1,1,0.005477991894404512,3.6180889291606673,24.60479300266634,18.519976788932983,0.5,0.5,3,1.1237303896194113,1.0769497282558955,0.0,1.5,0.19508006946587156,0.0,0.09572404257809644,0.09935602688777512
359,1,0,1,0.070473263757262,3.6885621929179293,24.612412087614373,18.557156043247822,0.5,0.5,3,1.1229175840528485,1.0781192447899834,0.0,0.0,0.19492385307657376,0.0,0.0955400774185292,0.09938377565804457
360,1,0,1,0.07049696514909984,3.759059158067029,24.61093626724344,18.58861824964095,0.5,0.5,3,1.1092255892937484,1.079239203271555,0.0,0.0,0.19250295099217848,0.0,0.09419107230735445,0.098311878684824
361,1,0,1,0.07046988853213468,3.8295290465991636,24.61802499967364,18.622623940454176,0.5,0.5,3,1.121083286165539,1.07998886292211,0.0,0.0,0.1945870882869955,0.0,0.09547568427217287,0.09911140401482263
362,1,1,1,0.005679118567199669,3.8352081651663634,24.60561854992403,18.576846084086874,0.5,0.5,3,1.0228319173862872,1.0810162235031955,0.0,1.5,0.17832978447493006,0.0,0.09304386731313545,0.08528591716179458
363,1,1,1,0.0056815132521148915,3.8408896784184785,24.594405221324173,18.531666829006,0.5,0.5,3,1.0231690321695415,1.0795616158502728,0.0,1.5,0.17844918131207008,0.0,0.09313332214193323,0.08531585917013683
364,1,1,1,0.005688592322215289,3.846578270740694,24.581700441734313,18.491346776888673,0.5,0.5,3,1.0251269695510627,1.0781518012582545,0.0,1.5,0.1789559039919853,0.0,0.09288913837834613,0.0860667656136392
365,1,0,1,0.07044712122117935,3.9170253919618734,24.601279947755966,18.53536688172884,0.5,0.5,3,1.1404257913273983,1.0768261804655745,0.0,0.0,0.1982300500338159,0.0,0.09736007053872064,0.10086997949509524
366,1,1,1,0.005697647145100315,3.9227230391069736,24.58688438842357,18.492318148678063,0.5,0.5,3,1.0209718783539445,1.0784161707371203,0.0,1.5,0.17823736795219086,0.0,0.09267762788836614,0.0855597400638247
367,1,1,0,-0.2342996918393175,3.688423347267656,24.571220399479966,18.452005871264063,0.5,0.5,3,1.0210037970699393,1.0769800634275408,0.0,1.5,0.17812505692738984,0.0,0.09239289547838453,0.08573216144900526
368,1,2,1,0.005676397951087148,3.694099745218743,24.567671871130397,18.416717415509027,0.5,0.5,3,1.0367436726639894,1.0755806567686008,0.0,1.5,0.18058826969493175,0.0,0.09414038490338873,0.08644788479154296
369,1,1,1,0.005689701011066684,3.69978944622981,24.556415702691943,18.38055713396377,0.5,0.5,3,1.0271932821822807,1.0746097321659855,0.0,1.5,0.17906530149424427,0.0,0.09293993263252076,0.0861253688617235
370,1,1,1,0.005682578856915941,3.705472025086726,24.550152028986837,18.349313367589446,0.5,0.5,3,1.0359168808369597,1.073424320916393,0.0,1.5,0.18073287417321196,0.0,0.09367397574131893,0.08705889843189303
371,1,1,1,0.005698547603296718,3.7111705726900226,24.540793503215202,18.315477217394392,0.5,0.5,3,1.0292919589477207,1.0724866349144073,0.0,1.5,0.17955480733037227,0.0,0.09318836457045615,0.08636644275991613
372,1,1,1,0.005684027435179389,3.716854600125202,24.535854357738394,18.287425999503903,0.5,0.5,3,1.0384164046479445,1.07140676801524,0.0,1.5,0.18122189333810607,0.0,0.09381060168220451,0.08741129165590156
373,1,1,0,-0.234285961210414,3.4825686389147883,24.522074994933,18.256707456107126,0.5,0.5,3,1.026084102728884,1.0705820089310576,0.0,1.5,0.17914494374978196,0.0,0.09247107789144418,0.08667386585833774
374,1,1,1,0.005502399655484582,3.488071038570273,24.527199629564716,18.303088280696794,0.5,0.5,3,1.1209750204973883,1.0694695612760032,0.0,1.5,0.19439069212285148,0.0,0.09481957440707428,0.09957111771577723
375,1,1,0,-0.23433005436919727,3.253740984201076,24.52561452369273,18.27548188359207,0.5,0.5,3,1.0415656947798277,1.0707571977565378,0.0,1.5,0.1816596501112891,0.0,0.09428767326998216,0.08737197684130693
376,1,0,1,0.07051256771574956,3.3242535519168253,24.53039152046821,18.3204434558458,0.5,0.5,3,1.1197659792113352,1.07002741018212,0.0,0.0,0.19418415839065833,0.0,0.09478075654690236,0.09940340184375598
377,1,0,1,0.07049845001206963,3.394752001928895,24.536094390951735,18.365639022537124,0.5,0.5,3,1.1221693115826932,1.0712708744078503,0.0,0.0,0.19470336248500866,0.0,0.09495312864104966,0.09975023384395904
378,1,0,1,0.07046943703559641,3.465221438964491,24.554436212289772,18.413306497992536,0.5,0.5,3,1.138552632130669,1.0725433353372216,0.0,0.0,0.19770355818934782,0.0,0.09698704817345485,0.10071651001589296
379,1,1,1,0.005707491788917775,3.470928930753409,24.542275252295006,18.37554312393825,0.5,0.5,3,1.0242692337080035,1.0741935677570575,0.0,1.5,0.17879415503021376,0.0,0.09276860008874105,0.08602555494147272
380,1,0,1,0.07071045570494457,3.5416393864583533,24.53087406863566,18.34070853228947,0.5,0.5,3,1.0267096840977084,1.0729454594058314,0.0,0.0,0.1791397356038284,0.0,0.0928555810689981,0.08628415453483028
381,1,1,0,-0.23428061423285676,3.3073587722254967,24.51652765280982,18.305251094674148,0.5,0.5,3,1.0219857115819635,1.0717895650231284,0.0,1.5,0.17809958476559365,0.0,0.09233023574777441,0.08576934901781927
382,1,0,1,0.07051674097660476,3.3778755132021017,24.520837073522014,18.34820555434043,0.5,0.5,3,1.1178083490655815,1.0705444686870993,0.0,0.0,0.1938620950629174,0.0,0.09468233588470888,0.09917975917820851
383,1,0,1,0.07071173466614102,3.4485872478682427,24.51224125781718,18.313711402646668,0.5,0.5,3,1.0286360982979619,1.0717260656965613,0.0,0.0,0.17943127040904,0.0,0.09317496463942973,0.08625630576961027
384,1,0,1,0.07047427052986589,4.0,24.529718697144396,18.36393066562116,0.5,0.5,4,1.138345518813307,1.0706488165115964,0.0,0.0,0.1977239020720568,0.0,0.0967073499748076,0.10101655209724922
385,1,1,1,0.0055017608091195115,4.0,24.54021828841661,18.406714686388717,0.5,0.5,4,1.1256248461089107,1.072341234069139,0.0,1.5,0.1953258335449966,0.0,0.09566293811039847,0.09966289543459814
386,1,2,1,0.0056834286467878576,4.0,24.533330246332007,18.372333913412675,0.5,0.5,4,1.0324045093094827,1.0736733243701333,0.0,1.5,0.1799794732742979,0.0,0.09352038636468123,0.08645908690961666
387,1,1,1,0.0054706806173728155,4.0,24.550100842344655,18.41897331691347,0.5,0.5,4,1.1360516035070585,1.0726416039936169,0.0,1.5,0.19728520510751152,0.0,0.09663261148473629,0.10065259362277523
388,1,0,1,0.07046318842425245,4.0,24.565333247699915,18.4641805979686,0.5,0.5,4,1.1346665403918474,1.074226853981453,0.0,0.0,0.1970100915819472,0.0,0.09651913777595819,0.100490953805989
389,1,0,1,0.07068805430474177,4.0,24.555076017965632,18.427320566879374,0.5,0.5,4,1.0286205853182002,1.0757378461417129,0.0,0.0,0.17943568319465086,0.0,0.09310845717895233,0.08632722601569855
390,1,1,1,0.0054439080798306975,4.0,24.576457716841734,18.476267413382622,0.5,0.5,4,1.1448884600004752,1.0745599146211249,0.0,1.5,0.19940777667034776,0.0,0.09757688377045703,0.10183089289989071
391,1,1,1,0.005468966913014481,4.0,24.59012060090235,18.51515556307704,0.5,0.5,4,1.128869162010644,1.076318128255609,0.0,1.5,0.19577907064841069,0.0,0.09630647328285008,0.0994725973655606
392,1,1,0,-0.23455948895081366,3.7654405110491864,24.60843190748308,18.558739755157873,0.5,0.5,4,1.1395274027610487,1.0776319040994848,0.0,1.5,0.19800333004648996,0.0,0.09717155414126658,0.10083177590522341
393,1,0,1,0.07046335008492818,3.8359038611341147,24.619501743336713,18.59409572310919,0.5,0.5,4,1.1256050953709777,1.0791792915660239,0.0,0.0,0.19543736070038836,0.0,0.0961211720609678,0.09931618863942052
394,1,0,1,0.07065697305865092,3.906560834192766,24.614710790954042,18.553626119026497,0.5,0.5,4,1.0350793801957807,1.0803399366611477,0.0,0.0,0.18032438510762164,0.0,0.09415808354218677,0.08616630156543487
395,1,0,1,0.07069780814622229,3.977258642338988,24.599475923591257,18.509396880310003,0.5,0.5,4,1.0197443166702311,1.0792084227495136,0.0,0.0,0.17793963638814325,0.0,0.09255741721877517,0.08538221916936807
396,1,0,1,0.07045448129431126,4.0,24.61646170345743,18.551340275584508,0.5,0.5,4,1.1366509952382111,1.0777218200975316,0.0,0.0,0.19745577125497535,0.0,0.09695895736847117,0.10049681388650418
397,1,0,1,0.07072598937484309,4.0,24.59462459973934,18.50443744651922,0.5,0.5,4,1.01045511669267,1.0791950494760485,0.0,0.0,0.17617464695378107,0.0,0.0915620796155188,0.08461256733826227
398,1,0,1,0.07072051190070551,4.0,24.57158039157637,18.463214046636928,0.5,0.5,4,1.0132089431112008,1.0774765511564641,0.0,0.0,0.17677172392019563,0.0,0.09132202136210521,0.08544970255809044
399,1,0,1,0.07070651465761343,4.0,24.55697889834735,18.4215568112839,0.5,0.5,4,1.0196111323732868,1.0758698609553323,0.0,0.0,0.17784862033791934,0.0,0.092467187928137,0.08538143240978233
400,1,0,1,0.07066025857101002,4.0,24.557780285281577,18.391288376999686,0.5,0.5,4,1.0449963453907958,1.0744633927407814,0.0,0.0,0.18212172214463085,0.0,0.09474787953931638,0.08737384260531444
401,1,2,0,-0.23425466045613041,3.7657453395438694,24.534397635101737,18.352656043281904,0.5,0.5,4,1.0117117326594078,1.0737267165570317,0.0,1.5,0.1766108179462377,0.0,0.09109089759200772,0.08551992035422998
402,1,0,1,0.07075295035074013,3.8364982898946094,24.50998274213992,18.31424383318441,0.5,0.5,4,1.009349238900279,1.072176341959591,0.0,0.0,0.17606046678150813,0.0,0.09085605848708972,0.08520440829441839
403,1,0,1,0.07049408434717132,3.906992374241781,24.523695565371014,18.360302216866614,0.5,0.5,4,1.130376871296404,1.0706056643831083,0.0,0.0,0.19624089013241092,0.0,0.09608360195035694,0.10015728818205401
404,1,0,1,0.07075409122965018,3.977746465471431,24.500773746267388,18.322428953702428,0.5,0.5,4,1.0113048622881289,1.0720999445559407,0.0,0.0,0.17669308157178193,0.0,0.09106374957050099,0.08562933200128094
405,1,0,1,0.07073802358802984,4.0,24.483583006689198,18.287124530372985,0.5,0.5,4,1.0180849045916123,1.0705800674992454,0.0,0.0,0.17766116931550727,0.0,0.09180418375559297,0.0858569855599143
406,1,0,1,0.07078037211435449,4.0,24.453475192180207,18.252106467298496,0.5,0.5,4,1.0041418108430724,1.0692676884265546,0.0,0.0,0.17547377704249528,0.0,0.08983162413638912,0.08564215290610618
407,1,0,1,0.07074932929684265,4.0,24.436033939194363,18.22073144485841,0.5,0.5,4,1.0188232660610383,1.0676395414869675,0.0,0.0,0.1779908587808283,0.0,0.09154392679450962,0.08644693198631866
408,1,0,1,0.07076229698856462,4.0,24.41975055284907,18.186371190077566,0.5,0.5,4,1.0157754934751801,1.0664191346013192,0.0,0.0,0.17745773440444784,0.0,0.09168457910196554,0.08577315530248228
409,1,0,1,0.07076934755643027,4.0,24.402647439172405,18.153301595427585,0.5,0.5,4,1.0149803352465225,1.065153043573166,0.0,0.0,0.1771833428396286,0.0,0.09147297069539617,0.08571037214423241
410,1,0,1,0.0707724884404556,4.0,24.381181230977727,18.123662983096825,0.5,0.5,4,1.0127939053395638,1.0638987258649997,0.0,0.0,0.17683458445482167,0.0,0.0907732469253478,0.08606133752947388
411,1,0,1,0.070497776571469,4.0,24.40643062498543,18.181461240872483,0.5,0.5,4,1.1456687571352258,1.0626211053518637,0.0,0.0,0.19899050016100575,0.0,0.0973349494747441,0.10165555068626164
412,1,0,0,-0.16948361841470458,3.8305163815852956,24.425072862286214,18.23220782418769,0.5,0.5,4,1.1340861172624384,1.0646972966464479,0.0,0.0,0.1970773382638295,0.0,0.09649437660283154,0.10058296166099798
413,1,0,1,0.07048979324872452,3.9010061748340203,24.447734906499225,18.282972755294765,0.5,0.5,4,1.1398589924819365,1.0664320171618478,0.0,0.0,0.19788093458712233,0.0,0.09712638024889166,0.10075455433823072
414,1,0,1,0.0704743423045664,3.9714805171385867,24.473072906031078,18.33561001246292,0.5,0.5,4,1.1462429482448542,1.06826769154485,0.0,0.0,0.19921849825423427,0.0,0.0976593473559635,0.10155915089827078
415,1,0,1,0.07049138774424234,4.0,24.49124756001811,18.38057412378125,0.5,0.5,4,1.1333558382677147,1.07021707296235,0.0,0.0,0.19681344040241527,0.0,0.09663731362386022,0.10017612677855509
416,1,0,1,0.07049041336098959,4.0,24.509155765948574,18.423566621676244,0.5,0.5,4,1.1326962459204406,1.071795542094984,0.0,0.0,0.19669127236035538,0.0,0.09666266750131595,0.10002860485903944
417,1,0,1,0.07047909031578684,4.0,24.527527195890343,18.465352458852887,0.5,0.5,4,1.1334753268090312,1.0733180596906204,0.0,0.0,0.19675516265288093,0.0,0.09682481104648888,0.09993035160639203
418,1,0,1,0.07047662264808363,4.0,24.547250076274175,18.506038064489335,0.5,0.5,4,1.1352304773888608,1.0748219913685808,0.0,0.0,0.19723996455294718,0.0,0.09706933158642686,0.1001706329665203
419,1,0,0,-0.1695475048583551,3.8304524951416448,24.56725871350767,18.547537980404783,0.5,0.5,4,1.137840756668035,1.0763322035190876,0.0,0.0,0.19771427404246877,0.0,0.09724366947753635,0.10047060456493245
420,1,0,0,-0.1692452673250391,3.6612072278166057,24.53984723885739,18.499272698586864,0.5,0.5,4,1.0021931608796129,1.0778699173478115,0.0,0.0,0.1746456111582974,0.0,0.09047964285475156,0.08416596830354585
421,1,0,1,0.0704758270220351,3.7316830548386406,24.55832147369907,18.53856418269062,0.5,0.5,4,1.1337437173815395,1.0759779984361064,0.0,0.0,0.19701496045850952,0.0,0.09702119481938797,0.09999376563912155
422,1,0,1,0.07046734799502459,3.8021504028336652,24.576290836519394,18.57622881959984,0.5,0.5,4,1.133056141139284,1.0774221414097425,0.0,0.0,0.19686601472073031,0.0,0.09699484958088195,0.0998711651398484
423,1,2,0,-0.2345448646417253,3.56760553819194,24.593854096609906,18.61236893477554,0.5,0.5,4,1.1325163666691949,1.0788129914029807,0.0,1.5,0.19671310192022678,0.0,0.09698645754342006,0.09972664437680673
424,1,0,1,0.07070271136950602,3.638308249561446,24.58119262863989,18.56436083410289,0.5,0.5,4,1.0194860071419638,1.0801555757846364,0.0,0.0,0.17792023760847792,0.0,0.0928597639458837,0.08506047366259423
425,1,0,1,0.07046393033310802,3.708772179894554,24.598777214256792,18.601860568173898,0.5,0.5,4,1.1337231562564802,1.0786388365685695,0.0,0.0,0.1969195076457139,0.0,0.09701701357427751,0.09990249407143642
426,1,2,1,0.005717812444464462,3.7144899923390184,24.577982360772857,18.55507589860497,0.5,0.5,4,1.0124364215079051,1.0800159445607673,0.0,1.5,0.1765415503617475,0.0,0.09161759323866506,0.0849239571230825
427,1,0,0,-0.1695209242200736,3.5449690681189447,24.59330293834315,18.592306840624644,0.5,0.5,4,1.1308779760744119,1.0783264564844455,0.0,0.0,0.1965412482989965,0.0,0.09669082577685448,0.09985042252214199
428,1,1,1,0.0057238191381881786,3.550692887257133,24.572050910673685,18.546177935873025,0.5,0.5,4,1.0122593120531171,1.0796402444741946,0.0,1.5,0.17661489105463987,0.0,0.09154223602083683,0.08507265503380303
429,1,2,1,0.0057048337052770775,3.55639772096241,24.562040563915268,18.50010476264483,0.5,0.5,4,1.0218722011770542,1.077955721163668,0.0,1.5,0.17811668597454494,0.0,0.09316850734951265,0.08494817862503229
430,1,0,1,0.07070724797550018,3.62710496893791,24.55206985162335,18.458139234482083,0.5,0.5,4,1.0246173927093327,1.0765536331640027,0.0,0.0,0.17856627153571386,0.0,0.0931009416974739,0.08546532983823994
431,1,0,1,0.07073542563203411,3.697840394569944,24.535295937007454,18.415518828869942,0.5,0.5,4,1.015860906924603,1.0752552271526359,0.0,0.0,0.1771796567125121,0.0,0.0920568146219866,0.08512284209052545
432,1,0,1,0.07048345192593454,3.768323846495879,24.550304749465283,18.457973646158592,0.5,0.5,4,1.1312339988934106,1.073770369146935,0.0,0.0,0.19635768218781807,0.0,0.0964209688317666,0.09993671335605148
433,1,0,1,0.070472902201819,3.838796748697698,24.565086610061265,18.498972406527944,0.5,0.5,4,1.13098758085593,1.075206959890597,0.0,0.0,0.1963737539116844,0.0,0.09646393102857198,0.0999098228831124
434,1,0,1,0.07070529070785966,3.9095020394055577,24.55016604270756,18.457736978485993,0.5,0.5,4,1.0204454800190745,1.0766014754147304,0.0,0.0,0.17806129064752,0.0,0.09241342135822404,0.08564786928929591
435,1,0,1,0.07047791098590392,3.9799799503914617,24.562800794064856,18.49735159258489,0.5,0.5,4,1.1274469409860322,1.0751975755298389,0.0,0.0,0.19568828227259566,0.0,0.09611377812938823,0.09957450414320743
436,1,0,1,0.07046688747855978,4.0,24.577934076343993,18.536787340190433,0.5,0.5,4,1.1310728395509262,1.0765038096662436,0.0,0.0,0.19627926024045647,0.0,0.09653447533159465,0.0997447849088618
437,1,0,1,0.07069781441271054,4.0,24.565082833903297,18.49235698229668,0.5,0.5,4,1.0205864350789116,1.0778680354133607,0.0,0.0,0.17781350977082824,0.0,0.09274681753916644,0.08506669223166179
438,1,2,1,0.005695974991850683,4.0,24.555057976997787,18.45374902896115,0.5,0.5,4,1.0278031851639602,1.0764359954049996,0.0,1.5,0.17908985846882175,0.0,0.09309476872283702,0.08599508974598472
439,1,2,1,0.005698747728022352,4.0,24.54427469074428,18.41749850595948,0.5,0.5,4,1.0281863658937977,1.0752201751489734,0.0,1.5,0.17952848698741242,0.0,0.0929855431948315,0.0865429437925809
440,1,0,1,0.07048348423383907,4.0,24.55582848212667,18.457918391537856,0.5,0.5,4,1.126018006878358,1.0740443299175941,0.0,0.0,0.19536341555797693,0.0,0.09589206820327303,0.09947134735470389
441,1,0,0,-0.1694927735328806,3.8305072264671196,24.55982958710103,18.49203493993788,0.5,0.5,4,1.113461325216,1.0753436718416132,0.0,0.0,0.19303769805121052,0.0,0.09474247024276991,0.0982952278084406
442,1,0,1,0.07047921299878503,3.9009864394659046,24.571642010987695,18.53048903432979,0.5,0.5,4,1.126563131454544,1.0762966131759728,0.0,0.0,0.19554339649677965,0.0,0.09599416292368482,0.09954923357309484
443,1,0,1,0.07070010476134364,3.971686544227248,24.55973215154835,18.487291054520444,0.5,0.5,4,1.0224454368842455,1.0775532761329372,0.0,0.0,0.1781841471810045,0.0,0.0928760392382034,0.0853081079428011
444,1,0,1,0.07067476334901927,4.0,24.554185616969797,18.449070290039483,0.5,0.5,4,1.032408281092209,1.0761755801517197,0.0,0.0,0.17996745507408085,0.0,0.09379675124693578,0.08617070382714502
445,1,0,1,0.07071183427636536,4.0,24.54152260489041,18.409206523238232,0.5,0.5,4,1.0225546187945953,1.0750813976752323,0.0,0.0,0.17827908394866088,0.0,0.09268662155594902,0.08559246239271187
446,1,0,1,0.07047624175917945,4.0,24.557925799291667,18.453360887871092,0.5,0.5,4,1.1343257872373274,1.0737682282032162,0.0,0.0,0.1969454668787971,0.0,0.09664626103601046,0.10029920584278668
447,1,0,1,0.070682090617081,4.0,24.551580918570238,18.41837283898736,0.5,0.5,4,1.0339492375739054,1.0752821671790689,0.0,0.0,0.18009481780599573,0.0,0.0936336862253978,0.08646113158059791
448,1,0,0,-0.16932809691304654,3.8306719030869534,24.549690056489787,18.385605020025068,0.5,0.5,4,1.0395901628962014,1.07424884393894,0.0,0.0,0.1811584485180072,0.0,0.09428762111857304,0.08687082739943418
449,1,1,1,0.005487343848060749,3.836159246935014,24.56449860895003,18.428283643817338,0.5,0.5,4,1.1308695531653832,1.0733823769128714,0.0,1.5,0.1963291899561248,0.0,0.09643277687920541,0.09989641307691942
450,1,0,1,0.07046965833233265,3.906628905267347,24.579441685363953,18.47091359714031,0.5,0.5,4,1.1323925860560822,1.0748195563191842,0.0,0.0,0.1965631252350169,0.0,0.0964882385608674,0.10007488667414949
451,1,0,1,0.07068539862747723,3.977314303894824,24.571168408696643,18.43397915844826,0.5,0.5,4,1.0310511667032463,1.0762588820626067,0.0,0.0,0.17981268392835334,0.0,0.09342898578983816,0.08638369813851518
452,1,0,1,0.07050483849415291,4.0,24.57220146153691,18.46907055020573,0.5,0.5,4,1.1112531337763558,1.0751286891786227,0.0,0.0,0.19284558820510114,0.0,0.09438413310098247,0.09846145510411868
453,1,0,1,0.07064911731030388,4.0,24.573080536664357,18.437135729775363,0.5,0.5,4,1.0449760549906524,1.076031800293566,0.0,0.0,0.18186618875541594,0.0,0.09479751128873941,0.08706867746667656
454,1,1,1,0.005685034328417023,4.0,24.565620558122276,18.399994235909254,0.5,0.5,4,1.0306539342528003,1.0752554066609932,0.0,1.5,0.17978015217930798,0.0,0.093555683920064,0.08622446825924394
455,1,1,0,-0.23451774952418922,3.7654822504758108,24.57624330213642,18.44189217405285,0.5,0.5,4,1.1266610520085258,1.0741403698507885,0.0,1.5,0.19553493673163383,0.0,0.09583015563746927,0.09970478109416461
456,1,0,1,0.0704785634554973,3.835960813931308,24.58748140661415,18.48179258888335,0.5,0.5,4,1.1265919062129615,1.0754533869047318,0.0,0.0,0.19543600109722598,0.0,0.09598532188179781,0.09945067921542816
457,1,0,0,-0.1695250763406131,3.666435737590695,24.596455490421363,18.519794882378477,0.5,0.5,4,1.123708227189777,1.0767318498874374,0.0,0.0,0.1949690679314071,0.0,0.09567378490580758,0.09929528302559948
458,1,0,1,0.0706941508781001,3.7371298884687953,24.583583760672568,18.47692212315862,0.5,0.5,4,1.0221617703513468,1.077906259319996,0.0,0.0,0.17831706823669422,0.0,0.09283424359765108,0.08548282463904315
459,1,0,1,0.07068178866962989,3.8078116771384254,24.57756908701181,18.4385206503871,0.5,0.5,4,1.0320965006635026,1.0765126470957798,0.0,0.0,0.17998907471015507,0.0,0.09382405727986017,0.08616501743029491
460,1,0,0,-0.16949996233328982,3.6383117148051354,24.58371758442101,18.474491982770793,0.5,0.5,4,1.1175220732278632,1.075402243434973,0.0,0.0,0.193876928757228,0.0,0.0952045360572125,0.09867239270001547
461,1,0,1,0.07049340711038893,3.7088051219155242,24.59165125229852,18.509816840713196,0.5,0.5,4,1.119713764999711,1.0764552391797952,0.0,0.0,0.19431266944114378,0.0,0.09553914006452813,0.09877352937661567
462,1,0,1,0.07047299732818979,3.779278119243714,24.602806862512672,18.547084251143172,0.5,0.5,4,1.125959722969423,1.0775367023252929,0.0,0.0,0.19555034942393446,0.0,0.09606308211778518,0.09948726730614922
463,1,0,1,0.0706176192056784,3.8498957384493924,24.61084109002477,18.514987918641175,0.5,0.5,4,1.0546851728514948,1.0787472778413962,0.0,0.0,0.1834355258624464,0.0,0.09605715897626368,0.08737836688618274
464,1,0,1,0.07046160819356358,3.9203573466429558,24.62453037399478,18.55330039342696,0.5,0.5,4,1.1301474839724397,1.0781457252166486,0.0,0.0,0.19626360500305262,0.0,0.09653852444927633,0.09972508055377628
465,1,0,1,0.07050239417452803,3.9908597408174837,24.623058815605184,18.582183847633758,0.5,0.5,4,1.106857665002753,1.0794457691855435,0.0,0.0,0.1918785538318372,0.0,0.09415420093013407,0.09772435290170309
466,1,2,1,0.0054380050878726155,3.9962977459053564,24.639414663281283,18.62092485822412,0.5,0.5,4,1.135227924847431,1.0801310665809738,0.0,1.5,0.19727426696179642,0.0,0.09703727236340683,0.10023699459838954
467,1,2,1,0.0056726140710307285,4.0,24.626603641547067,18.576059419763993,0.5,0.5,4,1.0238320278432895,1.081508488037635,0.0,1.5,0.17855404048986284,0.0,0.09299465533858967,0.0855593851512732
468,1,0,0,-0.1695250413175865,3.8304749586824136,24.633369538367766,18.60795732405117,0.5,0.5,4,1.1187303776406528,1.0800665765327764,0.0,0.0,0.1942772028769293,0.0,0.09557752652329245,0.09869967635363683
469,1,1,1,0.005470831364578611,3.8359457900469924,24.638061904276746,18.638539515425794,0.5,0.5,4,1.1163077288440726,1.0810331715604735,0.0,1.5,0.19364021587842292,0.0,0.09518311460034659,0.09845710127807632
470,1,2,1,0.005461103708865028,3.8414068937558574,24.64628171291814,18.669340836256037,0.5,0.5,4,1.1209361649642022,1.0819150354925635,0.0,1.5,0.19459025907623784,0.0,0.09580171570860652,0.09878854336763132
471,1,0,1,0.07066196553652912,3.9120688592923867,24.638020559110082,18.622331158697783,0.5,0.5,4,1.0276197323630434,1.0828905637293544,0.0,0.0,0.1793602741632706,0.0,0.0937722133000784,0.08558806086319219
472,1,0,1,0.07048643298356273,3.9825552922759493,24.63575565584275,18.650701328398142,0.5,0.5,4,1.1076140593782222,1.0815087929451968,0.0,0.0,0.192202269395169,0.0,0.09414000991212385,0.09806225948304512
473,1,0,1,0.07044384557469265,4.0,24.647041072446164,18.684361685178214,0.5,0.5,4,1.1271071979895106,1.0821614246060225,0.0,0.0,0.1957380972510135,0.0,0.09629496074832415,0.09944313650268934
474,1,0,1,0.07071638794317243,4.0,24.62224136508016,18.634024788855605,0.5,0.5,4,1.008148465251999,1.0832850689406095,0.0,0.0,0.17586526210746423,0.0,0.09130112003702744,0.08456414207043682
475,1,0,0,-0.16932944739102634,3.8306705526089737,24.611934049839014,18.589962347975113,0.5,0.5,4,1.0270368977267537,1.0814066538483942,0.0,0.0,0.17916575241474086,0.0,0.0933427993582581,0.0858229530564828
476,1,0,1,0.07044090460649088,3.901111457215465,24.629511749838187,18.62801715201953,0.5,0.5,4,1.1356799139889437,1.0800474099453532,0.0,0.0,0.19742533240879687,0.0,0.09720495161239492,0.10022038079640196
477,1,0,0,-0.16951514850842536,3.7315963087070396,24.632129484954294,18.65623876610451,0.5,0.5,4,1.1122775717475288,1.081438222546443,0.0,0.0,0.19314782468056185,0.0,0.09491339234322448,0.09823443233733736
478,1,1,1,0.005690177096833716,3.7372864858038732,24.619214614283024,18.605541629917624,0.5,0.5,4,1.0185971994183087,1.0822092062764703,0.0,1.5,0.177440813056756,0.0,0.09297556249460957,0.08446525056214638
479,1,0,1,0.07068187840531524,3.8079683642091884,24.609678222217255,18.56255997118693,0.5,0.5,4,1.0281008553085542,1.080618906105016,0.0,0.0,0.17944656808691442,0.0,0.09344825531151398,0.08599831277540043
480,1,0,1,0.07069494927245867,3.8786633134816473,24.594918352329007,18.517279977220603,0.5,0.5,4,1.0192660909805318,1.0793059548351045,0.0,0.0,0.17779218894912224,0.0,0.09260957452011878,0.08518261442900346
481,1,0,1,0.07047836070239878,3.949141674184046,24.604220139526348,18.55483411072169,0.5,0.5,4,1.1246608789371666,1.0778049582387403,0.0,0.0,0.19535508867372853,0.0,0.09582756090785269,0.09952752776587585
482,1,0,1,0.07068893197108994,4.0,24.591758343751447,18.511875078351494,0.5,0.5,4,1.0235555281111033,1.078976356256201,0.0,0.0,0.17869124623328125,0.0,0.0929195538132929,0.08577169241998836
483,1,0,0,-0.1694995565880185,3.8305004434119816,24.59015444299171,18.54350002766158,0.5,0.5,4,1.1076118841029265,1.0775908355525734,0.0,0.0,0.19209864515916025,0.0,0.09404746056597932,0.09805118459318093
484,1,0,1,0.07068305279129969,3.901183496203281,24.580358291779532,18.502373535100023,0.5,0.5,4,1.027418717992596,1.0783413617663324,0.0,0.0,0.17910108342634284,0.0,0.09327879821124568,0.08582228521509715
485,1,1,1,0.00547651567112735,3.9066600118744086,24.591361148684136,18.5395007382213,0.5,0.5,4,1.1251983556978706,1.0770682956719888,0.0,1.5,0.19538712425915003,0.0,0.0960227911789058,0.09936433308024425
486,1,0,0,-0.1693066544687596,3.737353357405649,24.57995357125925,18.498154343597253,0.5,0.5,4,1.0255175751237005,1.078271547172636,0.0,0.0,0.178879844543584,0.0,0.09303345467948293,0.08584638986410106
487,1,0,1,0.07067118681035976,3.8080245442160083,24.575078430455132,18.460276902589598,0.5,0.5,4,1.0342001160596397,1.0769526978714126,0.0,0.0,0.18032461883670864,0.0,0.09399634556363355,0.08632827327307506
488,1,0,1,0.07064955128559039,3.878674095501599,24.57615382255934,18.42771105389391,0.5,0.5,4,1.0443934267346369,1.0758838833261182,0.0,0.0,0.18187367023326872,0.0,0.09485947350583412,0.08701419672743464
489,1,0,1,0.07051559149004527,3.949189686991644,24.572597847299235,18.460573742085632,0.5,0.5,4,1.1044033348429512,1.0750966219113312,0.0,0.0,0.1913612946844911,0.0,0.09362511982527524,0.09773617485921585
490,1,0,1,0.07068075301552651,4.0,24.56598388533547,18.42408849461495,0.5,0.5,4,1.0327300803001733,1.0758292897346218,0.0,0.0,0.1801147860114783,0.0,0.0936874551519674,0.08642733085951086
491,1,0,1,0.07064144986139581,4.0,24.56946635197403,18.396718305340464,0.5,0.5,4,1.0508640868628287,1.0747518094987605,0.0,0.0,0.18298775690513838,0.0,0.09518294979624284,0.08780480710889553
492,1,0,1,0.07064179277202143,4.0,24.571604074757477,18.36806504865127,0.5,0.5,4,1.0476390825271262,1.0741546164328621,0.0,0.0,0.18248704068393162,0.0,0.09499968260312286,0.08748735808080874
493,1,0,1,0.07065679618582503,4.0,24.57127295794875,18.341837144659213,0.5,0.5,4,1.0469327072844317,1.073491728085219,0.0,0.0,0.1824466223632526,0.0,0.09461755326571987,0.08782906909753273
494,1,0,0,-0.16930712562223701,3.830692874377763,24.561148343260495,18.308551222137808,0.5,0.5,4,1.0294172153555372,1.0728277525651992,0.0,0.0,0.17963399908310762,0.0,0.093107317382956,0.08652668170015163
495,1,1,1,0.0055145532569311605,3.8362074276346942,24.56219309980257,18.34999600525312,0.5,0.5,4,1.1142320287923462,1.0717424891349576,0.0,1.5,0.19320695568964205,0.0,0.09431349871590156,0.09889345697374052
496,1,2,1,0.005686253610969862,3.841893681245664,24.556035237733518,18.318513612107978,0.5,0.5,4,1.035164472412192,1.0728047276263923,0.0,1.5,0.18029838748538646,0.0,0.09368783100901568,0.08661055647637074
497,1,0,1,0.07069116268923396,3.9125848439348982,24.547406147917393,18.289036302034027,0.5,0.5,4,1.0337573213559663,1.0718637212460373,0.0,0.0,0.18033743219329718,0.0,0.09329387542711498,0.0870435567661822
498,1,0,1,0.07069551222064988,3.9832803561555483,24.537833804391738,18.260066392781397,0.5,0.5,4,1.0323688084705007,1.0709110612487855,0.0,0.0,0.18021131338847035,0.0,0.09311739137897689,0.08709392200949344
499,1,0,1,0.07065969548662009,4.0,24.538862983782685,18.239104779726723,0.5,0.5,4,1.0500150712656047,1.0699475049293286,0.0,0.0,0.18302445783662782,0.0,0.09469707111915979,0.08832738671746805
500,1,0,1,0.07047487189560064,4.0,24.55454993737681,18.291260029616062,0.5,0.5,4,1.1372913975711934,1.0694491940877353,0.0,0.0,0.19742387903706138,0.0,0.09650973243617869,0.10091414660088269
501,1,2,1,0.005481833465468116,4.0,24.567768318669582,18.33956624217274,0.5,0.5,4,1.132669843024272,1.0711452491748217,0.0,1.5,0.19664674422952869,0.0,0.09621287678862818,0.10043386744090048
502,1,0,1,0.0705007263655694,4.0,24.572946486176644,18.380887167616383,0.5,0.5,4,1.1191824569717643,1.072683364021058,0.0,0.0,0.19417249337223733,0.0,0.09498173211203849,0.0991907612601988
503,1,0,1,0.07068906598726205,4.0,24.56342066575127,18.34548314199929,0.5,0.5,4,1.0289159953023583,1.0738458413448257,0.0,0.0,0.17949493000605635,0.0,0.09324559898371448,0.08624933102234186
504,1,0,1,0.07068625099426182,4.0,24.557354943004984,18.314665422944948,0.5,0.5,4,1.0358391533931333,1.072722595193764,0.0,0.0,0.18067173690054747,0.0,0.09374428014317546,0.08692745675737201
505,1,0,0,-0.16928255431560618,3.8307174456843938,24.54533122205836,18.2800842244637,0.5,0.5,4,1.0251955897208784,1.0718005091487484,0.0,0.0,0.17885357129956436,0.0,0.09277387793326664,0.08607969336629769
506,1,0,1,0.0704896295699648,3.9012070752543586,24.556457299772408,18.326760056531192,0.5,0.5,4,1.12843729594459,1.0706353861630515,0.0,0.0,0.19579748353101242,0.0,0.09585167405453798,0.09994580947647445
507,1,0,1,0.07049607641797118,3.9717031516723296,24.56074029052666,18.36857053477841,0.5,0.5,4,1.1181739029090636,1.07208043390759,0.0,0.0,0.19392558790660555,0.0,0.09483034198003373,0.09909524592657179
508,1,0,1,0.07067031598381707,4.0,24.56017849026697,18.339357453625055,0.5,0.5,4,1.043457889219578,1.073232770632627,0.0,0.0,0.1816937350780367,0.0,0.0945117506434171,0.0871819844346196
509,1,0,1,0.07068845022703592,4.0,24.55465579722808,18.305913740729068,0.5,0.5,4,1.0335219926624264,1.0724883985973006,0.0,0.0,0.18002682689802316,0.0,0.09377675536433888,0.08625007153368426
510,1,0,0,-0.16928600819581602,3.830713991804184,24.539937140970842,18.273029747166618,0.5,0.5,4,1.0239115886292378,1.0715142384489287,0.0,0.0,0.17873745076743253,0.0,0.09236562500631493,0.08637182576111758
511,1,0,1,0.07051888442512307,3.901232876229307,24.538972885287066,18.315657512165863,0.5,0.5,4,1.1119876815189087,1.0703241722034367,0.0,0.0,0.19279202960989075,0.0,0.09393358061181917,0.09885844899807156
512,1,1,1,0.005742142652405821,4.0,24.517601476027487,18.28011980210163,0.5,0.5,5,1.0144566406125095,1.0713657599363233,0.0,1.5,0.17716895582746442,0.0,0.09130904460991005,0.08585991121755435
513,1,0,1,0.07051058312541342,4.0,24.523749019301974,18.32170897183815,0.5,0.5,5,1.1176797449642297,1.069943031953228,0.0,0.0,0.19378063382834163,0.0,0.09495595032840246,0.09882468349993917
514,1,0,1,0.07071542367821278,4.0,24.512270705825976,18.285808501640766,0.5,0.5,5,1.0237576661051255,1.071136449778503,0.0,0.0,0.17864438821016765,0.0,0.09273030615007415,0.08591408206009352
515,1,0,1,0.07050453451816553,4.0,24.521611727466382,18.328862612769782,0.5,0.5,5,1.122347112956089,1.0699519801866686,0.0,0.0,0.1947611146447452,0.0,0.09545025812141544,0.09931085652332972
516,1,0,1,0.0707221454619131,4.0,24.507338330095205,18.29397667268049,0.5,0.5,5,1.0221025210454393,1.0712618585059042,0.0,0.0,0.17846241561033013,0.0,0.09232790061793918,0.08613451499239093
517,1,1,1,0.005518437267822696,4.0,24.51110742310194,18.333284524468766,0.5,0.5,5,1.1131098198644012,1.0700328750693924,0.0,1.5,0.1929545835784018,0.0,0.09450657641478684,0.09844800716361499
518,1,0,1,0.07048774189767298,4.0,24.52547954752812,18.375520914448344,0.5,0.5,5,1.1277183130950301,1.0711097986892677,0.0,0.0,0.19589037286908673,0.0,0.09626465525009274,0.09962571761899398
519,1,0,1,0.07068923916478853,4.0,24.520740748389102,18.341076962886273,0.5,0.5,5,1.0333422608483196,1.0725250115494118,0.0,0.0,0.180152912195979,0.0,0.09380776744573521,0.08634514475024377
520,1,0,1,0.0707242893475865,4.0,24.508846480408476,18.304725593878224,0.5,0.5,5,1.023299805793211,1.0715454427818845,0.0,0.0,0.178339192687743,0.0,0.09262976219535043,0.08570943049239259
521,1,0,0,-0.16925001335819123,3.8307499866418087,24.486000903249835,18.269613375835178,0.5,0.5,5,1.0123815066554747,1.0703393018571674,0.0,0.0,0.1770463673353998,0.0,0.09099776857691379,0.08604859875848601
522,1,0,1,0.07071393201173111,3.9014639186535396,24.47952104736832,18.238550016384995,0.5,0.5,5,1.03134714164543,1.0688903569771253,0.0,0.0,0.17967297316245137,0.0,0.0933252346805582,0.08634773848189317
523,1,0,1,0.0707509014985532,3.9722148201520926,24.46404510282629,18.2010314654765,0.5,0.5,5,1.0149572811433067,1.067951776593833,0.0,0.0,0.17715973010573782,0.0,0.091947148160273,0.08521258194546483
524,1,0,1,0.07066847145984932,4.0,24.471405019006866,18.181505481157426,0.5,0.5,5,1.0544608460690772,1.0666269142075697,0.0,0.0,0.18342146738874476,0.0,0.09532111412837321,0.08810035326037154
525,1,0,1,0.07077391716621477,4.0,24.448968132947186,18.148959902248574,0.5,0.5,5,1.0113402975355745,1.0663227625041074,0.0,0.0,0.17671778443997113,0.0,0.09088871375868966,0.08582907068128147
526,1,0,1,0.07073720772615497,4.0,24.438651141174624,18.118465301987722,0.5,0.5,5,1.0241366088464783,1.064948200879894,0.0,0.0,0.17870564736510725,0.0,0.09259781519015664,0.08610783217495058
527,1,0,1,0.07074649533601206,4.0,24.427476138598003,18.09162258363022,0.5,0.5,5,1.0259101901449332,1.0639279110790587,0.0,0.0,0.1789463416943131,0.0,0.09243216013072293,0.08651418156359016
528,1,0,1,0.07051852005473003,4.0,24.444783901073208,18.143496469272506,0.5,0.5,5,1.1321591161731965,1.0629774680557056,0.0,0.0,0.19649107091049933,0.0,0.09631379990420635,0.10017727100629302
529,1,0,1,0.07051642333165475,4.0,24.46098138303855,18.192733150606838,0.5,0.5,5,1.1301411725583228,1.0647070092586428,0.0,0.0,0.19613821737203083,0.0,0.0962078553745962,0.0999303619974346
530,1,0,1,0.07056252785832325,4.0,24.46165652435246,18.230914172290433,0.5,0.5,5,1.1051990263386369,1.0663428633411347,0.0,0.0,0.19143599394842578,0.0,0.09383428658863913,0.09760170735978663
531,1,0,1,0.0707698207213662,4.0,24.437115843528403,18.195050529425103,0.5,0.5,5,1.006909943726686,1.0673142674160725,0.0,0.0,0.17570392941490523,0.0,0.09049949188614934,0.08520443752875591
532,1,0,1,0.070504766202527,4.0,24.455425096793313,18.241679723979416,0.5,0.5,5,1.1307426071430535,1.0658041593238377,0.0,0.0,0.1962100131763142,0.0,0.09653811451734627,0.09967189865896794
533,1,0,1,0.07050950593423128,4.0,24.469671259644027,18.285694183356505,0.5,0.5,5,1.125688242747124,1.067427620519318,0.0,0.0,0.19538832959207975,0.0,0.09599482521187658,0.0993935043802032
534,1,0,1,0.07074687944333469,4.0,24.45405703724657,18.246127546384685,0.5,0.5,5,1.013703276705738,1.0688841360750132,0.0,0.0,0.17691242937851068,0.0,0.09190569455367828,0.08500673482483241
535,1,0,1,0.07075069361304466,4.0,24.438736770007484,18.207326072992167,0.5,0.5,5,1.0133828739591784,1.0675046145907814,0.0,0.0,0.17691230977194544,0.0,0.09188404610232664,0.08502826366961881
536,1,0,1,0.07076757307094471,4.0,24.42007156803926,18.17108846598026,0.5,0.5,5,1.0112487620948583,1.0661515710749914,0.0,0.0,0.17659110215089543,0.0,0.09131211075858532,0.08527899139231009
537,1,0,1,0.07052347994153833,4.0,24.43741219242235,18.218550374382037,0.5,0.5,5,1.129581533635361,1.0647790008504878,0.0,0.0,0.19610888282397645,0.0,0.09627569422154536,0.09983318860243111
538,1,0,1,0.07053138306412922,4.0,24.44877874009174,18.2600062709527,0.5,0.5,5,1.1192215084101576,1.0663990641701098,0.0,0.0,0.1940690139674494,0.0,0.09546817045458372,0.09860084351286572
539,1,0,1,0.07073823393321323,4.0,24.43521644607596,18.22291729427077,0.5,0.5,5,1.0170683545783985,1.0677196252761112,0.0,0.0,0.1776286993448375,0.0,0.0921398349261798,0.08548886441865769
540,1,1,1,0.00551231070857394,4.0,24.451605725971998,18.268279824004733,0.5,0.5,5,1.1282051531386714,1.0664533435086683,0.0,1.5,0.1959367683343944,0.0,0.09624847870704419,0.09968828962735021
541,1,0,1,0.07051414838820916,4.0,24.463420470894448,18.309224840326735,0.5,0.5,5,1.1207568999938702,1.0679971387494185,0.0,0.0,0.19425154340488296,0.0,0.09549704719502397,0.09875449620985899
542,1,0,1,0.07049278627182227,4.0,24.48206027380474,18.351576282106645,0.5,0.5,5,1.1303073774707353,1.0693161327805298,0.0,0.0,0.1963407907728168,0.0,0.09670483022072755,0.09963596055208923
543,1,0,0,-0.16949270412364564,3.8305072958763544,24.49221667217471,18.38855444287131,0.5,0.5,5,1.1179754730324167,1.0708409138977848,0.0,0.0,0.19395151303890062,0.0,0.09544838078263282,0.0985031322562678
544,1,0,1,0.07071812724168193,3.9012254231180363,24.484871219093527,18.34655946100779,0.5,0.5,5,1.022678842931448,1.0720192778761506,0.0,0.0,0.17784308166508617,0.0,0.09324969972441606,0.08459338194067009
545,1,0,1,0.07053448796859513,3.9717599110866315,24.490602998045603,18.380700631366164,0.5,0.5,5,1.110658716312983,1.070785767002533,0.0,0.0,0.19270450559463687,0.0,0.09474000042409315,0.09796450517054373
546,1,0,1,0.07074190143763938,4.0,24.474932792848108,18.336341790097375,0.5,0.5,5,1.0117535442690095,1.0717825907352942,0.0,0.0,0.1765790333676701,0.0,0.09200301655049378,0.08457601681717634
547,1,0,1,0.0705024646356118,4.0,24.491269431834816,18.37643436259736,0.5,0.5,5,1.1267110760603292,1.0702818645736372,0.0,0.0,0.19570151638597444,0.0,0.09639236379454794,0.0993091525914265
548,1,0,1,0.07052936731741373,4.0,24.499075157460766,18.40891491768004,0.5,0.5,5,1.1119788755694333,1.0716925948608043,0.0,0.0,0.19274621734967975,0.0,0.09503619440679406,0.09771002294288571
549,1,0,1,0.07053117328148124,4.0,24.503951775403678,18.43779292451194,0.5,0.5,5,1.1064543766533323,1.0726997518785202,0.0,0.0,0.1917965868078331,0.0,0.0946517920616897,0.09714479474614339
550,1,0,1,0.07068457721881434,4.0,24.501886574791296,18.39696118567949,0.5,0.5,5,1.0306466780530619,1.0735436174978903,0.0,0.0,0.1793461861997945,0.0,0.09412135501080068,0.08522483118899384
551,1,0,0,-0.1693193732662635,3.8306806267337365,24.501109333048234,18.360809573766694,0.5,0.5,5,1.0355423403559127,1.0724711940117697,0.0,0.0,0.18039727515731183,0.0,0.09430969744949917,0.08608757770781268
552,1,0,1,0.07053571050963117,3.9012163372433677,24.50728859987703,18.391033237189014,0.5,0.5,5,1.1079509029214853,1.0715479726703734,0.0,0.0,0.1920530584155612,0.0,0.09491511263664086,0.09713794577892038
553,1,0,1,0.07050656662554017,3.971722903868908,24.517670949832883,18.424648651495595,0.5,0.5,5,1.1164558101890816,1.072458045926651,0.0,0.0,0.19373111574737248,0.0,0.09558413269097149,0.098146983056401
554,1,0,1,0.07069381757880776,4.0,24.515842352073875,18.385720708375008,0.5,0.5,5,1.0328014491536175,1.073557990033212,0.0,0.0,0.17963354149557875,0.0,0.0941770816234942,0.08545645987208458
555,1,0,1,0.07052073190915874,4.0,24.5227504323233,18.41831674993603,0.5,0.5,5,1.1120431983216688,1.072539076511222,0.0,0.0,0.19304228130939022,0.0,0.0950739431277638,0.09796833818162642
556,1,0,1,0.0707061260057993,4.0,24.514238208516744,18.377018956418368,0.5,0.5,5,1.023716662232264,1.0735266795564833,0.0,0.0,0.17839697971249818,0.0,0.0932163161578102,0.08518066355468801
557,1,0,1,0.07051806301412124,4.0,24.519664520965215,18.4096755624143,0.5,0.5,5,1.1103643475677836,1.0722814291233775,0.0,0.0,0.19251289226273913,0.0,0.09477533451046706,0.09773755775227205
558,1,0,1,0.07051075992224114,4.0,24.52782306580791,18.442559720539865,0.5,0.5,5,1.114276205052752,1.0732335020844879,0.0,0.0,0.19341755459952825,0.0,0.09526431535409659,0.09815323924543168
559,1,0,1,0.0705123802673871,4.0,24.536842979148613,18.473176318583356,0.5,0.5,5,1.1138960810428844,1.0742595696586945,0.0,0.0,0.19323163961889794,0.0,0.09539884587033196,0.097832793748566
560,1,0,1,0.0707383680981029,4.0,24.52017450280738,18.424763993219003,0.5,0.5,5,1.0101696807377132,1.0752504824432991,0.0,0.0,0.17610109667838536,0.0,0.09201743624964019,0.08408366042874517
561,1,2,1,0.005727601801873607,4.0,24.508030294375757,18.38008998135127,0.5,0.5,5,1.0168052421013059,1.0736234624006595,0.0,1.5,0.17729963229125745,0.0,0.09265611083846424,0.08464352145279319
562,1,0,1,0.0707115404156879,4.0,24.499198736224344,18.33921468964207,0.5,0.5,5,1.0224961570325655,1.0722030068931758,0.0,0.0,0.17828379118496485,0.0,0.09310127943125861,0.08518251175370627
563,1,0,1,0.07074488761937345,4.0,24.482075120560374,18.296070660110423,0.5,0.5,5,1.01069269045104,1.0709603356466606,0.0,0.0,0.1762996882312729,0.0,0.09175927539686811,0.08454041283440482
564,1,1,1,0.0055126341739773375,4.0,24.49349326526299,18.335888124912238,0.5,0.5,5,1.1206892540212035,1.06945364451677,0.0,1.5,0.19455025006270102,0.0,0.09562731174008869,0.09892293832261231
565,1,0,1,0.07053339839511982,4.0,24.50178708665406,18.36936422277585,0.5,0.5,5,1.1125044540090632,1.0707345347543806,0.0,0.0,0.19301240435291966,0.0,0.09521018642766435,0.09780221792525533
566,1,2,0,-0.23449181678265926,3.765508183217341,24.51601141644904,18.406191624596524,0.5,0.5,5,1.1228305143513961,1.071778782735748,0.0,1.5,0.19497710682676062,0.0,0.0961326117880213,0.09884449503873932
567,1,0,1,0.0707744282805352,3.836282611497876,24.48925759182638,18.3608562431508,0.5,0.5,5,1.0009658699577584,1.073055076026139,0.0,0.0,0.17476846406398835,0.0,0.09045077689661547,0.08431768716737288
568,1,0,1,0.07051812484305939,3.9068007363409354,24.50085735659067,18.397043851986744,0.5,0.5,5,1.1190402194746678,1.0712528458744295,0.0,0.0,0.19418980769601119,0.0,0.09566810362865726,0.09852170406735392
569,1,0,1,0.07051521471665885,3.9773159510575944,24.51498671372024,18.432807259277702,0.5,0.5,5,1.1223402946349572,1.0724475302144354,0.0,0.0,0.1949413891104916,0.0,0.09611667633427723,0.09882471277621441
570,1,0,1,0.07072459788975957,4.0,24.50465538639613,18.388787898617334,0.5,0.5,5,1.0193441613404741,1.0736948493249487,0.0,0.0,0.1777763146381671,0.0,0.09292854911637458,0.08484776552179252
571,1,0,0,-0.169467457307267,3.830532542692733,24.507362936928672,18.418360568329362,0.5,0.5,5,1.1046163023699027,1.0723360821253367,0.0,0.0,0.19148229247662207,0.0,0.09433450252969233,0.09714778994692974
572,1,0,1,0.07070177683679958,3.9012343195295323,24.50402294886054,18.379984808538616,0.5,0.5,5,1.0314273397725737,1.073143087631451,0.0,0.0,0.17971659719126543,0.0,0.09395973452169931,0.08575686266956611
573,1,1,1,0.005507719604446386,3.9067420391339787,24.52008895857628,18.417251219329593,0.5,0.5,5,1.1254326144417006,1.072100193934979,0.0,1.5,0.1956018635183425,0.0,0.09649424040097843,0.09910762311736404
574,1,0,0,-0.1692638296277879,3.737478209506191,24.505334367155633,18.372809880399792,0.5,0.5,5,1.0142375740972025,1.0734335044476468,0.0,0.0,0.17705282215669566,0.0,0.09227746085586414,0.08477536130083152
575,1,0,1,0.07075970196888692,3.8082379114750777,24.487769189620003,18.327525177482862,0.5,0.5,5,1.0091037257363176,1.0719536061888857,0.0,0.0,0.1760814883410306,0.0,0.0917712478886557,0.08431024045237488
576,1,0,1,0.07074167027506048,3.878979581750138,24.474190577178394,18.28722572882203,0.5,0.5,5,1.0165042980751369,1.0703823591775716,0.0,0.0,0.17730178555528076,0.0,0.09230919007408958,0.08499259548119116
577,1,0,0,-0.16930405373291638,3.709675528017222,24.47397542401195,18.257874257712828,0.5,0.5,5,1.0394687833743603,1.0690354076500106,0.0,0.0,0.18113282016910642,0.0,0.0942619290356525,0.08687089113345392
578,1,0,1,0.07077812837560347,3.780453656392825,24.4526572192173,18.21929987800155,0.5,0.5,5,1.0084036575371902,1.0682962420431195,0.0,0.0,0.1761741509791293,0.0,0.0910672723285121,0.08510687865061718
579,1,0,1,0.07074657736017634,3.8512002337530014,24.439797105499444,18.18943727595727,0.5,0.5,5,1.0240762116683375,1.0667989274304712,0.0,0.0,0.17886675429888288,0.0,0.09225677002381838,0.08660998427506447
580,1,0,1,0.07053290286024756,3.921733136613249,24.455275925135158,18.23314178248826,0.5,0.5,5,1.1249141857031235,1.0657308595364179,0.0,0.0,0.19527638908960593,0.0,0.0960720342609501,0.09920435482865586
581,1,0,1,0.070492319888929,3.9922254565021777,24.47388699425622,18.28086274493247,0.5,0.5,5,1.1335424742558509,1.0672104426905855,0.0,0.0,0.1968599885024779,0.0,0.09668972261990232,0.10017026588257558
582,1,0,1,0.07077560980037362,4.0,24.449356513666945,18.242453668860172,0.5,0.5,5,1.0059291868181475,1.068868743479717,0.0,0.0,0.17575257811649353,0.0,0.09062247734053547,0.08513010077595805
583,1,0,1,0.07051306708017417,4.0,24.465520547914434,18.286240469814764,0.5,0.5,5,1.1272460897652596,1.0672952545631778,0.0,0.0,0.1957656303550222,0.0,0.09628476595201632,0.09948086440300585
584,1,0,0,-0.169317124861148,3.830682875138852,24.466006380315797,18.25886035099836,0.5,0.5,5,1.0418997390281932,1.0687940254432302,0.0,0.0,0.18158111483945155,0.0,0.09433870660700494,0.08724240823244662
585,1,0,1,0.07073991354864852,3.9014227886875004,24.454986847256293,18.220541738717856,0.5,0.5,5,1.0187835229428406,1.068121668282854,0.0,0.0,0.17785407967896522,0.0,0.09256805447368635,0.08528602520527886
586,1,0,1,0.07072341475810821,3.9721462034456088,24.44874801701501,18.189817258285252,0.5,0.5,5,1.0299249039754725,1.0668882146493537,0.0,0.0,0.17948983855162623,0.0,0.0932873544417184,0.08620248410990787
587,1,0,1,0.07051715861660933,4.0,24.464410335793012,18.237303162979924,0.5,0.5,5,1.129112355355177,1.0659641318825068,0.0,0.0,0.19607000700673904,0.0,0.09616525705244963,0.09990474995428943
588,1,0,0,-0.16930292756773746,3.8306970724322627,24.463994236726176,18.2065899792604,0.5,0.5,5,1.0364135546829631,1.0675428374693234,0.0,0.0,0.18048457171912122,0.0,0.09421691176540442,0.08626765995371681
589,1,0,1,0.07052608149384582,3.9012231539261086,24.4779446149795,18.249390560321743,0.5,0.5,5,1.1235155647143293,1.0667646053996644,0.0,0.0,0.19500520323404416,0.0,0.09598757771389979,0.0990176255201444
590,1,0,1,0.0706983031147255,3.971921457040834,24.47413075858934,18.219305545761387,0.5,0.5,5,1.0342845084320222,1.068183379382531,0.0,0.0,0.18025505913868778,0.0,0.09372040975510836,0.0865346493835794
591,1,0,1,0.07051163025359128,4.0,24.487817108044123,18.264675417990116,0.5,0.5,5,1.1263921292922752,1.0673359076087685,0.0,0.0,0.19554973233793968,0.0,0.09596375247358242,0.09958597986435724
592,1,0,1,0.07048758607950448,4.0,24.50507285521053,18.309537940401615,0.5,0.5,5,1.1309305827287663,1.068812313150856,0.0,0.0,0.1962755528935605,0.0,0.09659709435276259,0.09967845854079789
593,1,0,1,0.07073236978590985,4.0,24.490575408035298,18.2702477135729,0.5,0.5,5,1.0165775958863537,1.0703652698903037,0.0,0.0,0.17737490193538705,0.0,0.09222620129851843,0.08514870063686866
594,1,0,1,0.07075746806721904,4.0,24.46881647345731,18.23108400358126,0.5,0.5,5,1.0080979334705764,1.0690205780402051,0.0,0.0,0.17590072287191963,0.0,0.0910773651571675,0.08482335771475213
595,1,0,0,-0.16926604211305465,3.8307339578869453,24.457104187083686,18.196223094049635,0.5,0.5,5,1.0209243160207149,1.0674975119259642,0.0,0.0,0.17815002688753134,0.0,0.09248596264932152,0.08566406423820982
596,1,0,1,0.07052571306845304,3.9012596709553984,24.46556348572892,18.240260182352102,0.5,0.5,5,1.1188295689760412,1.066333182028333,0.0,0.0,0.19400595504528353,0.0,0.09505692051008441,0.09894903453519913
597,1,0,0,-0.1692498776703088,3.7320097932850897,24.450553403416013,18.205070781963343,0.5,0.5,5,1.0174461090003497,1.0676455917020258,0.0,0.0,0.1777620767681853,0.0,0.09199904766757983,0.0857630291006055
598,1,0,1,0.07051988066250674,3.8025296739475967,24.463203120474926,18.249366907482894,0.5,0.5,5,1.1233364472129512,1.066390604634484,0.0,0.0,0.1948842721086659,0.0,0.0957043070025177,0.09917996510614821
599,1,0,0,-0.1692921965119526,3.633237477435644,24.45737959548248,18.218707876426684,0.5,0.5,5,1.0313316946502868,1.0678142506989454,0.0,0.0,0.1796909577050359,0.0,0.0933496854735023,0.08634127223153364
600,1,0,1,0.07067009116112104,3.7039075685967653,24.464722701659575,18.19379244893439,0.5,0.5,5,1.0493298654825343,1.066902186797729,0.0,0.0,0.18248940166265026,0.0,0.09536273852530146,0.08712666313734876
601,1,0,0,-0.16927487635901495,3.5346326922377505,24.455907758685758,18.160754787519505,0.5,0.5,5,1.024610274376145,1.0664628787648494,0.0,0.0,0.17863513329761316,0.0,0.09290085449258767,0.08573427880502547
602,1,0,1,0.07054036875452485,3.6051730609922754,24.464928476743246,18.20306812312283,0.5,0.5,5,1.1167506173159458,1.0654165636551316,0.0,0.0,0.19363485598512784,0.0,0.09521760356576837,0.09841725241935947
603,1,0,0,-0.16928937101628763,3.435883689975988,24.46131799200136,18.16967796541398,0.5,0.5,5,1.0296992725459164,1.066699914996652,0.0,0.0,0.17932829034469575,0.0,0.09373250507662859,0.08559578526806719
604,1,0,0,-0.1693177744803734,3.2665659154956144,24.466444926283454,18.146040893863486,0.5,0.5,5,1.0472647616669881,1.0657748989353837,0.0,0.0,0.18225865160631513,0.0,0.09504020279861006,0.0872184488077051
605,1,2,1,0.005561651204000597,3.272127566699615,24.466682535338414,18.184615980208022,0.5,0.5,5,1.1041248409031619,1.0653121455036738,0.0,1.5,0.1913968301327484,0.0,0.0938874428670241,0.09750938726572433
606,1,2,0,-0.23445308835951303,3.037674478340102,24.46863739810041,18.223358370996273,0.5,0.5,5,1.1069797164389104,1.066282462888661,0.0,1.5,0.1918946599086479,0.0,0.0941462255967617,0.09774843431188618
607,1,0,0,-0.16940797065355243,2.86826650768655,24.4583489166804,18.25341994106297,0.5,0.5,5,1.0870729828741035,1.0672998942274172,0.0,0.0,0.18836470390574833,0.0,0.09219704620622934,0.096167657699519
608,1,2,1,0.005641108223280521,2.8739076159098302,24.473601376959476,18.229802020550395,0.5,0.5,5,1.0594287612100857,1.067794221443584,0.0,1.5,0.18389584982918167,0.0,0.09657416393883868,0.08732168589034298
609,1,2,0,-0.23442181738990672,2.6394857985199236,24.46505900962414,18.261723765634763,0.5,0.5,5,1.0909644626867807,1.0675850849377468,0.0,1.5,0.18908601293311705,0.0,0.09256907499027511,0.09651693794284195
610,1,2,1,0.005671492040748147,2.6451572905606717,24.47647753737089,18.231101666040622,0.5,0.5,5,1.0489659975340806,1.0681695693814726,0.0,1.5,0.18219520915618428,0.0,0.09601271494327049,0.08618249421291378
611,1,2,1,0.005696302788324386,2.6508535933489963,24.480860161374004,18.199135626599407,0.5,0.5,5,1.0401060646471856,1.067689480085288,0.0,1.5,0.18104513404635003,0.0,0.09497806157596025,0.0860670724703898
612,1,2,1,0.005636659573244532,2.6564902529222407,24.45382371475276,18.223521973525145,0.5,0.5,5,1.0643497950038303,1.0669998946993353,0.0,1.5,0.18437608295941582,0.0,0.08967708449885492,0.09469899846056089
613,1,2,1,0.005568207068845163,2.6620584599910857,24.453486989651175,18.2579499341391,0.5,0.5,5,1.1010248777193188,1.0669336422069478,0.0,1.5,0.1909992433589835,0.0,0.09375173032039366,0.0972475130385898
614,1,2,1,0.005681891744616332,2.667740351735702,24.4608351494887,18.22690639014268,0.5,0.5,5,1.0440905389358606,1.0677859230947568,0.0,1.5,0.18165311718235996,0.0,0.09534741065659932,0.08630570652576063
615,1,2,1,0.005618781124745301,2.6733591328604476,24.442266063416092,18.254377811268597,0.5,0.5,5,1.0760958735440902,1.0671935384907847,0.0,1.5,0.18662465411992604,0.0,0.09092625136657546,0.09569840275335059
616,1,1,1,0.00557833891325887,2.6789374717737062,24.44007344599239,18.285345136097114,0.5,0.5,5,1.0961908042719322,1.0674160968671171,0.0,1.5,0.19017053719642313,0.0,0.09345789122507871,0.09671264597134444
617,1,0,1,0.07058888380485019,2.7495263555785563,24.42884975073109,18.312044432303892,0.5,0.5,5,1.0836110654977187,1.0681354645522376,0.0,0.0,0.18791741983938187,0.0,0.09198198082521866,0.09593543901416321
618,1,1,1,0.0056017994676612745,2.7551281550462177,24.412388689007145,18.33658072860914,0.5,0.5,5,1.0765975891571753,1.0685223545758746,0.0,1.5,0.18677545722066966,0.0,0.09113945496912253,0.09563600225154716
619,1,2,1,0.005548540923607062,2.7606766959698246,24.4202028710136,18.368231349803658,0.5,0.5,5,1.108189038641383,1.0687242354404072,0.0,1.5,0.19226183190176535,0.0,0.09487289470530502,0.0973889371964603
620,1,1,1,0.005734957053129584,2.766411653022954,24.415574900828098,18.325236972230925,0.5,0.5,5,1.022088507762192,1.0697108555204315,0.0,1.5,0.1780911885493924,0.0,0.09340337355061835,0.08468781499877404
621,1,1,1,0.005765428209310874,2.772177081232265,24.4048602751515,18.27921526559127,0.5,0.5,5,1.0117839645102245,1.0685202968264758,0.0,1.5,0.1763119889609794,0.0,0.09247180999612276,0.08384017896485667
622,1,2,1,0.005681024396450273,2.7778581056287153,24.414719897664916,18.251221685754604,0.5,0.5,5,1.0489679311953226,1.0671018885185692,0.0,1.5,0.18249342224859225,0.0,0.09554555780643095,0.08694786444216134
623,1,2,1,0.005730394369623555,2.7835884999983387,24.412537862370435,18.21321426600229,0.5,0.5,5,1.0264590845386903,1.066648539585488,0.0,1.5,0.17893771253983895,0.0,0.09375364601506483,0.0851840665247741
624,1,0,1,0.07073345540931987,2.8543219554076584,24.41150390749213,18.177292525815655,0.5,0.5,5,1.028688108144374,1.0656438032093183,0.0,0.0,0.17912827931996583,0.0,0.09389277451660874,0.0852355048033571
625,1,0,1,0.0705902671220262,2.9249122225296844,24.409790926318625,18.211146557860438,0.5,0.5,5,1.0968609617039766,1.0647199108326946,0.0,0.0,0.19039637039845272,0.0,0.09341967088069503,0.0969766995177577
626,1,0,1,0.0705374764165428,2.9954496989462274,24.426923547423605,18.251526712094797,0.5,0.5,5,1.1230362124438154,1.0655234371044766,0.0,0.0,0.195119596440411,0.0,0.09634937519760883,0.09877022124280219
627,1,0,1,0.07072848866544512,3.0661781876116727,24.424401736667306,18.21576128413006,0.5,0.5,5,1.0286740177669231,1.0669612564879603,0.0,0.0,0.17925700806761755,0.0,0.09374364056175497,0.08551336750586258
628,1,0,0,-0.169268315368916,2.8969098722427566,24.42183268560524,18.18393325895073,0.5,0.5,5,1.0316069992785346,1.0660040755199343,0.0,0.0,0.17989918046067632,0.0,0.0937189427696884,0.0861802376909879
629,1,0,1,0.07073865484563079,2.9676485270883872,24.418716830784625,18.150097508030676,0.5,0.5,5,1.0281925428732284,1.065144148613899,0.0,0.0,0.17899953263484414,0.0,0.09363588682082369,0.08536364581402045
630,1,0,1,0.070750653587958,3.038399180676345,24.41341199269211,18.120863570842296,0.5,0.5,5,1.0296815831894974,1.0642203584703824,0.0,0.0,0.17964413036058838,0.0,0.09328236142433632,0.08636176893625204
631,1,0,1,0.07071337739286275,3.109112558069208,24.415077706192232,18.093643243013005,0.5,0.5,5,1.0378022747591857,1.0633568890883605,0.0,0.0,0.1807410294173003,0.0,0.09434386325430454,0.08639716616299577
632,1,0,1,0.07061072338328914,3.179723281452497,24.407778703146036,18.12800349454084,0.5,0.5,5,1.0897792722117718,1.0627180237301308,0.0,0.0,0.1889347721197115,0.0,0.09245815398954409,0.09647661813016743
633,1,0,1,0.07077352748527144,3.2504968089377684,24.395652904414128,18.09591522711503,0.5,0.5,5,1.0191804887844533,1.063394554942172,0.0,0.0,0.17786796589552664,0.0,0.09219178396259269,0.08567618193293398
634,1,0,1,0.07053185677393,3.3210286657116983,24.413526018966806,18.144194974051317,0.5,0.5,5,1.1284420647771958,1.0622892032882292,0.0,0.0,0.19597158092091774,0.0,0.09631204477739833,0.09965953614351941
635,1,2,1,0.0055586510480577275,3.326587316759756,24.42310722100846,18.184671694406944,0.5,0.5,5,1.1140009472227321,1.063943024825453,0.0,1.5,0.19335750300335272,0.0,0.09510364048199722,0.09825386252135551
636,1,0,1,0.07054854725406463,3.397135864013821,24.434470284901273,18.224404609450286,0.5,0.5,5,1.1162904518215355,1.0651944728853853,0.0,0.0,0.19380071192309492,0.0,0.09545387673014279,0.09834683519295213
637,1,0,0,-0.169279491444135,3.227856372569686,24.42938666009999,18.192660050374524,0.5,0.5,5,1.029643688481746,1.066471872358789,0.0,0.0,0.1795560667401499,0.0,0.09338411799623883,0.08617194874391106
638,1,0,0,-0.1692420092421652,3.0586143633275205,24.421900114016836,18.156339146026035,0.5,0.5,5,1.021743717330224,1.065551167761863,0.0,0.0,0.17816377843125691,0.0,0.09298608761309307,0.08517769081816388
639,1,0,1,0.07078456236242699,3.1293989256899475,24.40500962500238,18.11801966338063,0.5,0.5,5,1.0092460098412024,1.064455981501072,0.0,0.0,0.17598161315287772,0.0,0.09155951610936104,0.0844220970435167
640,1,2,1,0.0055587025881332665,4.0,24.412693119252435,18.159819566885844,0.5,0.5,6,1.1125591299648507,1.0630757322095752,0.0,1.5,0.1930122422126748,0.0,0.0947308730712127,0.0982813691414621
641,1,0,1,0.07052277055766805,4.0,24.42715403269743,18.205455605040573,0.5,0.5,6,1.1244097687531842,1.064312817153457,0.0,0.0,0.19530052854926772,0.0,0.09588522499218491,0.09941530355708281
642,1,0,1,0.07070824122177918,4.0,24.424227473595305,18.178934303752847,0.5,0.5,6,1.0363673805535962,1.0658152409434503,0.0,0.0,0.18074682552555893,0.0,0.09367490282311387,0.08707192270244506
643,1,0,1,0.07054484978131444,4.0,24.43475025373271,18.220241905014294,0.5,0.5,6,1.1169094258325534,1.0650790444337037,0.0,0.0,0.19388495168314884,0.0,0.09529614582819818,0.09858880585495068
644,1,0,1,0.07071352453204031,4.0,24.42958222970006,18.190720653569407,0.5,0.5,6,1.0316855284911401,1.0663748039686751,0.0,0.0,0.1800030968182504,0.0,0.09337348309236791,0.08662961372588247
645,1,2,1,0.0056924396732859,4.0,24.43064337575414,18.16669221603255,0.5,0.5,6,1.042540280598963,1.0655075720817369,0.0,1.5,0.18168993338862946,0.0,0.09427565887047738,0.0874142745181521
646,1,0,1,0.07053213474363311,4.0,24.44128113525578,18.208931114945898,0.5,0.5,6,1.1178100482096505,1.0649333897946676,0.0,0.0,0.19398721890033915,0.0,0.09530104308835068,0.09868617581198848
647,1,0,1,0.07069157725426133,4.0,24.443917143987832,18.183861721500005,0.5,0.5,6,1.0438219215412008,1.0662553062550422,0.0,0.0,0.1817956503638448,0.0,0.09458725769863188,0.0872083926652129
648,1,0,1,0.07059251279681926,4.0,24.435717633277886,18.214420966777556,0.5,0.5,6,1.0880542062048035,1.065694471637196,0.0,0.0,0.18838595655344853,0.0,0.0923620084218506,0.09602394813159795
649,1,0,1,0.07052727298637408,4.0,24.446790612797162,18.256948245074796,0.5,0.5,6,1.1198537228179029,1.0662534650013862,0.0,0.0,0.1943154442944052,0.0,0.09538754106615334,0.09892790322825185
650,1,2,1,0.005741217521190975,4.0,24.43468442125598,18.218303820589774,0.5,0.5,6,1.0168428554205942,1.067593471446799,0.0,1.5,0.17735930990425264,0.0,0.09237315877580506,0.08498615112844757
651,1,0,1,0.0705380224838887,4.0,24.443239965396966,18.25777668475399,0.5,0.5,6,1.1143531143513408,1.066324706046144,0.0,0.0,0.19343573514557066,0.0,0.09501798980729395,0.0984177453382767
652,1,0,1,0.07068087187782962,4.0,24.449751319936773,18.230277631243045,0.5,0.5,6,1.0465377172826416,1.067525416253774,0.0,0.0,0.18205193197654101,0.0,0.09520063100891069,0.08685130096763032
653,1,0,1,0.07068863600127644,4.0,24.45371315662556,18.204093090321606,0.5,0.5,6,1.0447780195468428,1.0670007237794956,0.0,0.0,0.18176563690788475,0.0,0.0947959292478254,0.08696970766005933
654,1,2,1,0.005514107304205012,4.0,24.46788438314554,18.248871715681332,0.5,0.5,6,1.1253950080533885,1.0664451561736792,0.0,1.5,0.19540253915737496,0.0,0.09596677741547939,0.09943576174189556
655,1,0,1,0.07053841282989536,4.0,24.474794721470193,18.285942876298744,0.5,0.5,6,1.111900401412732,1.0679189024706721,0.0,0.0,0.19284778783438425,0.0,0.09485506630353539,0.09799272153084887
656,1,0,1,0.07052053398292131,4.0,24.483608477823196,18.323712399279117,0.5,0.5,6,1.1156017192776009,1.0690184399442235,0.0,0.0,0.19354459083449257,0.0,0.09516584082777643,0.09837875000671618
657,1,1,1,0.00550987286554867,4.0,24.491717451792677,18.362243999092122,0.5,0.5,6,1.1168235957100392,1.0701830219275579,0.0,1.5,0.19392949012336794,0.0,0.09509562659177881,0.09883386353158916
658,1,0,1,0.07053713512632151,4.0,24.49193413877505,18.391281035594652,0.5,0.5,6,1.1006027597570323,1.0713490362721199,0.0,0.0,0.190654906388211,0.0,0.0938882955409143,0.0967666108472967
659,1,0,1,0.07065795135159857,4.0,24.49761500860629,18.36056756058951,0.5,0.5,6,1.0470477741853361,1.0720803793592428,0.0,0.0,0.18204893368539057,0.0,0.09527079974496039,0.08677813394043019
660,1,0,1,0.07052992728129497,4.0,24.50082563927348,18.39416803709976,0.5,0.5,6,1.1082656714073336,1.071454564229895,0.0,0.0,0.19229170480212862,0.0,0.0943978439295359,0.09789386087259272
661,1,0,1,0.07065686832504961,4.0,24.50614853653369,18.363014474281815,0.5,0.5,6,1.046544176351598,1.072374841909331,0.0,0.0,0.18216082650921972,0.0,0.09524446317607722,0.0869163633331425
662,1,0,0,-0.16929701063523497,3.830702989364765,24.500758372996685,18.32543218861717,0.5,0.5,6,1.0287566260687404,1.0717290752703876,0.0,0.0,0.17940904713469633,0.0,0.09363036800187655,0.08577867913281978
663,1,0,1,0.07069801581944354,3.9014010051842085,24.496934530995205,18.28979916736423,0.5,0.5,6,1.0311979007859233,1.0706547640403465,0.0,0.0,0.17975890882787704,0.0,0.09383013367835857,0.08592877514951848
664,1,0,1,0.07067843766037905,3.9720794428445876,24.498597868035077,18.262537417901285,0.5,0.5,6,1.0440699300359144,1.0696683424589861,0.0,0.0,0.18193674563468373,0.0,0.09463119427603117,0.08730555135865256
665,1,0,1,0.07057719956574315,4.0,24.49067803369301,18.292402004648554,0.5,0.5,6,1.090973134553605,1.0690283821484092,0.0,0.0,0.18905084245299203,0.0,0.09262884434733946,0.09642199810565255
666,1,0,1,0.07067780787729276,4.0,24.489854211479816,18.266271338348076,0.5,0.5,6,1.0426225124448714,1.0695770009585392,0.0,0.0,0.18171479480794123,0.0,0.09425136209562893,0.08746343271231227
667,1,0,1,0.07067601007939964,4.0,24.493635664908528,18.23985706924207,0.5,0.5,6,1.0462703230684043,1.0689031387456973,0.0,0.0,0.1821542830403526,0.0,0.09493541915940643,0.08721886388094617
668,1,0,0,-0.1693501252371092,3.8306498747628908,24.50056941754659,18.22271482422566,0.5,0.5,6,1.0581288259754178,1.068337318353765,0.0,0.0,0.18407449874726506,0.0,0.09541702796441823,0.08865747078284682
669,1,0,1,0.07056680835683805,3.901216683119729,24.49522859868472,18.25551746974224,0.5,0.5,6,1.0955439326990177,1.0680821060443062,0.0,0.0,0.18981585636418874,0.0,0.09306270500000179,0.09675315136418694
670,1,0,1,0.07068030954441419,3.9718969926641434,24.495811361917497,18.230415987383623,0.5,0.5,6,1.04424993258483,1.0687686517106743,0.0,0.0,0.18182580761050376,0.0,0.09446600627261287,0.08735980133789088
671,1,0,1,0.0705714736533354,4.0,24.488333166297856,18.262658171504896,0.5,0.5,6,1.0929196722341619,1.0681556837325281,0.0,0.0,0.18940398942446407,0.0,0.09270934830853306,0.09669464111593098
672,1,0,1,0.07057828405110478,4.0,24.48076050286952,18.291488823160705,0.5,0.5,6,1.0900327716725409,1.068774783445069,0.0,0.0,0.1889292628439177,0.0,0.09267857060877908,0.09625069223513863
673,1,0,0,-0.16930741221757334,3.8306925877824267,24.479582570980842,18.26088730127536,0.5,0.5,6,1.0375267793767358,1.0693062331507557,0.0,0.0,0.18065742941152757,0.0,0.09413492724800057,0.08652250216352701
674,1,0,1,0.07069745032681275,3.9013900381092395,24.477710483403722,18.22896084314887,0.5,0.5,6,1.034713201102795,1.0685117468064051,0.0,0.0,0.18037264483721133,0.0,0.09407103899410076,0.08630160584311057
675,1,0,1,0.07058025935105015,3.9719702974602895,24.47301417127185,18.25916106362991,0.5,0.5,6,1.0931706915129809,1.067666783163815,0.0,0.0,0.18940068833633633,0.0,0.09307097708266918,0.09632971125366713
676,1,0,0,-0.16947323203379852,3.802497065426491,24.4804736646318,18.298435029048196,0.5,0.5,6,1.115037839650777,1.068304380872544,0.0,0.0,0.19362076307947135,0.0,0.09497936519360124,0.09864139788587009
677,1,0,1,0.07068479684211298,3.8731818622686043,24.482716883236403,18.267898468378736,0.5,0.5,6,1.0411793752771463,1.0694727173419998,0.0,0.0,0.18119973073218948,0.0,0.09470146946356948,0.08649826126862002
678,1,0,0,-0.16930550902466765,3.7038763532439365,24.481993514793928,18.23778740583319,0.5,0.5,6,1.0379309528023548,1.0687653837903786,0.0,0.0,0.18074756932410882,0.0,0.09423743237012609,0.08651013695398274
679,1,0,1,0.07056548079766159,3.774441834041598,24.4812371821242,18.2702798602672,0.5,0.5,6,1.0997306447799615,1.067994523015678,0.0,0.0,0.19067556570515146,0.0,0.09369275961594954,0.0969828060892019
680,1,2,1,0.005590260795235127,3.780032094836833,24.47250081415003,18.295784682650563,0.5,0.5,6,1.0855563804689838,1.0687879260597848,0.0,1.5,0.18806235923685485,0.0,0.09249477577559181,0.09556758346126303
681,1,0,0,-0.16928651671744926,3.6107455781193836,24.469384275037353,18.260468531534908,0.5,0.5,6,1.0307744471916793,1.069207137420015,0.0,0.0,0.17964665984446154,0.0,0.09385677060822745,0.0857898892362341
682,1,0,1,0.07053466053358992,3.6812802386529735,24.478747053920536,18.29882573592294,0.5,0.5,6,1.115966303435524,1.0682463201643064,0.0,0.0,0.19372896095305697,0.0,0.09529630034316396,0.098432660609893
683,1,0,1,0.07070869008235081,3.751988928735324,24.476331516217734,18.26439853649048,0.5,0.5,6,1.0325965826108212,1.069439319746087,0.0,0.0,0.17987489264297618,0.0,0.09395331212509322,0.08592158051788298
684,1,0,1,0.07068474918075472,3.822673677916079,24.47939465036115,18.235793292243535,0.5,0.5,6,1.0429761412141785,1.0685182513177054,0.0,0.0,0.18146578975636082,0.0,0.09478764637528067,0.08667814338108017
685,1,0,1,0.07061255307093943,3.893286230987018,24.465515713732838,18.259824680261094,0.5,0.5,6,1.0780321499543633,1.0678796985651173,0.0,0.0,0.18675292992594053,0.0,0.0916531292320808,0.09509980069385976
686,1,2,1,0.005710137672437079,3.8989963686594553,24.463116930344775,18.231780742352544,0.5,0.5,6,1.0376907885532387,1.0681335098498481,0.0,1.5,0.18102523207054735,0.0,0.09392608251246415,0.08709914955808322
687,1,0,1,0.07054568683550025,3.9695420554949554,24.468685444784697,18.26790101653438,0.5,0.5,6,1.109061230439192,1.067372441817433,0.0,0.0,0.19241616222780172,0.0,0.09464953180315105,0.09776663042465063
688,1,0,1,0.07055599972891557,4.0,24.470575351306252,18.299287324268683,0.5,0.5,6,1.1016908757888322,1.068414661532977,0.0,0.0,0.19117695842946872,0.0,0.09410907059357852,0.0970678878358902
689,1,0,1,0.07069076622935902,4.0,24.47138338122356,18.27014662087972,0.5,0.5,6,1.0409138934177213,1.0692465668893734,0.0,0.0,0.18137587416383216,0.0,0.09440948674560946,0.0869663874182227
690,1,0,1,0.07069194771147427,4.0,24.4698733187357,18.243448784602535,0.5,0.5,6,1.040330351287533,1.0685382500525822,0.0,0.0,0.1811895465622902,0.0,0.09403596436627484,0.08715358219601534
691,1,0,1,0.0707001081965757,4.0,24.469165230536092,18.21548919954051,0.5,0.5,6,1.0391653793218236,1.067833052583456,0.0,0.0,0.18108061072805637,0.0,0.09418235381739415,0.08689825691066223
692,1,0,1,0.07059783418468574,4.0,24.45890029035921,18.243609876064557,0.5,0.5,6,1.084972097099079,1.0671163607519152,0.0,0.0,0.1879515351392355,0.0,0.09217521685038964,0.09577631828884582
693,1,2,1,0.0056918942155436405,4.0,24.45755603870264,18.221446725249194,0.5,0.5,6,1.044055351688661,1.0675627541605943,0.0,1.5,0.18193306349037847,0.0,0.09401700232846877,0.08791606116190971
694,1,0,1,0.07057698742189839,4.0,24.45560320954595,18.253983399108854,0.5,0.5,6,1.0975589138017665,1.0669750690987958,0.0,0.0,0.19032092878946172,0.0,0.09342291982283567,0.09689800896662608
695,1,0,1,0.07070371533252091,4.0,24.454925249899077,18.2241002769294,0.5,0.5,6,1.0371785833900393,1.0677396652163702,0.0,0.0,0.18061624232577062,0.0,0.09414123536692126,0.08647500695884935
696,1,0,1,0.0706884873403616,4.0,24.458206696951322,18.197523649917255,0.5,0.5,6,1.043680458210812,1.0669756381707118,0.0,0.0,0.18174365445441357,0.0,0.09474963835351397,0.0869940161008996
697,1,2,1,0.005584226340696208,4.0,24.45390767974913,18.229326371753338,0.5,0.5,6,1.0938969633056055,1.0663932586717144,0.0,1.5,0.1895963830582517,0.0,0.09303840164146623,0.09655798141678544
698,1,0,1,0.07060110436953124,4.0,24.443132535555158,18.253994096824883,0.5,0.5,6,1.0809734321651367,1.0670808512875616,0.0,0.0,0.1871064693487178,0.0,0.09203748589427178,0.09506898345444602
699,1,0,0,-0.16941469258720798,3.8305853074127922,24.43695443720832,18.28176159707141,0.5,0.5,6,1.089017567709194,1.067428165809501,0.0,0.0,0.18864468157574846,0.0,0.09266738830290797,0.09597729327284052
700,1,0,1,0.07053080834651117,3.9011161157593035,24.444446409298408,18.317872025173212,0.5,0.5,6,1.1115703010488827,1.0679679008569933,0.0,0.0,0.19297887915646839,0.0,0.09487466361669568,0.09810421553977272
701,1,0,1,0.07055349105151701,3.9716696068108206,24.444411310939515,18.34624604373515,0.5,0.5,6,1.0973968810648362,1.0690579608617905,0.0,0.0,0.19035802819442918,0.0,0.09366694188874403,0.09669108630568518
702,1,0,1,0.07053308560119706,4.0,24.454773040362674,18.377770983890535,0.5,0.5,6,1.111653103445408,1.0697664338668669,0.0,0.0,0.19306737424758183,0.0,0.09539214157979858,0.09767523266778327
703,1,0,1,0.07051080586805059,4.0,24.465879050741407,18.41167509517728,0.5,0.5,6,1.115823722271804,1.0708136006063302,0.0,0.0,0.19370042730983275,0.0,0.09550062484442384,0.09819980246540888
704,1,2,0,-0.2344879265958251,3.765512073404175,24.478577721471755,18.44288173999731,0.5,0.5,6,1.11584416919835,1.0719388536479673,0.0,1.5,0.1937676949875977,0.0,0.09576991012741135,0.09799778486018638
705,1,0,1,0.07057184428037888,3.8360839176845536,24.470887515121138,18.462281025768846,0.5,0.5,6,1.0847455659576428,1.0730364865367266,0.0,0.0,0.18800986651113508,0.0,0.09265515715507075,0.09535470935606431
706,1,0,1,0.07070851571187547,3.9067924333964292,24.467939719431843,18.41726378868412,0.5,0.5,6,1.0253641807482274,1.0733292135222496,0.0,0.0,0.178550345691023,0.0,0.09389809095196408,0.0846522547390589
707,1,0,1,0.07055617985830175,3.977348613254731,24.46213499976387,18.440868864628182,0.5,0.5,6,1.089930443978987,1.0721300877028992,0.0,0.0,0.18899451214533503,0.0,0.09292373116069089,0.0960707809846441
708,1,0,1,0.070695000717439,4.0,24.461995609880756,18.400335271511548,0.5,0.5,6,1.0319021136100566,1.0725750966098013,0.0,0.0,0.17973634202162464,0.0,0.09427900168382305,0.08545734033780157
709,1,1,1,0.005543423779840953,4.0,24.462052763631313,18.427062244571147,0.5,0.5,6,1.0983423988449608,1.0715582720348076,0.0,1.5,0.19058426714579815,0.0,0.09381659361510761,0.09676767353069055
710,1,0,1,0.07067821641592685,4.0,24.464787292759908,18.388215672040957,0.5,0.5,6,1.0361158318034709,1.0722278752050616,0.0,0.0,0.18047418865111778,0.0,0.09472502543636682,0.08574916321475097
711,1,0,1,0.07055125096173463,4.0,24.46426399972148,18.413612423519496,0.5,0.5,6,1.096198532560133,1.0713250741200215,0.0,0.0,0.1902253710200804,0.0,0.09374036855216286,0.09648500246791758
712,1,0,0,-0.16948396193491289,3.8305160380650873,24.474250184763278,18.44184199665785,0.5,0.5,6,1.110162668761174,1.0719469105810244,0.0,0.0,0.19292540323073198,0.0,0.09547631072364961,0.09744909250708239
713,1,0,1,0.07067568886966002,3.9011917269347474,24.479797885480536,18.402472616180145,0.5,0.5,6,1.0390806247750835,1.0729023045355284,0.0,0.0,0.180733626811095,0.0,0.09521530654663456,0.08551832026446046
714,1,0,1,0.07066433744117054,3.9718560643759178,24.48476508392477,18.37144290936638,0.5,0.5,6,1.0459942541719878,1.072056762541517,0.0,0.0,0.1820571063779498,0.0,0.09513360069088252,0.08692350568706726
715,1,0,1,0.07068498402486917,4.0,24.487379745834758,18.33680612868476,0.5,0.5,6,1.0393830810606461,1.0714051998322789,0.0,0.0,0.18115261516297984,0.0,0.09479707068323122,0.08635554447974862
716,1,0,1,0.07054079546053424,4.0,24.48898381610156,18.366508537767366,0.5,0.5,6,1.1019111262123944,1.070604646862988,0.0,0.0,0.19114420113430966,0.0,0.0941354206084059,0.09700878052590373
717,1,0,1,0.07072022112688163,4.0,24.48170367729239,18.322002775506377,0.5,0.5,6,1.0196014077765607,1.0713873088467232,0.0,0.0,0.1778936933038281,0.0,0.09330884410875465,0.08458484919507347
718,1,0,1,0.07066547873997928,4.0,24.487930727373787,18.292694088128194,0.5,0.5,6,1.047011024023183,1.0700926613199693,0.0,0.0,0.1820246406161859,0.0,0.09528830390974147,0.08673633670644441
719,1,1,1,0.005590163063704027,4.0,24.474323702407048,18.316554660718637,0.5,0.5,6,1.079769168011259,1.0695156203875495,0.0,1.5,0.18711792194818835,0.0,0.09176787929779645,0.09535004265039189
720,1,0,1,0.07071250498031285,4.0,24.46932700601983,18.27886128487625,0.5,0.5,6,1.0270818868485376,1.069771959078142,0.0,0.0,0.17881477676125446,0.0,0.09356285917240785,0.08525191758884659
721,1,0,1,0.07054577752069775,4.0,24.47129956897238,18.311252242692355,0.5,0.5,6,1.1030682280410562,1.068704707272402,0.0,0.0,0.19133964123863528,0.0,0.0940718621340271,0.09726777910460818
722,1,0,1,0.07069865824394096,4.0,24.470030554531803,18.27489485011425,0.5,0.5,6,1.0319373882729326,1.0695637952916184,0.0,0.0,0.17968858286979925,0.0,0.0941245037040381,0.08556407916576116
723,1,2,1,0.005670109126532496,4.0,24.479030171992626,18.2435057976388,0.5,0.5,6,1.0462337001015267,1.0686231351161513,0.0,1.5,0.18186386113879036,0.0,0.09566153880223008,0.08620232233656026
724,1,0,1,0.070694594011846,4.0,24.47816566050316,18.214080510632556,0.5,0.5,6,1.0377736007450742,1.0680633992407857,0.0,0.0,0.1808363300306109,0.0,0.09418487716197813,0.08665145286863278
725,1,2,1,0.005701852453441444,4.0,24.477735324012286,18.184359889987164,0.5,0.5,6,1.0371551971421298,1.0673061542783928,0.0,1.5,0.1806301038272867,0.0,0.09424013779663834,0.08638996603064833
726,1,0,0,-0.16932694728644046,3.8306730527135597,24.48486705525199,18.160433929810743,0.5,0.5,6,1.0497581514132708,1.0665523803499863,0.0,0.0,0.1827863255231265,0.0,0.09541413963012194,0.08737218589300459
727,1,0,1,0.07054091027343032,3.90121396298699,24.49105289282275,18.198955137702463,0.5,0.5,6,1.110839570089047,1.0661325246265685,0.0,0.0,0.1927485171813731,0.0,0.09483312683505757,0.09791539034631552
728,1,0,1,0.07055732252584844,3.971771285512838,24.488449035927648,18.2327754260218,0.5,0.5,6,1.0984666321873617,1.0672502007631304,0.0,0.0,0.1905349679347163,0.0,0.09349043539181884,0.0970445325428975
729,1,0,0,-0.16941687296537544,3.8023544125474626,24.47693869246433,18.259127459453225,0.5,0.5,6,1.0828723015168453,1.0680306115487364,0.0,0.0,0.1875587435000519,0.0,0.0921415782926186,0.09541716520743328
730,1,0,0,-0.16931159084192574,3.633042821705537,24.479436063047732,18.227233854780287,0.5,0.5,6,1.0390054197084038,1.068401653797939,0.0,0.0,0.18093974481078332,0.0,0.09469867789480661,0.08624106691597669
731,1,0,1,0.07063302949686327,3.7036758512024,24.495168432113893,18.20822828002317,0.5,0.5,6,1.0643935422547437,1.0676667479457005,0.0,0.0,0.18498692318189192,0.0,0.09674646813142573,0.08824045505046618
732,1,0,1,0.07061577246395415,3.7742916236663544,24.47659973326095,18.234328100125673,0.5,0.5,6,1.0751160390529884,1.0675849178034267,0.0,0.0,0.18642742170345866,0.0,0.0910041782535625,0.09542324344989618
733,1,0,1,0.07060846633320167,3.8449000899995562,24.460777851422208,18.257457705980386,0.5,0.5,6,1.0750809198506381,1.0677731958346657,0.0,0.0,0.18623133420745824,0.0,0.09138597859011241,0.09484535561734585
734,1,0,1,0.07068672460953734,3.9155868146090937,24.465041330621922,18.226311796778916,0.5,0.5,6,1.0410734589333042,1.0679558889350649,0.0,0.0,0.1810901010979141,0.0,0.09490982604694854,0.08618027505096554
735,1,0,1,0.07059396544423391,3.9861807800533278,24.45515877527356,18.25298170359406,0.5,0.5,6,1.0840711796518034,1.067283828185021,0.0,0.0,0.1878836812422235,0.0,0.09221315764981537,0.0956705235924081
736,1,0,1,0.07056656571961398,4.0,24.451218661875675,18.282063348102113,0.5,0.5,6,1.0928450430818624,1.0677035119716907,0.0,0.0,0.18957014272693284,0.0,0.09316367269115791,0.09640647003577493
737,1,0,1,0.0705636188704163,4.0,24.451065792988707,18.31142228939153,0.5,0.5,6,1.0975381226518877,1.0683320502494449,0.0,0.0,0.19047316019949306,0.0,0.09372611253029955,0.09674704766919347
738,1,0,1,0.07064799599774432,4.0,24.467019277713238,18.2830290108175,0.5,0.5,6,1.0566224082100086,1.0690622020595058,0.0,0.0,0.18342656189639264,0.0,0.09668801593213261,0.08673854596426
739,1,0,0,-0.16943261265781429,3.8305673873421857,24.460506333926816,18.310770362065597,0.5,0.5,6,1.089979614674943,1.0687512072132686,0.0,0.0,0.18900467956249503,0.0,0.0927467390585289,0.09625794050396613
740,1,0,1,0.07066785895841686,3.9012352463006024,24.46850035942198,18.281329573238537,0.5,0.5,6,1.0478351540679176,1.0692819173998103,0.0,0.0,0.1823546063038387,0.0,0.09548656452008181,0.08686804178375687
741,1,0,1,0.07053018313890852,3.971765429439511,24.476117521233082,18.31441758177877,0.5,0.5,6,1.1094509186678492,1.068745748316513,0.0,0.0,0.19262938287174938,0.0,0.09501816494279935,0.09761121792895
742,1,0,1,0.07054162770300063,4.0,24.476508414988814,18.34496152248038,0.5,0.5,6,1.1006982120326345,1.0697633775752964,0.0,0.0,0.19098402932089398,0.0,0.09391242847497866,0.09707160084591532
743,1,0,1,0.07054053582987545,4.0,24.478081483123766,18.373313998681095,0.5,0.5,6,1.1004622927724017,1.0705367484367299,0.0,0.0,0.19105970801463149,0.0,0.09410662663473997,0.09695308137989152
744,1,1,1,0.0055757059973726205,4.0,24.470189782235828,18.3954441792107,0.5,0.5,6,1.0855233666867852,1.0712848870451217,0.0,1.5,0.18833867647660804,0.0,0.09263567673243953,0.09570299974416852
745,1,0,1,0.07067638318503996,4.0,24.47432429865651,18.35987423608509,0.5,0.5,6,1.0402054223312338,1.0716408490361633,0.0,0.0,0.18091223487228197,0.0,0.09495960826865374,0.08595262660362823
746,1,0,1,0.07060472373248557,4.0,24.45485463324831,18.37633234400988,0.5,0.5,6,1.067843405885129,1.07085496336854,0.0,0.0,0.1852257090617361,0.0,0.09090740588509742,0.09431830317663867
747,1,2,1,0.005681430717289992,4.0,24.457875472759326,18.340593552156086,0.5,0.5,6,1.038061722088682,1.0707796744314546,0.0,1.5,0.1807338082685953,0.0,0.09473467474865911,0.08599913351993618
748,1,0,0,-0.16933039701304745,3.8306696029869527,24.465480080745692,18.31075350457407,0.5,0.5,6,1.0477262860272338,1.0699617256228855,0.0,0.0,0.18228047919270796,0.0,0.09542974281200423,0.08685073638070374
749,1,0,1,0.0705433345428509,3.9012129375298037,24.468261937402595,18.341896095894988,0.5,0.5,6,1.1033302876108169,1.069405839632994,0.0,0.0,0.19155737967050174,0.0,0.09428978110543372,0.09726759856506799
750,1,0,1,0.07067750300765926,3.971890440537463,24.47244652271251,18.309116406128403,0.5,0.5,6,1.0416588463757677,1.0702539508324398,0.0,0.0,0.18136058809371422,0.0,0.09495939661587185,0.08640119147784239
751,1,0,1,0.07053592536057603,4.0,24.476529185574805,18.34117430405148,0.5,0.5,6,1.105679634006396,1.069539073221023,0.0,0.0,0.19195733843344595,0.0,0.0944809552334635,0.09747638319998245
752,1,0,1,0.07056526580047626,4.0,24.46992939537645,18.365406061726166,0.5,0.5,6,1.0880745547169846,1.0704425872406573,0.0,0.0,0.18873951844919065,0.0,0.0928348943714383,0.09590462407775235
753,1,0,0,-0.16944724450746518,3.8305527554925347,24.47136462583662,18.391812446583337,0.5,0.5,6,1.0987250017449095,1.0708833864275653,0.0,0.0,0.19068569409699537,0.0,0.09400782445003832,0.09667786964695707
754,1,0,0,-0.1694237711313464,3.6611289843611883,24.461126809035513,18.411677857311012,0.5,0.5,6,1.0812070207370583,1.071579426810499,0.0,0.0,0.18752322447910758,0.0,0.09221945261258,0.09530377186652758
755,1,0,1,0.07065885599477899,3.7317878403559672,24.46873932528505,18.377273750185203,0.5,0.5,6,1.045028525782398,1.071820116658663,0.0,0.0,0.18193162530860219,0.0,0.09549184928390773,0.08643977602469444
756,1,0,1,0.07068418946878517,3.8024720298247523,24.473507164599333,18.339014774456082,0.5,0.5,6,1.0376591904719177,1.0711503268867564,0.0,0.0,0.1804770518926048,0.0,0.09506613113366633,0.0854109207589385
757,1,0,1,0.07066211292051841,3.8731341427452706,24.479448614410487,18.308912613155293,0.5,0.5,6,1.0461523369867494,1.0703130484763854,0.0,0.0,0.18194885114109977,0.0,0.09526710942914073,0.08668174171195903
758,1,0,1,0.0706117053146531,3.9437458480599235,24.45896106368133,18.32812247084457,0.5,0.5,6,1.0684313376492618,1.0697090306891446,0.0,0.0,0.18516672641690085,0.0,0.09074042880773711,0.09442629760916374
759,1,0,1,0.07058859459258605,4.0,24.448826817129284,18.34913852951953,0.5,0.5,6,1.0805589004860658,1.0696770883631475,0.0,0.0,0.18730514133724438,0.0,0.09219836484691368,0.0951067764903307
760,1,0,1,0.07055675581065503,4.0,24.447651296604594,18.37576628077367,0.5,0.5,6,1.0954013643956726,1.0699491336662206,0.0,0.0,0.19008649202971412,0.0,0.0935794939977343,0.09650699803197979
761,1,0,1,0.07070263424145999,4.0,24.44619443126772,18.33738755411492,0.5,0.5,6,1.0307498474388275,1.0705854394344567,0.0,0.0,0.1798137947950583,0.0,0.09404757304383324,0.08576622175122504
762,1,0,1,0.07067221027430656,4.0,24.452698506908757,18.3045030566572,0.5,0.5,6,1.0432091278178874,1.069589549634566,0.0,0.0,0.18171078824651885,0.0,0.09524054526984979,0.08647024297666903
763,1,1,1,0.005570883333130289,4.0,24.446787566279028,18.326886217660395,0.5,0.5,6,1.0854022594626118,1.0689300390891492,0.0,1.5,0.18797614460496037,0.0,0.09281701955960855,0.09515912504535183
764,1,0,1,0.07057254040534511,4.0,24.438446595498306,18.351885840503158,0.5,0.5,6,1.0860004966605277,1.0693418445984857,0.0,0.0,0.1883050163121376,0.0,0.09244327989985493,0.09586173641228268
765,1,0,1,0.0705722791715905,4.0,24.43202015004799,18.374078386605515,0.5,0.5,6,1.085524411552079,1.0697583109000366,0.0,0.0,0.18816303187236244,0.0,0.09269485223868015,0.09546817963368232
766,1,0,1,0.07053584719841882,4.0,24.434420636139073,18.40206352687429,0.5,0.5,6,1.1005380897761943,1.0701524634163377,0.0,0.0,0.19106040976207095,0.0,0.09410391351702378,0.09695649624504718
767,1,0,1,0.07054854135033814,4.0,24.436951301604033,18.4273845473237,0.5,0.5,6,1.0987637899897091,1.0709121040753342,0.0,0.0,0.19074325081005944,0.0,0.09409055509046763,0.0966526957195918
768,1,0,1,0.07057430163843346,4.0,24.42552872009943,18.44349231148788,0.5,0.5,7,1.0762935788827623,1.0716083962231933,0.0,0.0,0.18657360137895743,0.0,0.09202947241303627,0.09454412896592115
769,1,0,1,0.07056754946697226,4.0,24.419042415356685,18.462601053491657,0.5,0.5,7,1.0843479630507193,1.0717255257896827,0.0,0.0,0.18804895106552522,0.0,0.09263988066270482,0.09540907040282043
770,1,0,1,0.07068636425246351,4.0,24.422696083731175,18.41940417887369,0.5,0.5,7,1.0324978804777332,1.0720410867212085,0.0,0.0,0.17968402603842293,0.0,0.09471257354191401,0.08497145249650889
771,1,0,1,0.07056428574064588,4.0,24.416867405334717,18.441119659103162,0.5,0.5,7,1.0869393083981298,1.0710525065651217,0.0,0.0,0.18861938734539604,0.0,0.09276342740463668,0.09585595994075935
772,1,0,1,0.07066910148975974,4.0,24.42629149637974,18.40245840391971,0.5,0.5,7,1.0422125124725166,1.071449676610947,0.0,0.0,0.1813026651622316,0.0,0.09557442387963254,0.08572824128259908
773,1,0,1,0.0705454383385722,4.0,24.426873056227883,18.428503096850967,0.5,0.5,7,1.0973450002868868,1.0707187475074862,0.0,0.0,0.1904469339278756,0.0,0.09376005943268496,0.09668687449519064
774,1,0,1,0.07056070590717496,4.0,24.424126393685704,18.449167915790078,0.5,0.5,7,1.089302560223906,1.071384403826971,0.0,0.0,0.1888789868372168,0.0,0.09317733839502394,0.09570164844219287
775,1,0,1,0.07065594231386906,4.0,24.433783691448177,18.413781259652445,0.5,0.5,7,1.0461029993617332,1.0718323577368947,0.0,0.0,0.1819055782236283,0.0,0.09568241482296695,0.08622316340066134
776,1,0,1,0.0706535761860703,4.0,24.444143785279742,18.381969437919153,0.5,0.5,7,1.0497373958757898,1.0711891237775155,0.0,0.0,0.1828129956271017,0.0,0.09577668709246781,0.08703630853463391
777,1,0,1,0.07068462725950217,4.0,24.448444291321852,18.343128498442056,0.5,0.5,7,1.0361123971449873,1.0706528305799723,0.0,0.0,0.18026879706792834,0.0,0.09489340666330871,0.08537539040461964
778,1,0,1,0.07054624379453507,4.0,24.45068636919607,18.370549661317437,0.5,0.5,7,1.0994525604936976,1.069789319744098,0.0,0.0,0.19083962728530302,0.0,0.09407634966619544,0.09676327761910758
779,1,0,1,0.07070088617015079,4.0,24.451599272510165,18.329066059943166,0.5,0.5,7,1.0299602027026602,1.0705309007628379,0.0,0.0,0.17945849525003937,0.0,0.09444488021515589,0.08501361503488346
780,1,0,1,0.07057407540158903,4.0,24.444873717264265,18.351689894613333,0.5,0.5,7,1.0854149127355968,1.0695166333113333,0.0,0.0,0.18815991412038505,0.0,0.09271444005380657,0.09544547406657845
781,1,0,1,0.0705797305642056,4.0,24.43762178286857,18.37215273143456,0.5,0.5,7,1.0831249927224684,1.06991409029694,0.0,0.0,0.18763576103173976,0.0,0.09263513976712864,0.09500062126461115
782,1,2,1,0.005701131965673197,4.0,24.43777462447472,18.332985518250805,0.5,0.5,7,1.0312299912799787,1.0702443628575784,0.0,1.5,0.17971138895762773,0.0,0.09424170634072018,0.08546968261690756
783,1,2,1,0.005577543940733331,4.0,24.43070056126076,18.357678060732404,0.5,0.5,7,1.086887482835778,1.069269003568138,0.0,1.5,0.18847713765982288,0.0,0.09259190720717786,0.09588523045264499
784,1,0,1,0.07066075051348356,4.0,24.43871901785085,18.326211731550433,0.5,0.5,7,1.0462615929579469,1.0697094655498292,0.0,0.0,0.18212531336366378,0.0,0.09543885943442044,0.08668645392924333
785,1,0,1,0.07057521083010336,4.0,24.43278209781743,18.348478468747675,0.5,0.5,7,1.0854530858988578,1.0691232687350323,0.0,0.0,0.1879351320624679,0.0,0.09278244041350697,0.09515269164896094
786,1,0,1,0.07067764784271383,4.0,24.439444042031056,18.315028423077194,0.5,0.5,7,1.042743412707268,1.0695315141641277,0.0,0.0,0.18165387936338792,0.0,0.09523191498157509,0.08642196438181288
787,1,0,1,0.07057091063280596,4.0,24.43451010713813,18.340028388739622,0.5,0.5,7,1.0889278423972126,1.0688618116277064,0.0,0.0,0.18878096383035825,0.0,0.09291559032236607,0.09586537350799221
788,1,0,1,0.07069659947741563,4.0,24.434553535447918,18.300989109188087,0.5,0.5,7,1.0303676111551943,1.069363462396944,0.0,0.0,0.1791655816855027,0.0,0.09422200840269346,0.08494357328280921
789,1,0,1,0.0706531971805749,4.0,24.44687179786657,18.274366821013345,0.5,0.5,7,1.054084540359808,1.0683885661159,0.0,0.0,0.1833572404060459,0.0,0.09609962855838895,0.08725761184765692
790,1,0,0,-0.16932820302321464,3.830671796976785,24.452955659342365,18.245670334577024,0.5,0.5,7,1.04541834051147,1.0680309654719982,0.0,0.0,0.18203258785383314,0.0,0.09515619353042958,0.08687639432340355
791,1,0,1,0.07056774596156191,3.901239542938347,24.446515949299695,18.277835666995458,0.5,0.5,7,1.0931912722237485,1.0674656498479846,0.0,0.0,0.189606062643496,0.0,0.09267793550113022,0.09692812714236579
792,1,2,0,-0.2343959081588227,3.6668436347795246,24.435403008108484,18.300334910407017,0.5,0.5,7,1.079495092627726,1.0681087904073787,0.0,1.5,0.1870917761730924,0.0,0.09201401092849336,0.095077765244599
793,1,1,1,0.00567186844620061,3.6725155032257253,24.444706922412806,18.270729907910365,0.5,0.5,7,1.0480923597705591,1.0683934479628876,0.0,1.5,0.18219866107099375,0.0,0.09563261563645065,0.08656604543454309
794,1,0,1,0.07067979389902022,3.7431952971247453,24.44845297975239,18.24085866820333,0.5,0.5,7,1.0417607383906324,1.0678859207580793,0.0,0.0,0.18147857293272862,0.0,0.09479701906853329,0.08668155386419532
795,1,0,1,0.07057483871808291,3.8137701358428284,24.44287282723674,18.270985469844348,0.5,0.5,7,1.0917794403242607,1.0672327911988932,0.0,0.0,0.18923420030404506,0.0,0.09280248033588989,0.09643171996815517
796,1,1,1,0.005754204230154488,3.819524340072983,24.43155657873244,18.22828314062175,0.5,0.5,7,1.0138278797001248,1.0678464574270272,0.0,1.5,0.17696590819645286,0.0,0.0925105312406195,0.08445537695583336
797,1,0,1,0.07058014390637121,3.8901044839793544,24.427882434801365,18.256680911240025,0.5,0.5,7,1.0912196196710577,1.066495992983855,0.0,0.0,0.1893258718153561,0.0,0.0930654566425633,0.09626041517279278
798,1,0,1,0.07059530019633883,3.9606997841756932,24.418392748823667,18.2821732545766,0.5,0.5,7,1.0831167410099076,1.0671140836510349,0.0,0.0,0.1877448052116534,0.0,0.09220329051017655,0.09554151470147686
799,1,0,1,0.07056133892412086,4.0,24.419807249193468,18.312395976278758,0.5,0.5,7,1.0991513721569712,1.0675141500850067,0.0,0.0,0.19083300342583578,0.0,0.09386061345947938,0.09697238996635639
800,1,2,1,0.00569117057977162,4.0,24.422376933571396,18.275801547566353,0.5,0.5,7,1.034280336302324,1.0683050806368057,0.0,1.5,0.18011000563657847,0.0,0.09452810632938802,0.08558189930719047
801,1,0,1,0.0705694106001355,4.0,24.42054157570064,18.30262772249571,0.5,0.5,7,1.0924452790870438,1.0674544620284436,0.0,0.0,0.18957725819593158,0.0,0.09336847331282366,0.09620878488310788
802,1,0,1,0.07057388582824405,4.0,24.417093131085412,18.32981799208806,0.5,0.5,7,1.0918210574320328,1.0680792324549087,0.0,0.0,0.18953672448232886,0.0,0.09310439282171712,0.09643233166061176
803,1,0,1,0.07071153016114949,4.0,24.413896021337724,18.288054307661117,0.5,0.5,7,1.0237119839047086,1.0686727780793368,0.0,0.0,0.17838027459631844,0.0,0.09366915354598553,0.08471112105033293
804,1,1,1,0.005738688412153061,4.0,24.4066537432351,18.247532083798365,0.5,0.5,7,1.0197842562595931,1.0675487582249712,0.0,1.5,0.17793431640253887,0.0,0.09301723810944217,0.08491707829309666
805,1,0,1,0.0706167741860458,4.0,24.395306721217075,18.266832818210364,0.5,0.5,7,1.0743083580698105,1.0663546456758368,0.0,0.0,0.1859951486314405,0.0,0.09185837665356383,0.09413677197787668
806,1,1,1,0.0055849798970724705,4.0,24.394601446419017,18.29171827230973,0.5,0.5,7,1.0907336677869957,1.066553488485686,0.0,1.5,0.18920851317754858,0.0,0.09340903464052752,0.09579947853702109
807,1,1,0,-0.23428468626190432,3.7657153137380956,24.395320362822723,18.255042555093308,0.5,0.5,7,1.0312011921555007,1.0671579929682187,0.0,1.5,0.17962576663885976,0.0,0.0941617184344802,0.08546404820437957
808,1,1,1,0.00572402821539376,3.7714393419534895,24.395938730280243,18.221596491409855,0.5,0.5,7,1.0334313767219658,1.066259072947901,0.0,1.5,0.17988111239112334,0.0,0.09410661677909334,0.08577449561202996
809,1,1,1,0.00572580173360038,3.77716514368709,24.39442817619502,18.188343156214376,0.5,0.5,7,1.0306744912615522,1.0654383805422527,0.0,1.5,0.1794523748414185,0.0,0.0938095168305009,0.08564285801091759
810,1,1,1,0.005750124800365615,3.7829152684874554,24.38739586032094,18.15290669530242,0.5,0.5,7,1.0221005065241973,1.064569283310235,0.0,1.5,0.17813443868860812,0.0,0.09292515577128473,0.0852092829173234
811,1,1,1,0.005665991492341721,3.788581259979797,24.401440478150597,18.134647149617464,0.5,0.5,7,1.0592926360352881,1.0635075638905842,0.0,1.5,0.1841251722995853,0.0,0.09612880290253546,0.08799636939704983
812,1,1,1,0.005570961249064693,3.794152221228862,24.405264920252932,18.17041945821445,0.5,0.5,7,1.102998941393528,1.0634021906942017,0.0,1.5,0.1914738481313235,0.0,0.09415734395398023,0.0973165041773433
813,1,1,1,0.005624049072843096,3.799776270301705,24.394729651972405,18.194759551834917,0.5,0.5,7,1.0781969348016212,1.0643921094616848,0.0,1.5,0.18680685703365407,0.0,0.09188011000203034,0.09492674703162374
814,1,0,1,0.07061459093056413,3.870390861232269,24.386011055182436,18.221168085628456,0.5,0.5,7,1.0824271670987486,1.0647372300951832,0.0,0.0,0.18785129821547525,0.0,0.09218188511197536,0.09566941310349991
815,1,1,0,-0.23440275983561998,3.635988101396649,24.380342117159923,18.246871758160005,0.5,0.5,7,1.0852142130293139,1.0651794785202724,0.0,1.5,0.18809373596232815,0.0,0.09259940657066769,0.09549432939166046
816,1,0,1,0.07057828711168379,3.7065663885083326,24.383025656399532,18.275293666164306,0.5,0.5,7,1.0967857941269008,1.0656803468829983,0.0,0.0,0.1903926933946312,0.0,0.09393175892786385,0.09646093446676736
817,1,0,1,0.0706141930799349,3.7771805815882677,24.371120935053113,18.295907239301034,0.5,0.5,7,1.0751668348544086,1.0664579830640961,0.0,0.0,0.18618911225712706,0.0,0.09161278403552087,0.09457632822160619
818,1,0,1,0.07069805806555393,3.8478786396538216,24.376701791129896,18.262699911730213,0.5,0.5,7,1.0390492328648113,1.0666757043588537,0.0,0.0,0.18111924468105076,0.0,0.09480551915963355,0.08631372552141724
819,1,0,1,0.07066573410486318,3.9185443737586847,24.389835015412512,18.239142653070296,0.5,0.5,7,1.0555610081942044,1.0659850425715027,0.0,0.0,0.18361255230119888,0.0,0.09594061367903457,0.08767193862216431
820,1,2,0,-0.23432645093274757,3.6842179228259373,24.400681605710844,18.215135613145097,0.5,0.5,7,1.0525639920852066,1.0657244417120704,0.0,1.5,0.1830587882484504,0.0,0.09562939508029356,0.08742939316815689
821,1,0,1,0.07061310601313095,3.7548310288390683,24.39188037310621,18.239917862941176,0.5,0.5,7,1.0813764476628436,1.0653954304713986,0.0,0.0,0.1873150114497917,0.0,0.09217104190375647,0.09514396954603524
822,1,0,1,0.07070173775871585,3.8255327665977843,24.397541850398646,18.205602276086836,0.5,0.5,7,1.03714084633928,1.0657949559011848,0.0,0.0,0.18055035895381344,0.0,0.0948804938810838,0.08566986507272964
823,1,0,1,0.07066669755249703,3.8961994641502815,24.40967080604733,18.185514488750737,0.5,0.5,7,1.0571197714747183,1.0650786031621373,0.0,0.0,0.18384268601161272,0.0,0.09588570114417311,0.08795698486743962
824,1,0,1,0.07057612343121791,3.9667755875814996,24.407342702865886,18.217686796077665,0.5,0.5,7,1.0947238365154384,1.0648796323699516,0.0,0.0,0.1898422076920865,0.0,0.0931608959304168,0.09668131176166968
825,1,1,1,0.005617032751590442,3.97239262033309,24.39347195845286,18.240032365172873,0.5,0.5,7,1.074100562155765,1.065625737473589,0.0,1.5,0.18603893117346487,0.0,0.0914411136741464,0.09459781749931848
826,1,2,1,0.0056064586240914226,3.9779990789571813,24.38569866686516,18.262114199175926,0.5,0.5,7,1.080146150505999,1.0658376080906433,0.0,1.5,0.18696848787500614,0.0,0.09233544533477336,0.09463304254023275
827,1,0,1,0.0707020040129821,4.0,24.38995030365102,18.23054973807742,0.5,0.5,7,1.0388824973383861,1.0661953216510272,0.0,0.0,0.18088597779258167,0.0,0.09462500433878188,0.08626097345379978
828,1,0,1,0.07057355941664857,4.0,24.390414295619806,18.26130302499439,0.5,0.5,7,1.096729779928967,1.065512501043211,0.0,0.0,0.190228105075532,0.0,0.09355025798706368,0.09667784708846831
829,1,0,1,0.07070819160469326,4.0,24.393034333015763,18.228698528031025,0.5,0.5,7,1.0363084734479395,1.066292933015355,0.0,0.0,0.18072054804078028,0.0,0.09442940940866647,0.08629113863211378
830,1,0,1,0.0705788483123751,4.0,24.39292851428586,18.258382752026364,0.5,0.5,7,1.0951217267916107,1.0655433215261696,0.0,0.0,0.18989529402525449,0.0,0.09343660864686679,0.0964586853783877
831,1,0,1,0.07066341422028453,4.0,24.404948061510186,18.234367287501,0.5,0.5,7,1.0542868643567713,1.0662827816578058,0.0,0.0,0.18346041229318255,0.0,0.09586679454185354,0.08759361775132905
832,1,0,1,0.07066783110586868,4.0,24.416062314708924,18.210295164061215,0.5,0.5,7,1.0530250134842305,1.0659828837252798,0.0,0.0,0.18331728516341364,0.0,0.09579130916949505,0.08752597599391862
833,1,0,1,0.07061299743657808,4.0,24.404593066060386,18.234775730331826,0.5,0.5,7,1.078670254591326,1.0656589369692535,0.0,0.0,0.18699161534470696,0.0,0.09181054703307347,0.09518106831163348
834,1,0,0,-0.169419935057128,3.830580064942872,24.400887324543035,18.263167196144096,0.5,0.5,7,1.0906699442047265,1.0659842199098053,0.0,0.0,0.18909285728265735,0.0,0.0929317146427901,0.09616114263986725
835,1,0,0,-0.1693008068499026,3.661279258092969,24.405317317488823,18.23285797379447,0.5,0.5,7,1.0407221336133363,1.0666013630171784,0.0,0.0,0.18136980561997773,0.0,0.09474233787635856,0.08662746774361915
836,1,0,1,0.07067937732772438,3.7319586354206935,24.41699231012741,18.20564999654743,0.5,0.5,7,1.0504213976736265,1.0659543822820825,0.0,0.0,0.18267443853194432,0.0,0.09584462684574946,0.0868298116861949
837,1,0,1,0.07068270701140139,3.802641342432095,24.42575224448733,18.181787302078476,0.5,0.5,7,1.0504632975578418,1.0655660576668708,0.0,0.0,0.18284084897946887,0.0,0.09542052690981345,0.08742032206965542
838,1,0,0,-0.1692835809943958,3.6333577614376993,24.426170962255384,18.149103149831838,0.5,0.5,7,1.032923054185555,1.0651884886641452,0.0,0.0,0.18000126627676868,0.0,0.09421448452405758,0.08578678175271111
839,1,0,1,0.07067498634200096,3.7040327477797,24.43702764910475,18.126849598493052,0.5,0.5,7,1.052984988312768,1.0643818528021805,0.0,0.0,0.1832650201368278,0.0,0.09580224767137906,0.08746277246544877
840,1,0,1,0.07062490623486754,3.7746576540145678,24.422116955027178,18.154828926224965,0.5,0.5,7,1.077165564844284,1.064096931189945,0.0,0.0,0.18662244612163026,0.0,0.09134697051074694,0.09527547561088326
841,1,0,1,0.07056682931237669,3.8452244833269447,24.42380791290713,18.18970456443135,0.5,0.5,7,1.10099024311764,1.0644236470313035,0.0,0.0,0.19102798486126146,0.0,0.09390067424066595,0.09712731062059551
842,1,0,1,0.07061065521729813,3.9158351385442427,24.41187015362934,18.21610038584,0.5,0.5,7,1.0797958740643234,1.065337811933462,0.0,0.0,0.18704410713613878,0.0,0.09175561228741286,0.09528849484872592
843,1,0,1,0.07069379820819836,3.9865289367524412,24.416997179871778,18.18780045403129,0.5,0.5,7,1.0425263579204627,1.0656992634867335,0.0,0.0,0.1814016639568564,0.0,0.09486900585376606,0.08653265810309031
844,1,0,1,0.0706669393526115,4.0,24.42869534048745,18.166565675412937,0.5,0.5,7,1.0555833228448914,1.0651199408475769,0.0,0.0,0.18383187818660202,0.0,0.09587984240447868,0.08795203578212336
845,1,0,1,0.07060689063241526,4.0,24.419530106075253,18.193824285440286,0.5,0.5,7,1.082974901012664,1.0648815253975097,0.0,0.0,0.18751000276122068,0.0,0.09220124520985398,0.09530875755136667
846,1,0,0,-0.16934163104728617,3.830658368952714,24.43066257777172,18.17479307316961,0.5,0.5,7,1.0574351192136815,1.0653338597878883,0.0,0.0,0.18395492126682364,0.0,0.09579402776646936,0.08816089350035425
847,1,0,0,-0.16932736789876016,3.6613310010539535,24.439734927142904,18.1512926195874,0.5,0.5,7,1.050708287062503,1.0651363912735334,0.0,0.0,0.1829876546733503,0.0,0.09554136171409375,0.08744629295925654
848,1,0,1,0.07067749887872836,3.732008499932682,24.449661314186017,18.127609822801652,0.5,0.5,7,1.051019278925625,1.0647756886682576,0.0,0.0,0.18285981583783553,0.0,0.09569899231246903,0.08716082352536651
849,1,1,1,0.005665274363247337,3.737673774295929,24.42526126434366,18.147341526156602,0.5,0.5,7,1.0597634319372853,1.0644317784246917,0.0,1.5,0.1834614825648555,0.0,0.09002990823703041,0.09343157432782506
850,1,0,1,0.07065442306807392,3.8083281973640033,24.43873360330676,18.12724670595528,0.5,0.5,7,1.0576925885242816,1.0643150697625066,0.0,0.0,0.18406328822296358,0.0,0.09618337973608168,0.0878799084868819
851,1,0,0,-0.16932147411480958,3.6390067232491936,24.447376616314077,18.106795657583024,0.5,0.5,7,1.0523414723666153,1.064149507731551,0.0,0.0,0.18323340917515968,0.0,0.09549217569054984,0.08774123348460984
852,1,2,1,0.00572033378184104,3.6447270570310346,24.447346902052583,18.078117317108152,0.5,0.5,7,1.0351462521110646,1.0638543068474275,0.0,1.5,0.1803962723797345,0.0,0.09420500086997918,0.08619127150975527
853,1,0,1,0.07069573295810204,3.7154227899891366,24.45142638864855,18.057474172401836,0.5,0.5,7,1.0465729473686671,1.0631366054790186,0.0,0.0,0.1820987309315846,0.0,0.09478035639269616,0.08731837453888842
854,1,0,1,0.07059771548988718,3.7860205054790237,24.443455068929207,18.09315383553303,0.5,0.5,7,1.0904308574381152,1.0627225140262597,0.0,0.0,0.18887145805458422,0.0,0.09238327581551187,0.09648818223907232
855,1,2,1,0.005608840451379195,3.791629345930403,24.43294568308457,18.123810719237767,0.5,0.5,7,1.0835627204716474,1.063415222611556,0.0,1.5,0.1877221361548618,0.0,0.09206082285893682,0.09566131329592498
856,1,0,0,-0.1693919773910591,3.6222373685393436,24.424764543127996,18.152768069246388,0.5,0.5,7,1.0846951201101094,1.0639189100580584,0.0,0.0,0.18792174323676944,0.0,0.09232421032298226,0.09559753291378718
857,1,1,1,0.005594535530348986,3.6278319040696925,24.418788402794863,18.186315781937374,0.5,0.5,7,1.0920098876672146,1.0644383153093595,0.0,1.5,0.18949042883079018,0.0,0.09268315646016072,0.09680727237062943
858,1,0,0,-0.16930553859846825,3.4585263654712244,24.42705555021468,18.159127446231537,0.5,0.5,7,1.0462064163322808,1.065127604618306,0.0,0.0,0.18215732816477506,0.0,0.09535222609386658,0.08680510207090848
859,1,0,0,-0.16933296797756728,3.289193397493657,24.437241845437114,18.13912929670198,0.5,0.5,7,1.054842720604039,1.0646545749111553,0.0,0.0,0.18354828963958864,0.0,0.09569229731054749,0.08785599232904118
860,1,0,0,-0.16937290403968405,3.119820493453973,24.424380930812372,18.16666162862494,0.5,0.5,7,1.0790806958516974,1.0644092785534773,0.0,0.0,0.18716604035825168,0.0,0.09167084350605824,0.09549519685219343
861,1,0,1,0.07064352081328587,3.190464014267259,24.408213118586374,18.189062508276024,0.5,0.5,7,1.0710091314110186,1.064776063985933,0.0,0.0,0.185629556135647,0.0,0.09112784857446239,0.0945017075611846
862,1,0,1,0.07068831594341107,3.26115233021067,24.420045736406124,18.16332057595386,0.5,0.5,7,1.0510225761691445,1.0649318906715601,0.0,0.0,0.18272466603819335,0.0,0.0958593349412132,0.08686533109698018
863,1,0,1,0.07061102125617184,3.331763351466842,24.409318634334937,18.191054085289075,0.5,0.5,7,1.0815905650730293,1.0645841578089996,0.0,0.0,0.18745260608302788,0.0,0.09193390688430558,0.0955186991987223
864,1,0,1,0.07060725992278341,3.4023706113896255,24.401519122293887,18.216420088853216,0.5,0.5,7,1.0825758095136913,1.0650093179906004,0.0,0.0,0.18755406129007232,0.0,0.09228548981382219,0.09526857147625013
865,1,0,1,0.07063746220882897,3.4730080735984545,24.388907103642914,18.236851824894355,0.5,0.5,7,1.0732681976688432,1.0654484802786777,0.0,0.0,0.18592129701885554,0.0,0.09154482284276427,0.09437647417609127
866,1,0,1,0.07067200064590257,3.543680074244357,24.40253801919497,18.21146867339796,0.5,0.5,7,1.0538917372690926,1.065643973213432,0.0,0.0,0.1832826431103594,0.0,0.0960747931094561,0.0872078500009033
867,1,1,1,0.0056417365616791984,3.549321810806036,24.38830839105202,18.231770505749672,0.5,0.5,7,1.071422371523584,1.0653501673148233,0.0,1.5,0.18566609787934366,0.0,0.09133165111439641,0.09433444676494723
868,1,0,1,0.07073734782585543,3.6200591586318915,24.388049660238526,18.194481545752474,0.5,0.5,7,1.0279542816093539,1.0655019724200423,0.0,0.0,0.1792768978085971,0.0,0.09396594077458434,0.08531095703401276
869,1,0,1,0.07062969311296942,3.690688851744861,24.378711978590516,18.217805393955416,0.5,0.5,7,1.0785494467047079,1.064563280149775,0.0,0.0,0.18691094498539443,0.0,0.09197985856957147,0.094931086415823
870,1,0,1,0.07064367545101684,3.761332527195878,24.361471272010405,18.2394108568237,0.5,0.5,7,1.0692776906018175,1.0649129343136485,0.0,0.0,0.18553111484311474,0.0,0.09079299657616734,0.09473811826694739
871,1,0,1,0.07067227645070384,3.8320048036465817,24.378394077597264,18.212051694336424,0.5,0.5,7,1.0545856963204316,1.0650220532208525,0.0,0.0,0.18335505177486214,0.0,0.0964947554653593,0.08686029630950286
872,1,0,1,0.07070512014593573,3.9027099237925174,24.386152676789163,18.184128102574284,0.5,0.5,7,1.0445961517281062,1.064761144298342,0.0,0.0,0.18190246845395447,0.0,0.09515008749901607,0.08675238095493835
873,1,0,1,0.070731153241768,3.9734410770342854,24.38749384955151,18.153438940396416,0.5,0.5,7,1.034909030068568,1.0642570194840864,0.0,0.0,0.1803534427388392,0.0,0.09416298127471154,0.08619046146412766
874,1,2,1,0.005611787285679883,3.979052864319965,24.384708664079575,18.182270673732546,0.5,0.5,7,1.089569867612894,1.0635233197486982,0.0,1.5,0.18894125431982595,0.0,0.09297573741187469,0.09596551690795127
875,1,0,1,0.07060721743376566,4.0,24.380100139540858,18.208399428141654,0.5,0.5,7,1.085694713315693,1.0641744834453033,0.0,0.0,0.1879688527989086,0.0,0.09266997818260034,0.09529887461630826
876,1,0,1,0.07061750176478004,4.0,24.371108307728377,18.23423993530439,0.5,0.5,7,1.0815611645423173,1.064712489192063,0.0,0.0,0.18743734579088414,0.0,0.09197560446399711,0.09546174132688703
877,1,0,1,0.07069718735226135,4.0,24.37746821066538,18.204142869937492,0.5,0.5,7,1.0413965436459214,1.0651337060758195,0.0,0.0,0.18115751917793083,0.0,0.09487724834739868,0.08628027083053215
878,1,0,1,0.07068342914863691,4.0,24.389902900500317,18.17804384562796,0.5,0.5,7,1.0508759425404774,1.0645402770150718,0.0,0.0,0.1827000149940206,0.0,0.09583169026473351,0.08686832472928707
879,1,0,1,0.07061256710037331,4.0,24.383963152720852,18.202279373975625,0.5,0.5,7,1.082494449221406,1.064198668653207,0.0,0.0,0.187505617707713,0.0,0.0925199874038074,0.09498563030390562
880,1,0,1,0.0706167952093596,4.0,24.37399041564608,18.225553244237965,0.5,0.5,7,1.0779571963549774,1.064656063167412,0.0,0.0,0.18678805445662874,0.0,0.09188047738173172,0.09490757707489705
881,1,0,1,0.07059983280774856,4.0,24.369598619224007,18.250974719026942,0.5,0.5,7,1.0860182698640097,1.0649885914971011,0.0,0.0,0.1883307344244911,0.0,0.09269765559910109,0.09563307882539003
882,1,0,1,0.07071935025364563,4.0,24.372005943727935,18.21939836429345,0.5,0.5,7,1.0363453032267036,1.0655143334562738,0.0,0.0,0.1805191617948563,0.0,0.09430505606377423,0.08621410573108208
883,1,1,1,0.005680292338392579,4.0,24.383326700869187,18.193002663018447,0.5,0.5,7,1.0497101635667914,1.0647851077005346,0.0,1.5,0.18263556373238005,0.0,0.09564893312464484,0.08698663060773522
884,1,0,1,0.07070658307344642,4.0,24.388216129824045,18.163541580367685,0.5,0.5,7,1.0398365804012824,1.064408234097191,0.0,0.0,0.1810103057931722,0.0,0.09472336694291869,0.08628693885025351
885,1,0,1,0.07072814949381008,4.0,24.387873174926444,18.13315891088319,0.5,0.5,7,1.033068318372701,1.0637939427547933,0.0,0.0,0.18000634474230315,0.0,0.09394784515980964,0.08605849958249348
886,1,0,1,0.07064748170161063,4.0,24.37410049302845,18.154894548027578,0.5,0.5,7,1.0709887573916372,1.063025802145241,0.0,0.0,0.18548538231450964,0.0,0.09134308326247684,0.09414229905203278
887,1,0,1,0.07068918248620085,4.0,24.38413537402029,18.131414759634463,0.5,0.5,7,1.0497799686251221,1.063224876026401,0.0,0.0,0.1828040929831089,0.0,0.09546117127488021,0.0873429217082287
888,1,2,0,-0.2343789196210397,3.7656210803789603,24.37519754098121,18.156734410264175,0.5,0.5,7,1.0792705709320003,1.062888753341369,0.0,1.5,0.18713397779453889,0.0,0.09206709579375935,0.09506688200077952
889,1,0,1,0.07068462032485613,3.8363057007038166,24.388205154564886,18.132303341283563,0.5,0.5,7,1.0518748433842002,1.0632982987811346,0.0,0.0,0.18291498502767972,0.0,0.09593635382757423,0.0869786312001055
890,1,2,1,0.005647510085190642,3.8419532107890073,24.377176047761683,18.15361004422195,0.5,0.5,7,1.0732903085313938,1.0630127123962114,0.0,1.5,0.18589680471939932,0.0,0.09173083156900681,0.09416597315039249
891,1,0,1,0.0706287645050854,3.912581975294093,24.365421472561742,18.17768387850748,0.5,0.5,7,1.075588911385177,1.0632696522995908,0.0,0.0,0.1864059042965481,0.0,0.09166503865544152,0.09474086564110656
892,1,0,1,0.07071244625350354,3.9832944215475963,24.37067673258292,18.14828998857652,0.5,0.5,7,1.0394390038669497,1.0635776337767306,0.0,0.0,0.1811266756543315,0.0,0.094725078491391,0.08640159716294052
893,1,0,1,0.07060758124288714,4.0,24.36437393775167,18.174891267271608,0.5,0.5,7,1.0832726518928244,1.0629741680289861,0.0,0.0,0.18778437808285176,0.0,0.09243758290660081,0.09534679517625094
894,1,0,1,0.07068816711812846,4.0,24.375714616594855,18.151222884879758,0.5,0.5,7,1.051153926576915,1.0634816301255818,0.0,0.0,0.1828425824261806,0.0,0.0956383145448395,0.08720426788134109
895,1,0,1,0.07061745114231616,4.0,24.370045410588368,18.175705467015973,0.5,0.5,7,1.0819868136666004,1.0631734375368653,0.0,0.0,0.1875357227699036,0.0,0.09254713634565699,0.0949885864242466
896,1,0,0,-0.16932496519916704,3.830675034800833,24.38577751275843,18.1521063958441,0.5,0.5,8,1.0557768029382941,1.0636437719401086,0.0,0.0,0.1836284102356624,0.0,0.09634306641478999,0.08728534382087244
897,1,0,1,0.07070847567817189,3.901383510479005,24.391713070404556,18.122699056072072,0.5,0.5,8,1.0399753155891593,1.0634470977150632,0.0,0.0,0.1810913349819942,0.0,0.09489302731624197,0.0861983076657522
898,1,0,0,-0.16938163711321738,3.7320018733657876,24.384785473771924,18.147642384514448,0.5,0.5,8,1.0808760349716624,1.0628603031619157,0.0,0.0,0.18729783711340245,0.0,0.09240300397901105,0.0948948331343914
899,1,0,0,-0.1692873972791314,3.562714476086656,24.391539568719907,18.11617528154592,0.5,0.5,8,1.0385976884366137,1.0633106964571595,0.0,0.0,0.18064474266792738,0.0,0.09502584099782743,0.0856189016700999
900,1,0,1,0.07069234903853736,3.6334068251251934,24.402832564034952,18.090518832515663,0.5,0.5,8,1.0483294175414375,1.0626928712566457,0.0,0.0,0.1822504109904033,0.0,0.09571895033805305,0.0865314606523502
901,1,0,1,0.07067821849753075,3.704085043622724,24.414610446384252,18.06834740408543,0.5,0.5,8,1.0519402388328327,1.0623337849137655,0.0,0.0,0.1830407030859987,0.0,0.09584550652795744,0.08719519655804128
902,1,0,1,0.07068269610521845,3.7747677397279427,24.427587403422066,18.04981819617573,0.5,0.5,8,1.0565216953898489,1.0620739462617421,0.0,0.0,0.18378924532205698,0.0,0.09607722275054129,0.08771202257151568
903,1,1,0,-0.23433240648926731,3.5404353332386753,24.441434833997373,18.031914537931115,0.5,0.5,8,1.0578789123206414,1.0619351399899448,0.0,1.5,0.18382905362781818,0.0,0.09622222563266129,0.08760682799515689
904,1,0,1,0.07067813571346682,3.611113468952142,24.453665049675074,18.01345933523803,0.5,0.5,8,1.0556087472828277,1.0618337342982125,0.0,0.0,0.18349533213492292,0.0,0.09604216172817544,0.0874531704067475
905,1,0,1,0.07066861544971427,3.6817820844018563,24.4661710675248,18.00030293816331,0.5,0.5,8,1.0610277303978304,1.0616781096228278,0.0,0.0,0.18461917668902517,0.0,0.09615792173388572,0.08846125495513947
906,1,0,1,0.0706955417418591,3.7524776261437154,24.472733948141,17.980766519883332,0.5,0.5,8,1.048688312478427,1.0616618501422028,0.0,0.0,0.18245891728860286,0.0,0.09523654798921005,0.08722236929939281
907,1,0,1,0.07065168835359559,3.823129314497311,24.452823672678022,18.006465292778607,0.5,0.5,8,1.067126009132909,1.0613375117006085,0.0,0.0,0.1846458540739505,0.0,0.09074410887685952,0.09390174519709099
908,1,0,1,0.07063992073588773,3.893769235233199,24.436598982157143,18.03328558004561,0.5,0.5,8,1.072077820882539,1.061482224136416,0.0,0.0,0.18566977517523942,0.0,0.09121426144606318,0.09445551372917628
909,1,0,1,0.07065057381144736,3.9644198090446463,24.45300538827994,18.020595302447116,0.5,0.5,8,1.0654632425793713,1.061747114055069,0.0,0.0,0.18528342910604234,0.0,0.09668303441034462,0.08860039469569776
910,1,0,1,0.07067459401661307,4.0,24.463148175251167,18.002444036064883,0.5,0.5,8,1.0538315378571688,1.0618400172681766,0.0,0.0,0.18333283718199606,0.0,0.09576622934377924,0.08756660783821678
911,1,0,1,0.07063672991058502,4.0,24.44908928440764,18.028595476550706,0.5,0.5,8,1.0737323549251974,1.0616398052829012,0.0,0.0,0.18575488045914249,0.0,0.09157922361719348,0.09417565684194901
912,1,2,1,0.005637472788059082,4.0,24.43298873939538,18.054336766352243,0.5,0.5,8,1.0715828638132319,1.0619421190239589,0.0,1.5,0.18551413288211693,0.0,0.09122468572298181,0.0942894471591351
913,1,0,1,0.07060160708982396,4.0,24.425978911633855,18.0824855630066,0.5,0.5,8,1.0833221065365253,1.0621831376436905,0.0,0.0,0.18762498913870077,0.0,0.09256051186801903,0.09506447727068175
914,1,0,0,-0.16939974105432387,3.830600258945676,24.41874192463334,18.112154909098617,0.5,0.5,8,1.0851439709575177,1.0627116118660114,0.0,0.0,0.18815515970855756,0.0,0.09249403376604391,0.09566112594251364
915,1,0,1,0.07067679293731342,3.9012770518829893,24.428759558035534,18.090287014057246,0.5,0.5,8,1.0514221592041166,1.0632724208432989,0.0,0.0,0.18308377434783074,0.0,0.09567157807848332,0.08741219626934744
916,1,0,1,0.07061817667508508,3.9718952285580746,24.41676747385661,18.116625475656722,0.5,0.5,8,1.0773225417228782,1.0629761643023197,0.0,0.0,0.1868414593313438,0.0,0.09179558539127944,0.09504587394006435
917,1,0,0,-0.1692990873085162,3.8025961412495586,24.421855896289763,18.089537797575908,0.5,0.5,8,1.041335568090172,1.0633348237378333,0.0,0.0,0.18156344931233806,0.0,0.09489463708402417,0.0866688122283139
918,1,0,1,0.07065568170587416,3.873251822955433,24.400205520308532,18.10661063779883,0.5,0.5,8,1.058207306588327,1.062784842346642,0.0,0.0,0.18288941178658014,0.0,0.09029554963076757,0.09259386215581256
919,1,0,0,-0.1693299850570142,3.703921837898419,24.414375743655455,18.085655359047703,0.5,0.5,8,1.0558853485484843,1.062670403952684,0.0,0.0,0.1837556451799829,0.0,0.09618824283718015,0.08756740234280276
920,1,0,0,-0.16937338954422063,3.5345484483541982,24.401268456046576,18.110278500894978,0.5,0.5,8,1.074016631805974,1.062500777567579,0.0,0.0,0.18594277419411426,0.0,0.09155435925902194,0.09438841493509231
921,1,2,0,-0.23435777970003102,3.3001906686541673,24.381808151110157,18.131007009935928,0.5,0.5,8,1.0640568780280681,1.062788673923539,0.0,1.5,0.18426166207486866,0.0,0.09065615169053681,0.09360551038433183
922,1,2,1,0.005683640631771628,3.305874309285939,24.39490357204661,18.105905752561107,0.5,0.5,8,1.0508145425877813,1.0628203790261521,0.0,1.5,0.18270679716312133,0.0,0.09601204527205014,0.08669475189107113
923,1,2,1,0.0056399297603934705,3.3115142390463324,24.37976631609594,18.131097899508443,0.5,0.5,8,1.0725751241118557,1.062520233115193,0.0,1.5,0.1860485730716745,0.0,0.09117820450620542,0.09487036856546908
924,1,0,1,0.07063200669856087,3.3821462457448934,24.367764813376994,18.15472141540151,0.5,0.5,8,1.074393618564237,1.0627716053901095,0.0,0.0,0.1862750425446208,0.0,0.09161564447552789,0.09465939806909292
925,1,0,1,0.0706620757091786,3.452808321454072,24.38615745355494,18.134411030330874,0.5,0.5,8,1.0611444108267722,1.0630621557194628,0.0,0.0,0.18447364937384636,0.0,0.09676189727500244,0.08771175209884395
926,1,2,1,0.0056815595369115535,3.4584898809909834,24.399339244377796,18.108467206098453,0.5,0.5,8,1.0502521786875818,1.0630142120971453,0.0,1.5,0.1826565513308695,0.0,0.09603356185782819,0.08662298947304133
927,1,2,1,0.005698530886073655,3.464188411877057,24.40683748765875,18.081926301275157,0.5,0.5,8,1.0436524997195606,1.0626951612619062,0.0,1.5,0.18154598645915285,0.0,0.09518100386343263,0.08636498259572017
928,1,2,1,0.005675763597694869,3.469864175474752,24.420384861333986,18.06206708618166,0.5,0.5,8,1.055907253305088,1.0622190947233476,0.0,1.5,0.18368830030428823,0.0,0.09616008777802983,0.08752821252625839
929,1,1,1,0.005674443154405166,3.475538618629157,24.396582092788513,18.08148511594162,0.5,0.5,8,1.0576765599023803,1.0620612986878912,0.0,1.5,0.1829494698001194,0.0,0.08995936071796785,0.09299010908215155
930,1,2,1,0.0057108513045775145,3.4812494699337346,24.402256421066298,18.05514375292792,0.5,0.5,8,1.041284645482337,1.0619516802182534,0.0,1.5,0.18141180484673533,0.0,0.09490259550068192,0.0865092093460534
931,1,0,1,0.07070558422921047,3.551955054162945,24.407759355085947,18.032428004309743,0.5,0.5,8,1.0442221897513302,1.0614350043498555,0.0,0.0,0.18181354169404165,0.0,0.09487945831552239,0.08693408337851927
932,1,0,1,0.07067718027741333,3.6226322344403585,24.423695747931916,18.014981333724997,0.5,0.5,8,1.05949440624611,1.0610046839848923,0.0,0.0,0.18407428527803366,0.0,0.09648033970714802,0.08759394557088565
933,1,2,0,-0.2343455052021678,3.3882867292381906,24.401708501734902,18.03932082492126,0.5,0.5,8,1.0633191720406692,1.0609669270414228,0.0,1.5,0.18401150887283863,0.0,0.09025180503637978,0.09375970383645882
934,1,2,1,0.005682141663294931,3.3939688709014857,24.412708822493222,18.019725954043487,0.5,0.5,8,1.0524311830469553,1.061025733166404,0.0,1.5,0.18306701234474776,0.0,0.09572031116634076,0.08734670117840698
935,1,0,1,0.07068074851069395,3.46464961941218,24.425741153127174,18.003408055976838,0.5,0.5,8,1.0575253019807174,1.0608108694134177,0.0,0.0,0.18387910639225474,0.0,0.09603267521987946,0.08784643117237526
936,1,0,0,-0.16935432846278364,3.2952952909493964,24.410966007653133,18.03097365523526,0.5,0.5,8,1.0735191840119842,1.0607287302276003,0.0,0.0,0.18598123658418067,0.0,0.09130495546463581,0.09467628111954486
937,1,0,0,-0.169320660094347,3.1259746308550493,24.424532433279744,18.014868366751692,0.5,0.5,8,1.0585096287152547,1.0610484915722098,0.0,0.0,0.18401213917454887,0.0,0.0961389618539259,0.087873177320623
938,1,2,1,0.005666688990504183,3.1316413198455537,24.40085557695826,18.037778664675628,0.5,0.5,8,1.0602184616032369,1.060985020000786,0.0,1.5,0.18370140450441824,0.0,0.09001241880155103,0.09368898570286718
939,1,0,1,0.0706936661879632,3.202334986033517,24.411384087621514,18.01775926328434,0.5,0.5,8,1.0514749653128166,1.0609658560408473,0.0,0.0,0.1827872865739441,0.0,0.09563545199467899,0.08715183457926512
940,1,0,1,0.07070795324304843,3.2730429392765656,24.419135681877165,17.993979154729853,0.5,0.5,8,1.0447000694738031,1.0607285837726463,0.0,0.0,0.1817668129411551,0.0,0.09524653056996248,0.08652028237119261
941,1,0,1,0.07067627861118332,3.343719217887749,24.43079916374188,17.982492753339987,0.5,0.5,8,1.0605049513900302,1.0603278709151753,0.0,0.0,0.18444884346501,0.0,0.09584744498100414,0.08860139848400587
942,1,0,1,0.07064700535993979,3.4143662232476886,24.414849342202977,18.01167570971295,0.5,0.5,8,1.0735654327611033,1.0603322979270469,0.0,0.0,0.18595469350130575,0.0,0.09114054415847979,0.09481414934282598
943,1,0,1,0.07065817938548113,3.4850244026331696,24.398390572195133,18.036740576674106,0.5,0.5,8,1.0692692232512138,1.0606631262978983,0.0,0.0,0.18530259179554368,0.0,0.09103665492950504,0.09426593686603862
944,1,1,1,0.005692218236314984,3.4907166208694846,24.40887229865392,18.017130861761885,0.5,0.5,8,1.051750290268295,1.0608782787217308,0.0,1.5,0.18289833541257428,0.0,0.09560887108769837,0.08728946432487586
945,1,0,1,0.07068019437034229,3.561396815239827,24.42358348894509,17.999191755676186,0.5,0.5,8,1.0574221632158696,1.0606500790103952,0.0,0.0,0.1837672228016021,0.0,0.09629538835295881,0.08747183444864329
946,1,0,1,0.0707133241799531,3.63211013941978,24.428087832514848,17.97598706490874,0.5,0.5,8,1.0418690339178407,1.0605693811155321,0.0,0.0,0.18121695299022478,0.0,0.09477531875936723,0.08644163423085754
947,1,2,1,0.005684058055992206,3.637794197475772,24.43868378773394,17.96112233921709,0.5,0.5,8,1.0558331019630343,1.0601018724355897,0.0,1.5,0.18371171152297786,0.0,0.09570562945314,0.08800608206983788
948,1,0,0,-0.1692979678567595,3.4684962296190127,24.447074994563756,17.943488345389543,0.5,0.5,8,1.050752366176039,1.059995153173776,0.0,0.0,0.18277855452828085,0.0,0.09543793449252091,0.08734062003575994
949,1,0,1,0.07067275733904314,3.539168986958056,24.426180395183902,17.96756746282015,0.5,0.5,8,1.0629486015495924,1.0597640834988324,0.0,0.0,0.18375902013754747,0.0,0.09043289482481799,0.09332612531272946
950,1,0,1,0.0707005771444385,3.6098695641024943,24.435887578633043,17.94744063681366,0.5,0.5,8,1.0494240538927482,1.0598436964501015,0.0,0.0,0.1824653141624773,0.0,0.09558638335122216,0.08687893081125514
951,1,0,1,0.07072586599142036,3.6805954300939145,24.436247893951013,17.92560831483259,0.5,0.5,8,1.0381111987230698,1.0595832053861676,0.0,0.0,0.18076748288484226,0.0,0.09418012810268536,0.08658735478215691
952,1,0,0,-0.16935217167006117,3.5112432584238533,24.419485899688233,17.956051319428028,0.5,0.5,8,1.0727274155522473,1.0590464052195903,0.0,0.0,0.18563556776893264,0.0,0.09102762969653336,0.09460793807239928
953,1,0,1,0.07063227031242084,3.581875528736274,24.409137404662246,17.987954516846525,0.5,0.5,8,1.0809431328704129,1.0593884304779067,0.0,0.0,0.18733303383326066,0.0,0.09197048213476336,0.09536255169849733
954,1,0,1,0.07066486407064869,3.6525403928069227,24.389956255637063,18.01292067302149,0.5,0.5,8,1.0657123051875048,1.0599272980377192,0.0,0.0,0.184652888131722,0.0,0.09061949248851303,0.09403339564320898
955,1,0,1,0.0706599647513277,3.7232003575582504,24.40945582606969,17.99966178031064,0.5,0.5,8,1.0663126009382389,1.060071923216464,0.0,0.0,0.18512277948410652,0.0,0.09693336266089703,0.0881894168232095
956,1,2,1,0.005628205532023017,3.7288285630902736,24.400392536430093,18.03058878146898,0.5,0.5,8,1.0820916516782562,1.0602279401595083,0.0,1.5,0.18745941065296384,0.0,0.09202922294380153,0.09543018770916231
957,1,0,1,0.07071375383592077,3.7995423169261944,24.373203860190856,18.040956463013416,0.5,0.5,8,1.043953538252672,1.060774532947477,0.0,0.0,0.18036824957817868,0.0,0.0893244941579672,0.0910437554202115
958,1,0,1,0.07068665673537605,3.8702289736615705,24.388111068359596,18.021088755598203,0.5,0.5,8,1.0553935088336361,1.0603540080801068,0.0,0.0,0.1833281533244579,0.0,0.09618001528381726,0.08714813804064064
959,1,0,1,0.07065191142760019,3.940880885089171,24.375330889086953,18.043048297832858,0.5,0.5,8,1.0694093585609574,1.0602299955989452,0.0,0.0,0.18495238588435042,0.0,0.09146740754345153,0.09348497834089892
960,1,0,1,0.07062612654177905,4.0,24.368259452718622,18.06960214950454,0.5,0.5,8,1.079941894976351,1.0604594796729954,0.0,0.0,0.18704090939382953,0.0,0.0923117674437691,0.09472914195006042
961,1,0,1,0.07074939582704083,4.0,24.36564713956406,18.036797322801462,0.5,0.5,8,1.0255294001979367,1.0609465400555793,0.0,0.0,0.1787562276463216,0.0,0.09348076096125132,0.08527546668507027
962,1,0,1,0.07071800311328419,4.0,24.372838728830697,18.012725670878584,0.5,0.5,8,1.0431810489028959,1.0600611115591383,0.0,0.0,0.18168538424201935,0.0,0.09498724165317451,0.08669814258884487
963,1,0,1,0.07060810697255518,4.0,24.36917727710268,18.04648998862477,0.5,0.5,8,1.0897419760108984,1.059639109992732,0.0,0.0,0.1889805120007481,0.0,0.09278507401122321,0.0961954379895249
964,1,0,1,0.07070003553862227,4.0,24.37844602811638,18.02380761965616,0.5,0.5,8,1.0469780636882795,1.0603916816431864,0.0,0.0,0.18239312950237882,0.0,0.0953233693750932,0.08706976012728565
965,1,0,0,-0.16937106366996613,3.830628936330034,24.372068079822334,18.05068828178809,0.5,0.5,8,1.0805590550321986,1.0600563411943136,0.0,0.0,0.18727699080564167,0.0,0.09245785587121354,0.09481913493442815
966,1,1,1,0.005631721440363118,3.836260657770397,24.364047188792984,18.076314767742968,0.5,0.5,8,1.0781745039657857,1.0605689090402608,0.0,1.5,0.1868575974944893,0.0,0.09214211415103724,0.09471548334345206
967,1,0,1,0.07073883578397475,3.906999493554372,24.365382720061326,18.045635708766937,0.5,0.5,8,1.0316655212057109,1.0610090489133988,0.0,0.0,0.17980775914484728,0.0,0.09410704927324691,0.08570070987160039
968,1,0,1,0.07068279443300356,3.9776822879873754,24.379041955229198,18.028583914255076,0.5,0.5,8,1.0568829013767194,1.0602754607207068,0.0,0.0,0.1838676806339931,0.0,0.09595676877615805,0.08791091185783503
969,1,0,1,0.07063274514635627,4.0,24.3713643024552,18.053833729674825,0.5,0.5,8,1.077762809382858,1.060190646737107,0.0,0.0,0.18665923495626574,0.0,0.09222179323418998,0.09443744172207574
970,1,0,1,0.07071688881494911,4.0,24.379745181836412,18.028863741336338,0.5,0.5,8,1.044040841845976,1.0606299508032508,0.0,0.0,0.18160861778505064,0.0,0.09515274834424055,0.08645586944081006
971,1,1,1,0.005702023738123203,4.0,24.39134961489992,18.00748176449429,0.5,0.5,8,1.050437679300778,1.060215223079319,0.0,1.5,0.18271298581431367,0.0,0.09567793451946571,0.08703505129484794
972,1,2,1,0.005710180768792336,4.0,24.397028115021293,17.985701743571504,0.5,0.5,8,1.04386926368344,1.0599707844848552,0.0,1.5,0.1817930802879455,0.0,0.0948192548019067,0.08697382548603884
973,1,0,1,0.0707022157529207,4.0,24.403950248555503,17.966150734921058,0.5,0.5,8,1.0469393713485835,1.0595682464648197,0.0,0.0,0.18235443817921007,0.0,0.09503876823772195,0.08731566994148811
974,1,0,1,0.07069255478801532,4.0,24.413418018738696,17.950177868642204,0.5,0.5,8,1.0527474284912535,1.0592525245869142,0.0,0.0,0.18300071605605495,0.0,0.09542624923387893,0.08757446682217598
975,1,0,0,-0.16930728716931537,3.8306927128306847,24.424262411330012,17.93450540826816,0.5,0.5,8,1.054261829401799,1.0590898971845224,0.0,0.0,0.1832805869905011,0.0,0.09570736372494396,0.08757322326555717
976,1,0,1,0.07064826258960175,3.9013409754202866,24.410634192577195,17.962578087631385,0.5,0.5,8,1.073413656100356,1.0589691954899543,0.0,0.0,0.1859611908461802,0.0,0.09146990255847602,0.09449128828770423
977,1,0,1,0.0707203593535518,3.9720613347738385,24.416468209830946,17.939812187408425,0.5,0.5,8,1.042398424036007,1.0593303070052145,0.0,0.0,0.1813556026891179,0.0,0.09492170284618033,0.08643389984293758
978,1,0,0,-0.16934567265376851,3.80271566212007,24.403540353158558,17.963961596205053,0.5,0.5,8,1.0701285620552246,1.058907009930984,0.0,0.0,0.18506790256055325,0.0,0.09155666756743074,0.09351123499312253
979,1,0,1,0.0706980250091463,3.8734136871292164,24.414067351553385,17.9435106605003,0.5,0.5,8,1.0492636114241674,1.0591875487340903,0.0,0.0,0.18235949329619744,0.0,0.09561408324382259,0.08674541005237488
980,1,0,1,0.07064334000463512,3.9440570271338515,24.40091036863597,17.975376064650252,0.5,0.5,8,1.0776478715338786,1.0589394503013423,0.0,0.0,0.18685418857140781,0.0,0.09152110351228278,0.09533308505912502
981,1,0,1,0.07063321651734399,4.0,24.39154259823304,18.003974683777972,0.5,0.5,8,1.0786380095569472,1.0594071608321558,0.0,0.0,0.18691945276426747,0.0,0.09205182233245027,0.09486763043181719
982,1,0,1,0.07066399263508691,4.0,24.374084395761304,18.025939579055105,0.5,0.5,8,1.0643946248556717,1.0598879320502754,0.0,0.0,0.18414231665012476,0.0,0.09080561466252791,0.09333670198759683
983,1,0,1,0.07064189756040272,4.0,24.364252604073712,18.049279991181276,0.5,0.5,8,1.0735092198089895,1.0600005993704102,0.0,0.0,0.1859653430994203,0.0,0.09190005029354123,0.09406529280587908
984,1,0,1,0.0706360277251416,4.0,24.356944230185327,18.072938608556033,0.5,0.5,8,1.0766885583677448,1.060338314881375,0.0,0.0,0.1865611120276487,0.0,0.09222405764347194,0.09433705438417676
985,1,1,1,0.005625793937515367,4.0,24.352658660853173,18.099161768133413,0.5,0.5,8,1.082684661213757,1.060747070968534,0.0,1.5,0.187848563450186,0.0,0.09267861183673393,0.09516995161345206
986,1,0,1,0.07074314080622723,4.0,24.35520856865662,18.065079184278332,0.5,0.5,8,1.0297628346730363,1.0612955107246647,0.0,0.0,0.17935259365407843,0.0,0.09423183227365409,0.08512076138042433
987,1,2,1,0.005715653931129276,4.0,24.363972933677466,18.04073679284719,0.5,0.5,8,1.0449291674130754,1.060507193823374,0.0,1.5,0.18170684303921886,0.0,0.09518487798250436,0.0865219650567145
988,1,0,1,0.07063718307715307,4.0,24.357455545614755,18.065203697325686,0.5,0.5,8,1.0780672595789016,1.0601177431631164,0.0,0.0,0.18677473663495328,0.0,0.09229060216832735,0.09448413446662596
989,1,1,1,0.005647106223212533,4.0,24.349305666244966,18.08454364031329,0.5,0.5,8,1.0717565446913224,1.0605664810735111,0.0,1.5,0.18542593780214792,0.0,0.09213457101963049,0.09329136678251741
990,1,0,1,0.07061995603520038,4.0,24.345006559999845,18.109361526218194,0.5,0.5,8,1.0813650123237375,1.0608462326639563,0.0,0.0,0.18739161213612737,0.0,0.09264119396946696,0.09475041816666038
991,1,0,1,0.0706332504175098,4.0,24.337619194458718,18.132284637043803,0.5,0.5,8,1.0768949474399379,1.061359202155451,0.0,0.0,0.18682009764078883,0.0,0.09216355052493655,0.09465654711585231
992,1,0,1,0.07061857567304855,4.0,24.33581158148381,18.157584345727045,0.5,0.5,8,1.0852396914958915,1.061747595787563,0.0,0.0,0.18833317604727612,0.0,0.09300290197931828,0.09533027406795784
993,1,0,1,0.07073283349877708,4.0,24.34052469504452,18.119481904703573,0.5,0.5,8,1.0289455707175157,1.0623348981802714,0.0,0.0,0.1792338714894999,0.0,0.09455359998459895,0.08468027150490094
994,1,0,1,0.070645001001075,4.0,24.329987340031565,18.13644132222411,0.5,0.5,8,1.067922227501279,1.0615001649937026,0.0,0.0,0.18494365441211888,0.0,0.09170378418020733,0.09323987023191155
995,1,2,1,0.0057099708916852985,4.0,24.33945800628912,18.109178864280477,0.5,0.5,8,1.0438689248703157,1.061660716556392,0.0,1.5,0.1814945083568056,0.0,0.09525911928368501,0.08623538907312057
996,1,0,1,0.07063699149158512,4.0,24.332931302057816,18.12925733937944,0.5,0.5,8,1.0747676926319023,1.0612159217642398,0.0,0.0,0.18611580832784216,0.0,0.09229811456464865,0.09381769376319354
997,1,0,1,0.07073359714718114,4.0,24.33430566496644,18.09388378641144,0.5,0.5,8,1.0275555259765532,1.0615547160359315,0.0,0.0,0.17923361371023488,0.0,0.09401955377234049,0.08521405993789437
998,1,0,1,0.07071420893557985,4.0,24.340131548388438,18.064731272400955,0.5,0.5,8,1.0373781056959577,1.060704736284447,0.0,0.0,0.18068615773220464,0.0,0.0947036252318027,0.08598253250040194
999,1,0,0,-0.16927456028798907,3.830725439712011,24.345624270314865,18.03411211078322,0.5,0.5,8,1.034995130828431,1.0601215705197349,0.0,0.0,0.1804071486483893,0.0,0.09465044574157416,0.08575670290681515
1000,1,0,0,-0.16929869700498676,3.6614267427070244,24.357475573815485,18.012954309428665,0.5,0.5,8,1.0501869116735167,1.0594934095274522,0.0,0.0,0.18266936726851923,0.0,0.09562240961663951,0.08704695765187971
1001,1,0,1,0.07071098464454943,3.732137727351574,24.367226389926856,17.989197570562723,0.5,0.5,8,1.045254824326531,1.059260747081104,0.0,0.0,0.18180597307735216,0.0,0.09535986230877991,0.0864461107685723
1002,1,0,1,0.07069325357890191,3.8028309809304757,24.3805004454006,17.96882399010921,0.5,0.5,8,1.0518110740324706,1.0589105990122394,0.0,0.0,0.1828497703334426,0.0,0.09592916507286608,0.08692060526057652
1003,1,0,1,0.07063918985709017,3.8734701707875656,24.37111193214693,17.995733028363787,0.5,0.5,8,1.0762536358886532,1.0587331108877454,0.0,0.0,0.1864067616485273,0.0,0.09197975052112198,0.09442701112740531
1004,1,0,0,-0.16929145476481747,3.704178716022748,24.381310742461114,17.97194710316861,0.5,0.5,8,1.0455840091317725,1.0591711240127681,0.0,0.0,0.18195190890613896,0.0,0.0954882547927928,0.08646365411334615
1005,1,0,1,0.07066611964670523,3.774844835669453,24.366718392440696,17.992108245369796,0.5,0.5,8,1.0644002383215156,1.058831446140743,0.0,0.0,0.18398589875133764,0.0,0.09118930768672456,0.09279659106461306
1006,1,0,1,0.07066647405753589,3.845511309726989,24.3498922888391,18.014313081632345,0.5,0.5,8,1.0643493986062103,1.0589706659452625,0.0,0.0,0.18439840299441856,0.0,0.09083980747160181,0.09355859552281678
1007,1,0,1,0.07069162639100768,3.9162029361179966,24.36311665312272,17.993549196700094,0.5,0.5,8,1.051565613613158,1.0591051342617863,0.0,0.0,0.1827173035310575,0.0,0.09582166437803705,0.08689563915302045
1008,1,0,0,-0.16928914570331918,3.7469137904146774,24.373943154910183,17.96871658686105,0.5,0.5,8,1.0449105381939867,1.0589166462455704,0.0,0.0,0.1817188895863442,0.0,0.09555074511750636,0.08616814446883783
1009,1,2,1,0.005705677012080512,3.752619467426758,24.38228010184249,17.948100544944005,0.5,0.5,8,1.0462873985595404,1.058566493544281,0.0,1.5,0.18213390687815673,0.0,0.09517718194135694,0.08695672493679982
1010,1,1,1,0.005653776871684702,3.758273244298443,24.36983082867098,17.97383319910351,0.5,0.5,8,1.0715428971576655,1.0582595161696622,0.0,1.5,0.18562467397487506,0.0,0.091528941693736,0.09409573228113904
1011,1,0,1,0.07067784396095747,3.8289510882594002,24.384295104336225,17.959547345359397,0.5,0.5,8,1.0587700226154908,1.0585916006943623,0.0,0.0,0.1841770547125982,0.0,0.09614605118739308,0.08803100352520517
1012,1,1,1,0.005700514645660402,3.8346516029050606,24.39420419429544,17.93689196821216,0.5,0.5,8,1.0458497740543717,1.0585960612423906,0.0,1.5,0.18188021450524358,0.0,0.0954668031381023,0.08641341136714129
1013,1,0,1,0.07065399808973588,3.9053056009947964,24.381890619910173,17.961869840637938,0.5,0.5,8,1.0709417021032,1.05827740406269,0.0,0.0,0.18537117609710074,0.0,0.09156505211152124,0.09380612398557947
1014,1,0,1,0.07065354125892317,3.9759591422537195,24.3707258549476,17.983456186369434,0.5,0.5,8,1.0690155922826274,1.058594011513703,0.0,0.0,0.1850307474662141,0.0,0.09174716497988397,0.09328358248633012
1015,1,0,1,0.07070636582618663,4.0,24.378466231923692,17.960811336402536,0.5,0.5,8,1.043950078042121,1.0588545510329261,0.0,0.0,0.1816218639747863,0.0,0.09509960209839162,0.0865222618763947
1016,1,0,1,0.07072125539542488,4.0,24.385373165649554,17.93476751372487,0.5,0.5,8,1.0393450502563426,1.058481939208156,0.0,0.0,0.1807261259467391,0.0,0.09497062268444055,0.08575550326229853
1017,1,0,1,0.07065226265542665,4.0,24.371215262241236,17.960934790617827,0.5,0.5,8,1.0700128904690018,1.0580035169843605,0.0,0.0,0.185245577196212,0.0,0.09125702287321723,0.09398855432299477
1018,1,0,1,0.07063308642103515,4.0,24.363782338578346,17.987916047702306,0.5,0.5,8,1.0778520847430726,1.0583037513214766,0.0,0.0,0.1866039838386543,0.0,0.09227535420560791,0.09432862963304639
1019,1,0,1,0.07063031715886875,4.0,24.355745593181496,18.01432331820439,0.5,0.5,8,1.0771629847622468,1.0587924596570164,0.0,0.0,0.18660501967040774,0.0,0.09212683208957813,0.09447818758082957
1020,1,0,1,0.07061766841847747,4.0,24.35112194185599,18.038816438361504,0.5,0.5,8,1.079121191616256,1.0592517227846474,0.0,0.0,0.18668701659755021,0.0,0.09264296815554487,0.09404404844200534
1021,1,0,0,-0.16931413943211987,3.83068586056788,24.36522273963763,18.01476926245447,0.5,0.5,8,1.0498020813800482,1.0597484595054372,0.0,0.0,0.18247468879799827,0.0,0.09606201355305849,0.08641267524493979
1022,1,0,1,0.07063500828835122,3.901320868856231,24.355661123372904,18.038013917816443,0.5,0.5,8,1.0731828391495446,1.0594998000523028,0.0,0.0,0.18604458251090575,0.0,0.091946598484496,0.09409798402640972
1023,1,0,0,-0.16926457491085045,3.7320562939453805,24.35695171872235,18.00422877076018,0.5,0.5,8,1.0273473243229116,1.0598418760297337,0.0,0.0,0.1790208138934208,0.0,0.09406628758462976,0.08495452630879104
1024,1,0,0,-0.16929493624091257,3.8307050637590874,24.367392410724428,17.98010862674139,0.5,0.5,9,1.0453500602203567,1.0590295122370632,0.0,0.0,0.18185209095023658,0.0,0.09545889572368121,0.0863931952265554
1025,1,0,1,0.07064149207786312,3.9013465558369504,24.354472732057282,18.005156381367293,0.5,0.5,9,1.0708156018954038,1.0586875259366455,0.0,0.0,0.1855852477047485,0.0,0.09141942314501081,0.09416582455973765
1026,1,0,0,-0.16937082487675817,3.731975730960192,24.34648803641941,18.03043460544174,0.5,0.5,9,1.0762842562721868,1.0589907278356145,0.0,0.0,0.18667271773722774,0.0,0.09213652444370765,0.09453619329352006
1027,1,0,1,0.07063015770013434,3.8026058886603264,24.339799988257518,18.05323997108235,0.5,0.5,9,1.0755403835252444,1.059423066046529,0.0,0.0,0.18641228568911375,0.0,0.09229524172516719,0.09411704396394655
1028,1,0,1,0.07065808560419173,3.873263974264518,24.326088500170357,18.070515173840832,0.5,0.5,9,1.063389713654824,1.0598259989834966,0.0,0.0,0.18403673114914998,0.0,0.0912057887598865,0.09283094238926351
1029,1,0,1,0.07068479479229216,3.94394876905681,24.341088359858396,18.045613099951133,0.5,0.5,9,1.0500128776486202,1.0599150918502798,0.0,0.0,0.18241877683963004,0.0,0.09605634293257893,0.08636243390705109
1030,1,0,1,0.07064383895412596,4.0,24.332016814555686,18.06338409435408,0.5,0.5,9,1.068366985595476,1.0596675364952384,0.0,0.0,0.18509403714746728,0.0,0.09197802743270454,0.09311600971476275
1031,1,0,1,0.07062485171791136,4.0,24.32596074746817,18.084028311845778,0.5,0.5,9,1.074473173126925,1.0598850227227443,0.0,0.0,0.1860620686307009,0.0,0.092345143799936,0.0937169248307649
1032,1,0,1,0.0707255274312926,4.0,24.329367349411843,18.05045061965073,0.5,0.5,9,1.0300786362314707,1.0602497264828488,0.0,0.0,0.17941538846216037,0.0,0.09431302426349995,0.08510236419866046
1033,1,0,1,0.07073752466449393,4.0,24.332767063437792,18.01571511292608,0.5,0.5,9,1.0281596565278683,1.0594954492265645,0.0,0.0,0.17900137165341695,0.0,0.09428984688765871,0.08471152476575824
1034,1,0,1,0.07070642469105924,4.0,24.34322399284963,17.991286373853647,0.5,0.5,9,1.044740244748497,1.058712054409097,0.0,0.0,0.18183759471045705,0.0,0.09538608907647297,0.08645150563398406
1035,1,0,1,0.07070264817373077,4.0,24.35251431195873,17.96873552768916,0.5,0.5,9,1.0451022321121959,1.058362759167582,0.0,0.0,0.18164014493477798,0.0,0.0952592583179534,0.08638088661682457
1036,1,0,1,0.07062752101488137,4.0,24.34671331294809,17.998157607602472,0.5,0.5,9,1.0816523268938685,1.0580312459911974,0.0,0.0,0.187565378431346,0.0,0.09242376927795616,0.09514160915338982
1037,1,0,1,0.07070848306188948,4.0,24.353922025394837,17.973697652270154,0.5,0.5,9,1.0413705301281952,1.0586217730137641,0.0,0.0,0.1812185991910838,0.0,0.09492736431300904,0.08629123487807476
1038,1,0,0,-0.16928717562357,3.83071282437643,24.36157504960505,17.950518953617085,0.5,0.5,9,1.0426648174987678,1.058190491941625,0.0,0.0,0.18159254063062671,0.0,0.09503311476834793,0.08655942586227877
1039,1,0,1,0.07066070114659243,3.9013735255230224,24.347564077114818,17.97250734809071,0.5,0.5,9,1.0657797720639448,1.0578023500805536,0.0,0.0,0.18422001014909845,0.0,0.09116010398184142,0.09305990616725704
1040,1,0,0,-0.1693527163305662,3.732020809192456,24.337195594303576,17.999191392275645,0.5,0.5,9,1.0743173470038334,1.0580017856301382,0.0,0.0,0.18614968022849326,0.0,0.09168325669557899,0.09446642353291429
1041,1,0,1,0.07072309332460636,3.8027439025170624,24.345254385575554,17.97311740401446,0.5,0.5,9,1.0403944776752725,1.0584096746644807,0.0,0.0,0.18102302610193866,0.0,0.095034324184727,0.08598870191721165
1042,1,0,1,0.07065380411602123,3.873397706633084,24.33512828533558,17.99488451026911,0.5,0.5,9,1.0696003007544217,1.0579592947397505,0.0,0.0,0.18500724036440971,0.0,0.0917569867070537,0.09325025365735604
1043,1,0,1,0.07072413153454812,3.9441218381676317,24.34099688130022,17.97036739186859,0.5,0.5,9,1.0396017974542464,1.0582503198901172,0.0,0.0,0.18112161548806888,0.0,0.09466785682826281,0.08645375865980605
1044,1,0,1,0.07065817804747139,4.0,24.330363350936448,17.990251559067858,0.5,0.5,9,1.0670347436647099,1.0577841068292204,0.0,0.0,0.18453721798779538,0.0,0.09167924735246086,0.0928579706353345
1045,1,0,0,-0.16929360095978932,3.830706399040211,24.340428482077876,17.965343721305924,0.5,0.5,9,1.0431726661296035,1.0580153727501078,0.0,0.0,0.18123644809959752,0.0,0.09529460880766655,0.08594183929193097
1046,1,0,0,-0.16934553554530224,3.6613608634949086,24.3297344016367,17.988285108748205,0.5,0.5,9,1.069891612085696,1.0576443050845952,0.0,0.0,0.18532523610920662,0.0,0.09161109492608502,0.0937141411831216
1047,1,0,1,0.0706594901184362,3.7320203536133447,24.316977334660127,18.009995631202493,0.5,0.5,9,1.0669039432373415,1.0579504877596226,0.0,0.0,0.18478633734879538,0.0,0.09131215349103021,0.09347418385776515
1048,1,0,1,0.0706539429841858,3.8026742965975306,24.308621176509227,18.03097173328792,0.5,0.5,9,1.070794268081094,1.0581743241465658,0.0,0.0,0.18548802817062843,0.0,0.09194080196258994,0.09354722620803849
1049,1,0,1,0.07064884001145859,3.873323136608989,24.301782953624574,18.055696673203823,0.5,0.5,9,1.0763765397761755,1.0584898227449286,0.0,0.0,0.18668250887355672,0.0,0.09205109171765324,0.09463141715590348
1050,1,0,1,0.07064334468564534,3.9439664812946345,24.294972425085476,18.07731756058564,0.5,0.5,9,1.0737473495134295,1.05893699067071,0.0,0.0,0.18600288145020513,0.0,0.09206042674840587,0.09394245470179924
1051,1,1,0,-0.23436298096549857,3.709603500329136,24.28963926788469,18.09640886766377,0.5,0.5,9,1.073065399519123,1.059307249641778,0.0,1.5,0.18592535270569854,0.0,0.09233411528347751,0.093591237422221
1052,1,0,1,0.07064873446780728,3.780252234796943,24.280219207720855,18.11526118468316,0.5,0.5,9,1.0690834602442674,1.0596512033887113,0.0,0.0,0.1854166760508657,0.0,0.09169548159649804,0.09372119445436766
1053,1,0,1,0.07075761613711107,3.8510098509340542,24.280552874731086,18.079336437741098,0.5,0.5,9,1.0242959298782703,1.0598870098101005,0.0,0.0,0.17853850084539158,0.0,0.09364173648397256,0.08489676436141905
1054,1,0,1,0.07066321061107123,3.9216730615451256,24.270825813883995,18.095685364093566,0.5,0.5,9,1.0656190983171827,1.0589972328118047,0.0,0.0,0.18451790313786012,0.0,0.09160634209630346,0.09291156104155665
1055,1,0,1,0.07078369136560421,3.99245675291073,24.266191276580827,18.05481574315282,0.5,0.5,9,1.013658621205523,1.0591627794494392,0.0,0.0,0.1768352883623653,0.0,0.09288311380704511,0.0839521745553202
1056,1,0,0,-0.16928813595660255,3.8231686169541272,24.279766030490894,18.031015709849186,0.5,0.5,9,1.0477998960997716,1.0580251754933414,0.0,0.0,0.18231187798655835,0.0,0.09560869456203276,0.08670318342452561
1057,1,0,1,0.0707224729684699,3.8938910899225974,24.292135592712626,18.004943186195646,0.5,0.5,9,1.044066582076697,1.057769543508502,0.0,0.0,0.18154235684947945,0.0,0.09546033900939736,0.08608201784008208
1058,1,0,1,0.07074222359887167,3.964633313521469,24.29845666053299,17.974894328268768,0.5,0.5,9,1.0336991793661923,1.057426969472707,0.0,0.0,0.17998942544966237,0.0,0.09460364331545447,0.08538578213420792
1059,1,0,1,0.07077131334148597,4.0,24.294048408576614,17.946458395298716,0.5,0.5,9,1.0239895897936155,1.0568337747200438,0.0,0.0,0.17848088504473264,0.0,0.09292963484174294,0.0855512502029897
1060,1,0,1,0.07072039825165627,4.0,24.30472682948851,17.92367896691274,0.5,0.5,9,1.0439116626228029,1.0560126700968833,0.0,0.0,0.18154489518160896,0.0,0.09521633517373927,0.08632856000786969
1061,1,0,0,-0.1692754092585931,3.830724590741407,24.31405402390938,17.900751323668096,0.5,0.5,9,1.0421096960862597,1.0557101449100312,0.0,0.0,0.1812026386948684,0.0,0.09504857808606096,0.08615406060880747
1062,1,0,1,0.07064570441598574,3.9013702951573928,24.307049778608867,17.933258565824737,0.5,0.5,9,1.0808731305455677,1.0553701336894368,0.0,0.0,0.1872194726754362,0.0,0.09198795082508701,0.09523152185034921
1063,1,0,1,0.07064662196688981,3.9720169171242827,24.29946131307283,17.961268821414016,0.5,0.5,9,1.0764294986640786,1.0560077086108401,0.0,0.0,0.18667649549178678,0.0,0.09197065129882995,0.09470584419295686
1064,1,0,1,0.07072776065286333,4.0,24.308194073616708,17.935205884899542,0.5,0.5,9,1.0391880773915763,1.0565182533621713,0.0,0.0,0.18078920232256637,0.0,0.09498247287885497,0.08580672944371139
1065,1,0,1,0.07073017005962938,4.0,24.31642154809704,17.91011974660293,0.5,0.5,9,1.039226335146624,1.0560849989629064,0.0,0.0,0.18090962641377392,0.0,0.09495322044053843,0.08595640597323549
1066,1,0,1,0.07073496995645812,4.0,24.321209229354196,17.887488601583396,0.5,0.5,9,1.037820068605117,1.0556635323674994,0.0,0.0,0.18078814976411609,0.0,0.09441921282169918,0.08636893694241692
1067,1,0,1,0.07064610085825247,4.0,24.313928499493606,17.916241612413273,0.5,0.5,9,1.076689726742737,1.0552174457734398,0.0,0.0,0.18638847871440983,0.0,0.09202122475814127,0.09436725395626858
1068,1,0,1,0.0706435876348566,4.0,24.30908047021223,17.94545226119394,0.5,0.5,9,1.0801168722969559,1.055754252797672,0.0,0.0,0.18719777388337824,0.0,0.0923683863389055,0.09482938754447276
1069,1,0,1,0.07069281566847248,4.0,24.325549412271858,17.924955108939823,0.5,0.5,9,1.0523351080906669,1.0563633182851542,0.0,0.0,0.1829636097827195,0.0,0.09618380798249644,0.08677980180022304
1070,1,0,0,-0.1692647850651912,3.830735214934809,24.33176211959529,17.9006769771605,0.5,0.5,9,1.0381971885744068,1.0562626130302921,0.0,0.0,0.18073951154201487,0.0,0.0946902359782905,0.08604927556372437
1071,1,0,1,0.0706621317351184,3.901397346669927,24.32058711063229,17.927090683333425,0.5,0.5,9,1.0710496746288127,1.0558109774188948,0.0,0.0,0.1856458868382152,0.0,0.09153560619859866,0.09411028063961652
1072,1,0,0,-0.169300436540101,3.732096910129826,24.334005935946436,17.909494020896354,0.5,0.5,9,1.0520141077262242,1.056191944849143,0.0,0.0,0.18286194296219954,0.0,0.09575346026544095,0.0871084826967586
1073,1,0,1,0.07071888279628659,3.8028157929261126,24.344802874686508,17.888147253904044,0.5,0.5,9,1.0455376706688293,1.05608749892107,0.0,0.0,0.1818799230560637,0.0,0.0953988402654773,0.08648108279058644
1074,1,0,1,0.07066504062390926,3.8734808335500217,24.333422328914068,17.91015259086057,0.5,0.5,9,1.066448544398849,1.0558237532147638,0.0,0.0,0.1842026861930697,0.0,0.09149986386672046,0.09270282232634923
1075,1,0,1,0.07071120845925963,3.9441920420092815,24.34646992991876,17.890426409025338,0.5,0.5,9,1.0494107921638287,1.0560893729943661,0.0,0.0,0.18249150625539387,0.0,0.09573433696469322,0.08675716929070064
1076,1,0,1,0.07071100794173205,4.0,24.358009265107484,17.872053529825234,0.5,0.5,9,1.049088864462218,1.0559224084736027,0.0,0.0,0.18247975931213933,0.0,0.09555156537951019,0.08692819393262917
1077,1,0,1,0.07066590732786648,4.0,24.342317665839964,17.897845977004245,0.5,0.5,9,1.0658524177848099,1.055751569873318,0.0,0.0,0.18453715780150012,0.0,0.09091387509974354,0.09362328270175657
1078,1,0,1,0.0706904753858399,4.0,24.357412934144698,17.882481386206557,0.5,0.5,9,1.0557347685781524,1.0560040910711053,0.0,0.0,0.18353370351766882,0.0,0.09608039006119692,0.08745331345647187
1079,1,0,1,0.07064044769829524,4.0,24.35163646865588,17.91342284651059,0.5,0.5,9,1.0811623528239944,1.0559973580087814,0.0,0.0,0.18721737068664226,0.0,0.09235188715971152,0.09486548352693072
1080,1,0,1,0.07065395188743237,4.0,24.342801950590918,17.938855323444024,0.5,0.5,9,1.0732244417476315,1.0566264828791616,0.0,0.0,0.18576491617827307,0.0,0.09192875526917338,0.09383616090909969
1081,1,0,0,-0.16934202203253185,3.8306579779674683,24.32915875505715,17.962491537670324,0.5,0.5,9,1.0670344505434124,1.0570414318508736,0.0,0.0,0.18482402563630182,0.0,0.09122009567058549,0.09360392996571631
1082,1,0,1,0.07066290017967738,3.901320878147146,24.31737248885204,17.982946383162133,0.5,0.5,9,1.0659598366048844,1.057291257318187,0.0,0.0,0.18461423207439845,0.0,0.09149235373039348,0.09312187834400498
1083,1,0,1,0.07071561466925853,3.9720364928164043,24.329560725907776,17.955627713624587,0.5,0.5,9,1.042377539318545,1.0575079718003546,0.0,0.0,0.18127283303631078,0.0,0.09556756087087818,0.08570527216543261
1084,1,0,1,0.07065256978510023,4.0,24.319046894064122,17.976494514180196,0.5,0.5,9,1.0674826797002614,1.0571297109883093,0.0,0.0,0.18481500246344668,0.0,0.09164704509348927,0.09316795736995741
1085,1,0,1,0.07064255533777537,4.0,24.312026376221247,18.001253262508804,0.5,0.5,9,1.0751267656918402,1.0573885352061079,0.0,0.0,0.18622809109645952,0.0,0.09212395443560042,0.0941041366608591
1086,1,0,1,0.0707305477790585,4.0,24.317171227090366,17.974575337128933,0.5,0.5,9,1.036298916457498,1.0578319909682514,0.0,0.0,0.1805977367323542,0.0,0.0944851515510177,0.08611258518133652
1087,1,0,1,0.07063354080323168,4.0,24.313343635576757,18.00003682452534,0.5,0.5,9,1.0789275599882773,1.0572936641054824,0.0,0.0,0.18686543632444919,0.0,0.09254753872521808,0.09431789759923112
1088,1,1,0,-0.23438449009014728,3.7656155099098525,24.311190854531496,18.028247966705344,0.5,0.5,9,1.0838928726372985,1.0578345115025525,0.0,1.5,0.18784515101822238,0.0,0.09285574297168683,0.09498940804653555
1089,1,0,1,0.07064100577604089,3.836256515685893,24.304006510999848,18.048409019159614,0.5,0.5,9,1.0714626794535445,1.058485970530921,0.0,0.0,0.18578150772616592,0.0,0.0920346411100135,0.09374686661615239
1090,1,0,1,0.0706345102812964,3.9068910259671896,24.297686654558696,18.07115733959811,0.5,0.5,9,1.0752388522513305,1.0588103882539865,0.0,0.0,0.1864207766306667,0.0,0.09214184406874018,0.09427893256192649
1091,1,0,1,0.0706358105487334,3.977526836515923,24.29435587016078,18.089567054418524,0.5,0.5,9,1.0743000302764134,1.0592210998539202,0.0,0.0,0.1860781087723342,0.0,0.0926565063545093,0.09342160241782488
1092,1,0,1,0.07072836336101167,4.0,24.3039048837502,18.056487812984987,0.5,0.5,9,1.0360678452703675,1.0595980731144823,0.0,0.0,0.18028315712972973,0.0,0.09512383737718118,0.08515931975254852
1093,1,0,0,-0.16925563668140503,3.830744363318595,24.308148417979034,18.024638403407614,0.5,0.5,9,1.031403942069843,1.0590098174183797,0.0,0.0,0.17970960743689074,0.0,0.09431392016662563,0.08539568727026511
1094,1,0,1,0.07065600826352351,3.9014003715821186,24.29958834462071,18.046030936283323,0.5,0.5,9,1.071152130052055,1.0583196705346662,0.0,0.0,0.185725034291501,0.0,0.09176360330565111,0.09396143098584989
1095,1,0,1,0.07071418675940842,3.972114558341527,24.31185017948316,18.02280464625882,0.5,0.5,9,1.0476760268605438,1.058640482022601,0.0,0.0,0.18221338051185568,0.0,0.09548882672060516,0.08672455379125053
1096,1,0,1,0.07071418193383616,4.0,24.32320427280898,17.9946981657717,0.5,0.5,9,1.04161398348225,1.0583663706435495,0.0,0.0,0.18104774681953917,0.0,0.09546843735796803,0.08557930946157116
1097,1,0,1,0.07064195481711484,4.0,24.31544914191811,18.018077630943083,0.5,0.5,9,1.0735718952450295,1.057947560964517,0.0,0.0,0.18603721206502125,0.0,0.09203382645580518,0.09400338560921608
1098,1,1,0,-0.23426742895548788,3.765732571044512,24.321832571664014,17.987504570598464,0.5,0.5,9,1.0341485387228182,1.05833816932153,0.0,1.5,0.18000085014636683,0.0,0.09473194983611948,0.08526890031024735
1099,1,0,1,0.07070822699815665,3.8364407980426685,24.333308432196105,17.96424755353066,0.5,0.5,9,1.0459522720208478,1.057733428556562,0.0,0.0,0.18188021937707227,0.0,0.09552291043754677,0.0863573089395255
1100,1,0,1,0.07063985827603447,3.907080656318703,24.32566136650331,17.990549211159095,0.5,0.5,9,1.076093491578812,1.0574388996431692,0.0,0.0,0.18643591137424226,0.0,0.09208147488824318,0.09435443648599907
1101,1,0,1,0.07073712653622094,3.977817782854924,24.330317919429106,17.96047250609812,0.5,0.5,9,1.0324851123063818,1.05790526444156,0.0,0.0,0.17973063078214752,0.0,0.09447750889634547,0.08525312188580206
1102,1,0,1,0.07073655558204808,4.0,24.33438579582421,17.933541260858625,0.5,0.5,9,1.034406391793791,1.057269760638181,0.0,0.0,0.17992265039483782,0.0,0.09440308419525995,0.08551956619957787
1103,1,0,1,0.07069139209483029,4.0,24.35009429646145,17.9167166482826,0.5,0.5,9,1.0555820644782763,1.056698176417071,0.0,0.0,0.18359414595849796,0.0,0.09614022302638112,0.08745392293211689
1104,1,0,1,0.0706632696945164,4.0,24.335699414837958,17.94114079683586,0.5,0.5,9,1.0666995405483768,1.056670273618601,0.0,0.0,0.1848112117725446,0.0,0.09114023625655215,0.09367097551599246
1105,1,2,1,0.005745257203660388,4.0,24.339241458837517,17.909917594811613,0.5,0.5,9,1.0292398472671564,1.0569210052918456,0.0,1.5,0.17944121660153142,0.0,0.09433761731754076,0.08510359928399068
1106,1,0,1,0.07068382836857293,4.0,24.355506245127444,17.895439984777127,0.5,0.5,9,1.058016152596672,1.0562289763412285,0.0,0.0,0.18383611061022534,0.0,0.09627000478197933,0.08756610582824603
1107,1,0,1,0.07075175987796217,4.0,24.35530697343951,17.86775214434537,0.5,0.5,9,1.0283865436279198,1.0562736557476144,0.0,0.0,0.17927334847634913,0.0,0.09382039299893334,0.08545295547741576
1108,1,0,1,0.07073113933943251,4.0,24.35994879005184,17.848120581822315,0.5,0.5,9,1.040586732033892,1.055576477944622,0.0,0.0,0.18126592491007887,0.0,0.09454258382209603,0.08672334108798285
1109,1,0,1,0.07072870398188584,4.0,24.366420233801726,17.8262407815514,0.5,0.5,9,1.0397933777758286,1.0552017342968538,0.0,0.0,0.18092610394657546,0.0,0.09484551633528285,0.0860805876112926
1110,1,2,1,0.005658949294287802,4.0,24.354508584996637,17.853477888605898,0.5,0.5,9,1.0701419836332429,1.0548165253838282,0.0,1.5,0.18514995430500458,0.0,0.09156585778532232,0.09358409651968223
1111,1,0,1,0.07064149483686359,4.0,24.345812235456336,17.884994276029204,0.5,0.5,9,1.0780196997230593,1.0551996618400636,0.0,0.0,0.1867499541474872,0.0,0.09198244418468872,0.09476750996279848
1112,1,0,1,0.07064562813066087,4.0,24.33838304539004,17.910904959241588,0.5,0.5,9,1.0742516559332258,1.0557701627871383,0.0,0.0,0.18567444307027622,0.0,0.09213185736237814,0.09354258570789811
1113,1,0,1,0.07071475242860406,4.0,24.34759129895549,17.889612423258107,0.5,0.5,9,1.0441479176977633,1.0562322001157907,0.0,0.0,0.1817656837696607,0.0,0.09518238633815981,0.08658329743150092
1114,1,0,1,0.07065251186479343,4.0,24.337048505912758,17.91670701370674,0.5,0.5,9,1.072481890461244,1.05593009305534,0.0,0.0,0.18571750393637254,0.0,0.09164030154880927,0.09407720238756326
1115,1,0,1,0.07072101915856754,4.0,24.34449716839664,17.89612616812737,0.5,0.5,9,1.0432117048949983,1.0563438879904876,0.0,0.0,0.18139011247477876,0.0,0.09488419361397991,0.08650591886079885
1116,1,0,1,0.07073287902994037,4.0,24.350578482997314,17.874786655542557,0.5,0.5,9,1.0407573854289567,1.0560155834131004,0.0,0.0,0.18107442983948363,0.0,0.09471112434654819,0.08636330549293544
1117,1,0,1,0.07073417877679469,4.0,24.356003355420064,17.851972902053923,0.5,0.5,9,1.0382452473976183,1.0556341284634967,0.0,0.0,0.18072424054479208,0.0,0.09467055397709685,0.08605368656769521
1118,1,0,1,0.07074213529440124,4.0,24.35747277547902,17.829870693543338,0.5,0.5,9,1.0345666179852206,1.05519940643685,0.0,0.0,0.18021796379145702,0.0,0.09408481253772248,0.08613315125373458
1119,1,0,1,0.07066695262072036,4.0,24.342605447257476,17.85799316822043,0.5,0.5,9,1.067938733181102,1.054683586725559,0.0,0.0,0.18490515175711303,0.0,0.09104223973337296,0.09386291202374009
1120,1,0,1,0.07071148048194964,4.0,24.352775763573646,17.839599825384337,0.5,0.5,9,1.046791938867029,1.0550149653869476,0.0,0.0,0.18207906224313114,0.0,0.09535647881696246,0.08672258342616868
1121,1,0,1,0.07067510171498192,4.0,24.339090664907786,17.86346691446208,0.5,0.5,9,1.0649913801358326,1.0548093897239497,0.0,0.0,0.1841317565401527,0.0,0.09119394649931564,0.09293781004083707
1122,1,0,1,0.07072501201714301,4.0,24.344984645050708,17.842562403031838,0.5,0.5,9,1.0400534081969237,1.0550639394842467,0.0,0.0,0.1810670922262114,0.0,0.09469198686564362,0.0863751053605678
1123,1,0,1,0.07066106902980177,4.0,24.331951598050736,17.870804425935845,0.5,0.5,9,1.0698976521061008,1.0546886762020637,0.0,0.0,0.18511579936815795,0.0,0.09130763145108013,0.0938081679170778
1124,1,0,1,0.07065917811085136,4.0,24.32173287237422,17.898289736068776,0.5,0.5,9,1.0723354850560796,1.0550689005996645,0.0,0.0,0.1856353047008772,0.0,0.09164950951832865,0.09398579518254854
1125,1,0,1,0.07064950280229335,4.0,24.312718353367313,17.925508860478963,0.5,0.5,9,1.073705170614351,1.0555005652110752,0.0,0.0,0.18596244946347587,0.0,0.09180866633486257,0.09415378312861328
1126,1,0,1,0.07070936929472689,4.0,24.324362621913505,17.904468890312597,0.5,0.5,9,1.0465599787259827,1.055955680346157,0.0,0.0,0.18204944389539815,0.0,0.09551423025773906,0.08653521363765904
1127,1,0,1,0.07064224040723174,4.0,24.319117608899923,17.93153661001228,0.5,0.5,9,1.0775434944917557,1.0557207878056525,0.0,0.0,0.18669466864359172,0.0,0.09241615615788244,0.09427851248570929
1128,1,0,1,0.07062336523085383,4.0,24.31431316368026,17.963061141619107,0.5,0.5,9,1.0829864418599744,1.0562663554728051,0.0,0.0,0.18788032432751747,0.0,0.09247467449881763,0.09540564982869984
1129,1,1,0,-0.23424224752068593,3.765757752479314,24.3170813392891,17.929856737741844,0.5,0.5,9,1.0264981293640565,1.0569343576324843,0.0,1.5,0.17880361058628425,0.0,0.09413025162080799,0.08467335896547624
1130,1,0,0,-0.1693110728770856,3.5964466796022285,24.333984435330628,17.913344889885,0.5,0.5,9,1.0565647001104592,1.0561734519257737,0.0,0.0,0.18367279260196187,0.0,0.09630123743644076,0.0873715551655211
1131,1,0,1,0.07072024169563296,3.6671669212978615,24.345093825761516,17.891722407407403,0.5,0.5,9,1.0456701410836788,1.0561832331303909,0.0,0.0,0.18192160933061946,0.0,0.09548402535428235,0.08643758397633712
1132,1,0,1,0.0707304529105318,3.7378973742083934,24.349248844927665,17.868341444810387,0.5,0.5,9,1.0366944623983585,1.055920405829223,0.0,0.0,0.1803039655157378,0.0,0.09444145604124145,0.08586250947449635
1133,1,2,1,0.005725107588993695,3.743622481797387,24.355298928554124,17.846214195104544,0.5,0.5,9,1.039362591164067,1.0554397572434513,0.0,1.5,0.18094001193981973,0.0,0.09473466857406966,0.08620534336575009
1134,1,0,1,0.07070453050152493,3.814327012298912,24.36739893258064,17.82696696329451,0.5,0.5,9,1.047890600307952,1.055037828091467,0.0,0.0,0.18224928901861415,0.0,0.09566124213123459,0.08658804688737955
1135,1,0,1,0.07064283027744873,3.884969842576361,24.359662356448943,17.857773022559233,0.5,0.5,9,1.0779286305299,1.054859147396879,0.0,0.0,0.18655966110784122,0.0,0.0921510800302373,0.09440858107760391
1136,1,0,1,0.07069462812368407,3.9556644707000452,24.373574190131848,17.844007214753557,0.5,0.5,9,1.0555819103524338,1.0554358844752043,0.0,0.0,0.183425803319885,0.0,0.09595993696930862,0.08746586635057639
1137,1,0,1,0.0706916738970261,4.0,24.387697814502765,17.828702722344403,0.5,0.5,9,1.0542586670838978,1.055439535122135,0.0,0.0,0.1831834723325212,0.0,0.09608534960875424,0.08709812272376696
1138,1,0,1,0.07063502873409692,4.0,24.378519559895096,17.861485902614987,0.5,0.5,9,1.0790149390840988,1.055410013421179,0.0,0.0,0.18686238942333963,0.0,0.09201171115087096,0.09485067827246865
1139,1,0,1,0.07063547815868422,4.0,24.371222563562725,17.8930713428927,0.5,0.5,9,1.0802885805080913,1.0560001365627523,0.0,0.0,0.18698927805298943,0.0,0.09217740863086599,0.09481186942212347
1140,1,0,1,0.07061080193666305,4.0,24.3683276271032,17.924496869450586,0.5,0.5,9,1.0851379377597414,1.0566073476613858,0.0,0.0,0.18794107606745558,0.0,0.09294154015952473,0.09499953590793084
1141,1,0,1,0.07072776143318042,4.0,24.372341102987164,17.898079035851964,0.5,0.5,9,1.0349162546991901,1.0573206124138446,0.0,0.0,0.17999043954659638,0.0,0.09454056341152525,0.08544987613507112
1142,1,2,0,-0.23430367906192626,3.7656963209380736,24.385077123154264,17.880012795512954,0.5,0.5,9,1.0514302832990674,1.0567605034709784,0.0,1.5,0.18276992584764398,0.0,0.09586227653684716,0.08690764931079682
1143,1,0,0,-0.1693463685906812,3.5963499523473925,24.371888987441505,17.906994035508433,0.5,0.5,9,1.0704203522493996,1.0566272479666807,0.0,0.0,0.18527606972548022,0.0,0.09142198253993329,0.09385408718554691
1144,1,0,1,0.07064718828756639,3.666997140634959,24.36523379081892,17.934701034273168,0.5,0.5,9,1.0780238777159017,1.0569720755737486,0.0,0.0,0.1867779819545981,0.0,0.09234974430130136,0.09442823765329678
1145,1,0,1,0.07065030206810548,3.7376474427030644,24.35263533108669,17.95994555368168,0.5,0.5,9,1.0701444303035887,1.0574983706273025,0.0,0.0,0.18520153642570342,0.0,0.09145646339135097,0.09374507303435245
1146,1,0,1,0.07064076009765954,3.808288202800724,24.346160207774464,17.982621235115516,0.5,0.5,9,1.0740150802408168,1.0578145221192095,0.0,0.0,0.1858567876932587,0.0,0.09237640361058848,0.09348038408267026
1147,1,0,1,0.07068701807992508,3.878975220880649,24.362558766903888,17.9608471753967,0.5,0.5,9,1.0528440354828563,1.0582195360722495,0.0,0.0,0.1828695358981625,0.0,0.09633494715340368,0.0865345887447588
1148,1,0,0,-0.16937066028063427,3.7096045606000145,24.357290052647897,17.98922414375017,0.5,0.5,9,1.081193402655001,1.0580851485575147,0.0,0.0,0.18751750440467893,0.0,0.0925173875967114,0.09500011680796752
1149,1,0,1,0.07070840462847387,3.7803129652284886,24.368087169203967,17.964735512462504,0.5,0.5,9,1.044971340178345,1.0586628549099517,0.0,0.0,0.18171303435184308,0.0,0.09552698548460464,0.08618604886723846
1150,1,0,1,0.07060718111281075,3.8509201463412994,24.373797325122318,17.997572857689264,0.5,0.5,9,1.096868068186775,1.0583205670416618,0.0,0.0,0.19049102713096144,0.0,0.09428980046090424,0.09620122667005723
1151,1,0,1,0.0706482506980106,3.92156839703931,24.36086469023182,18.018877082059156,0.5,0.5,9,1.0676558440496853,1.0592842545702896,0.0,0.0,0.18504742677041017,0.0,0.09141762525196757,0.09362980151844259
1152,1,0,1,0.07072032417454134,4.0,24.365977884613862,17.990654742920334,0.5,0.5,10,1.0363843995504942,1.0594935443072746,0.0,0.0,0.18050278571840087,0.0,0.0946648704741558,0.08583791524424508
1153,1,1,1,0.0056223864285757106,4.0,24.360432264487933,18.01652769823405,0.5,0.5,10,1.079243150876136,1.058915815688355,0.0,1.5,0.18690533877188928,0.0,0.09246136186468398,0.09444397690720532
1154,1,0,1,0.07063263006932767,4.0,24.35362382785859,18.03980607420084,0.5,0.5,10,1.0758939384055004,1.0594239990680494,0.0,0.0,0.18641062091352908,0.0,0.09230428360285897,0.0941063373106701
1155,1,1,1,0.005713986232016751,4.0,24.36262854845346,18.01108915165685,0.5,0.5,10,1.0401235456023676,1.0598357475514857,0.0,1.5,0.18088976232006967,0.0,0.09523068534743134,0.0856590769726383
1156,1,0,1,0.07069708719819476,4.0,24.373680927139468,17.984661849454238,0.5,0.5,10,1.0439680189861527,1.0593429425027576,0.0,0.0,0.18170160293145327,0.0,0.09563495867394224,0.08606664425751104
1157,1,2,1,0.005708107114248064,4.0,24.38431824457639,17.960953675051034,0.5,0.5,10,1.0458877124485628,1.0589585694148427,0.0,1.5,0.18181922918237572,0.0,0.0955361293419114,0.08628309984046431
1158,1,0,1,0.07073086446627384,4.0,24.386417010463273,17.934819380914213,0.5,0.5,10,1.0345962697407427,1.0586317979906856,0.0,0.0,0.18029683407104116,0.0,0.09426615295148078,0.0860306811195604
1159,1,0,1,0.07065753659321276,4.0,24.372852749314767,17.957324636855233,0.5,0.5,10,1.0669719045769521,1.0580309097844371,0.0,0.0,0.18468612127550268,0.0,0.09137906226270587,0.09330705901279683
1160,1,1,1,0.005730523274688943,4.0,24.37696791564663,17.92848857884603,0.5,0.5,10,1.0335335429769104,1.05825443465425,0.0,1.5,0.1800022892693752,0.0,0.09455674147433907,0.08544554779503613
1161,1,0,1,0.07073622000729829,4.0,24.379411804592444,17.90459577977322,0.5,0.5,10,1.0361875022353209,1.0576364123623163,0.0,0.0,0.1804677943950351,0.0,0.09424585007915737,0.08622194431587775
1162,1,0,1,0.07073727179494613,4.0,24.382379146270644,17.879810326287334,0.5,0.5,10,1.0352820778014566,1.0571001896091416,0.0,0.0,0.18026037117994895,0.0,0.09438335254398365,0.08587701863596528
1163,1,1,1,0.005680137044364785,4.0,24.368273114759226,17.90253790613491,0.5,0.5,10,1.0651762851501059,1.0565547368139496,0.0,1.5,0.18434710873853818,0.0,0.09123832647644231,0.09310878226209587
1164,1,0,1,0.07072564727021778,4.0,24.37508769435337,17.879220226375004,0.5,0.5,10,1.0402671753565922,1.0567702755223536,0.0,0.0,0.1809390052785802,0.0,0.09492803317370971,0.08601097210487048
1165,1,1,1,0.005698685633225237,4.0,24.384840825998644,17.861076092285188,0.5,0.5,10,1.047966695573665,1.0563576980182094,0.0,1.5,0.1821853778875205,0.0,0.09538801027646518,0.08679736761105536
1166,1,0,0,-0.16932451896498782,3.830675481035012,24.37063355242121,17.883041397824368,0.5,0.5,10,1.0639059549188468,1.0561479229570958,0.0,0.0,0.1840062763677767,0.0,0.09124435906929106,0.09276191729848561
1167,1,0,1,0.0706655179909048,3.901340999025917,24.358528584164823,17.908346963702733,0.5,0.5,10,1.0695424713781139,1.0563418737561396,0.0,0.0,0.18515962798882335,0.0,0.09152113070238424,0.09363849728643911
1168,1,0,0,-0.1692661751148388,3.732074823911078,24.36181915317826,17.88520960375005,0.5,0.5,10,1.0368250977574407,1.056671888696689,0.0,0.0,0.1804520586963848,0.0,0.09435358321946734,0.08609847547691744
1169,1,0,1,0.07068846667588928,3.802763290586967,24.343507240404776,17.906046579827283,0.5,0.5,10,1.0587007822269596,1.0561757189232077,0.0,0.0,0.18304747996490625,0.0,0.0905556863134133,0.09249179365149293
1170,1,2,0,-0.23428635148278396,3.5684769391041833,24.35772515582343,17.88443092257144,0.5,0.5,10,1.0488411036686154,1.0562388455058014,0.0,1.5,0.18225333042271008,0.0,0.09597451717857085,0.08627881324413922
1171,1,0,1,0.07066371054656767,3.639140649650751,24.346491613432264,17.910470681838987,0.5,0.5,10,1.0708601188362454,1.056053901959872,0.0,0.0,0.18546578571120179,0.0,0.09159518272134644,0.09387060298985535
1172,1,0,1,0.07069391295580742,3.709834562606558,24.326131925809882,17.927857491618965,0.5,0.5,10,1.0534511795393822,1.0564240573817814,0.0,0.0,0.18181956477660371,0.0,0.0901974044434705,0.09162216033313322
1173,1,0,1,0.07074945702844239,3.7805840196350005,24.328505653817544,17.898650709619247,0.5,0.5,10,1.029516681443667,1.0563497354357212,0.0,0.0,0.17934580170935538,0.0,0.09409157715870933,0.08525422455064607
1174,1,0,0,-0.16926978724470731,3.611314232390293,24.336083313228766,17.875455259982875,0.5,0.5,10,1.0400611188607658,1.0556789090859198,0.0,0.0,0.18087834015846077,0.0,0.0949053640003675,0.0859729761580933
1175,1,0,1,0.07062286851324333,3.681937100903536,24.335177322226915,17.90760096495636,0.5,0.5,10,1.086528178301926,1.055288464330291,0.0,0.0,0.18838619396037,0.0,0.09313708654664687,0.09524910741372314
1176,1,0,1,0.07066422576150602,3.7526013266650424,24.324034462816513,17.934076940704433,0.5,0.5,10,1.0714025735172514,1.056069457179582,0.0,0.0,0.1855518206794144,0.0,0.09147674147866455,0.09407507920074983
1177,1,0,1,0.07062951890692906,3.8232308455719717,24.323189863803663,17.96349899121069,0.5,0.5,10,1.0850302365814302,1.0564527850880236,0.0,0.0,0.18816902073486316,0.0,0.09303880536639625,0.09513021536846694
1178,1,0,1,0.07065410038349665,3.8938849459554685,24.314637805586163,17.985954525852613,0.5,0.5,10,1.071070697799781,1.057167221375359,0.0,0.0,0.18533030505891845,0.0,0.0918344777201261,0.09349582733879239
1179,1,0,1,0.07075628574398707,3.9646412316994555,24.315701408020544,17.954090104249623,0.5,0.5,10,1.0267139891173631,1.0575148082859693,0.0,0.0,0.1788659706860616,0.0,0.09389255118827369,0.08497341949778792
1180,1,2,1,0.005743852165272402,3.970385083864728,24.317647802621952,17.92735367098394,0.5,0.5,10,1.0319547491424768,1.0567447878067542,0.0,1.5,0.17968761957498297,0.0,0.09402175337252461,0.08566586620245838
1181,1,0,0,-0.16927748614259727,3.8011075977221305,24.325060245224876,17.906330400240993,0.5,0.5,10,1.0425142087001251,1.0561250368401471,0.0,0.0,0.18134719135802685,0.0,0.09485213285914086,0.08649505849888597
1182,1,0,1,0.07064501778926986,3.8717526155114004,24.320922623912978,17.93528566736844,0.5,0.5,10,1.0806024119522002,1.0557847661366468,0.0,0.0,0.18719911256493146,0.0,0.09251388222424864,0.09468523034068287
1183,1,0,1,0.07063836036463281,3.9423909758760334,24.31755984099678,17.96015323515394,0.5,0.5,10,1.077909992151333,1.0564052072820356,0.0,0.0,0.18639281531215676,0.0,0.0926230957208013,0.09376971959135544
1184,1,0,1,0.07066335949824618,4.0,24.308848894314565,17.982716134253536,0.5,0.5,10,1.0707947793211492,1.0569428269037682,0.0,0.0,0.18540096534336545,0.0,0.09180312426964077,0.09359784107372471
1185,1,0,1,0.07077615560034169,4.0,24.305312616836297,17.94877297413938,0.5,0.5,10,1.0198096881217755,1.0572891257142025,0.0,0.0,0.17772560298836576,0.0,0.09315233283477198,0.08457327015359378
1186,1,0,1,0.07072042278963218,4.0,24.315120950703793,17.926932144341674,0.5,0.5,10,1.044319643844182,1.056352139774392,0.0,0.0,0.18176722320151342,0.0,0.09514885814155494,0.08661836505995847
1187,1,0,1,0.07063007193438174,4.0,24.31253466402812,17.95683657519939,0.5,0.5,10,1.0833694715581865,1.0560513273761365,0.0,0.0,0.18787443548557645,0.0,0.09271726569140974,0.09515716979416672
1188,1,0,1,0.07076434778493065,4.0,24.310962369551156,17.92583576943561,0.5,0.5,10,1.024161180739943,1.056734280980688,0.0,0.0,0.178344983283092,0.0,0.09346395713523778,0.08488102614785423
1189,1,0,1,0.07065270836765972,4.0,24.30382577261834,17.951102064076327,0.5,0.5,10,1.0740496511825706,1.0559199534746693,0.0,0.0,0.18595300235409745,0.0,0.09203371265632786,0.09391928969776958
1190,1,0,0,-0.1692847391678444,3.8307152608321555,24.316394561160326,17.929373585442004,0.5,0.5,10,1.0472135058250278,1.0563731959173668,0.0,0.0,0.18214464509367292,0.0,0.0955880757779321,0.08655656931574085
1191,1,0,0,-0.16925140483567883,3.6614638559964767,24.320077308932035,17.905341974536245,0.5,0.5,10,1.0357953405310116,1.0561442036650583,0.0,0.0,0.18036525585876978,0.0,0.09428226243182822,0.08608299342694156
1192,1,0,1,0.07064125203184393,3.7321051080283207,24.31538321341823,17.935599162779166,0.5,0.5,10,1.0811985748158186,1.055635482086707,0.0,0.0,0.1874201233525406,0.0,0.09244649559619611,0.09497362775634449
1193,1,2,1,0.005639836302765778,3.7377449443310864,24.31012330492196,17.961958226455486,0.5,0.5,10,1.077373714584985,1.056274559404935,0.0,1.5,0.1865650005910109,0.0,0.09232795509702105,0.09423704549398983
1194,1,1,0,-0.23427922243398575,3.5034657218971006,24.32053987146669,17.938164424042245,0.5,0.5,10,1.043424802415926,1.056802038284436,0.0,1.5,0.1815128082684808,0.0,0.09529401956321543,0.08621878870526535
1195,1,0,1,0.07063702564386029,3.574102747540961,24.31658547571102,17.96567229405066,0.5,0.5,10,1.080021081640466,1.0564676073877235,0.0,0.0,0.18705335635862613,0.0,0.09254174007485068,0.09451161628377541
1196,1,0,1,0.07072950602543039,3.6448322535663915,24.324267898420054,17.94209228615362,0.5,0.5,10,1.041158859056035,1.057056444244042,0.0,0.0,0.1811371125701068,0.0,0.09487706689514201,0.08626004567496477
1197,1,0,1,0.07072899747576256,3.7155612510421543,24.332092888535385,17.915375615696224,0.5,0.5,10,1.0377673242722807,1.056659004614342,0.0,0.0,0.1804809423282423,0.0,0.09492046422704374,0.08556047810119852
1198,1,0,1,0.0707732650760449,3.7863345161181994,24.33123408196521,17.886430606563437,0.5,0.5,10,1.026382896902831,1.0561867126057902,0.0,0.0,0.17871319894836046,0.0,0.09366006541107978,0.08505313353728068
1199,1,0,1,0.07074064842576504,3.8570751645439643,24.336485370265663,17.862586978264247,0.5,0.5,10,1.0368492772144755,1.0554416172132164,0.0,0.0,0.1803250468665949,0.0,0.09454166602634488,0.08578338084025
1200,1,1,1,0.005656365610016741,3.862731530153981,24.33033165708596,17.89008731347216,0.5,0.5,10,1.0763234307414589,1.0549768087132478,0.0,1.5,0.1862441114414198,0.0,0.09228816835705352,0.0939559430843663
1201,1,0,0,-0.1692528912947294,3.6934786388592515,24.332652067013512,17.86750631777168,0.5,0.5,10,1.035249888491029,1.055510474263953,0.0,0.0,0.18037573427681536,0.0,0.09409349165146874,0.08628224262534666
1202,1,0,1,0.07074148386663043,3.764220122725882,24.338462962789215,17.849616769078402,0.5,0.5,10,1.0429253067020503,1.0550039596196301,0.0,0.0,0.18165303165985622,0.0,0.0946543519169174,0.0869986797429388
1203,1,0,1,0.07062042012110711,3.834840542846989,24.34102742392963,17.88742722444053,0.5,0.5,10,1.0950769097992343,1.0547019932966903,0.0,0.0,0.19003046679902694,0.0,0.09362812933935953,0.09640233745966742
1204,1,2,0,-0.23424070511745088,3.600599837729538,24.34138289050785,17.861280556369852,0.5,0.5,10,1.0299201647167928,1.055711366209254,0.0,1.5,0.1793096316871543,0.0,0.09382080150432599,0.08548883018282831
1205,1,0,0,-0.1693784223079561,3.431221415421582,24.34185349421319,17.897659506754675,0.5,0.5,10,1.0919161402621045,1.0550665861719426,0.0,0.0,0.18937374574106727,0.0,0.09336851219646047,0.09600523354460681
1206,1,0,1,0.07067724852381298,3.501898663945395,24.327682755090294,17.920940789918674,0.5,0.5,10,1.0650983690653053,1.0559878250241965,0.0,0.0,0.18429070025247557,0.0,0.09106266511296729,0.09322803513950825
1207,1,1,1,0.005745616380629981,3.5076442803260246,24.332063514974514,17.895002318460858,0.5,0.5,10,1.0346578770516233,1.0562155886252245,0.0,1.5,0.17994425372804457,0.0,0.09441400369307712,0.08553025003496746
1208,1,1,0,-0.2343310932365385,3.273313187089486,24.32050917075454,17.921748977101966,0.5,0.5,10,1.0708689602570218,1.0556766458358844,0.0,1.5,0.1855001358196255,0.0,0.0915532801829334,0.09394685563669213
1209,1,0,1,0.07073921755620846,3.3440524046456943,24.32446008873513,17.8966419022192,0.5,0.5,10,1.0349002967942358,1.0560564536964128,0.0,0.0,0.1800718511590781,0.0,0.09433683991951695,0.08573501123956112
1210,1,0,1,0.07068258554553253,3.414734990191227,24.31158744029147,17.919803934525213,0.5,0.5,10,1.0658169336362073,1.0555275497738583,0.0,0.0,0.18452097381295224,0.0,0.09117852787738036,0.0933424459355719
1211,1,2,1,0.005742791041766375,3.4204777812329934,24.31641630861466,17.89377160746803,0.5,0.5,10,1.0345813256364236,1.0557847843704171,0.0,1.5,0.18002551689204566,0.0,0.09446860934349952,0.08555690754854618
1212,1,0,1,0.07067412559468234,3.4911519068276755,24.304072660148098,17.919145386512284,0.5,0.5,10,1.0682848284797641,1.0552546979020672,0.0,0.0,0.1849895632404285,0.0,0.0912600278285506,0.0937295354118779
1213,1,2,1,0.005747167548721342,3.496899074376397,24.30864512730334,17.891826224177862,0.5,0.5,10,1.032833755987328,1.0555804511665097,0.0,1.5,0.1797299266123326,0.0,0.09438640345133568,0.0853435231609969
1214,1,0,1,0.07066370510665781,3.5675627794830547,24.300334632654184,17.918701261792087,0.5,0.5,10,1.0735763267521001,1.05501178378703,0.0,0.0,0.1859459366927992,0.0,0.09186023112458543,0.09408570556821379
1215,1,0,1,0.07064402469119545,3.63820680417425,24.295495140424997,17.948759572725894,0.5,0.5,10,1.0806947160657736,1.0554758973611569,0.0,0.0,0.1872195449624929,0.0,0.09230871986853843,0.09491082509395446
1216,1,0,0,-0.16923926076288615,3.468967543411364,24.298447717771335,17.92069966994097,0.5,0.5,10,1.0309990423901905,1.0561063678287723,0.0,0.0,0.17951411009849153,0.0,0.09406416276961399,0.08544994732887753
1217,1,2,1,0.005675932685056607,3.4746434760964204,24.287315394249813,17.94469935491889,0.5,0.5,10,1.0683460461492027,1.0554786846928077,0.0,1.5,0.18500751672599233,0.0,0.09136227998383832,0.09364523674215404
1218,1,0,1,0.07068335185311893,3.5453268279495394,24.309711574372088,17.9301751512291,0.5,0.5,10,1.0636723451617043,1.0558003687292175,0.0,0.0,0.18477649945426405,0.0,0.0970471984832293,0.08772930097103473
1219,1,0,1,0.07071452249614825,3.6160413504456876,24.32340918233092,17.90990781854854,0.5,0.5,10,1.0494274434183022,1.05599716814003,0.0,0.0,0.1824048092854489,0.0,0.09576265302544415,0.08664215626000475
1220,1,0,1,0.07074172457875647,3.686783075024444,24.32793608247103,17.88326293061091,0.5,0.5,10,1.0337149372244674,1.0558329250219867,0.0,0.0,0.18015900046659258,0.0,0.09444339458307391,0.08571560588351869
1221,1,0,0,-0.169262735239637,3.517520339784807,24.334756531603198,17.86258001980696,0.5,0.5,10,1.0414175136552635,1.0552799753270485,0.0,0.0,0.1811615745148357,0.0,0.09475017561364711,0.08641139890118857
1222,1,0,1,0.07066766684308509,3.588188006627892,24.32544516134257,17.892113309864698,0.5,0.5,10,1.0751553335823685,1.054933413785254,0.0,0.0,0.18623610502725138,0.0,0.09171699576247656,0.09451910926477483
1223,1,0,1,0.07065097696176105,3.658838983589653,24.31965051529957,17.92189195875797,0.5,0.5,10,1.0794229646304534,1.0554389617801818,0.0,0.0,0.1869210830801195,0.0,0.09231232036437012,0.09460876271574938
1224,1,0,0,-0.16934788412175403,3.489491099467899,24.31542443108023,17.951032901900724,0.5,0.5,10,1.0809534207748528,1.0560385618514387,0.0,0.0,0.18738361154085267,0.0,0.09249632203395117,0.0948872895069015
1225,1,0,0,-0.1693049372493996,3.320186162218499,24.331309046841568,17.93408607366655,0.5,0.5,10,1.055599220851681,1.0566614333245241,0.0,0.0,0.18335116852062056,0.0,0.09614341199182999,0.08720775652879058
1226,1,0,1,0.070718719041726,3.390904881260225,24.341192021297886,17.912849884073186,0.5,0.5,10,1.045281662875659,1.0566348780127028,0.0,0.0,0.18198963821786163,0.0,0.09529587430378632,0.08669376391407531
1227,1,0,0,-0.16932771859717735,3.221577162663048,24.330941097381448,17.938074998606474,0.5,0.5,10,1.0713252382511285,1.0563510476342768,0.0,0.0,0.18569664879485037,0.0,0.09170493224222302,0.09399171655262734
1228,1,0,1,0.07067430412470602,3.292251466787754,24.31772933769416,17.960317332107333,0.5,0.5,10,1.0657559762132705,1.0567254023996981,0.0,0.0,0.18451018218780948,0.0,0.0911778689006345,0.09333231328717498
1229,1,0,1,0.07066790032439849,3.3629193671121524,24.304721876143503,17.984259798651504,0.5,0.5,10,1.0678861717385524,1.0569511667450375,0.0,0.0,0.1851034129627491,0.0,0.0911665456239941,0.09393686733875502
1230,1,0,1,0.07074276081132017,3.4336621279234727,24.30998448318094,17.955954511201426,0.5,0.5,10,1.0341818614572347,1.0572245418698754,0.0,0.0,0.17992323080049885,0.0,0.0944810628237462,0.08544216797675265
1231,1,0,1,0.07065638798959815,3.504318515913071,24.30132088632163,17.978942072412693,0.5,0.5,10,1.0709724392115132,1.0566484748595593,0.0,0.0,0.1856010929986751,0.0,0.0918224546931352,0.0937786383055399
1232,1,0,1,0.07062670707342673,3.5749452229864978,24.30030073442703,18.0082831798966,0.5,0.5,10,1.0853275295576676,1.057006573968358,0.0,0.0,0.18837753606990257,0.0,0.09298363494839045,0.09539390112151211
1233,1,0,1,0.07075090265930196,3.6456961256457996,24.305675019957782,17.974120971999888,0.5,0.5,10,1.0289266754921318,1.0577145978580909,0.0,0.0,0.17897078155609977,0.0,0.09452951515657027,0.0844412663995295
1234,1,0,1,0.07067065953740054,3.7163667851832,24.2949241939781,17.994779479877117,0.5,0.5,10,1.0669025816964857,1.056994899798942,0.0,0.0,0.18476947883530803,0.0,0.09149731828407798,0.09327216055123007
1235,1,0,1,0.07064732616156391,3.787014111344764,24.287406424710085,18.018370493260498,0.5,0.5,10,1.0733158359617465,1.0572425918463804,0.0,0.0,0.18600600575788695,0.0,0.09192755912792488,0.09407844662996204
1236,1,0,1,0.07064196603121997,3.8576560773759843,24.283452668464548,18.04217320473196,0.5,0.5,10,1.0774933781751956,1.0576444229492648,0.0,0.0,0.18677990009602,0.0,0.09244181775285867,0.0943380823431613
1237,1,0,1,0.07073212909736568,3.92838820647335,24.290316364778196,18.01202635170227,0.5,0.5,10,1.0348574901138674,1.058140646829913,0.0,0.0,0.17999909663452313,0.0,0.09467498093909427,0.08532411569542887
1238,1,0,1,0.07063707507883224,3.999025281552182,24.285659490194426,18.037851002635406,0.5,0.5,10,1.0787263442613773,1.0575585679120116,0.0,0.0,0.18710743817867415,0.0,0.09236151063688867,0.09474592754178549
1239,1,0,1,0.07072490472395543,4.0,24.29634829884363,18.00870236367801,0.5,0.5,10,1.0396279320125554,1.0580877623207459,0.0,0.0,0.1807963206193091,0.0,0.09524234028905024,0.08555398033025886
1240,1,0,1,0.07073269729933024,4.0,24.30188061332581,17.980544060038337,0.5,0.5,10,1.0350002774055465,1.057626266563041,0.0,0.0,0.18030075279253002,0.0,0.09450871148829804,0.08579204130423201
1241,1,0,1,0.07063534704293616,4.0,24.296881761073784,18.00636383953926,0.5,0.5,10,1.077881544083,1.0570606168341037,0.0,0.0,0.1868814278888826,0.0,0.09240417929895203,0.09447724858993055
1242,1,2,1,0.005692652837783777,4.0,24.315126560642724,17.987369394351816,0.5,0.5,10,1.0568314943968211,1.0575811400153263,0.0,1.5,0.18359129056023873,0.0,0.09642200558472457,0.0871692849755142
1243,1,1,1,0.005636066797830381,4.0,24.312196000494865,18.01093924395442,0.5,0.5,10,1.0782016883296115,1.0575623988748637,0.0,1.5,0.18671194573886812,0.0,0.09270466310034459,0.09400728263852358
1244,1,0,1,0.07073242598562737,4.0,24.32064642262818,17.98175555897889,0.5,0.5,10,1.0373451182690112,1.0580783811112324,0.0,0.0,0.18044245568705958,0.0,0.0949942898319242,0.08544816585513537
1245,1,0,1,0.07064764466254507,4.0,24.31243831528773,18.00383185823531,0.5,0.5,10,1.0714282414561482,1.0575600495401767,0.0,0.0,0.18560967670564696,0.0,0.09193944018475986,0.09367023652088712
1246,1,0,1,0.07062135903542255,4.0,24.308785148652724,18.03161597239494,0.5,0.5,10,1.082037701862704,1.057906754338076,0.0,0.0,0.18763743597079288,0.0,0.09260675437943454,0.09503068159135834
1247,1,0,1,0.07073551095833397,4.0,24.315124552078213,18.000034200597447,0.5,0.5,10,1.0332676596541845,1.0585100280261917,0.0,0.0,0.17977794146289844,0.0,0.09467591137034836,0.08510203009255005
1248,1,0,1,0.07071241407150472,4.0,24.326962693179915,17.9745607170757,0.5,0.5,10,1.0442436263968475,1.0578789688168917,0.0,0.0,0.18158577280071383,0.0,0.09551993646315696,0.08606583633755686
1249,1,0,1,0.07064538402559996,4.0,24.31736318374228,17.999554251436248,0.5,0.5,10,1.072932110179302,1.0575380852563905,0.0,0.0,0.18588852891515495,0.0,0.09174084711209471,0.09414768180306024
1250,1,2,1,0.005731548321681928,4.0,24.325163021307468,17.970705541176315,0.5,0.5,10,1.036874063184717,1.0579229358794633,0.0,1.5,0.1801498240713623,0.0,0.09486464829561554,0.08528517577574674
1251,1,0,1,0.0706448609284294,4.0,24.318013953690773,17.992881175502717,0.5,0.5,10,1.0724232807718028,1.0573967140620946,0.0,0.0,0.18553203980880156,0.0,0.09211931972260506,0.0934127200861965
1252,1,0,1,0.0707265746750194,4.0,24.322267793583865,17.966279999583946,0.5,0.5,10,1.03542504220416,1.0577723782298374,0.0,0.0,0.18047031000240182,0.0,0.09437825450371608,0.08609205549868576
1253,1,0,1,0.07065976877060141,4.0,24.312370430188572,17.98551513743461,0.5,0.5,10,1.0665514692845657,1.0572136948291952,0.0,0.0,0.18434562649593467,0.0,0.09168892393984639,0.09265670255608824
1254,1,0,0,-0.1692815614108459,3.830718438589154,24.322326856055952,17.95737402245563,0.5,0.5,10,1.0392624500789844,1.0574471391905795,0.0,0.0,0.1807787538992754,0.0,0.09524725130369864,0.08553150259557675
1255,1,0,1,0.0706717936409118,3.9013902322300655,24.30909053687648,17.976276409049376,0.5,0.5,10,1.062658589377056,1.0569925219627896,0.0,0.0,0.18393250083045218,0.0,0.0912038310072654,0.09272866982318684
1256,1,2,1,0.005626908362237422,3.907017140592303,24.30656263062601,18.00265822742594,0.5,0.5,10,1.0809880857742442,1.057134173648146,0.0,1.5,0.18723552629929388,0.0,0.09267754027928762,0.09455798602000626
1257,1,1,1,0.005742992566130311,3.912760133158433,24.312651650450363,17.972144333175752,0.5,0.5,10,1.0333056470254656,1.0577305214512989,0.0,1.5,0.17980331774616465,0.0,0.09459294702122134,0.08521037072494331
1258,1,0,1,0.07078074819491148,3.9835408813533446,24.306679893691957,17.933913316953543,0.5,0.5,10,1.0129171266100345,1.057119899590653,0.0,0.0,0.17684348320653864,0.0,0.09282699490711703,0.0840164882994216
1259,1,0,1,0.07064299059511564,4.0,24.302866793055266,17.96115013152865,0.5,0.5,10,1.079438544204558,1.0560148302661374,0.0,0.0,0.18707420426529053,0.0,0.09249941786265535,0.0945747864026352
1260,1,2,1,0.005641242282221344,4.0,24.297693827490413,17.985191659819534,0.5,0.5,10,1.0754689858406261,1.056600423114598,0.0,1.5,0.18626430160465776,0.0,0.09230811280856925,0.09395618879608852
1261,1,0,1,0.07073427915112378,4.0,24.3053320380633,17.957367546209895,0.5,0.5,10,1.0368862341459923,1.0570721371827485,0.0,0.0,0.18039005221144608,0.0,0.0947812036906323,0.08560884852081375
1262,1,0,1,0.07073681820376039,4.0,24.311861476471073,17.932421966137838,0.5,0.5,10,1.03815134794255,1.05656748960683,0.0,0.0,0.1806622859450046,0.0,0.09468534971788713,0.08597693622711747
1263,1,0,0,-0.1693298275566863,3.830670172443314,24.30483037674184,17.952237817525305,0.5,0.5,10,1.0688918377234562,1.0561070860652229,0.0,0.0,0.18484881647609483,0.0,0.09207338248284669,0.09277543399324814
1264,1,2,0,-0.23424266659231227,3.596427505851002,24.306401974237573,17.92487202449179,0.5,0.5,10,1.0306325093188984,1.0564267048566787,0.0,1.5,0.17941319135411896,0.0,0.09386044179245813,0.08555274956166083
1265,1,2,1,0.005669084063335302,3.602096589914337,24.296444892138354,17.94832723409713,0.5,0.5,10,1.069279977474348,1.055781849968234,0.0,1.5,0.18511010333869982,0.0,0.09153153449426361,0.09357856884443619
1266,1,0,1,0.07065875519611761,3.6727553451104544,24.287384828035222,17.97100895703565,0.5,0.5,10,1.0697409619912779,1.0561193031558869,0.0,0.0,0.18521196328928033,0.0,0.09168150597412561,0.09353045731515475
1267,1,0,0,-0.16917737376069827,3.503577971349756,24.27596249056797,17.92945042914254,0.5,0.5,10,1.003478979266412,1.056459844626772,0.0,0.0,0.1751382231511765,0.0,0.09190135762332458,0.08323686552785191
1268,1,0,1,0.07064535948413594,3.574223330833892,24.276888361848563,17.956133049514147,0.5,0.5,10,1.0827438146449597,1.055135322992763,0.0,0.0,0.187608882794432,0.0,0.09316727371109491,0.09444160908333707
1269,1,0,1,0.07076746028162928,3.6449907911155215,24.280601159890907,17.92356435477926,0.5,0.5,10,1.026969638591523,1.0558255352840678,0.0,0.0,0.17859547752350402,0.0,0.09410463895349525,0.08449083857000877
1270,1,0,1,0.07076000816538931,3.7157507992809107,24.284723013627993,17.892777007470794,0.5,0.5,10,1.028438644295376,1.055104137866754,0.0,0.0,0.17902376215165383,0.0,0.09422965589015155,0.08479410626150224
1271,1,0,1,0.07074693221097125,3.786497731491882,24.292052926028816,17.868272460800178,0.5,0.5,10,1.03726286625768,1.0544375005274698,0.0,0.0,0.180371955621913,0.0,0.09466017054859871,0.08571178507331426
1272,1,0,1,0.07065219944521656,3.8571499309370987,24.293084909628128,17.897555878562976,0.5,0.5,10,1.0843235360328314,1.0540081346707248,0.0,0.0,0.1879182482478935,0.0,0.09323811365767187,0.09468013459022162
1273,1,0,1,0.07065586418832745,3.927805795125426,24.287105872445146,17.922500302139717,0.5,0.5,10,1.0737314060985421,1.0547660197047775,0.0,0.0,0.18595848801417342,0.0,0.09216962504263387,0.09378886297153954
1274,1,0,1,0.0707629372809599,3.998568732406386,24.28804566916442,17.893780013457256,0.5,0.5,10,1.0274596624014292,1.055240154364622,0.0,0.0,0.17895891327540975,0.0,0.0937048566958406,0.08525405657956912
1275,1,0,1,0.07073065837625037,4.0,24.29635741189786,17.872355226594564,0.5,0.5,10,1.041432597936293,1.054545642065542,0.0,0.0,0.18093872434057742,0.0,0.09483230520774676,0.08610641913283067
1276,1,0,1,0.07064571974414544,4.0,24.295488014074383,17.903167157370152,0.5,0.5,10,1.0841603489144216,1.0542178159623106,0.0,0.0,0.18797785849818757,0.0,0.09296144925462292,0.09501640924356466
1277,1,0,1,0.07077073046759264,4.0,24.29449382361112,17.874223872056216,0.5,0.5,10,1.025028903508915,1.0549663792861135,0.0,0.0,0.17847311450859074,0.0,0.09347129524894866,0.08500181925964209
1278,1,0,1,0.07065737087706694,4.0,24.290520815341914,17.90194417739665,0.5,0.5,10,1.077965239462913,1.0542179423916833,0.0,0.0,0.18678913358564536,0.0,0.09243277591888555,0.09435635766675984
1279,1,0,1,0.07065059132923927,4.0,24.289102070226434,17.930253708331534,0.5,0.5,10,1.0817024106378672,1.0548116248184642,0.0,0.0,0.18752082342680548,0.0,0.09284603092623119,0.0946747925005743
1280,1,1,1,0.0057407107101880095,4.0,24.297722301588436,17.904750797503134,0.5,0.5,11,1.0386012149975505,1.0554838944639493,0.0,1.5,0.18061014881287796,0.0,0.09491253487808878,0.08569761393478915
1281,1,1,1,0.00575991328606047,4.0,24.30185699406892,17.877795432363484,0.5,0.5,11,1.032241154818124,1.0550618274772894,0.0,1.5,0.1797222774442517,0.0,0.09424484438252276,0.08547743306172896
1282,1,0,1,0.07074081712616473,4.0,24.312354152051867,17.85597916457115,0.5,0.5,11,1.043172200851417,1.05449131066081,0.0,0.0,0.18122750218592626,0.0,0.09521913485301611,0.08600836733291016
1283,1,0,1,0.07065156172377775,4.0,24.310412464507557,17.88529203762987,0.5,0.5,11,1.081579518429991,1.0542083329155756,0.0,0.0,0.18756696892027375,0.0,0.09288454333818652,0.09468242558208728
1284,1,0,1,0.07078277295619169,4.0,24.305218419025266,17.855115882292008,0.5,0.5,11,1.0195224117332806,1.0548926125534357,0.0,0.0,0.17768732703379325,0.0,0.09289495241508737,0.08479237461870584
1285,1,0,1,0.07066563957223204,4.0,24.297792938913805,17.88198428450948,0.5,0.5,11,1.073451279638942,1.0540083575329318,0.0,0.0,0.18594864625132373,0.0,0.09192320926402067,0.09402543698730308
1286,1,0,1,0.07065776309829686,4.0,24.29064930049364,17.91040155709489,0.5,0.5,11,1.0757680647508303,1.0544944305855823,0.0,0.0,0.18647664429407196,0.0,0.09195189963399461,0.09452474466007735
1287,1,0,0,-0.1693136016888389,3.830686398311161,24.28081623184596,17.93200772184537,0.5,0.5,11,1.066799367542512,1.0550262714397134,0.0,0.0,0.18471702592547862,0.0,0.09149554377813136,0.09322148214734725
1288,1,0,1,0.07077874430020226,3.901465142611363,24.279546342683783,17.899844540988415,0.5,0.5,11,1.0218875288231501,1.0553205988422834,0.0,0.0,0.17804656414423065,0.0,0.0934045383282994,0.08464202581593129
1289,1,0,1,0.07064760759197182,3.972112750203335,24.279114203181834,17.928885145675956,0.5,0.5,11,1.0830932372773958,1.054484772091805,0.0,0.0,0.1876703348137662,0.0,0.09295134887727524,0.09471898593649099
1290,1,0,1,0.07076849811289007,4.0,24.281682488849473,17.898996702488322,0.5,0.5,11,1.0278798262014526,1.0551999837214447,0.0,0.0,0.178769652562596,0.0,0.0939418735636727,0.0848277789989233
1291,1,0,1,0.07067859083956526,4.0,24.273421159635383,17.919931408979252,0.5,0.5,11,1.0671903570602872,1.0545169797834448,0.0,0.0,0.18457188610008526,0.0,0.09172944677158495,0.09284243932850032
1292,1,1,1,0.0056733797463463295,4.0,24.266130705415613,17.941765268582166,0.5,0.5,11,1.0693772195985027,1.0548338142153662,0.0,1.5,0.18498559482128385,0.0,0.09183881855554057,0.09314677626574326
1293,1,0,1,0.07064658541257761,4.0,24.264584449757976,17.968916243509064,0.5,0.5,11,1.0808021186192058,1.0551973993499444,0.0,0.0,0.1873524787724906,0.0,0.09267446996652416,0.09467800880596644
1294,1,1,1,0.005780567692622263,4.0,24.263091129420815,17.93656835576081,0.5,0.5,11,1.021996309246266,1.055837517331676,0.0,1.5,0.17803735031035825,0.0,0.09331571488877935,0.08472163542157889
1295,1,0,0,-0.16924981774915326,3.8307501822508465,24.270470391165464,17.91221186980706,0.5,0.5,11,1.0380142629204339,1.054991487129541,0.0,0.0,0.18041820502187547,0.0,0.09460124179441128,0.08581696322746421
1296,1,2,0,-0.23425214013107692,3.5964980421197694,24.279611828464468,17.88704998398525,0.5,0.5,11,1.0385466080015084,1.0545670565243133,0.0,1.5,0.18067417867727611,0.0,0.09492369665829099,0.08575048201898511
1297,1,0,1,0.07072215864123188,3.667220200761001,24.29259424994801,17.867716205242616,0.5,0.5,11,1.0478151880521547,1.054166545311243,0.0,0.0,0.18207571144249707,0.0,0.09558046473380975,0.0864952467086873
1298,1,0,1,0.07063574423487426,3.7378559449958755,24.295060939375063,17.89938952064619,0.5,0.5,11,1.0881477662103893,1.0540077613797658,0.0,0.0,0.18858653720341584,0.0,0.09338181764590368,0.09520471955751214
1299,1,0,1,0.07066694151664649,3.808522886512522,24.289023236774725,17.924955852130616,0.5,0.5,11,1.0743898903846199,1.0548612615005313,0.0,0.0,0.18613101360958112,0.0,0.09210471946909166,0.09402629414048946
1300,1,0,1,0.07077509068768749,3.8792979772002094,24.28955585675982,17.891774839405052,0.5,0.5,11,1.0227010844821653,1.0553494772226335,0.0,0.0,0.17803273298091057,0.0,0.0937072665890293,0.0843254663918813
1301,1,0,1,0.0706828336445224,3.949980810844732,24.28177772513111,17.911728722146876,0.5,0.5,11,1.066709018517237,1.0545332674041217,0.0,0.0,0.1845730948417995,0.0,0.09190379000980628,0.09266930483199323
1302,1,0,1,0.07081042286646284,4.0,24.273719346451152,17.872711030215807,0.5,0.5,11,1.0077615905709227,1.0548376611819497,0.0,0.0,0.17560667659403442,0.0,0.09238006307774112,0.08322661351629328
1303,1,0,1,0.07063205059957159,4.0,24.28021694686413,17.903978263870506,0.5,0.5,11,1.0914255934843462,1.053660759416674,0.0,0.0,0.18921494186709936,0.0,0.09396192698231609,0.0952530148847833
1304,1,1,1,0.005624857364673427,4.0,24.287990328749547,17.936169428964124,0.5,0.5,11,1.0945694272474076,1.0546048802683659,0.0,1.5,0.19004810484094398,0.0,0.09422781043453823,0.09582029440640573
1305,1,0,1,0.07066742124599652,4.0,24.282375366023484,17.957756470981018,0.5,0.5,11,1.0715760732336692,1.0556039939428419,0.0,0.0,0.18566181480362454,0.0,0.09212647841157891,0.09353533639204564
1306,1,0,1,0.07066475901172788,4.0,24.278945738118026,17.978339620955584,0.5,0.5,11,1.0731568179942206,1.0560032959251127,0.0,0.0,0.18569267584243512,0.0,0.09248917091616962,0.09320350492626552
1307,1,0,1,0.07068127850543574,4.0,24.268966388248103,17.994575196403737,0.5,0.5,11,1.0626883595550718,1.0564321339768403,0.0,0.0,0.18396660092804493,0.0,0.09147539938069915,0.09249120154734576
1308,1,0,1,0.0706431063997838,4.0,24.27055025745051,18.01965169818153,0.5,0.5,11,1.083248910596496,1.0565885396162962,0.0,0.0,0.18792281613065656,0.0,0.0932697797641428,0.09465303636651376
1309,1,0,1,0.07063271500967559,4.0,24.27438701819656,18.043205056895324,0.5,0.5,11,1.0846451683506444,1.057255048890801,0.0,0.0,0.18806436252124006,0.0,0.09359401053478464,0.09447035198645543
1310,1,2,0,-0.23434860958672865,3.7656513904132716,24.270834389993347,18.062303609990764,0.5,0.5,11,1.0734857267695228,1.0579398018772972,0.0,1.5,0.1860499287514043,0.0,0.092489902804355,0.09356002594704929
1311,1,0,1,0.0706500984788856,3.836301488892157,24.268752493789147,18.079698251838707,0.5,0.5,11,1.0736411956433471,1.0583284499996026,0.0,0.0,0.18609100807529513,0.0,0.09266223497360732,0.09342877310168785
1312,1,0,1,0.07081414975461364,3.9071156386467707,24.262480219948557,18.02706320553947,0.5,0.5,11,0.9998039485008696,1.0587112686406965,0.0,0.0,0.1743504741164265,0.0,0.0926803606237174,0.08167011349270911
1313,1,1,0,-0.23436063078979183,3.672755007856979,24.2601340455871,18.047520761958367,0.5,0.5,11,1.0753499676946383,1.0572385856372009,0.0,1.5,0.18623703709231978,0.0,0.0926089697563016,0.09362806733601817
1314,1,0,1,0.07063971172930865,3.7433947195862878,24.26175986249217,18.068098351509466,0.5,0.5,11,1.0798947766448088,1.0576913701886368,0.0,0.0,0.1872851732801825,0.0,0.0932431458614509,0.09404202741873162
1315,1,0,1,0.0707569081962173,3.814151627782505,24.267143529148726,18.031008571501836,0.5,0.5,11,1.026540341998964,1.0582464553500408,0.0,0.0,0.178409789137074,0.0,0.09436912692544981,0.08404066221162419
1316,1,0,1,0.07063693081278691,3.8847885585952917,24.265737407437843,18.050938631682573,0.5,0.5,11,1.0759777409861218,1.057453802516264,0.0,0.0,0.18638673694219945,0.0,0.09280242149818581,0.09358431544401365
1317,1,2,1,0.005655390018497274,3.890443948613789,24.26176224936902,18.066617163983537,0.5,0.5,11,1.0696202752101511,1.0579169009780105,0.0,1.5,0.1852152279492701,0.0,0.09237124106063216,0.09284398688863794
1318,1,0,1,0.07075506236528778,3.961199010979077,24.26718242150112,18.02612387520933,0.5,0.5,11,1.0231363686916999,1.0582094853338138,0.0,0.0,0.1780023129393313,0.0,0.09439530171992919,0.08360701121940214
1319,1,0,1,0.07075224764232806,4.0,24.273866342154054,17.99174788253824,0.5,0.5,11,1.0296405853996151,1.057332657417761,0.0,0.0,0.1792083107615117,0.0,0.09456865419326572,0.08463965656824593
1320,1,0,1,0.07063164521347691,4.0,24.27442136137128,18.016310927993956,0.5,0.5,11,1.0817584202902502,1.0566403556173074,0.0,0.0,0.18744929153703216,0.0,0.09309891157202234,0.09435037996500982
1321,1,0,1,0.07074277692185535,4.0,24.28340792163386,17.98389738492431,0.5,0.5,11,1.033841324427061,1.0572683072341311,0.0,0.0,0.17970802166470703,0.0,0.09492162442084458,0.08478639724386244
1322,1,0,1,0.0706564977878494,4.0,24.276653581737285,18.004276933772537,0.5,0.5,11,1.0703078416156053,1.0566826326639542,0.0,0.0,0.18552991084537573,0.0,0.09205911391871446,0.09347079692666124
1323,1,0,1,0.07064023711864897,4.0,24.27430490616481,18.026815282931402,0.5,0.5,11,1.0772129364741387,1.0570232628877454,0.0,0.0,0.1866328771477172,0.0,0.09264044703090529,0.09399243011681194
1324,1,0,0,-0.1692619329718853,3.830738067028115,24.285437732035604,17.99286875979184,0.5,0.5,11,1.0347143074586334,1.0575280047274054,0.0,0.0,0.179777145458124,0.0,0.09531405864842353,0.08446308680970045
1325,1,0,1,0.07064221609224361,3.9013802831203583,24.282035888742243,18.01489769165031,0.5,0.5,11,1.0755847508607972,1.056957662295686,0.0,0.0,0.18628439494859053,0.0,0.09253702038932617,0.09374737455926438
1326,1,0,1,0.07062507506713055,3.972005358187489,24.285161345864644,18.0409139863067,0.5,0.5,11,1.086565091288605,1.057423339509814,0.0,0.0,0.1884438738736559,0.0,0.09353815809584376,0.09490571577781218
1327,1,0,1,0.0707150335259364,4.0,24.299691597991387,18.010258796123573,0.5,0.5,11,1.0420269452479014,1.0581518833042836,0.0,0.0,0.18114408901205717,0.0,0.0958834136541717,0.08526067535788547
1328,1,0,1,0.07070906969882022,4.0,24.312831026453853,17.981345947040435,0.5,0.5,11,1.041975339232203,1.057748759852874,0.0,0.0,0.1812334376402256,0.0,0.0956923166504823,0.08554112098974326
1329,1,0,1,0.07064616977486256,4.0,24.306009393713694,18.001808357570376,0.5,0.5,11,1.0709952021271325,1.0573544243373574,0.0,0.0,0.1855689412851215,0.0,0.09215400824334918,0.09341493304177231
1330,1,0,0,-0.16924425737868767,3.8307557426213124,24.306809202715154,17.965943120271394,0.5,0.5,11,1.022630015484585,1.0576954437821016,0.0,0.0,0.17808616243252104,0.0,0.09383695611913331,0.08424920631338775
1331,1,0,0,-0.16935573702929177,3.6614000055920206,24.30114164775989,17.98966127672833,0.5,0.5,11,1.074869409576339,1.0568188080746639,0.0,0.0,0.1862619293405415,0.0,0.09226029203095648,0.09400163730958504
1332,1,0,1,0.07076202552540517,3.7321620311174257,24.3042683280006,17.951376728594944,0.5,0.5,11,1.0221122052195257,1.0572700731122056,0.0,0.0,0.1779517775605977,0.0,0.09418248514764571,0.08376929241295202
1333,1,0,1,0.07075278308815273,3.8029148142055784,24.310331131520215,17.919915867252403,0.5,0.5,11,1.030993068591961,1.0563911264148886,0.0,0.0,0.17931379054354743,0.0,0.09461364620417219,0.08470014433937524
1334,1,0,1,0.0707173812812235,3.873632195486802,24.32448590464166,17.893979899387567,0.5,0.5,11,1.0439749802259237,1.0557561749693154,0.0,0.0,0.18158328384354855,0.0,0.09586418610864121,0.08571909773490734
1335,1,0,1,0.07077325995712579,3.9444054554439276,24.321169873740793,17.861376972619453,0.5,0.5,11,1.019542687431756,1.0554616451007308,0.0,0.0,0.1777282976456536,0.0,0.09324447197916744,0.08448382566648614
1336,1,0,1,0.07073434024994639,4.0,24.32849107430753,17.837208067470115,0.5,0.5,11,1.0377159665764002,1.0545636711590065,0.0,0.0,0.18056859663662442,0.0,0.09484059630749354,0.08572800032913092
1337,1,0,1,0.07065610595512255,4.0,24.319970438926987,17.862269817721263,0.5,0.5,11,1.0706835934150485,1.054142478544441,0.0,0.0,0.1852177847040553,0.0,0.09186915055021784,0.0933486341538375
1338,1,0,0,-0.16924090136092523,3.8307590986390747,24.321879392001883,17.831398794857463,0.5,0.5,11,1.0255939366273026,1.0545560064162063,0.0,0.0,0.17856870665359337,0.0,0.09400432633261419,0.0845643803209792
1339,1,0,1,0.07064204785971023,3.901401146498785,24.31728893265681,17.861706996651947,0.5,0.5,11,1.0795496971208927,1.0538319546714838,0.0,0.0,0.18709637006194907,0.0,0.09247899206648205,0.09461737799546704
1340,1,0,0,-0.16934865099798424,3.7320524955008008,24.311609882517494,17.888269064781845,0.5,0.5,11,1.0753579162233005,1.0544748982327188,0.0,0.0,0.18621113709618273,0.0,0.09233050313076291,0.09388063396541982
1341,1,0,1,0.07075499664702461,3.802807492147825,24.313024331976735,17.85879809230479,0.5,0.5,11,1.0269404506646747,1.0549969736824836,0.0,0.0,0.17892901591811855,0.0,0.09392235644157439,0.08500665947654414
1342,1,0,0,-0.16934818502794635,3.633459307119879,24.305008389911244,17.884559157259005,0.5,0.5,11,1.0720406834957599,1.0542955606070383,0.0,0.0,0.1856094074463949,0.0,0.0919275018863926,0.09368190556000225
1343,1,0,1,0.07066590469432033,3.7041252118141994,24.294849905865178,17.90602469167424,0.5,0.5,11,1.06604623904843,1.0547391886792563,0.0,0.0,0.18446023988210714,0.0,0.09163512986259022,0.09282511001951696
1344,1,0,1,0.07067723557103497,3.7748024473852344,24.285069981106197,17.92455662078852,0.5,0.5,11,1.0637738692937764,1.0550218649384857,0.0,0.0,0.18414646060292927,0.0,0.09166845882215344,0.09247800178077586
1345,1,0,1,0.07065024987722217,3.8454526972624565,24.277676111345443,17.94971854549135,0.5,0.5,11,1.073008719989442,1.0552406650473678,0.0,0.0,0.18599256464388386,0.0,0.09186681897175697,0.09412574567212686
1346,1,0,1,0.07071426523775692,3.9161669625002133,24.292040290264765,17.925919121902886,0.5,0.5,11,1.0462496217517852,1.0556848664209197,0.0,0.0,0.18164874814154844,0.0,0.09576194322818044,0.085886804913368
1347,1,0,0,-0.1693333372442849,3.7468336252559284,24.2816302957648,17.946154250330395,0.5,0.5,11,1.065274119231732,1.0554489853041913,0.0,0.0,0.18462565638546097,0.0,0.0915383504838348,0.0930873059016262
1348,1,0,1,0.07076032059530715,3.8175939458512356,24.28210721912313,17.91418549770799,0.5,0.5,11,1.024202784388306,1.05569461365238,0.0,0.0,0.1782295974623606,0.0,0.0936779577037726,0.08455163975858804
1349,1,1,1,0.00580181907109697,3.8233957649223327,24.27584334920283,17.876189758984307,0.5,0.5,11,1.0106477092767912,1.0549073179207782,0.0,1.5,0.17620580277245737,0.0,0.09266696134165153,0.08353884143080582
1350,1,2,1,0.005641019486525616,3.829036784408858,24.274536405923953,17.90463853719989,0.5,0.5,11,1.0809426626413838,1.0538008277046784,0.0,1.5,0.18730503364143555,0.0,0.09283463568532328,0.09447039795611228
1351,1,0,1,0.070703076672384,3.899739861081242,24.29118497548718,17.884891437605862,0.5,0.5,11,1.0513808435472989,1.054479373578096,0.0,0.0,0.18260971101226317,0.0,0.09613389075486536,0.0864758202573978
1352,1,0,1,0.07064205062467696,3.970381911705919,24.287510474447373,17.91112972234052,0.5,0.5,11,1.0769656940221721,1.054401910327326,0.0,0.0,0.18648067473048052,0.0,0.09247399495962219,0.09400667977085835
1353,1,0,1,0.07065667297934061,4.0,24.281231018099998,17.934625043459818,0.5,0.5,11,1.0721818696916228,1.0549660049196972,0.0,0.0,0.18577707866642118,0.0,0.09205940066784611,0.09371767799857508
1354,1,0,1,0.07064308899488603,4.0,24.27927365845175,17.96032899022595,0.5,0.5,11,1.079142988656883,1.0553964015389954,0.0,0.0,0.18703177394197829,0.0,0.09271475470177312,0.09431701924020516
1355,1,0,1,0.07075785283734616,4.0,24.282100720818523,17.928848820074073,0.5,0.5,11,1.0273369584318401,1.0559900662169426,0.0,0.0,0.17900979346576165,0.0,0.09403663966929995,0.08497315379646168
1356,1,0,1,0.07066685731951622,4.0,24.27421797136285,17.945472942034293,0.5,0.5,11,1.0640151110268605,1.055273738522315,0.0,0.0,0.18398721243186852,0.0,0.0918527724159024,0.09213444001596616
1357,1,0,1,0.07063866646443673,4.0,24.270613850171202,17.968812507431046,0.5,0.5,11,1.0752277170400357,1.0554922728349285,0.0,0.0,0.18629343077010113,0.0,0.09245439763706013,0.093839033133041
1358,1,0,1,0.07064369005489891,4.0,24.267979184745727,17.99089600487533,0.5,0.5,11,1.0754344909588591,1.0559856589400562,0.0,0.0,0.18638745617760963,0.0,0.0925822254937364,0.0938052306838732
1359,1,0,1,0.07061975811030399,4.0,24.267585215762104,18.0164742338103,0.5,0.5,11,1.081656139691873,1.0564718797405264,0.0,0.0,0.1874592833367949,0.0,0.09289178546866542,0.09456749786812947
1360,1,0,1,0.07074609904505838,4.0,24.27371710526885,17.985403590117656,0.5,0.5,11,1.0321627320534195,1.05710148623931,0.0,0.0,0.17973238204201147,0.0,0.09448145877560184,0.08525092326640965
1361,1,2,1,0.005748100585925026,4.0,24.28078524193266,17.954971609555216,0.5,0.5,11,1.0331141734860305,1.0564780173846628,0.0,1.5,0.17982328853431487,0.0,0.09467573932467128,0.0851475492096436
1362,1,0,1,0.07062309818313273,4.0,24.28280786510582,17.98428391680495,0.5,0.5,11,1.0872288517100896,1.055893921287197,0.0,0.0,0.188531923519134,0.0,0.09331365756323175,0.09521826595590227
1363,1,0,1,0.0707242069244862,4.0,24.295167415052507,17.954443413519982,0.5,0.5,11,1.03919634120949,1.0566772945477694,0.0,0.0,0.18082173658222453,0.0,0.09553484294208178,0.08528689364014273
1364,1,0,1,0.07062280422328353,4.0,24.299118096656436,17.984243088453027,0.5,0.5,11,1.0899906272512805,1.0562402707143121,0.0,0.0,0.18922815727291933,0.0,0.09375621620569692,0.09547194106722243
1365,1,0,1,0.07071632934929194,4.0,24.31225077363881,17.95617312416396,0.5,0.5,11,1.0421467423210442,1.0570840296277366,0.0,0.0,0.18108972672876877,0.0,0.09569180646760231,0.08539792026116644
1366,1,0,1,0.0706272750567672,4.0,24.312407851682337,17.98270032043953,0.5,0.5,11,1.0833948717641637,1.0567105974450692,0.0,0.0,0.18784517151615068,0.0,0.0932277180767091,0.09461745343944161
1367,1,0,1,0.07077507519280314,4.0,24.30887906803288,17.945863375095882,0.5,0.5,11,1.0170119753099458,1.0573777043030466,0.0,0.0,0.17735366667923913,0.0,0.09320119525722141,0.08415247142201772
1368,1,0,1,0.07076841562656018,4.0,24.30813513517835,17.91253910024431,0.5,0.5,11,1.022300353372119,1.056368561078219,0.0,0.0,0.17830744485718905,0.0,0.09360423056534159,0.08470321429184748
1369,1,0,1,0.07071736847466256,4.0,24.317660831534553,17.890977638394215,0.5,0.5,11,1.0434810903916683,1.0555168558855668,0.0,0.0,0.18163711332877458,0.0,0.09514665037267492,0.08649046295609969
1370,1,0,1,0.07065123968671869,4.0,24.311230081694074,17.917120095955084,0.5,0.5,11,1.0749276694686145,1.055215961748219,0.0,0.0,0.18605169431322147,0.0,0.09215344150514884,0.09389825280807262
1371,1,0,1,0.07065294345576338,4.0,24.305322118063945,17.940784108718947,0.5,0.5,11,1.0734648035749623,1.0557087544412291,0.0,0.0,0.1858159600206475,0.0,0.09223162453375247,0.09358433548689508
1372,1,0,1,0.07080067073099346,4.0,24.296375517197724,17.903289170515812,0.5,0.5,11,1.0097111166002142,1.0561526556695724,0.0,0.0,0.17622712188472933,0.0,0.09235178407456789,0.08387533781016145
1373,1,1,1,0.0056569660864043475,4.0,24.290891480683825,17.924411823125503,0.5,0.5,11,1.0706302332886324,1.0549916171928384,0.0,1.5,0.18514543774481687,0.0,0.09228095987207328,0.09286447787274359
1374,1,0,1,0.07075110875429134,4.0,24.293964205203018,17.897811898904685,0.5,0.5,11,1.031855382893609,1.0553825825952332,0.0,0.0,0.17952678083436469,0.0,0.09405557605388895,0.08547120478047575
1375,1,0,1,0.07067150999870775,4.0,24.28665491020634,17.917233155452653,0.5,0.5,11,1.0669063641539833,1.0547944026026927,0.0,0.0,0.1844503409776893,0.0,0.09199957656364438,0.09245076441404493
1376,1,0,1,0.07074171471290593,4.0,24.291965399587752,17.889683938986135,0.5,0.5,11,1.0328584745563687,1.055097201641475,0.0,0.0,0.17962769852636531,0.0,0.09439497334200368,0.08523272518436163
1377,1,0,1,0.0706633090757553,4.0,24.28552810556624,17.91191477602983,0.5,0.5,11,1.0703347764865279,1.0545412334643474,0.0,0.0,0.18546321739939814,0.0,0.09208279070755557,0.09338042669184254
1378,1,1,1,0.0056515016208862024,4.0,24.282072722453517,17.935496465570637,0.5,0.5,11,1.0750623784679836,1.054936072039902,0.0,1.5,0.1861978493115019,0.0,0.0925260583324933,0.0936717909790086
1379,1,0,1,0.0706532159095999,4.0,24.27795140440035,17.957716826911508,0.5,0.5,11,1.0735382729883156,1.0554392297006039,0.0,0.0,0.18581404906693844,0.0,0.0924296194386709,0.09338442962826753
1380,1,1,1,0.005649504988200269,4.0,24.27485737591514,17.980812606461974,0.5,0.5,11,1.0758934568480507,1.0558917057827966,0.0,1.5,0.1864087147344752,0.0,0.09247363522687332,0.09393507950760191
1381,1,0,1,0.07074550034000696,4.0,24.2803159094426,17.948688584140395,0.5,0.5,11,1.0297262607653064,1.056391749559428,0.0,0.0,0.17910714469712852,0.0,0.09442945596341473,0.08467768873371379
1382,1,0,1,0.07064594042417877,4.0,24.27903777291627,17.969971765692584,0.5,0.5,11,1.0757301573654325,1.055725112339575,0.0,0.0,0.18637361460842972,0.0,0.09283666156826886,0.09353695304016087
1383,1,0,1,0.07072602202239076,4.0,24.292427317055978,17.94316809108795,0.5,0.5,11,1.0428111080002922,1.0562252384652213,0.0,0.0,0.18122423892299694,0.0,0.09563853066626862,0.08558570825672829
1384,1,0,1,0.07067818446328322,4.0,24.283236591199305,17.957142487731282,0.5,0.5,11,1.0606735559902618,1.055889885203598,0.0,0.0,0.18338912945396982,0.0,0.09168034181404429,0.09170878763992554
1385,1,0,1,0.07074919917579832,4.0,24.288783285299154,17.927983723351243,0.5,0.5,11,1.0323974066930706,1.0560094769732649,0.0,0.0,0.1795851940560366,0.0,0.09441158501555681,0.08517360904047977
1386,1,0,1,0.07071742331046865,4.0,24.3015579066831,17.9025379656301,0.5,0.5,11,1.042748038879063,1.0554191752162598,0.0,0.0,0.1812387697623228,0.0,0.09554590273222527,0.08569286703009756
1387,1,0,1,0.07064026294240519,4.0,24.300507283702203,17.929646769474417,0.5,0.5,11,1.0811605776712532,1.05510239680783,0.0,0.0,0.1874194238726575,0.0,0.09296230356168653,0.09445712031097096
1388,1,1,1,0.005629817651377543,4.0,24.30092322363855,17.956033939004286,0.5,0.5,11,1.0825569607956285,1.0557538513294156,0.0,1.5,0.18772621823189123,0.0,0.09319652202735461,0.09452969620453665
1389,1,1,1,0.005683115684231569,4.0,24.288194295114614,17.970189130542686,0.5,0.5,11,1.0578501920805379,1.0564239290660709,0.0,1.5,0.18298814154335888,0.0,0.09118555747814489,0.09180258406521401
1390,1,0,1,0.07079902641998581,4.0,24.280492726366923,17.931202043967843,0.5,0.5,11,1.009770930318895,1.0564595856414325,0.0,0.0,0.1759190027784911,0.0,0.09244949882211637,0.08346950395637476
1391,1,0,1,0.07065144817990668,4.0,24.277326078583993,17.954810820879963,0.5,0.5,11,1.0757344983875625,1.0552923692583691,0.0,0.0,0.1866069682598706,0.0,0.09257545314884943,0.09403151511102119
1392,1,0,1,0.07064937377751296,4.0,24.274507265038316,17.975876774078113,0.5,0.5,11,1.0740505621390692,1.055803422486599,0.0,0.0,0.1860822057221066,0.0,0.09262655191906115,0.09345565380304541
1393,1,0,1,0.07063351745945469,4.0,24.275438319455645,17.99813224389274,0.5,0.5,11,1.0794461252098695,1.0562596009779108,0.0,0.0,0.18694799210009283,0.0,0.0930831035606446,0.09386488853944822
1394,1,0,1,0.07072568764251141,4.0,24.28759742716955,17.971876011299013,0.5,0.5,11,1.0427421392038903,1.0568392640837097,0.0,0.0,0.18126876571346615,0.0,0.09542063272378457,0.08584813298968158
1395,1,1,1,0.005656666128937361,4.0,24.281759337983182,17.991595186675504,0.5,0.5,11,1.0703679221518323,1.0564868359617143,0.0,1.5,0.18533018006339905,0.0,0.09220389634340147,0.09312628371999757
1396,1,0,0,-0.1693669581948338,3.830633041805166,24.280540947570152,18.014126110120937,0.5,0.5,11,1.0781463961488718,1.0568338631164673,0.0,0.0,0.18690982901932587,0.0,0.09289544713179611,0.09401438188752977
1397,1,0,1,0.07075381239907211,3.9013868542042385,24.286666746106448,17.980123279210392,0.5,0.5,11,1.0294896440680246,1.0573666764422773,0.0,0.0,0.17908816331521774,0.0,0.0945457976681224,0.08454236564709534
1398,1,0,1,0.07077254901137459,3.972159403215613,24.287058234849198,17.94474602976076,0.5,0.5,11,1.0216839899260433,1.056669750632921,0.0,0.0,0.1777287887122877,0.0,0.09363475826818221,0.08409403044410547
1399,1,0,1,0.07065696568909115,4.0,24.282902434921873,17.964782910889724,0.5,0.5,11,1.0716761878168903,1.055795106615249,0.0,0.0,0.18562795029253532,0.0,0.09234658820964153,0.09328136208289378
1400,1,1,1,0.005704085775722729,4.0,24.298702618647134,17.941737044868937,0.5,0.5,11,1.048946451349759,1.0561921336452902,0.0,1.5,0.18227257941128414,0.0,0.09600297828525017,0.08626960112603396
1401,1,0,0,-0.1693403653087534,3.8306596346912465,24.29346830007787,17.962074585724768,0.5,0.5,11,1.0711142138744658,1.056010991587902,0.0,0.0,0.18551844832186026,0.0,0.09231014472244119,0.09320830359941902
1402,1,1,1,0.005727038491950565,3.8363866731831973,24.306590499587134,17.93452976686946,0.5,0.5,11,1.041965952799027,1.056388572145066,0.0,1.5,0.1809657213910412,0.0,0.09567582712247387,0.08528989426856735
1403,1,1,1,0.0057262760593965265,3.8421129492425936,24.316220957200407,17.908313799023542,0.5,0.5,11,1.0394424964287705,1.056028006661415,0.0,1.5,0.18079516850429656,0.0,0.09516318862080582,0.08563197988349074
1404,1,0,1,0.07066492601645623,3.91277787525905,24.30714194888234,17.92625323368218,0.5,0.5,11,1.0644737952461645,1.0556133689055989,0.0,0.0,0.18411166676470905,0.0,0.09181106220902069,0.09230060455568838
1405,1,0,1,0.07066344063559662,3.9834413158946465,24.300157562632066,17.94401526340447,0.5,0.5,11,1.0666125230361319,1.055834879564113,0.0,0.0,0.1844705774445191,0.0,0.0920735785906565,0.0923969988538626
1406,1,0,1,0.07065319232529195,4.0,24.294456714186452,17.96238747052448,0.5,0.5,11,1.068775679325312,1.0561043206509133,0.0,0.0,0.1849715613855284,0.0,0.09230933780354963,0.09266222358197879
1407,1,0,1,0.07073730787373901,4.0,24.30208893643268,17.9313491007544,0.5,0.5,11,1.0330149570939198,1.0564211046177734,0.0,0.0,0.17969912802753013,0.0,0.09479228086347881,0.08490684716405134
1408,1,0,1,0.07073760331460585,4.0,24.311641549618518,17.902211014601548,0.5,0.5,12,1.0362504779626618,1.055835950929677,0.0,0.0,0.18021058714108776,0.0,0.09510672644055057,0.08510386070053719
1409,1,0,1,0.07072742451641519,4.0,24.321212702826386,17.877631697559593,0.5,0.5,12,1.0403381502714137,1.0553463141055017,0.0,0.0,0.18092044591018477,0.0,0.09513736071545809,0.08578308519472669
1410,1,0,0,-0.16926681717523898,3.830733182824761,24.330684143343674,17.853578842407874,0.5,0.5,12,1.0403896953752212,1.0549711100096495,0.0,0.0,0.1809655163827832,0.0,0.09518796968846147,0.08577754669432171
1411,1,0,1,0.07064706810063097,3.901380250925392,24.32594231790742,17.877762904561347,0.5,0.5,12,1.0740488113610036,1.0546065746437887,0.0,0.0,0.18600470931176732,0.0,0.0925177626179252,0.09348694669384214
1412,1,0,1,0.07073880755706861,3.972119058482461,24.330002454908637,17.851446413999717,0.5,0.5,12,1.0328362770013109,1.0550926305617192,0.0,0.0,0.17969059916871502,0.0,0.09435718313498961,0.08533341603372539
1413,1,0,0,-0.16924439486455128,3.8028746636179096,24.33059513740907,17.824179715983085,0.5,0.5,12,1.0278622062065106,1.054536221722709,0.0,0.0,0.17910341416393494,0.0,0.09382422955668222,0.08527918460725273
1414,1,0,1,0.07066230047236033,3.87353696409027,24.32457931500864,17.84865763480316,0.5,0.5,12,1.0723314677544522,1.053869371334804,0.0,0.0,0.18542914770186728,0.0,0.09233085565964329,0.09309829204222397
1415,1,0,1,0.07075345664193766,3.944290420732208,24.32812890587622,17.825436585547564,0.5,0.5,12,1.0346594653572756,1.0543309237452951,0.0,0.0,0.18008502265940168,0.0,0.09424619970813262,0.08583882295126903
1416,1,0,1,0.07066593345553776,4.0,24.320516730960016,17.84910030752728,0.5,0.5,12,1.069890684349104,1.0538391372855949,0.0,0.0,0.1849674588936966,0.0,0.09204225814199882,0.09292520075169777
1417,1,0,1,0.07062290212737778,4.0,24.324437376095446,17.883332957458222,0.5,0.5,12,1.0923937210285546,1.0542404259621825,0.0,0.0,0.18957408608907061,0.0,0.09377358525291125,0.09580050083615937
1418,1,0,1,0.07063859344733327,4.0,24.321408658796482,17.90886882100579,0.5,0.5,12,1.0777014045874453,1.0551942583388416,0.0,0.0,0.1865762550231566,0.0,0.09271573540756722,0.09386051961558942
1419,1,0,1,0.07065476046258282,4.0,24.315816942369665,17.93280124301181,0.5,0.5,12,1.0740976425742583,1.0557569369950568,0.0,0.0,0.18610709419999294,0.0,0.09232820786158942,0.0937788863384035
1420,1,0,1,0.07074181139861185,4.0,24.321616389100296,17.905409428180196,0.5,0.5,12,1.0346230865335566,1.056215454634537,0.0,0.0,0.1800602589543459,0.0,0.09456701542502186,0.08549324352932405
1421,1,0,1,0.070731996718035,4.0,24.330891760867285,17.8814739259034,0.5,0.5,12,1.0410155149222045,1.0556756454320122,0.0,0.0,0.18101973174312902,0.0,0.09514521873688056,0.08587451300624846
1422,1,0,0,-0.16934512569769183,3.8306548743023083,24.325509097040005,17.905760307515227,0.5,0.5,12,1.0742128599538154,1.055309142169267,0.0,0.0,0.18598340052990037,0.0,0.09233893250904353,0.09364446802085688
1423,1,0,0,-0.169254068771948,3.66140080553036,24.330361825990266,17.878051490876693,0.5,0.5,12,1.0329256474256088,1.055781735113881,0.0,0.0,0.17971897731929087,0.0,0.09450778323866035,0.0852111940806305
1424,1,1,1,0.0057470817886923495,3.6671478873190524,24.333131414925614,17.853016814137504,0.5,0.5,12,1.0329452451178356,1.055210332921674,0.0,1.5,0.18005229316168153,0.0,0.09419286078074215,0.08585943238093939
1425,1,0,0,-0.16932012251662087,3.4978277648024316,24.32249568150889,17.874953445297336,0.5,0.5,12,1.0659546034696863,1.0546537057265781,0.0,0.0,0.18435582031564776,0.0,0.09156569142247076,0.092790128893177
1426,1,0,1,0.07074544466972355,3.568573209472155,24.328056334099657,17.84965601570486,0.5,0.5,12,1.0351994511684413,1.0549362281701558,0.0,0.0,0.1801298518486036,0.0,0.0945987217984843,0.08553113005011935
1427,1,0,1,0.0706901393266773,3.639263348798832,24.314218475814542,17.868215577489188,0.5,0.5,12,1.059164512244322,1.054442808745113,0.0,0.0,0.18320221286976515,0.0,0.0911106146780354,0.09209159819172973
1428,1,0,1,0.07078315896920657,3.710046507768039,24.311370316962375,17.83861628613342,0.5,0.5,12,1.0221134011246622,1.054560851332593,0.0,0.0,0.17818064758886293,0.0,0.09327744123955015,0.08490320634931275
1429,1,0,1,0.07073419722166593,3.780780704989705,24.3196060490842,17.818447632375154,0.5,0.5,12,1.0418167434409602,1.0537496650773948,0.0,0.0,0.18104882851250653,0.0,0.09489980112822764,0.08614902738427886
1430,1,0,1,0.0707315280901279,3.851512233079833,24.32846022647754,17.799575857283195,0.5,0.5,12,1.0434337443378583,1.053451342036484,0.0,0.0,0.18150391671454183,0.0,0.09502254027561435,0.0864813764389275
1431,1,0,1,0.070806662778386,3.922318895858219,24.31753472027929,17.768541860905472,0.5,0.5,12,1.0112413995180491,1.0532009020940185,0.0,0.0,0.17635320917183867,0.0,0.09210060020006508,0.08425260897177357
1432,1,0,1,0.07073126374678476,3.9930501596050036,24.32705583376564,17.75100162399061,0.5,0.5,12,1.0441327911011062,1.0521519145296192,0.0,0.0,0.18155299596794583,0.0,0.09512064186410575,0.0864323541038401
1433,1,2,0,-0.2343005226003181,3.7587496370046853,24.314095832121733,17.774689392639004,0.5,0.5,12,1.0626792034483918,1.0519514364439062,0.0,1.5,0.1840239288004174,0.0,0.09117054644696003,0.09285338235345739
1434,1,0,1,0.07069497728132515,3.8294446142860106,24.300190389680104,17.796097245801857,0.5,0.5,12,1.059722041340243,1.0522196306190186,0.0,0.0,0.18322128493829004,0.0,0.0910170800921275,0.09220420484616251
1435,1,0,0,-0.1693214228786794,3.6601231914073313,24.2932689382436,17.822944087380968,0.5,0.5,12,1.0723325810296584,1.0524071908870491,0.0,0.0,0.18573405812846666,0.0,0.09199032037440318,0.09374373775406346
1436,1,0,1,0.07075398241034975,3.730877173817681,24.297596795082363,17.8001421754589,0.5,0.5,12,1.0344312705573098,1.0529053256406142,0.0,0.0,0.18008040935727354,0.0,0.0942836619225887,0.08579674743468484
1437,1,2,1,0.005734535574988507,3.73661170939267,24.31097688823612,17.781603350076857,0.5,0.5,12,1.0472847420352405,1.0524434742635316,0.0,1.5,0.1818005196962098,0.0,0.09563919281900009,0.0861613268772097
1438,1,0,1,0.0707029468782582,3.807314656270928,24.30012053720076,17.79989596890379,0.5,0.5,12,1.0597507737493947,1.0523145059578245,0.0,0.0,0.18310710832537133,0.0,0.09145192990912468,0.09165517841624668
1439,1,0,1,0.07072965740829515,3.878044313679223,24.311590355390276,17.779877727628154,0.5,0.5,12,1.0439519895665001,1.0525004126526136,0.0,0.0,0.1813333571946868,0.0,0.09535892150156708,0.08597443569311969
1440,1,0,1,0.07067978690683763,3.9487241005860607,24.305420287959777,17.80628722199245,0.5,0.5,12,1.0725261290092534,1.052286702075461,0.0,0.0,0.1858521739962339,0.0,0.09214074087364148,0.09371143312259245
1441,1,0,1,0.07067791275557064,4.0,24.298205511859045,17.82883471411693,0.5,0.5,12,1.068125403772558,1.0527926877488056,0.0,0.0,0.18493404188607426,0.0,0.09194886644157726,0.092985175444497
1442,1,1,1,0.005745834539845452,4.0,24.306045718461718,17.806323631049203,0.5,0.5,12,1.0385051291843417,1.0531760056493995,0.0,1.5,0.18062496955609175,0.0,0.09481583386361846,0.0858091356924733
1443,1,0,0,-0.16932835358017553,3.8306716464198245,24.299725641985262,17.830088602369642,0.5,0.5,12,1.0702541285817535,1.052809233737773,0.0,0.0,0.18546924513531277,0.0,0.09216281142842646,0.09330643370688632
1444,1,0,0,-0.16931506760690462,3.66135657881292,24.29093491172724,17.851209007862987,0.5,0.5,12,1.065575031344204,1.0532453561088726,0.0,0.0,0.1844821951994712,0.0,0.09174818614719496,0.09273400905227625
1445,1,0,1,0.07071431434146766,3.7320708931543876,24.30719104033168,17.834568767337522,0.5,0.5,12,1.053169486068727,1.053553597989756,0.0,0.0,0.18281518786920878,0.0,0.0960823632883529,0.08673282458085586
1446,1,0,1,0.07067227424636988,3.8027431674007572,24.301023114199594,17.856043756177236,0.5,0.5,12,1.068851057899359,1.0535439951917303,0.0,0.0,0.1848667355142658,0.0,0.09214943719434086,0.09271729831992495
1447,1,0,1,0.07076435360671207,3.873507521007469,24.302013880044562,17.83029659398062,0.5,0.5,12,1.0291702754077714,1.053926671759421,0.0,0.0,0.17926623161802957,0.0,0.09382909552167237,0.08543713609635721
1448,1,0,1,0.07068438099560184,3.944191902003071,24.291596805173825,17.850289803852064,0.5,0.5,12,1.06288389685134,1.0533077618506297,0.0,0.0,0.18393181842261958,0.0,0.09152076051071058,0.09241105791190898
1449,1,0,1,0.07075075142928433,4.0,24.296787872159296,17.82825511366392,0.5,0.5,12,1.0367035420229707,1.0535471652256474,0.0,0.0,0.1803719664288636,0.0,0.09439279572008372,0.08597917070877986
1450,1,0,1,0.07075104948156863,4.0,24.300892340442275,17.804238784424555,0.5,0.5,12,1.0332142136891975,1.0531260746455804,0.0,0.0,0.1797668753888717,0.0,0.09425099982179393,0.08551587556707779
1451,1,0,1,0.07071909377212922,4.0,24.31519831146333,17.78747927552862,0.5,0.5,12,1.0501747402467898,1.052628278121671,0.0,0.0,0.1823659772743463,0.0,0.09579292504526045,0.08657305222908587
1452,1,0,1,0.07072447745616264,4.0,24.32585273905589,17.770661527825858,0.5,0.5,12,1.0464036195645972,1.052566939674799,0.0,0.0,0.18185038579892987,0.0,0.09530166231526703,0.08654872348366285
1453,1,1,1,0.0057606674544158805,4.0,24.328444446319267,17.74684878432521,0.5,0.5,12,1.0311918204347716,1.0524128566720439,0.0,1.5,0.17932674835841933,0.0,0.09410333968709664,0.08522340867132269
1454,1,0,0,-0.1693156087433425,3.8306843912566575,24.31885412185248,17.771474692035426,0.5,0.5,12,1.0669179140095393,1.051882330766112,0.0,0.0,0.184677446554993,0.0,0.09165887497226693,0.09301857158272606
1455,1,0,1,0.07073340618650933,3.901417797443167,24.328374452679512,17.75351736512858,0.5,0.5,12,1.0438212242673854,1.0522582203471977,0.0,0.0,0.18151348869166614,0.0,0.09516654050428085,0.0863469481873853
1456,1,0,1,0.0706702244740204,3.9720880219171875,24.32335040007608,17.780799182368632,0.5,0.5,12,1.074305060081824,1.0520472954452023,0.0,0.0,0.18614397025955184,0.0,0.09237357814346724,0.09377039211608461
1457,1,0,1,0.07074856977949162,4.0,24.327877587743384,17.758756189247514,0.5,0.5,12,1.0350879341072954,1.0526037395611179,0.0,0.0,0.18004092712815042,0.0,0.09438928691999275,0.08565164020815766
1458,1,1,0,-0.2343095213837314,3.7656904786162686,24.31724427333235,17.779839622089806,0.5,0.5,12,1.0626159628560368,1.0521658444247723,0.0,1.5,0.1838569819531187,0.0,0.09149452568263614,0.09236245627048256
1459,1,0,1,0.07068202829769556,3.836372506913964,24.306617072361124,17.801709786058787,0.5,0.5,12,1.0636700603833082,1.052427097385554,0.0,0.0,0.18412925154365173,0.0,0.09149535935967551,0.09263389218397622
1460,1,0,1,0.07068160476408525,3.9070541116780495,24.299085608463265,17.82523786704159,0.5,0.5,12,1.0687047885454426,1.0527081714604978,0.0,0.0,0.18517614703965524,0.0,0.0919016108857216,0.09327453615393363
1461,1,0,1,0.07067573385084176,3.9777298455288914,24.290601653830283,17.84845965210424,0.5,0.5,12,1.0678459173172907,1.0531080868876215,0.0,0.0,0.18503208149133524,0.0,0.09173175731252128,0.09330032417881395
1462,1,2,1,0.005746325828436392,3.983476171357328,24.29910815148889,17.82320626830235,0.5,0.5,12,1.0367296465050808,1.0534765326483633,0.0,1.5,0.18005258102463442,0.0,0.09486630994971991,0.0851862710749145
1463,1,1,1,0.005679485711680082,3.989155657069008,24.29131118124549,17.843945939147538,0.5,0.5,12,1.0660005610965697,1.0530578604947811,0.0,1.5,0.1846226980305093,0.0,0.09189770392039283,0.09272499411011645
1464,1,0,1,0.07065509689103013,4.0,24.288934195316024,17.867198385492767,0.5,0.5,12,1.0742568884255828,1.0533814280098257,0.0,0.0,0.1859854858494427,0.0,0.09267778512119496,0.09330770072824775
1465,1,0,1,0.07067318050365312,4.0,24.283461807075355,17.886069211838436,0.5,0.5,12,1.0673017526252222,1.0539033145202197,0.0,0.0,0.1847142313194269,0.0,0.09215562079852811,0.09255861052089878
1466,1,0,1,0.0707516898053434,4.0,24.290263867189804,17.858365547599234,0.5,0.5,12,1.033336671348093,1.0542382754728448,0.0,0.0,0.17957986899024775,0.0,0.09462431397819782,0.08495555501204993
1467,1,0,1,0.07065886650131341,4.0,24.28799158711071,17.879899824801136,0.5,0.5,12,1.0729777324925327,1.053715735369726,0.0,0.0,0.18582939189625144,0.0,0.09270218179591777,0.0931272101003337
1468,1,0,1,0.07067204311477197,4.0,24.280764996963747,17.89936197885066,0.5,0.5,12,1.0664328492003539,1.0541972852977963,0.0,0.0,0.1848320154798327,0.0,0.09196157300069933,0.09287044247913337
1469,1,0,1,0.07066095453531336,4.0,24.278526917637382,17.91881419236138,0.5,0.5,12,1.071717308579719,1.0545031743953603,0.0,0.0,0.18562356581809722,0.0,0.09271765233913817,0.09290591347895905
1470,1,0,1,0.07069993894943961,4.0,24.269627225548376,17.927362652244696,0.5,0.5,12,1.0545822955442814,1.0549335277499692,0.0,0.0,0.18236547105509598,0.0,0.09172744623612772,0.09063802481896825
1471,1,0,1,0.07067058188551786,4.0,24.26596970608136,17.944729326554683,0.5,0.5,12,1.068633901787795,1.054924746944827,0.0,0.0,0.1850183177567445,0.0,0.09245777024200333,0.09256054751474116
1472,1,0,1,0.07065570636597916,4.0,24.263275651107595,17.96199065554554,0.5,0.5,12,1.0698347498329914,1.055267475815901,0.0,0.0,0.18527730871939038,0.0,0.0925363470370459,0.0927409616823445
1473,1,0,1,0.07073118381574874,4.0,24.275070587325306,17.933220198014418,0.5,0.5,12,1.0386561363529194,1.0556316576663285,0.0,0.0,0.1805419000301333,0.0,0.09533173839832518,0.08521016163180815
1474,1,0,1,0.07063973010085554,4.0,24.27728239577759,17.958081275569164,0.5,0.5,12,1.0822801556405235,1.055207269633493,0.0,0.0,0.18770634514207143,0.0,0.09333415509911105,0.09437219004296037
1475,1,0,1,0.07074504052506396,4.0,24.283219526040146,17.928121360148943,0.5,0.5,12,1.031861306626,1.055884091783669,0.0,0.0,0.17938629596228076,0.0,0.09449438903582998,0.08489190692645078
1476,1,0,0,-0.16932687863226756,3.8306731213677323,24.27722125026598,17.943176825420633,0.5,0.5,12,1.0643407116522534,1.0552835221547272,0.0,0.0,0.18406262333373208,0.0,0.09212750783929055,0.09193511549444149
1477,1,0,0,-0.1693398033719889,3.6613333179957435,24.273079952059625,17.962370107060856,0.5,0.5,12,1.0705619353260367,1.0555099518921653,0.0,0.0,0.18557739823012584,0.0,0.0923373960306507,0.09324000219947512
1478,1,0,1,0.07069954869699728,3.732032866692741,24.26162458643808,17.972406396892506,0.5,0.5,12,1.0544671756881128,1.055886251478012,0.0,0.0,0.18228735835289966,0.0,0.09127846279813702,0.09100889555476263
1479,1,0,1,0.07066735880100813,3.802700225493749,24.2557253835661,17.990472926302566,0.5,0.5,12,1.068018101121349,1.0558507745832646,0.0,0.0,0.18506917159302427,0.0,0.09202772816305652,0.09304144342996779
1480,1,0,1,0.07074811531005443,3.8734483408038036,24.26233658644565,17.956972159008355,0.5,0.5,12,1.029265393332051,1.0561549577467169,0.0,0.0,0.17912095529865193,0.0,0.09456149871457623,0.08455945658407571
1481,1,2,1,0.005678237154512195,3.8791265779583157,24.25491942905186,17.97347385605213,0.5,0.5,12,1.0645672582863401,1.05548271863635,0.0,1.5,0.18449787319855476,0.0,0.0918577782099263,0.09264009498862845
1482,1,1,1,0.005658521798743121,3.884785099757059,24.253116683147397,17.993511470733164,0.5,0.5,12,1.0739447009041634,1.0557098321276,0.0,1.5,0.18618176770087663,0.0,0.09268345798156465,0.09349830971931197
1483,1,0,1,0.07066181697664792,3.955446916733707,24.249805167695932,18.01002454419105,0.5,0.5,12,1.069367261853439,1.056165703847014,0.0,0.0,0.18519645158687856,0.0,0.09250757365594416,0.09268887793093443
1484,1,0,1,0.07063471755657147,4.0,24.25153988167215,18.03095994653511,0.5,0.5,12,1.0791658591174516,1.0564957427971748,0.0,0.0,0.18720181649848003,0.0,0.09323605344784776,0.09396576305063224
1485,1,0,1,0.0707867099983438,4.0,24.248229250018458,17.991279664285415,0.5,0.5,12,1.0140715818017947,1.0570624957051815,0.0,0.0,0.1767458055474806,0.0,0.09302210709595919,0.08372369845152144
1486,1,0,1,0.07066509036499122,4.0,24.24263695342036,18.00664063191713,0.5,0.5,12,1.065756393891213,1.055987722857597,0.0,0.0,0.18473742592439255,0.0,0.0921431237166095,0.09259430220778309
1487,1,0,1,0.07065326196680352,4.0,24.239373969146506,18.02526030457161,0.5,0.5,12,1.0715886280140647,1.0562319396334372,0.0,0.0,0.18582402535051346,0.0,0.09239240679413067,0.09343161855638275
1488,1,0,1,0.07078556875727288,4.0,24.239104321640333,17.986138417229476,0.5,0.5,12,1.0172243219946469,1.056615856842953,0.0,0.0,0.17727217663886402,0.0,0.09345214537279067,0.08382003126607333
1489,1,0,0,-0.16936376318416058,3.8306362368158395,24.244056660955174,18.008978580810943,0.5,0.5,12,1.0834235713680505,1.0556310684717454,0.0,0.0,0.18801736818712272,0.0,0.093652751831197,0.09436461635592572
1490,1,1,1,0.005652989750991185,3.836289226566831,24.240607878303862,18.02683319903685,0.5,0.5,12,1.070731716618749,1.056325881044153,0.0,1.5,0.18567798032534338,0.0,0.09241574189841435,0.09326223842692904
1491,1,0,0,-0.16933533381352373,3.666953892753307,24.234561700008054,18.042136576212705,0.5,0.5,12,1.0659432258135606,1.0566860269335179,0.0,0.0,0.18484634642223285,0.0,0.09200232253747936,0.0928440238847535
1492,1,0,0,-0.16935345709485347,3.4976004356584536,24.233511804441992,18.057875621965,0.5,0.5,12,1.0716066070917545,1.056917456905519,0.0,0.0,0.18570066143726427,0.0,0.0927459602963009,0.09295470114096334
1493,1,0,1,0.07064269326186096,3.5682431289203147,24.236019787352618,18.07646446792827,0.5,0.5,12,1.0783815145340685,1.057284685660175,0.0,0.0,0.18705496771309577,0.0,0.09328143802686856,0.09377352968622721
1494,1,0,1,0.07067225585733704,3.638915384777652,24.22911642449737,18.085890210534224,0.5,0.5,12,1.0603344861327315,1.057812106382022,0.0,0.0,0.18361060588869202,0.0,0.09186278065476902,0.091747825233923
1495,1,0,1,0.07066208123100014,3.709577466008652,24.224300909678824,18.09731286541802,0.5,0.5,12,1.0644823059410387,1.0578751658757901,0.0,0.0,0.18457388101846472,0.0,0.09215354044920615,0.0924203405692586
1496,1,0,1,0.07079338806082801,3.78037085406948,24.223647954353282,18.05074520044852,0.5,0.5,12,1.0108197240823744,1.0580403443774213,0.0,0.0,0.1760200917711054,0.0,0.09338065851672563,0.08263943325437975
1497,1,1,1,0.005620522779852416,3.7859913768493323,24.23241126744068,18.074062944491203,0.5,0.5,12,1.0889408860001268,1.056859828870045,0.0,1.5,0.18907144298418757,0.0,0.0942482080127749,0.09482323497141266
1498,1,1,1,0.00573267619541125,3.7917240530447436,24.24599205763464,18.040126104446067,0.5,0.5,12,1.037305805447127,1.057661855298297,0.0,1.5,0.1803088037497615,0.0,0.0956007912663244,0.08470801248343712
1499,1,0,1,0.07074163781368437,3.862465690858428,24.25828868115181,18.00832290401588,0.5,0.5,12,1.0376463771390019,1.0571529540520177,0.0,0.0,0.18039088772145884,0.0,0.09535167749123863,0.0850392102302202
1500,1,1,1,0.005660806693002479,3.8681264975514305,24.24922530497027,18.024183678216996,0.5,0.5,12,1.063462687648765,1.0566652896291924,0.0,1.5,0.1843384713387211,0.0,0.09155607920116317,0.09278239213755794
1501,1,0,1,0.0707439496535729,3.9388704472050033,24.258270262777536,17.9885626376174,0.5,0.5,12,1.03025914178735,1.0568352245796817,0.0,0.0,0.17923955855350135,0.0,0.09488912950067213,0.08435042905282922
1502,1,1,0,-0.23432013248774053,3.7045503147172627,24.25045957401895,18.00001324487062,0.5,0.5,12,1.0598107410045108,1.0561708225098734,0.0,1.5,0.18322347347161436,0.0,0.09184610611355461,0.09137736735805974
1503,1,0,0,-0.16931001999610074,3.535240294721162,24.241285159874217,18.014169449146397,0.5,0.5,12,1.0612436106032828,1.0562618204722394,0.0,0.0,0.1838274363734317,0.0,0.09156939445535468,0.09225804191807703
1504,1,0,0,-0.16932264948310824,3.3659176452380537,24.235105590962313,18.026762970216502,0.5,0.5,12,1.0628003173837177,1.0563863652255154,0.0,0.0,0.18389817534690397,0.0,0.09194382672855647,0.0919543486183475
1505,1,0,1,0.07067012540782534,3.436587770645879,24.22905654550121,18.041000329928117,0.5,0.5,12,1.0647350282799781,1.0565467140294706,0.0,0.0,0.18439491507017072,0.0,0.09196962219801132,0.09242529287215943
1506,1,0,0,-0.16923627088153,3.267351499764349,24.236237774215603,18.004353792159627,0.5,0.5,12,1.0272861128316395,1.0567514218857332,0.0,0.0,0.17877082882486273,0.0,0.09455588977955941,0.08421493904530329
1507,1,0,1,0.07073344265039101,3.3380849424147403,24.251374452829914,17.975911418410732,0.5,0.5,12,1.0427090940248014,1.056014789159381,0.0,0.0,0.18112522197804373,0.0,0.0957509242403511,0.08537429773769259
1508,1,0,1,0.07078136404999326,3.4088663064647338,24.2540947574537,17.93518532464556,0.5,0.5,12,1.0176763576396242,1.0556821467810162,0.0,0.0,0.1771080163355515,0.0,0.09396644138264768,0.08314157495290382
1509,1,0,0,-0.1693623399748036,3.2395039664899303,24.258904117800654,17.960348647318852,0.5,0.5,12,1.084704685072729,1.0547320020524815,0.0,0.0,0.18823926954787265,0.0,0.09373819681123133,0.09450107273664132
1510,1,2,1,0.005687970100486945,3.2451919365904174,24.248954031218187,17.97524930247762,0.5,0.5,12,1.0604318877042889,1.0554813191279877,0.0,1.5,0.1837739724100511,0.0,0.09147179172470046,0.09230218068535062
1511,1,1,1,0.005730394870802878,3.2509223314612203,24.263855240422508,17.946010218877344,0.5,0.5,12,1.0412672089464392,1.0556050833423951,0.0,1.5,0.1810627533391621,0.0,0.09577803519509638,0.08528471814406571
1512,1,2,1,0.005753361913793041,3.2566756933750134,24.27112563126071,17.914718531979084,0.5,0.5,12,1.0312253404224383,1.0552466364824964,0.0,1.5,0.1791464821514351,0.0,0.09464952041246488,0.0844969617389702
1513,1,0,1,0.07068381846274033,3.327359511837754,24.260219080208515,17.934806788483208,0.5,0.5,12,1.0638278095329206,1.054646104080995,0.0,0.0,0.1843017828892262,0.0,0.09130430154507187,0.09299748134415434
1514,1,0,0,-0.16918878468165702,3.158170727156097,24.256629771126963,17.89416145548682,0.5,0.5,12,1.0106410046393555,1.054875646717293,0.0,0.0,0.17618452287348543,0.0,0.09299604982729062,0.0831884730461948
1515,1,0,1,0.07069629008662087,3.2288670172427176,24.245201559213985,17.911431416137972,0.5,0.5,12,1.059611529403519,1.0537697806653445,0.0,0.0,0.18350146941877307,0.0,0.09114479173989826,0.09235667767887484
1516,1,0,1,0.07073301828928004,3.2996000355319977,24.26037846989675,17.886207945908108,0.5,0.5,12,1.0438692648367023,1.053915824383799,0.0,0.0,0.18130742743288558,0.0,0.09579839435788357,0.08550903307500202
1517,1,0,1,0.0706726033856227,3.3702726389176205,24.25306832582278,17.90683446777812,0.5,0.5,12,1.0669810381911593,1.0536646603951214,0.0,0.0,0.18475836070929744,0.0,0.0918338329063503,0.09292452780294715
1518,1,2,1,0.005666291293347001,3.3759389302109675,24.249592818970818,17.930100065868594,0.5,0.5,12,1.073787661078537,1.0539975698400226,0.0,1.5,0.18602607451878606,0.0,0.09238802358981972,0.09363805092896631
1519,1,0,1,0.07074306089815212,3.4466819911091195,24.26093332133098,17.901374819041,0.5,0.5,12,1.0371075776535523,1.0544923221209852,0.0,0.0,0.18019182352394494,0.0,0.09518769402361749,0.08500412950032744
1520,1,0,1,0.07074936520326812,3.517431356312388,24.272134434443302,17.86982434234875,0.5,0.5,12,1.0337083399293712,1.0540577035092995,0.0,0.0,0.17955950339553026,0.0,0.09521357633899899,0.08434592705653128
1521,1,0,1,0.07081682501427271,3.5882481813266605,24.265373073979788,17.83036948976176,0.5,0.5,12,1.0073327563693,1.0535489694198015,0.0,0.0,0.17553723461684378,0.0,0.09253920620678613,0.08299802841005768
1522,1,0,0,-0.16923827614629813,3.419009905180362,24.271842753601497,17.80439214086337,0.5,0.5,12,1.0328858948168527,1.052393564093539,0.0,0.0,0.17972718694931075,0.0,0.09449409733841987,0.08523308961089088
1523,1,0,1,0.07075696469249988,3.489766869872862,24.27828227697563,17.779043692367047,0.5,0.5,12,1.032996947239432,1.0519058723616217,0.0,0.0,0.17968165695882024,0.0,0.09453369683239254,0.08514796012642767
1524,1,0,1,0.07075564119354381,3.560522511066406,24.286930154559805,17.758406627350247,0.5,0.5,12,1.0394439618009386,1.051433149233567,0.0,0.0,0.18066488703295147,0.0,0.09484322897311416,0.0858216580598373
1525,1,0,1,0.07078404003287518,3.631306551099281,24.288713695658338,17.734119860945746,0.5,0.5,12,1.0286301942417926,1.0511334195477513,0.0,0.0,0.17891911189712056,0.0,0.09380978033668219,0.08510933156043834
1526,1,0,1,0.07067555503557625,3.701982106134857,24.282325897595086,17.763733395860612,0.5,0.5,12,1.0737965757667145,1.0505708389151023,0.0,0.0,0.18605479974483952,0.0,0.09197866238303917,0.0940761373618004
1527,1,0,1,0.07068116316398272,3.7726632692988398,24.274143457509908,17.79040824549942,0.5,0.5,12,1.0696438918900193,1.0511514823363926,0.0,0.0,0.1852932505261624,0.0,0.09176614784601056,0.09352710268015184
1528,1,0,1,0.07069802025878598,3.8433612895576257,24.2648546286598,17.81150101392908,0.5,0.5,12,1.0634177321547875,1.0516137925752331,0.0,0.0,0.18404287900566352,0.0,0.09156798596040325,0.09247489304526026
1529,1,0,1,0.07066662720114784,3.9140279167587737,24.260991164010754,17.83831960821676,0.5,0.5,12,1.0748640207033517,1.051908891064722,0.0,0.0,0.18626620296322793,0.0,0.09235025443215507,0.09391594853107288
1530,1,0,1,0.07069486000690484,3.9847227767656785,24.253591192296923,17.855378106900602,0.5,0.5,12,1.062141296275696,1.052482769305688,0.0,0.0,0.18358408901351805,0.0,0.09178530524076818,0.09179878377274991
1531,1,0,0,-0.16932164771622144,3.815401129049457,24.247326922107032,17.876772650589842,0.5,0.5,12,1.0678545059792919,1.052724232479938,0.0,0.0,0.18482576971873346,0.0,0.09192995060158951,0.09289581911714395
1532,1,0,1,0.07076863559307574,3.8861697646425326,24.253315381497476,17.84878592887924,0.5,0.5,12,1.0311042269972648,1.053102489317422,0.0,0.0,0.17933322007392766,0.0,0.09439095321134368,0.08494226686258399
1533,1,1,1,0.005788241658651071,3.891958006301184,24.253882192350773,17.81768770818675,0.5,0.5,12,1.022021122920219,1.052552532759418,0.0,1.5,0.1777560572534226,0.0,0.0935451428949969,0.08421091435842573
1534,1,1,1,0.0057642891744978456,3.8977222954756816,24.258881527454452,17.79256921819513,0.5,0.5,12,1.0316700926254998,1.051789247513438,0.0,1.5,0.17957958997203186,0.0,0.09421815333930154,0.08536143663273033
1535,1,0,1,0.07077764325541114,3.968499938731093,24.26167343344976,17.766734481608957,0.5,0.5,12,1.0282434380503778,1.0512862686412396,0.0,0.0,0.17903168681993908,0.0,0.09390723324962132,0.08512445357031775
1536,1,0,1,0.07068041493671,4.0,24.25379043590113,17.790606548605126,0.5,0.5,13,1.0666992673240054,1.0507101978764681,0.0,0.0,0.18463652938548658,0.0,0.09172609320427602,0.09291043618121055
1537,1,0,1,0.07075858322999723,4.0,24.257959294593512,17.76716999180976,0.5,0.5,13,1.0318422265096716,1.0511099246126565,0.0,0.0,0.1795536906611442,0.0,0.09410677154318811,0.08544691911795609
1538,1,0,1,0.07070594518742913,4.0,24.24876558898646,17.788627617328007,0.5,0.5,13,1.062892152071278,1.050628232160082,0.0,0.0,0.183774607494355,0.0,0.09141264122119563,0.09236196627315937
1539,1,0,0,-0.1692270752223897,3.83077292477761,24.251623845202296,17.764812108061136,0.5,0.5,13,1.0299775771068247,1.0509348301578618,0.0,0.0,0.17945172927133515,0.0,0.09386669254995594,0.08558503672137921
1540,1,0,1,0.07074641804519048,3.9015193428228008,24.26233992505728,17.74597445790248,0.5,0.5,13,1.0422893285279162,1.050410898831586,0.0,0.0,0.18116281026327558,0.0,0.09504996880809675,0.08611284145517879
1541,1,0,1,0.07074562362126903,3.9722649664440697,24.273001868015257,17.730037895686923,0.5,0.5,13,1.044933240316414,1.050207859573994,0.0,0.0,0.18181001083298762,0.0,0.09511367421996289,0.0866963366130247
1542,1,0,1,0.07079123444273587,4.0,24.270532745231474,17.705210000264856,0.5,0.5,13,1.0227789758867027,1.0500759940925546,0.0,0.0,0.1781622695584023,0.0,0.09315002188440352,0.08501224767399879
1543,1,0,1,0.07078617859791678,4.0,24.267985299425273,17.68614832461369,0.5,0.5,13,1.027784447180043,1.0493935686374083,0.0,0.0,0.17911016707745747,0.0,0.09309816350275985,0.08601200357469764
1544,1,0,1,0.07069078639584839,4.0,24.258970766071155,17.71359426041382,0.5,0.5,13,1.0672847430469852,1.0488533406009743,0.0,0.0,0.18455963872342815,0.0,0.09155540932436258,0.09300422939906555
1545,1,0,0,-0.16931485554361286,3.830685144456387,24.253517861668826,17.740126906892833,0.5,0.5,13,1.0703938677388076,1.0493141256621243,0.0,0.0,0.18518968732503988,0.0,0.09208844780276162,0.09310123952227826
1546,1,0,1,0.07077192451799433,3.9014570689743815,24.258534782816803,17.71923879092406,0.5,0.5,13,1.0339699243932456,1.0498411192140416,0.0,0.0,0.1800308541712225,0.0,0.09421331147165965,0.08581754269956286
1547,1,2,1,0.005683145081633009,3.9071402140560143,24.254387294861953,17.74792875270325,0.5,0.5,13,1.0739868131678634,1.0494443393435215,0.0,1.5,0.18607121216006914,0.0,0.09226291032491474,0.0938083018351544
1548,1,0,1,0.0707842548137487,3.977924468869763,24.2537662982124,17.722206914118864,0.5,0.5,13,1.0237150659551946,1.0500579011891302,0.0,0.0,0.17821873305720223,0.0,0.09335357887354619,0.08486515418365605
1549,1,0,1,0.0707016815453678,4.0,24.245801251752503,17.74459486847181,0.5,0.5,13,1.0638222382013272,1.0493993303082818,0.0,0.0,0.1840514630335832,0.0,0.09165027544588285,0.09240118758770033
1550,1,0,1,0.0706591739965454,4.0,24.24898829448148,17.777680032866506,0.5,0.5,13,1.0860321101292856,1.0497599030056077,0.0,0.0,0.18837764001404533,0.0,0.09334521874926308,0.09503242126478227
1551,1,0,1,0.07079939517175743,4.0,24.246369026025786,17.748471311865828,0.5,0.5,13,1.0188387187273236,1.0506667081836998,0.0,0.0,0.17736541801624825,0.0,0.09303159182426314,0.08433382619198512
1552,1,0,1,0.07066347889580367,4.0,24.245715370499532,17.77981722871306,0.5,0.5,13,1.0805632697682688,1.0498710084472904,0.0,0.0,0.18725841194373552,0.0,0.09274851634972095,0.09450989559401458
1553,1,0,0,-0.16933565541531562,3.8306643445846844,24.24244981043902,17.805368977724154,0.5,0.5,13,1.0729245039308979,1.050638314980315,0.0,0.0,0.18581746158261236,0.0,0.09236230129554929,0.0934551602870631
1554,1,0,0,-0.16924947419103017,3.661414870393654,24.25469871477756,17.78393142775678,0.5,0.5,13,1.0420068240752496,1.0511954697040795,0.0,0.0,0.18107796704858553,0.0,0.09529172236380958,0.08578624468477596
1555,1,0,1,0.07066184636275699,3.7320767167564113,24.253711633343155,17.811967127456075,0.5,0.5,13,1.078014371828245,1.0509657535633588,0.0,0.0,0.18680255916097707,0.0,0.0928108929009912,0.09399166625998587
1556,1,0,1,0.07068427851548709,3.8027609952718984,24.24740730659557,17.83524381188863,0.5,0.5,13,1.0686143267049506,1.0516419690199807,0.0,0.0,0.18492210877332133,0.0,0.0918861199080975,0.09303598886522381
1557,1,0,0,-0.16930538498058678,3.6334556102913114,24.239673239275675,17.854961635920162,0.5,0.5,13,1.0640500346737416,1.052066277962105,0.0,0.0,0.18405188662695393,0.0,0.09167178605493104,0.09238010057202288
1558,1,0,0,-0.1692359550516392,3.4642196552396722,24.246272891574222,17.82768970932797,0.5,0.5,13,1.03169359758625,1.052365871879896,0.0,0.0,0.17923736648820615,0.0,0.09442191062796809,0.08481545586023806
1559,1,0,1,0.07068542862309873,3.534905083862771,24.239998694190433,17.848155942616934,0.5,0.5,13,1.06604110092773,1.0518490650225547,0.0,0.0,0.18451030717632136,0.0,0.09192224249677648,0.09258806467954486
1560,1,0,1,0.07075796811187782,3.605663051974649,24.248466259207056,17.82108964797019,0.5,0.5,13,1.033605136290069,1.0522038659201842,0.0,0.0,0.17961841221104605,0.0,0.09470862059769167,0.08490979161335437
1561,1,0,1,0.0707386334076218,3.6764016853822707,24.26046336650164,17.7999581438246,0.5,0.5,13,1.042604500828424,1.0517388976794313,0.0,0.0,0.1812460003355165,0.0,0.09527785861451936,0.08596814172099713
1562,1,0,1,0.07069236953044673,3.7470940549127176,24.253464071696627,17.820551739886543,0.5,0.5,13,1.0651048390150846,1.0515105377581562,0.0,0.0,0.18433660657455284,0.0,0.09187976172388194,0.09245684485067089
1563,1,0,0,-0.16926064297353743,3.57783341193918,24.266020018618534,17.80036451261244,0.5,0.5,13,1.0442191149373825,1.0518503952895792,0.0,0.0,0.1814956351770838,0.0,0.09539171967404303,0.0861039155030408
1564,1,0,1,0.07073478385967531,3.6485681957988554,24.28022459398818,17.779691303643716,0.5,0.5,13,1.0451909796816956,1.0516596132807745,0.0,0.0,0.18153533308883665,0.0,0.09564919802873514,0.08588613506010152
1565,1,0,1,0.07070388290863391,3.719272078707489,24.268558389199207,17.800031038948326,0.5,0.5,13,1.0601714279564383,1.0514978974407976,0.0,0.0,0.18348692270767497,0.0,0.09124789559034693,0.09223902711732805
1566,1,0,1,0.07070108391503385,3.789973162622523,24.258695393785864,17.819879548318948,0.5,0.5,13,1.0617002496609624,1.0517147357036885,0.0,0.0,0.18373572987413372,0.0,0.09144061615049451,0.09229511372363922
1567,1,0,1,0.07066309090712662,3.8606362535296492,24.25429888638397,17.844782771522876,0.5,0.5,13,1.0724710893546576,1.0519643735526203,0.0,0.0,0.18579051395741258,0.0,0.09222714001375756,0.09356337394365498
1568,1,0,1,0.07077910699762148,3.9314153605272706,24.258064522492095,17.816323766738208,0.5,0.5,13,1.0277836727711245,1.0524770414476712,0.0,0.0,0.1786677959563639,0.0,0.09401141449158973,0.0846563814647742
1569,1,0,0,-0.1693127921328553,3.762102568394415,24.250816282611016,17.837289470190946,0.5,0.5,13,1.065577170802416,1.0518597072307576,0.0,0.0,0.18457590144419866,0.0,0.09178825925190048,0.09278764219229821
1570,1,0,1,0.07066978639742477,3.8327723547918398,24.248036352314074,17.860574659142355,0.5,0.5,13,1.0727079024745179,1.0522026438200491,0.0,0.0,0.1859994337826933,0.0,0.0924764524080699,0.09352298137462337
1571,1,0,1,0.07068387560189121,3.903456230393731,24.242117197571673,17.877612882947098,0.5,0.5,13,1.0638343443487528,1.0527152752864108,0.0,0.0,0.18398671030948097,0.0,0.09195296978708739,0.09203374052239355
1572,1,0,1,0.07071767470981863,3.97417390510355,24.25878699877049,17.852698316728294,0.5,0.5,13,1.0447484869929782,1.0529932520129694,0.0,0.0,0.18152821102703695,0.0,0.09602837753444435,0.08549983349259259
1573,1,0,1,0.07067883969768128,4.0,24.253823433250865,17.874337615839533,0.5,0.5,13,1.069462866479085,1.0527871328874694,0.0,0.0,0.18545287660953805,0.0,0.09223150256035131,0.09322137404918669
1574,1,0,1,0.07065643863732722,4.0,24.251165817166935,17.895774932013865,0.5,0.5,13,1.0719837263176655,1.05320402622726,0.0,0.0,0.1857184487649549,0.0,0.09254955727749468,0.09316889148746021
1575,1,0,0,-0.1693504265369252,3.830649573463075,24.25231377090312,17.917656355258707,0.5,0.5,13,1.0767028957105462,1.05367351872952,0.0,0.0,0.18666285075654712,0.0,0.09306279337039852,0.0936000573861486
1576,1,0,1,0.07067678375595737,3.901326357219032,24.24681862535354,17.93578504601961,0.5,0.5,13,1.0668827983653673,1.0542492531540457,0.0,0.0,0.18477840500593637,0.0,0.09206443478407512,0.09271397022186127
1577,1,0,1,0.0706432965763725,3.9719696537954046,24.25227089267448,17.959483670189076,0.5,0.5,13,1.083715983274737,1.0545650917843288,0.0,0.0,0.18820103137285235,0.0,0.09381877295373993,0.09438225841911241
1578,1,0,1,0.070742665488858,4.0,24.26423686312019,17.930936141227477,0.5,0.5,13,1.0387123055556975,1.0552938640715892,0.0,0.0,0.18031482298943716,0.0,0.09528278932103768,0.08503203366839947
1579,1,0,1,0.07075106749576787,4.0,24.27280248538738,17.901683749023107,0.5,0.5,13,1.0341925551715097,1.0548793251086916,0.0,0.0,0.17998111692251775,0.0,0.09482639340453523,0.08515472351798252
1580,1,0,1,0.0707216434412107,4.0,24.288120284643597,17.877926809108875,0.5,0.5,13,1.0459230152022476,1.0543621558602623,0.0,0.0,0.18153769593583016,0.0,0.09586742039095454,0.08567027554487561
1581,1,1,1,0.005650423161352452,4.0,24.287480094374697,17.90310221691007,0.5,0.5,13,1.0786863948761094,1.0541511773438117,0.0,1.5,0.1870682460415795,0.0,0.09295739217236028,0.09411085386921925
1582,1,0,1,0.07076320917838039,4.0,24.28743646684751,17.870086810824745,0.5,0.5,13,1.021705524169608,1.0547645577821192,0.0,0.0,0.1779516544077558,0.0,0.09362114154654394,0.08433051286121185
1583,1,2,1,0.005666568516229656,4.0,24.28294593891508,17.892717293643404,0.5,0.5,13,1.072078036828034,1.0539380819418065,0.0,1.5,0.1857210437130825,0.0,0.09233967809057782,0.09338136562250468
1584,1,0,1,0.07075902622567742,4.0,24.286761833772587,17.865415118102984,0.5,0.5,13,1.0309053001310495,1.0543915808139621,0.0,0.0,0.1793150579837176,0.0,0.0941464372732501,0.08516862071046753
1585,1,2,1,0.005655241221846184,4.0,24.282616363674855,17.88933372612606,0.5,0.5,13,1.0735775617222347,1.0538044237968893,0.0,1.5,0.1860535668672711,0.0,0.09239623311508184,0.09365733375218928
1586,1,0,1,0.0707406439516767,4.0,24.289318308721132,17.864055696629332,0.5,0.5,13,1.0357226677945677,1.054298752245023,0.0,0.0,0.18003866741467284,0.0,0.09459147882534608,0.08544718858932673
1587,1,0,1,0.07065291593827737,4.0,24.287736389678017,17.885793355319585,0.5,0.5,13,1.073990089780902,1.0538343501337617,0.0,0.0,0.18586131962949154,0.0,0.09272333821341414,0.0931379814160774
1588,1,0,1,0.07077765193787686,4.0,24.28608439943148,17.85436072475245,0.5,0.5,13,1.0212536228112643,1.0543382436249402,0.0,0.0,0.17780625109684672,0.0,0.09338288508917728,0.08442336600766943
1589,1,0,1,0.07076155681971462,4.0,24.289441223233215,17.828197303569723,0.5,0.5,13,1.0307045307236102,1.0535111281045983,0.0,0.0,0.1795286867816396,0.0,0.09409805361954736,0.08543063316209226
1590,1,0,1,0.07068328510050384,4.0,24.279094650407085,17.851592343134158,0.5,0.5,13,1.0659894299083785,1.0529409631700735,0.0,0.0,0.1846193188470672,0.0,0.09140346723603328,0.09321585161103388
1591,1,0,1,0.07067102942443818,4.0,24.274247592571058,17.873358015485046,0.5,0.5,13,1.0701857893533862,1.0532671748385312,0.0,0.0,0.18540025900748985,0.0,0.0922390185872425,0.09316124042024734
1592,1,0,1,0.07075856883092398,4.0,24.277768169649676,17.845878080741407,0.5,0.5,13,1.0297307825363875,1.0536901402014025,0.0,0.0,0.17934252496075428,0.0,0.09406737444769211,0.08527515051306214
1593,1,0,1,0.07075121095670873,4.0,24.283650866947895,17.821252642085643,0.5,0.5,13,1.0343484149022317,1.0530911562597773,0.0,0.0,0.17997762904962583,0.0,0.09444411339669685,0.08553351565292899
1594,1,0,0,-0.16933388073972994,3.83066611926027,24.279854555984095,17.847571278938673,0.5,0.5,13,1.0751449136150706,1.0526225877258386,0.0,0.0,0.18626863357090498,0.0,0.09242726247927652,0.09384137109162845
1595,1,0,1,0.07076589394871924,3.9014320132089892,24.28234196482989,17.819416565128606,0.5,0.5,13,1.0275183409087965,1.0531856458730693,0.0,0.0,0.17888961001834053,0.0,0.09392524622996248,0.08496436378837804
1596,1,0,1,0.07066345192045546,3.9720954651294447,24.276500697175674,17.846030306364575,0.5,0.5,13,1.0733164368307135,1.0525439632489624,0.0,0.0,0.1859333954932809,0.0,0.09209414811684939,0.09383924737643151
1597,1,0,1,0.07072524244867565,4.0,24.288952995610696,17.824014786806018,0.5,0.5,13,1.0435000539649686,1.0530632750885063,0.0,0.0,0.18122950807300925,0.0,0.09546090807400212,0.08576859999900714
1598,1,2,1,0.0057768028817969655,4.0,24.28689493771756,17.79751526415027,0.5,0.5,13,1.0242666140115357,1.0528241945604178,0.0,1.5,0.17844585882171543,0.0,0.09329292385600133,0.08515293496571409
1599,1,0,1,0.0707518976830436,4.0,24.292429000814487,17.77272376186881,0.5,0.5,13,1.0328528158621615,1.0521102550466956,0.0,0.0,0.17976480532502656,0.0,0.09446815907606121,0.08529664624896537
1600,1,0,1,0.07077878555221337,4.0,24.29413369805956,17.746869295577987,0.5,0.5,13,1.0274790500213382,1.0516288190670822,0.0,0.0,0.17877331019167386,0.0,0.09384445148842338,0.08492885870325048
1601,1,0,1,0.07077974261499391,4.0,24.292936192159175,17.721169987979422,0.5,0.5,13,1.024128261341985,1.0510250748409387,0.0,0.0,0.17829899298689797,0.0,0.09343265535775279,0.0848663376291452
1602,1,0,0,-0.16930275729933328,3.830697242700667,24.281985423865315,17.746196576937642,0.5,0.5,13,1.0644284751678221,1.050352654503465,0.0,0.0,0.18409718420364096,0.0,0.09134437813434332,0.09275280606929769
1603,1,0,1,0.07075326047575402,3.901450503176421,24.290748754262275,17.72631980845081,0.5,0.5,13,1.0395911119302035,1.050704550020074,0.0,0.0,0.18065657838015986,0.0,0.094865606546225,0.08579097183393485
1604,1,0,1,0.07067799302686466,3.9721284962032857,24.282445156180273,17.75470800761903,0.5,0.5,13,1.070511315154051,1.0504267140678272,0.0,0.0,0.18531146181597336,0.0,0.09175104284604874,0.09356041896992463
1605,1,0,1,0.07066429672034445,4.0,24.27863994102832,17.78309799654088,0.5,0.5,13,1.0755136028648782,1.0509288290949828,0.0,0.0,0.1862924593031688,0.0,0.09237973096063296,0.09391272834253585
1606,1,2,1,0.005755963761047505,4.0,24.28395581455069,17.76061935059025,0.5,0.5,13,1.0343806760109704,1.05154344843923,0.0,1.5,0.179881311232305,0.0,0.09435641785200623,0.08552489338029874
1607,1,0,1,0.07069195796861477,4.0,24.276445150040544,17.78264154877801,0.5,0.5,13,1.06562591280613,1.0511143791285236,0.0,0.0,0.18384519394627,0.0,0.09178310720714455,0.09206208673912541
1608,1,1,1,0.005749164359445952,4.0,24.284387495020596,17.759323599074122,0.5,0.5,13,1.0361015627466308,1.051477167470464,0.0,1.5,0.1801699046152521,0.0,0.0947413412749957,0.08542856334025639
1609,1,0,1,0.07074182968123688,4.0,24.29276649222402,17.740290726480012,0.5,0.5,13,1.0404389019616807,1.051092777352368,0.0,0.0,0.18104798029966582,0.0,0.09487677588373174,0.08617120441593405
1610,1,0,1,0.07073803743796443,4.0,24.301967388781698,17.724511272348302,0.5,0.5,13,1.0442478728935685,1.050826430467601,0.0,0.0,0.18154748648620642,0.0,0.09498277259042556,0.08656471389578084
1611,1,0,1,0.07076896909783215,4.0,24.302837378128707,17.70304236921052,0.5,0.5,13,1.0300630527374808,1.05066196652825,0.0,0.0,0.17923440711858044,0.0,0.09375791487633936,0.08547649224224108
1612,1,0,1,0.07077341185635462,4.0,24.302869838634237,17.680097086084945,0.5,0.5,13,1.0272341710634363,1.0501469936834806,0.0,0.0,0.17864418498368909,0.0,0.09362708703735785,0.08501709794633126
1613,1,0,1,0.07067686070241491,4.0,24.29405715767182,17.710436789501383,0.5,0.5,13,1.0711011955719978,1.0495741731179797,0.0,0.0,0.18538163055791268,0.0,0.0916791866606608,0.09370244389725188
1614,1,0,1,0.07076669370180294,4.0,24.29699243870869,17.688379625916085,0.5,0.5,13,1.0309904661309028,1.05011234867933,0.0,0.0,0.17932664252456956,0.0,0.09404990514672984,0.08527673737783975
1615,1,0,1,0.07079611042126596,4.0,24.294354484424474,17.66518533636208,0.5,0.5,13,1.0238020577773983,1.0496343016156193,0.0,0.0,0.17811686974269247,0.0,0.09318390401008667,0.0849329657326058
1616,1,0,0,-0.16923836873388498,3.830761631266115,24.297514725348293,17.649180825181368,0.5,0.5,13,1.0361442252627668,1.0489884955196638,0.0,0.0,0.18028699395913042,0.0,0.09403950906249041,0.08624748489664001
1617,1,0,1,0.07076940441149204,3.901531035677607,24.299897141683854,17.630771621967487,0.5,0.5,13,1.0326406018849275,1.0486673887632416,0.0,0.0,0.17956086571119612,0.0,0.09392198648024329,0.08563887923095283
1618,1,0,1,0.07070664934691802,3.972237685024525,24.290077997560516,17.65537458253473,0.5,0.5,13,1.0630505355351862,1.0482667190912835,0.0,0.0,0.1837281407521275,0.0,0.09151802079122537,0.09221011996090214
1619,1,0,1,0.07068286114869271,4.0,24.28323755697999,17.68282985125607,0.5,0.5,13,1.0692511426431972,1.0486363145023812,0.0,0.0,0.18479141689388365,0.0,0.09193567008517743,0.09285574680870623
1620,1,0,0,-0.16924712743980427,3.8307528725601956,24.291112716204776,17.668913793322048,0.5,0.5,13,1.0431107864966607,1.0491516852059015,0.0,0.0,0.18134597201073335,0.0,0.09468048952997365,0.08666548248075973
1621,1,0,0,-0.1692597608827266,3.661493111677469,24.298956644546756,17.657111155706986,0.5,0.5,13,1.0450419534650912,1.0490006627381707,0.0,0.0,0.1816724523995769,0.0,0.09474171236878938,0.08693074003078755
1622,1,0,1,0.07077394810378769,3.732267059781257,24.300915808084532,17.63686723887836,0.5,0.5,13,1.0306169417154898,1.0489016950063437,0.0,0.0,0.17935304073654085,0.0,0.09391150134962374,0.08544153938691712
1623,1,2,1,0.00570127688667478,3.7379683366679317,24.29068448021324,17.664621731256382,0.5,0.5,13,1.0659677406808097,1.0484445761740724,0.0,1.5,0.18427991230699253,0.0,0.09147146277754307,0.09280844952944944
1624,1,0,1,0.07070397027587555,3.8086723069438073,24.28136169166431,17.690891154080305,0.5,0.5,13,1.0658292895617278,1.0488826552867407,0.0,0.0,0.18433681888434073,0.0,0.09155930477660106,0.0927775141077397
1625,1,0,1,0.07068694332700205,3.8793592502708094,24.274216419357977,17.71849114084543,0.5,0.5,13,1.0697610356024052,1.0493063211436153,0.0,0.0,0.18507693276987064,0.0,0.09180679699727998,0.09327013577259066
1626,1,0,1,0.0707832918680929,3.9501425421389023,24.27607953511758,17.69386237232874,0.5,0.5,13,1.027052036248004,1.049817689005085,0.0,0.0,0.17868186690286023,0.0,0.09382280718481623,0.084859059718044
1627,1,0,1,0.0706952169592559,4.0,24.269527658808375,17.717595247039682,0.5,0.5,13,1.0664295460878943,1.0492485476861582,0.0,0.0,0.18417232018972512,0.0,0.09192221567952662,0.0922501045101985
1628,1,0,1,0.0707853260984079,4.0,24.26810152637775,17.692343576572938,0.5,0.5,13,1.023000269748836,1.0496780726462016,0.0,0.0,0.17815290914216558,0.0,0.09332149754699609,0.08483141159516948
1629,1,0,1,0.07067554416930438,4.0,24.26260039701356,17.72343559146832,0.5,0.5,13,1.0746020131049563,1.0490111275737672,0.0,0.0,0.18619473583220394,0.0,0.09204609592632013,0.09414863990588382
1630,1,2,0,-0.23430726429181697,3.765692735708183,24.255742011547454,17.74859813703011,0.5,0.5,13,1.0679550598077352,1.0496508997120473,0.0,1.5,0.18483502129511598,0.0,0.09185370809105863,0.09298131320405738
1631,1,2,1,0.005688420807592382,3.7713811565157753,24.24935088881417,17.774193611423193,0.5,0.5,13,1.0693128553742337,1.0501085037144393,0.0,1.5,0.1851120411256001,0.0,0.09190704866091298,0.09320499246468711
1632,1,0,1,0.07077737981694003,3.8421585363327155,24.255254244818477,17.748747182119473,0.5,0.5,13,1.0310455392065196,1.050588612505934,0.0,0.0,0.17926603873550118,0.0,0.09435042312103013,0.08491561561447106
1633,1,0,1,0.07068012876987106,3.9128386651025866,24.252873280157296,17.775932017806095,0.5,0.5,13,1.0749039066988906,1.050100035673449,0.0,0.0,0.18627759186624973,0.0,0.0925336220971611,0.09374396976908865
1634,1,0,1,0.07077641344066622,3.9836150785432527,24.256543054477703,17.751390323834304,0.5,0.5,13,1.0298482127977053,1.0507201324490847,0.0,0.0,0.17925163100376543,0.0,0.09398480225761877,0.08526682874614669
1635,1,1,1,0.0056618599807043675,3.989276938523957,24.256286497778003,17.782015862614124,0.5,0.5,13,1.0805673165379157,1.0501983344578,0.0,1.5,0.18729696045297622,0.0,0.09282958392565585,0.09446737652732036
1636,1,1,1,0.005682605715407911,3.994959544239365,24.250690618769873,17.80643392925095,0.5,0.5,13,1.069779746638495,1.0509575590098033,0.0,1.5,0.18528867528167287,0.0,0.09200658814798635,0.09328208713368652
1637,1,0,1,0.07070400795991877,4.0,24.24303176814756,17.8275578606401,0.5,0.5,13,1.0648931944673614,1.0514281137005206,0.0,0.0,0.18445149397428134,0.0,0.09164900245010128,0.0928024915241801
1638,1,0,1,0.07067008459455984,4.0,24.24015183522402,17.852001942627098,0.5,0.5,13,1.0733288897831512,1.0517647407196915,0.0,0.0,0.18593634542303067,0.0,0.09239611039775178,0.09354023502527886
1639,1,0,1,0.07077942262088173,4.0,24.2433748406673,17.824841716769672,0.5,0.5,13,1.0283666240321276,1.052303844446278,0.0,0.0,0.17907912907307105,0.0,0.09389690512706866,0.08518222394600239
1640,1,0,1,0.07077013481972708,4.0,24.24955431457333,17.800282655774915,0.5,0.5,13,1.0333258268472016,1.0517054139359245,0.0,0.0,0.17980623742419005,0.0,0.09435867404574844,0.0854475633784416
1641,1,0,1,0.07067168312915939,4.0,24.24868676472561,17.827169391062924,0.5,0.5,13,1.0772651096989883,1.0512459242587062,0.0,0.0,0.18664308799306306,0.0,0.09270843080570551,0.09393465718735755
1642,1,0,1,0.0707857384513419,4.0,24.247761798160678,17.80292218625607,0.5,0.5,13,1.026724232522931,1.0518964038947134,0.0,0.0,0.17888919459975602,0.0,0.09327921388995902,0.085609980709797
1643,1,0,0,-0.1693028444050784,3.8306971555949216,24.239763077454825,17.823736257209816,0.5,0.5,13,1.064082449858316,1.0512670996104188,0.0,0.0,0.18419306774159622,0.0,0.09158697873252683,0.09260608900906939
1644,1,0,1,0.07076727247124402,3.9014644280661654,24.246025796913717,17.800796713546706,0.5,0.5,13,1.0349106591623949,1.0515874833666161,0.0,0.0,0.17995161593147024,0.0,0.09436128797564022,0.08559032795583002
1645,1,0,1,0.07068708821557966,3.972151516281745,24.239991124626904,17.8263145083907,0.5,0.5,13,1.070653685318692,1.0511705627615107,0.0,0.0,0.1855426865937388,0.0,0.09193643647961662,0.09360625011412219
1646,1,0,1,0.07069583578554596,4.0,24.234845600963542,17.847038530748804,0.5,0.5,13,1.0672361395201841,1.05165764082544,0.0,0.0,0.18500916366138506,0.0,0.09207222520823574,0.09293693845314929
1647,1,0,1,0.07069380560287089,4.0,24.23016475405946,17.867324526815388,0.5,0.5,13,1.0676522524553032,1.0520471032928087,0.0,0.0,0.18489174744036357,0.0,0.0920486261814753,0.09284312125888826
1648,1,0,0,-0.16922294806963173,3.8307770519303683,24.232777245486833,17.84026720003026,0.5,0.5,13,1.0279923966641218,1.0524372320218713,0.0,0.0,0.17890176276648015,0.0,0.09373766412447458,0.0851640986420056
1649,1,0,1,0.07067433932350403,3.901451391253872,24.230385574082902,17.863819141836785,0.5,0.5,13,1.072986381540522,1.0518261111379275,0.0,0.0,0.18596288287169127,0.0,0.0924496633652877,0.09351321950640352
1650,1,0,1,0.07077051105179127,3.9722219023056633,24.23452262276972,17.83648617905773,0.5,0.5,13,1.029159203805752,1.0523551178979922,0.0,0.0,0.17895747966288192,0.0,0.09403755893818072,0.08491992072470118
1651,1,0,1,0.07070462178766333,4.0,24.226270308968687,17.85309196135066,0.5,0.5,13,1.0601286885375822,1.0517752200456862,0.0,0.0,0.18343272138708772,0.0,0.09157152438162816,0.09186119700545957
1652,1,0,1,0.07069853158271658,4.0,24.223248777009125,17.87290363942959,0.5,0.5,13,1.0687742028773564,1.0519840567579837,0.0,0.0,0.1851895644461883,0.0,0.09236178329484818,0.09282778115134013
1653,1,0,1,0.0707527437282214,4.0,24.231843837285552,17.848641461630635,0.5,0.5,13,1.0367366928884363,1.052403810410968,0.0,0.0,0.18018167995928783,0.0,0.09463926930761193,0.08554241065167592
1654,1,0,1,0.07078552666888542,4.0,24.233596967257718,17.820041871305552,0.5,0.5,13,1.0251656721199875,1.0520121324729046,0.0,0.0,0.17848492398746887,0.0,0.0936641826322537,0.08482074135521515
1655,1,0,1,0.07080959296652885,4.0,24.229285434444627,17.790730777129745,0.5,0.5,13,1.0177183439751856,1.0513409709640817,0.0,0.0,0.17719057201595137,0.0,0.09270590586673584,0.08448466614921554
1656,1,0,1,0.07076748928343429,4.0,24.235968748038026,17.766897079341597,0.5,0.5,13,1.0333500210946078,1.0505004052893594,0.0,0.0,0.17951485855350566,0.0,0.09436690378672116,0.08514795476678454
1657,1,0,0,-0.16933468070694366,3.830665319293056,24.23772215905026,17.79446752400665,0.5,0.5,13,1.079395501361778,1.0500716456844905,0.0,0.0,0.1870840705863059,0.0,0.093094218693311,0.09398985189299491
1658,1,0,1,0.07069431288948301,3.901359632182539,24.23161883808305,17.817353814516963,0.5,0.5,13,1.0675877116195318,1.0508047420764228,0.0,0.0,0.18486247257283075,0.0,0.09189996939319452,0.09296250317963625
1659,1,0,1,0.07077979088036121,3.9721394230629,24.236334494324115,17.792162152010757,0.5,0.5,13,1.030748310049857,1.0512243163150004,0.0,0.0,0.1791511500960647,0.0,0.09404177358488441,0.08510937651118028
1660,1,0,1,0.07069525178875151,4.0,24.229729340266044,17.81540563855566,0.5,0.5,13,1.0673507486452039,1.0507124161583719,0.0,0.0,0.18477902796689402,0.0,0.09178042449650993,0.09299860347038406
1661,1,0,1,0.07077235932600123,4.0,24.23632746288746,17.79134850229498,0.5,0.5,13,1.0336693608312768,1.0511283744705429,0.0,0.0,0.17973411406240875,0.0,0.09435582347587124,0.08537829058653754
1662,1,0,1,0.07082779988705444,4.0,24.22550513449064,17.7572698383827,0.5,0.5,13,1.0057909068204602,1.050691899129561,0.0,0.0,0.17551839539152667,0.0,0.09177527298001628,0.08374312241151036
1663,1,0,1,0.07069230667166604,4.0,24.22118224299166,17.782098090744395,0.5,0.5,13,1.0700747351845492,1.0495693743218335,0.0,0.0,0.18521972158339187,0.0,0.09208738245234571,0.09313233913104613
1664,1,0,0,-0.169250253934479,3.830749746065521,24.232952855251003,17.761858670031593,0.5,0.5,14,1.0416131998899436,1.0500820083434013,0.0,0.0,0.1810250949650286,0.0,0.09508768163333063,0.08593741333169798
1665,1,0,1,0.07070086692556028,3.901450612991081,24.224163886174768,17.786631641498097,0.5,0.5,14,1.065854290522336,1.049870288132065,0.0,0.0,0.18461949511595052,0.0,0.09147139524765743,0.0931480998682931
1666,1,0,1,0.07079426419237558,3.972244877183457,24.228766799355974,17.75760507558523,0.5,0.5,14,1.025846235460154,1.0502698881918215,0.0,0.0,0.17844720126023347,0.0,0.09402853980963294,0.08441866145060052
1667,1,0,1,0.07071098947596009,4.0,24.220505256411535,17.776554410416047,0.5,0.5,14,1.0603470887599136,1.0496592968735299,0.0,0.0,0.18338018518027804,0.0,0.0915284996440631,0.09185168553621492
1668,1,0,1,0.07077775262264838,4.0,24.223699040387498,17.750775387520275,0.5,0.5,14,1.0273412527508787,1.0499264916706896,0.0,0.0,0.1788732640587184,0.0,0.09381606881225359,0.08505719524646482
1669,1,2,1,0.005795210055159561,4.0,24.22453546955353,17.726340382914117,0.5,0.5,14,1.0257632852575687,1.0493618606976942,0.0,1.5,0.1785750557997631,0.0,0.09343849495074913,0.08513656084901394
1670,1,0,1,0.07068730965219147,4.0,24.22124100611613,17.752077942858243,0.5,0.5,14,1.071214992818422,1.0487718963116912,0.0,0.0,0.18556850952688167,0.0,0.09227752861393457,0.09329098091294709
1671,1,0,1,0.07066176977706716,4.0,24.22469117466899,17.78139410661222,0.5,0.5,14,1.0820993060311883,1.0493329737243595,0.0,0.0,0.1875964660049744,0.0,0.09331143288796348,0.09428503311701089
1672,1,0,1,0.07077006493060016,4.0,24.23263344778949,17.758917776179384,0.5,0.5,14,1.0356180747196952,1.0501521320320302,0.0,0.0,0.17995006402693475,0.0,0.09455695202788814,0.08539311199904664
1673,1,0,1,0.07078308700502363,4.0,24.236534550973033,17.73128086839809,0.5,0.5,14,1.0260529760014756,1.0497887805992219,0.0,0.0,0.17850162187010168,0.0,0.09396259897700356,0.08453902289309814
1674,1,0,1,0.07077878564990787,4.0,24.238453765689343,17.706921885133628,0.5,0.5,14,1.026755616936126,1.0491953854842782,0.0,0.0,0.17873228452302262,0.0,0.0936475971095749,0.08508468741344771
1675,1,0,1,0.0707806373696581,4.0,24.242834341016174,17.682888875947466,0.5,0.5,14,1.028981957411236,1.0486343912705745,0.0,0.0,0.17905833796398687,0.0,0.09406576867701222,0.08499256928697463
1676,1,0,0,-0.16920373562288768,3.8307962643771125,24.243391848562418,17.656720066512964,0.5,0.5,14,1.0225317785358323,1.048143080424091,0.0,0.0,0.17805947032989694,0.0,0.09350925932774493,0.08455021100215203
1677,1,0,0,-0.1692279106460447,3.661568353731068,24.248655844987766,17.638304042154758,0.5,0.5,14,1.0343507699440329,1.0475027978768845,0.0,0.0,0.17986352667258798,0.0,0.09417865770329147,0.08568486896929652
1678,1,0,1,0.07076441319286644,3.7323327669239346,24.257016118089293,17.62177385200581,0.5,0.5,14,1.039004080131142,1.0471739971785632,0.0,0.0,0.18066668326178287,0.0,0.09466665580790488,0.08600002745387798
1679,1,0,1,0.0707701628359067,3.803102929759841,24.26203118451063,17.603954692567687,0.5,0.5,14,1.0341656562355939,1.0469697492523777,0.0,0.0,0.17976139514344464,0.0,0.09417602219767016,0.08558537294577452
1680,1,0,0,-0.16928149590896324,3.633821433850878,24.252832322279332,17.628215463469964,0.5,0.5,14,1.0617115555979333,1.046649646926958,0.0,0.0,0.18332753487939482,0.0,0.09143937735953868,0.09188815751985614
1681,1,0,0,-0.1692443536893175,3.4645770801615607,24.261756714934123,17.613826575064643,0.5,0.5,14,1.0415616988932055,1.0470261946437325,0.0,0.0,0.1810364344522779,0.0,0.09475689269820829,0.0862795417540696
1682,1,0,1,0.07070564763101723,3.535282727792578,24.251931993624655,17.644859591555417,0.5,0.5,14,1.0680978774312684,1.0468895822499693,0.0,0.0,0.1848750364100971,0.0,0.09133139676898254,0.09354363964111456
1683,1,0,1,0.07082061454012191,3.6061033423326996,24.24693893609058,17.613745325674536,0.5,0.5,14,1.0113124662145476,1.0474197896295019,0.0,0.0,0.17621434765584998,0.0,0.09270138236345381,0.08351296529239614
1684,1,1,0,-0.2341973634025942,3.3719059789301054,24.24808380897208,17.592253403019043,0.5,0.5,14,1.026170056770138,1.0465171065441279,0.0,1.5,0.1787377013935467,0.0,0.09360139671658518,0.08513630467696148
1685,1,0,1,0.07078711264353062,3.442693091573636,24.25304965124755,17.570040695465543,0.5,0.5,14,1.0287615650217496,1.046008430299778,0.0,0.0,0.1788017534400949,0.0,0.0941549014474611,0.08464685199263376
1686,1,0,1,0.07077043616565998,3.513463527739296,24.261418055313747,17.554236386431082,0.5,0.5,14,1.038141353699564,1.0455772586678274,0.0,0.0,0.18029480454260075,0.0,0.09468295246689977,0.08561185207570096
1687,1,0,1,0.0707944554826575,3.5842579832219537,24.263063132796773,17.535238103876054,0.5,0.5,14,1.028038155971613,1.0453913610436207,0.0,0.0,0.17873182484740893,0.0,0.09366961068214405,0.0850622141652649
1688,1,0,1,0.07074570186826276,3.6550036850902163,24.2754400518141,17.52613276052878,0.5,0.5,14,1.0482291065868794,1.0449575309168206,0.0,0.0,0.1820016819455721,0.0,0.09529899619418208,0.08670268575138998
1689,1,0,1,0.07075578492642555,3.725759470016642,24.284737898613777,17.514269595790203,0.5,0.5,14,1.0424740023696708,1.0450393203085722,0.0,0.0,0.18113443320120984,0.0,0.09485669211274322,0.08627774108846659
1690,1,0,0,-0.1692219161873932,3.5565375538292487,24.28858825030003,17.501774414382165,0.5,0.5,14,1.0363303576383154,1.0449751873600994,0.0,0.0,0.18009475022747615,0.0,0.09406200262306008,0.08603274760441608
1691,1,0,1,0.07075714766080467,3.6272947014900536,24.297363147744697,17.489602186914542,0.5,0.5,14,1.0413617365940981,1.044759066617055,0.0,0.0,0.18083588601009906,0.0,0.0948179505371893,0.08601793547290978
1692,1,2,1,0.005750905044396166,3.63304560653445,24.30816390417295,17.482901374425094,0.5,0.5,14,1.048774077305284,1.044674133366481,0.0,1.5,0.18214253221564844,0.0,0.09518015561303218,0.08696237660261627
1693,1,2,1,0.005750642234708953,3.6387962487691587,24.318796148162875,17.474787526558266,0.5,0.5,14,1.0472950280880517,1.044776631964951,0.0,1.5,0.18195021159979793,0.0,0.0952525420638273,0.08669766953597063
1694,1,0,1,0.07069396249094793,3.7094902112601065,24.312312217060736,17.511859100710346,0.5,0.5,14,1.0754272349179668,1.0448395918680287,0.0,0.0,0.18604501016776706,0.0,0.09199956679855831,0.09404544336920875
1695,1,2,1,0.005712075100946327,3.7152022863610528,24.301404057739347,17.54310243678003,0.5,0.5,14,1.0659394596925735,1.045604282944277,0.0,1.5,0.18436686695425789,0.0,0.09137508524602891,0.09299178170822897
1696,1,0,1,0.0707144788063366,3.7859167651673893,24.28980339635749,17.57090439609471,0.5,0.5,14,1.0623139602958127,1.0461126623629846,0.0,0.0,0.1835443995781754,0.0,0.09127075820951386,0.09227364136866154
1697,1,0,1,0.07068632009106149,3.8566030852584507,24.28149616845011,17.601002998829813,0.5,0.5,14,1.068309069639025,1.0465176948113053,0.0,0.0,0.1846957510172844,0.0,0.09172329482714056,0.09297245619014385
1698,1,0,1,0.0707550720870846,3.927358157345535,24.28890239131996,17.58313239232948,0.5,0.5,14,1.0365980955515157,1.0470624791819982,0.0,0.0,0.1801908988223826,0.0,0.09468419949718163,0.08550669932520101
1699,1,0,1,0.07074270797817009,3.998100865323705,24.297724867142854,17.56651372911278,0.5,0.5,14,1.0390046821974244,1.0468008695912363,0.0,0.0,0.18061810400860978,0.0,0.0948924263838989,0.0857256776247109
1700,1,0,1,0.07075639928038974,4.0,24.30273573947688,17.552186103392984,0.5,0.5,14,1.0372892115206231,1.0466059649063908,0.0,0.0,0.1804242712591055,0.0,0.09433031314454021,0.0860939581145653
1701,1,0,1,0.07068710607688172,4.0,24.29512409375375,17.58711278815374,0.5,0.5,14,1.0736880851093704,1.0463730460717466,0.0,0.0,0.18594335080661126,0.0,0.09185454855199673,0.09408880225461452
1702,1,0,1,0.07077270882469631,4.0,24.298460683994815,17.566055900230342,0.5,0.5,14,1.0293356243653544,1.0470559220476874,0.0,0.0,0.1789871056344275,0.0,0.09407586270035923,0.08491124293406828
1703,1,0,1,0.07068970406609258,4.0,24.29129276819777,17.598524941450677,0.5,0.5,14,1.0719140400289229,1.046612914605629,0.0,0.0,0.18566669913278827,0.0,0.0919174137733259,0.09374928535946235
1704,1,0,1,0.07074493441187861,4.0,24.29983906484492,17.582946842171765,0.5,0.5,14,1.0402136401094455,1.0472454427412112,0.0,0.0,0.18083466147005198,0.0,0.09489182408726235,0.08594283738278959
1705,1,0,1,0.07075996221458972,4.0,24.30610390074283,17.563243821402743,0.5,0.5,14,1.0336314628043075,1.047069647675417,0.0,0.0,0.1797285100368963,0.0,0.09452767675763644,0.08520083327925984
1706,1,2,1,0.005683334039989464,4.0,24.298333257077537,17.595295229130947,0.5,0.5,14,1.0710144571165512,1.0467336930536393,0.0,1.5,0.18534479110410154,0.0,0.09185819375975693,0.09348659734434461
1707,1,0,1,0.07070616382263323,4.0,24.287642360196706,17.618585141900603,0.5,0.5,14,1.0599397280440361,1.0473407121552123,0.0,0.0,0.1832365853615302,0.0,0.09141548193083401,0.09182110343069616
1708,1,2,1,0.005741172647556679,4.0,24.300396985755842,17.602235897552795,0.5,0.5,14,1.0440610687637608,1.0476556875524328,0.0,1.5,0.1813598242165667,0.0,0.09552246609849405,0.08583735811807268
1709,1,0,1,0.07071635795252111,4.0,24.288905419152876,17.626028684816553,0.5,0.5,14,1.059867042743508,1.0475658220827162,0.0,0.0,0.18311617635791255,0.0,0.09130941102105114,0.09180676533686141
1710,1,0,1,0.0707002578413895,4.0,24.278234577658196,17.65043949833818,0.5,0.5,14,1.0616133246261783,1.0478733525992356,0.0,0.0,0.1834317796106836,0.0,0.09139669624208283,0.09203508336860078
1711,1,1,1,0.0057873498809120905,4.0,24.27798270659135,17.624859077832603,0.5,0.5,14,1.0223845603274881,1.0482168518999093,0.0,1.5,0.17782325222492923,0.0,0.09347316576226038,0.08435008646266885
1712,1,0,1,0.07076926595060183,4.0,24.278953569509355,17.603114283961695,0.5,0.5,14,1.0267971136576945,1.0475710446105988,0.0,0.0,0.17887287103897465,0.0,0.09368946731231406,0.08518340372666057
1713,1,0,1,0.07077371266549239,4.0,24.283896419036527,17.58476190672551,0.5,0.5,14,1.0336421686277668,1.0470516963367762,0.0,0.0,0.179785977223374,0.0,0.09426744553020207,0.08551853169317197
1714,1,0,1,0.07080142740272737,4.0,24.27856695926544,17.559665080128735,0.5,0.5,14,1.0162901717761914,1.046716458144051,0.0,0.0,0.17704921945603544,0.0,0.09275142495210506,0.08429779450393036
1715,1,0,0,-0.16921253643700387,3.830787463562996,24.2776288048453,17.53565027451889,0.5,0.5,14,1.021002840954865,1.0459558009848546,0.0,0.0,0.17770215042365722,0.0,0.09339065327362178,0.08431149715003546
1716,1,0,1,0.07071793574097147,3.9015053993039674,24.26540815737065,17.563592187284744,0.5,0.5,14,1.061053242275312,1.0453319769841047,0.0,0.0,0.183516108791687,0.0,0.09102785443284636,0.0924882543588406
1717,1,0,1,0.0707462369394696,3.972251636243437,24.27607595200731,17.55036747330983,0.5,0.5,14,1.043168089278128,1.045725008616385,0.0,0.0,0.1811847501491854,0.0,0.09504804821309923,0.08613670193608616
1718,1,0,1,0.0707446473444123,4.0,24.28645334698737,17.535278590058745,0.5,0.5,14,1.040949597361902,1.0456610856329285,0.0,0.0,0.18081083089659045,0.0,0.09509670158835709,0.08571412930823334
1719,1,0,1,0.07078723908923963,4.0,24.28612908346615,17.515320052837403,0.5,0.5,14,1.0252604976835928,1.045543298426153,0.0,0.0,0.1784553341790667,0.0,0.09349681997255951,0.0849585142065072
1720,1,0,1,0.07068635735086291,4.0,24.278727101507414,17.54933662413949,0.5,0.5,14,1.0716508177509374,1.045036228407589,0.0,0.0,0.18557755068331333,0.0,0.09183164465078307,0.09374590603253025
1721,1,0,1,0.0707043430415295,4.0,24.268092862164803,17.576283477291078,0.5,0.5,14,1.0620142069501504,1.0457015931411726,0.0,0.0,0.1834369569894079,0.0,0.09134684068288124,0.09209011630652666
1722,1,2,1,0.005710479950996707,4.0,24.257540993496615,17.602758705270038,0.5,0.5,14,1.0620327677971728,1.046109408486397,0.0,1.5,0.18375699257061584,0.0,0.09126869866476528,0.09248829390585055
1723,1,0,1,0.0707120235417495,4.0,24.246672343562796,17.628182141047603,0.5,0.5,14,1.0610622783129102,1.0465074924691664,0.0,0.0,0.183718643590103,0.0,0.0912021726695595,0.09251647092054352
1724,1,0,1,0.07077082865978053,4.0,24.252631226544757,17.609643074832714,0.5,0.5,14,1.0342911788823335,1.0468713621152599,0.0,0.0,0.1798174632239783,0.0,0.09428990729474375,0.08552755592923456
1725,1,0,1,0.0707730905882782,4.0,24.255714154767134,17.58978636360262,0.5,0.5,14,1.0297830745267178,1.0465568575344368,0.0,0.0,0.17931568784809768,0.0,0.09391710712646151,0.08539858072163616
1726,1,0,1,0.07069263805454744,4.0,24.25069572879637,17.617962655690178,0.5,0.5,14,1.0692953790760436,1.0461375129592438,0.0,0.0,0.18508834560951667,0.0,0.09206801679376254,0.09302032881575412
1727,1,2,1,0.0057019810696643525,4.0,24.242877324182032,17.6416536087122,0.5,0.5,14,1.062589008019843,1.0467164596121639,0.0,1.5,0.18368897550930774,0.0,0.09167850312160628,0.09201047238770148
1728,1,0,1,0.07078927917711102,4.0,24.242786854067397,17.61987990041422,0.5,0.5,14,1.0252490949097393,1.0471132733223558,0.0,0.0,0.17866424289164,0.0,0.09342140494788814,0.08524283794375184
1729,1,0,1,0.07069538647688739,4.0,24.234788126421556,17.645377201055698,0.5,0.5,14,1.0640652418576808,1.0465666688620403,0.0,0.0,0.18418781131010958,0.0,0.09160078961217404,0.09258702169793553
1730,1,0,1,0.07070591685239849,4.0,24.22704020637331,17.671209878859074,0.5,0.5,14,1.0650888909420595,1.0470041331869315,0.0,0.0,0.18437776396148198,0.0,0.0916093685436655,0.09276839541781648
1731,1,0,1,0.07069645003944508,4.0,24.221304937734672,17.692826925320876,0.5,0.5,14,1.0633380299539743,1.0474562521308095,0.0,0.0,0.1838154921638448,0.0,0.09188917055965219,0.0919263216041926
1732,1,0,0,-0.16932119842923618,3.830678801570764,24.21829030546454,17.718940520011714,0.5,0.5,14,1.0709522589970941,1.0478532965763887,0.0,0.0,0.18555488004791507,0.0,0.09233834963762362,0.09321653041029143
1733,1,0,1,0.07070367271589344,3.9013824742866574,24.21004979218928,17.736744874192404,0.5,0.5,14,1.0579946115423389,1.0484307706369065,0.0,0.0,0.18304903880295026,0.0,0.09152614142714965,0.0915228973758006
1734,1,0,1,0.07076380979695393,3.9721462840836113,24.217325649727776,17.712719170733017,0.5,0.5,14,1.0319200207386494,1.0486698666595422,0.0,0.0,0.17950009718803545,0.0,0.09441226374041288,0.08508783344762251
1735,1,0,1,0.0707753209483093,4.0,24.2229886908843,17.685621766384326,0.5,0.5,14,1.0268167573193514,1.04825112051152,0.0,0.0,0.17866561841680206,0.0,0.09425383401768295,0.08441178439911913
1736,1,0,1,0.07068711273171223,4.0,24.21726159722226,17.710127595593313,0.5,0.5,14,1.0664939969786698,1.0477152614317156,0.0,0.0,0.18462695309992572,0.0,0.09193191255822089,0.0926950405417048
1737,1,0,1,0.0707680559039012,4.0,24.224489081918893,17.684477238059145,0.5,0.5,14,1.0297618569828488,1.0481847298203895,0.0,0.0,0.17892538035700203,0.0,0.09444170645738688,0.08448367389961514
1738,1,0,1,0.0706987623550028,4.0,24.217696702864245,17.70482443219786,0.5,0.5,14,1.0612789730835184,1.047724157999451,0.0,0.0,0.18359527084637248,0.0,0.0917336446498073,0.09186162619656518
1739,1,0,1,0.07070320516241169,4.0,24.209925130253424,17.72527834489055,0.5,0.5,14,1.0607453684584174,1.0480630283765526,0.0,0.0,0.18367246652037925,0.0,0.09151924579026355,0.09215322073011568
1740,1,0,1,0.07069325480680913,4.0,24.20656387607172,17.746198815815305,0.5,0.5,14,1.0659393036216542,1.0483800868785993,0.0,0.0,0.18453934188975007,0.0,0.09220287156140601,0.09233647032834405
1741,1,2,1,0.005696758649674018,4.0,24.199960857659118,17.764855726231797,0.5,0.5,14,1.0608729593010646,1.0488190672971758,0.0,1.5,0.18372034208620752,0.0,0.09170901091515483,0.0920113311710527
1742,1,0,1,0.07067828846481335,4.0,24.199364953997133,17.78772023685685,0.5,0.5,14,1.071389021560337,1.0491204145972728,0.0,0.0,0.18578170511765982,0.0,0.09264411556285057,0.09313758955480925
1743,1,0,1,0.07078845884566519,4.0,24.198136638476285,17.75401464073886,0.5,0.5,14,1.014743218132518,1.0496771297713496,0.0,0.0,0.17657230075106348,0.0,0.09312422242604448,0.083448078325019
1744,1,0,1,0.0707981349845259,4.0,24.198177578940374,17.72808956872026,0.5,0.5,14,1.0229196504258653,1.0488037819803788,0.0,0.0,0.17803500815347417,0.0,0.0932460902498791,0.0847889179035951
1745,1,0,1,0.07079303072646843,4.0,24.19973500646853,17.70128480957144,0.5,0.5,14,1.0229093470708475,1.048156678691516,0.0,0.0,0.17814543812385622,0.0,0.0935223600406736,0.08462307808318263
1746,1,0,1,0.07070754449794535,4.0,24.193663944094467,17.72048881049189,0.5,0.5,14,1.0606584339473872,1.0475254954009992,0.0,0.0,0.18342851065267188,0.0,0.09178877329906146,0.09163973735361042
1747,1,0,0,-0.16921025679825752,3.8307897432017426,24.196915346059342,17.69072826163078,0.5,0.5,14,1.021344671968424,1.0478538188646591,0.0,0.0,0.1778040297316773,0.0,0.0937346338139033,0.08406939591777396
1748,1,0,1,0.07076830442330624,3.901558047625049,24.203978452313446,17.66799811848083,0.5,0.5,14,1.0315240532964087,1.047191090192253,0.0,0.0,0.17931837940044687,0.0,0.09432820831174983,0.08499017108869703
1749,1,0,1,0.07069910143401253,3.9722571490590615,24.198091438237274,17.688826351262545,0.5,0.5,14,1.0617406329754018,1.0467994142698571,0.0,0.0,0.18379775489237593,0.0,0.09177318135135126,0.0920245735410247
1750,1,0,1,0.0708311561021155,4.0,24.189520474189692,17.652471275398725,0.5,0.5,14,1.0022469048260896,1.0471729447374956,0.0,0.0,0.17456013194195816,0.0,0.09200132534876429,0.08255880659319387
1751,1,0,1,0.07078826170825649,4.0,24.193230950918505,17.63074583658803,0.5,0.5,14,1.0280348316578267,1.0460497937397104,0.0,0.0,0.1788592729720151,0.0,0.09375869480664042,0.0851005781653747
1752,1,0,0,-0.169300622395238,3.830699377604762,24.18936995192422,17.654553485632896,0.5,0.5,14,1.0655460697382488,1.0455994196876635,0.0,0.0,0.18429094338065005,0.0,0.09208008696664076,0.0922108564140093
1753,1,0,1,0.0707146153563982,3.90141399296116,24.18215263821865,17.673323257317698,0.5,0.5,14,1.0576505439181536,1.046098085938928,0.0,0.0,0.18274758989981024,0.0,0.09154619001570746,0.09120139988410278
1754,1,0,1,0.07080487693272063,3.9722188698938807,24.181313898717242,17.64642363506653,0.5,0.5,14,1.0186485356358368,1.0463868973884085,0.0,0.0,0.17761186828520548,0.0,0.09311804045080438,0.08449382783440111
1755,1,0,0,-0.16930425908987062,3.80291461080401,24.178498314665536,17.6726132818184,0.5,0.5,14,1.0690675010447577,1.0456934383445944,0.0,0.0,0.18508533381418651,0.0,0.092182868375635,0.09290246543855155
1756,1,1,1,0.005774626696155245,3.808689237500165,24.188250885732117,17.64789447114664,0.5,0.5,14,1.0313115503069203,1.0462777899120983,0.0,1.5,0.17929306218866764,0.0,0.09467372532556821,0.08461933686309941
1757,1,0,1,0.07079553503698122,3.8794847725371464,24.189804277841095,17.623346910489516,0.5,0.5,14,1.02290946537382,1.045903633921969,0.0,0.0,0.17810167726671164,0.0,0.09345709627860359,0.08464458098810804
1758,1,0,1,0.07071061623211439,3.9501953887692607,24.18487046606698,17.64575437032313,0.5,0.5,14,1.062802427767767,1.045328779708265,0.0,0.0,0.1836997798650499,0.0,0.09185561515202992,0.09184416471301998
1759,1,0,1,0.07075476252878256,4.0,24.19955637098436,17.62531170826564,0.5,0.5,14,1.0400088637696445,1.0457656209097528,0.0,0.0,0.1804935069622588,0.0,0.09543241949172013,0.08506108747053867
1760,1,0,1,0.07069547504722175,4.0,24.195504597482287,17.65239062529777,0.5,0.5,14,1.0686488455113032,1.0456217019812502,0.0,0.0,0.18518489289268023,0.0,0.0920625414979917,0.09312235139468854
1761,1,0,0,-0.16922075726415436,3.830779242735846,24.203064607266786,17.629579985493848,0.5,0.5,14,1.03094675055008,1.0461973805695015,0.0,0.0,0.1791546848909327,0.0,0.09439017546683204,0.08476450942410067
1762,1,0,1,0.07078446769786709,3.901563710433713,24.21017616830863,17.607557929119174,0.5,0.5,14,1.0309056194861894,1.045816114819016,0.0,0.0,0.17927134471468215,0.0,0.09430219079174582,0.08496915392293627
1763,1,0,1,0.07069073423280159,3.9722544446665147,24.20615263440359,17.63785379309694,0.5,0.5,14,1.071715682508415,1.0454433524356954,0.0,0.0,0.1855839774627754,0.0,0.09205852307638236,0.09352545438639306
1764,1,1,1,0.005695096279135659,3.9779495409456502,24.20230170235937,17.663723379473673,0.5,0.5,14,1.068118815020029,1.0461001606875133,0.0,1.5,0.1847075422240328,0.0,0.0921209919809675,0.09258655024306528
1765,1,0,1,0.07076024812347845,4.0,24.212556574487852,17.64525593902917,0.5,0.5,14,1.0384380587298037,1.0466506270458262,0.0,0.0,0.18063048166660045,0.0,0.09485089564000145,0.08577958602659902
1766,1,1,1,0.0056899172477239005,4.0,24.209583383033056,17.672838718073898,0.5,0.5,14,1.07105490042786,1.0464453128379256,0.0,1.5,0.18543749858794428,0.0,0.09219131438989711,0.09324618419804716
1767,1,2,1,0.005756106212803245,4.0,24.22144543452125,17.65347389200439,0.5,0.5,14,1.039557777946355,1.047060552527674,0.0,1.5,0.18068030122104428,0.0,0.09510292620028715,0.08557737502075713
1768,1,0,1,0.07080575364471514,4.0,24.218159048721628,17.630472976843766,0.5,0.5,14,1.0205856822028965,1.0468729831631411,0.0,0.0,0.1779840333794728,0.0,0.09284372607322654,0.08514030730624625
1769,1,0,0,-0.16930192104407657,3.8306980789559235,24.21296391827707,17.65661529884818,0.5,0.5,14,1.067162992198987,1.0462158006391349,0.0,0.0,0.1846236758403689,0.0,0.09193018302165629,0.09269349281871261
1770,1,0,1,0.07070449661854342,3.901402575574467,24.207282895603267,17.679836767271166,0.5,0.5,14,1.0642799261773161,1.0467394804281311,0.0,0.0,0.18416301129208565,0.0,0.09184856274199592,0.09231444855008972
1771,1,0,0,-0.16926399415897211,3.732138581415495,24.224732858370217,17.664730895980846,0.5,0.5,14,1.049522083048495,1.0471779915718609,0.0,0.0,0.18224685685328704,0.0,0.09590680309841995,0.08634005375486704
1772,1,0,1,0.07070722397713072,3.8028458053926255,24.21704206561042,17.68617099016999,0.5,0.5,14,1.0609858952881186,1.0472365938587767,0.0,0.0,0.18346501874048313,0.0,0.09163861294043016,0.09182640580005297
1773,1,0,1,0.07077594070678649,3.873621746099412,24.223346870259107,17.66417439361144,0.5,0.5,14,1.0318885344846476,1.04758032639451,0.0,0.0,0.17947720792389413,0.0,0.09427825722249866,0.08519895070139545
1774,1,0,0,-0.16921302976362618,3.7044087163357857,24.226369566795476,17.641114335174223,0.5,0.5,14,1.0271506696959158,1.0471880315967637,0.0,0.0,0.178684017281092,0.0,0.09378876203740713,0.08489525524368492
1775,1,0,1,0.07070079445884334,3.775109510794629,24.21969371987503,17.664987405046645,0.5,0.5,14,1.0638843205012174,1.0466870975492424,0.0,0.0,0.18411129597062809,0.0,0.09175560126300421,0.09235569470762389
1776,1,0,0,-0.1692935574163657,3.605815953378263,24.212791358795435,17.68619420891113,0.5,0.5,14,1.061421470907932,1.0471170281230417,0.0,0.0,0.18358814914938715,0.0,0.09171560248071826,0.09187254666866888
1777,1,0,1,0.0707026859084469,3.67651863928671,24.206349717618046,17.708970865862728,0.5,0.5,14,1.0638096549668772,1.0474746391926641,0.0,0.0,0.18406193652131064,0.0,0.09177604922538005,0.0922858872959306
1778,1,0,1,0.07071593731148508,3.747234576598195,24.1968485802703,17.72691878969656,0.5,0.5,14,1.056329801073102,1.0478830145870195,0.0,0.0,0.1826278999513361,0.0,0.09128704502687224,0.09134085492446385
1779,1,0,1,0.07074397164040269,3.8179785482385977,24.211350467434272,17.707851800105253,0.5,0.5,14,1.0435290818218388,1.0480941842491716,0.0,0.0,0.18125573898698488,0.0,0.09550204722129926,0.08575369176568566
1780,1,0,1,0.07068315009242018,3.888661698331018,24.208035026279006,17.731163505322918,0.5,0.5,14,1.067976320750888,1.047980056688488,0.0,0.0,0.1846711409513854,0.0,0.09228398318142289,0.09238715776996254
1781,1,0,1,0.07079784345292683,3.9594595417839447,24.211320178065307,17.701990407309893,0.5,0.5,14,1.0225920170633214,1.0484799632900481,0.0,0.0,0.1778749432076439,0.0,0.09378310237786137,0.08409184082978255
1782,1,0,1,0.07074055757356616,4.0,24.2265434275264,17.68591148636455,0.5,0.5,14,1.0469770931501325,1.04783276463438,0.0,0.0,0.1820448715008213,0.0,0.09561516927862597,0.08642970222219531
1783,1,0,1,0.07069688795087048,4.0,24.221676214006834,17.70991539648106,0.5,0.5,14,1.0669480694442155,1.0478113728472738,0.0,0.0,0.18472671235266822,0.0,0.09206011781554968,0.09266659453711854
1784,1,0,1,0.0707637367497704,4.0,24.23000958661858,17.68685979301905,0.5,0.5,14,1.0335675594119305,1.0482897902621975,0.0,0.0,0.17975912565389573,0.0,0.09459544587660718,0.08516367977728855
1785,1,0,1,0.07070887156066533,4.0,24.22304583908862,17.707813945586402,0.5,0.5,14,1.0619121395283333,1.0479217344909406,0.0,0.0,0.1836073027476021,0.0,0.09175050503896313,0.09185679770863898
1786,1,0,1,0.0707477430384052,4.0,24.23400298160611,17.688296795622705,0.5,0.5,14,1.0397114871706732,1.0482714946168754,0.0,0.0,0.1805385419179214,0.0,0.09499643937616653,0.08554210254175486
1787,1,0,1,0.07069844964644709,4.0,24.227119175706534,17.709295864168396,0.5,0.5,14,1.0621727570768318,1.0480574944307204,0.0,0.0,0.1836077844917986,0.0,0.09175241343511102,0.09185537105668758
1788,1,0,1,0.07074529314842341,4.0,24.2388529538175,17.687482763790914,0.5,0.5,14,1.0383310537303592,1.0484103759968733,0.0,0.0,0.1805404300138008,0.0,0.09514694544086053,0.08539348457294028
1789,1,0,0,-0.16926150053082734,3.830738499469173,24.25284405312051,17.669990657376882,0.5,0.5,14,1.0446573858291888,1.0481583929402103,0.0,0.0,0.1814971960726125,0.0,0.0955371482242969,0.0859600478483156
1790,1,2,1,0.005782035846999246,3.836520535316172,24.255457169667473,17.64738739532373,0.5,0.5,14,1.0280807222562405,1.0480708677624349,0.0,1.5,0.17887052824180447,0.0,0.09380132390803173,0.08506920433377271
1791,1,0,1,0.0707677055851245,3.9072882409012966,24.26067285946626,17.628386825703725,0.5,0.5,14,1.0337862343035675,1.0475711141247799,0.0,0.0,0.1799096535195804,0.0,0.09422337210493739,0.08568628141464298
1792,1,0,1,0.07067498109428348,4.0,24.255651434715368,17.65907004269728,0.5,0.5,15,1.0728882843719139,1.0472264921292496,0.0,0.0,0.1856311433122349,0.0,0.09215544775669847,0.09347569555553643
1793,1,0,1,0.07067798479522741,4.0,24.25292646790061,17.687166638633023,0.5,0.5,15,1.0732396660562995,1.0478680369353164,0.0,0.0,0.1859038646227409,0.0,0.09245013286183223,0.09345373176090865
1794,1,0,1,0.0707774387575631,4.0,24.257574216830157,17.666912050762125,0.5,0.5,15,1.0328954887219908,1.048502327663341,0.0,0.0,0.1796235797943204,0.0,0.09411190443623899,0.08551167535808141
1795,1,1,1,0.005700701242031994,4.0,24.249157864886048,17.690239039244556,0.5,0.5,15,1.0630227932281295,1.048112156689807,0.0,1.5,0.1838690510406632,0.0,0.09158104693270505,0.09228800410795815
1796,1,2,1,0.0057603826128631245,4.0,24.257737436611343,17.669431646889215,0.5,0.5,15,1.0362571019732203,1.048484922603265,0.0,1.5,0.1801851799223006,0.0,0.09475048730552905,0.08543469261677153
1797,1,0,1,0.07068110635206573,4.0,24.25259856447942,17.697377610787044,0.5,0.5,15,1.0709863188534168,1.048179227087514,0.0,0.0,0.18547961914320688,0.0,0.09207954607622375,0.09340007306698314
1798,1,0,1,0.07071445241931802,4.0,24.244974244258607,17.714304953828943,0.5,0.5,15,1.0580524272027476,1.0487494043816616,0.0,0.0,0.1827871217996524,0.0,0.09175920983504855,0.09102791196460383
1799,1,2,1,0.005749380790856966,4.0,24.256451465387222,17.691594724958744,0.5,0.5,15,1.0377489722106041,1.048981979952189,0.0,1.5,0.18022722639738892,0.0,0.09517677568463666,0.08505045071275225
