trial,active,action,correct,net_energy,energy,mass_a,mass_b,store_a,store_b,resets,mass_added,mass_lost,consumed,external,balance_error,demand_a,demand_b
0,1,0,1,0.1841280020802198,4.0,37.99999999999997,33.99999999999997,77.43415745126735,14.365602777296914,1,2.5200000000000005,2.5199999999999982,0.42000000000000015,0.0,0.0,0.21000000000000002,0.21000000000000002
1,1,0,1,0.1841119464591317,4.0,37.99999999999997,33.99999999999997,77.39915745126737,14.330602777296916,1,2.52,2.5199999999999982,0.4200000000000001,0.0,0.0,0.21000000000000002,0.21000000000000002
2,1,0,1,0.18375736661784045,4.0,37.99999999999997,33.99999999999997,77.36415745126737,14.295602777296914,1,2.5200000000000005,2.5199999999999982,0.42000000000000015,0.0,0.0,0.21000000000000002,0.21000000000000002
3,1,0,1,0.18408261991711528,4.0,37.99999999999997,33.99999999999997,77.32915745126738,14.260602777296915,1,2.5200000000000005,2.5199999999999982,0.42000000000000015,0.0,0.0,0.21000000000000002,0.21000000000000002
4,1,0,1,0.183768043989887,4.0,37.99999999999997,33.99999999999997,77.29415745126737,14.225602777296913,1,2.5200000000000005,2.5199999999999982,0.42000000000000015,0.0,0.0,0.21000000000000002,0.21000000000000002
5,1,0,1,0.1840835445370032,4.0,37.99999999999997,33.99999999999997,77.25915745126738,14.190602777296915,1,2.5200000000000005,2.5199999999999982,0.42000000000000015,0.0,0.0,0.21000000000000002,0.21000000000000002
6,1,1,1,0.11909670371073897,4.0,37.99999999999997,33.99999999999997,77.22415745126739,14.505602777296914,1,2.5200000000000005,2.5199999999999982,0.42000000000000015,0.0,0.0,0.21000000000000002,0.21000000000000002
7,1,0,1,0.18412134986725276,4.0,37.99999999999997,33.99999999999997,77.18915745126739,14.470602777296913,1,2.52,2.5199999999999982,0.4200000000000001,0.0,0.0,0.21000000000000002,0.21000000000000002
8,1,1,1,0.1187798262207012,4.0,37.99999999999997,33.99999999999997,77.15415745126738,14.785602777296914,1,2.5200000000000005,2.5199999999999982,0.42000000000000015,0.0,0.0,0.21000000000000002,0.21000000000000002
9,1,0,0,-0.05622275141776846,3.9437772485822316,37.99999999999997,33.99999999999997,77.1191574512674,14.750602777296912,1,2.5200000000000005,2.5199999999999982,0.42000000000000015,0.0,0.0,0.21000000000000002,0.21000000000000002
10,1,0,1,0.18378198841959256,4.0,37.99999999999997,33.99999999999997,77.0841574512674,14.715602777296914,1,2.5200000000000005,2.5199999999999982,0.42000000000000015,0.0,0.0,0.21000000000000002,0.21000000000000002
11,1,0,1,0.1838234242120522,4.0,37.99999999999997,33.99999999999997,77.0491574512674,14.680602777296912,1,2.5200000000000005,2.5199999999999982,0.42000000000000015,0.0,0.0,0.21000000000000002,0.21000000000000002
12,1,0,1,0.18413216345711086,4.0,37.99999999999997,33.99999999999997,77.0141574512674,14.645602777296913,1,2.52,2.5199999999999982,0.4200000000000001,0.0,0.0,0.21000000000000002,0.21000000000000002
13,1,0,1,0.18413942545078055,4.0,37.99999999999997,33.99999999999997,76.97915745126741,14.610602777296911,1,2.52,2.5199999999999982,0.4200000000000001,0.0,0.0,0.21000000000000002,0.21000000000000002
14,1,0,0,-0.05586201307139515,3.944137986928605,37.99999999999997,33.99999999999997,76.94415745126742,14.575602777296913,1,2.52,2.5199999999999982,0.4200000000000001,0.0,0.0,0.21000000000000002,0.21000000000000002
15,1,0,1,0.18377105499957386,4.0,37.99999999999997,33.99999999999997,76.90915745126742,14.540602777296911,1,2.5200000000000005,2.5199999999999982,0.42000000000000015,0.0,0.0,0.21000000000000002,0.21000000000000002
16,1,0,1,0.18379502888102672,4.0,37.99999999999997,33.99999999999997,76.87415745126741,14.505602777296913,1,2.5200000000000005,2.5199999999999982,0.42000000000000015,0.0,0.0,0.21000000000000002,0.21000000000000002
17,1,0,1,0.18411504590077163,4.0,37.99999999999997,33.99999999999997,76.83915745126743,14.47060277729691,1,2.52,2.5199999999999982,0.4200000000000001,0.0,0.0,0.21000000000000002,0.21000000000000002
18,1,0,1,0.18409837323654102,4.0,37.99999999999997,33.99999999999997,76.80415745126743,14.435602777296912,1,2.52,2.5199999999999982,0.42000000000000015,0.0,0.0,0.21000000000000002,0.21000000000000002
19,1,2,1,0.11876343252854706,4.0,37.99999999999997,33.99999999999997,77.11915745126741,14.40060277729691,1,2.5200000000000005,2.5199999999999982,0.42000000000000015,0.0,0.0,0.21000000000000002,0.21000000000000002
20,1,0,1,0.1840821722495297,4.0,37.99999999999997,33.99999999999997,77.08415745126743,14.365602777296912,1,2.52,2.5199999999999982,0.42000000000000015,0.0,0.0,0.21000000000000002,0.21000000000000002
21,1,0,1,0.1840745293267622,4.0,37.99999999999997,33.99999999999997,77.04915745126743,14.33060277729691,1,2.5200000000000005,2.5199999999999982,0.42000000000000015,0.0,0.0,0.21000000000000002,0.21000000000000002
22,1,0,1,0.184093846203125,4.0,37.99999999999997,33.99999999999997,77.01415745126744,14.295602777296912,1,2.5200000000000005,2.5199999999999982,0.42000000000000015,0.0,0.0,0.21000000000000002,0.21000000000000002
23,1,0,1,0.18410674485856196,4.0,37.99999999999997,33.99999999999997,76.97915745126743,14.26060277729691,1,2.52,2.5199999999999982,0.4200000000000001,0.0,0.0,0.21000000000000002,0.21000000000000002
24,1,0,1,0.18376272653376893,4.0,37.99999999999997,33.99999999999997,76.94415745126744,14.225602777296912,1,2.5200000000000005,2.5199999999999982,0.42000000000000015,0.0,0.0,0.21000000000000002,0.21000000000000002
25,1,0,1,0.1837727393704677,4.0,37.99999999999997,33.99999999999997,76.90915745126745,14.19060277729691,1,2.5200000000000005,2.5199999999999982,0.42000000000000015,0.0,0.0,0.21000000000000002,0.21000000000000002
26,1,1,1,0.11877678454183244,4.0,37.99999999999997,33.99999999999997,76.87415745126745,14.50560277729691,1,2.5200000000000005,2.5199999999999982,0.42000000000000015,0.0,0.0,0.21000000000000002,0.21000000000000002
27,1,0,0,-0.05586730519873711,3.944132694801263,37.99999999999997,33.99999999999997,76.83915745126744,14.470602777296909,1,2.52,2.5199999999999982,0.4200000000000001,0.0,0.0,0.21000000000000002,0.21000000000000002
28,1,0,1,0.18412574309159133,4.0,37.99999999999997,33.99999999999997,76.80415745126746,14.435602777296909,1,2.52,2.5199999999999982,0.42000000000000015,0.0,0.0,0.21000000000000002,0.21000000000000002
29,1,0,1,0.18380419835697012,4.0,37.99999999999997,33.99999999999997,76.76915745126746,14.40060277729691,1,2.5200000000000005,2.5199999999999982,0.42000000000000015,0.0,0.0,0.21000000000000002,0.21000000000000002
30,1,0,1,0.18378434622622628,4.0,37.99999999999997,33.99999999999997,76.73415745126746,14.365602777296912,1,2.5200000000000005,2.5199999999999982,0.42000000000000015,0.0,0.0,0.21000000000000002,0.21000000000000002
31,1,0,0,-0.05589771161048522,3.944102288389515,37.99999999999997,33.99999999999997,76.69915745126745,14.330602777296908,1,2.52,2.5199999999999982,0.4200000000000001,0.0,0.0,0.21000000000000002,0.21000000000000002
32,1,0,1,0.18414685778373652,4.0,37.99999999999997,33.99999999999997,76.66415745126747,14.295602777296908,1,2.52,2.5199999999999982,0.4200000000000001,0.0,0.0,0.21000000000000002,0.21000000000000002
33,1,0,1,0.18379060759805665,4.0,37.99999999999997,33.99999999999997,76.62915745126747,14.26060277729691,1,2.5200000000000005,2.5199999999999982,0.42000000000000015,0.0,0.0,0.21000000000000002,0.21000000000000002
34,1,0,1,0.18379729469971856,4.0,37.99999999999997,33.99999999999997,76.59415745126748,14.225602777296908,1,2.5200000000000005,2.5199999999999982,0.42000000000000015,0.0,0.0,0.21000000000000002,0.21000000000000002
35,1,0,1,0.18409940129765906,4.0,37.99999999999997,33.99999999999997,76.55915745126747,14.190602777296908,1,2.5200000000000005,2.5199999999999982,0.42000000000000015,0.0,0.0,0.21000000000000002,0.21000000000000002
36,1,0,0,-0.056221261211559015,3.943778738788441,37.99999999999997,33.99999999999997,76.52415745126748,14.155602777296908,1,2.5200000000000005,2.5199999999999982,0.42000000000000015,0.0,0.0,0.21000000000000002,0.21000000000000002
37,1,0,1,0.183778774166617,4.0,37.99999999999997,33.99999999999997,76.48915745126749,14.12060277729691,1,2.5200000000000005,2.5199999999999982,0.42000000000000015,0.0,0.0,0.21000000000000002,0.21000000000000002
38,1,0,1,0.18379093731199064,4.0,37.99999999999997,33.99999999999997,76.45415745126749,14.085602777296911,1,2.5200000000000005,2.5199999999999982,0.42000000000000015,0.0,0.0,0.21000000000000002,0.21000000000000002
39,1,0,1,0.18409330997695134,4.0,37.99999999999997,33.99999999999997,76.41915745126748,14.050602777296907,1,2.5200000000000005,2.5199999999999982,0.42000000000000015,0.0,0.0,0.21000000000000002,0.21000000000000002
40,1,0,1,0.18411670477867642,4.0,37.99999999999997,33.99999999999997,76.3841574512675,14.015602777296907,1,2.52,2.5199999999999982,0.4200000000000001,0.0,0.0,0.21000000000000002,0.21000000000000002
41,1,0,1,0.1840943269768599,4.0,37.99999999999997,33.99999999999997,76.3491574512675,13.980602777296909,1,2.52,2.5199999999999982,0.4200000000000001,0.0,0.0,0.21000000000000002,0.21000000000000002
42,1,0,1,0.1841142100851208,4.0,37.99999999999997,33.99999999999997,76.3141574512675,13.945602777296907,1,2.52,2.5199999999999982,0.4200000000000001,0.0,0.0,0.21000000000000002,0.21000000000000002
43,1,0,0,-0.05591624619721186,3.944083753802788,37.99999999999997,33.99999999999997,76.2791574512675,13.910602777296907,1,2.5200000000000005,2.5199999999999982,0.42000000000000015,0.0,0.0,0.21000000000000002,0.21000000000000002
44,1,0,1,0.18409542120937422,4.0,37.99999999999997,33.99999999999997,76.24415745126751,13.875602777296907,1,2.52,2.5199999999999982,0.4200000000000001,0.0,0.0,0.21000000000000002,0.21000000000000002
45,1,0,1,0.18406236491449304,4.0,37.99999999999997,33.99999999999997,76.20915745126752,13.840602777296908,1,2.5200000000000005,2.5199999999999982,0.42000000000000015,0.0,0.0,0.21000000000000002,0.21000000000000002
46,1,0,0,-0.05622132837884048,3.9437786716211596,37.99999999999997,33.99999999999997,76.17415745126752,13.80560277729691,1,2.5200000000000005,2.5199999999999982,0.42000000000000015,0.0,0.0,0.21000000000000002,0.21000000000000002
47,1,0,1,0.18410672210161097,4.0,37.99999999999997,33.99999999999997,76.13915745126751,13.770602777296906,1,2.5200000000000005,2.5199999999999982,0.42000000000000015,0.0,0.0,0.21000000000000002,0.21000000000000002
48,1,0,0,-0.055922102410467245,3.9440778975895325,37.99999999999997,33.99999999999997,76.10415745126753,13.735602777296906,1,2.52,2.5199999999999982,0.4200000000000001,0.0,0.0,0.21000000000000002,0.21000000000000002
49,1,0,1,0.18375068924648544,4.0,37.99999999999997,33.99999999999997,76.06915745126753,13.700602777296908,1,2.5200000000000005,2.5199999999999982,0.42000000000000015,0.0,0.0,0.21000000000000002,0.21000000000000002
50,1,0,1,0.18376739073458254,4.0,37.99999999999997,33.99999999999997,76.03415745126753,13.665602777296906,1,2.5200000000000005,2.5199999999999982,0.42000000000000015,0.0,0.0,0.21000000000000002,0.21000000000000002
51,1,0,1,0.18409873980507657,4.0,37.99999999999997,33.99999999999997,75.99915745126752,13.630602777296906,1,2.5200000000000005,2.5199999999999982,0.42000000000000015,0.0,0.0,0.21000000000000002,0.21000000000000002
52,1,0,1,0.18376247556961428,4.0,37.99999999999997,33.99999999999997,75.96415745126754,13.595602777296905,1,2.5200000000000005,2.5199999999999982,0.42000000000000015,0.0,0.0,0.21000000000000002,0.21000000000000002
53,1,0,1,0.18408166370962806,4.0,37.99999999999997,33.99999999999997,75.92915745126754,13.560602777296907,1,2.5200000000000005,2.5199999999999982,0.42000000000000015,0.0,0.0,0.21000000000000002,0.21000000000000002
54,1,0,1,0.18375991569529584,4.0,37.99999999999997,33.99999999999997,75.89415745126755,13.525602777296909,1,2.5200000000000005,2.5199999999999982,0.42000000000000015,0.0,0.0,0.21000000000000002,0.21000000000000002
55,1,0,1,0.18410341241540087,4.0,37.99999999999997,33.99999999999997,75.85915745126754,13.490602777296905,1,2.52,2.5199999999999982,0.4200000000000001,0.0,0.0,0.21000000000000002,0.21000000000000002
56,1,0,1,0.1837747068497518,4.0,37.99999999999997,33.99999999999997,75.82415745126755,13.455602777296905,1,2.5200000000000005,2.5199999999999982,0.42000000000000015,0.0,0.0,0.21000000000000002,0.21000000000000002
57,1,0,1,0.18409699057558374,4.0,37.99999999999997,33.99999999999997,75.78915745126756,13.420602777296907,1,2.5200000000000005,2.5199999999999982,0.42000000000000015,0.0,0.0,0.21000000000000002,0.21000000000000002
58,1,1,1,0.1190974000837626,4.0,37.99999999999997,33.99999999999997,75.75415745126756,13.735602777296904,1,2.52,2.5199999999999982,0.4200000000000001,0.0,0.0,0.21000000000000002,0.21000000000000002
59,1,0,1,0.18409150347084824,4.0,37.99999999999997,33.99999999999997,75.71915745126755,13.700602777296906,1,2.52,2.5199999999999982,0.4200000000000001,0.0,0.0,0.21000000000000002,0.21000000000000002
60,1,0,1,0.18375385247434245,4.0,37.99999999999997,33.99999999999997,75.68415745126757,13.665602777296904,1,2.5200000000000005,2.5199999999999982,0.42000000000000015,0.0,0.0,0.21000000000000002,0.21000000000000002
61,1,0,1,0.183766777918389,4.0,37.99999999999997,33.99999999999997,75.64915745126757,13.630602777296906,1,2.5200000000000005,2.5199999999999982,0.42000000000000015,0.0,0.0,0.21000000000000002,0.21000000000000002
62,1,0,1,0.18407690681078193,4.0,37.99999999999997,33.99999999999997,75.61415745126757,13.595602777296904,1,2.5200000000000005,2.5199999999999982,0.42000000000000015,0.0,0.0,0.21000000000000002,0.21000000000000002
63,1,0,1,0.18408395350833412,4.0,37.99999999999997,33.99999999999997,75.57915745126756,13.560602777296905,1,2.5200000000000005,2.5199999999999982,0.42000000000000015,0.0,0.0,0.21000000000000002,0.21000000000000002
64,1,0,1,0.18409829627181368,4.0,37.99999999999997,33.99999999999997,75.54415745126758,13.525602777296903,1,2.52,2.5199999999999982,0.4200000000000001,0.0,0.0,0.21000000000000002,0.21000000000000002
65,1,0,1,0.18411462924699987,4.0,37.99999999999997,33.99999999999997,75.50915745126758,13.490602777296905,1,2.52,2.5199999999999982,0.4200000000000001,0.0,0.0,0.21000000000000002,0.21000000000000002
66,1,0,1,0.18412382863257234,4.0,37.99999999999997,33.99999999999997,75.47415745126759,13.455602777296903,1,2.52,2.5199999999999982,0.4200000000000001,0.0,0.0,0.21000000000000002,0.21000000000000002
67,1,1,1,0.1190734943880165,4.0,37.99999999999997,33.99999999999997,75.43915745126758,13.770602777296903,1,2.5200000000000005,2.5199999999999982,0.42000000000000015,0.0,0.0,0.21000000000000002,0.21000000000000002
68,1,0,1,0.18412592647761358,4.0,37.99999999999997,33.99999999999997,75.4041574512676,13.735602777296904,1,2.52,2.5199999999999982,0.4200000000000001,0.0,0.0,0.21000000000000002,0.21000000000000002
69,1,0,1,0.1841518663582108,4.0,37.99999999999997,33.99999999999997,75.3691574512676,13.700602777296902,1,2.52,2.5199999999999982,0.4200000000000001,0.0,0.0,0.21000000000000002,0.21000000000000002
70,1,1,1,0.1188032083688857,4.0,37.99999999999997,33.99999999999997,75.3341574512676,14.015602777296904,1,2.5200000000000005,2.5199999999999982,0.42000000000000015,0.0,0.0,0.21000000000000002,0.21000000000000002
71,1,0,1,0.18414013394727063,4.0,37.99999999999997,33.99999999999997,75.29915745126759,13.980602777296902,1,2.52,2.5199999999999982,0.4200000000000001,0.0,0.0,0.21000000000000002,0.21000000000000002
72,1,0,1,0.18410928002726928,4.0,37.99999999999997,33.99999999999997,75.26415745126761,13.945602777296903,1,2.52,2.5199999999999982,0.42000000000000015,0.0,0.0,0.21000000000000002,0.21000000000000002
73,1,0,1,0.1841495243788233,4.0,37.99999999999997,33.99999999999997,75.22915745126761,13.910602777296901,1,2.52,2.5199999999999982,0.4200000000000001,0.0,0.0,0.21000000000000002,0.21000000000000002
74,1,0,1,0.18381853430875203,4.0,37.99999999999997,33.99999999999997,75.19415745126761,13.875602777296903,1,2.5200000000000005,2.5199999999999982,0.42000000000000015,0.0,0.0,0.21000000000000002,0.21000000000000002
75,1,0,1,0.1838181138806298,4.0,37.99999999999997,33.99999999999997,75.1591574512676,13.840602777296901,1,2.5200000000000005,2.5199999999999982,0.42000000000000015,0.0,0.0,0.21000000000000002,0.21000000000000002
76,1,2,1,0.11880101157493492,4.0,37.99999999999997,33.99999999999997,75.47415745126762,13.805602777296903,1,2.5200000000000005,2.5199999999999982,0.42000000000000015,0.0,0.0,0.21000000000000002,0.21000000000000002
77,1,0,1,0.18378351032607063,4.0,37.99999999999997,33.99999999999997,75.43915745126762,13.7706027772969,1,2.5200000000000005,2.5199999999999982,0.42000000000000015,0.0,0.0,0.21000000000000002,0.21000000000000002
78,1,0,1,0.18413101861984876,4.0,37.99999999999997,33.99999999999997,75.40415745126761,13.735602777296902,1,2.52,2.5199999999999982,0.4200000000000001,0.0,0.0,0.21000000000000002,0.21000000000000002
79,1,0,1,0.18378796481737278,4.0,37.99999999999997,33.99999999999997,75.36915745126763,13.7006027772969,1,2.5200000000000005,2.5199999999999982,0.42000000000000015,0.0,0.0,0.21000000000000002,0.21000000000000002
80,1,0,1,0.18413428368994222,4.0,37.99999999999997,33.99999999999997,75.33415745126763,13.665602777296902,1,2.52,2.5199999999999982,0.4200000000000001,0.0,0.0,0.21000000000000002,0.21000000000000002
81,1,0,1,0.1841028172686144,4.0,37.99999999999997,33.99999999999997,75.29915745126763,13.6306027772969,1,2.52,2.5199999999999982,0.4200000000000001,0.0,0.0,0.21000000000000002,0.21000000000000002
82,1,0,1,0.1837805775366198,4.0,37.99999999999997,33.99999999999997,75.26415745126762,13.595602777296902,1,2.5200000000000005,2.5199999999999982,0.42000000000000015,0.0,0.0,0.21000000000000002,0.21000000000000002
83,1,0,1,0.18378219546016997,4.0,37.99999999999997,33.99999999999997,75.22915745126764,13.5606027772969,1,2.5200000000000005,2.5199999999999982,0.42000000000000015,0.0,0.0,0.21000000000000002,0.21000000000000002
84,1,0,1,0.18409550108857703,4.0,37.99999999999997,33.99999999999997,75.19415745126764,13.525602777296902,1,2.52,2.5199999999999982,0.42000000000000015,0.0,0.0,0.21000000000000002,0.21000000000000002
85,1,0,0,-0.055897168968609474,3.9441028310313904,37.99999999999997,33.99999999999997,75.15915745126765,13.4906027772969,1,2.5200000000000005,2.5199999999999982,0.42000000000000015,0.0,0.0,0.21000000000000002,0.21000000000000002
86,1,0,0,-0.055877187077619225,3.888225643953771,37.99999999999997,33.99999999999997,75.12415745126764,13.455602777296901,1,2.52,2.5199999999999982,0.4200000000000001,0.0,0.0,0.21000000000000002,0.21000000000000002
87,1,0,1,0.1840979853469972,4.0,37.99999999999997,33.99999999999997,75.08915745126765,13.4206027772969,1,2.52,2.5199999999999982,0.4200000000000001,0.0,0.0,0.21000000000000002,0.21000000000000002
88,1,0,1,0.18409435627948606,4.0,37.99999999999997,33.99999999999997,75.05415745126766,13.385602777296901,1,2.5200000000000005,2.5199999999999982,0.42000000000000015,0.0,0.0,0.21000000000000002,0.21000000000000002
89,1,0,1,0.18409173615372953,4.0,37.99999999999997,33.99999999999997,75.01915745126766,13.3506027772969,1,2.5200000000000005,2.5199999999999982,0.42000000000000015,0.0,0.0,0.21000000000000002,0.21000000000000002
90,1,0,1,0.1840844280449564,4.0,37.99999999999997,33.99999999999997,74.98415745126765,13.3156027772969,1,2.52,2.5199999999999982,0.4200000000000001,0.0,0.0,0.21000000000000002,0.21000000000000002
91,1,0,1,0.18405631317317314,4.0,37.99999999999997,33.99999999999997,74.94915745126767,13.280602777296899,1,2.5200000000000005,2.5199999999999982,0.42000000000000015,0.0,0.0,0.21000000000000002,0.21000000000000002
92,1,0,1,0.1840734701940949,4.0,37.99999999999997,33.99999999999997,74.91415745126767,13.2456027772969,1,2.5200000000000005,2.5199999999999982,0.42000000000000015,0.0,0.0,0.21000000000000002,0.21000000000000002
93,1,0,1,0.1840823702139719,4.0,37.99999999999997,33.99999999999997,74.87915745126767,13.210602777296899,1,2.5200000000000005,2.5199999999999982,0.42000000000000015,0.0,0.0,0.21000000000000002,0.21000000000000002
94,1,0,1,0.18377361216204136,4.0,37.99999999999997,33.99999999999997,74.84415745126766,13.1756027772969,1,2.5200000000000005,2.5199999999999982,0.42000000000000015,0.0,0.0,0.21000000000000002,0.21000000000000002
95,1,0,1,0.18408449469585872,4.0,37.99999999999997,33.99999999999997,74.80915745126768,13.140602777296898,1,2.5200000000000005,2.5199999999999982,0.42000000000000015,0.0,0.0,0.21000000000000002,0.21000000000000002
96,1,0,1,0.18405813410007824,4.0,37.99999999999997,33.99999999999997,74.77415745126768,13.1056027772969,1,2.5200000000000005,2.5199999999999982,0.42000000000000015,0.0,0.0,0.21000000000000002,0.21000000000000002
97,1,0,1,0.18373170654731277,4.0,37.99999999999997,33.99999999999997,74.73915745126769,13.070602777296898,1,2.5200000000000005,2.5199999999999982,0.42000000000000015,0.0,0.0,0.21000000000000002,0.21000000000000002
98,1,0,1,0.183733416156757,4.0,37.99999999999997,33.99999999999997,74.70415745126768,13.0356027772969,1,2.5200000000000005,2.5199999999999982,0.42000000000000015,0.0,0.0,0.21000000000000002,0.21000000000000002
99,1,2,0,-0.1212363157655425,3.8787636842344577,37.99999999999997,33.99999999999997,75.01915745126769,13.000602777296898,1,2.5200000000000005,2.5199999999999982,0.42000000000000015,0.0,0.0,0.21000000000000002,0.21000000000000002
100,1,0,0,-0.055933741766286044,3.8228299424681715,37.99999999999997,33.99999999999997,74.98415745126769,12.9656027772969,1,2.5200000000000005,2.5199999999999982,0.42000000000000015,0.0,0.0,0.21000000000000002,0.21000000000000002
101,1,0,1,0.18377208828729488,4.0,37.99999999999997,33.99999999999997,74.94915745126768,12.930602777296897,1,2.5200000000000005,2.5199999999999982,0.42000000000000015,0.0,0.0,0.21000000000000002,0.21000000000000002
102,1,0,1,0.183767902373513,4.0,37.99999999999997,33.99999999999997,74.9141574512677,12.895602777296899,1,2.5200000000000005,2.5199999999999982,0.42000000000000015,0.0,0.0,0.21000000000000002,0.21000000000000002
103,1,0,1,0.18406804742221516,4.0,37.99999999999997,33.99999999999997,74.8791574512677,12.860602777296897,1,2.5200000000000005,2.5199999999999982,0.42000000000000015,0.0,0.0,0.21000000000000002,0.21000000000000002
104,1,0,0,-0.0559658081332773,3.9440341918667228,37.99999999999997,33.99999999999997,74.8441574512677,12.825602777296899,1,2.5200000000000005,2.5199999999999982,0.42000000000000015,0.0,0.0,0.21000000000000002,0.21000000000000002
105,1,0,1,0.18407081830381886,4.0,37.99999999999997,33.99999999999997,74.8091574512677,12.790602777296897,1,2.5200000000000005,2.5199999999999982,0.42000000000000015,0.0,0.0,0.21000000000000002,0.21000000000000002
106,1,0,1,0.18408432539329192,4.0,37.99999999999997,33.99999999999997,74.77415745126771,12.755602777296899,1,2.52,2.5199999999999982,0.42000000000000015,0.0,0.0,0.21000000000000002,0.21000000000000002
107,1,0,1,0.18407704710370323,4.0,37.99999999999997,33.99999999999997,74.73915745126772,12.720602777296897,1,2.5200000000000005,2.5199999999999982,0.42000000000000015,0.0,0.0,0.21000000000000002,0.21000000000000002
108,1,0,1,0.1840906963787056,4.0,37.99999999999997,33.99999999999997,74.70415745126772,12.685602777296898,1,2.52,2.5199999999999982,0.42000000000000015,0.0,0.0,0.21000000000000002,0.21000000000000002
109,1,0,1,0.18405392155871156,4.0,37.99999999999997,33.99999999999997,74.66915745126771,12.650602777296896,1,2.5200000000000005,2.5199999999999982,0.42000000000000015,0.0,0.0,0.21000000000000002,0.21000000000000002
110,1,1,1,0.11874946421829291,4.0,37.99999999999997,33.99999999999997,74.63415745126773,12.965602777296896,1,2.5200000000000005,2.5199999999999982,0.42000000000000015,0.0,0.0,0.21000000000000002,0.21000000000000002
111,1,2,0,-0.12095279625950807,3.879047203740492,37.99999999999997,33.99999999999997,74.94915745126772,12.930602777296897,1,2.5200000000000005,2.5199999999999982,0.42000000000000015,0.0,0.0,0.21000000000000002,0.21000000000000002
112,1,0,1,0.18374545926932434,4.0,37.99999999999997,33.99999999999997,74.91415745126771,12.895602777296896,1,2.5200000000000005,2.5199999999999982,0.42000000000000015,0.0,0.0,0.21000000000000002,0.21000000000000002
113,1,0,1,0.18407359255302264,4.0,37.99999999999997,33.99999999999997,74.87915745126773,12.860602777296895,1,2.5200000000000005,2.5199999999999982,0.42000000000000015,0.0,0.0,0.21000000000000002,0.21000000000000002
114,1,1,1,0.11906261404196214,4.0,37.99999999999997,33.99999999999997,74.84415745126773,13.175602777296895,1,2.5200000000000005,2.5199999999999982,0.42000000000000015,0.0,0.0,0.21000000000000002,0.21000000000000002
115,1,0,1,0.18408216031260224,4.0,37.99999999999997,33.99999999999997,74.80915745126774,13.140602777296897,1,2.5200000000000005,2.5199999999999982,0.42000000000000015,0.0,0.0,0.21000000000000002,0.21000000000000002
116,1,0,1,0.18375701628927762,4.0,37.99999999999997,33.99999999999997,74.77415745126773,13.105602777296895,1,2.5200000000000005,2.5199999999999982,0.42000000000000015,0.0,0.0,0.21000000000000002,0.21000000000000002
117,1,0,1,0.18375981793169172,4.0,37.99999999999997,33.99999999999997,74.73915745126774,13.070602777296896,1,2.5200000000000005,2.5199999999999982,0.42000000000000015,0.0,0.0,0.21000000000000002,0.21000000000000002
118,1,0,0,-0.056210578967489946,3.94378942103251,37.99999999999997,33.99999999999997,74.70415745126775,13.035602777296894,1,2.5200000000000005,2.5199999999999982,0.42000000000000015,0.0,0.0,0.21000000000000002,0.21000000000000002
119,1,0,1,0.18376684269154578,4.0,37.99999999999997,33.99999999999997,74.66915745126775,13.000602777296896,1,2.5200000000000005,2.5199999999999982,0.42000000000000015,0.0,0.0,0.21000000000000002,0.21000000000000002
120,1,0,1,0.18377018360205294,4.0,37.99999999999997,33.99999999999997,74.63415745126774,12.965602777296894,1,2.5200000000000005,2.5199999999999982,0.42000000000000015,0.0,0.0,0.21000000000000002,0.21000000000000002
121,1,0,1,0.1840696621626376,4.0,37.99999999999997,33.99999999999997,74.59915745126776,12.930602777296896,1,2.5200000000000005,2.5199999999999982,0.42000000000000015,0.0,0.0,0.21000000000000002,0.21000000000000002
122,1,0,1,0.18403951677631228,4.0,37.99999999999997,33.99999999999997,74.56415745126776,12.895602777296894,1,2.5200000000000005,2.5199999999999982,0.42000000000000015,0.0,0.0,0.21000000000000002,0.21000000000000002
123,1,0,1,0.18375611885326476,4.0,37.99999999999997,33.99999999999997,74.52915745126776,12.860602777296895,1,2.5200000000000005,2.5199999999999982,0.42000000000000015,0.0,0.0,0.21000000000000002,0.21000000000000002
124,1,0,1,0.1840467905839581,4.0,37.99999999999997,33.99999999999997,74.49415745126775,12.825602777296893,1,2.52,2.5199999999999982,0.42000000000000015,0.0,0.0,0.21000000000000002,0.21000000000000002
125,1,0,1,0.1837677938659297,4.0,37.99999999999997,33.99999999999997,74.45915745126777,12.790602777296895,1,2.5200000000000005,2.5199999999999982,0.42000000000000015,0.0,0.0,0.21000000000000002,0.21000000000000002
126,1,0,1,0.18403320910555956,4.0,37.99999999999997,33.99999999999997,74.42415745126777,12.755602777296893,1,2.5200000000000005,2.5199999999999982,0.42000000000000015,0.0,0.0,0.21000000000000002,0.21000000000000002
127,1,1,1,0.1187444513794761,4.0,37.99999999999997,33.99999999999997,74.38915745126778,13.070602777296896,1,2.5200000000000005,2.5199999999999982,0.42000000000000015,0.0,0.0,0.21000000000000002,0.21000000000000002
128,1,1,1,0.11906648904440968,4.0,37.99999999999997,33.99999999999997,74.35415745126777,13.385602777296894,2,2.5200000000000005,2.5199999999999982,0.42000000000000015,0.0,0.0,0.21000000000000002,0.21000000000000002
129,1,0,1,0.18407194876207528,4.0,37.99999999999997,33.99999999999997,74.31915745126778,13.350602777296892,2,2.5200000000000005,2.5199999999999982,0.42000000000000015,0.0,0.0,0.21000000000000002,0.21000000000000002
130,1,0,0,-0.05620697533987765,3.9437930246601223,37.99999999999997,33.99999999999997,74.28415745126779,13.315602777296894,2,2.5200000000000005,2.5199999999999982,0.42000000000000015,0.0,0.0,0.21000000000000002,0.21000000000000002
131,1,0,1,0.18406673186282518,4.0,37.99999999999997,33.99999999999997,74.24915745126779,13.280602777296892,2,2.5200000000000005,2.5199999999999982,0.42000000000000015,0.0,0.0,0.21000000000000002,0.21000000000000002
132,1,2,1,0.11877610502499669,4.0,37.99999999999997,33.99999999999997,74.56415745126779,13.245602777296893,2,2.5200000000000005,2.5199999999999982,0.42000000000000015,0.0,0.0,0.21000000000000002,0.21000000000000002
133,1,0,1,0.18406780292938604,4.0,37.99999999999997,33.99999999999997,74.52915745126779,13.210602777296891,2,2.52,2.5199999999999982,0.4200000000000001,0.0,0.0,0.21000000000000002,0.21000000000000002
134,1,2,1,0.11877264041913967,4.0,37.99999999999997,33.99999999999997,74.84415745126778,13.175602777296893,2,2.5200000000000005,2.5199999999999982,0.42000000000000015,0.0,0.0,0.21000000000000002,0.21000000000000002
135,1,0,1,0.18374839586802724,4.0,37.99999999999997,33.99999999999997,74.8091574512678,13.140602777296891,2,2.5200000000000005,2.5199999999999982,0.42000000000000015,0.0,0.0,0.21000000000000002,0.21000000000000002
136,1,0,1,0.18408530998668077,4.0,37.99999999999997,33.99999999999997,74.7741574512678,13.105602777296893,2,2.52,2.5199999999999982,0.4200000000000001,0.0,0.0,0.21000000000000002,0.21000000000000002
137,1,0,1,0.18403105492439997,4.0,37.99999999999997,33.99999999999997,74.7391574512678,13.070602777296891,2,2.5200000000000005,2.5199999999999982,0.42000000000000015,0.0,0.0,0.21000000000000002,0.21000000000000002
138,1,0,1,0.18407651925175406,4.0,37.99999999999997,33.99999999999997,74.70415745126779,13.035602777296893,2,2.5200000000000005,2.5199999999999982,0.42000000000000015,0.0,0.0,0.21000000000000002,0.21000000000000002
139,1,0,1,0.18375697703534158,4.0,37.99999999999997,33.99999999999997,74.66915745126781,13.00060277729689,2,2.5200000000000005,2.5199999999999982,0.42000000000000015,0.0,0.0,0.21000000000000002,0.21000000000000002
140,1,0,1,0.18405980693567445,4.0,37.99999999999997,33.99999999999997,74.63415745126781,12.965602777296892,2,2.5200000000000005,2.5199999999999982,0.42000000000000015,0.0,0.0,0.21000000000000002,0.21000000000000002
141,1,1,1,0.11906645468640775,4.0,37.99999999999997,33.99999999999997,74.59915745126781,13.280602777296892,2,2.5200000000000005,2.5199999999999982,0.42000000000000015,0.0,0.0,0.21000000000000002,0.21000000000000002
142,1,0,1,0.1840755033106835,4.0,37.99999999999997,33.99999999999997,74.5641574512678,13.24560277729689,2,2.5200000000000005,2.5199999999999982,0.42000000000000015,0.0,0.0,0.21000000000000002,0.21000000000000002
143,1,0,1,0.18407539256362002,4.0,37.99999999999997,33.99999999999997,74.52915745126782,13.21060277729689,2,2.5200000000000005,2.5199999999999982,0.42000000000000015,0.0,0.0,0.21000000000000002,0.21000000000000002
144,1,0,1,0.1837589096013238,4.0,37.99999999999997,33.99999999999997,74.49415745126782,13.17560277729689,2,2.5200000000000005,2.5199999999999982,0.42000000000000015,0.0,0.0,0.21000000000000002,0.21000000000000002
145,1,0,0,-0.0559433924629794,3.9440566075370205,37.99999999999997,33.99999999999997,74.45915745126783,13.140602777296891,2,2.5200000000000005,2.5199999999999982,0.42000000000000015,0.0,0.0,0.21000000000000002,0.21000000000000002
146,1,0,1,0.1837744376006234,4.0,37.99999999999997,33.99999999999997,74.42415745126782,13.105602777296893,2,2.5200000000000005,2.5199999999999982,0.42000000000000015,0.0,0.0,0.21000000000000002,0.21000000000000002
147,1,0,1,0.18374340278521234,4.0,37.99999999999997,33.99999999999997,74.38915745126783,13.07060277729689,2,2.5200000000000005,2.5199999999999982,0.42000000000000015,0.0,0.0,0.21000000000000002,0.21000000000000002
148,1,0,0,-0.05622078191904487,3.943779218080955,37.99999999999997,33.99999999999997,74.35415745126784,13.035602777296889,2,2.5200000000000005,2.5199999999999982,0.42000000000000015,0.0,0.0,0.21000000000000002,0.21000000000000002
149,1,2,1,0.11875197850591525,4.0,37.99999999999997,33.99999999999997,74.66915745126782,13.00060277729689,2,2.5200000000000005,2.5199999999999982,0.42000000000000015,0.0,0.0,0.21000000000000002,0.21000000000000002
150,1,2,1,0.11876826005451863,4.0,37.99999999999997,33.99999999999997,74.98415745126783,12.965602777296889,2,2.5200000000000005,2.5199999999999982,0.42000000000000015,0.0,0.0,0.21000000000000002,0.21000000000000002
151,1,0,1,0.1837675391787426,4.0,37.99999999999997,33.99999999999997,74.94915745126784,12.930602777296889,2,2.5200000000000005,2.5199999999999982,0.42000000000000015,0.0,0.0,0.21000000000000002,0.21000000000000002
152,1,0,1,0.18404379389319822,4.0,37.99999999999997,33.99999999999997,74.91415745126783,12.895602777296888,2,2.5200000000000005,2.5199999999999982,0.42000000000000015,0.0,0.0,0.21000000000000002,0.21000000000000002
153,1,0,1,0.18404649856801966,4.0,37.99999999999997,33.99999999999997,74.87915745126784,12.86060277729689,2,2.5200000000000005,2.5199999999999982,0.42000000000000015,0.0,0.0,0.21000000000000002,0.21000000000000002
154,1,0,1,0.18375531339155757,4.0,37.99999999999997,33.99999999999997,74.84415745126785,12.825602777296888,2,2.5200000000000005,2.5199999999999982,0.42000000000000015,0.0,0.0,0.21000000000000002,0.21000000000000002
155,1,0,1,0.18404292644821021,4.0,37.99999999999997,33.99999999999997,74.80915745126785,12.790602777296888,2,2.5200000000000005,2.5199999999999982,0.42000000000000015,0.0,0.0,0.21000000000000002,0.21000000000000002
156,1,0,1,0.18407939069146098,4.0,37.99999999999997,33.99999999999997,74.77415745126784,12.755602777296888,2,2.52,2.5199999999999982,0.4200000000000001,0.0,0.0,0.21000000000000002,0.21000000000000002
157,1,0,1,0.18404393070699102,4.0,37.99999999999997,33.99999999999997,74.73915745126786,12.72060277729689,2,2.5200000000000005,2.5199999999999982,0.42000000000000015,0.0,0.0,0.21000000000000002,0.21000000000000002
158,1,0,1,0.1837549265684249,4.0,37.99999999999997,33.99999999999997,74.70415745126786,12.685602777296888,2,2.5200000000000005,2.5199999999999982,0.42000000000000015,0.0,0.0,0.21000000000000002,0.21000000000000002
159,1,1,1,0.11876553956320092,4.0,37.99999999999997,33.99999999999997,74.66915745126786,13.000602777296889,2,2.5200000000000005,2.5199999999999982,0.42000000000000015,0.0,0.0,0.21000000000000002,0.21000000000000002
160,1,0,0,-0.05594254642641432,3.9440574535735857,37.99999999999997,33.99999999999997,74.63415745126785,12.965602777296887,2,2.5200000000000005,2.5199999999999982,0.42000000000000015,0.0,0.0,0.21000000000000002,0.21000000000000002
161,1,0,0,-0.05592245827834471,3.888134995295241,37.99999999999997,33.99999999999997,74.59915745126787,12.930602777296889,2,2.5200000000000005,2.5199999999999982,0.42000000000000015,0.0,0.0,0.21000000000000002,0.21000000000000002
162,1,0,0,-0.05593053545840014,3.8322044598368405,37.99999999999997,33.99999999999997,74.56415745126787,12.895602777296887,2,2.52,2.5199999999999982,0.4200000000000001,0.0,0.0,0.21000000000000002,0.21000000000000002
163,1,0,0,-0.0562510941361666,3.775953365700674,37.99999999999997,33.99999999999997,74.52915745126788,12.860602777296888,2,2.5200000000000005,2.5199999999999982,0.42000000000000015,0.0,0.0,0.21000000000000002,0.21000000000000002
164,1,0,1,0.18405249074537294,3.960005856446047,37.99999999999997,33.99999999999997,74.49415745126787,12.825602777296886,2,2.5200000000000005,2.5199999999999982,0.42000000000000015,0.0,0.0,0.21000000000000002,0.21000000000000002
165,1,0,1,0.1837762141194365,4.0,37.99999999999997,33.99999999999997,74.45915745126788,12.790602777296888,2,2.5200000000000005,2.5199999999999982,0.42000000000000015,0.0,0.0,0.21000000000000002,0.21000000000000002
166,1,0,1,0.18404845851056206,4.0,37.99999999999997,33.99999999999997,74.42415745126789,12.755602777296886,2,2.5200000000000005,2.5199999999999982,0.42000000000000015,0.0,0.0,0.21000000000000002,0.21000000000000002
167,1,0,1,0.18406260980362207,4.0,37.99999999999997,33.99999999999997,74.38915745126789,12.720602777296888,2,2.5200000000000005,2.5199999999999982,0.42000000000000015,0.0,0.0,0.21000000000000002,0.21000000000000002
168,1,2,1,0.11874436860118309,4.0,37.99999999999997,33.99999999999997,74.70415745126789,12.685602777296886,2,2.5200000000000005,2.5199999999999982,0.42000000000000015,0.0,0.0,0.21000000000000002,0.21000000000000002
169,1,0,1,0.18375297366051038,4.0,37.99999999999997,33.99999999999997,74.66915745126789,12.650602777296887,2,2.5200000000000005,2.5199999999999982,0.42000000000000015,0.0,0.0,0.21000000000000002,0.21000000000000002
170,1,0,1,0.184025413112204,4.0,37.99999999999997,33.99999999999997,74.6341574512679,12.615602777296886,2,2.5200000000000005,2.5199999999999982,0.42000000000000015,0.0,0.0,0.21000000000000002,0.21000000000000002
171,1,0,1,0.18376453970887918,4.0,37.99999999999997,33.99999999999997,74.59915745126789,12.580602777296887,2,2.5200000000000005,2.5199999999999982,0.42000000000000015,0.0,0.0,0.21000000000000002,0.21000000000000002
172,1,0,1,0.18403948272833817,4.0,37.99999999999997,33.99999999999997,74.5641574512679,12.545602777296885,2,2.5200000000000005,2.5199999999999982,0.42000000000000015,0.0,0.0,0.21000000000000002,0.21000000000000002
173,1,0,1,0.18405882229958304,4.0,37.99999999999997,33.99999999999997,74.5291574512679,12.510602777296887,2,2.5200000000000005,2.5199999999999982,0.42000000000000015,0.0,0.0,0.21000000000000002,0.21000000000000002
174,1,0,1,0.18405040300577977,4.0,37.99999999999997,33.99999999999997,74.49415745126791,12.475602777296885,2,2.5200000000000005,2.5199999999999982,0.42000000000000015,0.0,0.0,0.21000000000000002,0.21000000000000002
175,1,1,1,0.11905795774921521,4.0,37.99999999999997,33.99999999999997,74.4591574512679,12.790602777296884,2,2.5200000000000005,2.5199999999999982,0.42000000000000015,0.0,0.0,0.21000000000000002,0.21000000000000002
176,1,0,1,0.18375634346830458,4.0,37.99999999999997,33.99999999999997,74.42415745126792,12.755602777296886,2,2.5200000000000005,2.5199999999999982,0.42000000000000015,0.0,0.0,0.21000000000000002,0.21000000000000002
177,1,1,1,0.11906458389420585,4.0,37.99999999999997,33.99999999999997,74.38915745126792,13.070602777296884,2,2.5200000000000005,2.5199999999999982,0.42000000000000015,0.0,0.0,0.21000000000000002,0.21000000000000002
178,1,0,1,0.18374906533044602,4.0,37.99999999999997,33.99999999999997,74.35415745126792,13.035602777296885,2,2.5200000000000005,2.5199999999999982,0.42000000000000015,0.0,0.0,0.21000000000000002,0.21000000000000002
179,1,1,1,0.11909159947063842,4.0,37.99999999999997,33.99999999999997,74.31915745126791,13.350602777296885,2,2.5200000000000005,2.5199999999999982,0.42000000000000015,0.0,0.0,0.21000000000000002,0.21000000000000002
180,1,0,1,0.1837662562885856,4.0,37.99999999999997,33.99999999999997,74.28415745126793,13.315602777296883,2,2.5200000000000005,2.5199999999999982,0.42000000000000015,0.0,0.0,0.21000000000000002,0.21000000000000002
181,1,0,0,-0.05625375199548723,3.943746248004513,37.99999999999997,33.99999999999997,74.24915745126793,13.280602777296883,2,2.5200000000000005,2.5199999999999982,0.42000000000000015,0.0,0.0,0.21000000000000002,0.21000000000000002
182,1,0,1,0.18404168938069937,4.0,37.99999999999997,33.99999999999997,74.21415745126794,13.245602777296883,2,2.5200000000000005,2.5199999999999982,0.42000000000000015,0.0,0.0,0.21000000000000002,0.21000000000000002
183,1,0,1,0.18376357458689035,4.0,37.99999999999997,33.99999999999997,74.17915745126793,13.210602777296884,2,2.5200000000000005,2.5199999999999982,0.42000000000000015,0.0,0.0,0.21000000000000002,0.21000000000000002
184,1,0,1,0.18376709029930488,4.0,37.99999999999997,33.99999999999997,74.14415745126794,13.175602777296886,2,2.5200000000000005,2.5199999999999982,0.42000000000000015,0.0,0.0,0.21000000000000002,0.21000000000000002
185,1,0,1,0.18407215930261644,4.0,37.99999999999997,33.99999999999997,74.10915745126795,13.140602777296882,2,2.52,2.5199999999999982,0.4200000000000001,0.0,0.0,0.21000000000000002,0.21000000000000002
186,1,0,1,0.18378336414789184,4.0,37.99999999999997,33.99999999999997,74.07415745126795,13.105602777296882,2,2.5200000000000005,2.5199999999999982,0.42000000000000015,0.0,0.0,0.21000000000000002,0.21000000000000002
187,1,0,1,0.184071225493998,4.0,37.99999999999997,33.99999999999997,74.03915745126794,13.070602777296884,2,2.5200000000000005,2.5199999999999982,0.42000000000000015,0.0,0.0,0.21000000000000002,0.21000000000000002
188,1,0,1,0.18407595371557955,4.0,37.99999999999997,33.99999999999997,74.00415745126796,13.035602777296882,2,2.5200000000000005,2.5199999999999982,0.42000000000000015,0.0,0.0,0.21000000000000002,0.21000000000000002
189,1,0,0,-0.056261685893951696,3.9437383141060485,37.99999999999997,33.99999999999997,73.96915745126796,13.000602777296882,2,2.5200000000000005,2.5199999999999982,0.42000000000000015,0.0,0.0,0.21000000000000002,0.21000000000000002
190,1,0,1,0.18406870951546986,4.0,37.99999999999997,33.99999999999997,73.93415745126796,12.965602777296882,2,2.5200000000000005,2.5199999999999982,0.42000000000000015,0.0,0.0,0.21000000000000002,0.21000000000000002
191,1,0,1,0.1840186494461608,4.0,37.99999999999997,33.99999999999997,73.89915745126795,12.930602777296883,2,2.5200000000000005,2.5199999999999982,0.42000000000000015,0.0,0.0,0.21000000000000002,0.21000000000000002
192,1,0,1,0.18408632853198698,4.0,37.99999999999997,33.99999999999997,73.86415745126797,12.895602777296885,2,2.52,2.5199999999999982,0.4200000000000001,0.0,0.0,0.21000000000000002,0.21000000000000002
193,1,0,1,0.18375437050430138,4.0,37.99999999999997,33.99999999999997,73.82915745126797,12.860602777296881,2,2.5200000000000005,2.5199999999999982,0.42000000000000015,0.0,0.0,0.21000000000000002,0.21000000000000002
194,1,0,1,0.18402956465857565,4.0,37.99999999999997,33.99999999999997,73.79415745126798,12.825602777296881,2,2.5200000000000005,2.5199999999999982,0.42000000000000015,0.0,0.0,0.21000000000000002,0.21000000000000002
195,1,0,1,0.1837456733323079,4.0,37.99999999999997,33.99999999999997,73.75915745126797,12.790602777296883,2,2.5200000000000005,2.5199999999999982,0.42000000000000015,0.0,0.0,0.21000000000000002,0.21000000000000002
196,1,0,1,0.1840550191294932,4.0,37.99999999999997,33.99999999999997,73.72415745126798,12.75560277729688,2,2.5200000000000005,2.5199999999999982,0.42000000000000015,0.0,0.0,0.21000000000000002,0.21000000000000002
197,1,2,1,0.11908209124664004,4.0,37.99999999999997,33.99999999999997,74.03915745126798,12.72060277729688,2,2.5200000000000005,2.5199999999999982,0.42000000000000015,0.0,0.0,0.21000000000000002,0.21000000000000002
198,1,0,1,0.18406241728214082,4.0,37.99999999999997,33.99999999999997,74.00415745126797,12.68560277729688,2,2.52,2.5199999999999982,0.4200000000000001,0.0,0.0,0.21000000000000002,0.21000000000000002
199,1,0,1,0.1840307686361317,4.0,37.99999999999997,33.99999999999997,73.96915745126799,12.650602777296882,2,2.5200000000000005,2.5199999999999982,0.42000000000000015,0.0,0.0,0.21000000000000002,0.21000000000000002
200,1,2,1,0.11906500589192727,4.0,37.99999999999997,33.99999999999997,74.28415745126799,12.61560277729688,2,2.52,2.5199999999999982,0.42000000000000015,0.0,0.0,0.21000000000000002,0.21000000000000002
201,1,0,1,0.18405164894959522,4.0,37.99999999999997,33.99999999999997,74.24915745126798,12.58060277729688,2,2.5200000000000005,2.5199999999999982,0.42000000000000015,0.0,0.0,0.21000000000000002,0.21000000000000002
202,1,0,0,-0.05623696474695492,3.943763035253045,37.99999999999997,33.99999999999997,74.214157451268,12.54560277729688,2,2.5200000000000005,2.5199999999999982,0.42000000000000015,0.0,0.0,0.21000000000000002,0.21000000000000002
203,1,0,1,0.18374012294437625,4.0,37.99999999999997,33.99999999999997,74.179157451268,12.510602777296882,2,2.5200000000000005,2.5199999999999982,0.42000000000000015,0.0,0.0,0.21000000000000002,0.21000000000000002
204,1,0,1,0.18374459444458277,4.0,37.99999999999997,33.99999999999997,74.144157451268,12.47560277729688,2,2.5200000000000005,2.5199999999999982,0.42000000000000015,0.0,0.0,0.21000000000000002,0.21000000000000002
205,1,0,1,0.18375208028813678,4.0,37.99999999999997,33.99999999999997,74.10915745126799,12.44060277729688,2,2.5200000000000005,2.5199999999999982,0.42000000000000015,0.0,0.0,0.21000000000000002,0.21000000000000002
206,1,0,1,0.18406467844136384,4.0,37.99999999999997,33.99999999999997,74.07415745126801,12.40560277729688,2,2.5200000000000005,2.5199999999999982,0.42000000000000015,0.0,0.0,0.21000000000000002,0.21000000000000002
207,1,0,1,0.18404637581805589,4.0,37.99999999999997,33.99999999999997,74.03915745126801,12.370602777296881,2,2.5200000000000005,2.5199999999999982,0.42000000000000015,0.0,0.0,0.21000000000000002,0.21000000000000002
208,1,0,1,0.1840608061308636,4.0,37.99999999999997,33.99999999999997,74.00415745126801,12.335602777296879,2,2.52,2.5199999999999982,0.42000000000000015,0.0,0.0,0.21000000000000002,0.21000000000000002
209,1,0,1,0.18405742412337905,4.0,37.99999999999997,33.99999999999997,73.969157451268,12.300602777296879,2,2.52,2.5199999999999982,0.42000000000000015,0.0,0.0,0.21000000000000002,0.21000000000000002
210,1,0,1,0.18375550946487576,4.0,37.99999999999997,33.99999999999997,73.93415745126802,12.265602777296879,2,2.5200000000000005,2.5199999999999982,0.42000000000000015,0.0,0.0,0.21000000000000002,0.21000000000000002
211,1,0,1,0.18404351523237253,4.0,37.99999999999997,33.99999999999997,73.89915745126802,12.23060277729688,2,2.5200000000000005,2.5199999999999982,0.42000000000000015,0.0,0.0,0.21000000000000002,0.21000000000000002
212,1,0,1,0.18375777969661394,4.0,37.99999999999997,33.99999999999997,73.86415745126803,12.195602777296878,2,2.5200000000000005,2.5199999999999982,0.42000000000000015,0.0,0.0,0.21000000000000002,0.21000000000000002
213,1,1,0,-0.12094913770839444,3.8790508622916056,37.99999999999997,33.99999999999997,73.82915745126802,12.51060277729688,2,2.52,2.5199999999999982,0.42000000000000015,0.0,0.0,0.21000000000000002,0.21000000000000002
214,1,0,1,0.1840463813116002,4.0,37.99999999999997,33.99999999999997,73.79415745126803,12.475602777296878,2,2.52,2.5199999999999982,0.42000000000000015,0.0,0.0,0.21000000000000002,0.21000000000000002
215,1,0,1,0.1837557179414578,4.0,37.99999999999997,33.99999999999997,73.75915745126804,12.44060277729688,2,2.5200000000000005,2.5199999999999982,0.42000000000000015,0.0,0.0,0.21000000000000002,0.21000000000000002
216,1,2,0,-0.1212314564871694,3.8787685435128307,37.99999999999997,33.99999999999997,74.07415745126802,12.405602777296878,2,2.5200000000000005,2.5199999999999982,0.42000000000000015,0.0,0.0,0.21000000000000002,0.21000000000000002
217,1,0,1,0.184046994315395,4.0,37.99999999999997,33.99999999999997,74.03915745126804,12.37060277729688,2,2.5200000000000005,2.5199999999999982,0.42000000000000015,0.0,0.0,0.21000000000000002,0.21000000000000002
218,1,0,1,0.18405607980336325,4.0,37.99999999999997,33.99999999999997,74.00415745126804,12.335602777296877,2,2.5200000000000005,2.5199999999999982,0.42000000000000015,0.0,0.0,0.21000000000000002,0.21000000000000002
219,1,0,1,0.1840666296128115,4.0,37.99999999999997,33.99999999999997,73.96915745126805,12.300602777296879,2,2.5200000000000005,2.5199999999999982,0.42000000000000015,0.0,0.0,0.21000000000000002,0.21000000000000002
220,1,0,1,0.18405312771834426,4.0,37.99999999999997,33.99999999999997,73.93415745126804,12.265602777296877,2,2.5200000000000005,2.5199999999999982,0.42000000000000015,0.0,0.0,0.21000000000000002,0.21000000000000002
221,1,0,1,0.18375986155896137,4.0,37.99999999999997,33.99999999999997,73.89915745126805,12.230602777296879,2,2.5200000000000005,2.5199999999999982,0.42000000000000015,0.0,0.0,0.21000000000000002,0.21000000000000002
222,1,0,1,0.18407264071733548,4.0,37.99999999999997,33.99999999999997,73.86415745126806,12.195602777296877,2,2.5200000000000005,2.5199999999999982,0.42000000000000015,0.0,0.0,0.21000000000000002,0.21000000000000002
223,1,0,1,0.1840928029218179,4.0,37.99999999999997,33.99999999999997,73.82915745126806,12.160602777296878,2,2.52,2.5199999999999982,0.42000000000000004,0.0,0.0,0.21000000000000002,0.21000000000000002
224,1,0,1,0.18376271833239174,4.0,37.99999999999997,33.99999999999997,73.79415745126805,12.125602777296876,2,2.5200000000000005,2.5199999999999982,0.42000000000000015,0.0,0.0,0.21000000000000002,0.21000000000000002
225,1,0,0,-0.05594683123171124,3.944053168768289,37.99999999999997,33.99999999999997,73.75915745126807,12.090602777296878,2,2.5200000000000005,2.5199999999999982,0.42000000000000015,0.0,0.0,0.21000000000000002,0.21000000000000002
226,1,0,1,0.18375490356332994,4.0,37.99999999999997,33.99999999999997,73.72415745126807,12.055602777296876,2,2.5200000000000005,2.5199999999999982,0.42000000000000015,0.0,0.0,0.21000000000000002,0.21000000000000002
227,1,0,1,0.18375971602934085,4.0,37.99999999999997,33.99999999999997,73.68915745126807,12.020602777296878,2,2.5200000000000005,2.5199999999999982,0.42000000000000015,0.0,0.0,0.21000000000000002,0.21000000000000002
228,1,0,1,0.18375249507051025,4.0,37.99999999999997,33.99999999999997,73.65415745126806,11.985602777296876,2,2.5200000000000005,2.5199999999999982,0.42000000000000015,0.0,0.0,0.21000000000000002,0.21000000000000002
229,1,0,1,0.1840691477578051,4.0,37.99999999999997,33.99999999999997,73.61915745126808,11.950602777296877,2,2.52,2.5199999999999982,0.42000000000000015,0.0,0.0,0.21000000000000002,0.21000000000000002
230,1,0,1,0.1837422083535765,4.0,37.99999999999997,33.99999999999997,73.58415745126808,11.915602777296876,2,2.5200000000000005,2.5199999999999982,0.42000000000000015,0.0,0.0,0.21000000000000002,0.21000000000000002
231,1,0,0,-0.055931176439184056,3.944068823560816,37.99999999999997,33.99999999999997,73.54915745126809,11.880602777296877,2,2.52,2.5199999999999982,0.42000000000000015,0.0,0.0,0.21000000000000002,0.21000000000000002
232,1,2,1,0.1187590273030856,4.0,37.99999999999997,33.99999999999997,73.86415745126808,11.845602777296875,2,2.5200000000000005,2.5199999999999982,0.42000000000000015,0.0,0.0,0.21000000000000002,0.21000000000000002
233,1,2,1,0.11875906374308634,4.0,37.99999999999997,33.99999999999997,74.17915745126808,11.810602777296877,2,2.5200000000000005,2.5199999999999982,0.42000000000000015,0.0,0.0,0.21000000000000002,0.21000000000000002
234,1,0,1,0.18374636464494296,4.0,37.99999999999997,33.99999999999997,74.14415745126807,11.775602777296875,2,2.5200000000000005,2.5199999999999982,0.42000000000000015,0.0,0.0,0.21000000000000002,0.21000000000000002
235,1,1,1,0.11907868639411603,4.0,37.99999999999997,33.99999999999997,74.10915745126809,12.090602777296874,2,2.5200000000000005,2.5199999999999982,0.42000000000000015,0.0,0.0,0.21000000000000002,0.21000000000000002
236,1,0,1,0.18409305345065946,4.0,37.99999999999997,33.99999999999997,74.07415745126809,12.055602777296874,2,2.52,2.5199999999999982,0.42000000000000004,0.0,0.0,0.21000000000000002,0.21000000000000002
237,1,0,1,0.18375101528477283,4.0,37.99999999999997,33.99999999999997,74.0391574512681,12.020602777296874,2,2.5200000000000005,2.5199999999999982,0.42000000000000015,0.0,0.0,0.21000000000000002,0.21000000000000002
238,1,0,1,0.18376586179433443,4.0,37.99999999999997,33.99999999999997,74.00415745126809,11.985602777296876,2,2.5200000000000005,2.5199999999999982,0.42000000000000015,0.0,0.0,0.21000000000000002,0.21000000000000002
239,1,0,1,0.1840567722679059,4.0,37.99999999999997,33.99999999999997,73.9691574512681,11.950602777296874,2,2.52,2.5199999999999982,0.4200000000000001,0.0,0.0,0.21000000000000002,0.21000000000000002
240,1,0,1,0.18404303228919333,4.0,37.99999999999997,33.99999999999997,73.9341574512681,11.915602777296874,2,2.5200000000000005,2.5199999999999982,0.42000000000000015,0.0,0.0,0.21000000000000002,0.21000000000000002
241,1,0,1,0.18404003539446143,4.0,37.99999999999997,33.99999999999997,73.89915745126811,11.880602777296874,2,2.5200000000000005,2.5199999999999982,0.42000000000000015,0.0,0.0,0.21000000000000002,0.21000000000000002
242,1,0,1,0.18374786160118706,4.0,37.99999999999997,33.99999999999997,73.8641574512681,11.845602777296875,2,2.5200000000000005,2.5199999999999982,0.42000000000000015,0.0,0.0,0.21000000000000002,0.21000000000000002
243,1,0,1,0.18376239450584037,4.0,37.99999999999997,33.99999999999997,73.82915745126812,11.810602777296873,2,2.5200000000000005,2.5199999999999982,0.42000000000000015,0.0,0.0,0.21000000000000002,0.21000000000000002
244,1,0,1,0.18375919915196623,4.0,37.99999999999997,33.99999999999997,73.79415745126812,11.775602777296873,2,2.5200000000000005,2.5199999999999982,0.42000000000000015,0.0,0.0,0.21000000000000002,0.21000000000000002
245,1,0,0,-0.05595069428723094,3.944049305712769,37.99999999999997,33.99999999999997,73.75915745126812,11.740602777296873,2,2.5200000000000005,2.5199999999999982,0.42000000000000015,0.0,0.0,0.21000000000000002,0.21000000000000002
246,1,0,0,-0.056244912047260176,3.8878043936655087,37.99999999999997,33.99999999999997,73.72415745126811,11.705602777296875,2,2.5200000000000005,2.5199999999999982,0.42000000000000015,0.0,0.0,0.21000000000000002,0.21000000000000002
247,1,0,1,0.184057289333175,4.0,37.99999999999997,33.99999999999997,73.68915745126813,11.670602777296873,2,2.52,2.5199999999999982,0.42000000000000015,0.0,0.0,0.21000000000000002,0.21000000000000002
248,1,0,1,0.18376741137825992,4.0,37.99999999999997,33.99999999999997,73.65415745126813,11.635602777296873,2,2.5200000000000005,2.5199999999999982,0.42000000000000015,0.0,0.0,0.21000000000000002,0.21000000000000002
249,1,0,1,0.1837460164136541,4.0,37.99999999999997,33.99999999999997,73.61915745126814,11.600602777296873,2,2.5200000000000005,2.5199999999999982,0.42000000000000015,0.0,0.0,0.21000000000000002,0.21000000000000002
250,1,0,1,0.18377416064415603,4.0,37.99999999999997,33.99999999999997,73.58415745126813,11.565602777296874,2,2.5200000000000005,2.5199999999999982,0.42000000000000015,0.0,0.0,0.21000000000000002,0.21000000000000002
251,1,0,1,0.1837584365840501,4.0,37.99999999999997,33.99999999999997,73.54915745126814,11.530602777296872,2,2.5200000000000005,2.5199999999999982,0.42000000000000015,0.0,0.0,0.21000000000000002,0.21000000000000002
252,1,1,1,0.11904244872241089,4.0,37.99999999999997,33.99999999999997,73.51415745126815,11.845602777296873,2,2.5200000000000005,2.5199999999999982,0.42000000000000015,0.0,0.0,0.21000000000000002,0.21000000000000002
253,1,0,0,-0.055937885845477216,3.944062114154523,37.99999999999997,33.99999999999997,73.47915745126815,11.810602777296872,2,2.5200000000000005,2.5199999999999982,0.42000000000000015,0.0,0.0,0.21000000000000002,0.21000000000000002
254,1,0,1,0.18404425371239383,4.0,37.99999999999997,33.99999999999997,73.44415745126814,11.775602777296873,2,2.5200000000000005,2.5199999999999982,0.42000000000000015,0.0,0.0,0.21000000000000002,0.21000000000000002
255,1,0,0,-0.05597026979068398,3.944029730209316,37.99999999999997,33.99999999999997,73.40915745126816,11.740602777296871,2,2.5200000000000005,2.5199999999999982,0.42000000000000015,0.0,0.0,0.21000000000000002,0.21000000000000002
256,1,0,1,0.18376898576106188,4.0,37.99999999999997,33.99999999999997,73.37415745126816,11.705602777296873,3,2.5200000000000005,2.5199999999999982,0.42000000000000015,0.0,0.0,0.21000000000000002,0.21000000000000002
257,1,0,1,0.18376089245147342,4.0,37.99999999999997,33.99999999999997,73.33915745126816,11.670602777296871,3,2.5200000000000005,2.5199999999999982,0.42000000000000015,0.0,0.0,0.21000000000000002,0.21000000000000002
258,1,0,1,0.18401806714648986,4.0,37.99999999999997,33.99999999999997,73.30415745126815,11.635602777296873,3,2.5200000000000005,2.5199999999999982,0.42000000000000015,0.0,0.0,0.21000000000000002,0.21000000000000002
259,1,0,1,0.1840879063195,4.0,37.99999999999997,33.99999999999997,73.26915745126817,11.60060277729687,3,2.52,2.5199999999999982,0.42000000000000004,0.0,0.0,0.21000000000000002,0.21000000000000002
260,1,0,1,0.1837702057372585,4.0,37.99999999999997,33.99999999999997,73.23415745126817,11.565602777296872,3,2.5200000000000005,2.5199999999999982,0.42000000000000015,0.0,0.0,0.21000000000000002,0.21000000000000002
261,1,0,1,0.1837284598089947,4.0,37.99999999999997,33.99999999999997,73.19915745126818,11.53060277729687,3,2.5200000000000005,2.5199999999999982,0.42000000000000015,0.0,0.0,0.21000000000000002,0.21000000000000002
262,1,0,0,-0.05623616940104117,3.9437638305989586,37.99999999999997,33.99999999999997,73.16415745126817,11.495602777296872,3,2.5200000000000005,2.5199999999999982,0.42000000000000015,0.0,0.0,0.21000000000000002,0.21000000000000002
263,1,0,1,0.18405905074720036,4.0,37.99999999999997,33.99999999999997,73.12915745126818,11.46060277729687,3,2.5200000000000005,2.5199999999999982,0.42000000000000015,0.0,0.0,0.21000000000000002,0.21000000000000002
264,1,0,1,0.18406027873968833,4.0,37.99999999999997,33.99999999999997,73.09415745126819,11.425602777296872,3,2.5200000000000005,2.5199999999999982,0.42000000000000015,0.0,0.0,0.21000000000000002,0.21000000000000002
265,1,0,0,-0.05625920952676898,3.943740790473231,37.99999999999997,33.99999999999997,73.05915745126819,11.39060277729687,3,2.5200000000000005,2.5199999999999982,0.42000000000000015,0.0,0.0,0.21000000000000002,0.21000000000000002
266,1,1,1,0.11904006095190303,4.0,37.99999999999997,33.99999999999997,73.02415745126818,11.70560277729687,3,2.5200000000000005,2.5199999999999982,0.42000000000000015,0.0,0.0,0.21000000000000002,0.21000000000000002
267,1,0,0,-0.05593551397766426,3.9440644860223357,37.99999999999997,33.99999999999997,72.9891574512682,11.67060277729687,3,2.52,2.5199999999999982,0.42000000000000015,0.0,0.0,0.21000000000000002,0.21000000000000002
268,1,0,1,0.18405144532651832,4.0,37.99999999999997,33.99999999999997,72.9541574512682,11.635602777296869,3,2.5200000000000005,2.5199999999999982,0.42000000000000015,0.0,0.0,0.21000000000000002,0.21000000000000002
269,1,0,0,-0.05624183946081124,3.943758160539189,37.99999999999997,33.99999999999997,72.9191574512682,11.60060277729687,3,2.5200000000000005,2.5199999999999982,0.42000000000000015,0.0,0.0,0.21000000000000002,0.21000000000000002
270,1,0,1,0.18404555005866075,4.0,37.99999999999997,33.99999999999997,72.8841574512682,11.565602777296869,3,2.5200000000000005,2.5199999999999982,0.42000000000000015,0.0,0.0,0.21000000000000002,0.21000000000000002
271,1,0,1,0.18402803997681552,4.0,37.99999999999997,33.99999999999997,72.84915745126821,11.530602777296869,3,2.5200000000000005,2.5199999999999982,0.42000000000000015,0.0,0.0,0.21000000000000002,0.21000000000000002
272,1,0,1,0.18406603592125717,4.0,37.99999999999997,33.99999999999997,72.81415745126822,11.495602777296869,3,2.5200000000000005,2.5199999999999982,0.42000000000000015,0.0,0.0,0.21000000000000002,0.21000000000000002
273,1,2,1,0.11873771762444839,4.0,37.99999999999997,33.99999999999997,73.1291574512682,11.46060277729687,3,2.5200000000000005,2.5199999999999982,0.42000000000000015,0.0,0.0,0.21000000000000002,0.21000000000000002
274,1,0,1,0.18402831753697813,4.0,37.99999999999997,33.99999999999997,73.09415745126822,11.425602777296868,3,2.5200000000000005,2.5199999999999982,0.42000000000000015,0.0,0.0,0.21000000000000002,0.21000000000000002
275,1,0,0,-0.05595576855803921,3.9440442314419606,37.99999999999997,33.99999999999997,73.05915745126822,11.390602777296868,3,2.5200000000000005,2.5199999999999982,0.42000000000000015,0.0,0.0,0.21000000000000002,0.21000000000000002
276,1,0,1,0.18405352147524262,4.0,37.99999999999997,33.99999999999997,73.02415745126822,11.355602777296868,3,2.5200000000000005,2.5199999999999982,0.42000000000000015,0.0,0.0,0.21000000000000002,0.21000000000000002
277,1,0,0,-0.05594915037032139,3.9440508496296784,37.99999999999997,33.99999999999997,72.98915745126821,11.32060277729687,3,2.5200000000000005,2.5199999999999982,0.42000000000000015,0.0,0.0,0.21000000000000002,0.21000000000000002
278,1,0,1,0.1837484924598361,4.0,37.99999999999997,33.99999999999997,72.95415745126823,11.285602777296868,3,2.5200000000000005,2.5199999999999982,0.42000000000000015,0.0,0.0,0.21000000000000002,0.21000000000000002
279,1,0,0,-0.055921867113929186,3.944078132886071,37.99999999999997,33.99999999999997,72.91915745126823,11.250602777296868,3,2.52,2.5199999999999982,0.42000000000000015,0.0,0.0,0.21000000000000002,0.21000000000000002
280,1,0,1,0.18407959192667417,4.0,37.99999999999997,33.99999999999997,72.88415745126824,11.215602777296867,3,2.5200000000000005,2.5199999999999982,0.42000000000000015,0.0,0.0,0.21000000000000002,0.21000000000000002
281,1,0,1,0.18376058223112407,4.0,37.99999999999997,33.99999999999997,72.84915745126823,11.180602777296869,3,2.5200000000000005,2.5199999999999982,0.42000000000000015,0.0,0.0,0.21000000000000002,0.21000000000000002
282,1,0,1,0.1837420435737946,4.0,37.99999999999997,33.99999999999997,72.81415745126824,11.145602777296867,3,2.5200000000000005,2.5199999999999982,0.42000000000000015,0.0,0.0,0.21000000000000002,0.21000000000000002
283,1,2,1,0.11903918727811759,4.0,37.99999999999997,33.99999999999997,73.12915745126824,11.110602777296867,3,2.5200000000000005,2.5199999999999982,0.42000000000000015,0.0,0.0,0.21000000000000002,0.21000000000000002
284,1,0,1,0.18372870153650675,4.0,37.99999999999997,33.99999999999997,73.09415745126823,11.075602777296867,3,2.5200000000000005,2.5199999999999982,0.42000000000000015,0.0,0.0,0.21000000000000002,0.21000000000000002
285,1,0,1,0.18408011858461706,4.0,37.99999999999997,33.99999999999997,73.05915745126825,11.040602777296868,3,2.5200000000000005,2.5199999999999982,0.42000000000000015,0.0,0.0,0.21000000000000002,0.21000000000000002
286,1,2,1,0.11905586239144211,4.0,37.99999999999997,33.99999999999997,73.37415745126825,11.005602777296867,3,2.5200000000000005,2.5199999999999982,0.42000000000000015,0.0,0.0,0.21000000000000002,0.21000000000000002
287,1,0,1,0.18375759116766804,4.0,37.99999999999997,33.99999999999997,73.33915745126824,10.970602777296866,3,2.5200000000000005,2.5199999999999982,0.42000000000000015,0.0,0.0,0.21000000000000002,0.21000000000000002
288,1,0,0,-0.05623677053014164,3.9437632294698584,37.99999999999997,33.99999999999997,73.30415745126825,10.935602777296866,3,2.5200000000000005,2.5199999999999982,0.42000000000000015,0.0,0.0,0.21000000000000002,0.21000000000000002
289,1,0,1,0.18409949360947966,4.0,37.99999999999997,33.99999999999997,73.26915745126826,10.900602777296868,3,2.52,2.5199999999999982,0.4200000000000001,0.0,0.0,0.21000000000000002,0.21000000000000002
290,1,2,1,0.11877383611707036,4.0,37.99999999999997,33.99999999999997,73.58415745126824,10.865602777296866,3,2.5200000000000005,2.5199999999999982,0.42000000000000015,0.0,0.0,0.21000000000000002,0.21000000000000002
291,1,0,1,0.18376543878891582,4.0,37.99999999999997,33.99999999999997,73.54915745126826,10.830602777296866,3,2.5200000000000005,2.5199999999999982,0.42000000000000015,0.0,0.0,0.21000000000000002,0.21000000000000002
292,1,0,1,0.18410752754695014,4.0,37.99999999999997,33.99999999999997,73.51415745126826,10.795602777296866,3,2.52,2.5199999999999982,0.4200000000000001,0.0,0.0,0.21000000000000002,0.21000000000000002
293,1,2,1,0.11907043180041063,4.0,37.99999999999997,33.99999999999997,73.82915745126824,10.760602777296867,3,2.52,2.5199999999999982,0.4200000000000001,0.0,0.0,0.21000000000000002,0.21000000000000002
294,1,0,1,0.1840674096903662,4.0,37.99999999999997,33.99999999999997,73.79415745126826,10.725602777296865,3,2.5200000000000005,2.5199999999999982,0.42000000000000015,0.0,0.0,0.21000000000000002,0.21000000000000002
295,1,0,1,0.18373389408624563,4.0,37.99999999999997,33.99999999999997,73.75915745126827,10.690602777296865,3,2.5200000000000005,2.5199999999999982,0.42000000000000015,0.0,0.0,0.21000000000000002,0.21000000000000002
296,1,0,1,0.18374812501668808,4.0,37.99999999999997,33.99999999999997,73.72415745126827,10.655602777296865,3,2.5200000000000005,2.5199999999999982,0.42000000000000015,0.0,0.0,0.21000000000000002,0.21000000000000002
297,1,0,1,0.18407713654193003,4.0,37.99999999999997,33.99999999999997,73.68915745126826,10.620602777296867,3,2.5200000000000005,2.5199999999999982,0.4200000000000001,0.0,0.0,0.21000000000000002,0.21000000000000002
298,1,0,1,0.18407981644740584,4.0,37.99999999999997,33.99999999999997,73.65415745126828,10.585602777296865,3,2.5200000000000005,2.5199999999999982,0.42000000000000015,0.0,0.0,0.21000000000000002,0.21000000000000002
299,1,1,1,0.11905913684199138,4.0,37.99999999999997,33.99999999999997,73.61915745126828,10.900602777296866,3,2.5200000000000005,2.5199999999999982,0.42000000000000015,0.0,0.0,0.21000000000000002,0.21000000000000002
300,1,0,1,0.18407158091995443,4.0,37.99999999999997,33.99999999999997,73.58415745126828,10.865602777296864,3,2.52,2.5199999999999982,0.4200000000000001,0.0,0.0,0.21000000000000002,0.21000000000000002
301,1,0,1,0.1837526096480968,4.0,37.99999999999997,33.99999999999997,73.54915745126827,10.830602777296866,3,2.5200000000000005,2.5199999999999982,0.42000000000000015,0.0,0.0,0.21000000000000002,0.21000000000000002
302,1,0,1,0.18374527884757377,4.0,37.99999999999997,33.99999999999997,73.51415745126829,10.795602777296864,3,2.5200000000000005,2.5199999999999982,0.42000000000000015,0.0,0.0,0.21000000000000002,0.21000000000000002
303,1,0,1,0.1840490931733023,4.0,37.99999999999997,33.99999999999997,73.47915745126829,10.760602777296866,3,2.5200000000000005,2.5199999999999982,0.42000000000000015,0.0,0.0,0.21000000000000002,0.21000000000000002
304,1,0,1,0.18407701030589582,4.0,37.99999999999997,33.99999999999997,73.4441574512683,10.725602777296864,3,2.5200000000000005,2.5199999999999982,0.4200000000000001,0.0,0.0,0.21000000000000002,0.21000000000000002
305,1,0,1,0.18405556135656229,4.0,37.99999999999997,33.99999999999997,73.40915745126829,10.690602777296865,3,2.5200000000000005,2.5199999999999982,0.42000000000000015,0.0,0.0,0.21000000000000002,0.21000000000000002
306,1,0,1,0.1837431878659701,4.0,37.99999999999997,33.99999999999997,73.3741574512683,10.655602777296863,3,2.5200000000000005,2.5199999999999982,0.42000000000000015,0.0,0.0,0.21000000000000002,0.21000000000000002
307,1,0,0,-0.05592496362204593,3.944075036377954,37.99999999999997,33.99999999999997,73.3391574512683,10.620602777296865,3,2.5200000000000005,2.5199999999999982,0.42000000000000015,0.0,0.0,0.21000000000000002,0.21000000000000002
308,1,0,1,0.18409566681023593,4.0,37.99999999999997,33.99999999999997,73.30415745126831,10.585602777296863,3,2.5200000000000005,2.5199999999999982,0.42000000000000015,0.0,0.0,0.21000000000000002,0.21000000000000002
309,1,0,1,0.18407936145920245,4.0,37.99999999999997,33.99999999999997,73.2691574512683,10.550602777296865,3,2.52,2.5199999999999982,0.4200000000000001,0.0,0.0,0.21000000000000002,0.21000000000000002
310,1,0,1,0.184049705220636,4.0,37.99999999999997,33.99999999999997,73.23415745126832,10.515602777296863,3,2.5200000000000005,2.5199999999999982,0.4200000000000001,0.0,0.0,0.21000000000000002,0.21000000000000002
311,1,2,1,0.11907349322946989,4.0,37.99999999999997,33.99999999999997,73.54915745126831,10.480602777296864,3,2.5200000000000005,2.5199999999999982,0.42000000000000015,0.0,0.0,0.21000000000000002,0.21000000000000002
312,1,2,0,-0.12125503767779762,3.8787449623222026,37.99999999999997,33.99999999999997,73.86415745126831,10.445602777296862,3,2.5200000000000005,2.5199999999999982,0.42000000000000015,0.0,0.0,0.21000000000000002,0.21000000000000002
313,1,0,1,0.1841050439415613,4.0,37.99999999999997,33.99999999999997,73.82915745126832,10.410602777296864,3,2.52,2.5199999999999982,0.4200000000000001,0.0,0.0,0.21000000000000002,0.21000000000000002
314,1,0,1,0.1841188386735124,4.0,37.99999999999997,33.99999999999997,73.79415745126832,10.375602777296862,3,2.52,2.5199999999999982,0.4200000000000001,0.0,0.0,0.21000000000000002,0.21000000000000002
315,1,1,1,0.11907789696546901,4.0,37.99999999999997,33.99999999999997,73.75915745126831,10.690602777296862,3,2.5200000000000005,2.5199999999999982,0.42000000000000015,0.0,0.0,0.21000000000000002,0.21000000000000002
316,1,0,1,0.18406717244427978,4.0,37.99999999999997,33.99999999999997,73.72415745126833,10.655602777296863,3,2.52,2.5199999999999982,0.4200000000000001,0.0,0.0,0.21000000000000002,0.21000000000000002
317,1,1,1,0.11907862070040401,4.0,37.99999999999997,33.99999999999997,73.68915745126833,10.970602777296861,3,2.52,2.5199999999999982,0.4200000000000001,0.0,0.0,0.21000000000000002,0.21000000000000002
318,1,2,1,0.11876609023808123,4.0,37.99999999999997,33.99999999999997,74.00415745126831,10.935602777296863,3,2.5200000000000005,2.5199999999999982,0.42000000000000015,0.0,0.0,0.21000000000000002,0.21000000000000002
319,1,0,1,0.18406460728445992,4.0,37.99999999999997,33.99999999999997,73.96915745126833,10.90060277729686,3,2.52,2.5199999999999982,0.4200000000000001,0.0,0.0,0.21000000000000002,0.21000000000000002
320,1,0,1,0.18375941761998663,4.0,37.99999999999997,33.99999999999997,73.93415745126833,10.865602777296862,3,2.5200000000000005,2.5199999999999982,0.42000000000000015,0.0,0.0,0.21000000000000002,0.21000000000000002
321,1,0,0,-0.05625256514966981,3.94374743485033,37.99999999999997,33.99999999999997,73.89915745126834,10.83060277729686,3,2.5200000000000005,2.5199999999999982,0.42000000000000015,0.0,0.0,0.21000000000000002,0.21000000000000002
322,1,0,1,0.18375156753490954,4.0,37.99999999999997,33.99999999999997,73.86415745126833,10.795602777296862,3,2.5200000000000005,2.5199999999999982,0.42000000000000015,0.0,0.0,0.21000000000000002,0.21000000000000002
323,1,0,1,0.18376425631458798,4.0,37.99999999999997,33.99999999999997,73.82915745126834,10.76060277729686,3,2.5200000000000005,2.5199999999999982,0.42000000000000015,0.0,0.0,0.21000000000000002,0.21000000000000002
324,1,0,1,0.18408225654359697,4.0,37.99999999999997,33.99999999999997,73.79415745126835,10.725602777296862,3,2.5200000000000005,2.5199999999999982,0.42000000000000015,0.0,0.0,0.21000000000000002,0.21000000000000002
325,1,0,1,0.18375488229213627,4.0,37.99999999999997,33.99999999999997,73.75915745126835,10.69060277729686,3,2.5200000000000005,2.5199999999999982,0.42000000000000015,0.0,0.0,0.21000000000000002,0.21000000000000002
326,1,0,1,0.18406859659295394,4.0,37.99999999999997,33.99999999999997,73.72415745126834,10.655602777296862,3,2.5200000000000005,2.5199999999999982,0.42000000000000015,0.0,0.0,0.21000000000000002,0.21000000000000002
327,1,0,1,0.18405266386549263,4.0,37.99999999999997,33.99999999999997,73.68915745126836,10.62060277729686,3,2.5200000000000005,2.5199999999999982,0.4200000000000001,0.0,0.0,0.21000000000000002,0.21000000000000002
328,1,0,1,0.1840665285671378,4.0,37.99999999999997,33.99999999999997,73.65415745126836,10.585602777296861,3,2.5200000000000005,2.5199999999999982,0.42000000000000015,0.0,0.0,0.21000000000000002,0.21000000000000002
329,1,0,1,0.1837611826258298,4.0,37.99999999999997,33.99999999999997,73.61915745126836,10.55060277729686,3,2.5200000000000005,2.5199999999999982,0.42000000000000015,0.0,0.0,0.21000000000000002,0.21000000000000002
330,1,0,0,-0.05624835794218107,3.943751642057819,37.99999999999997,33.99999999999997,73.58415745126835,10.515602777296861,3,2.5200000000000005,2.5199999999999982,0.42000000000000015,0.0,0.0,0.21000000000000002,0.21000000000000002
331,1,1,1,0.11875535599304775,4.0,37.99999999999997,33.99999999999997,73.54915745126837,10.83060277729686,3,2.5200000000000005,2.5199999999999982,0.42000000000000015,0.0,0.0,0.21000000000000002,0.21000000000000002
332,1,0,1,0.18374747983954304,4.0,37.99999999999997,33.99999999999997,73.51415745126837,10.795602777296859,3,2.5200000000000005,2.5199999999999982,0.42000000000000015,0.0,0.0,0.21000000000000002,0.21000000000000002
333,1,0,1,0.1837372263847949,4.0,37.99999999999997,33.99999999999997,73.47915745126838,10.760602777296858,3,2.5200000000000005,2.5199999999999982,0.42000000000000015,0.0,0.0,0.21000000000000002,0.21000000000000002
334,1,0,1,0.18373153782646867,4.0,37.99999999999997,33.99999999999997,73.44415745126837,10.725602777296858,3,2.5200000000000005,2.5199999999999982,0.42000000000000015,0.0,0.0,0.21000000000000002,0.21000000000000002
335,1,0,1,0.18406558653909677,4.0,37.99999999999997,33.99999999999997,73.40915745126838,10.69060277729686,3,2.5200000000000005,2.5199999999999982,0.42000000000000015,0.0,0.0,0.21000000000000002,0.21000000000000002
336,1,2,1,0.1190598935373104,4.0,37.99999999999997,33.99999999999997,73.72415745126838,10.655602777296858,3,2.52,2.5199999999999982,0.4200000000000001,0.0,0.0,0.21000000000000002,0.21000000000000002
337,1,0,1,0.18374903457029587,4.0,37.99999999999997,33.99999999999997,73.68915745126837,10.620602777296858,3,2.5200000000000005,2.5199999999999982,0.42000000000000015,0.0,0.0,0.21000000000000002,0.21000000000000002
338,1,0,1,0.1837607099763422,4.0,37.99999999999997,33.99999999999997,73.65415745126839,10.585602777296858,3,2.5200000000000005,2.5199999999999982,0.42000000000000015,0.0,0.0,0.21000000000000002,0.21000000000000002
339,1,0,1,0.18374542906507577,4.0,37.99999999999997,33.99999999999997,73.61915745126839,10.55060277729686,3,2.5200000000000005,2.5199999999999982,0.42000000000000015,0.0,0.0,0.21000000000000002,0.21000000000000002
340,1,0,0,-0.05593873739656332,3.944061262603437,37.99999999999997,33.99999999999997,73.5841574512684,10.515602777296857,3,2.52,2.5199999999999982,0.4200000000000001,0.0,0.0,0.21000000000000002,0.21000000000000002
341,1,0,1,0.18410598225704491,4.0,37.99999999999997,33.99999999999997,73.54915745126839,10.480602777296857,3,2.52,2.5199999999999982,0.4200000000000001,0.0,0.0,0.21000000000000002,0.21000000000000002
342,1,0,1,0.18372490577609576,4.0,37.99999999999997,33.99999999999997,73.5141574512684,10.445602777296857,3,2.5200000000000005,2.5199999999999982,0.42000000000000015,0.0,0.0,0.21000000000000002,0.21000000000000002
343,1,0,1,0.18408930481330707,4.0,37.99999999999997,33.99999999999997,73.4791574512684,10.410602777296859,3,2.52,2.5199999999999982,0.4200000000000001,0.0,0.0,0.21000000000000002,0.21000000000000002
344,1,0,1,0.18407668104911457,4.0,37.99999999999997,33.99999999999997,73.44415745126841,10.375602777296857,3,2.52,2.5199999999999982,0.4200000000000001,0.0,0.0,0.21000000000000002,0.21000000000000002
345,1,0,1,0.18408535281520783,4.0,37.99999999999997,33.99999999999997,73.4091574512684,10.340602777296857,3,2.52,2.5199999999999982,0.4200000000000001,0.0,0.0,0.21000000000000002,0.21000000000000002
346,1,0,1,0.18376511696553238,4.0,37.99999999999997,33.99999999999997,73.37415745126842,10.305602777296857,3,2.5200000000000005,2.5199999999999982,0.42000000000000015,0.0,0.0,0.21000000000000002,0.21000000000000002
347,1,0,1,0.18408681463264043,4.0,37.99999999999997,33.99999999999997,73.33915745126842,10.270602777296858,3,2.52,2.5199999999999982,0.4200000000000001,0.0,0.0,0.21000000000000002,0.21000000000000002
348,1,0,0,-0.05590943338958757,3.9440905666104125,37.99999999999997,33.99999999999997,73.30415745126842,10.235602777296856,3,2.52,2.5199999999999982,0.4200000000000001,0.0,0.0,0.21000000000000002,0.21000000000000002
349,1,0,1,0.1840698052741317,4.0,37.99999999999997,33.99999999999997,73.26915745126841,10.200602777296856,3,2.5200000000000005,2.5199999999999982,0.42000000000000015,0.0,0.0,0.21000000000000002,0.21000000000000002
350,1,1,1,0.11909013286954359,4.0,37.99999999999997,33.99999999999997,73.23415745126843,10.515602777296856,3,2.52,2.5199999999999982,0.4200000000000001,0.0,0.0,0.21000000000000002,0.21000000000000002
351,1,0,1,0.1837709607807025,4.0,37.99999999999997,33.99999999999997,73.19915745126843,10.480602777296857,3,2.5200000000000005,2.5199999999999982,0.42000000000000015,0.0,0.0,0.21000000000000002,0.21000000000000002
352,1,1,1,0.11906335610601519,4.0,37.99999999999997,33.99999999999997,73.16415745126844,10.795602777296855,3,2.5200000000000005,2.5199999999999982,0.42000000000000015,0.0,0.0,0.21000000000000002,0.21000000000000002
353,1,0,1,0.18404548619921146,4.0,37.99999999999997,33.99999999999997,73.12915745126843,10.760602777296855,3,2.5200000000000005,2.5199999999999982,0.42000000000000015,0.0,0.0,0.21000000000000002,0.21000000000000002
354,1,0,1,0.1840488502677505,4.0,37.99999999999997,33.99999999999997,73.09415745126844,10.725602777296857,3,2.5200000000000005,2.5199999999999982,0.42000000000000015,0.0,0.0,0.21000000000000002,0.21000000000000002
355,1,0,1,0.18374747265083252,4.0,37.99999999999997,33.99999999999997,73.05915745126845,10.690602777296855,3,2.5200000000000005,2.5199999999999982,0.42000000000000015,0.0,0.0,0.21000000000000002,0.21000000000000002
356,1,0,1,0.18373757334322796,4.0,37.99999999999997,33.99999999999997,73.02415745126845,10.655602777296854,3,2.5200000000000005,2.5199999999999982,0.42000000000000015,0.0,0.0,0.21000000000000002,0.21000000000000002
357,1,0,1,0.18405530199103312,4.0,37.99999999999997,33.99999999999997,72.98915745126844,10.620602777296854,3,2.52,2.5199999999999982,0.4200000000000001,0.0,0.0,0.21000000000000002,0.21000000000000002
358,1,0,1,0.18374304998617005,4.0,37.99999999999997,33.99999999999997,72.95415745126846,10.585602777296856,3,2.5200000000000005,2.5199999999999982,0.42000000000000015,0.0,0.0,0.21000000000000002,0.21000000000000002
359,1,0,1,0.18375875713792447,4.0,37.99999999999997,33.99999999999997,72.91915745126846,10.550602777296854,3,2.5200000000000005,2.5199999999999982,0.42000000000000015,0.0,0.0,0.21000000000000002,0.21000000000000002
360,1,2,0,-0.12124282654204997,3.87875717345795,37.99999999999997,33.99999999999997,73.23415745126844,10.515602777296854,3,2.5200000000000005,2.5199999999999982,0.42000000000000015,0.0,0.0,0.21000000000000002,0.21000000000000002
361,1,0,1,0.18405030177255652,4.0,37.99999999999997,33.99999999999997,73.19915745126846,10.480602777296854,3,2.5200000000000005,2.5199999999999982,0.42000000000000015,0.0,0.0,0.21000000000000002,0.21000000000000002
362,1,0,1,0.18404462802561208,4.0,37.99999999999997,33.99999999999997,73.16415745126847,10.445602777296855,3,2.5200000000000005,2.5199999999999982,0.42000000000000015,0.0,0.0,0.21000000000000002,0.21000000000000002
363,1,0,1,0.18374433029210552,4.0,37.99999999999997,33.99999999999997,73.12915745126847,10.410602777296853,3,2.5200000000000005,2.5199999999999982,0.42000000000000015,0.0,0.0,0.21000000000000002,0.21000000000000002
364,1,0,0,-0.05625206565055571,3.943747934349444,37.99999999999997,33.99999999999997,73.09415745126846,10.375602777296853,3,2.5200000000000005,2.5199999999999982,0.42000000000000015,0.0,0.0,0.21000000000000002,0.21000000000000002
365,1,0,1,0.18406893683649114,4.0,37.99999999999997,33.99999999999997,73.05915745126848,10.340602777296853,3,2.5200000000000005,2.5199999999999982,0.42000000000000015,0.0,0.0,0.21000000000000002,0.21000000000000002
366,1,0,1,0.1837890929333931,4.0,37.99999999999997,33.99999999999997,73.02415745126848,10.305602777296855,3,2.5200000000000005,2.5199999999999982,0.42000000000000015,0.0,0.0,0.21000000000000002,0.21000000000000002
367,1,0,1,0.18406004170951779,4.0,37.99999999999997,33.99999999999997,72.98915745126848,10.270602777296853,3,2.5200000000000005,2.5199999999999982,0.4200000000000001,0.0,0.0,0.21000000000000002,0.21000000000000002
368,1,0,1,0.18409659910682988,4.0,37.99999999999997,33.99999999999997,72.95415745126847,10.235602777296853,3,2.52,2.5199999999999982,0.4200000000000001,0.0,0.0,0.21000000000000002,0.21000000000000002
369,1,0,1,0.18377369099505708,4.0,37.99999999999997,33.99999999999997,72.91915745126849,10.200602777296853,3,2.5200000000000005,2.5199999999999982,0.42000000000000015,0.0,0.0,0.21000000000000002,0.21000000000000002
370,1,0,1,0.18403755287385123,4.0,37.99999999999997,33.99999999999997,72.88415745126849,10.165602777296854,3,2.5200000000000005,2.5199999999999982,0.42000000000000015,0.0,0.0,0.21000000000000002,0.21000000000000002
371,1,0,1,0.18407359575522905,4.0,37.99999999999997,33.99999999999997,72.8491574512685,10.130602777296852,3,2.52,2.5199999999999982,0.4200000000000001,0.0,0.0,0.21000000000000002,0.21000000000000002
372,1,0,1,0.18406411333986245,4.0,37.99999999999997,33.99999999999997,72.81415745126849,10.095602777296852,3,2.52,2.5199999999999982,0.4200000000000001,0.0,0.0,0.21000000000000002,0.21000000000000002
373,1,0,1,0.18407112780136617,4.0,37.99999999999997,33.99999999999997,72.7791574512685,10.060602777296852,3,2.5200000000000005,2.5199999999999982,0.42000000000000015,0.0,0.0,0.21000000000000002,0.21000000000000002
374,1,2,1,0.11878356459838205,4.0,37.99999999999997,33.99999999999997,73.0941574512685,10.025602777296854,3,2.5200000000000005,2.5199999999999982,0.42000000000000015,0.0,0.0,0.21000000000000002,0.21000000000000002
375,1,0,1,0.1837745708195574,4.0,37.99999999999997,33.99999999999997,73.05915745126849,9.990602777296852,3,2.5200000000000005,2.5199999999999982,0.42000000000000015,0.0,0.0,0.21000000000000002,0.21000000000000002
376,1,0,1,0.18378855573742625,4.0,37.99999999999997,33.99999999999997,73.02415745126851,9.955602777296852,3,2.5200000000000005,2.5199999999999982,0.42000000000000015,0.0,0.0,0.21000000000000002,0.21000000000000002
377,1,1,1,0.11874044870125634,4.0,37.99999999999997,33.99999999999997,72.98915745126851,10.270602777296851,3,2.5200000000000005,2.5199999999999982,0.42000000000000015,0.0,0.0,0.21000000000000002,0.21000000000000002
378,1,2,1,0.11905133871815768,4.0,37.99999999999997,33.99999999999997,73.3041574512685,10.235602777296853,3,2.5200000000000005,2.5199999999999982,0.42000000000000015,0.0,0.0,0.21000000000000002,0.21000000000000002
379,1,0,1,0.18404744474997747,4.0,37.99999999999997,33.99999999999997,73.26915745126851,10.20060277729685,3,2.5200000000000005,2.5199999999999982,0.42000000000000015,0.0,0.0,0.21000000000000002,0.21000000000000002
380,1,0,1,0.18374825738907943,4.0,37.99999999999997,33.99999999999997,73.23415745126852,10.165602777296852,3,2.5200000000000005,2.5199999999999982,0.42000000000000015,0.0,0.0,0.21000000000000002,0.21000000000000002
381,1,0,1,0.18408211871297048,4.0,37.99999999999997,33.99999999999997,73.19915745126852,10.13060277729685,3,2.52,2.5199999999999982,0.4200000000000001,0.0,0.0,0.21000000000000002,0.21000000000000002
382,1,0,1,0.18373121703274722,4.0,37.99999999999997,33.99999999999997,73.16415745126851,10.095602777296852,3,2.5200000000000005,2.5199999999999982,0.42000000000000015,0.0,0.0,0.21000000000000002,0.21000000000000002
383,1,0,1,0.1837556212215166,4.0,37.99999999999997,33.99999999999997,73.12915745126853,10.06060277729685,3,2.5200000000000005,2.5199999999999982,0.42000000000000015,0.0,0.0,0.21000000000000002,0.21000000000000002
384,1,2,1,0.11905387046166313,4.0,37.99999999999997,33.99999999999997,73.44415745126852,10.025602777296852,4,2.5200000000000005,2.5199999999999982,0.4200000000000001,0.0,0.0,0.21000000000000002,0.21000000000000002
385,1,0,1,0.18377990781832254,4.0,37.99999999999997,33.99999999999997,73.40915745126851,9.99060277729685,4,2.5200000000000005,2.5199999999999982,0.42000000000000015,0.0,0.0,0.21000000000000002,0.21000000000000002
386,1,0,0,-0.05593044360160667,3.9440695563983934,37.99999999999997,33.99999999999997,73.37415745126853,9.955602777296852,4,2.5200000000000005,2.5199999999999982,0.4200000000000001,0.0,0.0,0.21000000000000002,0.21000000000000002
387,1,0,1,0.18408860097992025,4.0,37.99999999999997,33.99999999999997,73.33915745126853,9.92060277729685,4,2.5200000000000005,2.5199999999999982,0.4200000000000001,0.0,0.0,0.21000000000000002,0.21000000000000002
388,1,0,0,-0.05624597059387981,3.9437540294061204,37.99999999999997,33.99999999999997,73.30415745126854,9.885602777296851,4,2.5200000000000005,2.5199999999999982,0.42000000000000015,0.0,0.0,0.21000000000000002,0.21000000000000002
389,1,0,1,0.1837502121264503,4.0,37.99999999999997,33.99999999999997,73.26915745126853,9.85060277729685,4,2.5200000000000005,2.5199999999999982,0.42000000000000015,0.0,0.0,0.21000000000000002,0.21000000000000002
390,1,1,1,0.11908780747661683,4.0,37.99999999999997,33.99999999999997,73.23415745126854,10.165602777296849,4,2.52,2.5199999999999982,0.4200000000000001,0.0,0.0,0.21000000000000002,0.21000000000000002
391,1,0,1,0.18407634839576603,4.0,37.99999999999997,33.99999999999997,73.19915745126855,10.130602777296849,4,2.5200000000000005,2.5199999999999982,0.42000000000000015,0.0,0.0,0.21000000000000002,0.21000000000000002
392,1,1,1,0.11904567634943933,4.0,37.99999999999997,33.99999999999997,73.16415745126855,10.445602777296848,4,2.5200000000000005,2.5199999999999982,0.4200000000000001,0.0,0.0,0.21000000000000002,0.21000000000000002
393,1,0,1,0.18403305136126608,4.0,37.99999999999997,33.99999999999997,73.12915745126854,10.41060277729685,4,2.5200000000000005,2.5199999999999982,0.42000000000000015,0.0,0.0,0.21000000000000002,0.21000000000000002
394,1,0,0,-0.05624495402387118,3.943755045976129,37.99999999999997,33.99999999999997,73.09415745126856,10.375602777296848,4,2.5200000000000005,2.5199999999999982,0.42000000000000015,0.0,0.0,0.21000000000000002,0.21000000000000002
395,1,2,1,0.11905838885271829,4.0,37.99999999999997,33.99999999999997,73.40915745126856,10.34060277729685,4,2.5200000000000005,2.5199999999999982,0.42000000000000015,0.0,0.0,0.21000000000000002,0.21000000000000002
396,1,0,0,-0.05623923452125636,3.9437607654787437,37.99999999999997,33.99999999999997,73.37415745126854,10.305602777296848,4,2.5200000000000005,2.5199999999999982,0.42000000000000015,0.0,0.0,0.21000000000000002,0.21000000000000002
397,1,0,1,0.18376114295675414,4.0,37.99999999999997,33.99999999999997,73.33915745126856,10.27060277729685,4,2.5200000000000005,2.5199999999999982,0.42000000000000015,0.0,0.0,0.21000000000000002,0.21000000000000002
398,1,0,1,0.1837655275032042,4.0,37.99999999999997,33.99999999999997,73.30415745126857,10.235602777296847,4,2.5200000000000005,2.5199999999999982,0.42000000000000015,0.0,0.0,0.21000000000000002,0.21000000000000002
399,1,0,1,0.18405858025016564,4.0,37.99999999999997,33.99999999999997,73.26915745126857,10.200602777296849,4,2.5200000000000005,2.5199999999999982,0.42000000000000015,0.0,0.0,0.21000000000000002,0.21000000000000002
400,1,0,1,0.1837578089155029,4.0,37.99999999999997,33.99999999999997,73.23415745126856,10.165602777296847,4,2.5200000000000005,2.5199999999999982,0.42000000000000015,0.0,0.0,0.21000000000000002,0.21000000000000002
401,1,0,1,0.1840524187626577,4.0,37.99999999999997,33.99999999999997,73.19915745126858,10.130602777296849,4,2.52,2.5199999999999982,0.4200000000000001,0.0,0.0,0.21000000000000002,0.21000000000000002
402,1,0,1,0.18404398310303763,4.0,37.99999999999997,33.99999999999997,73.16415745126858,10.095602777296847,4,2.5200000000000005,2.5199999999999982,0.42000000000000015,0.0,0.0,0.21000000000000002,0.21000000000000002
403,1,0,1,0.18404711106676283,4.0,37.99999999999997,33.99999999999997,73.12915745126858,10.060602777296848,4,2.5200000000000005,2.5199999999999982,0.42000000000000015,0.0,0.0,0.21000000000000002,0.21000000000000002
404,1,0,0,-0.055939836509451835,3.944060163490548,37.99999999999997,33.99999999999997,73.09415745126857,10.025602777296847,4,2.52,2.5199999999999982,0.4200000000000001,0.0,0.0,0.21000000000000002,0.21000000000000002
405,1,0,0,-0.05593649030914312,3.888123673181405,37.99999999999997,33.99999999999997,73.05915745126859,9.990602777296848,4,2.52,2.5199999999999982,0.4200000000000001,0.0,0.0,0.21000000000000002,0.21000000000000002
406,1,0,1,0.1837527847400889,4.0,37.99999999999997,33.99999999999997,73.0241574512686,9.955602777296846,4,2.5200000000000005,2.5199999999999982,0.42000000000000015,0.0,0.0,0.21000000000000002,0.21000000000000002
407,1,0,1,0.1837672962192598,4.0,37.99999999999997,33.99999999999997,72.9891574512686,9.920602777296848,4,2.5200000000000005,2.5199999999999982,0.42000000000000015,0.0,0.0,0.21000000000000002,0.21000000000000002
408,1,2,1,0.11911013719602843,4.0,37.99999999999997,33.99999999999997,73.3041574512686,9.885602777296846,4,2.52,2.5199999999999982,0.42000000000000004,0.0,0.0,0.21000000000000002,0.21000000000000002
409,1,2,1,0.11907024182608303,4.0,37.99999999999997,33.99999999999997,73.61915745126859,9.850602777296848,4,2.5200000000000005,2.5199999999999982,0.42000000000000015,0.0,0.0,0.21000000000000002,0.21000000000000002
410,1,2,0,-0.1212268643642765,3.8787731356357233,37.99999999999997,33.99999999999997,73.93415745126859,9.815602777296846,4,2.5200000000000005,2.5199999999999982,0.42000000000000015,0.0,0.0,0.21000000000000002,0.21000000000000002
411,1,2,1,0.11907929939676902,3.997852435032492,37.99999999999997,33.99999999999997,74.24915745126859,9.780602777296847,4,2.52,2.5199999999999982,0.4200000000000001,0.0,0.0,0.21000000000000002,0.21000000000000002
412,1,2,1,0.11876970869150622,4.0,37.99999999999997,33.99999999999997,74.56415745126858,9.745602777296845,4,2.5200000000000005,2.5199999999999982,0.42000000000000015,0.0,0.0,0.21000000000000002,0.21000000000000002
413,1,0,1,0.1837503413999471,4.0,37.99999999999997,33.99999999999997,74.52915745126859,9.710602777296847,4,2.5200000000000005,2.5199999999999982,0.42000000000000015,0.0,0.0,0.21000000000000002,0.21000000000000002
414,1,2,1,0.11878684919073185,4.0,37.99999999999997,33.99999999999997,74.84415745126857,9.675602777296845,4,2.5200000000000005,2.5199999999999982,0.42000000000000015,0.0,0.0,0.21000000000000002,0.21000000000000002
415,1,1,1,0.1187699408783083,4.0,37.99999999999997,33.99999999999997,74.80915745126859,9.990602777296845,4,2.5200000000000005,2.5199999999999982,0.42000000000000015,0.0,0.0,0.21000000000000002,0.21000000000000002
416,1,2,1,0.11877021129468439,4.0,37.99999999999997,33.99999999999997,75.12415745126859,9.955602777296846,4,2.5200000000000005,2.5199999999999982,0.42000000000000015,0.0,0.0,0.21000000000000002,0.21000000000000002
417,1,2,0,-0.12091521657665698,3.879084783423343,37.99999999999997,33.99999999999997,75.43915745126858,9.920602777296844,4,2.52,2.5199999999999982,0.4200000000000001,0.0,0.0,0.21000000000000002,0.21000000000000002
418,1,2,1,0.11878426605709998,3.997869049480443,37.99999999999997,33.99999999999997,75.75415745126858,9.885602777296844,4,2.5200000000000005,2.5199999999999982,0.42000000000000015,0.0,0.0,0.21000000000000002,0.21000000000000002
419,1,2,1,0.11912141999908088,4.0,37.99999999999997,33.99999999999997,76.06915745126858,9.850602777296844,4,2.52,2.5199999999999982,0.4200000000000001,0.0,0.0,0.21000000000000002,0.21000000000000002
420,1,2,1,0.11877795843114416,4.0,37.99999999999997,33.99999999999997,76.38415745126858,9.815602777296846,4,2.5200000000000005,2.5199999999999982,0.42000000000000015,0.0,0.0,0.21000000000000002,0.21000000000000002
421,1,2,0,-0.1212240380880784,3.8787759619119218,37.99999999999997,33.99999999999997,76.69915745126858,9.780602777296844,4,2.5200000000000005,2.5199999999999982,0.42000000000000015,0.0,0.0,0.21000000000000002,0.21000000000000002
422,1,0,0,-0.05587920912290048,3.8228967527890214,37.99999999999997,33.99999999999997,76.66415745126858,9.745602777296844,4,2.52,2.5199999999999982,0.4200000000000001,0.0,0.0,0.21000000000000002,0.21000000000000002
423,1,2,0,-0.12120626371161973,3.701690489077402,37.99999999999997,33.99999999999997,76.97915745126856,9.710602777296844,4,2.5200000000000005,2.5199999999999982,0.42000000000000015,0.0,0.0,0.21000000000000002,0.21000000000000002
424,1,2,1,0.11911123283734379,3.8208017219147457,37.99999999999997,33.99999999999997,77.29415745126857,9.675602777296845,4,2.52,2.5199999999999982,0.4200000000000001,0.0,0.0,0.21000000000000002,0.21000000000000002
425,1,2,1,0.11912265786649577,3.9399243797812415,37.99999999999997,33.99999999999997,77.60915745126856,9.640602777296843,4,2.52,2.5199999999999982,0.4200000000000001,0.0,0.0,0.21000000000000002,0.21000000000000002
426,1,0,1,0.1837965225998507,4.0,37.99999999999997,33.99999999999997,77.57415745126858,9.605602777296843,4,2.5200000000000005,2.5199999999999982,0.42000000000000015,0.0,0.0,0.21000000000000002,0.21000000000000002
427,1,2,0,-0.12086983658173966,3.8791301634182602,37.99999999999997,33.99999999999997,77.88915745126857,9.570602777296843,4,2.52,2.5199999999999982,0.4200000000000001,0.0,0.0,0.21000000000000002,0.21000000000000002
428,1,0,0,-0.05622307368176788,3.8229070897364923,37.99999999999997,33.99999999999997,77.85415745126856,9.535602777296845,4,2.5200000000000005,2.5199999999999982,0.42000000000000015,0.0,0.0,0.21000000000000002,0.21000000000000002
429,1,0,0,-0.05586138010594861,3.7670457096305436,37.99999999999997,33.99999999999997,77.81915745126858,9.500602777296843,4,2.52,2.5199999999999982,0.4200000000000001,0.0,0.0,0.21000000000000002,0.21000000000000002
430,1,0,1,0.18379401925284394,3.9508397288833876,37.99999999999997,33.99999999999997,77.78415745126858,9.465602777296843,4,2.5200000000000005,2.5199999999999982,0.42000000000000015,0.0,0.0,0.21000000000000002,0.21000000000000002
431,1,0,1,0.18413067197082605,4.0,37.99999999999997,33.99999999999997,77.74915745126859,9.430602777296842,4,2.52,2.5199999999999982,0.4200000000000001,0.0,0.0,0.21000000000000002,0.21000000000000002
432,1,0,1,0.18377890050327492,4.0,37.99999999999997,33.99999999999997,77.71415745126858,9.395602777296844,4,2.5200000000000005,2.5199999999999982,0.42000000000000015,0.0,0.0,0.21000000000000002,0.21000000000000002
433,1,0,1,0.184122594959731,4.0,37.99999999999997,33.99999999999997,77.6791574512686,9.360602777296842,4,2.52,2.5199999999999982,0.4200000000000001,0.0,0.0,0.21000000000000002,0.21000000000000002
434,1,0,1,0.18379003627609877,4.0,37.99999999999997,33.99999999999997,77.6441574512686,9.325602777296842,4,2.5200000000000005,2.5199999999999982,0.42000000000000015,0.0,0.0,0.21000000000000002,0.21000000000000002
435,1,0,1,0.18381193096011997,4.0,37.99999999999997,33.99999999999997,77.6091574512686,9.290602777296842,4,2.5200000000000005,2.5199999999999982,0.42000000000000015,0.0,0.0,0.21000000000000002,0.21000000000000002
436,1,0,1,0.18379050907474795,4.0,37.99999999999997,33.99999999999997,77.57415745126859,9.255602777296843,4,2.5200000000000005,2.5199999999999982,0.42000000000000015,0.0,0.0,0.21000000000000002,0.21000000000000002
437,1,0,1,0.18380014902741085,4.0,37.99999999999997,33.99999999999997,77.53915745126861,9.220602777296842,4,2.5200000000000005,2.5199999999999982,0.42000000000000015,0.0,0.0,0.21000000000000002,0.21000000000000002
438,1,0,1,0.1841531441897619,4.0,37.99999999999997,33.99999999999997,77.50415745126861,9.185602777296841,4,2.52,2.5199999999999982,0.4200000000000001,0.0,0.0,0.21000000000000002,0.21000000000000002
439,1,0,1,0.18414060037835261,4.0,37.99999999999997,33.99999999999997,77.46915745126861,9.150602777296841,4,2.52,2.5199999999999982,0.4200000000000001,0.0,0.0,0.21000000000000002,0.21000000000000002
440,1,0,1,0.18380136531110117,4.0,37.99999999999997,33.99999999999997,77.4341574512686,9.115602777296843,4,2.5200000000000005,2.5199999999999982,0.42000000000000015,0.0,0.0,0.21000000000000002,0.21000000000000002
441,1,0,1,0.18414770134289782,4.0,37.99999999999997,33.99999999999997,77.39915745126862,9.080602777296841,4,2.52,2.5199999999999982,0.4200000000000001,0.0,0.0,0.21000000000000002,0.21000000000000002
442,1,0,1,0.18416782292197903,4.0,37.99999999999997,33.99999999999997,77.36415745126862,9.04560277729684,4,2.52,2.5199999999999982,0.4200000000000001,0.0,0.0,0.21000000000000002,0.21000000000000002
443,1,2,1,0.11879820108343586,4.0,37.99999999999997,33.99999999999997,77.67915745126861,9.01060277729684,4,2.5200000000000005,2.5199999999999982,0.42000000000000015,0.0,0.0,0.21000000000000002,0.21000000000000002
444,1,0,1,0.18383291057656492,4.0,37.99999999999997,33.99999999999997,77.64415745126863,8.975602777296842,4,2.5200000000000005,2.5199999999999982,0.42000000000000015,0.0,0.0,0.21000000000000002,0.21000000000000002
445,1,0,0,-0.05618195569322764,3.9438180443067723,37.99999999999997,33.99999999999997,77.60915745126863,8.94060277729684,4,2.5200000000000005,2.5199999999999982,0.42000000000000015,0.0,0.0,0.21000000000000002,0.21000000000000002
446,1,0,1,0.18419766558635556,4.0,37.99999999999997,33.99999999999997,77.57415745126863,8.90560277729684,4,2.52,2.5199999999999982,0.42000000000000004,0.0,0.0,0.21000000000000002,0.21000000000000002
447,1,0,1,0.18418249428935146,4.0,37.99999999999997,33.99999999999997,77.53915745126862,8.87060277729684,4,2.52,2.5199999999999982,0.4200000000000001,0.0,0.0,0.21000000000000002,0.21000000000000002
448,1,0,0,-0.05579708802529107,3.944202911974709,37.99999999999997,33.99999999999997,77.50415745126864,8.835602777296842,4,2.52,2.5199999999999982,0.4200000000000001,0.0,0.0,0.21000000000000002,0.21000000000000002
449,1,0,1,0.18421566656778982,4.0,37.99999999999997,33.99999999999997,77.46915745126864,8.80060277729684,4,2.52,2.5199999999999982,0.42000000000000004,0.0,0.0,0.21000000000000002,0.21000000000000002
450,1,0,1,0.1838194041154888,4.0,37.99999999999997,33.99999999999997,77.43415745126865,8.76560277729684,4,2.5200000000000005,2.5199999999999982,0.42000000000000015,0.0,0.0,0.21000000000000002,0.21000000000000002
451,1,0,1,0.18382663894302093,4.0,37.99999999999997,33.99999999999997,77.39915745126864,8.73060277729684,4,2.5200000000000005,2.5199999999999982,0.42000000000000015,0.0,0.0,0.21000000000000002,0.21000000000000002
452,1,0,1,0.18382854587094963,4.0,37.99999999999997,33.99999999999997,77.36415745126865,8.695602777296841,4,2.5200000000000005,2.5199999999999982,0.42000000000000015,0.0,0.0,0.21000000000000002,0.21000000000000002
453,1,0,1,0.18383593296704148,4.0,37.99999999999997,33.99999999999997,77.32915745126866,8.66060277729684,4,2.5200000000000005,2.5199999999999982,0.42000000000000015,0.0,0.0,0.21000000000000002,0.21000000000000002
454,1,2,1,0.1192173268732354,4.0,37.99999999999997,33.99999999999997,77.64415745126864,8.625602777296839,4,2.52,2.5199999999999982,0.42000000000000004,0.0,0.0,0.21000000000000002,0.21000000000000002
455,1,0,1,0.1838313270649098,4.0,37.99999999999997,33.99999999999997,77.60915745126866,8.590602777296839,4,2.5200000000000005,2.5199999999999982,0.42000000000000015,0.0,0.0,0.21000000000000002,0.21000000000000002
456,1,0,1,0.18421552693614254,4.0,37.99999999999997,33.99999999999997,77.57415745126866,8.55560277729684,4,2.52,2.5199999999999982,0.4200000000000001,0.0,0.0,0.21000000000000002,0.21000000000000002
457,1,1,1,0.1192166617593489,4.0,37.99999999999997,33.99999999999997,77.53915745126866,8.870602777296838,4,2.52,2.5199999999999982,0.4200000000000001,0.0,0.0,0.21000000000000002,0.21000000000000002
458,1,1,0,-0.12119074513012744,3.8788092548698727,37.99999999999997,33.99999999999997,77.50415745126865,9.185602777296838,4,2.5200000000000005,2.5199999999999982,0.42000000000000015,0.0,0.0,0.21000000000000002,0.21000000000000002
459,1,0,0,-0.0562012496384759,3.822608005231397,37.99999999999997,33.99999999999997,77.46915745126867,9.15060277729684,4,2.5200000000000005,2.5199999999999982,0.42000000000000015,0.0,0.0,0.21000000000000002,0.21000000000000002
460,1,1,1,0.11919071651129638,3.941798721742693,37.99999999999997,33.99999999999997,77.43415745126867,9.465602777296837,4,2.52,2.5199999999999982,0.4200000000000001,0.0,0.0,0.21000000000000002,0.21000000000000002
461,1,0,1,0.1841606098174723,4.0,37.99999999999997,33.99999999999997,77.39915745126868,9.430602777296839,4,2.52,2.5199999999999982,0.4200000000000001,0.0,0.0,0.21000000000000002,0.21000000000000002
462,1,0,1,0.18413184160856166,4.0,37.99999999999997,33.99999999999997,77.36415745126867,9.395602777296837,4,2.5200000000000005,2.5199999999999982,0.4200000000000001,0.0,0.0,0.21000000000000002,0.21000000000000002
463,1,0,0,-0.055881606384455995,3.944118393615544,37.99999999999997,33.99999999999997,77.32915745126869,9.360602777296839,4,2.52,2.5199999999999982,0.4200000000000001,0.0,0.0,0.21000000000000002,0.21000000000000002
464,1,1,1,0.11918949150342273,4.0,37.99999999999997,33.99999999999997,77.29415745126869,9.675602777296836,4,2.52,2.5199999999999982,0.42000000000000004,0.0,0.0,0.21000000000000002,0.21000000000000002
465,1,0,1,0.18416833906718044,4.0,37.99999999999997,33.99999999999997,77.25915745126869,9.640602777296836,4,2.52,2.5199999999999982,0.42000000000000004,0.0,0.0,0.21000000000000002,0.21000000000000002
466,1,0,1,0.1837910373190679,4.0,37.99999999999997,33.99999999999997,77.22415745126868,9.605602777296838,4,2.5200000000000005,2.5199999999999982,0.42000000000000015,0.0,0.0,0.21000000000000002,0.21000000000000002
467,1,0,1,0.18414035430951448,4.0,37.99999999999997,33.99999999999997,77.1891574512687,9.570602777296836,4,2.52,2.5199999999999982,0.4200000000000001,0.0,0.0,0.21000000000000002,0.21000000000000002
468,1,2,0,-0.12119609205349204,3.8788039079465078,37.99999999999997,33.99999999999997,77.5041574512687,9.535602777296836,4,2.5200000000000005,2.5199999999999982,0.42000000000000015,0.0,0.0,0.21000000000000002,0.21000000000000002
469,1,2,0,-0.1212175538085949,3.7575863541379126,37.99999999999997,33.99999999999997,77.8191574512687,9.500602777296836,4,2.5200000000000005,2.5199999999999982,0.42000000000000015,0.0,0.0,0.21000000000000002,0.21000000000000002
470,1,1,1,0.118805819916869,3.8763921740547818,37.99999999999997,33.99999999999997,77.7841574512687,9.815602777296837,4,2.5200000000000005,2.5199999999999982,0.42000000000000015,0.0,0.0,0.21000000000000002,0.21000000000000002
471,1,1,1,0.1191748498562567,3.9955670239110384,37.99999999999997,33.99999999999997,77.7491574512687,10.130602777296835,4,2.52,2.5199999999999982,0.42000000000000004,0.0,0.0,0.21000000000000002,0.21000000000000002
472,1,0,1,0.18376157551421227,4.0,37.99999999999997,33.99999999999997,77.71415745126869,10.095602777296834,4,2.5200000000000005,2.5199999999999982,0.42000000000000015,0.0,0.0,0.21000000000000002,0.21000000000000002
473,1,0,1,0.18378931397551354,4.0,37.99999999999997,33.99999999999997,77.67915745126871,10.060602777296836,4,2.5200000000000005,2.5199999999999982,0.42000000000000015,0.0,0.0,0.21000000000000002,0.21000000000000002
474,1,0,0,-0.05622021923428661,3.9437797807657136,37.99999999999997,33.99999999999997,77.64415745126871,10.025602777296834,4,2.5200000000000005,2.5199999999999982,0.42000000000000015,0.0,0.0,0.21000000000000002,0.21000000000000002
475,1,0,1,0.1841286126359868,4.0,37.99999999999997,33.99999999999997,77.60915745126871,9.990602777296834,4,2.52,2.5199999999999982,0.4200000000000001,0.0,0.0,0.21000000000000002,0.21000000000000002
476,1,0,0,-0.05623580900636529,3.9437641909936345,37.99999999999997,33.99999999999997,77.5741574512687,9.955602777296834,4,2.5200000000000005,2.5199999999999982,0.42000000000000015,0.0,0.0,0.21000000000000002,0.21000000000000002
477,1,0,1,0.18376963880894165,4.0,37.99999999999997,33.99999999999997,77.53915745126872,9.920602777296835,4,2.5200000000000005,2.5199999999999982,0.42000000000000015,0.0,0.0,0.21000000000000002,0.21000000000000002
478,1,0,1,0.1841465542052473,4.0,37.99999999999997,33.99999999999997,77.50415745126872,9.885602777296834,4,2.52,2.5199999999999982,0.4200000000000001,0.0,0.0,0.21000000000000002,0.21000000000000002
479,1,0,1,0.1837842012829407,4.0,37.99999999999997,33.99999999999997,77.46915745126873,9.850602777296833,4,2.5200000000000005,2.5199999999999982,0.42000000000000015,0.0,0.0,0.21000000000000002,0.21000000000000002
480,1,0,1,0.18412897827772035,4.0,37.99999999999997,33.99999999999997,77.43415745126872,9.815602777296833,4,2.52,2.5199999999999982,0.4200000000000001,0.0,0.0,0.21000000000000002,0.21000000000000002
481,1,0,1,0.18411354536881278,4.0,37.99999999999997,33.99999999999997,77.39915745126874,9.780602777296835,4,2.52,2.5199999999999982,0.4200000000000001,0.0,0.0,0.21000000000000002,0.21000000000000002
482,1,0,1,0.18378387717612849,4.0,37.99999999999997,33.99999999999997,77.36415745126874,9.745602777296833,4,2.5200000000000005,2.5199999999999982,0.42000000000000015,0.0,0.0,0.21000000000000002,0.21000000000000002
483,1,0,1,0.18380863027080233,4.0,37.99999999999997,33.99999999999997,77.32915745126874,9.710602777296833,4,2.5200000000000005,2.5199999999999982,0.42000000000000015,0.0,0.0,0.21000000000000002,0.21000000000000002
484,1,0,0,-0.05586011354958581,3.9441398864504142,37.99999999999997,33.99999999999997,77.29415745126873,9.675602777296833,4,2.52,2.5199999999999982,0.4200000000000001,0.0,0.0,0.21000000000000002,0.21000000000000002
485,1,1,1,0.11879913429767072,4.0,37.99999999999997,33.99999999999997,77.25915745126875,9.990602777296834,4,2.5200000000000005,2.5199999999999982,0.42000000000000015,0.0,0.0,0.21000000000000002,0.21000000000000002
486,1,0,0,-0.056222859915705886,3.9437771400842943,37.99999999999997,33.99999999999997,77.22415745126875,9.955602777296832,4,2.5200000000000005,2.5199999999999982,0.42000000000000015,0.0,0.0,0.21000000000000002,0.21000000000000002
487,1,2,1,0.118777301267991,4.0,37.99999999999997,33.99999999999997,77.53915745126874,9.920602777296834,4,2.5200000000000005,2.5199999999999982,0.42000000000000015,0.0,0.0,0.21000000000000002,0.21000000000000002
488,1,0,1,0.1840839264505322,4.0,37.99999999999997,33.99999999999997,77.50415745126875,9.885602777296832,4,2.5200000000000005,2.5199999999999982,0.4200000000000001,0.0,0.0,0.21000000000000002,0.21000000000000002
489,1,0,1,0.18411645952500574,4.0,37.99999999999997,33.99999999999997,77.46915745126876,9.850602777296833,4,2.52,2.5199999999999982,0.4200000000000001,0.0,0.0,0.21000000000000002,0.21000000000000002
490,1,0,1,0.1837812715611386,4.0,37.99999999999997,33.99999999999997,77.43415745126876,9.815602777296832,4,2.5200000000000005,2.5199999999999982,0.42000000000000015,0.0,0.0,0.21000000000000002,0.21000000000000002
491,1,0,1,0.18412487321035956,4.0,37.99999999999997,33.99999999999997,77.39915745126875,9.780602777296833,4,2.52,2.5199999999999982,0.4200000000000001,0.0,0.0,0.21000000000000002,0.21000000000000002
492,1,0,1,0.1841222654998767,4.0,37.99999999999997,33.99999999999997,77.36415745126877,9.745602777296831,4,2.52,2.5199999999999982,0.4200000000000001,0.0,0.0,0.21000000000000002,0.21000000000000002
493,1,0,0,-0.056212393549736825,3.9437876064502633,37.99999999999997,33.99999999999997,77.32915745126877,9.710602777296833,4,2.5200000000000005,2.5199999999999982,0.42000000000000015,0.0,0.0,0.21000000000000002,0.21000000000000002
494,1,2,1,0.11875592419231339,4.0,37.99999999999997,33.99999999999997,77.64415745126875,9.675602777296831,4,2.5200000000000005,2.5199999999999982,0.42000000000000015,0.0,0.0,0.21000000000000002,0.21000000000000002
495,1,0,1,0.18376704549136907,4.0,37.99999999999997,33.99999999999997,77.60915745126877,9.640602777296833,4,2.5200000000000005,2.5199999999999982,0.42000000000000015,0.0,0.0,0.21000000000000002,0.21000000000000002
496,1,0,1,0.18379266821657925,4.0,37.99999999999997,33.99999999999997,77.57415745126877,9.60560277729683,4,2.5200000000000005,2.5199999999999982,0.42000000000000015,0.0,0.0,0.21000000000000002,0.21000000000000002
497,1,0,1,0.18379456108963588,4.0,37.99999999999997,33.99999999999997,77.53915745126878,9.570602777296832,4,2.5200000000000005,2.5199999999999982,0.42000000000000015,0.0,0.0,0.21000000000000002,0.21000000000000002
498,1,0,1,0.18378652766934836,4.0,37.99999999999997,33.99999999999997,77.50415745126877,9.53560277729683,4,2.5200000000000005,2.5199999999999982,0.42000000000000015,0.0,0.0,0.21000000000000002,0.21000000000000002
499,1,0,1,0.1841221150465837,4.0,37.99999999999997,33.99999999999997,77.46915745126879,9.500602777296832,4,2.52,2.5199999999999982,0.4200000000000001,0.0,0.0,0.21000000000000002,0.21000000000000002
500,1,0,1,0.18377950867131493,4.0,37.99999999999997,33.99999999999997,77.43415745126879,9.46560277729683,4,2.5200000000000005,2.5199999999999982,0.42000000000000015,0.0,0.0,0.21000000000000002,0.21000000000000002
501,1,0,1,0.1841390030730158,4.0,37.99999999999997,33.99999999999997,77.39915745126879,9.430602777296832,4,2.52,2.5199999999999982,0.4200000000000001,0.0,0.0,0.21000000000000002,0.21000000000000002
502,1,0,1,0.18412835422446705,4.0,37.99999999999997,33.99999999999997,77.36415745126878,9.39560277729683,4,2.52,2.5199999999999982,0.4200000000000001,0.0,0.0,0.21000000000000002,0.21000000000000002
503,1,0,0,-0.05588162009734407,3.944118379902656,37.99999999999997,33.99999999999997,77.3291574512688,9.360602777296831,4,2.52,2.5199999999999982,0.4200000000000001,0.0,0.0,0.21000000000000002,0.21000000000000002
504,1,0,1,0.18413699317139962,4.0,37.99999999999997,33.99999999999997,77.2941574512688,9.32560277729683,4,2.52,2.5199999999999982,0.4200000000000001,0.0,0.0,0.21000000000000002,0.21000000000000002
505,1,0,1,0.18411980323877095,4.0,37.99999999999997,33.99999999999997,77.2591574512688,9.290602777296831,4,2.52,2.5199999999999982,0.4200000000000001,0.0,0.0,0.21000000000000002,0.21000000000000002
506,1,0,0,-0.056236856443195295,3.943763143556805,37.99999999999997,33.99999999999997,77.2241574512688,9.25560277729683,4,2.5200000000000005,2.5199999999999982,0.42000000000000015,0.0,0.0,0.21000000000000002,0.21000000000000002
507,1,0,1,0.18414348292485824,4.0,37.99999999999997,33.99999999999997,77.18915745126881,9.22060277729683,4,2.52,2.5199999999999982,0.4200000000000001,0.0,0.0,0.21000000000000002,0.21000000000000002
508,1,2,1,0.11877010355946198,4.0,37.99999999999997,33.99999999999997,77.50415745126881,9.185602777296829,4,2.5200000000000005,2.5199999999999982,0.42000000000000015,0.0,0.0,0.21000000000000002,0.21000000000000002
509,1,0,1,0.18379150674582828,4.0,37.99999999999997,33.99999999999997,77.4691574512688,9.15060277729683,4,2.5200000000000005,2.5199999999999982,0.42000000000000015,0.0,0.0,0.21000000000000002,0.21000000000000002
510,1,0,1,0.1841312215385936,4.0,37.99999999999997,33.99999999999997,77.43415745126882,9.115602777296829,4,2.52,2.5199999999999982,0.4200000000000001,0.0,0.0,0.21000000000000002,0.21000000000000002
511,1,0,1,0.1837913482292158,4.0,37.99999999999997,33.99999999999997,77.39915745126882,9.08060277729683,4,2.5200000000000005,2.5199999999999982,0.42000000000000015,0.0,0.0,0.21000000000000002,0.21000000000000002
512,1,0,1,0.18378835279283834,4.0,37.99999999999997,33.99999999999997,77.36415745126882,9.045602777296828,5,2.5200000000000005,2.5199999999999982,0.42000000000000015,0.0,0.0,0.21000000000000002,0.21000000000000002
513,1,0,0,-0.05586085586127081,3.9441391441387292,37.99999999999997,33.99999999999997,77.32915745126881,9.01060277729683,5,2.52,2.5199999999999982,0.4200000000000001,0.0,0.0,0.21000000000000002,0.21000000000000002
514,1,2,0,-0.12120354610526766,3.8229355980334616,37.99999999999997,33.99999999999997,77.64415745126882,8.975602777296828,5,2.5200000000000005,2.5199999999999982,0.42000000000000015,0.0,0.0,0.21000000000000002,0.21000000000000002
515,1,0,1,0.18379197307992318,4.0,37.99999999999997,33.99999999999997,77.60915745126883,8.94060277729683,5,2.5200000000000005,2.5199999999999982,0.42000000000000015,0.0,0.0,0.21000000000000002,0.21000000000000002
516,1,0,1,0.1841483194707039,4.0,37.99999999999997,33.99999999999997,77.57415745126882,8.905602777296828,5,2.52,2.5199999999999982,0.4200000000000001,0.0,0.0,0.21000000000000002,0.21000000000000002
517,1,1,0,-0.12085218950802126,3.8791478104919785,37.99999999999997,33.99999999999997,77.53915745126884,9.220602777296827,5,2.52,2.5199999999999982,0.4200000000000001,0.0,0.0,0.21000000000000002,0.21000000000000002
518,1,0,1,0.18412691117784571,4.0,37.99999999999997,33.99999999999997,77.50415745126884,9.185602777296827,5,2.52,2.5199999999999982,0.4200000000000001,0.0,0.0,0.21000000000000002,0.21000000000000002
519,1,0,1,0.18412418152192372,4.0,37.99999999999997,33.99999999999997,77.46915745126884,9.150602777296827,5,2.52,2.5199999999999982,0.4200000000000001,0.0,0.0,0.21000000000000002,0.21000000000000002
520,1,0,1,0.18414520348027186,4.0,37.99999999999997,33.99999999999997,77.43415745126883,9.115602777296829,5,2.52,2.5199999999999982,0.4200000000000001,0.0,0.0,0.21000000000000002,0.21000000000000002
521,1,0,1,0.18379412510544918,4.0,37.99999999999997,33.99999999999997,77.39915745126885,9.080602777296827,5,2.5200000000000005,2.5199999999999982,0.42000000000000015,0.0,0.0,0.21000000000000002,0.21000000000000002
522,1,0,1,0.18416232447881709,4.0,37.99999999999997,33.99999999999997,77.36415745126885,9.045602777296827,5,2.52,2.5199999999999982,0.4200000000000001,0.0,0.0,0.21000000000000002,0.21000000000000002
523,1,0,0,-0.055839586416746356,3.9441604135832535,37.99999999999997,33.99999999999997,77.32915745126886,9.010602777296826,5,2.52,2.5199999999999982,0.4200000000000001,0.0,0.0,0.21000000000000002,0.21000000000000002
524,1,1,1,0.11878800186305799,4.0,37.99999999999997,33.99999999999997,77.29415745126884,9.325602777296828,5,2.5200000000000005,2.5199999999999982,0.42000000000000015,0.0,0.0,0.21000000000000002,0.21000000000000002
525,1,0,1,0.18414050955980357,4.0,37.99999999999997,33.99999999999997,77.25915745126886,9.290602777296826,5,2.52,2.5199999999999982,0.4200000000000001,0.0,0.0,0.21000000000000002,0.21000000000000002
526,1,0,1,0.1837937033532702,4.0,37.99999999999997,33.99999999999997,77.22415745126887,9.255602777296827,5,2.5200000000000005,2.5199999999999982,0.42000000000000015,0.0,0.0,0.21000000000000002,0.21000000000000002
527,1,0,1,0.1841552779317773,4.0,37.99999999999997,33.99999999999997,77.18915745126887,9.220602777296826,5,2.52,2.5199999999999982,0.4200000000000001,0.0,0.0,0.21000000000000002,0.21000000000000002
528,1,1,1,0.11914753090289176,4.0,37.99999999999997,33.99999999999997,77.15415745126886,9.535602777296825,5,2.52,2.5199999999999982,0.4200000000000001,0.0,0.0,0.21000000000000002,0.21000000000000002
529,1,2,1,0.11876739612302896,4.0,37.99999999999997,33.99999999999997,77.46915745126887,9.500602777296825,5,2.5200000000000005,2.5199999999999982,0.42000000000000015,0.0,0.0,0.21000000000000002,0.21000000000000002
530,1,2,1,0.11911814406050139,4.0,37.99999999999997,33.99999999999997,77.78415745126885,9.465602777296825,5,2.52,2.5199999999999982,0.4200000000000001,0.0,0.0,0.21000000000000002,0.21000000000000002
531,1,1,1,0.11880246435595439,4.0,37.99999999999997,33.99999999999997,77.74915745126887,9.780602777296826,5,2.5200000000000005,2.5199999999999982,0.42000000000000015,0.0,0.0,0.21000000000000002,0.21000000000000002
532,1,1,1,0.1191290895569697,4.0,37.99999999999997,33.99999999999997,77.71415745126887,10.095602777296824,5,2.52,2.5199999999999982,0.4200000000000001,0.0,0.0,0.21000000000000002,0.21000000000000002
533,1,0,0,-0.05622437001563888,3.943775629984361,37.99999999999997,33.99999999999997,77.67915745126888,10.060602777296824,5,2.5200000000000005,2.5199999999999982,0.42000000000000015,0.0,0.0,0.21000000000000002,0.21000000000000002
534,1,0,1,0.18377304540144482,4.0,37.99999999999997,33.99999999999997,77.64415745126887,10.025602777296825,5,2.5200000000000005,2.5199999999999982,0.42000000000000015,0.0,0.0,0.21000000000000002,0.21000000000000002
535,1,0,1,0.1840984454046374,4.0,37.99999999999997,33.99999999999997,77.60915745126889,9.990602777296823,5,2.5200000000000005,2.5199999999999982,0.4200000000000001,0.0,0.0,0.21000000000000002,0.21000000000000002
536,1,0,1,0.18374809034320208,4.0,37.99999999999997,33.99999999999997,77.57415745126889,9.955602777296823,5,2.5200000000000005,2.5199999999999982,0.42000000000000015,0.0,0.0,0.21000000000000002,0.21000000000000002
537,1,0,1,0.18378899111508745,4.0,37.99999999999997,33.99999999999997,77.53915745126889,9.920602777296823,5,2.5200000000000005,2.5199999999999982,0.42000000000000015,0.0,0.0,0.21000000000000002,0.21000000000000002
538,1,0,1,0.18412680570625625,4.0,37.99999999999997,33.99999999999997,77.50415745126888,9.885602777296825,5,2.52,2.5199999999999982,0.4200000000000001,0.0,0.0,0.21000000000000002,0.21000000000000002
539,1,0,1,0.18377823216981207,4.0,37.99999999999997,33.99999999999997,77.4691574512689,9.850602777296823,5,2.5200000000000005,2.5199999999999982,0.42000000000000015,0.0,0.0,0.21000000000000002,0.21000000000000002
540,1,2,1,0.1191018930281649,4.0,37.99999999999997,33.99999999999997,77.7841574512689,9.815602777296823,5,2.52,2.5199999999999982,0.4200000000000001,0.0,0.0,0.21000000000000002,0.21000000000000002
541,1,0,1,0.18409868459940973,4.0,37.99999999999997,33.99999999999997,77.74915745126889,9.780602777296822,5,2.52,2.5199999999999982,0.4200000000000001,0.0,0.0,0.21000000000000002,0.21000000000000002
542,1,1,1,0.11910648381817236,4.0,37.99999999999997,33.99999999999997,77.7141574512689,10.095602777296824,5,2.52,2.5199999999999982,0.4200000000000001,0.0,0.0,0.21000000000000002,0.21000000000000002
543,1,0,1,0.1837872056783029,4.0,37.99999999999997,33.99999999999997,77.6791574512689,10.060602777296822,5,2.5200000000000005,2.5199999999999982,0.42000000000000015,0.0,0.0,0.21000000000000002,0.21000000000000002
544,1,2,0,-0.12093728828590863,3.8790627117140914,37.99999999999997,33.99999999999997,77.99415745126889,10.025602777296823,5,2.5200000000000005,2.5199999999999982,0.4200000000000001,0.0,0.0,0.21000000000000002,0.21000000000000002
545,1,0,0,-0.05622197077464079,3.8228407409394505,37.99999999999997,33.99999999999997,77.95915745126891,9.990602777296822,5,2.5200000000000005,2.5199999999999982,0.42000000000000015,0.0,0.0,0.21000000000000002,0.21000000000000002
546,1,0,1,0.18409073818694463,4.0,37.99999999999997,33.99999999999997,77.92415745126891,9.955602777296823,5,2.5200000000000005,2.5199999999999982,0.4200000000000001,0.0,0.0,0.21000000000000002,0.21000000000000002
547,1,0,1,0.18411833248907206,4.0,37.99999999999997,33.99999999999997,77.88915745126891,9.920602777296821,5,2.52,2.5199999999999982,0.4200000000000001,0.0,0.0,0.21000000000000002,0.21000000000000002
548,1,0,1,0.183754362314309,4.0,37.99999999999997,33.99999999999997,77.8541574512689,9.885602777296823,5,2.5200000000000005,2.5199999999999982,0.42000000000000015,0.0,0.0,0.21000000000000002,0.21000000000000002
549,1,0,1,0.18407568202755586,4.0,37.99999999999997,33.99999999999997,77.81915745126892,9.850602777296821,5,2.5200000000000005,2.5199999999999982,0.4200000000000001,0.0,0.0,0.21000000000000002,0.21000000000000002
550,1,0,1,0.18376071909322128,4.0,37.99999999999997,33.99999999999997,77.78415745126892,9.815602777296823,5,2.5200000000000005,2.5199999999999982,0.42000000000000015,0.0,0.0,0.21000000000000002,0.21000000000000002
551,1,0,1,0.1840720111472156,4.0,37.99999999999997,33.99999999999997,77.74915745126893,9.78060277729682,5,2.5200000000000005,2.5199999999999982,0.4200000000000001,0.0,0.0,0.21000000000000002,0.21000000000000002
552,1,0,1,0.18411028430084683,4.0,37.99999999999997,33.99999999999997,77.71415745126892,9.745602777296822,5,2.52,2.5199999999999982,0.4200000000000001,0.0,0.0,0.21000000000000002,0.21000000000000002
553,1,0,1,0.1840847647667348,4.0,37.99999999999997,33.99999999999997,77.67915745126894,9.71060277729682,5,2.5200000000000005,2.5199999999999982,0.4200000000000001,0.0,0.0,0.21000000000000002,0.21000000000000002
554,1,0,1,0.18410159000549747,4.0,37.99999999999997,33.99999999999997,77.64415745126894,9.675602777296822,5,2.52,2.5199999999999982,0.4200000000000001,0.0,0.0,0.21000000000000002,0.21000000000000002
555,1,0,1,0.18378462706968524,4.0,37.99999999999997,33.99999999999997,77.60915745126894,9.64060277729682,5,2.5200000000000005,2.5199999999999982,0.42000000000000015,0.0,0.0,0.21000000000000002,0.21000000000000002
556,1,0,1,0.1841101291641787,4.0,37.99999999999997,33.99999999999997,77.57415745126893,9.605602777296822,5,2.52,2.5199999999999982,0.4200000000000001,0.0,0.0,0.21000000000000002,0.21000000000000002
557,1,2,1,0.11879267615702341,4.0,37.99999999999997,33.99999999999997,77.88915745126894,9.57060277729682,5,2.5200000000000005,2.5199999999999982,0.42000000000000015,0.0,0.0,0.21000000000000002,0.21000000000000002
558,1,0,0,-0.05620480921375696,3.943795190786243,37.99999999999997,33.99999999999997,77.85415745126895,9.535602777296821,5,2.5200000000000005,2.5199999999999982,0.42000000000000015,0.0,0.0,0.21000000000000002,0.21000000000000002
559,1,0,1,0.18379931569398394,4.0,37.99999999999997,33.99999999999997,77.81915745126894,9.50060277729682,5,2.5200000000000005,2.5199999999999982,0.42000000000000015,0.0,0.0,0.21000000000000002,0.21000000000000002
560,1,0,1,0.18379421036205013,4.0,37.99999999999997,33.99999999999997,77.78415745126895,9.465602777296821,5,2.5200000000000005,2.5199999999999982,0.42000000000000015,0.0,0.0,0.21000000000000002,0.21000000000000002
561,1,0,1,0.18414935842096591,4.0,37.99999999999997,33.99999999999997,77.74915745126896,9.43060277729682,5,2.52,2.5199999999999982,0.4200000000000001,0.0,0.0,0.21000000000000002,0.21000000000000002
562,1,0,1,0.18410867481399823,4.0,37.99999999999997,33.99999999999997,77.71415745126896,9.395602777296821,5,2.5200000000000005,2.5199999999999982,0.4200000000000001,0.0,0.0,0.21000000000000002,0.21000000000000002
563,1,0,1,0.18379890713141742,4.0,37.99999999999997,33.99999999999997,77.67915745126895,9.360602777296819,5,2.5200000000000005,2.5199999999999982,0.42000000000000015,0.0,0.0,0.21000000000000002,0.21000000000000002
564,1,0,1,0.1838070412686268,4.0,37.99999999999997,33.99999999999997,77.64415745126897,9.32560277729682,5,2.5200000000000005,2.5199999999999982,0.42000000000000015,0.0,0.0,0.21000000000000002,0.21000000000000002
565,1,0,1,0.18417373614875918,4.0,37.99999999999997,33.99999999999997,77.60915745126897,9.290602777296819,5,2.52,2.5199999999999982,0.4200000000000001,0.0,0.0,0.21000000000000002,0.21000000000000002
566,1,1,1,0.11915283323210547,4.0,37.99999999999997,33.99999999999997,77.57415745126897,9.605602777296818,5,2.52,2.5199999999999982,0.4200000000000001,0.0,0.0,0.21000000000000002,0.21000000000000002
567,1,0,0,-0.05587751771602687,3.9441224822839733,37.99999999999997,33.99999999999997,77.53915745126896,9.570602777296818,5,2.52,2.5199999999999982,0.4200000000000001,0.0,0.0,0.21000000000000002,0.21000000000000002
568,1,2,0,-0.12085312489615921,3.8232693573878143,37.99999999999997,33.99999999999997,77.85415745126897,9.535602777296818,5,2.52,2.5199999999999982,0.4200000000000001,0.0,0.0,0.21000000000000002,0.21000000000000002
569,1,1,1,0.11912675486748539,3.9423961122552997,37.99999999999997,33.99999999999997,77.81915745126898,9.85060277729682,5,2.5200000000000005,2.5199999999999982,0.4200000000000001,0.0,0.0,0.21000000000000002,0.21000000000000002
570,1,0,1,0.18381235654213673,4.0,37.99999999999997,33.99999999999997,77.78415745126897,9.815602777296817,5,2.5200000000000005,2.5199999999999982,0.42000000000000015,0.0,0.0,0.21000000000000002,0.21000000000000002
571,1,0,1,0.1838028591568759,4.0,37.99999999999997,33.99999999999997,77.74915745126899,9.780602777296819,5,2.5200000000000005,2.5199999999999982,0.42000000000000015,0.0,0.0,0.21000000000000002,0.21000000000000002
572,1,0,1,0.18416444118443748,4.0,37.99999999999997,33.99999999999997,77.71415745126899,9.745602777296817,5,2.52,2.5199999999999982,0.4200000000000001,0.0,0.0,0.21000000000000002,0.21000000000000002
573,1,2,0,-0.1211965486441289,3.878803451355871,37.99999999999997,33.99999999999997,78.02915745126897,9.710602777296819,5,2.5200000000000005,2.5199999999999982,0.42000000000000015,0.0,0.0,0.21000000000000002,0.21000000000000002
574,1,0,1,0.18417315519273098,4.0,37.99999999999997,33.99999999999997,77.99415745126899,9.675602777296817,5,2.52,2.5199999999999982,0.4200000000000001,0.0,0.0,0.21000000000000002,0.21000000000000002
575,1,0,1,0.18415699639771801,4.0,37.99999999999997,33.99999999999997,77.959157451269,9.640602777296818,5,2.52,2.5199999999999982,0.4200000000000001,0.0,0.0,0.21000000000000002,0.21000000000000002
576,1,0,1,0.18382124657724624,4.0,37.99999999999997,33.99999999999997,77.924157451269,9.605602777296816,5,2.5200000000000005,2.5199999999999982,0.42000000000000015,0.0,0.0,0.21000000000000002,0.21000000000000002
577,1,0,0,-0.0558231515443955,3.9441768484556046,37.99999999999997,33.99999999999997,77.88915745126899,9.570602777296818,5,2.52,2.5199999999999982,0.4200000000000001,0.0,0.0,0.21000000000000002,0.21000000000000002
578,1,0,1,0.18417484830266295,4.0,37.99999999999997,33.99999999999997,77.854157451269,9.535602777296816,5,2.52,2.5199999999999982,0.4200000000000001,0.0,0.0,0.21000000000000002,0.21000000000000002
579,1,0,0,-0.055821818964411754,3.9441781810355883,37.99999999999997,33.99999999999997,77.819157451269,9.500602777296818,5,2.52,2.5199999999999982,0.4200000000000001,0.0,0.0,0.21000000000000002,0.21000000000000002
580,1,0,1,0.1838061483344123,4.0,37.99999999999997,33.99999999999997,77.78415745126901,9.465602777296816,5,2.5200000000000005,2.5199999999999982,0.42000000000000015,0.0,0.0,0.21000000000000002,0.21000000000000002
581,1,0,0,-0.05582655941721619,3.9441734405827837,37.99999999999997,33.99999999999997,77.749157451269,9.430602777296818,5,2.5200000000000005,2.5199999999999982,0.4200000000000001,0.0,0.0,0.21000000000000002,0.21000000000000002
582,1,0,1,0.18422928602298788,4.0,37.99999999999997,33.99999999999997,77.71415745126902,9.395602777296816,5,2.52,2.5199999999999982,0.4200000000000001,0.0,0.0,0.21000000000000002,0.21000000000000002
583,1,0,1,0.18417321150493418,4.0,37.99999999999997,33.99999999999997,77.67915745126902,9.360602777296817,5,2.52,2.5199999999999982,0.4200000000000001,0.0,0.0,0.21000000000000002,0.21000000000000002
584,1,0,1,0.18416805843449344,4.0,37.99999999999997,33.99999999999997,77.64415745126902,9.325602777296815,5,2.52,2.5199999999999982,0.4200000000000001,0.0,0.0,0.21000000000000002,0.21000000000000002
585,1,0,1,0.18384555794028737,4.0,37.99999999999997,33.99999999999997,77.60915745126901,9.290602777296817,5,2.5200000000000005,2.5199999999999982,0.42000000000000015,0.0,0.0,0.21000000000000002,0.21000000000000002
586,1,0,1,0.1841909150530563,4.0,37.99999999999997,33.99999999999997,77.57415745126903,9.255602777296815,5,2.52,2.5199999999999982,0.4200000000000001,0.0,0.0,0.21000000000000002,0.21000000000000002
587,1,0,1,0.18385435012801288,4.0,37.99999999999997,33.99999999999997,77.53915745126903,9.220602777296817,5,2.5200000000000005,2.5199999999999982,0.42000000000000015,0.0,0.0,0.21000000000000002,0.21000000000000002
588,1,0,1,0.18419908376370475,4.0,37.99999999999997,33.99999999999997,77.50415745126904,9.185602777296815,5,2.52,2.5199999999999982,0.4200000000000001,0.0,0.0,0.21000000000000002,0.21000000000000002
589,1,0,0,-0.055817804222883065,3.944182195777117,37.99999999999997,33.99999999999997,77.46915745126903,9.150602777296816,5,2.52,2.5199999999999982,0.4200000000000001,0.0,0.0,0.21000000000000002,0.21000000000000002
590,1,0,1,0.18417245875283272,4.0,37.99999999999997,33.99999999999997,77.43415745126904,9.115602777296814,5,2.52,2.5199999999999982,0.4200000000000001,0.0,0.0,0.21000000000000002,0.21000000000000002
591,1,0,1,0.18420407199365804,4.0,37.99999999999997,33.99999999999997,77.39915745126905,9.080602777296816,5,2.52,2.5199999999999982,0.4200000000000001,0.0,0.0,0.21000000000000002,0.21000000000000002
592,1,0,1,0.18413457346239304,4.0,37.99999999999997,33.99999999999997,77.36415745126905,9.045602777296814,5,2.5200000000000005,2.5199999999999982,0.4200000000000001,0.0,0.0,0.21000000000000002,0.21000000000000002
593,1,0,1,0.18414821335576678,4.0,37.99999999999997,33.99999999999997,77.32915745126904,9.010602777296816,5,2.5200000000000005,2.5199999999999982,0.4200000000000001,0.0,0.0,0.21000000000000002,0.21000000000000002
594,1,0,0,-0.055830790690079415,3.9441692093099205,37.99999999999997,33.99999999999997,77.29415745126906,8.975602777296814,5,2.52,2.5199999999999982,0.4200000000000001,0.0,0.0,0.21000000000000002,0.21000000000000002
595,1,0,1,0.1838610742891396,4.0,37.99999999999997,33.99999999999997,77.25915745126906,8.940602777296816,5,2.5200000000000005,2.5199999999999982,0.42000000000000015,0.0,0.0,0.21000000000000002,0.21000000000000002
596,1,0,1,0.1838325352458641,4.0,37.99999999999997,33.99999999999997,77.22415745126906,8.905602777296814,5,2.5200000000000005,2.5199999999999982,0.42000000000000015,0.0,0.0,0.21000000000000002,0.21000000000000002
597,1,0,0,-0.055841017079579884,3.94415898292042,37.99999999999997,33.99999999999997,77.18915745126905,8.870602777296815,5,2.5200000000000005,2.5199999999999982,0.4200000000000001,0.0,0.0,0.21000000000000002,0.21000000000000002
598,1,0,1,0.18382251565072483,4.0,37.99999999999997,33.99999999999997,77.15415745126907,8.835602777296813,5,2.5200000000000005,2.5199999999999982,0.42000000000000015,0.0,0.0,0.21000000000000002,0.21000000000000002
599,1,0,1,0.18383708773474614,4.0,37.99999999999997,33.99999999999997,77.11915745126907,8.800602777296815,5,2.5200000000000005,2.5199999999999982,0.42000000000000015,0.0,0.0,0.21000000000000002,0.21000000000000002
600,1,0,1,0.18382052749741828,4.0,37.99999999999997,33.99999999999997,77.08415745126908,8.765602777296813,5,2.5200000000000005,2.5199999999999982,0.42000000000000015,0.0,0.0,0.21000000000000002,0.21000000000000002
601,1,0,1,0.1841619858317994,4.0,37.99999999999997,33.99999999999997,77.04915745126907,8.730602777296815,5,2.52,2.5199999999999982,0.4200000000000001,0.0,0.0,0.21000000000000002,0.21000000000000002
602,1,0,1,0.1838064635393643,4.0,37.99999999999997,33.99999999999997,77.01415745126909,8.695602777296813,5,2.5200000000000005,2.5199999999999982,0.42000000000000015,0.0,0.0,0.21000000000000002,0.21000000000000002
603,1,0,1,0.18413451468041728,4.0,37.99999999999997,33.99999999999997,76.97915745126909,8.660602777296814,5,2.5200000000000005,2.5199999999999982,0.4200000000000001,0.0,0.0,0.21000000000000002,0.21000000000000002
604,1,0,1,0.18382443293320155,4.0,37.99999999999997,33.99999999999997,76.94415745126909,8.625602777296812,5,2.5200000000000005,2.5199999999999982,0.42000000000000015,0.0,0.0,0.21000000000000002,0.21000000000000002
605,1,1,1,0.11912208463444794,4.0,37.99999999999997,33.99999999999997,76.90915745126908,8.940602777296812,5,2.5200000000000005,2.5199999999999982,0.4200000000000001,0.0,0.0,0.21000000000000002,0.21000000000000002
606,1,0,0,-0.056179866104002565,3.9438201338959975,37.99999999999997,33.99999999999997,76.8741574512691,8.905602777296812,5,2.5200000000000005,2.5199999999999982,0.42000000000000015,0.0,0.0,0.21000000000000002,0.21000000000000002
607,1,0,1,0.18411332623572074,4.0,37.99999999999997,33.99999999999997,76.8391574512691,8.870602777296812,5,2.52,2.5199999999999982,0.4200000000000001,0.0,0.0,0.21000000000000002,0.21000000000000002
608,1,0,1,0.18380859700496657,4.0,37.99999999999997,33.99999999999997,76.8041574512691,8.835602777296813,5,2.5200000000000005,2.5199999999999982,0.42000000000000015,0.0,0.0,0.21000000000000002,0.21000000000000002
609,1,2,1,0.11882263985739355,4.0,37.99999999999997,33.99999999999997,77.1191574512691,8.800602777296811,5,2.5200000000000005,2.5199999999999982,0.42000000000000015,0.0,0.0,0.21000000000000002,0.21000000000000002
610,1,1,1,0.1188084258299011,4.0,37.99999999999997,33.99999999999997,77.0841574512691,9.115602777296813,5,2.5200000000000005,2.5199999999999982,0.42000000000000015,0.0,0.0,0.21000000000000002,0.21000000000000002
611,1,2,1,0.11879678716902818,4.0,37.99999999999997,33.99999999999997,77.39915745126909,9.08060277729681,5,2.5200000000000005,2.5199999999999982,0.42000000000000015,0.0,0.0,0.21000000000000002,0.21000000000000002
612,1,0,1,0.1837869431850477,4.0,37.99999999999997,33.99999999999997,77.36415745126911,9.045602777296812,5,2.5200000000000005,2.5199999999999982,0.42000000000000015,0.0,0.0,0.21000000000000002,0.21000000000000002
613,1,0,1,0.1838229460669545,4.0,37.99999999999997,33.99999999999997,77.32915745126911,9.01060277729681,5,2.5200000000000005,2.5199999999999982,0.42000000000000015,0.0,0.0,0.21000000000000002,0.21000000000000002
614,1,0,1,0.18407002390937002,4.0,37.99999999999997,33.99999999999997,77.29415745126911,8.975602777296812,5,2.5200000000000005,2.5199999999999982,0.4200000000000001,0.0,0.0,0.21000000000000002,0.21000000000000002
615,1,0,1,0.1840692895043988,4.0,37.99999999999997,33.99999999999997,77.2591574512691,8.94060277729681,5,2.5200000000000005,2.5199999999999982,0.4200000000000001,0.0,0.0,0.21000000000000002,0.21000000000000002
616,1,1,1,0.11880366371072298,4.0,37.99999999999997,33.99999999999997,77.22415745126912,9.25560277729681,5,2.5200000000000005,2.5199999999999982,0.42000000000000015,0.0,0.0,0.21000000000000002,0.21000000000000002
617,1,0,1,0.1840726427315317,4.0,37.99999999999997,33.99999999999997,77.18915745126912,9.22060277729681,5,2.5200000000000005,2.5199999999999982,0.4200000000000001,0.0,0.0,0.21000000000000002,0.21000000000000002
618,1,0,1,0.18378368358350844,4.0,37.99999999999997,33.99999999999997,77.15415745126913,9.18560277729681,5,2.5200000000000005,2.5199999999999982,0.42000000000000015,0.0,0.0,0.21000000000000002,0.21000000000000002
619,1,0,0,-0.05591855496332242,3.9440814450366775,37.99999999999997,33.99999999999997,77.11915745126912,9.150602777296811,5,2.5200000000000005,2.5199999999999982,0.4200000000000001,0.0,0.0,0.21000000000000002,0.21000000000000002
620,1,0,1,0.18379262093472024,4.0,37.99999999999997,33.99999999999997,77.08415745126914,9.11560277729681,5,2.5200000000000005,2.5199999999999982,0.42000000000000015,0.0,0.0,0.21000000000000002,0.21000000000000002
621,1,0,0,-0.056204529886325696,3.9437954701136744,37.99999999999997,33.99999999999997,77.04915745126914,9.080602777296809,5,2.5200000000000005,2.5199999999999982,0.42000000000000015,0.0,0.0,0.21000000000000002,0.21000000000000002
622,1,0,0,-0.055887200514449405,3.887908269599225,37.99999999999997,33.99999999999997,77.01415745126914,9.045602777296809,5,2.52,2.5199999999999982,0.4200000000000001,0.0,0.0,0.21000000000000002,0.21000000000000002
623,1,0,1,0.1840639563774448,4.0,37.99999999999997,33.99999999999997,76.97915745126913,9.01060277729681,5,2.5200000000000005,2.5199999999999982,0.4200000000000001,0.0,0.0,0.21000000000000002,0.21000000000000002
624,1,0,1,0.18379237096840131,4.0,37.99999999999997,33.99999999999997,76.94415745126915,8.975602777296809,5,2.5200000000000005,2.5199999999999982,0.42000000000000015,0.0,0.0,0.21000000000000002,0.21000000000000002
625,1,0,1,0.1837817767983709,4.0,37.99999999999997,33.99999999999997,76.90915745126915,8.940602777296808,5,2.5200000000000005,2.5199999999999982,0.42000000000000015,0.0,0.0,0.21000000000000002,0.21000000000000002
626,1,0,1,0.18406743946583043,4.0,37.99999999999997,33.99999999999997,76.87415745126916,8.905602777296808,5,2.5200000000000005,2.5199999999999982,0.4200000000000001,0.0,0.0,0.21000000000000002,0.21000000000000002
627,1,0,0,-0.056227991028051705,3.943772008971948,37.99999999999997,33.99999999999997,76.83915745126914,8.87060277729681,5,2.5200000000000005,2.5199999999999982,0.42000000000000015,0.0,0.0,0.21000000000000002,0.21000000000000002
628,1,0,1,0.18379927410769234,4.0,37.99999999999997,33.99999999999997,76.80415745126916,8.835602777296808,5,2.5200000000000005,2.5199999999999982,0.42000000000000015,0.0,0.0,0.21000000000000002,0.21000000000000002
629,1,0,1,0.1838038247730143,4.0,37.99999999999997,33.99999999999997,76.76915745126917,8.800602777296808,5,2.5200000000000005,2.5199999999999982,0.42000000000000015,0.0,0.0,0.21000000000000002,0.21000000000000002
630,1,0,1,0.1837620024045717,4.0,37.99999999999997,33.99999999999997,76.73415745126917,8.765602777296808,5,2.5200000000000005,2.5199999999999982,0.42000000000000015,0.0,0.0,0.21000000000000002,0.21000000000000002
631,1,0,1,0.18404305788833444,4.0,37.99999999999997,33.99999999999997,76.69915745126916,8.73060277729681,5,2.5200000000000005,2.5199999999999982,0.4200000000000001,0.0,0.0,0.21000000000000002,0.21000000000000002
632,1,2,0,-0.12121183670749354,3.8787881632925063,37.99999999999997,33.99999999999997,77.01415745126917,8.695602777296807,5,2.5200000000000005,2.5199999999999982,0.42000000000000015,0.0,0.0,0.21000000000000002,0.21000000000000002
633,1,0,1,0.18412342632271447,4.0,37.99999999999997,33.99999999999997,76.97915745126917,8.660602777296807,5,2.52,2.5199999999999982,0.4200000000000001,0.0,0.0,0.21000000000000002,0.21000000000000002
634,1,0,1,0.18382601183653244,4.0,37.99999999999997,33.99999999999997,76.94415745126916,8.625602777296807,5,2.5200000000000005,2.5199999999999982,0.42000000000000015,0.0,0.0,0.21000000000000002,0.21000000000000002
635,1,0,0,-0.05591356080287483,3.9440864391971253,37.99999999999997,33.99999999999997,76.90915745126918,8.590602777296809,5,2.5200000000000005,2.5199999999999982,0.4200000000000001,0.0,0.0,0.21000000000000002,0.21000000000000002
636,1,0,1,0.18379740175429765,4.0,37.99999999999997,33.99999999999997,76.87415745126918,8.555602777296807,5,2.5200000000000005,2.5199999999999982,0.42000000000000015,0.0,0.0,0.21000000000000002,0.21000000000000002
637,1,0,1,0.18382579110002817,4.0,37.99999999999997,33.99999999999997,76.83915745126919,8.520602777296807,5,2.5200000000000005,2.5199999999999982,0.42000000000000015,0.0,0.0,0.21000000000000002,0.21000000000000002
638,1,0,0,-0.0559145988677068,3.944085401132293,37.99999999999997,33.99999999999997,76.80415745126918,8.485602777296807,5,2.5200000000000005,2.5199999999999982,0.4200000000000001,0.0,0.0,0.21000000000000002,0.21000000000000002
639,1,0,1,0.18381212664119312,4.0,37.99999999999997,33.99999999999997,76.7691574512692,8.450602777296808,5,2.5200000000000005,2.5199999999999982,0.42000000000000015,0.0,0.0,0.21000000000000002,0.21000000000000002
640,1,2,1,0.11881580893115222,4.0,37.99999999999997,33.99999999999997,77.08415745126919,8.415602777296806,6,2.5200000000000005,2.5199999999999982,0.42000000000000015,0.0,0.0,0.21000000000000002,0.21000000000000002
641,1,1,1,0.11881496958924914,4.0,37.99999999999997,33.99999999999997,77.04915745126918,8.730602777296808,6,2.5200000000000005,2.5199999999999982,0.42000000000000015,0.0,0.0,0.21000000000000002,0.21000000000000002
642,1,1,1,0.11881377836965948,4.0,37.99999999999997,33.99999999999997,77.0141574512692,9.045602777296807,6,2.5200000000000005,2.5199999999999982,0.42000000000000015,0.0,0.0,0.21000000000000002,0.21000000000000002
643,1,2,1,0.11878858266407485,4.0,37.99999999999997,33.99999999999997,77.3291574512692,9.010602777296805,6,2.5200000000000005,2.5199999999999982,0.42000000000000015,0.0,0.0,0.21000000000000002,0.21000000000000002
644,1,2,1,0.1187964493972688,4.0,37.99999999999997,33.99999999999997,77.6441574512692,8.975602777296805,6,2.5200000000000005,2.5199999999999982,0.42000000000000015,0.0,0.0,0.21000000000000002,0.21000000000000002
645,1,2,1,0.11880024526494537,4.0,37.99999999999997,33.99999999999997,77.95915745126919,8.940602777296805,6,2.5200000000000005,2.5199999999999982,0.42000000000000015,0.0,0.0,0.21000000000000002,0.21000000000000002
646,1,2,1,0.1187910592180303,4.0,37.99999999999997,33.99999999999997,78.27415745126919,8.905602777296806,6,2.5200000000000005,2.5199999999999982,0.42000000000000015,0.0,0.0,0.21000000000000002,0.21000000000000002
647,1,2,1,0.1190797770969409,4.0,37.99999999999997,33.99999999999997,78.58915745126919,8.870602777296805,6,2.5200000000000005,2.5199999999999982,0.4200000000000001,0.0,0.0,0.21000000000000002,0.21000000000000002
648,1,2,0,-0.1209179329723829,3.879082067027617,37.99999999999997,33.99999999999997,78.90415745126919,8.835602777296804,6,2.5200000000000005,2.5199999999999982,0.4200000000000001,0.0,0.0,0.21000000000000002,0.21000000000000002
649,1,2,1,0.1188284558327969,3.997910522860414,37.99999999999997,33.99999999999997,79.21915745126918,8.800602777296804,6,2.5200000000000005,2.5199999999999982,0.42000000000000015,0.0,0.0,0.21000000000000002,0.21000000000000002
650,1,2,1,0.11883576290205165,4.0,37.99999999999997,33.99999999999997,79.53415745126918,8.765602777296806,6,2.5200000000000005,2.5199999999999982,0.42000000000000015,0.0,0.0,0.21000000000000002,0.21000000000000002
651,1,1,1,0.11908907042974026,4.0,37.99999999999997,33.99999999999997,79.49915745126918,9.080602777296804,6,2.5200000000000005,2.5199999999999982,0.4200000000000001,0.0,0.0,0.21000000000000002,0.21000000000000002
652,1,2,1,0.11908024815607063,4.0,37.99999999999997,33.99999999999997,79.81415745126917,9.045602777296805,6,2.5200000000000005,2.5199999999999982,0.4200000000000001,0.0,0.0,0.21000000000000002,0.21000000000000002
653,1,2,1,0.1188284209857624,4.0,37.99999999999997,33.99999999999997,80.12915745126918,9.010602777296803,6,2.5200000000000005,2.5199999999999982,0.42000000000000015,0.0,0.0,0.21000000000000002,0.21000000000000002
654,1,2,1,0.11885046340614969,4.0,37.99999999999997,33.99999999999997,80.44415745126916,8.975602777296805,6,2.5200000000000005,2.5199999999999982,0.42000000000000015,0.0,0.0,0.21000000000000002,0.21000000000000002
655,1,2,1,0.11909991525418107,4.0,37.99999999999997,33.99999999999997,80.75915745126917,8.940602777296803,6,2.5200000000000005,2.5199999999999982,0.4200000000000001,0.0,0.0,0.21000000000000002,0.21000000000000002
656,1,2,1,0.11913091258042698,4.0,37.99999999999997,33.99999999999997,81.07415745126916,8.905602777296805,6,2.5200000000000005,2.5199999999999982,0.4200000000000001,0.0,0.0,0.21000000000000002,0.21000000000000002
657,1,2,1,0.11916769102088613,4.0,37.99999999999997,33.99999999999997,81.38915745126917,8.870602777296803,6,2.5200000000000005,2.5199999999999982,0.4200000000000001,0.0,0.0,0.21000000000000002,0.21000000000000002
658,1,2,0,-0.12083607063096671,3.8791639293690334,37.99999999999997,33.99999999999997,81.70415745126915,8.835602777296804,6,2.5200000000000005,2.5199999999999982,0.4200000000000001,0.0,0.0,0.21000000000000002,0.21000000000000002
659,1,1,1,0.11889705552337013,3.9980609848924034,37.99999999999997,33.99999999999997,81.66915745126917,9.150602777296802,6,2.5200000000000005,2.5199999999999982,0.42000000000000015,0.0,0.0,0.21000000000000002,0.21000000000000002
660,1,0,1,0.18387066939637092,4.0,37.99999999999997,33.99999999999997,81.63415745126917,9.115602777296802,6,2.5200000000000005,2.5199999999999982,0.42000000000000015,0.0,0.0,0.21000000000000002,0.21000000000000002
661,1,0,0,-0.05580823228891921,3.944191767711081,37.99999999999997,33.99999999999997,81.59915745126918,9.080602777296804,6,2.5200000000000005,2.5199999999999982,0.42000000000000015,0.0,0.0,0.21000000000000002,0.21000000000000002
662,1,0,1,0.18413816806963176,4.0,37.99999999999997,33.99999999999997,81.56415745126917,9.045602777296802,6,2.5200000000000005,2.5199999999999982,0.4200000000000001,0.0,0.0,0.21000000000000002,0.21000000000000002
663,1,0,1,0.18386991456847188,4.0,37.99999999999997,33.99999999999997,81.52915745126919,9.010602777296802,6,2.5200000000000005,2.5199999999999982,0.42000000000000015,0.0,0.0,0.21000000000000002,0.21000000000000002
664,1,0,1,0.18390674512363028,4.0,37.99999999999997,33.99999999999997,81.49415745126919,8.975602777296801,6,2.5200000000000005,2.5199999999999982,0.42000000000000015,0.0,0.0,0.21000000000000002,0.21000000000000002
665,1,0,1,0.18424544132634926,4.0,37.99999999999997,33.99999999999997,81.45915745126919,8.940602777296803,6,2.5200000000000005,2.5199999999999982,0.42000000000000004,0.0,0.0,0.21000000000000002,0.21000000000000002
666,1,0,0,-0.05576630090967942,3.9442336990903204,37.99999999999997,33.99999999999997,81.42415745126918,8.905602777296801,6,2.52,2.5199999999999982,0.42000000000000004,0.0,0.0,0.21000000000000002,0.21000000000000002
667,1,0,1,0.18418469039499577,4.0,37.99999999999997,33.99999999999997,81.3891574512692,8.870602777296801,6,2.5200000000000005,2.5199999999999982,0.42000000000000015,0.0,0.0,0.21000000000000002,0.21000000000000002
668,1,0,1,0.18417004294849318,4.0,37.99999999999997,33.99999999999997,81.3541574512692,8.8356027772968,6,2.5200000000000005,2.5199999999999982,0.4200000000000001,0.0,0.0,0.21000000000000002,0.21000000000000002
669,1,0,1,0.18391681783189726,4.0,37.99999999999997,33.99999999999997,81.3191574512692,8.800602777296803,6,2.5200000000000005,2.5199999999999982,0.42000000000000015,0.0,0.0,0.21000000000000002,0.21000000000000002
670,1,0,1,0.18393419428430527,4.0,37.99999999999997,33.99999999999997,81.2841574512692,8.7656027772968,6,2.5200000000000005,2.5199999999999982,0.42000000000000004,0.0,0.0,0.21000000000000002,0.21000000000000002
671,1,0,1,0.18391158306214872,4.0,37.99999999999997,33.99999999999997,81.24915745126921,8.7306027772968,6,2.5200000000000005,2.5199999999999982,0.42000000000000015,0.0,0.0,0.21000000000000002,0.21000000000000002
672,1,0,1,0.18444655816881575,4.0,37.99999999999997,33.99999999999997,81.21415745126922,8.6956027772968,6,2.5199999999999996,2.5199999999999982,0.41999999999999993,0.0,0.0,0.21000000000000002,0.21
673,1,0,1,0.184447545043603,4.0,37.99999999999997,33.99999999999997,81.17915745126922,8.660602777296802,6,2.5199999999999996,2.5199999999999982,0.41999999999999993,0.0,0.0,0.21000000000000002,0.21
674,1,0,1,0.18396306053473835,4.0,37.99999999999997,33.99999999999997,81.14415745126921,8.6256027772968,6,2.5200000000000005,2.5199999999999982,0.42000000000000004,0.0,0.0,0.21000000000000002,0.21000000000000002
675,1,0,1,0.184439181387727,4.0,37.99999999999997,33.99999999999997,81.10915745126923,8.5906027772968,6,2.52,2.5199999999999982,0.41999999999999993,0.0,0.0,0.21000000000000002,0.21
676,1,0,1,0.18438626083401236,4.0,37.99999999999997,33.99999999999997,81.07415745126923,8.5556027772968,6,2.5199999999999996,2.5199999999999982,0.42000000000000004,0.0,0.0,0.21000000000000002,0.21000000000000002
677,1,0,1,0.1843229520811307,4.0,37.99999999999997,33.99999999999997,81.03915745126923,8.520602777296801,6,2.52,2.5199999999999982,0.42000000000000004,0.0,0.0,0.21000000000000002,0.21000000000000002
678,1,0,1,0.18431606591805372,4.0,37.99999999999997,33.99999999999997,81.00415745126922,8.4856027772968,6,2.52,2.5199999999999982,0.42000000000000004,0.0,0.0,0.21000000000000002,0.21000000000000002
679,1,0,1,0.1843549569560261,4.0,37.99999999999997,33.99999999999997,80.96915745126924,8.4506027772968,6,2.5199999999999996,2.5199999999999982,0.42000000000000004,0.0,0.0,0.21000000000000002,0.21000000000000002
680,1,0,1,0.18422180589864173,4.0,37.99999999999997,33.99999999999997,80.93415745126924,8.4156027772968,6,2.52,2.5199999999999982,0.42000000000000015,0.0,0.0,0.21000000000000002,0.21000000000000002
681,1,2,0,-0.12077582869423988,3.87922417130576,37.99999999999997,33.99999999999997,81.24915745126923,8.3806027772968,6,2.52,2.5199999999999982,0.42000000000000015,0.0,0.0,0.21000000000000002,0.21000000000000002
682,1,0,1,0.18402457039939202,4.0,37.99999999999997,33.99999999999997,81.21415745126924,8.345602777296799,6,2.52,2.5199999999999982,0.42000000000000004,0.0,0.0,0.21,0.21000000000000002
683,1,0,1,0.184195400029982,4.0,37.99999999999997,33.99999999999997,81.17915745126925,8.310602777296799,6,2.52,2.5199999999999982,0.42000000000000004,0.0,0.0,0.21000000000000002,0.21000000000000002
684,1,0,1,0.18409603988387294,4.0,37.99999999999997,33.99999999999997,81.14415745126925,8.275602777296799,6,2.52,2.5199999999999982,0.42000000000000004,0.0,0.0,0.21,0.21000000000000002
685,1,0,1,0.18406378776521215,4.0,37.99999999999997,33.99999999999997,81.10915745126924,8.2406027772968,6,2.52,2.5199999999999982,0.42000000000000004,0.0,0.0,0.21,0.21000000000000002
686,1,0,1,0.18421486824261227,4.0,37.99999999999997,33.99999999999997,81.07415745126926,8.205602777296798,6,2.52,2.5199999999999982,0.42000000000000015,0.0,0.0,0.21000000000000002,0.21000000000000002
687,1,0,1,0.18406732155227118,4.0,37.99999999999997,33.99999999999997,81.03915745126926,8.170602777296798,6,2.52,2.5199999999999982,0.42000000000000004,0.0,0.0,0.21,0.21000000000000002
688,1,0,1,0.18417965519074414,4.0,37.99999999999997,33.99999999999997,81.00415745126926,8.135602777296798,6,2.52,2.5199999999999982,0.42000000000000015,0.0,0.0,0.21000000000000002,0.21000000000000002
689,1,1,1,0.11905268690038402,4.0,37.99999999999997,33.99999999999997,80.96915745126925,8.4506027772968,6,2.52,2.5199999999999982,0.42000000000000004,0.0,0.0,0.21,0.21000000000000002
690,1,0,1,0.18409467262035445,4.0,37.99999999999997,33.99999999999997,80.93415745126927,8.415602777296797,6,2.52,2.5199999999999982,0.42000000000000004,0.0,0.0,0.21,0.21000000000000002
691,1,0,1,0.18422125702924133,4.0,37.99999999999997,33.99999999999997,80.89915745126928,8.380602777296799,6,2.52,2.5199999999999982,0.42000000000000004,0.0,0.0,0.21000000000000002,0.21000000000000002
692,1,0,1,0.18418411784981095,4.0,37.99999999999997,33.99999999999997,80.86415745126928,8.345602777296797,6,2.52,2.5199999999999982,0.42000000000000015,0.0,0.0,0.21000000000000002,0.21000000000000002
693,1,0,1,0.1841824575148419,4.0,37.99999999999997,33.99999999999997,80.82915745126927,8.310602777296799,6,2.52,2.5199999999999982,0.42000000000000004,0.0,0.0,0.21000000000000002,0.21000000000000002
694,1,0,0,-0.05580248034326131,3.9441975196567385,37.99999999999997,33.99999999999997,80.79415745126929,8.275602777296797,6,2.52,2.5199999999999982,0.42000000000000004,0.0,0.0,0.21000000000000002,0.21000000000000002
695,1,0,1,0.18420572928441983,4.0,37.99999999999997,33.99999999999997,80.75915745126929,8.240602777296798,6,2.52,2.5199999999999982,0.42000000000000004,0.0,0.0,0.21000000000000002,0.21000000000000002
696,1,0,1,0.18419751882100716,4.0,37.99999999999997,33.99999999999997,80.72415745126929,8.205602777296797,6,2.52,2.5199999999999982,0.42000000000000004,0.0,0.0,0.21000000000000002,0.21000000000000002
697,1,0,1,0.18420247893731087,4.0,37.99999999999997,33.99999999999997,80.68915745126928,8.170602777296798,6,2.52,2.5199999999999982,0.42000000000000004,0.0,0.0,0.21000000000000002,0.21000000000000002
698,1,0,1,0.18396901622728248,4.0,37.99999999999997,33.99999999999997,80.6541574512693,8.135602777296796,6,2.5200000000000005,2.5199999999999982,0.42000000000000004,0.0,0.0,0.21000000000000002,0.21000000000000002
699,1,0,1,0.18417854886351495,4.0,37.99999999999997,33.99999999999997,80.6191574512693,8.100602777296798,6,2.52,2.5199999999999982,0.42000000000000015,0.0,0.0,0.21000000000000002,0.21000000000000002
700,1,0,1,0.18394193051735272,4.0,37.99999999999997,33.99999999999997,80.5841574512693,8.065602777296796,6,2.5200000000000005,2.5199999999999982,0.42000000000000004,0.0,0.0,0.21000000000000002,0.21000000000000002
701,1,0,1,0.18391815138287132,4.0,37.99999999999997,33.99999999999997,80.5491574512693,8.030602777296798,6,2.5200000000000005,2.5199999999999982,0.42000000000000015,0.0,0.0,0.21000000000000002,0.21000000000000002
702,1,0,0,-0.055857063140403264,3.944142936859597,37.99999999999997,33.99999999999997,80.51415745126931,7.995602777296796,6,2.5200000000000005,2.5199999999999982,0.42000000000000004,0.0,0.0,0.21000000000000002,0.21000000000000002
703,1,0,0,-0.055850615679497576,3.8882923211800993,37.99999999999997,33.99999999999997,80.47915745126932,7.960602777296796,6,2.52,2.5199999999999982,0.42000000000000004,0.0,0.0,0.21000000000000002,0.21000000000000002
704,1,0,1,0.1839834295818931,4.0,37.99999999999997,33.99999999999997,80.44415745126932,7.925602777296795,6,2.5200000000000005,2.5199999999999982,0.42000000000000004,0.0,0.0,0.21000000000000002,0.21000000000000002
705,1,0,0,-0.055822268041883685,3.944177731958116,37.99999999999997,33.99999999999997,80.40915745126931,7.890602777296796,6,2.52,2.5199999999999982,0.42000000000000004,0.0,0.0,0.21000000000000002,0.21000000000000002
706,1,0,0,-0.05603443592775043,3.888143296030366,37.99999999999997,33.99999999999997,80.37415745126933,7.855602777296795,6,2.5200000000000005,2.5199999999999982,0.42000000000000004,0.0,0.0,0.21000000000000002,0.21000000000000002
707,1,0,1,0.1841683171472144,4.0,37.99999999999997,33.99999999999997,80.33915745126933,7.820602777296796,6,2.52,2.5199999999999982,0.42000000000000004,0.0,0.0,0.21000000000000002,0.21000000000000002
708,1,0,1,0.18429901167542373,4.0,37.99999999999997,33.99999999999997,80.30415745126933,7.785602777296795,6,2.5199999999999996,2.5199999999999982,0.42000000000000015,0.0,0.0,0.21000000000000002,0.21000000000000002
709,1,0,1,0.18411114587108063,4.0,37.99999999999997,33.99999999999997,80.26915745126932,7.750602777296796,6,2.52,2.5199999999999982,0.42000000000000004,0.0,0.0,0.21,0.21000000000000002
710,1,0,1,0.18408560392356654,4.0,37.99999999999997,33.99999999999997,80.23415745126934,7.715602777296795,6,2.52,2.5199999999999982,0.42000000000000004,0.0,0.0,0.21,0.21000000000000002
711,1,1,1,0.11907220902262178,4.0,37.99999999999997,33.99999999999997,80.19915745126934,8.030602777296794,6,2.52,2.5199999999999982,0.42000000000000004,0.0,0.0,0.21,0.21000000000000002
712,1,0,1,0.18424462203714556,4.0,37.99999999999997,33.99999999999997,80.16415745126935,7.995602777296796,6,2.52,2.5199999999999982,0.42000000000000004,0.0,0.0,0.21000000000000002,0.21000000000000002
713,1,0,1,0.18393046292734974,4.0,37.99999999999997,33.99999999999997,80.12915745126934,7.960602777296795,6,2.5200000000000005,2.5199999999999982,0.42000000000000015,0.0,0.0,0.21000000000000002,0.21000000000000002
714,1,0,1,0.18391934522719855,4.0,37.99999999999997,33.99999999999997,80.09415745126935,7.9256027772967945,6,2.5200000000000005,2.5199999999999982,0.42000000000000015,0.0,0.0,0.21000000000000002,0.21000000000000002
715,1,0,1,0.18390366428482047,4.0,37.99999999999997,33.99999999999997,80.05915745126936,7.890602777296794,6,2.5200000000000005,2.5199999999999982,0.42000000000000015,0.0,0.0,0.21000000000000002,0.21000000000000002
716,1,1,1,0.11913849283910542,4.0,37.99999999999997,33.99999999999997,80.02415745126936,8.205602777296795,6,2.5200000000000005,2.5199999999999982,0.42000000000000015,0.0,0.0,0.21000000000000002,0.21000000000000002
717,1,1,1,0.11889033156712818,4.0,37.99999999999997,33.99999999999997,79.98915745126935,8.520602777296792,6,2.5200000000000005,2.5199999999999982,0.42000000000000015,0.0,0.0,0.21000000000000002,0.21000000000000002
718,1,0,1,0.1841047038032993,4.0,37.99999999999997,33.99999999999997,79.95415745126937,8.485602777296792,6,2.5200000000000005,2.5199999999999982,0.4200000000000001,0.0,0.0,0.21000000000000002,0.21000000000000002
719,1,0,0,-0.05592029031163622,3.944079709688364,37.99999999999997,33.99999999999997,79.91915745126937,8.450602777296794,6,2.5200000000000005,2.5199999999999982,0.4200000000000001,0.0,0.0,0.21000000000000002,0.21000000000000002
720,1,0,1,0.18404827377188981,4.0,37.99999999999997,33.99999999999997,79.88415745126937,8.415602777296792,6,2.5200000000000005,2.5199999999999982,0.42000000000000015,0.0,0.0,0.21000000000000002,0.21000000000000002
721,1,0,0,-0.05590968702741996,3.94409031297258,37.99999999999997,33.99999999999997,79.84915745126936,8.380602777296792,6,2.5200000000000005,2.5199999999999982,0.4200000000000001,0.0,0.0,0.21000000000000002,0.21000000000000002
722,1,0,1,0.18410604680078782,4.0,37.99999999999997,33.99999999999997,79.81415745126938,8.345602777296792,6,2.5200000000000005,2.5199999999999982,0.4200000000000001,0.0,0.0,0.21000000000000002,0.21000000000000002
723,1,0,1,0.18383716896298496,4.0,37.99999999999997,33.99999999999997,79.77915745126938,8.310602777296793,6,2.5200000000000005,2.5199999999999982,0.42000000000000015,0.0,0.0,0.21000000000000002,0.21000000000000002
724,1,0,1,0.18381688474922694,4.0,37.99999999999997,33.99999999999997,79.74415745126939,8.275602777296792,6,2.5200000000000005,2.5199999999999982,0.42000000000000015,0.0,0.0,0.21000000000000002,0.21000000000000002
725,1,0,1,0.18385207513418553,4.0,37.99999999999997,33.99999999999997,79.70915745126938,8.240602777296791,6,2.5200000000000005,2.5199999999999982,0.42000000000000015,0.0,0.0,0.21000000000000002,0.21000000000000002
726,1,0,1,0.18383777879425348,4.0,37.99999999999997,33.99999999999997,79.6741574512694,8.205602777296791,6,2.5200000000000005,2.5199999999999982,0.42000000000000015,0.0,0.0,0.21000000000000002,0.21000000000000002
727,1,0,1,0.18408367230775685,4.0,37.99999999999997,33.99999999999997,79.6391574512694,8.170602777296793,6,2.5200000000000005,2.5199999999999982,0.4200000000000001,0.0,0.0,0.21000000000000002,0.21000000000000002
728,1,2,1,0.11884733713414851,4.0,37.99999999999997,33.99999999999997,79.95415745126938,8.135602777296791,6,2.5200000000000005,2.5199999999999982,0.42000000000000015,0.0,0.0,0.21000000000000002,0.21000000000000002
729,1,2,1,0.1188627388618972,4.0,37.99999999999997,33.99999999999997,80.2691574512694,8.10060277729679,6,2.5200000000000005,2.5199999999999982,0.42000000000000015,0.0,0.0,0.21000000000000002,0.21000000000000002
730,1,0,1,0.1838730988733112,4.0,37.99999999999997,33.99999999999997,80.2341574512694,8.06560277729679,6,2.5200000000000005,2.5199999999999982,0.42000000000000015,0.0,0.0,0.21000000000000002,0.21000000000000002
731,1,0,1,0.18409281386373413,4.0,37.99999999999997,33.99999999999997,80.19915745126939,8.030602777296792,6,2.5200000000000005,2.5199999999999982,0.42000000000000015,0.0,0.0,0.21000000000000002,0.21000000000000002
732,1,0,1,0.1841433882204315,4.0,37.99999999999997,33.99999999999997,80.1641574512694,7.995602777296791,6,2.5200000000000005,2.5199999999999982,0.42000000000000015,0.0,0.0,0.21000000000000002,0.21000000000000002
733,1,0,0,-0.05581180686058804,3.944188193139412,37.99999999999997,33.99999999999997,80.1291574512694,7.960602777296791,6,2.5200000000000005,2.5199999999999982,0.42000000000000015,0.0,0.0,0.21000000000000002,0.21000000000000002
734,1,0,1,0.18391195543394218,4.0,37.99999999999997,33.99999999999997,80.09415745126941,7.925602777296791,6,2.5200000000000005,2.5199999999999982,0.42000000000000015,0.0,0.0,0.21000000000000002,0.21000000000000002
735,1,2,1,0.11915669511846431,4.0,37.99999999999997,33.99999999999997,80.40915745126941,7.890602777296791,6,2.5200000000000005,2.5199999999999982,0.4200000000000001,0.0,0.0,0.21000000000000002,0.21000000000000002
736,1,0,1,0.1846387261421447,4.0,37.99999999999997,33.99999999999997,80.37415745126941,7.855602777296791,6,2.5199999999999996,2.5199999999999982,0.41999999999999993,0.0,0.0,0.21,0.21
737,1,2,1,0.11933192559590518,4.0,37.99999999999997,33.99999999999997,80.6891574512694,7.8206027772967905,6,2.52,2.5199999999999982,0.41999999999999993,0.0,0.0,0.21000000000000002,0.21000000000000002
738,1,0,1,0.18440480184746563,4.0,37.99999999999997,33.99999999999997,80.65415745126941,7.78560277729679,6,2.5199999999999996,2.5199999999999982,0.41999999999999993,0.0,0.0,0.21000000000000002,0.20999999999999996
739,1,0,1,0.18392901478595458,4.0,37.99999999999997,33.99999999999997,80.61915745126942,7.75060277729679,6,2.5200000000000005,2.5199999999999982,0.42000000000000004,0.0,0.0,0.21000000000000002,0.21000000000000002
740,1,2,1,0.1189969649047086,4.0,37.99999999999997,33.99999999999997,80.9341574512694,7.71560277729679,6,2.5200000000000005,2.5199999999999982,0.42000000000000004,0.0,0.0,0.21000000000000002,0.21000000000000002
741,1,2,1,0.11905321452378806,4.0,37.99999999999997,33.99999999999997,81.24915745126941,7.68060277729679,6,2.52,2.5199999999999982,0.42,0.0,0.0,0.21000000000000002,0.21
742,1,2,1,0.11903620916784081,4.0,37.99999999999997,33.99999999999997,81.5641574512694,7.64560277729679,6,2.52,2.5199999999999982,0.42000000000000004,0.0,0.0,0.21,0.21000000000000002
743,1,2,1,0.11934290374885546,4.0,37.99999999999997,33.99999999999997,81.8791574512694,7.61060277729679,6,2.5199999999999996,2.5199999999999982,0.42000000000000004,0.0,0.0,0.21000000000000002,0.21000000000000002
744,1,2,1,0.11902827210937507,4.0,37.99999999999997,33.99999999999997,82.19415745126939,7.5756027772967895,6,2.52,2.5199999999999982,0.42000000000000004,0.0,0.0,0.21000000000000002,0.21000000000000002
745,1,2,1,0.11906820173381945,4.0,37.99999999999997,33.99999999999997,82.5091574512694,7.540602777296789,6,2.52,2.5199999999999982,0.41999999999999993,0.0,0.0,0.21,0.21000000000000002
746,1,2,1,0.11921915848819231,4.0,37.99999999999997,33.99999999999997,82.82415745126939,7.505602777296789,6,2.52,2.5199999999999982,0.42000000000000004,0.0,0.0,0.21000000000000002,0.21000000000000002
747,1,2,1,0.1192220156790308,4.0,37.99999999999997,33.99999999999997,83.1391574512694,7.470602777296789,6,2.52,2.5199999999999982,0.42000000000000004,0.0,0.0,0.21000000000000002,0.21000000000000002
748,1,2,0,-0.12104812445258137,3.878951875547419,37.99999999999997,33.99999999999997,83.45415745126938,7.435602777296789,6,2.5200000000000005,2.5199999999999982,0.42000000000000015,0.0,0.0,0.21000000000000002,0.21000000000000002
749,1,2,1,0.11891008686271932,3.997861962410138,37.99999999999997,33.99999999999997,83.7691574512694,7.400602777296789,6,2.5200000000000005,2.5199999999999982,0.42000000000000004,0.0,0.0,0.21000000000000002,0.21000000000000002
750,1,1,1,0.11917366094009935,4.0,37.99999999999997,33.99999999999997,83.7341574512694,7.7156027772967875,6,2.52,2.5199999999999982,0.42000000000000004,0.0,0.0,0.21000000000000002,0.21000000000000002
751,1,1,1,0.11917240003277252,4.0,37.99999999999997,33.99999999999997,83.69915745126939,8.030602777296787,6,2.5200000000000005,2.5199999999999982,0.42000000000000004,0.0,0.0,0.21000000000000002,0.21000000000000002
752,1,2,1,0.11905395654235462,4.0,37.99999999999997,33.99999999999997,84.0141574512694,7.995602777296788,6,2.52,2.5199999999999982,0.42000000000000004,0.0,0.0,0.21,0.21000000000000002
753,1,2,1,0.11909866552313708,4.0,37.99999999999997,33.99999999999997,84.32915745126938,7.960602777296788,6,2.52,2.5199999999999982,0.42000000000000004,0.0,0.0,0.21,0.21000000000000002
754,1,2,1,0.1192329783595021,4.0,37.99999999999997,33.99999999999997,84.6441574512694,7.925602777296787,6,2.5200000000000005,2.5199999999999982,0.42000000000000004,0.0,0.0,0.21000000000000002,0.21000000000000002
755,1,2,0,-0.12076884582867935,3.8792311541713205,37.99999999999997,33.99999999999997,84.95915745126938,7.890602777296787,6,2.52,2.5199999999999982,0.42000000000000004,0.0,0.0,0.21000000000000002,0.21000000000000002
756,1,2,1,0.11926634752661633,3.998497501697937,37.99999999999997,33.99999999999997,85.27415745126939,7.855602777296787,6,2.5200000000000005,2.5199999999999982,0.42000000000000004,0.0,0.0,0.21000000000000002,0.21000000000000002
757,1,2,1,0.11926770688268352,4.0,37.99999999999997,33.99999999999997,85.58915745126939,7.820602777296787,6,2.52,2.5199999999999982,0.42000000000000015,0.0,0.0,0.21000000000000002,0.21000000000000002
758,1,2,0,-0.12078092118698769,3.879219078813012,37.99999999999997,33.99999999999997,85.90415745126938,7.785602777296787,6,2.52,2.5199999999999982,0.42000000000000004,0.0,0.0,0.21000000000000002,0.21000000000000002
759,1,2,1,0.11924970297295798,3.99846878178597,37.99999999999997,33.99999999999997,86.21915745126938,7.750602777296787,6,2.52,2.5199999999999982,0.42000000000000004,0.0,0.0,0.21000000000000002,0.21000000000000002
760,1,1,1,0.1189272325367152,4.0,37.99999999999997,33.99999999999997,86.18415745126937,8.065602777296787,6,2.5200000000000005,2.5199999999999982,0.42000000000000015,0.0,0.0,0.21000000000000002,0.21000000000000002
761,1,1,1,0.11921175411086649,4.0,37.99999999999997,33.99999999999997,86.14915745126939,8.380602777296787,6,2.52,2.5199999999999982,0.42000000000000015,0.0,0.0,0.21000000000000002,0.21000000000000002
762,1,0,1,0.18403453048975202,4.0,37.99999999999997,33.99999999999997,86.11415745126938,8.345602777296785,6,2.52,2.5199999999999982,0.42000000000000004,0.0,0.0,0.21,0.21000000000000002
763,1,0,1,0.18426996560772393,4.0,37.99999999999997,33.99999999999997,86.0791574512694,8.310602777296785,6,2.52,2.5199999999999982,0.42000000000000004,0.0,0.0,0.21000000000000002,0.21000000000000002
764,1,1,1,0.1189926298571006,4.0,37.99999999999997,33.99999999999997,86.04415745126938,8.625602777296784,6,2.5200000000000005,2.5199999999999982,0.42000000000000004,0.0,0.0,0.21000000000000002,0.21000000000000002
765,1,1,1,0.11929582037149072,4.0,37.99999999999997,33.99999999999997,86.0091574512694,8.940602777296784,6,2.52,2.5199999999999982,0.42000000000000004,0.0,0.0,0.21000000000000002,0.21000000000000002
766,1,0,1,0.18432703721054045,4.0,37.99999999999997,33.99999999999997,85.97415745126939,8.905602777296783,6,2.52,2.5199999999999982,0.42000000000000004,0.0,0.0,0.21000000000000002,0.21000000000000002
767,1,0,1,0.18438471458115271,4.0,37.99999999999997,33.99999999999997,85.93915745126941,8.870602777296783,6,2.52,2.5199999999999982,0.41999999999999993,0.0,0.0,0.21000000000000002,0.21
768,1,0,0,-0.05577528137614742,3.9442247186238526,37.99999999999997,33.99999999999997,85.9041574512694,8.835602777296785,7,2.5200000000000005,2.5199999999999982,0.42000000000000004,0.0,0.0,0.21000000000000002,0.21000000000000002
769,1,0,1,0.18447574050766438,4.0,37.99999999999997,33.99999999999997,85.86915745126942,8.800602777296783,7,2.5199999999999996,2.5199999999999982,0.41999999999999993,0.0,0.0,0.21000000000000002,0.21
770,1,0,1,0.1839500648187209,4.0,37.99999999999997,33.99999999999997,85.8341574512694,8.765602777296783,7,2.5200000000000005,2.5199999999999982,0.42000000000000004,0.0,0.0,0.21000000000000002,0.21000000000000002
771,1,0,0,-0.056066198177945406,3.9439338018220544,37.99999999999997,33.99999999999997,85.79915745126942,8.730602777296783,7,2.5200000000000005,2.5199999999999982,0.42000000000000015,0.0,0.0,0.21000000000000002,0.21000000000000002
772,1,0,1,0.184541086457035,4.0,37.99999999999997,33.99999999999997,85.76415745126941,8.695602777296784,7,2.5199999999999996,2.5199999999999982,0.41999999999999993,0.0,0.0,0.21000000000000002,0.20999999999999996
773,1,0,1,0.18419880866792082,4.0,37.99999999999997,33.99999999999997,85.72915745126943,8.660602777296782,7,2.5200000000000005,2.5199999999999982,0.42000000000000015,0.0,0.0,0.21000000000000002,0.21000000000000002
774,1,1,1,0.11928121928898767,4.0,37.99999999999997,33.99999999999997,85.69415745126942,8.975602777296784,7,2.52,2.5199999999999982,0.42000000000000004,0.0,0.0,0.21000000000000002,0.21000000000000002
775,1,0,1,0.18411625256347122,4.0,37.99999999999997,33.99999999999997,85.65915745126944,8.940602777296782,7,2.5200000000000005,2.5199999999999982,0.4200000000000001,0.0,0.0,0.21000000000000002,0.21000000000000002
776,1,0,1,0.18389453089542288,4.0,37.99999999999997,33.99999999999997,85.62415745126943,8.905602777296783,7,2.5200000000000005,2.5199999999999982,0.42000000000000004,0.0,0.0,0.21000000000000002,0.21000000000000002
777,1,0,1,0.18389478637402729,4.0,37.99999999999997,33.99999999999997,85.58915745126944,8.870602777296781,7,2.5200000000000005,2.5199999999999982,0.42000000000000015,0.0,0.0,0.21000000000000002,0.21000000000000002
778,1,0,1,0.18416294338104472,4.0,37.99999999999997,33.99999999999997,85.55415745126943,8.835602777296783,7,2.5200000000000005,2.5199999999999982,0.4200000000000001,0.0,0.0,0.21000000000000002,0.21000000000000002
779,1,0,1,0.18389515187114247,4.0,37.99999999999997,33.99999999999997,85.51915745126945,8.800602777296781,7,2.5200000000000005,2.5199999999999982,0.42000000000000015,0.0,0.0,0.21000000000000002,0.21000000000000002
780,1,1,1,0.11890159573616765,4.0,37.99999999999997,33.99999999999997,85.48415745126944,9.11560277729678,7,2.5200000000000005,2.5199999999999982,0.42000000000000015,0.0,0.0,0.21000000000000002,0.21000000000000002
781,1,0,1,0.18413084810449634,4.0,37.99999999999997,33.99999999999997,85.44915745126946,9.08060277729678,7,2.5200000000000005,2.5199999999999982,0.4200000000000001,0.0,0.0,0.21000000000000002,0.21000000000000002
782,1,0,1,0.1841192185989571,4.0,37.99999999999997,33.99999999999997,85.41415745126945,9.04560277729678,7,2.5200000000000005,2.5199999999999982,0.4200000000000001,0.0,0.0,0.21000000000000002,0.21000000000000002
783,1,0,1,0.1841067745081394,4.0,37.99999999999997,33.99999999999997,85.37915745126946,9.010602777296782,7,2.5200000000000005,2.5199999999999982,0.4200000000000001,0.0,0.0,0.21000000000000002,0.21000000000000002
784,1,1,1,0.119489546727354,4.0,37.99999999999997,33.99999999999997,85.34415745126945,9.32560277729678,7,2.5199999999999996,2.5199999999999982,0.41999999999999993,0.0,0.0,0.21000000000000002,0.21
785,1,1,1,0.11915849585850943,4.0,37.99999999999997,33.99999999999997,85.30915745126947,9.64060277729678,7,2.52,2.5199999999999982,0.4200000000000001,0.0,0.0,0.21000000000000002,0.21000000000000002
786,1,0,1,0.18389248149385076,4.0,37.99999999999997,33.99999999999997,85.27415745126946,9.605602777296781,7,2.5200000000000005,2.5199999999999982,0.42000000000000004,0.0,0.0,0.21000000000000002,0.21000000000000002
787,1,1,1,0.11909953380763168,4.0,37.99999999999997,33.99999999999997,85.23915745126946,9.920602777296779,7,2.5200000000000005,2.5199999999999982,0.4200000000000001,0.0,0.0,0.21000000000000002,0.21000000000000002
788,1,1,1,0.11887737251367313,4.0,37.99999999999997,33.99999999999997,85.20415745126948,10.235602777296778,7,2.5200000000000005,2.5199999999999982,0.42000000000000015,0.0,0.0,0.21000000000000002,0.21000000000000002
789,1,0,1,0.1838296579020172,4.0,37.99999999999997,33.99999999999997,85.16915745126948,10.20060277729678,7,2.5200000000000005,2.5199999999999982,0.42000000000000015,0.0,0.0,0.21000000000000002,0.21000000000000002
790,1,0,0,-0.055915757220682996,3.944084242779317,37.99999999999997,33.99999999999997,85.13415745126947,10.165602777296778,7,2.5200000000000005,2.5199999999999982,0.42000000000000015,0.0,0.0,0.21000000000000002,0.21000000000000002
791,1,2,0,-0.12114224799866297,3.822941994780654,37.99999999999997,33.99999999999997,85.44915745126947,10.130602777296778,7,2.5200000000000005,2.5199999999999982,0.42000000000000015,0.0,0.0,0.21000000000000002,0.21000000000000002
792,1,1,0,-0.1211215706316768,3.7018204241489774,37.99999999999997,33.99999999999997,85.41415745126949,10.445602777296777,7,2.5200000000000005,2.5199999999999982,0.42000000000000015,0.0,0.0,0.21000000000000002,0.21000000000000002
793,1,1,1,0.11909144757075024,3.8209118717197277,37.99999999999997,33.99999999999997,85.37915745126948,10.760602777296777,7,2.5200000000000005,2.5199999999999982,0.4200000000000001,0.0,0.0,0.21000000000000002,0.21000000000000002
794,1,1,1,0.11880925903898469,3.9397211307587123,37.99999999999997,33.99999999999997,85.3441574512695,11.075602777296778,7,2.5200000000000005,2.5199999999999982,0.42000000000000015,0.0,0.0,0.21000000000000002,0.21000000000000002
795,1,0,1,0.18380711423421137,4.0,37.99999999999997,33.99999999999997,85.3091574512695,11.040602777296776,7,2.5200000000000005,2.5199999999999982,0.42000000000000015,0.0,0.0,0.21000000000000002,0.21000000000000002
796,1,1,1,0.11880111373471931,4.0,37.99999999999997,33.99999999999997,85.2741574512695,11.355602777296776,7,2.5200000000000005,2.5199999999999982,0.42000000000000015,0.0,0.0,0.21000000000000002,0.21000000000000002
797,1,1,1,0.11877225970166223,4.0,37.99999999999997,33.99999999999997,85.23915745126949,11.670602777296777,7,2.5200000000000005,2.5199999999999982,0.42000000000000015,0.0,0.0,0.21000000000000002,0.21000000000000002
798,1,1,1,0.11902982763454377,4.0,37.99999999999997,33.99999999999997,85.2041574512695,11.985602777296776,7,2.5200000000000005,2.5199999999999982,0.42000000000000015,0.0,0.0,0.21000000000000002,0.21000000000000002
799,1,2,1,0.11907586340438063,4.0,37.99999999999997,33.99999999999997,85.5191574512695,11.950602777296774,7,2.5200000000000005,2.5199999999999982,0.42000000000000015,0.0,0.0,0.21000000000000002,0.21000000000000002
800,1,1,1,0.11874575146720873,4.0,37.99999999999997,33.99999999999997,85.4841574512695,12.265602777296776,7,2.5200000000000005,2.5199999999999982,0.42000000000000015,0.0,0.0,0.21000000000000002,0.21000000000000002
801,1,1,1,0.11904354473533191,4.0,37.99999999999997,33.99999999999997,85.44915745126951,12.580602777296775,7,2.5200000000000005,2.5199999999999982,0.42000000000000015,0.0,0.0,0.21000000000000002,0.21000000000000002
802,1,1,1,0.11902058453383475,4.0,37.99999999999997,33.99999999999997,85.4141574512695,12.895602777296773,7,2.5200000000000005,2.5199999999999982,0.42000000000000015,0.0,0.0,0.21000000000000002,0.21000000000000002
803,1,0,1,0.18374862511114515,4.0,37.99999999999997,33.99999999999997,85.37915745126952,12.860602777296775,7,2.5200000000000005,2.5199999999999982,0.42000000000000015,0.0,0.0,0.21000000000000002,0.21000000000000002
804,1,1,1,0.11904870884310274,4.0,37.99999999999997,33.99999999999997,85.34415745126951,13.175602777296774,7,2.5200000000000005,2.5199999999999982,0.42000000000000015,0.0,0.0,0.21000000000000002,0.21000000000000002
805,1,1,1,0.11871309417825782,4.0,37.99999999999997,33.99999999999997,85.30915745126951,13.490602777296772,7,2.5200000000000005,2.5199999999999982,0.42000000000000015,0.0,0.0,0.21000000000000002,0.21000000000000002
806,1,1,0,-0.12096934753741732,3.879030652462583,37.99999999999997,33.99999999999997,85.27415745126953,13.805602777296771,7,2.5200000000000005,2.5199999999999982,0.42000000000000015,0.0,0.0,0.21000000000000002,0.21000000000000002
807,1,1,1,0.11874365312600209,3.997774305588585,37.99999999999997,33.99999999999997,85.23915745126953,14.120602777296773,7,2.5200000000000005,2.5199999999999982,0.42000000000000015,0.0,0.0,0.21000000000000002,0.21000000000000002
808,1,0,0,-0.056280876780774446,3.9414934288078105,37.99999999999997,33.99999999999997,85.20415745126952,14.08560277729677,7,2.5200000000000005,2.5199999999999982,0.42000000000000015,0.0,0.0,0.21000000000000002,0.21000000000000002
809,1,0,1,0.18399450615472662,4.0,37.99999999999997,33.99999999999997,85.16915745126953,14.050602777296772,7,2.5200000000000005,2.5199999999999982,0.42000000000000015,0.0,0.0,0.21000000000000002,0.21000000000000002
810,1,0,1,0.18370234333654095,4.0,37.99999999999997,33.99999999999997,85.13415745126954,14.01560277729677,7,2.5200000000000005,2.5199999999999982,0.42000000000000015,0.0,0.0,0.21000000000000002,0.21000000000000002
811,1,0,1,0.18399686996252768,4.0,37.99999999999997,33.99999999999997,85.09915745126955,13.980602777296772,7,2.5200000000000005,2.5199999999999982,0.42000000000000015,0.0,0.0,0.21000000000000002,0.21000000000000002
812,1,0,1,0.18370728760075092,4.0,37.99999999999997,33.99999999999997,85.06415745126954,13.94560277729677,7,2.5200000000000005,2.5199999999999982,0.42000000000000015,0.0,0.0,0.21000000000000002,0.21000000000000002
813,1,0,0,-0.05628946667903113,3.943710533320969,37.99999999999997,33.99999999999997,85.02915745126954,13.910602777296772,7,2.5200000000000005,2.5199999999999982,0.42000000000000015,0.0,0.0,0.21000000000000002,0.21000000000000002
814,1,1,1,0.11872511035702557,4.0,37.99999999999997,33.99999999999997,84.99415745126956,14.225602777296771,7,2.5200000000000005,2.5199999999999982,0.42000000000000015,0.0,0.0,0.21000000000000002,0.21000000000000002
815,1,0,1,0.18402705868788816,4.0,37.99999999999997,33.99999999999997,84.95915745126956,14.19060277729677,7,2.5200000000000005,2.5199999999999982,0.42000000000000015,0.0,0.0,0.21000000000000002,0.21000000000000002
816,1,0,0,-0.055991813016590744,3.9440081869834094,37.99999999999997,33.99999999999997,84.92415745126955,14.15560277729677,7,2.5200000000000005,2.5199999999999982,0.42000000000000015,0.0,0.0,0.21000000000000002,0.21000000000000002
817,1,0,1,0.18370976476997664,4.0,37.99999999999997,33.99999999999997,84.88915745126955,14.120602777296769,7,2.5200000000000005,2.5199999999999982,0.42000000000000015,0.0,0.0,0.21000000000000002,0.21000000000000002
818,1,0,1,0.18402677348680446,4.0,37.99999999999997,33.99999999999997,84.85415745126957,14.08560277729677,7,2.5200000000000005,2.5199999999999982,0.42000000000000015,0.0,0.0,0.21000000000000002,0.21000000000000002
819,1,0,1,0.18370218994382284,4.0,37.99999999999997,33.99999999999997,84.81915745126958,14.050602777296772,7,2.5200000000000005,2.5199999999999982,0.42000000000000015,0.0,0.0,0.21000000000000002,0.21000000000000002
820,1,2,1,0.11901843281494755,4.0,37.99999999999997,33.99999999999997,85.13415745126956,14.015602777296769,7,2.5200000000000005,2.5199999999999982,0.42000000000000015,0.0,0.0,0.21000000000000002,0.21000000000000002
821,1,0,1,0.18370649931866948,4.0,37.99999999999997,33.99999999999997,85.09915745126958,13.980602777296768,7,2.5200000000000005,2.5199999999999982,0.42000000000000015,0.0,0.0,0.21000000000000002,0.21000000000000002
822,1,0,1,0.18402473228505792,4.0,37.99999999999997,33.99999999999997,85.06415745126958,13.94560277729677,7,2.5200000000000005,2.5199999999999982,0.42000000000000015,0.0,0.0,0.21000000000000002,0.21000000000000002
823,1,0,0,-0.056304768979480564,3.9436952310205196,37.99999999999997,33.99999999999997,85.02915745126957,13.910602777296768,7,2.5200000000000005,2.5199999999999982,0.42000000000000015,0.0,0.0,0.21000000000000002,0.21000000000000002
824,1,0,1,0.1840026092665453,4.0,37.99999999999997,33.99999999999997,84.99415745126957,13.875602777296768,7,2.5200000000000005,2.5199999999999982,0.42000000000000015,0.0,0.0,0.21000000000000002,0.21000000000000002
825,1,0,0,-0.056008480231957466,3.9439915197680424,37.99999999999997,33.99999999999997,84.95915745126959,13.840602777296768,7,2.5200000000000005,2.5199999999999982,0.42000000000000015,0.0,0.0,0.21000000000000002,0.21000000000000002
826,1,0,1,0.1837058359235152,4.0,37.99999999999997,33.99999999999997,84.9241574512696,13.80560277729677,7,2.5200000000000005,2.5199999999999982,0.42000000000000015,0.0,0.0,0.21000000000000002,0.21000000000000002
827,1,0,1,0.1837321589268196,4.0,37.99999999999997,33.99999999999997,84.88915745126958,13.770602777296771,7,2.5200000000000005,2.5199999999999982,0.42000000000000015,0.0,0.0,0.21000000000000002,0.21000000000000002
828,1,0,1,0.18370929829670363,4.0,37.99999999999997,33.99999999999997,84.85415745126959,13.735602777296767,7,2.5200000000000005,2.5199999999999982,0.42000000000000015,0.0,0.0,0.21000000000000002,0.21000000000000002
829,1,0,1,0.1837043743526156,4.0,37.99999999999997,33.99999999999997,84.8191574512696,13.700602777296767,7,2.5200000000000005,2.5199999999999982,0.42000000000000015,0.0,0.0,0.21000000000000002,0.21000000000000002
830,1,0,1,0.18399956378408708,4.0,37.99999999999997,33.99999999999997,84.7841574512696,13.665602777296769,7,2.5200000000000005,2.5199999999999982,0.42000000000000015,0.0,0.0,0.21000000000000002,0.21000000000000002
831,1,0,1,0.1837184688598185,4.0,37.99999999999997,33.99999999999997,84.74915745126961,13.630602777296767,7,2.5200000000000005,2.5199999999999982,0.42000000000000015,0.0,0.0,0.21000000000000002,0.21000000000000002
832,1,0,1,0.1840032320827603,4.0,37.99999999999997,33.99999999999997,84.7141574512696,13.595602777296767,7,2.5200000000000005,2.5199999999999982,0.42000000000000015,0.0,0.0,0.21000000000000002,0.21000000000000002
833,1,0,1,0.18400601983501413,4.0,37.99999999999997,33.99999999999997,84.67915745126962,13.560602777296767,7,2.5200000000000005,2.5199999999999982,0.42000000000000015,0.0,0.0,0.21000000000000002,0.21000000000000002
834,1,0,1,0.1837152335082181,4.0,37.99999999999997,33.99999999999997,84.64415745126962,13.525602777296768,7,2.5200000000000005,2.5199999999999982,0.42000000000000015,0.0,0.0,0.21000000000000002,0.21000000000000002
835,1,0,0,-0.05595165269366838,3.9440483473063317,37.99999999999997,33.99999999999997,84.60915745126962,13.49060277729677,7,2.5200000000000005,2.5199999999999982,0.42000000000000015,0.0,0.0,0.21000000000000002,0.21000000000000002
836,1,0,1,0.18371035727841886,4.0,37.99999999999997,33.99999999999997,84.57415745126961,13.455602777296766,7,2.5200000000000005,2.5199999999999982,0.42000000000000015,0.0,0.0,0.21000000000000002,0.21000000000000002
837,1,0,1,0.1837123137197715,4.0,37.99999999999997,33.99999999999997,84.53915745126963,13.420602777296766,7,2.5200000000000005,2.5199999999999982,0.42000000000000015,0.0,0.0,0.21000000000000002,0.21000000000000002
838,1,0,1,0.18400844095226138,4.0,37.99999999999997,33.99999999999997,84.50415745126963,13.385602777296768,7,2.5200000000000005,2.5199999999999982,0.42000000000000015,0.0,0.0,0.21000000000000002,0.21000000000000002
839,1,0,1,0.18370389797861642,4.0,37.99999999999997,33.99999999999997,84.46915745126964,13.350602777296766,7,2.5200000000000005,2.5199999999999982,0.42000000000000015,0.0,0.0,0.21000000000000002,0.21000000000000002
840,1,0,1,0.18401862183629697,4.0,37.99999999999997,33.99999999999997,84.43415745126963,13.315602777296766,7,2.5200000000000005,2.5199999999999982,0.42000000000000015,0.0,0.0,0.21000000000000002,0.21000000000000002
841,1,0,1,0.1837246430946151,4.0,37.99999999999997,33.99999999999997,84.39915745126964,13.280602777296766,7,2.5200000000000005,2.5199999999999982,0.42000000000000015,0.0,0.0,0.21000000000000002,0.21000000000000002
842,1,0,1,0.18399338660043627,4.0,37.99999999999997,33.99999999999997,84.36415745126965,13.245602777296767,7,2.5200000000000005,2.5199999999999982,0.42000000000000015,0.0,0.0,0.21000000000000002,0.21000000000000002
843,1,0,0,-0.056287769155846816,3.9437122308441532,37.99999999999997,33.99999999999997,84.32915745126965,13.210602777296769,7,2.5200000000000005,2.5199999999999982,0.42000000000000015,0.0,0.0,0.21000000000000002,0.21000000000000002
844,1,0,0,-0.055988749106467714,3.8877234817376856,37.99999999999997,33.99999999999997,84.29415745126964,13.175602777296765,7,2.5200000000000005,2.5199999999999982,0.42000000000000015,0.0,0.0,0.21000000000000002,0.21000000000000002
845,1,0,0,-0.05598742023199188,3.8317360615056937,37.99999999999997,33.99999999999997,84.25915745126966,13.140602777296765,7,2.5200000000000005,2.5199999999999982,0.42000000000000015,0.0,0.0,0.21000000000000002,0.21000000000000002
846,1,0,0,-0.05598810495697325,3.7757479565487206,37.99999999999997,33.99999999999997,84.22415745126966,13.105602777296767,7,2.5200000000000005,2.5199999999999982,0.42000000000000015,0.0,0.0,0.21000000000000002,0.21000000000000002
847,1,2,1,0.1190244143257215,3.894772370874442,37.99999999999997,33.99999999999997,84.53915745126965,13.070602777296765,7,2.5200000000000005,2.5199999999999982,0.42000000000000015,0.0,0.0,0.21000000000000002,0.21000000000000002
848,1,1,0,-0.1213058321378794,3.7734665387365625,37.99999999999997,33.99999999999997,84.50415745126966,13.385602777296766,7,2.5200000000000005,2.5199999999999982,0.42000000000000015,0.0,0.0,0.21000000000000002,0.21000000000000002
849,1,1,1,0.11870205066289267,3.8921685893994553,37.99999999999997,33.99999999999997,84.46915745126967,13.700602777296766,7,2.5200000000000005,2.5199999999999982,0.42000000000000015,0.0,0.0,0.21000000000000002,0.21000000000000002
850,1,0,1,0.18399908938828766,4.0,37.99999999999997,33.99999999999997,84.43415745126967,13.665602777296764,7,2.5200000000000005,2.5199999999999982,0.42000000000000015,0.0,0.0,0.21000000000000002,0.21000000000000002
851,1,0,1,0.1840057756096224,4.0,37.99999999999997,33.99999999999997,84.39915745126966,13.630602777296764,7,2.5200000000000005,2.5199999999999982,0.42000000000000015,0.0,0.0,0.21000000000000002,0.21000000000000002
852,1,2,1,0.11896991966077908,4.0,37.99999999999997,33.99999999999997,84.71415745126967,13.595602777296763,7,2.5200000000000005,2.5199999999999982,0.42000000000000015,0.0,0.0,0.21000000000000002,0.21000000000000002
853,1,0,1,0.18399726591190912,4.0,37.99999999999997,33.99999999999997,84.67915745126967,13.560602777296765,7,2.5200000000000005,2.5199999999999982,0.42000000000000015,0.0,0.0,0.21000000000000002,0.21000000000000002
854,1,0,1,0.1839861742328613,4.0,37.99999999999997,33.99999999999997,84.64415745126966,13.525602777296767,7,2.5200000000000005,2.5199999999999982,0.42000000000000015,0.0,0.0,0.21000000000000002,0.21000000000000002
855,1,0,1,0.18369097224228,4.0,37.99999999999997,33.99999999999997,84.60915745126968,13.490602777296763,7,2.5200000000000005,2.5199999999999982,0.42000000000000015,0.0,0.0,0.21000000000000002,0.21000000000000002
856,1,0,1,0.18402429530498113,4.0,37.99999999999997,33.99999999999997,84.57415745126968,13.455602777296763,7,2.5200000000000005,2.5199999999999982,0.42000000000000015,0.0,0.0,0.21000000000000002,0.21000000000000002
857,1,0,1,0.18399597559907196,4.0,37.99999999999997,33.99999999999997,84.53915745126969,13.420602777296764,7,2.5200000000000005,2.5199999999999982,0.42000000000000015,0.0,0.0,0.21000000000000002,0.21000000000000002
858,1,0,1,0.18370001645133371,4.0,37.99999999999997,33.99999999999997,84.50415745126968,13.385602777296763,7,2.5200000000000005,2.5199999999999982,0.42000000000000015,0.0,0.0,0.21000000000000002,0.21000000000000002
859,1,0,1,0.1837000523087166,4.0,37.99999999999997,33.99999999999997,84.4691574512697,13.350602777296762,7,2.5200000000000005,2.5199999999999982,0.42000000000000015,0.0,0.0,0.21000000000000002,0.21000000000000002
860,1,0,1,0.18370470567502878,4.0,37.99999999999997,33.99999999999997,84.4341574512697,13.315602777296762,7,2.5200000000000005,2.5199999999999982,0.42000000000000015,0.0,0.0,0.21000000000000002,0.21000000000000002
861,1,2,1,0.11899529469772428,4.0,37.99999999999997,33.99999999999997,84.74915745126968,13.280602777296764,7,2.5200000000000005,2.5199999999999982,0.42000000000000015,0.0,0.0,0.21000000000000002,0.21000000000000002
862,1,0,1,0.183675033642715,4.0,37.99999999999997,33.99999999999997,84.7141574512697,13.245602777296765,7,2.5200000000000005,2.5199999999999982,0.42000000000000015,0.0,0.0,0.21000000000000002,0.21000000000000002
863,1,0,1,0.18369202265043122,4.0,37.99999999999997,33.99999999999997,84.6791574512697,13.210602777296762,7,2.5200000000000005,2.5199999999999982,0.42000000000000015,0.0,0.0,0.21000000000000002,0.21000000000000002
864,1,0,1,0.18399671094123682,4.0,37.99999999999997,33.99999999999997,84.6441574512697,13.175602777296762,7,2.5200000000000005,2.5199999999999982,0.42000000000000015,0.0,0.0,0.21000000000000002,0.21000000000000002
865,1,0,1,0.18397553678778616,4.0,37.99999999999997,33.99999999999997,84.6091574512697,13.140602777296763,7,2.5200000000000005,2.5199999999999982,0.42000000000000015,0.0,0.0,0.21000000000000002,0.21000000000000002
866,1,0,0,-0.05630575276354649,3.9436942472364533,37.99999999999997,33.99999999999997,84.57415745126971,13.105602777296761,7,2.5200000000000005,2.5199999999999982,0.42000000000000015,0.0,0.0,0.21000000000000002,0.21000000000000002
867,1,0,1,0.1839987508539358,4.0,37.99999999999997,33.99999999999997,84.53915745126972,13.070602777296761,7,2.5200000000000005,2.5199999999999982,0.42000000000000015,0.0,0.0,0.21000000000000002,0.21000000000000002
868,1,2,1,0.11868252615902167,4.0,37.99999999999997,33.99999999999997,84.8541574512697,13.035602777296761,7,2.5200000000000005,2.5199999999999982,0.42000000000000015,0.0,0.0,0.21000000000000002,0.21000000000000002
869,1,2,0,-0.12100760077821329,3.8789923992217865,37.99999999999997,33.99999999999997,85.16915745126971,13.000602777296763,7,2.5200000000000005,2.5199999999999982,0.42000000000000015,0.0,0.0,0.21000000000000002,0.21000000000000002
870,1,2,1,0.11899030037894852,3.997982699600735,37.99999999999997,33.99999999999997,85.48415745126971,12.965602777296764,7,2.5200000000000005,2.5199999999999982,0.42000000000000015,0.0,0.0,0.21000000000000002,0.21000000000000002
871,1,1,1,0.11869569594414925,4.0,37.99999999999997,33.99999999999997,85.4491574512697,13.280602777296762,7,2.5200000000000005,2.5199999999999982,0.42000000000000015,0.0,0.0,0.21000000000000002,0.21000000000000002
872,1,0,1,0.1840020982813156,4.0,37.99999999999997,33.99999999999997,85.41415745126972,13.24560277729676,7,2.5200000000000005,2.5199999999999982,0.42000000000000015,0.0,0.0,0.21000000000000002,0.21000000000000002
873,1,0,1,0.1836896238390754,4.0,37.99999999999997,33.99999999999997,85.3791574512697,13.210602777296762,7,2.5200000000000005,2.5199999999999982,0.42000000000000015,0.0,0.0,0.21000000000000002,0.21000000000000002
874,1,0,1,0.18368584202177304,4.0,37.99999999999997,33.99999999999997,85.34415745126972,13.17560277729676,7,2.5200000000000005,2.5199999999999982,0.42000000000000015,0.0,0.0,0.21000000000000002,0.21000000000000002
875,1,0,1,0.1836664648627503,4.0,37.99999999999997,33.99999999999997,85.30915745126973,13.140602777296762,7,2.5200000000000005,2.5199999999999982,0.42000000000000015,0.0,0.0,0.21000000000000002,0.21000000000000002
876,1,0,1,0.18398936766012475,4.0,37.99999999999997,33.99999999999997,85.27415745126973,13.10560277729676,7,2.5200000000000005,2.5199999999999982,0.42000000000000015,0.0,0.0,0.21000000000000002,0.21000000000000002
877,1,1,1,0.11899953563343625,4.0,37.99999999999997,33.99999999999997,85.23915745126972,13.420602777296759,7,2.5200000000000005,2.5199999999999982,0.42000000000000015,0.0,0.0,0.21000000000000002,0.21000000000000002
878,1,0,0,-0.0562991836375329,3.943700816362467,37.99999999999997,33.99999999999997,85.20415745126972,13.385602777296759,7,2.5200000000000005,2.5199999999999982,0.42000000000000015,0.0,0.0,0.21000000000000002,0.21000000000000002
879,1,0,1,0.183685228514404,4.0,37.99999999999997,33.99999999999997,85.16915745126974,13.350602777296759,7,2.5200000000000005,2.5199999999999982,0.42000000000000015,0.0,0.0,0.21000000000000002,0.21000000000000002
880,1,0,1,0.1839779178028357,4.0,37.99999999999997,33.99999999999997,85.13415745126974,13.31560277729676,7,2.5200000000000005,2.5199999999999982,0.42000000000000015,0.0,0.0,0.21000000000000002,0.21000000000000002
881,1,0,1,0.1839815222307989,4.0,37.99999999999997,33.99999999999997,85.09915745126973,13.280602777296762,7,2.5200000000000005,2.5199999999999982,0.42000000000000015,0.0,0.0,0.21000000000000002,0.21000000000000002
882,1,0,1,0.1837031604256784,4.0,37.99999999999997,33.99999999999997,85.06415745126974,13.245602777296758,7,2.5200000000000005,2.5199999999999982,0.42000000000000015,0.0,0.0,0.21000000000000002,0.21000000000000002
883,1,0,1,0.184042791575088,4.0,37.99999999999997,33.99999999999997,85.02915745126975,13.210602777296758,7,2.5200000000000005,2.5199999999999982,0.42000000000000015,0.0,0.0,0.21000000000000002,0.21000000000000002
884,1,0,1,0.18400327431280747,4.0,37.99999999999997,33.99999999999997,84.99415745126976,13.17560277729676,7,2.5200000000000005,2.5199999999999982,0.42000000000000015,0.0,0.0,0.21000000000000002,0.21000000000000002
885,1,0,1,0.1840129063668573,4.0,37.99999999999997,33.99999999999997,84.95915745126975,13.140602777296758,7,2.5200000000000005,2.5199999999999982,0.42000000000000015,0.0,0.0,0.21000000000000002,0.21000000000000002
886,1,2,1,0.11897373678372229,4.0,37.99999999999997,33.99999999999997,85.27415745126976,13.105602777296758,7,2.5200000000000005,2.5199999999999982,0.42000000000000015,0.0,0.0,0.21000000000000002,0.21000000000000002
887,1,0,1,0.18368293906941902,4.0,37.99999999999997,33.99999999999997,85.23915745126976,13.070602777296758,7,2.5200000000000005,2.5199999999999982,0.42000000000000015,0.0,0.0,0.21000000000000002,0.21000000000000002
888,1,0,1,0.1836883332226578,4.0,37.99999999999997,33.99999999999997,85.20415745126975,13.03560277729676,7,2.5200000000000005,2.5199999999999982,0.42000000000000015,0.0,0.0,0.21000000000000002,0.21000000000000002
889,1,0,1,0.1840187060320313,4.0,37.99999999999997,33.99999999999997,85.16915745126975,13.000602777296761,7,2.5200000000000005,2.5199999999999982,0.42000000000000015,0.0,0.0,0.21000000000000002,0.21000000000000002
890,1,0,0,-0.05630695476998969,3.9436930452300105,37.99999999999997,33.99999999999997,85.13415745126977,12.965602777296757,7,2.5200000000000005,2.5199999999999982,0.42000000000000015,0.0,0.0,0.21000000000000002,0.21000000000000002
891,1,1,1,0.11899805371660094,4.0,37.99999999999997,33.99999999999997,85.09915745126978,13.280602777296757,7,2.5200000000000005,2.5199999999999982,0.42000000000000015,0.0,0.0,0.21000000000000002,0.21000000000000002
892,1,0,1,0.1836916431255592,4.0,37.99999999999997,33.99999999999997,85.06415745126976,13.245602777296758,7,2.5200000000000005,2.5199999999999982,0.42000000000000015,0.0,0.0,0.21000000000000002,0.21000000000000002
893,1,0,1,0.18399918495770243,4.0,37.99999999999997,33.99999999999997,85.02915745126977,13.210602777296756,7,2.5200000000000005,2.5199999999999982,0.42000000000000015,0.0,0.0,0.21000000000000002,0.21000000000000002
894,1,0,1,0.18368165429154873,4.0,37.99999999999997,33.99999999999997,84.99415745126979,13.175602777296758,7,2.5200000000000005,2.5199999999999982,0.42000000000000015,0.0,0.0,0.21000000000000002,0.21000000000000002
895,1,0,1,0.18398817964902314,4.0,37.99999999999997,33.99999999999997,84.95915745126979,13.140602777296756,7,2.5200000000000005,2.5199999999999982,0.42000000000000015,0.0,0.0,0.21000000000000002,0.21000000000000002
896,1,0,1,0.18368483694709475,4.0,37.99999999999997,33.99999999999997,84.92415745126978,13.105602777296758,8,2.5200000000000005,2.5199999999999982,0.42000000000000015,0.0,0.0,0.21000000000000002,0.21000000000000002
897,1,0,0,-0.05601070137188206,3.943989298628118,37.99999999999997,33.99999999999997,84.88915745126978,13.070602777296756,8,2.5200000000000005,2.5199999999999982,0.42000000000000015,0.0,0.0,0.21000000000000002,0.21000000000000002
898,1,0,1,0.18400383341206622,4.0,37.99999999999997,33.99999999999997,84.8541574512698,13.035602777296758,8,2.5200000000000005,2.5199999999999982,0.42000000000000015,0.0,0.0,0.21000000000000002,0.21000000000000002
899,1,0,0,-0.056010156857769236,3.943989843142231,37.99999999999997,33.99999999999997,84.8191574512698,13.000602777296756,8,2.5200000000000005,2.5199999999999982,0.42000000000000015,0.0,0.0,0.21000000000000002,0.21000000000000002
900,1,0,0,-0.05599151419632615,3.887998328945905,37.99999999999997,33.99999999999997,84.7841574512698,12.965602777296757,8,2.5200000000000005,2.5199999999999982,0.42000000000000015,0.0,0.0,0.21000000000000002,0.21000000000000002
901,1,0,1,0.1836833458135641,4.0,37.99999999999997,33.99999999999997,84.7491574512698,12.930602777296755,8,2.5200000000000005,2.5199999999999982,0.42000000000000015,0.0,0.0,0.21000000000000002,0.21000000000000002
902,1,0,1,0.1840019548394876,4.0,37.99999999999997,33.99999999999997,84.71415745126981,12.895602777296757,8,2.5200000000000005,2.5199999999999982,0.42000000000000015,0.0,0.0,0.21000000000000002,0.21000000000000002
903,1,0,1,0.18368724216396978,4.0,37.99999999999997,33.99999999999997,84.67915745126982,12.860602777296755,8,2.5200000000000005,2.5199999999999982,0.42000000000000015,0.0,0.0,0.21000000000000002,0.21000000000000002
904,1,0,1,0.18368974971583754,4.0,37.99999999999997,33.99999999999997,84.64415745126982,12.825602777296757,8,2.5200000000000005,2.5199999999999982,0.42000000000000015,0.0,0.0,0.21000000000000002,0.21000000000000002
905,1,0,0,-0.05602391096487654,3.9439760890351234,37.99999999999997,33.99999999999997,84.60915745126981,12.790602777296755,8,2.5200000000000005,2.5199999999999982,0.42000000000000015,0.0,0.0,0.21000000000000002,0.21000000000000002
906,1,0,1,0.18371310145055242,4.0,37.99999999999997,33.99999999999997,84.57415745126983,12.755602777296756,8,2.5200000000000005,2.5199999999999982,0.42000000000000015,0.0,0.0,0.21000000000000002,0.21000000000000002
907,1,2,1,0.11898571873197425,4.0,37.99999999999997,33.99999999999997,84.88915745126981,12.720602777296754,8,2.5200000000000005,2.5199999999999982,0.42000000000000015,0.0,0.0,0.21000000000000002,0.21000000000000002
908,1,0,1,0.1840483117518961,4.0,37.99999999999997,33.99999999999997,84.85415745126981,12.685602777296756,8,2.5200000000000005,2.5199999999999982,0.42000000000000015,0.0,0.0,0.21000000000000002,0.21000000000000002
909,1,0,1,0.18403779978156887,4.0,37.99999999999997,33.99999999999997,84.81915745126983,12.650602777296754,8,2.5200000000000005,2.5199999999999982,0.42000000000000015,0.0,0.0,0.21000000000000002,0.21000000000000002
910,1,0,1,0.18405708759797834,4.0,37.99999999999997,33.99999999999997,84.78415745126983,12.615602777296756,8,2.5200000000000005,2.5199999999999982,0.42000000000000015,0.0,0.0,0.21000000000000002,0.21000000000000002
911,1,0,1,0.18368373013610048,4.0,37.99999999999997,33.99999999999997,84.74915745126984,12.580602777296754,8,2.5200000000000005,2.5199999999999982,0.42000000000000015,0.0,0.0,0.21000000000000002,0.21000000000000002
912,1,0,1,0.18368732960865233,4.0,37.99999999999997,33.99999999999997,84.71415745126983,12.545602777296756,8,2.5200000000000005,2.5199999999999982,0.42000000000000015,0.0,0.0,0.21000000000000002,0.21000000000000002
913,1,0,1,0.1840032115059999,4.0,37.99999999999997,33.99999999999997,84.67915745126984,12.510602777296754,8,2.5200000000000005,2.5199999999999982,0.42000000000000015,0.0,0.0,0.21000000000000002,0.21000000000000002
914,1,1,1,0.11901327006956545,4.0,37.99999999999997,33.99999999999997,84.64415745126985,12.825602777296753,8,2.5200000000000005,2.5199999999999982,0.42000000000000015,0.0,0.0,0.21000000000000002,0.21000000000000002
915,1,0,0,-0.056013290276312126,3.943986709723688,37.99999999999997,33.99999999999997,84.60915745126985,12.790602777296755,8,2.5200000000000005,2.5199999999999982,0.42000000000000015,0.0,0.0,0.21000000000000002,0.21000000000000002
916,1,0,1,0.18396276886078333,4.0,37.99999999999997,33.99999999999997,84.57415745126984,12.755602777296753,8,2.5200000000000005,2.5199999999999982,0.42000000000000015,0.0,0.0,0.21000000000000002,0.21000000000000002
917,1,0,1,0.18401652998149032,4.0,37.99999999999997,33.99999999999997,84.53915745126986,12.720602777296753,8,2.5200000000000005,2.5199999999999982,0.42000000000000015,0.0,0.0,0.21000000000000002,0.21000000000000002
918,1,0,1,0.18399159478301122,4.0,37.99999999999997,33.99999999999997,84.50415745126986,12.685602777296753,8,2.5200000000000005,2.5199999999999982,0.42000000000000015,0.0,0.0,0.21000000000000002,0.21000000000000002
919,1,0,0,-0.05600642964508332,3.9439935703549165,37.99999999999997,33.99999999999997,84.46915745126987,12.650602777296754,8,2.5200000000000005,2.5199999999999982,0.42000000000000015,0.0,0.0,0.21000000000000002,0.21000000000000002
920,1,0,1,0.18368855632022063,4.0,37.99999999999997,33.99999999999997,84.43415745126985,12.615602777296752,8,2.5200000000000005,2.5199999999999982,0.42000000000000015,0.0,0.0,0.21000000000000002,0.21000000000000002
921,1,0,1,0.18398247756051656,4.0,37.99999999999997,33.99999999999997,84.39915745126987,12.580602777296752,8,2.5200000000000005,2.5199999999999982,0.42000000000000015,0.0,0.0,0.21000000000000002,0.21000000000000002
922,1,0,0,-0.056029202902572586,3.9439707970974274,37.99999999999997,33.99999999999997,84.36415745126988,12.545602777296752,8,2.5200000000000005,2.5199999999999982,0.42000000000000015,0.0,0.0,0.21000000000000002,0.21000000000000002
923,1,0,0,-0.0563037557153236,3.887667041382104,37.99999999999997,33.99999999999997,84.32915745126988,12.510602777296754,8,2.5200000000000005,2.5199999999999982,0.42000000000000015,0.0,0.0,0.21000000000000002,0.21000000000000002
924,1,0,1,0.18368579204404917,4.0,37.99999999999997,33.99999999999997,84.29415745126987,12.475602777296752,8,2.5200000000000005,2.5199999999999982,0.42000000000000015,0.0,0.0,0.21000000000000002,0.21000000000000002
925,1,0,1,0.18399551041837092,4.0,37.99999999999997,33.99999999999997,84.25915745126989,12.440602777296752,8,2.5200000000000005,2.5199999999999982,0.42000000000000015,0.0,0.0,0.21000000000000002,0.21000000000000002
926,1,2,0,-0.12131435371619068,3.8786856462838095,37.99999999999997,33.99999999999997,84.57415745126988,12.405602777296751,8,2.5200000000000005,2.5199999999999982,0.42000000000000015,0.0,0.0,0.21000000000000002,0.21000000000000002
927,1,0,0,-0.056032765676981365,3.822652880606828,37.99999999999997,33.99999999999997,84.53915745126987,12.370602777296753,8,2.5200000000000005,2.5199999999999982,0.42000000000000015,0.0,0.0,0.21000000000000002,0.21000000000000002
928,1,0,1,0.18399886728430476,4.0,37.99999999999997,33.99999999999997,84.50415745126989,12.335602777296751,8,2.5200000000000005,2.5199999999999982,0.42000000000000015,0.0,0.0,0.21000000000000002,0.21000000000000002
929,1,0,1,0.18396221464941107,4.0,37.99999999999997,33.99999999999997,84.4691574512699,12.300602777296751,8,2.5200000000000005,2.5199999999999982,0.42000000000000015,0.0,0.0,0.21000000000000002,0.21000000000000002
930,1,0,1,0.18369354554806713,4.0,37.99999999999997,33.99999999999997,84.4341574512699,12.26560277729675,8,2.5200000000000005,2.5199999999999982,0.42000000000000015,0.0,0.0,0.21000000000000002,0.21000000000000002
931,1,0,1,0.18397255741479648,4.0,37.99999999999997,33.99999999999997,84.39915745126989,12.230602777296752,8,2.5200000000000005,2.5199999999999982,0.42000000000000015,0.0,0.0,0.21000000000000002,0.21000000000000002
932,1,0,1,0.1837304973058953,4.0,37.99999999999997,33.99999999999997,84.3641574512699,12.19560277729675,8,2.5200000000000005,2.5199999999999982,0.42000000000000015,0.0,0.0,0.21000000000000002,0.21000000000000002
933,1,0,1,0.18401261002272348,4.0,37.99999999999997,33.99999999999997,84.32915745126991,12.16060277729675,8,2.5200000000000005,2.5199999999999982,0.42000000000000015,0.0,0.0,0.21000000000000002,0.21000000000000002
934,1,0,1,0.18400638644114312,4.0,37.99999999999997,33.99999999999997,84.29415745126991,12.12560277729675,8,2.5200000000000005,2.5199999999999982,0.42000000000000015,0.0,0.0,0.21000000000000002,0.21000000000000002
935,1,1,1,0.1190047650189064,4.0,37.99999999999997,33.99999999999997,84.2591574512699,12.440602777296752,8,2.5200000000000005,2.5199999999999982,0.42000000000000015,0.0,0.0,0.21000000000000002,0.21000000000000002
936,1,0,1,0.1837167371381442,4.0,37.99999999999997,33.99999999999997,84.22415745126992,12.40560277729675,8,2.5200000000000005,2.5199999999999982,0.42000000000000015,0.0,0.0,0.21000000000000002,0.21000000000000002
937,1,0,1,0.18369258694650586,4.0,37.99999999999997,33.99999999999997,84.18915745126992,12.370602777296751,8,2.5200000000000005,2.5199999999999982,0.42000000000000015,0.0,0.0,0.21000000000000002,0.21000000000000002
938,1,0,0,-0.056037919611379,3.943962080388621,37.99999999999997,33.99999999999997,84.15415745126992,12.33560277729675,8,2.5200000000000005,2.5199999999999982,0.42000000000000015,0.0,0.0,0.21000000000000002,0.21000000000000002
939,1,0,1,0.18370338457764157,4.0,37.99999999999997,33.99999999999997,84.11915745126991,12.300602777296751,8,2.5200000000000005,2.5199999999999982,0.42000000000000015,0.0,0.0,0.21000000000000002,0.21000000000000002
940,1,2,1,0.11900117555781949,4.0,37.99999999999997,33.99999999999997,84.43415745126993,12.265602777296749,8,2.5200000000000005,2.5199999999999982,0.42000000000000015,0.0,0.0,0.21000000000000002,0.21000000000000002
941,1,0,1,0.18400962532845785,4.0,37.99999999999997,33.99999999999997,84.39915745126993,12.23060277729675,8,2.5200000000000005,2.5199999999999982,0.42000000000000015,0.0,0.0,0.21000000000000002,0.21000000000000002
942,1,0,1,0.18400730924971984,4.0,37.99999999999997,33.99999999999997,84.36415745126992,12.195602777296749,8,2.5200000000000005,2.5199999999999982,0.42000000000000015,0.0,0.0,0.21000000000000002,0.21000000000000002
943,1,0,1,0.18372193676456944,4.0,37.99999999999997,33.99999999999997,84.32915745126994,12.16060277729675,8,2.5200000000000005,2.5199999999999982,0.42000000000000015,0.0,0.0,0.21000000000000002,0.21000000000000002
944,1,0,0,-0.05630328516225136,3.9436967148377486,37.99999999999997,33.99999999999997,84.29415745126994,12.125602777296749,8,2.5200000000000005,2.5199999999999982,0.42000000000000015,0.0,0.0,0.21000000000000002,0.21000000000000002
945,1,0,1,0.18371334202173198,4.0,37.99999999999997,33.99999999999997,84.25915745126994,12.09060277729675,8,2.5200000000000005,2.5199999999999982,0.42000000000000015,0.0,0.0,0.21000000000000002,0.21000000000000002
946,1,2,1,0.11872215830420473,4.0,37.99999999999997,33.99999999999997,84.57415745126994,12.055602777296748,8,2.5200000000000005,2.5199999999999982,0.42000000000000015,0.0,0.0,0.21000000000000002,0.21000000000000002
947,1,0,1,0.1837156831524305,4.0,37.99999999999997,33.99999999999997,84.53915745126994,12.02060277729675,8,2.5200000000000005,2.5199999999999982,0.42000000000000015,0.0,0.0,0.21000000000000002,0.21000000000000002
948,1,0,1,0.18371992499675804,4.0,37.99999999999997,33.99999999999997,84.50415745126995,11.985602777296748,8,2.5200000000000005,2.5199999999999982,0.42000000000000015,0.0,0.0,0.21000000000000002,0.21000000000000002
949,1,0,1,0.18371566885004909,4.0,37.99999999999997,33.99999999999997,84.46915745126994,11.95060277729675,8,2.5200000000000005,2.5199999999999982,0.42000000000000015,0.0,0.0,0.21000000000000002,0.21000000000000002
950,1,0,1,0.18371925806874168,4.0,37.99999999999997,33.99999999999997,84.43415745126995,11.915602777296748,8,2.5200000000000005,2.5199999999999982,0.42000000000000015,0.0,0.0,0.21000000000000002,0.21000000000000002
951,1,0,1,0.18373069534460748,4.0,37.99999999999997,33.99999999999997,84.39915745126996,11.88060277729675,8,2.5200000000000005,2.5199999999999982,0.42000000000000015,0.0,0.0,0.21000000000000002,0.21000000000000002
952,1,0,1,0.18400422512204603,4.0,37.99999999999997,33.99999999999997,84.36415745126996,11.845602777296747,8,2.5200000000000005,2.5199999999999982,0.42000000000000015,0.0,0.0,0.21000000000000002,0.21000000000000002
953,1,1,1,0.11898032699154598,4.0,37.99999999999997,33.99999999999997,84.32915745126995,12.160602777296747,8,2.5200000000000005,2.5199999999999982,0.42000000000000015,0.0,0.0,0.21000000000000002,0.21000000000000002
954,1,0,1,0.18403692807607278,4.0,37.99999999999997,33.99999999999997,84.29415745126997,12.125602777296749,8,2.52,2.5199999999999982,0.42000000000000015,0.0,0.0,0.21000000000000002,0.21000000000000002
955,1,0,1,0.18401091755216498,4.0,37.99999999999997,33.99999999999997,84.25915745126997,12.090602777296747,8,2.5200000000000005,2.5199999999999982,0.42000000000000015,0.0,0.0,0.21000000000000002,0.21000000000000002
956,1,0,1,0.18399347081452314,4.0,37.99999999999997,33.99999999999997,84.22415745126997,12.055602777296746,8,2.5200000000000005,2.5199999999999982,0.42000000000000015,0.0,0.0,0.21000000000000002,0.21000000000000002
957,1,1,1,0.11898680317742252,4.0,37.99999999999997,33.99999999999997,84.18915745126996,12.370602777296746,8,2.5200000000000005,2.5199999999999982,0.42000000000000015,0.0,0.0,0.21000000000000002,0.21000000000000002
958,1,0,0,-0.056273960726815765,3.943726039273184,37.99999999999997,33.99999999999997,84.15415745126998,12.335602777296748,8,2.5200000000000005,2.5199999999999982,0.42000000000000015,0.0,0.0,0.21000000000000002,0.21000000000000002
959,1,0,1,0.1837026920750555,4.0,37.99999999999997,33.99999999999997,84.11915745126998,12.300602777296746,8,2.5200000000000005,2.5199999999999982,0.42000000000000015,0.0,0.0,0.21000000000000002,0.21000000000000002
960,1,0,1,0.18401055902619015,4.0,37.99999999999997,33.99999999999997,84.08415745126999,12.265602777296747,8,2.5200000000000005,2.5199999999999982,0.42000000000000015,0.0,0.0,0.21000000000000002,0.21000000000000002
961,1,0,1,0.18398975897838654,4.0,37.99999999999997,33.99999999999997,84.04915745126998,12.230602777296745,8,2.5200000000000005,2.5199999999999982,0.42000000000000015,0.0,0.0,0.21000000000000002,0.21000000000000002
962,1,0,1,0.1837261082936157,4.0,37.99999999999997,33.99999999999997,84.01415745127,12.195602777296747,8,2.5200000000000005,2.5199999999999982,0.42000000000000015,0.0,0.0,0.21000000000000002,0.21000000000000002
963,1,0,1,0.18399568257293453,4.0,37.99999999999997,33.99999999999997,83.97915745127,12.160602777296745,8,2.5200000000000005,2.5199999999999982,0.42000000000000015,0.0,0.0,0.21000000000000002,0.21000000000000002
964,1,0,1,0.18372274283663723,4.0,37.99999999999997,33.99999999999997,83.94415745127,12.125602777296747,8,2.5200000000000005,2.5199999999999982,0.42000000000000015,0.0,0.0,0.21000000000000002,0.21000000000000002
965,1,2,0,-0.12127122113076062,3.8787287788692395,37.99999999999997,33.99999999999997,84.25915745127,12.090602777296745,8,2.5200000000000005,2.5199999999999982,0.42000000000000015,0.0,0.0,0.21000000000000002,0.21000000000000002
966,1,0,1,0.1837274957682532,4.0,37.99999999999997,33.99999999999997,84.22415745127,12.055602777296746,8,2.5200000000000005,2.5199999999999982,0.42000000000000015,0.0,0.0,0.21000000000000002,0.21000000000000002
967,1,0,1,0.1837161602858077,4.0,37.99999999999997,33.99999999999997,84.18915745127,12.020602777296745,8,2.5200000000000005,2.5199999999999982,0.42000000000000015,0.0,0.0,0.21000000000000002,0.21000000000000002
968,1,0,1,0.18403768365673442,4.0,37.99999999999997,33.99999999999997,84.15415745127,11.985602777296746,8,2.5200000000000005,2.5199999999999982,0.42000000000000015,0.0,0.0,0.21000000000000002,0.21000000000000002
969,1,0,1,0.18403220347323385,4.0,37.99999999999997,33.99999999999997,84.11915745127001,11.950602777296744,8,2.5200000000000005,2.5199999999999982,0.42000000000000015,0.0,0.0,0.21000000000000002,0.21000000000000002
970,1,0,0,-0.05601051549520075,3.943989484504799,37.99999999999997,33.99999999999997,84.08415745127002,11.915602777296746,8,2.5200000000000005,2.5199999999999982,0.42000000000000015,0.0,0.0,0.21000000000000002,0.21000000000000002
971,1,0,1,0.18372368181220491,4.0,37.99999999999997,33.99999999999997,84.04915745127002,11.880602777296744,8,2.5200000000000005,2.5199999999999982,0.42000000000000015,0.0,0.0,0.21000000000000002,0.21000000000000002
972,1,0,0,-0.05629506732468037,3.9437049326753195,37.99999999999997,33.99999999999997,84.01415745127001,11.845602777296746,8,2.5200000000000005,2.5199999999999982,0.42000000000000015,0.0,0.0,0.21000000000000002,0.21000000000000002
973,1,0,1,0.18373854477317758,4.0,37.99999999999997,33.99999999999997,83.97915745127003,11.810602777296744,8,2.5200000000000005,2.5199999999999982,0.42000000000000015,0.0,0.0,0.21000000000000002,0.21000000000000002
974,1,0,0,-0.055971616009294914,3.944028383990705,37.99999999999997,33.99999999999997,83.94415745127003,11.775602777296745,8,2.5200000000000005,2.5199999999999982,0.42000000000000015,0.0,0.0,0.21000000000000002,0.21000000000000002
975,1,1,1,0.11901317632284587,4.0,37.99999999999997,33.99999999999997,83.90915745127003,12.090602777296743,8,2.5200000000000005,2.5199999999999982,0.42000000000000015,0.0,0.0,0.21000000000000002,0.21000000000000002
976,1,0,1,0.18403581444560377,4.0,37.99999999999997,33.99999999999997,83.87415745127002,12.055602777296743,8,2.5200000000000005,2.5199999999999982,0.42000000000000015,0.0,0.0,0.21000000000000002,0.21000000000000002
977,1,0,1,0.1837220887078747,4.0,37.99999999999997,33.99999999999997,83.83915745127004,12.020602777296745,8,2.5200000000000005,2.5199999999999982,0.42000000000000015,0.0,0.0,0.21000000000000002,0.21000000000000002
978,1,0,0,-0.05592781493793489,3.944072185062065,37.99999999999997,33.99999999999997,83.80415745127004,11.985602777296743,8,2.5200000000000005,2.5199999999999982,0.42000000000000015,0.0,0.0,0.21000000000000002,0.21000000000000002
979,1,0,1,0.18397774942802084,4.0,37.99999999999997,33.99999999999997,83.76915745127005,11.950602777296742,8,2.5200000000000005,2.5199999999999982,0.42000000000000015,0.0,0.0,0.21000000000000002,0.21000000000000002
980,1,0,1,0.18373128621194396,4.0,37.99999999999997,33.99999999999997,83.73415745127004,11.915602777296742,8,2.5200000000000005,2.5199999999999982,0.42000000000000015,0.0,0.0,0.21000000000000002,0.21000000000000002
981,1,0,1,0.18401191772283612,4.0,37.99999999999997,33.99999999999997,83.69915745127005,11.880602777296744,8,2.5200000000000005,2.5199999999999982,0.42000000000000015,0.0,0.0,0.21000000000000002,0.21000000000000002
982,1,0,0,-0.056278348643318446,3.9437216513566815,37.99999999999997,33.99999999999997,83.66415745127006,11.845602777296742,8,2.5200000000000005,2.5199999999999982,0.42000000000000015,0.0,0.0,0.21000000000000002,0.21000000000000002
983,1,0,1,0.18374557183668855,4.0,37.99999999999997,33.99999999999997,83.62915745127006,11.810602777296742,8,2.5200000000000005,2.5199999999999982,0.42000000000000015,0.0,0.0,0.21000000000000002,0.21000000000000002
984,1,0,1,0.18375151996281808,4.0,37.99999999999997,33.99999999999997,83.59415745127005,11.775602777296742,8,2.5200000000000005,2.5199999999999982,0.42000000000000015,0.0,0.0,0.21000000000000002,0.21000000000000002
985,1,0,1,0.18403863818891356,4.0,37.99999999999997,33.99999999999997,83.55915745127007,11.740602777296743,8,2.5200000000000005,2.5199999999999982,0.42000000000000015,0.0,0.0,0.21000000000000002,0.21000000000000002
986,1,0,1,0.18402615715236748,4.0,37.99999999999997,33.99999999999997,83.52415745127007,11.705602777296741,8,2.5200000000000005,2.5199999999999982,0.42000000000000015,0.0,0.0,0.21000000000000002,0.21000000000000002
987,1,0,0,-0.05595901231539977,3.9440409876846,37.99999999999997,33.99999999999997,83.48915745127007,11.670602777296741,8,2.5200000000000005,2.5199999999999982,0.42000000000000015,0.0,0.0,0.21000000000000002,0.21000000000000002
988,1,0,1,0.18401012041018186,4.0,37.99999999999997,33.99999999999997,83.45415745127006,11.635602777296741,8,2.5200000000000005,2.5199999999999982,0.42000000000000015,0.0,0.0,0.21000000000000002,0.21000000000000002
989,1,0,1,0.18374264078199576,4.0,37.99999999999997,33.99999999999997,83.41915745127008,11.600602777296743,8,2.5200000000000005,2.5199999999999982,0.42000000000000015,0.0,0.0,0.21000000000000002,0.21000000000000002
990,1,0,0,-0.05627116965814234,3.9437288303418576,37.99999999999997,33.99999999999997,83.38415745127008,11.565602777296741,8,2.5200000000000005,2.5199999999999982,0.42000000000000015,0.0,0.0,0.21000000000000002,0.21000000000000002
991,1,0,1,0.18403955027339755,4.0,37.99999999999997,33.99999999999997,83.34915745127009,11.53060277729674,8,2.5200000000000005,2.5199999999999982,0.42000000000000015,0.0,0.0,0.21000000000000002,0.21000000000000002
992,1,0,1,0.1840334556938525,4.0,37.99999999999997,33.99999999999997,83.31415745127008,11.49560277729674,8,2.5200000000000005,2.5199999999999982,0.42000000000000015,0.0,0.0,0.21000000000000002,0.21000000000000002
993,1,0,1,0.18372497164990315,4.0,37.99999999999997,33.99999999999997,83.2791574512701,11.460602777296742,8,2.5200000000000005,2.5199999999999982,0.42000000000000015,0.0,0.0,0.21000000000000002,0.21000000000000002
994,1,0,1,0.1837255565113267,4.0,37.99999999999997,33.99999999999997,83.2441574512701,11.42560277729674,8,2.5200000000000005,2.5199999999999982,0.42000000000000015,0.0,0.0,0.21000000000000002,0.21000000000000002
995,1,0,1,0.1840198069214772,4.0,37.99999999999997,33.99999999999997,83.2091574512701,11.39060277729674,8,2.5200000000000005,2.5199999999999982,0.42000000000000015,0.0,0.0,0.21000000000000002,0.21000000000000002
996,1,1,0,-0.12126744675994472,3.8787325532400554,37.99999999999997,33.99999999999997,83.17415745127009,11.70560277729674,8,2.5200000000000005,2.5199999999999982,0.42000000000000015,0.0,0.0,0.21000000000000002,0.21000000000000002
997,1,1,0,-0.12101456067739515,3.75771799256266,37.99999999999997,33.99999999999997,83.13915745127011,12.02060277729674,8,2.5200000000000005,2.5199999999999982,0.42000000000000015,0.0,0.0,0.21000000000000002,0.21000000000000002
998,1,1,1,0.11899401134365746,3.8767120039063174,37.99999999999997,33.99999999999997,83.10415745127011,12.33560277729674,8,2.5200000000000005,2.5199999999999982,0.42000000000000015,0.0,0.0,0.21000000000000002,0.21000000000000002
999,1,1,1,0.11905298088241521,3.9957649847887327,37.99999999999997,33.99999999999997,83.06915745127012,12.65060277729674,8,2.52,2.5199999999999982,0.42000000000000015,0.0,0.0,0.21000000000000002,0.21000000000000002
1000,1,1,1,0.11904010436473318,4.0,37.99999999999997,33.99999999999997,83.0341574512701,12.965602777296738,8,2.5200000000000005,2.5199999999999982,0.42000000000000015,0.0,0.0,0.21000000000000002,0.21000000000000002
1001,1,0,0,-0.05627223180369027,3.9437277681963097,37.99999999999997,33.99999999999997,82.99915745127012,12.93060277729674,8,2.5200000000000005,2.5199999999999982,0.42000000000000015,0.0,0.0,0.21000000000000002,0.21000000000000002
1002,1,0,0,-0.05628458709973421,3.8874431810965753,37.99999999999997,33.99999999999997,82.96415745127013,12.895602777296737,8,2.5200000000000005,2.5199999999999982,0.42000000000000015,0.0,0.0,0.21000000000000002,0.21000000000000002
1003,1,0,1,0.1840245523801875,4.0,37.99999999999997,33.99999999999997,82.92915745127013,12.860602777296739,8,2.5200000000000005,2.5199999999999982,0.42000000000000015,0.0,0.0,0.21000000000000002,0.21000000000000002
1004,1,0,0,-0.056280753258900654,3.9437192467410993,37.99999999999997,33.99999999999997,82.89415745127012,12.825602777296737,8,2.5200000000000005,2.5199999999999982,0.42000000000000015,0.0,0.0,0.21000000000000002,0.21000000000000002
1005,1,0,1,0.18372868892872726,4.0,37.99999999999997,33.99999999999997,82.85915745127014,12.790602777296739,8,2.5200000000000005,2.5199999999999982,0.42000000000000015,0.0,0.0,0.21000000000000002,0.21000000000000002
1006,1,0,1,0.18404067284573106,4.0,37.99999999999997,33.99999999999997,82.82415745127014,12.755602777296737,8,2.52,2.5199999999999982,0.42000000000000015,0.0,0.0,0.21000000000000002,0.21000000000000002
1007,1,0,1,0.183739310681373,4.0,37.99999999999997,33.99999999999997,82.78915745127014,12.720602777296738,8,2.5200000000000005,2.5199999999999982,0.42000000000000015,0.0,0.0,0.21000000000000002,0.21000000000000002
1008,1,0,1,0.18402825887685542,4.0,37.99999999999997,33.99999999999997,82.75415745127013,12.685602777296737,8,2.5200000000000005,2.5199999999999982,0.42000000000000015,0.0,0.0,0.21000000000000002,0.21000000000000002
1009,1,1,1,0.11899649591400659,4.0,37.99999999999997,33.99999999999997,82.71915745127015,13.000602777296736,8,2.5200000000000005,2.5199999999999982,0.42000000000000015,0.0,0.0,0.21000000000000002,0.21000000000000002
1010,1,0,1,0.1840246267617504,4.0,37.99999999999997,33.99999999999997,82.68415745127015,12.965602777296738,8,2.5200000000000005,2.5199999999999982,0.42000000000000015,0.0,0.0,0.21000000000000002,0.21000000000000002
1011,1,0,1,0.18372450525853296,4.0,37.99999999999997,33.99999999999997,82.64915745127016,12.93060277729674,8,2.5200000000000005,2.5199999999999982,0.42000000000000015,0.0,0.0,0.21000000000000002,0.21000000000000002
1012,1,0,1,0.18398442928583794,4.0,37.99999999999997,33.99999999999997,82.61415745127015,12.895602777296736,8,2.5200000000000005,2.5199999999999982,0.42000000000000015,0.0,0.0,0.21000000000000002,0.21000000000000002
1013,1,0,1,0.18401834530104164,4.0,37.99999999999997,33.99999999999997,82.57915745127016,12.860602777296736,8,2.5200000000000005,2.5199999999999982,0.42000000000000015,0.0,0.0,0.21000000000000002,0.21000000000000002
1014,1,2,1,0.1190281607385257,4.0,37.99999999999997,33.99999999999997,82.89415745127016,12.825602777296737,8,2.5200000000000005,2.5199999999999982,0.42000000000000015,0.0,0.0,0.21000000000000002,0.21000000000000002
1015,1,0,1,0.18399836226969343,4.0,37.99999999999997,33.99999999999997,82.85915745127015,12.790602777296735,8,2.5200000000000005,2.5199999999999982,0.42000000000000015,0.0,0.0,0.21000000000000002,0.21000000000000002
1016,1,0,1,0.18373191191182206,4.0,37.99999999999997,33.99999999999997,82.82415745127017,12.755602777296735,8,2.5200000000000005,2.5199999999999982,0.42000000000000015,0.0,0.0,0.21000000000000002,0.21000000000000002
1017,1,0,1,0.18404320108041916,4.0,37.99999999999997,33.99999999999997,82.78915745127017,12.720602777296735,8,2.5200000000000005,2.5199999999999982,0.42000000000000015,0.0,0.0,0.21000000000000002,0.21000000000000002
1018,1,0,1,0.18401942803656965,4.0,37.99999999999997,33.99999999999997,82.75415745127017,12.685602777296737,8,2.5200000000000005,2.5199999999999982,0.42000000000000015,0.0,0.0,0.21000000000000002,0.21000000000000002
1019,1,0,1,0.1840205874328589,4.0,37.99999999999997,33.99999999999997,82.71915745127016,12.650602777296735,8,2.5200000000000005,2.5199999999999982,0.42000000000000015,0.0,0.0,0.21000000000000002,0.21000000000000002
1020,1,0,1,0.1840199440508024,4.0,37.99999999999997,33.99999999999997,82.68415745127018,12.615602777296735,8,2.5200000000000005,2.5199999999999982,0.42000000000000015,0.0,0.0,0.21000000000000002,0.21000000000000002
1021,1,0,1,0.18373368707780752,4.0,37.99999999999997,33.99999999999997,82.64915745127018,12.580602777296734,8,2.5200000000000005,2.5199999999999982,0.42000000000000015,0.0,0.0,0.21000000000000002,0.21000000000000002
1022,1,0,1,0.1840235044048842,4.0,37.99999999999997,33.99999999999997,82.61415745127019,12.545602777296736,8,2.5200000000000005,2.5199999999999982,0.42000000000000015,0.0,0.0,0.21000000000000002,0.21000000000000002
1023,1,0,0,-0.05598337769876887,3.944016622301231,37.99999999999997,33.99999999999997,82.57915745127018,12.510602777296734,8,2.5200000000000005,2.5199999999999982,0.42000000000000015,0.0,0.0,0.21000000000000002,0.21000000000000002
1024,1,0,1,0.18372567587081118,4.0,37.99999999999997,33.99999999999997,82.5441574512702,12.475602777296734,9,2.5200000000000005,2.5199999999999982,0.42000000000000015,0.0,0.0,0.21000000000000002,0.21000000000000002
1025,1,0,1,0.18400659539861264,4.0,37.99999999999997,33.99999999999997,82.5091574512702,12.440602777296734,9,2.5200000000000005,2.5199999999999982,0.42000000000000015,0.0,0.0,0.21000000000000002,0.21000000000000002
1026,1,0,1,0.184017576561203,4.0,37.99999999999997,33.99999999999997,82.4741574512702,12.405602777296735,9,2.5200000000000005,2.5199999999999982,0.42000000000000015,0.0,0.0,0.21000000000000002,0.21000000000000002
1027,1,0,1,0.1840060207424555,4.0,37.99999999999997,33.99999999999997,82.43915745127019,12.370602777296734,9,2.5200000000000005,2.5199999999999982,0.42000000000000015,0.0,0.0,0.21000000000000002,0.21000000000000002
1028,1,0,1,0.18401912769375806,4.0,37.99999999999997,33.99999999999997,82.40415745127021,12.335602777296733,9,2.5200000000000005,2.5199999999999982,0.42000000000000015,0.0,0.0,0.21000000000000002,0.21000000000000002
1029,1,0,0,-0.05595659982685147,3.9440434001731486,37.99999999999997,33.99999999999997,82.36915745127021,12.300602777296733,9,2.5200000000000005,2.5199999999999982,0.42000000000000015,0.0,0.0,0.21000000000000002,0.21000000000000002
1030,1,0,0,-0.05599199747832725,3.8880514026948214,37.99999999999997,33.99999999999997,82.33415745127022,12.265602777296735,9,2.5200000000000005,2.5199999999999982,0.42000000000000015,0.0,0.0,0.21000000000000002,0.21000000000000002
1031,1,2,1,0.11872996798484116,4.0,37.99999999999997,33.99999999999997,82.64915745127021,12.230602777296733,9,2.5200000000000005,2.5199999999999982,0.42000000000000015,0.0,0.0,0.21000000000000002,0.21000000000000002
1032,1,0,1,0.18400118698149226,4.0,37.99999999999997,33.99999999999997,82.61415745127022,12.195602777296733,9,2.5200000000000005,2.5199999999999982,0.42000000000000015,0.0,0.0,0.21000000000000002,0.21000000000000002
1033,1,0,1,0.18372562221786426,4.0,37.99999999999997,33.99999999999997,82.57915745127022,12.160602777296733,9,2.5200000000000005,2.5199999999999982,0.42000000000000015,0.0,0.0,0.21000000000000002,0.21000000000000002
1034,1,0,1,0.18373318218879153,4.0,37.99999999999997,33.99999999999997,82.54415745127021,12.125602777296734,9,2.5200000000000005,2.5199999999999982,0.42000000000000015,0.0,0.0,0.21000000000000002,0.21000000000000002
1035,1,0,1,0.18372950656951828,4.0,37.99999999999997,33.99999999999997,82.50915745127023,12.090602777296732,9,2.5200000000000005,2.5199999999999982,0.42000000000000015,0.0,0.0,0.21000000000000002,0.21000000000000002
1036,1,0,1,0.18401583121727613,4.0,37.99999999999997,33.99999999999997,82.47415745127023,12.055602777296732,9,2.5200000000000005,2.5199999999999982,0.42000000000000015,0.0,0.0,0.21000000000000002,0.21000000000000002
1037,1,0,1,0.18373165605907907,4.0,37.99999999999997,33.99999999999997,82.43915745127023,12.020602777296732,9,2.5200000000000005,2.5199999999999982,0.42000000000000015,0.0,0.0,0.21000000000000002,0.21000000000000002
1038,1,0,1,0.18373240522580644,4.0,37.99999999999997,33.99999999999997,82.40415745127022,11.985602777296734,9,2.5200000000000005,2.5199999999999982,0.42000000000000015,0.0,0.0,0.21000000000000002,0.21000000000000002
1039,1,0,0,-0.05599174218775764,3.9440082578122424,37.99999999999997,33.99999999999997,82.36915745127024,11.950602777296732,9,2.5200000000000005,2.5199999999999982,0.42000000000000015,0.0,0.0,0.21000000000000002,0.21000000000000002
1040,1,0,1,0.184053783922766,4.0,37.99999999999997,33.99999999999997,82.33415745127024,11.915602777296732,9,2.5200000000000005,2.5199999999999982,0.42000000000000015,0.0,0.0,0.21000000000000002,0.21000000000000002
1041,1,0,1,0.1837312009052747,4.0,37.99999999999997,33.99999999999997,82.29915745127025,11.880602777296732,9,2.5200000000000005,2.5199999999999982,0.42000000000000015,0.0,0.0,0.21000000000000002,0.21000000000000002
1042,1,0,1,0.18374246763467508,4.0,37.99999999999997,33.99999999999997,82.26415745127024,11.845602777296733,9,2.5200000000000005,2.5199999999999982,0.42000000000000015,0.0,0.0,0.21000000000000002,0.21000000000000002
1043,1,0,0,-0.05593056062517749,3.9440694393748226,37.99999999999997,33.99999999999997,82.22915745127025,11.810602777296731,9,2.52,2.5199999999999982,0.42000000000000015,0.0,0.0,0.21000000000000002,0.21000000000000002
1044,1,0,1,0.183725478047466,4.0,37.99999999999997,33.99999999999997,82.19415745127026,11.775602777296731,9,2.5200000000000005,2.5199999999999982,0.42000000000000015,0.0,0.0,0.21000000000000002,0.21000000000000002
1045,1,0,1,0.1840318628056994,4.0,37.99999999999997,33.99999999999997,82.15915745127026,11.740602777296731,9,2.5200000000000005,2.5199999999999982,0.42000000000000015,0.0,0.0,0.21000000000000002,0.21000000000000002
1046,1,0,0,-0.05597891921142542,3.9440210807885747,37.99999999999997,33.99999999999997,82.12415745127025,11.705602777296733,9,2.5200000000000005,2.5199999999999982,0.42000000000000015,0.0,0.0,0.21000000000000002,0.21000000000000002
1047,1,1,1,0.11901171520176146,4.0,37.99999999999997,33.99999999999997,82.08915745127027,12.02060277729673,9,2.5200000000000005,2.5199999999999982,0.42000000000000015,0.0,0.0,0.21000000000000002,0.21000000000000002
1048,1,0,1,0.18372027750745315,4.0,37.99999999999997,33.99999999999997,82.05415745127027,11.985602777296732,9,2.5200000000000005,2.5199999999999982,0.42000000000000015,0.0,0.0,0.21000000000000002,0.21000000000000002
1049,1,0,1,0.18404728658657296,4.0,37.99999999999997,33.99999999999997,82.01915745127027,11.95060277729673,9,2.5200000000000005,2.5199999999999982,0.42000000000000015,0.0,0.0,0.21000000000000002,0.21000000000000002
1050,1,0,1,0.18373288653503814,4.0,37.99999999999997,33.99999999999997,81.98415745127026,11.915602777296732,9,2.5200000000000005,2.5199999999999982,0.42000000000000015,0.0,0.0,0.21000000000000002,0.21000000000000002
1051,1,0,1,0.184044346751436,4.0,37.99999999999997,33.99999999999997,81.94915745127028,11.88060277729673,9,2.5200000000000005,2.5199999999999982,0.42000000000000015,0.0,0.0,0.21000000000000002,0.21000000000000002
1052,1,0,1,0.18406011555699658,4.0,37.99999999999997,33.99999999999997,81.91415745127028,11.845602777296731,9,2.5200000000000005,2.5199999999999982,0.42000000000000015,0.0,0.0,0.21000000000000002,0.21000000000000002
1053,1,0,1,0.1837248739022408,4.0,37.99999999999997,33.99999999999997,81.87915745127029,11.81060277729673,9,2.5200000000000005,2.5199999999999982,0.42000000000000015,0.0,0.0,0.21000000000000002,0.21000000000000002
1054,1,0,1,0.1840387021249121,4.0,37.99999999999997,33.99999999999997,81.84415745127028,11.775602777296731,9,2.5200000000000005,2.5199999999999982,0.42000000000000015,0.0,0.0,0.21000000000000002,0.21000000000000002
1055,1,0,1,0.18373741715304348,4.0,37.99999999999997,33.99999999999997,81.8091574512703,11.74060277729673,9,2.5200000000000005,2.5199999999999982,0.42000000000000015,0.0,0.0,0.21000000000000002,0.21000000000000002
1056,1,0,1,0.1840378601747001,4.0,37.99999999999997,33.99999999999997,81.7741574512703,11.70560277729673,9,2.5200000000000005,2.5199999999999982,0.42000000000000015,0.0,0.0,0.21000000000000002,0.21000000000000002
1057,1,0,0,-0.05626689576255164,3.9437331042374484,37.99999999999997,33.99999999999997,81.7391574512703,11.670602777296729,9,2.5200000000000005,2.5199999999999982,0.42000000000000015,0.0,0.0,0.21000000000000002,0.21000000000000002
1058,1,0,1,0.18373271801629149,4.0,37.99999999999997,33.99999999999997,81.70415745127029,11.63560277729673,9,2.5200000000000005,2.5199999999999982,0.42000000000000015,0.0,0.0,0.21000000000000002,0.21000000000000002
1059,1,0,1,0.18372428151399187,4.0,37.99999999999997,33.99999999999997,81.66915745127031,11.600602777296729,9,2.5200000000000005,2.5199999999999982,0.42000000000000015,0.0,0.0,0.21000000000000002,0.21000000000000002
1060,1,0,1,0.18401669005843793,4.0,37.99999999999997,33.99999999999997,81.63415745127031,11.56560277729673,9,2.5200000000000005,2.5199999999999982,0.42000000000000015,0.0,0.0,0.21000000000000002,0.21000000000000002
1061,1,0,1,0.1837230000208792,4.0,37.99999999999997,33.99999999999997,81.59915745127032,11.530602777296728,9,2.5200000000000005,2.5199999999999982,0.42000000000000015,0.0,0.0,0.21000000000000002,0.21000000000000002
1062,1,0,1,0.18373129216631034,4.0,37.99999999999997,33.99999999999997,81.5641574512703,11.49560277729673,9,2.5200000000000005,2.5199999999999982,0.42000000000000015,0.0,0.0,0.21000000000000002,0.21000000000000002
1063,1,0,1,0.18406738751244894,4.0,37.99999999999997,33.99999999999997,81.52915745127032,11.460602777296728,9,2.5200000000000005,2.5199999999999982,0.42000000000000015,0.0,0.0,0.21000000000000002,0.21000000000000002
1064,1,0,1,0.18399996059194262,4.0,37.99999999999997,33.99999999999997,81.49415745127033,11.42560277729673,9,2.5200000000000005,2.5199999999999982,0.42000000000000015,0.0,0.0,0.21000000000000002,0.21000000000000002
1065,1,0,1,0.18372887572808633,4.0,37.99999999999997,33.99999999999997,81.45915745127033,11.390602777296728,9,2.5200000000000005,2.5199999999999982,0.42000000000000015,0.0,0.0,0.21000000000000002,0.21000000000000002
1066,1,0,1,0.18372331372112977,4.0,37.99999999999997,33.99999999999997,81.42415745127032,11.35560277729673,9,2.5200000000000005,2.5199999999999982,0.42000000000000015,0.0,0.0,0.21000000000000002,0.21000000000000002
1067,1,0,1,0.18373906511023186,4.0,37.99999999999997,33.99999999999997,81.38915745127034,11.320602777296727,9,2.5200000000000005,2.5199999999999982,0.42000000000000015,0.0,0.0,0.21000000000000002,0.21000000000000002
1068,1,0,1,0.18402495612791284,4.0,37.99999999999997,33.99999999999997,81.35415745127034,11.28560277729673,9,2.5200000000000005,2.5199999999999982,0.42000000000000015,0.0,0.0,0.21000000000000002,0.21000000000000002
1069,1,0,0,-0.05626452493713041,3.9437354750628697,37.99999999999997,33.99999999999997,81.31915745127034,11.250602777296727,9,2.5200000000000005,2.5199999999999982,0.42000000000000015,0.0,0.0,0.21000000000000002,0.21000000000000002
1070,1,0,1,0.18372585558793078,4.0,37.99999999999997,33.99999999999997,81.28415745127033,11.215602777296729,9,2.5200000000000005,2.5199999999999982,0.42000000000000015,0.0,0.0,0.21000000000000002,0.21000000000000002
1071,1,0,1,0.18405242880995734,4.0,37.99999999999997,33.99999999999997,81.24915745127035,11.180602777296727,9,2.5200000000000005,2.5199999999999982,0.42000000000000015,0.0,0.0,0.21000000000000002,0.21000000000000002
1072,1,0,1,0.18373307734323252,4.0,37.99999999999997,33.99999999999997,81.21415745127035,11.145602777296729,9,2.5200000000000005,2.5199999999999982,0.42000000000000015,0.0,0.0,0.21000000000000002,0.21000000000000002
1073,1,0,1,0.1837262690265852,4.0,37.99999999999997,33.99999999999997,81.17915745127036,11.110602777296727,9,2.5200000000000005,2.5199999999999982,0.42000000000000015,0.0,0.0,0.21000000000000002,0.21000000000000002
1074,1,0,1,0.18373926382464578,4.0,37.99999999999997,33.99999999999997,81.14415745127035,11.075602777296728,9,2.5200000000000005,2.5199999999999982,0.42000000000000015,0.0,0.0,0.21000000000000002,0.21000000000000002
1075,1,0,1,0.1837388484309922,4.0,37.99999999999997,33.99999999999997,81.10915745127036,11.040602777296726,9,2.5200000000000005,2.5199999999999982,0.42000000000000015,0.0,0.0,0.21000000000000002,0.21000000000000002
1076,1,0,1,0.18373517029018863,4.0,37.99999999999997,33.99999999999997,81.07415745127037,11.005602777296728,9,2.5200000000000005,2.5199999999999982,0.42000000000000015,0.0,0.0,0.21000000000000002,0.21000000000000002
1077,1,0,1,0.1837299670417381,4.0,37.99999999999997,33.99999999999997,81.03915745127037,10.970602777296726,9,2.5200000000000005,2.5199999999999982,0.42000000000000015,0.0,0.0,0.21000000000000002,0.21000000000000002
1078,1,0,1,0.18406817229089184,4.0,37.99999999999997,33.99999999999997,81.00415745127036,10.935602777296728,9,2.5200000000000005,2.5199999999999982,0.42000000000000015,0.0,0.0,0.21000000000000002,0.21000000000000002
1079,1,0,1,0.18403573951907787,4.0,37.99999999999997,33.99999999999997,80.96915745127038,10.900602777296726,9,2.5200000000000005,2.5199999999999982,0.42000000000000015,0.0,0.0,0.21000000000000002,0.21000000000000002
1080,1,0,1,0.18373403940913055,4.0,37.99999999999997,33.99999999999997,80.93415745127038,10.865602777296727,9,2.5200000000000005,2.5199999999999982,0.42000000000000015,0.0,0.0,0.21000000000000002,0.21000000000000002
1081,1,0,1,0.18403527081117088,4.0,37.99999999999997,33.99999999999997,80.89915745127038,10.830602777296725,9,2.5200000000000005,2.5199999999999982,0.42000000000000015,0.0,0.0,0.21000000000000002,0.21000000000000002
1082,1,0,1,0.1837253467564257,4.0,37.99999999999997,33.99999999999997,80.86415745127037,10.795602777296727,9,2.5200000000000005,2.5199999999999982,0.42000000000000015,0.0,0.0,0.21000000000000002,0.21000000000000002
1083,1,0,0,-0.05626230630399916,3.9437376936960007,37.99999999999997,33.99999999999997,80.82915745127039,10.760602777296725,9,2.5200000000000005,2.5199999999999982,0.42000000000000015,0.0,0.0,0.21000000000000002,0.21000000000000002
1084,1,0,1,0.1837258260232444,4.0,37.99999999999997,33.99999999999997,80.7941574512704,10.725602777296727,9,2.5200000000000005,2.5199999999999982,0.42000000000000015,0.0,0.0,0.21000000000000002,0.21000000000000002
1085,1,0,1,0.184025538185615,4.0,37.99999999999997,33.99999999999997,80.7591574512704,10.690602777296725,9,2.5200000000000005,2.5199999999999982,0.42000000000000015,0.0,0.0,0.21000000000000002,0.21000000000000002
1086,1,0,1,0.1837392883289103,4.0,37.99999999999997,33.99999999999997,80.72415745127039,10.655602777296727,9,2.5200000000000005,2.5199999999999982,0.42000000000000015,0.0,0.0,0.21000000000000002,0.21000000000000002
1087,1,0,1,0.18373318452803672,4.0,37.99999999999997,33.99999999999997,80.6891574512704,10.620602777296725,9,2.5200000000000005,2.5199999999999982,0.42000000000000015,0.0,0.0,0.21000000000000002,0.21000000000000002
1088,1,1,1,0.11901343696309155,4.0,37.99999999999997,33.99999999999997,80.65415745127041,10.935602777296724,9,2.5200000000000005,2.5199999999999982,0.42000000000000015,0.0,0.0,0.21000000000000002,0.21000000000000002
1089,1,0,1,0.18372584271859577,4.0,37.99999999999997,33.99999999999997,80.61915745127041,10.900602777296726,9,2.5200000000000005,2.5199999999999982,0.42000000000000015,0.0,0.0,0.21000000000000002,0.21000000000000002
1090,1,0,1,0.18373730123801335,4.0,37.99999999999997,33.99999999999997,80.5841574512704,10.865602777296724,9,2.5200000000000005,2.5199999999999982,0.42000000000000015,0.0,0.0,0.21000000000000002,0.21000000000000002
1091,1,2,1,0.11874077245671047,4.0,37.99999999999997,33.99999999999997,80.89915745127041,10.830602777296724,9,2.5200000000000005,2.5199999999999982,0.42000000000000015,0.0,0.0,0.21000000000000002,0.21000000000000002
1092,1,0,1,0.1840029713571001,4.0,37.99999999999997,33.99999999999997,80.86415745127042,10.795602777296724,9,2.5200000000000005,2.5199999999999982,0.42000000000000015,0.0,0.0,0.21000000000000002,0.21000000000000002
1093,1,0,1,0.18403929371243674,4.0,37.99999999999997,33.99999999999997,80.8291574512704,10.760602777296725,9,2.5200000000000005,2.5199999999999982,0.42000000000000015,0.0,0.0,0.21000000000000002,0.21000000000000002
1094,1,0,1,0.18375010335663772,4.0,37.99999999999997,33.99999999999997,80.79415745127042,10.725602777296723,9,2.5200000000000005,2.5199999999999982,0.42000000000000015,0.0,0.0,0.21000000000000002,0.21000000000000002
1095,1,1,0,-0.12125491282850918,3.878745087171491,37.99999999999997,33.99999999999997,80.75915745127043,11.040602777296725,9,2.5200000000000005,2.5199999999999982,0.42000000000000015,0.0,0.0,0.21000000000000002,0.21000000000000002
1096,1,0,1,0.18401242679589172,4.0,37.99999999999997,33.99999999999997,80.72415745127043,11.005602777296723,9,2.5200000000000005,2.5199999999999982,0.42000000000000015,0.0,0.0,0.21000000000000002,0.21000000000000002
1097,1,0,1,0.1837373067550841,4.0,37.99999999999997,33.99999999999997,80.68915745127042,10.970602777296724,9,2.5200000000000005,2.5199999999999982,0.42000000000000015,0.0,0.0,0.21000000000000002,0.21000000000000002
1098,1,0,1,0.18372980798485483,4.0,37.99999999999997,33.99999999999997,80.65415745127044,10.935602777296722,9,2.5200000000000005,2.5199999999999982,0.42000000000000015,0.0,0.0,0.21000000000000002,0.21000000000000002
1099,1,0,1,0.18402010949921,4.0,37.99999999999997,33.99999999999997,80.61915745127044,10.900602777296724,9,2.5200000000000005,2.5199999999999982,0.42000000000000015,0.0,0.0,0.21000000000000002,0.21000000000000002
1100,1,0,1,0.1837473090359776,4.0,37.99999999999997,33.99999999999997,80.58415745127044,10.865602777296722,9,2.5200000000000005,2.5199999999999982,0.42000000000000015,0.0,0.0,0.21000000000000002,0.21000000000000002
1101,1,0,1,0.1840532382479508,4.0,37.99999999999997,33.99999999999997,80.54915745127043,10.830602777296724,9,2.5200000000000005,2.5199999999999982,0.42000000000000015,0.0,0.0,0.21000000000000002,0.21000000000000002
1102,1,0,1,0.18401796477966129,4.0,37.99999999999997,33.99999999999997,80.51415745127045,10.795602777296722,9,2.5200000000000005,2.5199999999999982,0.42000000000000015,0.0,0.0,0.21000000000000002,0.21000000000000002
1103,1,0,1,0.18407509398730815,4.0,37.99999999999997,33.99999999999997,80.47915745127045,10.760602777296723,9,2.5200000000000005,2.5199999999999982,0.42000000000000015,0.0,0.0,0.21000000000000002,0.21000000000000002
1104,1,0,1,0.1840394870265042,4.0,37.99999999999997,33.99999999999997,80.44415745127046,10.725602777296722,9,2.5200000000000005,2.5199999999999982,0.42000000000000015,0.0,0.0,0.21000000000000002,0.21000000000000002
1105,1,0,1,0.18399102471609918,4.0,37.99999999999997,33.99999999999997,80.40915745127045,10.690602777296723,9,2.5200000000000005,2.5199999999999982,0.42000000000000015,0.0,0.0,0.21000000000000002,0.21000000000000002
1106,1,0,0,-0.0562524186319176,3.9437475813680822,37.99999999999997,33.99999999999997,80.37415745127046,10.655602777296721,9,2.5200000000000005,2.5199999999999982,0.42000000000000015,0.0,0.0,0.21000000000000002,0.21000000000000002
1107,1,0,1,0.18403087553164538,4.0,37.99999999999997,33.99999999999997,80.33915745127047,10.620602777296723,9,2.5200000000000005,2.5199999999999982,0.42000000000000015,0.0,0.0,0.21000000000000002,0.21000000000000002
1108,1,0,1,0.18403297725221907,4.0,37.99999999999997,33.99999999999997,80.30415745127047,10.585602777296721,9,2.5200000000000005,2.5199999999999982,0.42000000000000015,0.0,0.0,0.21000000000000002,0.21000000000000002
1109,1,2,1,0.11901324685122411,4.0,37.99999999999997,33.99999999999997,80.61915745127047,10.550602777296723,9,2.5200000000000005,2.5199999999999982,0.42000000000000015,0.0,0.0,0.21000000000000002,0.21000000000000002
1110,1,0,1,0.18373239975202313,4.0,37.99999999999997,33.99999999999997,80.58415745127047,10.51560277729672,9,2.5200000000000005,2.5199999999999982,0.42000000000000015,0.0,0.0,0.21000000000000002,0.21000000000000002
1111,1,0,1,0.18403587014150555,4.0,37.99999999999997,33.99999999999997,80.54915745127047,10.480602777296722,9,2.5200000000000005,2.5199999999999982,0.42000000000000015,0.0,0.0,0.21000000000000002,0.21000000000000002
1112,1,0,1,0.1837495619208901,4.0,37.99999999999997,33.99999999999997,80.51415745127046,10.44560277729672,9,2.5200000000000005,2.5199999999999982,0.42000000000000015,0.0,0.0,0.21000000000000002,0.21000000000000002
1113,1,0,1,0.18374405601276583,4.0,37.99999999999997,33.99999999999997,80.47915745127048,10.410602777296722,9,2.5200000000000005,2.5199999999999982,0.42000000000000015,0.0,0.0,0.21000000000000002,0.21000000000000002
1114,1,0,1,0.18373937776214105,4.0,37.99999999999997,33.99999999999997,80.44415745127048,10.37560277729672,9,2.5200000000000005,2.5199999999999982,0.42000000000000015,0.0,0.0,0.21000000000000002,0.21000000000000002
1115,1,0,1,0.18373152739758486,4.0,37.99999999999997,33.99999999999997,80.40915745127049,10.340602777296722,9,2.5200000000000005,2.5199999999999982,0.42000000000000015,0.0,0.0,0.21000000000000002,0.21000000000000002
1116,1,1,1,0.11874209171246537,4.0,37.99999999999997,33.99999999999997,80.37415745127048,10.655602777296721,9,2.5200000000000005,2.5199999999999982,0.42000000000000015,0.0,0.0,0.21000000000000002,0.21000000000000002
1117,1,0,0,-0.05598472058467384,3.9440152794153263,37.99999999999997,33.99999999999997,80.3391574512705,10.62060277729672,9,2.5200000000000005,2.5199999999999982,0.42000000000000015,0.0,0.0,0.21000000000000002,0.21000000000000002
1118,1,0,0,-0.05599132968060213,3.888023949734724,37.99999999999997,33.99999999999997,80.3041574512705,10.58560277729672,9,2.5200000000000005,2.5199999999999982,0.42000000000000015,0.0,0.0,0.21000000000000002,0.21000000000000002
1119,1,0,1,0.1837310394513851,4.0,37.99999999999997,33.99999999999997,80.2691574512705,10.550602777296719,9,2.5200000000000005,2.5199999999999982,0.42000000000000015,0.0,0.0,0.21000000000000002,0.21000000000000002
1120,1,0,1,0.1840536729966329,4.0,37.99999999999997,33.99999999999997,80.23415745127049,10.51560277729672,9,2.5200000000000005,2.5199999999999982,0.42000000000000015,0.0,0.0,0.21000000000000002,0.21000000000000002
1121,1,0,1,0.18403012143187908,4.0,37.99999999999997,33.99999999999997,80.19915745127051,10.480602777296719,9,2.5200000000000005,2.5199999999999982,0.42000000000000015,0.0,0.0,0.21000000000000002,0.21000000000000002
1122,1,0,1,0.18401767343473413,4.0,37.99999999999997,33.99999999999997,80.16415745127051,10.445602777296719,9,2.5200000000000005,2.5199999999999982,0.42000000000000015,0.0,0.0,0.21000000000000002,0.21000000000000002
1123,1,0,0,-0.0562714740914603,3.9437285259085395,37.99999999999997,33.99999999999997,80.12915745127052,10.410602777296718,9,2.5200000000000005,2.5199999999999982,0.42000000000000015,0.0,0.0,0.21000000000000002,0.21000000000000002
1124,1,0,1,0.18401659728613445,4.0,37.99999999999997,33.99999999999997,80.0941574512705,10.37560277729672,9,2.5200000000000005,2.5199999999999982,0.42000000000000015,0.0,0.0,0.21000000000000002,0.21000000000000002
1125,1,0,1,0.18373966777231346,4.0,37.99999999999997,33.99999999999997,80.05915745127052,10.340602777296718,9,2.5200000000000005,2.5199999999999982,0.42000000000000015,0.0,0.0,0.21000000000000002,0.21000000000000002
1126,1,0,1,0.1837419222615588,4.0,37.99999999999997,33.99999999999997,80.02415745127053,10.305602777296718,9,2.5200000000000005,2.5199999999999982,0.42000000000000015,0.0,0.0,0.21000000000000002,0.21000000000000002
1127,1,1,1,0.11872898651219656,4.0,37.99999999999997,33.99999999999997,79.98915745127053,10.620602777296718,9,2.5200000000000005,2.5199999999999982,0.42000000000000015,0.0,0.0,0.21000000000000002,0.21000000000000002
1128,1,0,1,0.1837285291222839,4.0,37.99999999999997,33.99999999999997,79.95415745127052,10.58560277729672,9,2.5200000000000005,2.5199999999999982,0.42000000000000015,0.0,0.0,0.21000000000000002,0.21000000000000002
1129,1,2,1,0.11902765073273802,4.0,37.99999999999997,33.99999999999997,80.26915745127053,10.550602777296717,9,2.5200000000000005,2.5199999999999982,0.42000000000000015,0.0,0.0,0.21000000000000002,0.21000000000000002
1130,1,0,1,0.18401640868993002,4.0,37.99999999999997,33.99999999999997,80.23415745127053,10.515602777296719,9,2.5200000000000005,2.5199999999999982,0.42000000000000015,0.0,0.0,0.21000000000000002,0.21000000000000002
1131,1,0,1,0.18401835753779486,4.0,37.99999999999997,33.99999999999997,80.19915745127052,10.480602777296717,9,2.5200000000000005,2.5199999999999982,0.42000000000000015,0.0,0.0,0.21000000000000002,0.21000000000000002
1132,1,0,1,0.1837288043149032,4.0,37.99999999999997,33.99999999999997,80.16415745127054,10.445602777296719,9,2.5200000000000005,2.5199999999999982,0.42000000000000015,0.0,0.0,0.21000000000000002,0.21000000000000002
1133,1,0,1,0.18400688255495426,4.0,37.99999999999997,33.99999999999997,80.12915745127054,10.410602777296717,9,2.5200000000000005,2.5199999999999982,0.42000000000000015,0.0,0.0,0.21000000000000002,0.21000000000000002
1134,1,0,0,-0.0559809040881438,3.944019095911856,37.99999999999997,33.99999999999997,80.09415745127055,10.375602777296718,9,2.5200000000000005,2.5199999999999982,0.42000000000000015,0.0,0.0,0.21000000000000002,0.21000000000000002
1135,1,0,0,-0.055961239160741964,3.8880578567511144,37.99999999999997,33.99999999999997,80.05915745127054,10.340602777296716,9,2.5200000000000005,2.5199999999999982,0.42000000000000015,0.0,0.0,0.21000000000000002,0.21000000000000002
1136,1,1,1,0.11873804956016172,4.0,37.99999999999997,33.99999999999997,80.02415745127055,10.655602777296716,9,2.5200000000000005,2.5199999999999982,0.42000000000000015,0.0,0.0,0.21000000000000002,0.21000000000000002
1137,1,0,1,0.183734473769801,4.0,37.99999999999997,33.99999999999997,79.98915745127056,10.620602777296716,9,2.5200000000000005,2.5199999999999982,0.42000000000000015,0.0,0.0,0.21000000000000002,0.21000000000000002
1138,1,0,0,-0.055976876117610715,3.9440231238823893,37.99999999999997,33.99999999999997,79.95415745127056,10.585602777296716,9,2.5200000000000005,2.5199999999999982,0.42000000000000015,0.0,0.0,0.21000000000000002,0.21000000000000002
1139,1,0,1,0.18404347839539656,4.0,37.99999999999997,33.99999999999997,79.91915745127055,10.550602777296717,9,2.5200000000000005,2.5199999999999982,0.42000000000000015,0.0,0.0,0.21000000000000002,0.21000000000000002
1140,1,0,1,0.18374326258720014,4.0,37.99999999999997,33.99999999999997,79.88415745127057,10.515602777296715,9,2.5200000000000005,2.5199999999999982,0.42000000000000015,0.0,0.0,0.21000000000000002,0.21000000000000002
1141,1,0,1,0.1837247940116844,4.0,37.99999999999997,33.99999999999997,79.84915745127057,10.480602777296715,9,2.5200000000000005,2.5199999999999982,0.42000000000000015,0.0,0.0,0.21000000000000002,0.21000000000000002
1142,1,0,1,0.18372943060243008,4.0,37.99999999999997,33.99999999999997,79.81415745127057,10.445602777296715,9,2.5200000000000005,2.5199999999999982,0.42000000000000015,0.0,0.0,0.21000000000000002,0.21000000000000002
1143,1,2,1,0.11873671657184683,4.0,37.99999999999997,33.99999999999997,80.12915745127057,10.410602777296717,9,2.5200000000000005,2.5199999999999982,0.42000000000000015,0.0,0.0,0.21000000000000002,0.21000000000000002
1144,1,1,1,0.11873331777258875,4.0,37.99999999999997,33.99999999999997,80.09415745127058,10.725602777296714,9,2.5200000000000005,2.5199999999999982,0.42000000000000015,0.0,0.0,0.21000000000000002,0.21000000000000002
1145,1,0,1,0.18373016042055476,4.0,37.99999999999997,33.99999999999997,80.05915745127058,10.690602777296716,9,2.5200000000000005,2.5199999999999982,0.42000000000000015,0.0,0.0,0.21000000000000002,0.21000000000000002
1146,1,0,1,0.18374284990512663,4.0,37.99999999999997,33.99999999999997,80.02415745127057,10.655602777296714,9,2.5200000000000005,2.5199999999999982,0.42000000000000015,0.0,0.0,0.21000000000000002,0.21000000000000002
1147,1,0,1,0.18375270988755948,4.0,37.99999999999997,33.99999999999997,79.98915745127059,10.620602777296716,9,2.5200000000000005,2.5199999999999982,0.42000000000000015,0.0,0.0,0.21000000000000002,0.21000000000000002
1148,1,0,1,0.18400100721776302,4.0,37.99999999999997,33.99999999999997,79.95415745127059,10.585602777296714,9,2.5200000000000005,2.5199999999999982,0.42000000000000015,0.0,0.0,0.21000000000000002,0.21000000000000002
1149,1,0,1,0.18371787127768113,4.0,37.99999999999997,33.99999999999997,79.91915745127059,10.550602777296715,9,2.5200000000000005,2.5199999999999982,0.42000000000000015,0.0,0.0,0.21000000000000002,0.21000000000000002
1150,1,0,1,0.18374262538599936,4.0,37.99999999999997,33.99999999999997,79.88415745127058,10.515602777296714,9,2.5200000000000005,2.5199999999999982,0.42000000000000015,0.0,0.0,0.21000000000000002,0.21000000000000002
1151,1,0,1,0.18373489145992605,4.0,37.99999999999997,33.99999999999997,79.8491574512706,10.480602777296715,9,2.5200000000000005,2.5199999999999982,0.42000000000000015,0.0,0.0,0.21000000000000002,0.21000000000000002
1152,1,0,0,-0.05598159587454061,3.9440184041254596,37.99999999999997,33.99999999999997,79.8141574512706,10.445602777296713,10,2.5200000000000005,2.5199999999999982,0.42000000000000015,0.0,0.0,0.21000000000000002,0.21000000000000002
1153,1,0,1,0.18372123425919046,4.0,37.99999999999997,33.99999999999997,79.7791574512706,10.410602777296715,10,2.5200000000000005,2.5199999999999982,0.42000000000000015,0.0,0.0,0.21000000000000002,0.21000000000000002
1154,1,0,1,0.18400990600914136,4.0,37.99999999999997,33.99999999999997,79.7441574512706,10.375602777296713,10,2.5200000000000005,2.5199999999999982,0.42000000000000015,0.0,0.0,0.21000000000000002,0.21000000000000002
1155,1,0,1,0.18405031144799186,4.0,37.99999999999997,33.99999999999997,79.70915745127061,10.340602777296715,10,2.5200000000000005,2.5199999999999982,0.42000000000000015,0.0,0.0,0.21000000000000002,0.21000000000000002
1156,1,0,1,0.1837278091336805,4.0,37.99999999999997,33.99999999999997,79.67415745127062,10.305602777296713,10,2.5200000000000005,2.5199999999999982,0.42000000000000015,0.0,0.0,0.21000000000000002,0.21000000000000002
1157,1,0,1,0.18401279800484202,4.0,37.99999999999997,33.99999999999997,79.63915745127062,10.270602777296714,10,2.5200000000000005,2.5199999999999982,0.42000000000000015,0.0,0.0,0.21000000000000002,0.21000000000000002
1158,1,0,1,0.18401250578056247,4.0,37.99999999999997,33.99999999999997,79.60415745127061,10.235602777296712,10,2.5200000000000005,2.5199999999999982,0.42000000000000015,0.0,0.0,0.21000000000000002,0.21000000000000002
1159,1,0,1,0.18402647494980226,4.0,37.99999999999997,33.99999999999997,79.56915745127063,10.200602777296714,10,2.5200000000000005,2.5199999999999982,0.42000000000000015,0.0,0.0,0.21000000000000002,0.21000000000000002
1160,1,0,1,0.18373081398747812,4.0,37.99999999999997,33.99999999999997,79.53415745127063,10.165602777296712,10,2.5200000000000005,2.5199999999999982,0.42000000000000015,0.0,0.0,0.21000000000000002,0.21000000000000002
1161,1,0,1,0.18403152742851053,4.0,37.99999999999997,33.99999999999997,79.49915745127063,10.130602777296714,10,2.5200000000000005,2.5199999999999982,0.42000000000000015,0.0,0.0,0.21000000000000002,0.21000000000000002
1162,1,0,1,0.18372957567929316,4.0,37.99999999999997,33.99999999999997,79.46415745127062,10.095602777296712,10,2.5200000000000005,2.5199999999999982,0.42000000000000015,0.0,0.0,0.21000000000000002,0.21000000000000002
1163,1,0,1,0.1837512421055083,4.0,37.99999999999997,33.99999999999997,79.42915745127064,10.060602777296713,10,2.5200000000000005,2.5199999999999982,0.42000000000000015,0.0,0.0,0.21000000000000002,0.21000000000000002
1164,1,0,1,0.18373485562269787,4.0,37.99999999999997,33.99999999999997,79.39415745127064,10.025602777296712,10,2.5200000000000005,2.5199999999999982,0.42000000000000015,0.0,0.0,0.21000000000000002,0.21000000000000002
1165,1,0,1,0.18373145426510698,4.0,37.99999999999997,33.99999999999997,79.35915745127065,9.990602777296713,10,2.5200000000000005,2.5199999999999982,0.42000000000000015,0.0,0.0,0.21000000000000002,0.21000000000000002
1166,1,0,1,0.18372752984885077,4.0,37.99999999999997,33.99999999999997,79.32415745127064,9.955602777296711,10,2.5200000000000005,2.5199999999999982,0.42000000000000015,0.0,0.0,0.21000000000000002,0.21000000000000002
1167,1,1,1,0.11903537044096432,4.0,37.99999999999997,33.99999999999997,79.28915745127065,10.27060277729671,10,2.5200000000000005,2.5199999999999982,0.42000000000000015,0.0,0.0,0.21000000000000002,0.21000000000000002
1168,1,0,1,0.18371691444039356,4.0,37.99999999999997,33.99999999999997,79.25415745127066,10.23560277729671,10,2.5200000000000005,2.5199999999999982,0.42000000000000015,0.0,0.0,0.21000000000000002,0.21000000000000002
1169,1,2,1,0.11872831222774503,4.0,37.99999999999997,33.99999999999997,79.56915745127064,10.20060277729671,10,2.5200000000000005,2.5199999999999982,0.42000000000000015,0.0,0.0,0.21000000000000002,0.21000000000000002
1170,1,0,1,0.18403691269713057,4.0,37.99999999999997,33.99999999999997,79.53415745127066,10.165602777296712,10,2.5200000000000005,2.5199999999999982,0.42000000000000015,0.0,0.0,0.21000000000000002,0.21000000000000002
1171,1,0,0,-0.0562731608746549,3.943726839125345,37.99999999999997,33.99999999999997,79.49915745127066,10.13060277729671,10,2.5200000000000005,2.5199999999999982,0.42000000000000015,0.0,0.0,0.21000000000000002,0.21000000000000002
1172,1,0,1,0.18406185037734119,4.0,37.99999999999997,33.99999999999997,79.46415745127067,10.09560277729671,10,2.52,2.5199999999999982,0.42000000000000015,0.0,0.0,0.21000000000000002,0.21000000000000002
1173,1,0,0,-0.05626157342397622,3.9437384265760236,37.99999999999997,33.99999999999997,79.42915745127065,10.06060277729671,10,2.5200000000000005,2.5199999999999982,0.42000000000000015,0.0,0.0,0.21000000000000002,0.21000000000000002
1174,1,0,0,-0.05597207585440199,3.8877663507216216,37.99999999999997,33.99999999999997,79.39415745127067,10.025602777296712,10,2.5200000000000005,2.5199999999999982,0.42000000000000015,0.0,0.0,0.21000000000000002,0.21000000000000002
1175,1,0,1,0.1837270144062775,4.0,37.99999999999997,33.99999999999997,79.35915745127068,9.99060277729671,10,2.5200000000000005,2.5199999999999982,0.42000000000000015,0.0,0.0,0.21000000000000002,0.21000000000000002
1176,1,0,1,0.1840113326589913,4.0,37.99999999999997,33.99999999999997,79.32415745127068,9.95560277729671,10,2.5200000000000005,2.5199999999999982,0.42000000000000015,0.0,0.0,0.21000000000000002,0.21000000000000002
1177,1,0,1,0.18406080215070017,4.0,37.99999999999997,33.99999999999997,79.28915745127067,9.92060277729671,10,2.5200000000000005,2.5199999999999982,0.42000000000000015,0.0,0.0,0.21000000000000002,0.21000000000000002
1178,1,0,1,0.18373367469136984,4.0,37.99999999999997,33.99999999999997,79.25415745127069,9.885602777296711,10,2.5200000000000005,2.5199999999999982,0.42000000000000015,0.0,0.0,0.21000000000000002,0.21000000000000002
1179,1,0,1,0.18373157608434096,4.0,37.99999999999997,33.99999999999997,79.21915745127069,9.850602777296709,10,2.5200000000000005,2.5199999999999982,0.42000000000000015,0.0,0.0,0.21000000000000002,0.21000000000000002
1180,1,0,1,0.18373346022243056,4.0,37.99999999999997,33.99999999999997,79.18415745127069,9.815602777296709,10,2.5200000000000005,2.5199999999999982,0.42000000000000015,0.0,0.0,0.21000000000000002,0.21000000000000002
1181,1,0,1,0.18374379262879453,4.0,37.99999999999997,33.99999999999997,79.14915745127068,9.780602777296709,10,2.5200000000000005,2.5199999999999982,0.42000000000000015,0.0,0.0,0.21000000000000002,0.21000000000000002
1182,1,0,1,0.1840367545606364,4.0,37.99999999999997,33.99999999999997,79.1141574512707,9.74560277729671,10,2.5200000000000005,2.5199999999999982,0.42000000000000015,0.0,0.0,0.21000000000000002,0.21000000000000002
1183,1,0,1,0.1840099952420218,4.0,37.99999999999997,33.99999999999997,79.0791574512707,9.710602777296709,10,2.5200000000000005,2.5199999999999982,0.42000000000000015,0.0,0.0,0.21000000000000002,0.21000000000000002
1184,1,0,1,0.1839812185771678,4.0,37.99999999999997,33.99999999999997,79.0441574512707,9.675602777296708,10,2.5200000000000005,2.5199999999999982,0.42000000000000015,0.0,0.0,0.21000000000000002,0.21000000000000002
1185,1,0,0,-0.05626265706148072,3.9437373429385194,37.99999999999997,33.99999999999997,79.0091574512707,9.640602777296708,10,2.5200000000000005,2.5199999999999982,0.42000000000000015,0.0,0.0,0.21000000000000002,0.21000000000000002
1186,1,0,1,0.1840518269182763,4.0,37.99999999999997,33.99999999999997,78.97415745127071,9.60560277729671,10,2.5200000000000005,2.5199999999999982,0.42000000000000015,0.0,0.0,0.21000000000000002,0.21000000000000002
1187,1,0,1,0.18373666743271058,4.0,37.99999999999997,33.99999999999997,78.93915745127072,9.570602777296708,10,2.5200000000000005,2.5199999999999982,0.42000000000000015,0.0,0.0,0.21000000000000002,0.21000000000000002
1188,1,0,1,0.18374052586242656,4.0,37.99999999999997,33.99999999999997,78.90415745127072,9.535602777296708,10,2.5200000000000005,2.5199999999999982,0.42000000000000015,0.0,0.0,0.21000000000000002,0.21000000000000002
1189,1,0,1,0.183738660276212,4.0,37.99999999999997,33.99999999999997,78.86915745127071,9.500602777296708,10,2.5200000000000005,2.5199999999999982,0.42000000000000015,0.0,0.0,0.21000000000000002,0.21000000000000002
1190,1,0,1,0.18372522951152578,4.0,37.99999999999997,33.99999999999997,78.83415745127073,9.46560277729671,10,2.5200000000000005,2.5199999999999982,0.42000000000000015,0.0,0.0,0.21000000000000002,0.21000000000000002
1191,1,0,1,0.18401996003659457,4.0,37.99999999999997,33.99999999999997,78.79915745127073,9.430602777296707,10,2.5200000000000005,2.5199999999999982,0.42000000000000015,0.0,0.0,0.21000000000000002,0.21000000000000002
1192,1,2,1,0.11873591587226534,4.0,37.99999999999997,33.99999999999997,79.11415745127071,9.395602777296707,10,2.5200000000000005,2.5199999999999982,0.42000000000000015,0.0,0.0,0.21000000000000002,0.21000000000000002
1193,1,0,1,0.18404001254827418,4.0,37.99999999999997,33.99999999999997,79.07915745127073,9.360602777296707,10,2.5200000000000005,2.5199999999999982,0.42000000000000015,0.0,0.0,0.21000000000000002,0.21000000000000002
1194,1,0,1,0.1837554889630981,4.0,37.99999999999997,33.99999999999997,79.04415745127073,9.325602777296709,10,2.5200000000000005,2.5199999999999982,0.42000000000000015,0.0,0.0,0.21000000000000002,0.21000000000000002
1195,1,0,1,0.18375361605697818,4.0,37.99999999999997,33.99999999999997,79.00915745127074,9.290602777296707,10,2.5200000000000005,2.5199999999999982,0.42000000000000015,0.0,0.0,0.21000000000000002,0.21000000000000002
1196,1,0,1,0.18373421772374374,4.0,37.99999999999997,33.99999999999997,78.97415745127073,9.255602777296707,10,2.5200000000000005,2.5199999999999982,0.42000000000000015,0.0,0.0,0.21000000000000002,0.21000000000000002
1197,1,0,1,0.18403425509640317,4.0,37.99999999999997,33.99999999999997,78.93915745127075,9.220602777296707,10,2.5200000000000005,2.5199999999999982,0.42000000000000015,0.0,0.0,0.21000000000000002,0.21000000000000002
1198,1,1,1,0.11873905953034894,4.0,37.99999999999997,33.99999999999997,78.90415745127075,9.535602777296708,10,2.5200000000000005,2.5199999999999982,0.42000000000000015,0.0,0.0,0.21000000000000002,0.21000000000000002
1199,1,1,1,0.1187456066206888,4.0,37.99999999999997,33.99999999999997,78.86915745127075,9.850602777296706,10,2.5200000000000005,2.5199999999999982,0.42000000000000015,0.0,0.0,0.21000000000000002,0.21000000000000002
1200,1,0,1,0.18403186424658818,4.0,37.99999999999997,33.99999999999997,78.83415745127074,9.815602777296705,10,2.5200000000000005,2.5199999999999982,0.42000000000000015,0.0,0.0,0.21000000000000002,0.21000000000000002
1201,1,0,1,0.18403801683001694,4.0,37.99999999999997,33.99999999999997,78.79915745127076,9.780602777296707,10,2.5200000000000005,2.5199999999999982,0.42000000000000015,0.0,0.0,0.21000000000000002,0.21000000000000002
1202,1,0,1,0.18402424771576747,4.0,37.99999999999997,33.99999999999997,78.76415745127076,9.745602777296705,10,2.5200000000000005,2.5199999999999982,0.42000000000000015,0.0,0.0,0.21000000000000002,0.21000000000000002
1203,1,0,1,0.18372271862811737,4.0,37.99999999999997,33.99999999999997,78.72915745127077,9.710602777296705,10,2.5200000000000005,2.5199999999999982,0.42000000000000015,0.0,0.0,0.21000000000000002,0.21000000000000002
1204,1,1,1,0.11872423034200344,4.0,37.99999999999997,33.99999999999997,78.69415745127075,10.025602777296704,10,2.5200000000000005,2.5199999999999982,0.42000000000000015,0.0,0.0,0.21000000000000002,0.21000000000000002
1205,1,1,1,0.11872061030014944,4.0,37.99999999999997,33.99999999999997,78.65915745127077,10.340602777296704,10,2.5200000000000005,2.5199999999999982,0.42000000000000015,0.0,0.0,0.21000000000000002,0.21000000000000002
1206,1,1,1,0.11872275058752628,4.0,37.99999999999997,33.99999999999997,78.62415745127078,10.655602777296705,10,2.5200000000000005,2.5199999999999982,0.42000000000000015,0.0,0.0,0.21000000000000002,0.21000000000000002
1207,1,0,1,0.18401302750610743,4.0,37.99999999999997,33.99999999999997,78.58915745127078,10.620602777296703,10,2.5200000000000005,2.5199999999999982,0.42000000000000015,0.0,0.0,0.21000000000000002,0.21000000000000002
1208,1,0,1,0.18372278835876868,4.0,37.99999999999997,33.99999999999997,78.55415745127077,10.585602777296705,10,2.5200000000000005,2.5199999999999982,0.42000000000000015,0.0,0.0,0.21000000000000002,0.21000000000000002
1209,1,0,0,-0.05626360386036356,3.9437363961396366,37.99999999999997,33.99999999999997,78.51915745127079,10.550602777296703,10,2.5200000000000005,2.5199999999999982,0.42000000000000015,0.0,0.0,0.21000000000000002,0.21000000000000002
1210,1,0,1,0.18400991769454733,4.0,37.99999999999997,33.99999999999997,78.48415745127079,10.515602777296705,10,2.5200000000000005,2.5199999999999982,0.42000000000000015,0.0,0.0,0.21000000000000002,0.21000000000000002
1211,1,1,1,0.11872869716875693,4.0,37.99999999999997,33.99999999999997,78.44915745127079,10.830602777296704,10,2.5200000000000005,2.5199999999999982,0.42000000000000015,0.0,0.0,0.21000000000000002,0.21000000000000002
1212,1,0,1,0.1837422483140962,4.0,37.99999999999997,33.99999999999997,78.41415745127078,10.795602777296702,10,2.5200000000000005,2.5199999999999982,0.42000000000000015,0.0,0.0,0.21000000000000002,0.21000000000000002
1213,1,0,1,0.18373082320406053,4.0,37.99999999999997,33.99999999999997,78.3791574512708,10.760602777296702,10,2.5200000000000005,2.5199999999999982,0.42000000000000015,0.0,0.0,0.21000000000000002,0.21000000000000002
1214,1,0,1,0.1837296101599324,4.0,37.99999999999997,33.99999999999997,78.3441574512708,10.725602777296702,10,2.5200000000000005,2.5199999999999982,0.42000000000000015,0.0,0.0,0.21000000000000002,0.21000000000000002
1215,1,0,1,0.18372750252258416,4.0,37.99999999999997,33.99999999999997,78.3091574512708,10.690602777296704,10,2.5200000000000005,2.5199999999999982,0.42000000000000015,0.0,0.0,0.21000000000000002,0.21000000000000002
1216,1,0,1,0.18372362908882142,4.0,37.99999999999997,33.99999999999997,78.2741574512708,10.655602777296702,10,2.5200000000000005,2.5199999999999982,0.42000000000000015,0.0,0.0,0.21000000000000002,0.21000000000000002
1217,1,0,1,0.1839840452360814,4.0,37.99999999999997,33.99999999999997,78.23915745127081,10.620602777296702,10,2.5200000000000005,2.5199999999999982,0.42000000000000015,0.0,0.0,0.21000000000000002,0.21000000000000002
1218,1,0,1,0.18404903114958995,4.0,37.99999999999997,33.99999999999997,78.20415745127082,10.585602777296701,10,2.5200000000000005,2.5199999999999982,0.42000000000000015,0.0,0.0,0.21000000000000002,0.21000000000000002
1219,1,0,1,0.18373212399404493,4.0,37.99999999999997,33.99999999999997,78.16915745127082,10.550602777296703,10,2.5200000000000005,2.5199999999999982,0.42000000000000015,0.0,0.0,0.21000000000000002,0.21000000000000002
1220,1,0,1,0.18403546554489422,4.0,37.99999999999997,33.99999999999997,78.13415745127081,10.515602777296701,10,2.5200000000000005,2.5199999999999982,0.42000000000000015,0.0,0.0,0.21000000000000002,0.21000000000000002
1221,1,0,1,0.18372609908401769,4.0,37.99999999999997,33.99999999999997,78.09915745127083,10.480602777296701,10,2.5200000000000005,2.5199999999999982,0.42000000000000015,0.0,0.0,0.21000000000000002,0.21000000000000002
1222,1,0,1,0.18373573770234328,4.0,37.99999999999997,33.99999999999997,78.06415745127083,10.4456027772967,10,2.5200000000000005,2.5199999999999982,0.42000000000000015,0.0,0.0,0.21000000000000002,0.21000000000000002
1223,1,0,1,0.1837252008520532,4.0,37.99999999999997,33.99999999999997,78.02915745127083,10.410602777296702,10,2.5200000000000005,2.5199999999999982,0.42000000000000015,0.0,0.0,0.21000000000000002,0.21000000000000002
1224,1,0,1,0.18401156113636905,4.0,37.99999999999997,33.99999999999997,77.99415745127082,10.3756027772967,10,2.5200000000000005,2.5199999999999982,0.42000000000000015,0.0,0.0,0.21000000000000002,0.21000000000000002
1225,1,0,1,0.1840656073073329,4.0,37.99999999999997,33.99999999999997,77.95915745127084,10.3406027772967,10,2.5200000000000005,2.5199999999999982,0.42000000000000015,0.0,0.0,0.21000000000000002,0.21000000000000002
1226,1,0,1,0.1837250964744795,4.0,37.99999999999997,33.99999999999997,77.92415745127084,10.3056027772967,10,2.5200000000000005,2.5199999999999982,0.42000000000000015,0.0,0.0,0.21000000000000002,0.21000000000000002
1227,1,0,1,0.18373914164470767,4.0,37.99999999999997,33.99999999999997,77.88915745127085,10.270602777296702,10,2.5200000000000005,2.5199999999999982,0.42000000000000015,0.0,0.0,0.21000000000000002,0.21000000000000002
1228,1,0,1,0.18372550899016118,4.0,37.99999999999997,33.99999999999997,77.85415745127084,10.2356027772967,10,2.5200000000000005,2.5199999999999982,0.42000000000000015,0.0,0.0,0.21000000000000002,0.21000000000000002
1229,1,0,1,0.1837502184037567,4.0,37.99999999999997,33.99999999999997,77.81915745127085,10.2006027772967,10,2.5200000000000005,2.5199999999999982,0.42000000000000015,0.0,0.0,0.21000000000000002,0.21000000000000002
1230,1,0,0,-0.05596976594319963,3.9440302340568003,37.99999999999997,33.99999999999997,77.78415745127086,10.1656027772967,10,2.5200000000000005,2.5199999999999982,0.42000000000000015,0.0,0.0,0.21000000000000002,0.21000000000000002
1231,1,0,1,0.1837238268994507,4.0,37.99999999999997,33.99999999999997,77.74915745127086,10.130602777296701,10,2.5200000000000005,2.5199999999999982,0.42000000000000015,0.0,0.0,0.21000000000000002,0.21000000000000002
1232,1,0,0,-0.05596539066485553,3.9440346093351444,37.99999999999997,33.99999999999997,77.71415745127085,10.0956027772967,10,2.5200000000000005,2.5199999999999982,0.42000000000000015,0.0,0.0,0.21000000000000002,0.21000000000000002
1233,1,2,1,0.11872790256750705,4.0,37.99999999999997,33.99999999999997,78.02915745127086,10.0606027772967,10,2.5200000000000005,2.5199999999999982,0.42000000000000015,0.0,0.0,0.21000000000000002,0.21000000000000002
1234,1,1,1,0.11898618629771884,4.0,37.99999999999997,33.99999999999997,77.99415745127087,10.375602777296699,10,2.5200000000000005,2.5199999999999982,0.42000000000000015,0.0,0.0,0.21000000000000002,0.21000000000000002
1235,1,0,1,0.18374188885555398,4.0,37.99999999999997,33.99999999999997,77.95915745127085,10.3406027772967,10,2.5200000000000005,2.5199999999999982,0.42000000000000015,0.0,0.0,0.21000000000000002,0.21000000000000002
1236,1,0,1,0.18372923232530777,4.0,37.99999999999997,33.99999999999997,77.92415745127087,10.305602777296698,10,2.5200000000000005,2.5199999999999982,0.42000000000000015,0.0,0.0,0.21000000000000002,0.21000000000000002
1237,1,0,1,0.1840335899008694,4.0,37.99999999999997,33.99999999999997,77.88915745127088,10.2706027772967,10,2.5200000000000005,2.5199999999999982,0.42000000000000015,0.0,0.0,0.21000000000000002,0.21000000000000002
1238,1,2,1,0.11900360180657353,4.0,37.99999999999997,33.99999999999997,78.20415745127086,10.235602777296698,10,2.5200000000000005,2.5199999999999982,0.42000000000000015,0.0,0.0,0.21000000000000002,0.21000000000000002
1239,1,0,1,0.18373479980374915,4.0,37.99999999999997,33.99999999999997,78.16915745127088,10.2006027772967,10,2.5200000000000005,2.5199999999999982,0.42000000000000015,0.0,0.0,0.21000000000000002,0.21000000000000002
1240,1,0,1,0.18403430608778296,4.0,37.99999999999997,33.99999999999997,78.13415745127088,10.165602777296698,10,2.5200000000000005,2.5199999999999982,0.42000000000000015,0.0,0.0,0.21000000000000002,0.21000000000000002
1241,1,0,1,0.18373129106231323,4.0,37.99999999999997,33.99999999999997,78.09915745127088,10.1306027772967,10,2.5200000000000005,2.5199999999999982,0.42000000000000015,0.0,0.0,0.21000000000000002,0.21000000000000002
1242,1,0,0,-0.056267941885550864,3.943732058114449,37.99999999999997,33.99999999999997,78.06415745127087,10.095602777296698,10,2.5200000000000005,2.5199999999999982,0.42000000000000015,0.0,0.0,0.21000000000000002,0.21000000000000002
1243,1,2,1,0.11902476530716403,4.0,37.99999999999997,33.99999999999997,78.37915745127088,10.0606027772967,10,2.5200000000000005,2.5199999999999982,0.42000000000000015,0.0,0.0,0.21000000000000002,0.21000000000000002
1244,1,0,1,0.1837281850201618,4.0,37.99999999999997,33.99999999999997,78.34415745127089,10.025602777296697,10,2.5200000000000005,2.5199999999999982,0.42000000000000015,0.0,0.0,0.21000000000000002,0.21000000000000002
1245,1,0,1,0.18397969130088854,4.0,37.99999999999997,33.99999999999997,78.30915745127088,9.990602777296699,10,2.5200000000000005,2.5199999999999982,0.42000000000000015,0.0,0.0,0.21000000000000002,0.21000000000000002
1246,1,2,0,-0.12125852527860391,3.878741474721396,37.99999999999997,33.99999999999997,78.62415745127089,9.955602777296697,10,2.5200000000000005,2.5199999999999982,0.42000000000000015,0.0,0.0,0.21000000000000002,0.21000000000000002
1247,1,0,1,0.18405129344023935,4.0,37.99999999999997,33.99999999999997,78.58915745127089,9.920602777296699,10,2.5200000000000005,2.5199999999999982,0.42000000000000015,0.0,0.0,0.21000000000000002,0.21000000000000002
1248,1,0,1,0.18373172382433195,4.0,37.99999999999997,33.99999999999997,78.55415745127088,9.885602777296697,10,2.5200000000000005,2.5199999999999982,0.42000000000000015,0.0,0.0,0.21000000000000002,0.21000000000000002
1249,1,0,1,0.1837281160149064,4.0,37.99999999999997,33.99999999999997,78.5191574512709,9.850602777296698,10,2.5200000000000005,2.5199999999999982,0.42000000000000015,0.0,0.0,0.21000000000000002,0.21000000000000002
1250,1,0,1,0.18401004815630806,4.0,37.99999999999997,33.99999999999997,78.4841574512709,9.815602777296697,10,2.5200000000000005,2.5199999999999982,0.42000000000000015,0.0,0.0,0.21000000000000002,0.21000000000000002
1251,1,0,1,0.18402885365670493,4.0,37.99999999999997,33.99999999999997,78.4491574512709,9.780602777296698,10,2.5200000000000005,2.5199999999999982,0.42000000000000015,0.0,0.0,0.21000000000000002,0.21000000000000002
1252,1,2,1,0.11905970558152384,4.0,37.99999999999997,33.99999999999997,78.7641574512709,9.745602777296696,10,2.5200000000000005,2.5199999999999982,0.42000000000000015,0.0,0.0,0.21000000000000002,0.21000000000000002
1253,1,0,1,0.18374151950499995,4.0,37.99999999999997,33.99999999999997,78.72915745127091,9.710602777296698,10,2.5200000000000005,2.5199999999999982,0.42000000000000015,0.0,0.0,0.21000000000000002,0.21000000000000002
1254,1,0,0,-0.05598923350767174,3.9440107664923283,37.99999999999997,33.99999999999997,78.69415745127091,9.675602777296696,10,2.5200000000000005,2.5199999999999982,0.42000000000000015,0.0,0.0,0.21000000000000002,0.21000000000000002
1255,1,0,1,0.18373178643803534,4.0,37.99999999999997,33.99999999999997,78.6591574512709,9.640602777296698,10,2.5200000000000005,2.5199999999999982,0.42000000000000015,0.0,0.0,0.21000000000000002,0.21000000000000002
1256,1,0,1,0.18403551493908743,4.0,37.99999999999997,33.99999999999997,78.62415745127092,9.605602777296696,10,2.5200000000000005,2.5199999999999982,0.42000000000000015,0.0,0.0,0.21000000000000002,0.21000000000000002
1257,1,0,1,0.1840046355980701,4.0,37.99999999999997,33.99999999999997,78.58915745127092,9.570602777296697,10,2.5200000000000005,2.5199999999999982,0.42000000000000015,0.0,0.0,0.21000000000000002,0.21000000000000002
1258,1,1,1,0.11903380025355764,4.0,37.99999999999997,33.99999999999997,78.55415745127092,9.885602777296697,10,2.5200000000000005,2.5199999999999982,0.42000000000000015,0.0,0.0,0.21000000000000002,0.21000000000000002
1259,1,0,1,0.18402448609688285,4.0,37.99999999999997,33.99999999999997,78.51915745127091,9.850602777296695,10,2.5200000000000005,2.5199999999999982,0.42000000000000015,0.0,0.0,0.21000000000000002,0.21000000000000002
1260,1,0,1,0.18373159320804608,4.0,37.99999999999997,33.99999999999997,78.48415745127093,9.815602777296695,10,2.5200000000000005,2.5199999999999982,0.42000000000000015,0.0,0.0,0.21000000000000002,0.21000000000000002
1261,1,0,1,0.1837310782107879,4.0,37.99999999999997,33.99999999999997,78.44915745127093,9.780602777296695,10,2.5200000000000005,2.5199999999999982,0.42000000000000015,0.0,0.0,0.21000000000000002,0.21000000000000002
1262,1,0,1,0.18404178919004946,4.0,37.99999999999997,33.99999999999997,78.41415745127094,9.745602777296696,10,2.5200000000000005,2.5199999999999982,0.42000000000000015,0.0,0.0,0.21000000000000002,0.21000000000000002
1263,1,0,1,0.18373181699887373,4.0,37.99999999999997,33.99999999999997,78.37915745127093,9.710602777296694,10,2.5200000000000005,2.5199999999999982,0.42000000000000015,0.0,0.0,0.21000000000000002,0.21000000000000002
1264,1,0,0,-0.056264418557712984,3.943735581442287,37.99999999999997,33.99999999999997,78.34415745127095,9.675602777296694,10,2.5200000000000005,2.5199999999999982,0.42000000000000015,0.0,0.0,0.21000000000000002,0.21000000000000002
1265,1,0,1,0.18405113416391505,4.0,37.99999999999997,33.99999999999997,78.30915745127095,9.640602777296694,10,2.5200000000000005,2.5199999999999982,0.42000000000000015,0.0,0.0,0.21000000000000002,0.21000000000000002
1266,1,0,1,0.18400315552402932,4.0,37.99999999999997,33.99999999999997,78.27415745127095,9.605602777296696,10,2.5200000000000005,2.5199999999999982,0.42000000000000015,0.0,0.0,0.21000000000000002,0.21000000000000002
1267,1,0,1,0.18403503223944248,4.0,37.99999999999997,33.99999999999997,78.23915745127094,9.570602777296694,10,2.5200000000000005,2.5199999999999982,0.42000000000000015,0.0,0.0,0.21000000000000002,0.21000000000000002
1268,1,2,0,-0.12126994855606253,3.8787300514439376,37.99999999999997,33.99999999999997,78.55415745127095,9.535602777296694,10,2.5200000000000005,2.5199999999999982,0.42000000000000015,0.0,0.0,0.21000000000000002,0.21000000000000002
1269,1,0,1,0.18404457788586157,4.0,37.99999999999997,33.99999999999997,78.51915745127096,9.500602777296693,10,2.5200000000000005,2.5199999999999982,0.42000000000000015,0.0,0.0,0.21000000000000002,0.21000000000000002
1270,1,2,1,0.11901247801649383,4.0,37.99999999999997,33.99999999999997,78.83415745127095,9.465602777296695,10,2.5200000000000005,2.5199999999999982,0.42000000000000015,0.0,0.0,0.21000000000000002,0.21000000000000002
1271,1,0,1,0.18373239003257866,4.0,37.99999999999997,33.99999999999997,78.79915745127096,9.430602777296693,10,2.5200000000000005,2.5199999999999982,0.42000000000000015,0.0,0.0,0.21000000000000002,0.21000000000000002
1272,1,0,1,0.18373966968279584,4.0,37.99999999999997,33.99999999999997,78.76415745127096,9.395602777296693,10,2.5200000000000005,2.5199999999999982,0.42000000000000015,0.0,0.0,0.21000000000000002,0.21000000000000002
1273,1,0,1,0.18373665600241834,4.0,37.99999999999997,33.99999999999997,78.72915745127095,9.360602777296693,10,2.5200000000000005,2.5199999999999982,0.42000000000000015,0.0,0.0,0.21000000000000002,0.21000000000000002
1274,1,0,1,0.18402986259190432,4.0,37.99999999999997,33.99999999999997,78.69415745127097,9.325602777296695,10,2.5200000000000005,2.5199999999999982,0.42000000000000015,0.0,0.0,0.21000000000000002,0.21000000000000002
1275,1,0,1,0.18403967324147139,4.0,37.99999999999997,33.99999999999997,78.65915745127097,9.290602777296693,10,2.5200000000000005,2.5199999999999982,0.42000000000000015,0.0,0.0,0.21000000000000002,0.21000000000000002
1276,1,0,0,-0.05598648959356359,3.944013510406436,37.99999999999997,33.99999999999997,78.62415745127097,9.255602777296692,10,2.5200000000000005,2.5199999999999982,0.42000000000000015,0.0,0.0,0.21000000000000002,0.21000000000000002
1277,1,0,1,0.18400485067656003,4.0,37.99999999999997,33.99999999999997,78.58915745127096,9.220602777296692,10,2.5200000000000005,2.5199999999999982,0.42000000000000015,0.0,0.0,0.21000000000000002,0.21000000000000002
1278,1,0,1,0.18402257508720207,4.0,37.99999999999997,33.99999999999997,78.55415745127098,9.185602777296694,10,2.5200000000000005,2.5199999999999982,0.42000000000000015,0.0,0.0,0.21000000000000002,0.21000000000000002
1279,1,2,1,0.11873609733541575,4.0,37.99999999999997,33.99999999999997,78.86915745127098,9.150602777296692,10,2.5200000000000005,2.5199999999999982,0.42000000000000015,0.0,0.0,0.21000000000000002,0.21000000000000002
1280,1,0,0,-0.05626804149647219,3.9437319585035278,37.99999999999997,33.99999999999997,78.83415745127097,9.115602777296692,11,2.5200000000000005,2.5199999999999982,0.42000000000000015,0.0,0.0,0.21000000000000002,0.21000000000000002
1281,1,0,1,0.1840053650849289,4.0,37.99999999999997,33.99999999999997,78.79915745127099,9.080602777296692,11,2.5200000000000005,2.5199999999999982,0.42000000000000015,0.0,0.0,0.21000000000000002,0.21000000000000002
1282,1,1,1,0.11908649706551074,4.0,37.99999999999997,33.99999999999997,78.76415745127099,9.395602777296693,11,2.52,2.5199999999999982,0.42000000000000015,0.0,0.0,0.21000000000000002,0.21000000000000002
1283,1,0,1,0.18374498789116095,4.0,37.99999999999997,33.99999999999997,78.72915745127099,9.360602777296691,11,2.5200000000000005,2.5199999999999982,0.42000000000000015,0.0,0.0,0.21000000000000002,0.21000000000000002
1284,1,0,1,0.1840163002776199,4.0,37.99999999999997,33.99999999999997,78.69415745127098,9.325602777296693,11,2.5200000000000005,2.5199999999999982,0.42000000000000015,0.0,0.0,0.21000000000000002,0.21000000000000002
1285,1,2,0,-0.1209786610365269,3.879021338963473,37.99999999999997,33.99999999999997,79.009157451271,9.29060277729669,11,2.5200000000000005,2.5199999999999982,0.42000000000000015,0.0,0.0,0.21000000000000002,0.21000000000000002
1286,1,0,1,0.18373194244313443,4.0,37.99999999999997,33.99999999999997,78.974157451271,9.255602777296692,11,2.5200000000000005,2.5199999999999982,0.42000000000000015,0.0,0.0,0.21000000000000002,0.21000000000000002
1287,1,0,1,0.1840064879000317,4.0,37.99999999999997,33.99999999999997,78.93915745127099,9.22060277729669,11,2.5200000000000005,2.5199999999999982,0.42000000000000015,0.0,0.0,0.21000000000000002,0.21000000000000002
1288,1,0,1,0.18402981695722398,4.0,37.99999999999997,33.99999999999997,78.904157451271,9.185602777296692,11,2.5200000000000005,2.5199999999999982,0.42000000000000015,0.0,0.0,0.21000000000000002,0.21000000000000002
1289,1,0,1,0.18401613673118958,4.0,37.99999999999997,33.99999999999997,78.86915745127101,9.15060277729669,11,2.5200000000000005,2.5199999999999982,0.42000000000000015,0.0,0.0,0.21000000000000002,0.21000000000000002
1290,1,0,1,0.18372812629475294,4.0,37.99999999999997,33.99999999999997,78.83415745127101,9.115602777296692,11,2.5200000000000005,2.5199999999999982,0.42000000000000015,0.0,0.0,0.21000000000000002,0.21000000000000002
1291,1,1,1,0.11874097692241149,4.0,37.99999999999997,33.99999999999997,78.799157451271,9.43060277729669,11,2.5200000000000005,2.5199999999999982,0.42000000000000015,0.0,0.0,0.21000000000000002,0.21000000000000002
1292,1,0,1,0.18373208428645635,4.0,37.99999999999997,33.99999999999997,78.76415745127102,9.39560277729669,11,2.5200000000000005,2.5199999999999982,0.42000000000000015,0.0,0.0,0.21000000000000002,0.21000000000000002
1293,1,0,0,-0.056254648383584925,3.943745351616415,37.99999999999997,33.99999999999997,78.72915745127102,9.360602777296691,11,2.5200000000000005,2.5199999999999982,0.42000000000000015,0.0,0.0,0.21000000000000002,0.21000000000000002
1294,1,0,1,0.18374128857507488,4.0,37.99999999999997,33.99999999999997,78.69415745127102,9.32560277729669,11,2.5200000000000005,2.5199999999999982,0.42000000000000015,0.0,0.0,0.21000000000000002,0.21000000000000002
1295,1,0,1,0.18404679672449373,4.0,37.99999999999997,33.99999999999997,78.65915745127101,9.290602777296689,11,2.5200000000000005,2.5199999999999982,0.42000000000000015,0.0,0.0,0.21000000000000002,0.21000000000000002
1296,1,0,0,-0.05625571969750392,3.943744280302496,37.99999999999997,33.99999999999997,78.62415745127103,9.255602777296689,11,2.5200000000000005,2.5199999999999982,0.42000000000000015,0.0,0.0,0.21000000000000002,0.21000000000000002
1297,1,0,1,0.18374909050254928,4.0,37.99999999999997,33.99999999999997,78.58915745127103,9.22060277729669,11,2.5200000000000005,2.5199999999999982,0.42000000000000015,0.0,0.0,0.21000000000000002,0.21000000000000002
1298,1,0,0,-0.056268720901105074,3.9437312790988948,37.99999999999997,33.99999999999997,78.55415745127104,9.185602777296689,11,2.5200000000000005,2.5199999999999982,0.42000000000000015,0.0,0.0,0.21000000000000002,0.21000000000000002
1299,1,0,1,0.18399615715249468,4.0,37.99999999999997,33.99999999999997,78.51915745127103,9.150602777296688,11,2.5200000000000005,2.5199999999999982,0.42000000000000015,0.0,0.0,0.21000000000000002,0.21000000000000002
1300,1,0,1,0.18373844850226306,4.0,37.99999999999997,33.99999999999997,78.48415745127105,9.115602777296688,11,2.5200000000000005,2.5199999999999982,0.42000000000000015,0.0,0.0,0.21000000000000002,0.21000000000000002
1301,1,0,1,0.18373752956504813,4.0,37.99999999999997,33.99999999999997,78.44915745127105,9.08060277729669,11,2.5200000000000005,2.5199999999999982,0.42000000000000015,0.0,0.0,0.21000000000000002,0.21000000000000002
1302,1,0,1,0.18405672215103722,4.0,37.99999999999997,33.99999999999997,78.41415745127105,9.045602777296688,11,2.5200000000000005,2.5199999999999982,0.42000000000000015,0.0,0.0,0.21000000000000002,0.21000000000000002
1303,1,0,1,0.18374544248981717,4.0,37.99999999999997,33.99999999999997,78.37915745127104,9.010602777296688,11,2.5200000000000005,2.5199999999999982,0.42000000000000015,0.0,0.0,0.21000000000000002,0.21000000000000002
1304,1,1,1,0.11903335845581814,4.0,37.99999999999997,33.99999999999997,78.34415745127106,9.325602777296687,11,2.5200000000000005,2.5199999999999982,0.42000000000000015,0.0,0.0,0.21000000000000002,0.21000000000000002
1305,1,0,1,0.18374270812375532,4.0,37.99999999999997,33.99999999999997,78.30915745127106,9.290602777296689,11,2.5200000000000005,2.5199999999999982,0.42000000000000015,0.0,0.0,0.21000000000000002,0.21000000000000002
1306,1,0,0,-0.05594294402285472,3.944057055977145,37.99999999999997,33.99999999999997,78.27415745127107,9.255602777296687,11,2.5200000000000005,2.5199999999999982,0.42000000000000015,0.0,0.0,0.21000000000000002,0.21000000000000002
1307,1,0,1,0.18400177416218547,4.0,37.99999999999997,33.99999999999997,78.23915745127105,9.220602777296689,11,2.5200000000000005,2.5199999999999982,0.42000000000000015,0.0,0.0,0.21000000000000002,0.21000000000000002
1308,1,0,1,0.18373094288650568,4.0,37.99999999999997,33.99999999999997,78.20415745127107,9.185602777296687,11,2.5200000000000005,2.5199999999999982,0.42000000000000015,0.0,0.0,0.21000000000000002,0.21000000000000002
1309,1,0,1,0.18401668906473398,4.0,37.99999999999997,33.99999999999997,78.16915745127108,9.150602777296688,11,2.5200000000000005,2.5199999999999982,0.42000000000000015,0.0,0.0,0.21000000000000002,0.21000000000000002
1310,1,0,1,0.183739518983019,4.0,37.99999999999997,33.99999999999997,78.13415745127108,9.115602777296687,11,2.5200000000000005,2.5199999999999982,0.42000000000000015,0.0,0.0,0.21000000000000002,0.21000000000000002
1311,1,0,1,0.18373747413864855,4.0,37.99999999999997,33.99999999999997,78.09915745127107,9.080602777296688,11,2.5200000000000005,2.5199999999999982,0.42000000000000015,0.0,0.0,0.21000000000000002,0.21000000000000002
1312,1,0,1,0.1837393898686681,4.0,37.99999999999997,33.99999999999997,78.06415745127109,9.045602777296686,11,2.5200000000000005,2.5199999999999982,0.42000000000000015,0.0,0.0,0.21000000000000002,0.21000000000000002
1313,1,0,1,0.18402768254009777,4.0,37.99999999999997,33.99999999999997,78.02915745127109,9.010602777296688,11,2.5200000000000005,2.5199999999999982,0.42000000000000015,0.0,0.0,0.21000000000000002,0.21000000000000002
1314,1,0,1,0.18375251780247626,4.0,37.99999999999997,33.99999999999997,77.9941574512711,8.975602777296686,11,2.5200000000000005,2.5199999999999982,0.42000000000000015,0.0,0.0,0.21000000000000002,0.21000000000000002
1315,1,0,0,-0.05626448457028364,3.9437355154297165,37.99999999999997,33.99999999999997,77.95915745127108,8.940602777296688,11,2.5200000000000005,2.5199999999999982,0.42000000000000015,0.0,0.0,0.21000000000000002,0.21000000000000002
1316,1,0,1,0.18406327963626787,4.0,37.99999999999997,33.99999999999997,77.9241574512711,8.905602777296686,11,2.5200000000000005,2.5199999999999982,0.42000000000000015,0.0,0.0,0.21000000000000002,0.21000000000000002
1317,1,0,1,0.18373429993896367,4.0,37.99999999999997,33.99999999999997,77.8891574512711,8.870602777296687,11,2.5200000000000005,2.5199999999999982,0.42000000000000015,0.0,0.0,0.21000000000000002,0.21000000000000002
1318,1,0,1,0.18403377151713798,4.0,37.99999999999997,33.99999999999997,77.8541574512711,8.835602777296685,11,2.5200000000000005,2.5199999999999982,0.42000000000000015,0.0,0.0,0.21000000000000002,0.21000000000000002
1319,1,0,1,0.18402160488586844,4.0,37.99999999999997,33.99999999999997,77.8191574512711,8.800602777296687,11,2.5200000000000005,2.5199999999999982,0.42000000000000015,0.0,0.0,0.21000000000000002,0.21000000000000002
1320,1,0,1,0.18404933691624248,4.0,37.99999999999997,33.99999999999997,77.78415745127111,8.765602777296685,11,2.5200000000000005,2.5199999999999982,0.42000000000000015,0.0,0.0,0.21000000000000002,0.21000000000000002
1321,1,0,1,0.18403420575466833,4.0,37.99999999999997,33.99999999999997,77.74915745127112,8.730602777296687,11,2.5200000000000005,2.5199999999999982,0.42000000000000015,0.0,0.0,0.21000000000000002,0.21000000000000002
1322,1,0,1,0.18403428350134574,4.0,37.99999999999997,33.99999999999997,77.71415745127112,8.695602777296685,11,2.5200000000000005,2.5199999999999982,0.42000000000000015,0.0,0.0,0.21000000000000002,0.21000000000000002
1323,1,1,1,0.11903182763138168,4.0,37.99999999999997,33.99999999999997,77.67915745127111,9.010602777296684,11,2.5200000000000005,2.5199999999999982,0.42000000000000015,0.0,0.0,0.21000000000000002,0.21000000000000002
1324,1,0,1,0.18402409336733747,4.0,37.99999999999997,33.99999999999997,77.64415745127113,8.975602777296686,11,2.5200000000000005,2.5199999999999982,0.42000000000000015,0.0,0.0,0.21000000000000002,0.21000000000000002
1325,1,0,1,0.1837309044593079,4.0,37.99999999999997,33.99999999999997,77.60915745127113,8.940602777296684,11,2.5200000000000005,2.5199999999999982,0.42000000000000015,0.0,0.0,0.21000000000000002,0.21000000000000002
1326,1,1,1,0.11872855301940699,4.0,37.99999999999997,33.99999999999997,77.57415745127113,9.255602777296685,11,2.5200000000000005,2.5199999999999982,0.42000000000000015,0.0,0.0,0.21000000000000002,0.21000000000000002
1327,1,0,1,0.18372086609373137,4.0,37.99999999999997,33.99999999999997,77.53915745127112,9.220602777296683,11,2.5200000000000005,2.5199999999999982,0.42000000000000015,0.0,0.0,0.21000000000000002,0.21000000000000002
1328,1,1,1,0.11873085280399726,4.0,37.99999999999997,33.99999999999997,77.50415745127114,9.535602777296683,11,2.5200000000000005,2.5199999999999982,0.42000000000000015,0.0,0.0,0.21000000000000002,0.21000000000000002
1329,1,0,0,-0.05594753614954028,3.94405246385046,37.99999999999997,33.99999999999997,77.46915745127114,9.500602777296683,11,2.5200000000000005,2.5199999999999982,0.42000000000000015,0.0,0.0,0.21000000000000002,0.21000000000000002
1330,1,0,1,0.18400258929148822,4.0,37.99999999999997,33.99999999999997,77.43415745127115,9.465602777296683,11,2.5200000000000005,2.5199999999999982,0.42000000000000015,0.0,0.0,0.21000000000000002,0.21000000000000002
1331,1,0,0,-0.05599640672523476,3.9440035932747652,37.99999999999997,33.99999999999997,77.39915745127114,9.430602777296684,11,2.5200000000000005,2.5199999999999982,0.42000000000000015,0.0,0.0,0.21000000000000002,0.21000000000000002
1332,1,0,0,-0.05627177614646576,3.8877318171282993,37.99999999999997,33.99999999999997,77.36415745127115,9.395602777296682,11,2.5200000000000005,2.5199999999999982,0.42000000000000015,0.0,0.0,0.21000000000000002,0.21000000000000002
1333,1,0,1,0.18404971865737452,4.0,37.99999999999997,33.99999999999997,77.32915745127116,9.360602777296682,11,2.5200000000000005,2.5199999999999982,0.42000000000000015,0.0,0.0,0.21000000000000002,0.21000000000000002
1334,1,2,1,0.11874567253695473,4.0,37.99999999999997,33.99999999999997,77.64415745127114,9.325602777296682,11,2.5200000000000005,2.5199999999999982,0.42000000000000015,0.0,0.0,0.21000000000000002,0.21000000000000002
1335,1,0,0,-0.05594088827320026,3.9440591117267996,37.99999999999997,33.99999999999997,77.60915745127116,9.290602777296684,11,2.5200000000000005,2.5199999999999982,0.42000000000000015,0.0,0.0,0.21000000000000002,0.21000000000000002
1336,1,0,1,0.18373208777008884,4.0,37.99999999999997,33.99999999999997,77.57415745127116,9.255602777296682,11,2.5200000000000005,2.5199999999999982,0.42000000000000015,0.0,0.0,0.21000000000000002,0.21000000000000002
1337,1,1,1,0.11872318178940999,4.0,37.99999999999997,33.99999999999997,77.53915745127117,9.570602777296683,11,2.5200000000000005,2.5199999999999982,0.42000000000000015,0.0,0.0,0.21000000000000002,0.21000000000000002
1338,1,0,1,0.18402243884747405,4.0,37.99999999999997,33.99999999999997,77.50415745127115,9.535602777296681,11,2.5200000000000005,2.5199999999999982,0.42000000000000015,0.0,0.0,0.21000000000000002,0.21000000000000002
1339,1,0,1,0.1839996189103233,4.0,37.99999999999997,33.99999999999997,77.46915745127117,9.500602777296683,11,2.5200000000000005,2.5199999999999982,0.42000000000000015,0.0,0.0,0.21000000000000002,0.21000000000000002
1340,1,0,1,0.18372921456383925,4.0,37.99999999999997,33.99999999999997,77.43415745127118,9.46560277729668,11,2.5200000000000005,2.5199999999999982,0.42000000000000015,0.0,0.0,0.21000000000000002,0.21000000000000002
1341,1,0,0,-0.055991749901038036,3.944008250098962,37.99999999999997,33.99999999999997,77.39915745127118,9.430602777296683,11,2.5200000000000005,2.5199999999999982,0.42000000000000015,0.0,0.0,0.21000000000000002,0.21000000000000002
1342,1,0,1,0.18404185633218104,4.0,37.99999999999997,33.99999999999997,77.36415745127117,9.39560277729668,11,2.5200000000000005,2.5199999999999982,0.42000000000000015,0.0,0.0,0.21000000000000002,0.21000000000000002
1343,1,0,1,0.18403532792031005,4.0,37.99999999999997,33.99999999999997,77.32915745127119,9.360602777296682,11,2.5200000000000005,2.5199999999999982,0.42000000000000015,0.0,0.0,0.21000000000000002,0.21000000000000002
1344,1,0,1,0.18374470288141212,4.0,37.99999999999997,33.99999999999997,77.29415745127119,9.32560277729668,11,2.5200000000000005,2.5199999999999982,0.42000000000000015,0.0,0.0,0.21000000000000002,0.21000000000000002
1345,1,0,0,-0.056267165241585565,3.9437328347584146,37.99999999999997,33.99999999999997,77.2591574512712,9.290602777296682,11,2.5200000000000005,2.5199999999999982,0.42000000000000015,0.0,0.0,0.21000000000000002,0.21000000000000002
1346,1,0,1,0.18373863713011068,4.0,37.99999999999997,33.99999999999997,77.22415745127118,9.25560277729668,11,2.5200000000000005,2.5199999999999982,0.42000000000000015,0.0,0.0,0.21000000000000002,0.21000000000000002
1347,1,0,1,0.1837352632229891,4.0,37.99999999999997,33.99999999999997,77.1891574512712,9.220602777296682,11,2.5200000000000005,2.5199999999999982,0.42000000000000015,0.0,0.0,0.21000000000000002,0.21000000000000002
1348,1,0,0,-0.05625022111826453,3.9437497788817355,37.99999999999997,33.99999999999997,77.1541574512712,9.18560277729668,11,2.5200000000000005,2.5199999999999982,0.42000000000000015,0.0,0.0,0.21000000000000002,0.21000000000000002
1349,1,1,1,0.11873946029292165,4.0,37.99999999999997,33.99999999999997,77.1191574512712,9.50060277729668,11,2.5200000000000005,2.5199999999999982,0.42000000000000015,0.0,0.0,0.21000000000000002,0.21000000000000002
1350,1,0,1,0.1840260529087667,4.0,37.99999999999997,33.99999999999997,77.0841574512712,9.46560277729668,11,2.5200000000000005,2.5199999999999982,0.42000000000000015,0.0,0.0,0.21000000000000002,0.21000000000000002
1351,1,0,1,0.1840174600936513,4.0,37.99999999999997,33.99999999999997,77.04915745127121,9.430602777296679,11,2.5200000000000005,2.5199999999999982,0.42000000000000015,0.0,0.0,0.21000000000000002,0.21000000000000002
1352,1,0,1,0.1840176313527528,4.0,37.99999999999997,33.99999999999997,77.01415745127122,9.395602777296679,11,2.5200000000000005,2.5199999999999982,0.42000000000000015,0.0,0.0,0.21000000000000002,0.21000000000000002
1353,1,0,1,0.1840111482228404,4.0,37.99999999999997,33.99999999999997,76.97915745127122,9.360602777296679,11,2.5200000000000005,2.5199999999999982,0.42000000000000015,0.0,0.0,0.21000000000000002,0.21000000000000002
1354,1,0,1,0.18402657516641444,4.0,37.99999999999997,33.99999999999997,76.94415745127121,9.32560277729668,11,2.5200000000000005,2.5199999999999982,0.42000000000000015,0.0,0.0,0.21000000000000002,0.21000000000000002
1355,1,0,1,0.1840438147361153,4.0,37.99999999999997,33.99999999999997,76.90915745127123,9.290602777296678,11,2.5200000000000005,2.5199999999999982,0.42000000000000015,0.0,0.0,0.21000000000000002,0.21000000000000002
1356,1,0,1,0.183737372466579,4.0,37.99999999999997,33.99999999999997,76.87415745127123,9.255602777296678,11,2.5200000000000005,2.5199999999999982,0.42000000000000015,0.0,0.0,0.21000000000000002,0.21000000000000002
1357,1,0,1,0.184060567914702,4.0,37.99999999999997,33.99999999999997,76.83915745127123,9.220602777296678,11,2.5200000000000005,2.5199999999999982,0.42000000000000015,0.0,0.0,0.21000000000000002,0.21000000000000002
1358,1,0,0,-0.05599809565075461,3.9440019043492454,37.99999999999997,33.99999999999997,76.80415745127122,9.18560277729668,11,2.5200000000000005,2.5199999999999982,0.42000000000000015,0.0,0.0,0.21000000000000002,0.21000000000000002
1359,1,0,1,0.18404686843135826,4.0,37.99999999999997,33.99999999999997,76.76915745127124,9.150602777296678,11,2.5200000000000005,2.5199999999999982,0.42000000000000015,0.0,0.0,0.21000000000000002,0.21000000000000002
1360,1,0,1,0.18372958723776664,4.0,37.99999999999997,33.99999999999997,76.73415745127124,9.115602777296678,11,2.5200000000000005,2.5199999999999982,0.42000000000000015,0.0,0.0,0.21000000000000002,0.21000000000000002
1361,1,0,1,0.1840394381173836,4.0,37.99999999999997,33.99999999999997,76.69915745127125,9.080602777296678,11,2.5200000000000005,2.5199999999999982,0.42000000000000015,0.0,0.0,0.21000000000000002,0.21000000000000002
1362,1,0,1,0.1840391886512406,4.0,37.99999999999997,33.99999999999997,76.66415745127124,9.04560277729668,11,2.5200000000000005,2.5199999999999982,0.42000000000000015,0.0,0.0,0.21000000000000002,0.21000000000000002
1363,1,2,1,0.11901572953585092,4.0,37.99999999999997,33.99999999999997,76.97915745127125,9.010602777296677,11,2.5200000000000005,2.5199999999999982,0.42000000000000015,0.0,0.0,0.21000000000000002,0.21000000000000002
1364,1,0,1,0.18400521015576105,4.0,37.99999999999997,33.99999999999997,76.94415745127125,8.975602777296677,11,2.5200000000000005,2.5199999999999982,0.42000000000000015,0.0,0.0,0.21000000000000002,0.21000000000000002
1365,1,0,0,-0.055961691348497974,3.944038308651502,37.99999999999997,33.99999999999997,76.90915745127124,8.940602777296677,11,2.5200000000000005,2.5199999999999982,0.42000000000000015,0.0,0.0,0.21000000000000002,0.21000000000000002
1366,1,0,1,0.1837533403882357,4.0,37.99999999999997,33.99999999999997,76.87415745127126,8.905602777296679,11,2.5200000000000005,2.5199999999999982,0.42000000000000015,0.0,0.0,0.21000000000000002,0.21000000000000002
1367,1,0,1,0.18398981463172462,4.0,37.99999999999997,33.99999999999997,76.83915745127126,8.870602777296677,11,2.5200000000000005,2.5199999999999982,0.42000000000000015,0.0,0.0,0.21000000000000002,0.21000000000000002
1368,1,2,0,-0.12125158531622222,3.878748414683778,37.99999999999997,33.99999999999997,77.15415745127125,8.835602777296677,11,2.5200000000000005,2.5199999999999982,0.42000000000000015,0.0,0.0,0.21000000000000002,0.21000000000000002
1369,1,0,1,0.18400651560603143,4.0,37.99999999999997,33.99999999999997,77.11915745127126,8.800602777296676,11,2.5200000000000005,2.5199999999999982,0.42000000000000015,0.0,0.0,0.21000000000000002,0.21000000000000002
1370,1,0,1,0.1837498924812237,4.0,37.99999999999997,33.99999999999997,77.08415745127127,8.765602777296678,11,2.5200000000000005,2.5199999999999982,0.42000000000000015,0.0,0.0,0.21000000000000002,0.21000000000000002
1371,1,0,1,0.18374006108709331,4.0,37.99999999999997,33.99999999999997,77.04915745127127,8.730602777296676,11,2.5200000000000005,2.5199999999999982,0.42000000000000015,0.0,0.0,0.21000000000000002,0.21000000000000002
1372,1,1,1,0.11901921349780187,4.0,37.99999999999997,33.99999999999997,77.01415745127126,9.045602777296677,11,2.5200000000000005,2.5199999999999982,0.42000000000000015,0.0,0.0,0.21000000000000002,0.21000000000000002
1373,1,0,1,0.1840171829470739,4.0,37.99999999999997,33.99999999999997,76.97915745127128,9.010602777296675,11,2.5200000000000005,2.5199999999999982,0.42000000000000015,0.0,0.0,0.21000000000000002,0.21000000000000002
1374,1,0,1,0.18401636606930227,4.0,37.99999999999997,33.99999999999997,76.94415745127128,8.975602777296677,11,2.5200000000000005,2.5199999999999982,0.42000000000000015,0.0,0.0,0.21000000000000002,0.21000000000000002
1375,1,0,1,0.183731838250895,4.0,37.99999999999997,33.99999999999997,76.90915745127128,8.940602777296675,11,2.5200000000000005,2.5199999999999982,0.42000000000000015,0.0,0.0,0.21000000000000002,0.21000000000000002
1376,1,0,1,0.18401240360174262,4.0,37.99999999999997,33.99999999999997,76.87415745127127,8.905602777296677,11,2.5200000000000005,2.5199999999999982,0.42000000000000015,0.0,0.0,0.21000000000000002,0.21000000000000002
1377,1,0,1,0.18373156791990047,4.0,37.99999999999997,33.99999999999997,76.83915745127129,8.870602777296675,11,2.5200000000000005,2.5199999999999982,0.42000000000000015,0.0,0.0,0.21000000000000002,0.21000000000000002
1378,1,0,1,0.18404404711470349,4.0,37.99999999999997,33.99999999999997,76.8041574512713,8.835602777296677,11,2.5200000000000005,2.5199999999999982,0.42000000000000015,0.0,0.0,0.21000000000000002,0.21000000000000002
1379,1,0,1,0.18374267442152792,4.0,37.99999999999997,33.99999999999997,76.7691574512713,8.800602777296675,11,2.5200000000000005,2.5199999999999982,0.42000000000000015,0.0,0.0,0.21000000000000002,0.21000000000000002
1380,1,0,0,-0.05626946381681504,3.943730536183185,37.99999999999997,33.99999999999997,76.73415745127129,8.765602777296676,11,2.5200000000000005,2.5199999999999982,0.42000000000000015,0.0,0.0,0.21000000000000002,0.21000000000000002
1381,1,0,1,0.18374105667962448,4.0,37.99999999999997,33.99999999999997,76.6991574512713,8.730602777296674,11,2.5200000000000005,2.5199999999999982,0.42000000000000015,0.0,0.0,0.21000000000000002,0.21000000000000002
1382,1,0,0,-0.056254319221771557,3.9437456807782283,37.99999999999997,33.99999999999997,76.66415745127131,8.695602777296676,11,2.5200000000000005,2.5199999999999982,0.42000000000000015,0.0,0.0,0.21000000000000002,0.21000000000000002
1383,1,0,1,0.18373327900570832,4.0,37.99999999999997,33.99999999999997,76.62915745127131,8.660602777296674,11,2.5200000000000005,2.5199999999999982,0.42000000000000015,0.0,0.0,0.21000000000000002,0.21000000000000002
1384,1,0,1,0.18375332589942023,4.0,37.99999999999997,33.99999999999997,76.5941574512713,8.625602777296676,11,2.5200000000000005,2.5199999999999982,0.42000000000000015,0.0,0.0,0.21000000000000002,0.21000000000000002
1385,1,2,1,0.11874287507643363,4.0,37.99999999999997,33.99999999999997,76.90915745127131,8.590602777296674,11,2.5200000000000005,2.5199999999999982,0.42000000000000015,0.0,0.0,0.21000000000000002,0.21000000000000002
1386,1,0,1,0.18404007562100946,4.0,37.99999999999997,33.99999999999997,76.87415745127132,8.555602777296675,11,2.5200000000000005,2.5199999999999982,0.42000000000000015,0.0,0.0,0.21000000000000002,0.21000000000000002
1387,1,0,1,0.18374595196394253,4.0,37.99999999999997,33.99999999999997,76.8391574512713,8.520602777296673,11,2.5200000000000005,2.5199999999999982,0.42000000000000015,0.0,0.0,0.21000000000000002,0.21000000000000002
1388,1,0,0,-0.05626599384399204,3.9437340061560078,37.99999999999997,33.99999999999997,76.80415745127132,8.485602777296675,11,2.5200000000000005,2.5199999999999982,0.42000000000000015,0.0,0.0,0.21000000000000002,0.21000000000000002
1389,1,0,1,0.18402483363366917,4.0,37.99999999999997,33.99999999999997,76.76915745127133,8.450602777296673,11,2.5200000000000005,2.5199999999999982,0.42000000000000015,0.0,0.0,0.21000000000000002,0.21000000000000002
1390,1,0,1,0.18405505987742157,4.0,37.99999999999997,33.99999999999997,76.73415745127133,8.415602777296675,11,2.5200000000000005,2.5199999999999982,0.42000000000000015,0.0,0.0,0.21000000000000002,0.21000000000000002
1391,1,0,1,0.18403146815094226,4.0,37.99999999999997,33.99999999999997,76.69915745127132,8.380602777296673,11,2.5200000000000005,2.5199999999999982,0.42000000000000015,0.0,0.0,0.21000000000000002,0.21000000000000002
1392,1,0,1,0.18374936827537167,4.0,37.99999999999997,33.99999999999997,76.66415745127134,8.345602777296675,11,2.5200000000000005,2.5199999999999982,0.42000000000000015,0.0,0.0,0.21000000000000002,0.21000000000000002
1393,1,2,1,0.11903504237075942,4.0,37.99999999999997,33.99999999999997,76.97915745127133,8.310602777296673,11,2.5200000000000005,2.5199999999999982,0.42000000000000015,0.0,0.0,0.21000000000000002,0.21000000000000002
1394,1,0,1,0.1837541524048225,4.0,37.99999999999997,33.99999999999997,76.94415745127132,8.275602777296674,11,2.5200000000000005,2.5199999999999982,0.42000000000000015,0.0,0.0,0.21000000000000002,0.21000000000000002
1395,1,0,1,0.1840141163670451,4.0,37.99999999999997,33.99999999999997,76.90915745127134,8.240602777296672,11,2.5200000000000005,2.5199999999999982,0.42000000000000015,0.0,0.0,0.21000000000000002,0.21000000000000002
1396,1,0,1,0.183748840534964,4.0,37.99999999999997,33.99999999999997,76.87415745127134,8.205602777296674,11,2.5200000000000005,2.5199999999999982,0.42000000000000015,0.0,0.0,0.21000000000000002,0.21000000000000002
1397,1,0,1,0.1840551412130574,4.0,37.99999999999997,33.99999999999997,76.83915745127135,8.170602777296672,11,2.5200000000000005,2.5199999999999982,0.42000000000000015,0.0,0.0,0.21000000000000002,0.21000000000000002
1398,1,0,1,0.18374342681544403,4.0,37.99999999999997,33.99999999999997,76.80415745127134,8.135602777296674,11,2.5200000000000005,2.5199999999999982,0.42000000000000015,0.0,0.0,0.21000000000000002,0.21000000000000002
1399,1,0,1,0.18374873809061443,4.0,37.99999999999997,33.99999999999997,76.76915745127135,8.100602777296672,11,2.5200000000000005,2.5199999999999982,0.42000000000000015,0.0,0.0,0.21000000000000002,0.21000000000000002
1400,1,2,1,0.11902824363538897,4.0,37.99999999999997,33.99999999999997,77.08415745127135,8.065602777296673,11,2.5200000000000005,2.5199999999999982,0.42000000000000015,0.0,0.0,0.21000000000000002,0.21000000000000002
1401,1,0,0,-0.056248591590156743,3.943751408409843,37.99999999999997,33.99999999999997,77.04915745127134,8.030602777296671,11,2.5200000000000005,2.5199999999999982,0.42000000000000015,0.0,0.0,0.21000000000000002,0.21000000000000002
1402,1,0,1,0.18374835872088435,4.0,37.99999999999997,33.99999999999997,77.01415745127136,7.995602777296672,11,2.5200000000000005,2.5199999999999982,0.42000000000000015,0.0,0.0,0.21000000000000002,0.21000000000000002
1403,1,0,0,-0.05624938923507859,3.9437506107649214,37.99999999999997,33.99999999999997,76.97915745127136,7.960602777296671,11,2.5200000000000005,2.5199999999999982,0.42000000000000015,0.0,0.0,0.21000000000000002,0.21000000000000002
1404,1,0,0,-0.05595675607731633,3.887793854687605,37.99999999999997,33.99999999999997,76.94415745127137,7.925602777296672,11,2.5200000000000005,2.5199999999999982,0.42000000000000015,0.0,0.0,0.21000000000000002,0.21000000000000002
1405,1,1,1,0.11874283873938674,4.0,37.99999999999997,33.99999999999997,76.90915745127135,8.240602777296672,11,2.5200000000000005,2.5199999999999982,0.42000000000000015,0.0,0.0,0.21000000000000002,0.21000000000000002
1406,1,2,1,0.11873460211566275,4.0,37.99999999999997,33.99999999999997,77.22415745127137,8.20560277729667,11,2.5200000000000005,2.5199999999999982,0.42000000000000015,0.0,0.0,0.21000000000000002,0.21000000000000002
1407,1,0,1,0.18373460063500138,4.0,37.99999999999997,33.99999999999997,77.18915745127137,8.17060277729667,11,2.5200000000000005,2.5199999999999982,0.42000000000000015,0.0,0.0,0.21000000000000002,0.21000000000000002
1408,1,0,1,0.1837403590317417,4.0,37.99999999999997,33.99999999999997,77.15415745127136,8.13560277729667,12,2.5200000000000005,2.5199999999999982,0.42000000000000015,0.0,0.0,0.21000000000000002,0.21000000000000002
1409,1,0,1,0.18374731875782307,4.0,37.99999999999997,33.99999999999997,77.11915745127138,8.100602777296672,12,2.5200000000000005,2.5199999999999982,0.42000000000000015,0.0,0.0,0.21000000000000002,0.21000000000000002
1410,1,0,1,0.18373201703296776,4.0,37.99999999999997,33.99999999999997,77.08415745127138,8.06560277729667,12,2.5200000000000005,2.5199999999999982,0.42000000000000015,0.0,0.0,0.21000000000000002,0.21000000000000002
1411,1,2,1,0.11873730990674349,4.0,37.99999999999997,33.99999999999997,77.39915745127136,8.03060277729667,12,2.5200000000000005,2.5199999999999982,0.42000000000000015,0.0,0.0,0.21000000000000002,0.21000000000000002
1412,1,0,0,-0.05626158250174639,3.9437384174982535,37.99999999999997,33.99999999999997,77.36415745127138,7.9956027772966705,12,2.5200000000000005,2.5199999999999982,0.42000000000000015,0.0,0.0,0.21000000000000002,0.21000000000000002
1413,1,0,1,0.18403367171538595,4.0,37.99999999999997,33.99999999999997,77.32915745127139,7.960602777296671,12,2.5200000000000005,2.5199999999999982,0.42000000000000015,0.0,0.0,0.21000000000000002,0.21000000000000002
1414,1,0,1,0.1837430329034999,4.0,37.99999999999997,33.99999999999997,77.29415745127139,7.92560277729667,12,2.5200000000000005,2.5199999999999982,0.42000000000000015,0.0,0.0,0.21000000000000002,0.21000000000000002
1415,1,0,1,0.18374781557647424,4.0,37.99999999999997,33.99999999999997,77.25915745127138,7.89060277729667,12,2.5200000000000005,2.5199999999999982,0.42000000000000015,0.0,0.0,0.21000000000000002,0.21000000000000002
1416,1,0,1,0.18404975171666135,4.0,37.99999999999997,33.99999999999997,77.2241574512714,7.85560277729667,12,2.5200000000000005,2.5199999999999982,0.42000000000000015,0.0,0.0,0.21000000000000002,0.21000000000000002
1417,1,0,1,0.18375160661326875,4.0,37.99999999999997,33.99999999999997,77.1891574512714,7.82060277729667,12,2.5200000000000005,2.5199999999999982,0.42000000000000015,0.0,0.0,0.21000000000000002,0.21000000000000002
1418,1,0,1,0.18374751247810375,4.0,37.99999999999997,33.99999999999997,77.1541574512714,7.78560277729667,12,2.5200000000000005,2.5199999999999982,0.42000000000000015,0.0,0.0,0.21000000000000002,0.21000000000000002
1419,1,0,1,0.18402928702293575,4.0,37.99999999999997,33.99999999999997,77.11915745127139,7.7506027772966695,12,2.5200000000000005,2.5199999999999982,0.42000000000000015,0.0,0.0,0.21000000000000002,0.21000000000000002
1420,1,1,1,0.11874005572499742,4.0,37.99999999999997,33.99999999999997,77.08415745127141,8.065602777296668,12,2.5200000000000005,2.5199999999999982,0.42000000000000015,0.0,0.0,0.21000000000000002,0.21000000000000002
1421,1,0,1,0.1840024413280932,4.0,37.99999999999997,33.99999999999997,77.04915745127141,8.03060277729667,12,2.5200000000000005,2.5199999999999982,0.42000000000000015,0.0,0.0,0.21000000000000002,0.21000000000000002
1422,1,0,0,-0.05625350957279965,3.9437464904272,37.99999999999997,33.99999999999997,77.01415745127142,7.995602777296668,12,2.5200000000000005,2.5199999999999982,0.42000000000000015,0.0,0.0,0.21000000000000002,0.21000000000000002
1423,1,0,1,0.18374391650428432,4.0,37.99999999999997,33.99999999999997,76.9791574512714,7.9606027772966685,12,2.5200000000000005,2.5199999999999982,0.42000000000000015,0.0,0.0,0.21000000000000002,0.21000000000000002
1424,1,0,1,0.18399487492008484,4.0,37.99999999999997,33.99999999999997,76.94415745127142,7.9256027772966675,12,2.5200000000000005,2.5199999999999982,0.42000000000000015,0.0,0.0,0.21000000000000002,0.21000000000000002
1425,1,0,1,0.18404585893271402,4.0,37.99999999999997,33.99999999999997,76.90915745127143,7.890602777296668,12,2.5200000000000005,2.5199999999999982,0.42000000000000015,0.0,0.0,0.21000000000000002,0.21000000000000002
1426,1,2,0,-0.12124645845014602,3.878753541549854,37.99999999999997,33.99999999999997,77.22415745127141,7.855602777296667,12,2.5200000000000005,2.5199999999999982,0.42000000000000015,0.0,0.0,0.21000000000000002,0.21000000000000002
1427,1,2,1,0.11873717330344105,3.997490714853295,37.99999999999997,33.99999999999997,77.53915745127142,7.820602777296668,12,2.5200000000000005,2.5199999999999982,0.42000000000000015,0.0,0.0,0.21000000000000002,0.21000000000000002
1428,1,1,1,0.11874171984620276,4.0,37.99999999999997,33.99999999999997,77.50415745127142,8.135602777296668,12,2.5200000000000005,2.5199999999999982,0.42000000000000015,0.0,0.0,0.21000000000000002,0.21000000000000002
1429,1,0,1,0.18401830525522053,4.0,37.99999999999997,33.99999999999997,77.46915745127141,8.100602777296666,12,2.5200000000000005,2.5199999999999982,0.42000000000000015,0.0,0.0,0.21000000000000002,0.21000000000000002
1430,1,0,1,0.18401912441191054,4.0,37.99999999999997,33.99999999999997,77.43415745127143,8.065602777296666,12,2.5200000000000005,2.5199999999999982,0.42000000000000015,0.0,0.0,0.21000000000000002,0.21000000000000002
1431,1,0,1,0.18375408409567429,4.0,37.99999999999997,33.99999999999997,77.39915745127144,8.030602777296666,12,2.5200000000000005,2.5199999999999982,0.42000000000000015,0.0,0.0,0.21000000000000002,0.21000000000000002
1432,1,0,1,0.18372445584764818,4.0,37.99999999999997,33.99999999999997,77.36415745127144,7.995602777296668,12,2.5200000000000005,2.5199999999999982,0.42000000000000015,0.0,0.0,0.21000000000000002,0.21000000000000002
1433,1,0,1,0.18403501416154072,4.0,37.99999999999997,33.99999999999997,77.32915745127143,7.960602777296667,12,2.5200000000000005,2.5199999999999982,0.42000000000000015,0.0,0.0,0.21000000000000002,0.21000000000000002
1434,1,1,1,0.11901225435266449,4.0,37.99999999999997,33.99999999999997,77.29415745127145,8.275602777296667,12,2.5200000000000005,2.5199999999999982,0.42000000000000015,0.0,0.0,0.21000000000000002,0.21000000000000002
1435,1,0,0,-0.05625242493357222,3.943747575066428,37.99999999999997,33.99999999999997,77.25915745127145,8.240602777296665,12,2.5200000000000005,2.5199999999999982,0.42000000000000015,0.0,0.0,0.21000000000000002,0.21000000000000002
1436,1,0,1,0.18374161847850712,4.0,37.99999999999997,33.99999999999997,77.22415745127145,8.205602777296667,12,2.5200000000000005,2.5199999999999982,0.42000000000000015,0.0,0.0,0.21000000000000002,0.21000000000000002
1437,1,0,1,0.18405698420931071,4.0,37.99999999999997,33.99999999999997,77.18915745127144,8.170602777296665,12,2.5200000000000005,2.5199999999999982,0.42000000000000015,0.0,0.0,0.21000000000000002,0.21000000000000002
1438,1,0,1,0.18373931583325792,4.0,37.99999999999997,33.99999999999997,77.15415745127146,8.135602777296667,12,2.5200000000000005,2.5199999999999982,0.42000000000000015,0.0,0.0,0.21000000000000002,0.21000000000000002
1439,1,0,1,0.18373410144886024,4.0,37.99999999999997,33.99999999999997,77.11915745127146,8.100602777296665,12,2.5200000000000005,2.5199999999999982,0.42000000000000015,0.0,0.0,0.21000000000000002,0.21000000000000002
1440,1,0,0,-0.05597901619508154,3.9440209838049185,37.99999999999997,33.99999999999997,77.08415745127147,8.065602777296666,12,2.5200000000000005,2.5199999999999982,0.42000000000000015,0.0,0.0,0.21000000000000002,0.21000000000000002
1441,1,0,0,-0.05594987631961039,3.8880711074853083,37.99999999999997,33.99999999999997,77.04915745127145,8.030602777296664,12,2.5200000000000005,2.5199999999999982,0.42000000000000015,0.0,0.0,0.21000000000000002,0.21000000000000002
1442,1,0,1,0.18373463252189837,4.0,37.99999999999997,33.99999999999997,77.01415745127147,7.995602777296665,12,2.5200000000000005,2.5199999999999982,0.42000000000000015,0.0,0.0,0.21000000000000002,0.21000000000000002
1443,1,0,0,-0.056279227252392316,3.9437207727476076,37.99999999999997,33.99999999999997,76.97915745127148,7.960602777296664,12,2.5200000000000005,2.5199999999999982,0.42000000000000015,0.0,0.0,0.21000000000000002,0.21000000000000002
1444,1,0,1,0.1840341927712212,4.0,37.99999999999997,33.99999999999997,76.94415745127148,7.925602777296665,12,2.5200000000000005,2.5199999999999982,0.42000000000000015,0.0,0.0,0.21000000000000002,0.21000000000000002
1445,1,0,1,0.18373735914714223,4.0,37.99999999999997,33.99999999999997,76.90915745127147,7.890602777296664,12,2.5200000000000005,2.5199999999999982,0.42000000000000015,0.0,0.0,0.21000000000000002,0.21000000000000002
1446,1,0,1,0.18401562392922996,4.0,37.99999999999997,33.99999999999997,76.87415745127149,7.855602777296665,12,2.5200000000000005,2.5199999999999982,0.42000000000000015,0.0,0.0,0.21000000000000002,0.21000000000000002
1447,1,2,1,0.1190168471462296,4.0,37.99999999999997,33.99999999999997,77.18915745127148,7.8206027772966635,12,2.5200000000000005,2.5199999999999982,0.42000000000000015,0.0,0.0,0.21000000000000002,0.21000000000000002
1448,1,0,1,0.1837371249130395,4.0,37.99999999999997,33.99999999999997,77.15415745127147,7.785602777296664,12,2.5200000000000005,2.5199999999999982,0.42000000000000015,0.0,0.0,0.21000000000000002,0.21000000000000002
1449,1,0,1,0.18402828212720235,4.0,37.99999999999997,33.99999999999997,77.11915745127149,7.750602777296663,12,2.5200000000000005,2.5199999999999982,0.42000000000000015,0.0,0.0,0.21000000000000002,0.21000000000000002
1450,1,0,1,0.183747569370011,4.0,37.99999999999997,33.99999999999997,77.0841574512715,7.715602777296664,12,2.5200000000000005,2.5199999999999982,0.42000000000000015,0.0,0.0,0.21000000000000002,0.21000000000000002
1451,1,0,1,0.1840450721832181,4.0,37.99999999999997,33.99999999999997,77.0491574512715,7.680602777296663,12,2.5200000000000005,2.5199999999999982,0.42000000000000015,0.0,0.0,0.21000000000000002,0.21000000000000002
1452,1,0,1,0.18405703602228085,4.0,37.99999999999997,33.99999999999997,77.01415745127149,7.645602777296664,12,2.5200000000000005,2.5199999999999982,0.42000000000000015,0.0,0.0,0.21000000000000002,0.21000000000000002
1453,1,0,1,0.18404154126300307,4.0,37.99999999999997,33.99999999999997,76.9791574512715,7.610602777296663,12,2.5200000000000005,2.5199999999999982,0.42000000000000015,0.0,0.0,0.21000000000000002,0.21000000000000002
1454,1,0,1,0.18400281745279945,4.0,37.99999999999997,33.99999999999997,76.94415745127151,7.575602777296663,12,2.5200000000000005,2.5199999999999982,0.42000000000000015,0.0,0.0,0.21000000000000002,0.21000000000000002
1455,1,0,1,0.18372717750402606,4.0,37.99999999999997,33.99999999999997,76.90915745127151,7.540602777296662,12,2.5200000000000005,2.5199999999999982,0.42000000000000015,0.0,0.0,0.21000000000000002,0.21000000000000002
1456,1,0,1,0.18401326243414406,4.0,37.99999999999997,33.99999999999997,76.8741574512715,7.505602777296663,12,2.5200000000000005,2.5199999999999982,0.42000000000000015,0.0,0.0,0.21000000000000002,0.21000000000000002
1457,1,0,1,0.18375020840671616,4.0,37.99999999999997,33.99999999999997,76.83915745127152,7.470602777296662,12,2.5200000000000005,2.5199999999999982,0.42000000000000015,0.0,0.0,0.21000000000000002,0.21000000000000002
1458,1,0,1,0.18376472663029741,4.0,37.99999999999997,33.99999999999997,76.80415745127152,7.435602777296663,12,2.5200000000000005,2.5199999999999982,0.42000000000000015,0.0,0.0,0.21000000000000002,0.21000000000000002
1459,1,0,1,0.18402938207732428,4.0,37.99999999999997,33.99999999999997,76.76915745127152,7.400602777296662,12,2.5200000000000005,2.5199999999999982,0.42000000000000015,0.0,0.0,0.21000000000000002,0.21000000000000002
1460,1,0,1,0.18406921104542628,4.0,37.99999999999997,33.99999999999997,76.73415745127151,7.365602777296663,12,2.5200000000000005,2.5199999999999982,0.42000000000000015,0.0,0.0,0.21000000000000002,0.21000000000000002
1461,1,0,1,0.18403667548386454,4.0,37.99999999999997,33.99999999999997,76.69915745127153,7.3306027772966615,12,2.5200000000000005,2.5199999999999982,0.42000000000000015,0.0,0.0,0.21000000000000002,0.21000000000000002
1462,1,0,1,0.18403632679513013,4.0,37.99999999999997,33.99999999999997,76.66415745127154,7.295602777296662,12,2.5200000000000005,2.5199999999999982,0.42000000000000015,0.0,0.0,0.21000000000000002,0.21000000000000002
1463,1,0,1,0.18374708752551286,4.0,37.99999999999997,33.99999999999997,76.62915745127154,7.260602777296661,12,2.5200000000000005,2.5199999999999982,0.42000000000000015,0.0,0.0,0.21000000000000002,0.21000000000000002
1464,1,0,1,0.18374560594472103,4.0,37.99999999999997,33.99999999999997,76.59415745127153,7.225602777296662,12,2.5200000000000005,2.5199999999999982,0.42000000000000015,0.0,0.0,0.21000000000000002,0.21000000000000002
1465,1,2,1,0.119033551297483,4.0,37.99999999999997,33.99999999999997,76.90915745127154,7.190602777296661,12,2.5200000000000005,2.5199999999999982,0.42000000000000015,0.0,0.0,0.21000000000000002,0.21000000000000002
1466,1,0,1,0.18405297900375536,4.0,37.99999999999997,33.99999999999997,76.87415745127154,7.155602777296662,12,2.5200000000000005,2.5199999999999982,0.42000000000000015,0.0,0.0,0.21000000000000002,0.21000000000000002
1467,1,1,0,-0.12094615563682833,3.8790538443631717,37.99999999999997,33.99999999999997,76.83915745127153,7.470602777296661,12,2.5200000000000005,2.5199999999999982,0.42000000000000015,0.0,0.0,0.21000000000000002,0.21000000000000002
1468,1,0,1,0.18402699737149839,4.0,37.99999999999997,33.99999999999997,76.80415745127155,7.435602777296661,12,2.5200000000000005,2.5199999999999982,0.42000000000000015,0.0,0.0,0.21000000000000002,0.21000000000000002
1469,1,0,1,0.18374796315089606,4.0,37.99999999999997,33.99999999999997,76.76915745127155,7.400602777296661,12,2.5200000000000005,2.5199999999999982,0.42000000000000015,0.0,0.0,0.21000000000000002,0.21000000000000002
1470,1,0,1,0.18374822321091677,4.0,37.99999999999997,33.99999999999997,76.73415745127156,7.365602777296661,12,2.5200000000000005,2.5199999999999982,0.42000000000000015,0.0,0.0,0.21000000000000002,0.21000000000000002
1471,1,0,1,0.18375346744197416,4.0,37.99999999999997,33.99999999999997,76.69915745127155,7.330602777296661,12,2.5200000000000005,2.5199999999999982,0.42000000000000015,0.0,0.0,0.21000000000000002,0.21000000000000002
1472,1,0,1,0.1837580486802724,4.0,37.99999999999997,33.99999999999997,76.66415745127156,7.2956027772966605,12,2.5200000000000005,2.5199999999999982,0.42000000000000015,0.0,0.0,0.21000000000000002,0.21000000000000002
1473,1,0,1,0.18374312636367468,4.0,37.99999999999997,33.99999999999997,76.62915745127157,7.26060277729666,12,2.5200000000000005,2.5199999999999982,0.42000000000000015,0.0,0.0,0.21000000000000002,0.21000000000000002
1474,1,0,1,0.18374951203969714,4.0,37.99999999999997,33.99999999999997,76.59415745127157,7.22560277729666,12,2.5200000000000005,2.5199999999999982,0.42000000000000015,0.0,0.0,0.21000000000000002,0.21000000000000002
1475,1,0,1,0.18404066720526407,4.0,37.99999999999997,33.99999999999997,76.55915745127156,7.19060277729666,12,2.5200000000000005,2.5199999999999982,0.42000000000000015,0.0,0.0,0.21000000000000002,0.21000000000000002
1476,1,0,1,0.18375460073710737,4.0,37.99999999999997,33.99999999999997,76.52415745127158,7.15560277729666,12,2.5200000000000005,2.5199999999999982,0.42000000000000015,0.0,0.0,0.21000000000000002,0.21000000000000002
1477,1,0,1,0.18376216707129545,4.0,37.99999999999997,33.99999999999997,76.48915745127158,7.12060277729666,12,2.5200000000000005,2.5199999999999982,0.42000000000000015,0.0,0.0,0.21000000000000002,0.21000000000000002
1478,1,0,1,0.18404610136642263,4.0,37.99999999999997,33.99999999999997,76.45415745127158,7.08560277729666,12,2.5200000000000005,2.5199999999999982,0.42000000000000015,0.0,0.0,0.21000000000000002,0.21000000000000002
1479,1,0,1,0.18404338178965482,4.0,37.99999999999997,33.99999999999997,76.41915745127157,7.0506027772966595,12,2.5200000000000005,2.5199999999999982,0.42000000000000015,0.0,0.0,0.21000000000000002,0.21000000000000002
1480,1,0,1,0.18404406202878537,4.0,37.99999999999997,33.99999999999997,76.38415745127159,7.015602777296659,12,2.5200000000000005,2.5199999999999982,0.42000000000000015,0.0,0.0,0.21000000000000002,0.21000000000000002
1481,1,0,1,0.18374752168257288,4.0,37.99999999999997,33.99999999999997,76.3491574512716,6.980602777296659,12,2.5200000000000005,2.5199999999999982,0.42000000000000015,0.0,0.0,0.21000000000000002,0.21000000000000002
1482,1,0,1,0.18402835361740347,4.0,37.99999999999997,33.99999999999997,76.3141574512716,6.945602777296659,12,2.5200000000000005,2.5199999999999982,0.42000000000000015,0.0,0.0,0.21000000000000002,0.21000000000000002
1483,1,0,1,0.183755720330006,4.0,37.99999999999997,33.99999999999997,76.27915745127159,6.910602777296659,12,2.5200000000000005,2.5199999999999982,0.42000000000000015,0.0,0.0,0.21000000000000002,0.21000000000000002
1484,1,0,1,0.1837605677967503,4.0,37.99999999999997,33.99999999999997,76.2441574512716,6.875602777296659,12,2.5200000000000005,2.5199999999999982,0.42000000000000015,0.0,0.0,0.21000000000000002,0.21000000000000002
1485,1,0,1,0.18375907995521423,4.0,37.99999999999997,33.99999999999997,76.20915745127161,6.840602777296659,12,2.5200000000000005,2.5199999999999982,0.42000000000000015,0.0,0.0,0.21000000000000002,0.21000000000000002
1486,1,0,1,0.18401924212214948,4.0,37.99999999999997,33.99999999999997,76.17415745127161,6.8056027772966585,12,2.5200000000000005,2.5199999999999982,0.42000000000000015,0.0,0.0,0.21000000000000002,0.21000000000000002
1487,1,0,1,0.18375522503478284,4.0,37.99999999999997,33.99999999999997,76.1391574512716,6.770602777296658,12,2.5200000000000005,2.5199999999999982,0.42000000000000015,0.0,0.0,0.21000000000000002,0.21000000000000002
1488,1,0,1,0.18375327019338866,4.0,37.99999999999997,33.99999999999997,76.10415745127162,6.735602777296658,12,2.5200000000000005,2.5199999999999982,0.42000000000000015,0.0,0.0,0.21000000000000002,0.21000000000000002
1489,1,0,1,0.18375407614813588,4.0,37.99999999999997,33.99999999999997,76.06915745127162,6.700602777296658,12,2.5200000000000005,2.5199999999999982,0.42000000000000015,0.0,0.0,0.21000000000000002,0.21000000000000002
1490,1,0,1,0.18375637188794836,4.0,37.99999999999997,33.99999999999997,76.03415745127162,6.665602777296658,12,2.5200000000000005,2.5199999999999982,0.42000000000000015,0.0,0.0,0.21000000000000002,0.21000000000000002
1491,1,0,1,0.18402360621050093,4.0,37.99999999999997,33.99999999999997,75.99915745127161,6.630602777296658,12,2.5200000000000005,2.5199999999999982,0.42000000000000015,0.0,0.0,0.21000000000000002,0.21000000000000002
1492,1,0,1,0.1837605721152082,4.0,37.99999999999997,33.99999999999997,75.96415745127163,6.595602777296658,12,2.5200000000000005,2.5199999999999982,0.42000000000000015,0.0,0.0,0.21000000000000002,0.21000000000000002
1493,1,0,1,0.18377235845574624,4.0,37.99999999999997,33.99999999999997,75.92915745127164,6.5606027772966575,12,2.5200000000000005,2.5199999999999982,0.42000000000000015,0.0,0.0,0.21000000000000002,0.21000000000000002
1494,1,0,0,-0.0559252197085132,3.9440747802914866,37.99999999999997,33.99999999999997,75.89415745127164,6.525602777296657,12,2.5200000000000005,2.5199999999999982,0.42000000000000015,0.0,0.0,0.21000000000000002,0.21000000000000002
1495,1,0,1,0.18401608242639605,4.0,37.99999999999997,33.99999999999997,75.85915745127163,6.490602777296657,12,2.5200000000000005,2.5199999999999982,0.42000000000000015,0.0,0.0,0.21000000000000002,0.21000000000000002
1496,1,2,1,0.1187547703448682,4.0,37.99999999999997,33.99999999999997,76.17415745127164,6.455602777296657,12,2.5200000000000005,2.5199999999999982,0.42000000000000015,0.0,0.0,0.21000000000000002,0.21000000000000002
1497,1,2,1,0.11902850218245294,4.0,37.99999999999997,33.99999999999997,76.48915745127162,6.420602777296657,12,2.5200000000000005,2.5199999999999982,0.42000000000000015,0.0,0.0,0.21000000000000002,0.21000000000000002
1498,1,0,1,0.18403667754224567,4.0,37.99999999999997,33.99999999999997,76.45415745127164,6.385602777296657,12,2.5200000000000005,2.5199999999999982,0.42000000000000015,0.0,0.0,0.21000000000000002,0.21000000000000002
1499,1,2,1,0.11903637402698168,4.0,37.99999999999997,33.99999999999997,76.76915745127164,6.350602777296657,12,2.5200000000000005,2.5199999999999982,0.42000000000000015,0.0,0.0,0.21000000000000002,0.21000000000000002
1500,1,0,1,0.18376793923830734,4.0,37.99999999999997,33.99999999999997,76.73415745127163,6.3156027772966565,12,2.5200000000000005,2.5199999999999982,0.42000000000000015,0.0,0.0,0.21000000000000002,0.21000000000000002
1501,1,2,1,0.11876513511311478,4.0,37.99999999999997,33.99999999999997,77.04915745127164,6.280602777296656,12,2.5200000000000005,2.5199999999999982,0.42000000000000015,0.0,0.0,0.21000000000000002,0.21000000000000002
1502,1,2,1,0.11905036390351688,4.0,37.99999999999997,33.99999999999997,77.36415745127162,6.245602777296656,12,2.5200000000000005,2.5199999999999982,0.42000000000000015,0.0,0.0,0.21000000000000002,0.21000000000000002
1503,1,0,1,0.18404001480465149,4.0,37.99999999999997,33.99999999999997,77.32915745127164,6.210602777296656,12,2.5200000000000005,2.5199999999999982,0.42000000000000015,0.0,0.0,0.21000000000000002,0.21000000000000002
1504,1,2,1,0.11876436461464579,4.0,37.99999999999997,33.99999999999997,77.64415745127164,6.175602777296656,12,2.5200000000000005,2.5199999999999982,0.42000000000000015,0.0,0.0,0.21000000000000002,0.21000000000000002
1505,1,2,1,0.11877697528277388,4.0,37.99999999999997,33.99999999999997,77.95915745127164,6.140602777296656,12,2.5200000000000005,2.5199999999999982,0.42000000000000015,0.0,0.0,0.21000000000000002,0.21000000000000002
1506,1,2,1,0.11903607583239159,4.0,37.99999999999997,33.99999999999997,78.27415745127163,6.105602777296656,12,2.5200000000000005,2.5199999999999982,0.42000000000000015,0.0,0.0,0.21000000000000002,0.21000000000000002
1507,1,2,1,0.1190218405851225,4.0,37.99999999999997,33.99999999999997,78.58915745127163,6.0706027772966555,12,2.5200000000000005,2.5199999999999982,0.42000000000000015,0.0,0.0,0.21000000000000002,0.21000000000000002
1508,1,2,0,-0.12093050425251645,3.8790694957474834,37.99999999999997,33.99999999999997,78.90415745127163,6.035602777296655,12,2.5200000000000005,2.5199999999999982,0.42000000000000015,0.0,0.0,0.21000000000000002,0.21000000000000002
1509,1,2,1,0.11909419587487051,3.998163691622354,37.99999999999997,33.99999999999997,79.21915745127163,6.000602777296655,12,2.5200000000000005,2.5199999999999982,0.42000000000000015,0.0,0.0,0.21000000000000002,0.21000000000000002
1510,1,2,1,0.11876810594858059,4.0,37.99999999999997,33.99999999999997,79.53415745127162,5.965602777296655,12,2.5200000000000005,2.5199999999999982,0.42000000000000015,0.0,0.0,0.21000000000000002,0.21000000000000002
1511,1,2,1,0.11877052645431693,4.0,37.99999999999997,33.99999999999997,79.84915745127162,5.930602777296655,12,2.5200000000000005,2.5199999999999982,0.42000000000000015,0.0,0.0,0.21000000000000002,0.21000000000000002
1512,1,2,1,0.11877059428686136,4.0,37.99999999999997,33.99999999999997,80.16415745127162,5.895602777296655,12,2.5200000000000005,2.5199999999999982,0.42000000000000015,0.0,0.0,0.21000000000000002,0.21000000000000002
1513,1,0,0,-0.055938896690374953,3.944061103309625,37.99999999999997,33.99999999999997,80.12915745127161,5.860602777296655,12,2.5200000000000005,2.5199999999999982,0.42000000000000015,0.0,0.0,0.21000000000000002,0.21000000000000002
1514,1,2,1,0.11876990661220665,4.0,37.99999999999997,33.99999999999997,80.44415745127162,5.8256027772966545,12,2.5200000000000005,2.5199999999999982,0.42000000000000015,0.0,0.0,0.21000000000000002,0.21000000000000002
1515,1,2,1,0.11877711260177401,4.0,37.99999999999997,33.99999999999997,80.7591574512716,5.790602777296654,12,2.5200000000000005,2.5199999999999982,0.42000000000000015,0.0,0.0,0.21000000000000002,0.21000000000000002
1516,1,2,0,-0.12121399137025095,3.878786008629749,37.99999999999997,33.99999999999997,81.07415745127162,5.755602777296654,12,2.5200000000000005,2.5199999999999982,0.42000000000000015,0.0,0.0,0.21000000000000002,0.21000000000000002
1517,1,1,1,0.11906628810875187,3.9978522967385013,37.99999999999997,33.99999999999997,81.03915745127162,6.070602777296654,12,2.5200000000000005,2.5199999999999982,0.42000000000000015,0.0,0.0,0.21000000000000002,0.21000000000000002
1518,1,1,1,0.1187724375775701,4.0,37.99999999999997,33.99999999999997,81.00415745127161,6.385602777296653,12,2.5200000000000005,2.5199999999999982,0.42000000000000015,0.0,0.0,0.21000000000000002,0.21000000000000002
1519,1,2,1,0.11902159995973187,4.0,37.99999999999997,33.99999999999997,81.31915745127162,6.350602777296653,12,2.5200000000000005,2.5199999999999982,0.42000000000000015,0.0,0.0,0.21000000000000002,0.21000000000000002
1520,1,1,0,-0.1212291887824795,3.8787708112175205,37.99999999999997,33.99999999999997,81.28415745127162,6.665602777296653,12,2.5200000000000005,2.5199999999999982,0.42000000000000015,0.0,0.0,0.21000000000000002,0.21000000000000002
1521,1,1,1,0.11903476783646107,3.9978055790539817,37.99999999999997,33.99999999999997,81.24915745127161,6.980602777296652,12,2.5200000000000005,2.5199999999999982,0.42000000000000015,0.0,0.0,0.21000000000000002,0.21000000000000002
1522,1,0,1,0.18406329957526424,4.0,37.99999999999997,33.99999999999997,81.21415745127163,6.945602777296652,12,2.5200000000000005,2.5199999999999982,0.42000000000000015,0.0,0.0,0.21000000000000002,0.21000000000000002
1523,1,0,1,0.18376219441561795,4.0,37.99999999999997,33.99999999999997,81.17915745127164,6.910602777296652,12,2.5200000000000005,2.5199999999999982,0.42000000000000015,0.0,0.0,0.21000000000000002,0.21000000000000002
1524,1,0,1,0.18375880893275628,4.0,37.99999999999997,33.99999999999997,81.14415745127164,6.875602777296652,12,2.5200000000000005,2.5199999999999982,0.42000000000000015,0.0,0.0,0.21000000000000002,0.21000000000000002
1525,1,0,1,0.18374934046798222,4.0,37.99999999999997,33.99999999999997,81.10915745127163,6.840602777296652,12,2.5200000000000005,2.5199999999999982,0.42000000000000015,0.0,0.0,0.21000000000000002,0.21000000000000002
1526,1,0,1,0.18403346047822178,4.0,37.99999999999997,33.99999999999997,81.07415745127165,6.805602777296651,12,2.5200000000000005,2.5199999999999982,0.42000000000000015,0.0,0.0,0.21000000000000002,0.21000000000000002
1527,1,1,1,0.11906710044590278,4.0,37.99999999999997,33.99999999999997,81.03915745127165,7.120602777296651,12,2.5200000000000005,2.5199999999999982,0.42000000000000015,0.0,0.0,0.21000000000000002,0.21000000000000002
1528,1,0,1,0.18375617172541647,4.0,37.99999999999997,33.99999999999997,81.00415745127165,7.08560277729665,12,2.5200000000000005,2.5199999999999982,0.42000000000000015,0.0,0.0,0.21000000000000002,0.21000000000000002
1529,1,0,1,0.18404819889026466,4.0,37.99999999999997,33.99999999999997,80.96915745127164,7.050602777296651,12,2.5200000000000005,2.5199999999999982,0.42000000000000015,0.0,0.0,0.21000000000000002,0.21000000000000002
1530,1,2,1,0.11903334385462785,4.0,37.99999999999997,33.99999999999997,81.28415745127165,7.01560277729665,12,2.5200000000000005,2.5199999999999982,0.42000000000000015,0.0,0.0,0.21000000000000002,0.21000000000000002
1531,1,0,1,0.18374713674188564,4.0,37.99999999999997,33.99999999999997,81.24915745127166,6.98060277729665,12,2.5200000000000005,2.5199999999999982,0.42000000000000015,0.0,0.0,0.21000000000000002,0.21000000000000002
1532,1,0,1,0.18377195290561227,4.0,37.99999999999997,33.99999999999997,81.21415745127165,6.945602777296649,12,2.5200000000000005,2.5199999999999982,0.42000000000000015,0.0,0.0,0.21000000000000002,0.21000000000000002
1533,1,1,1,0.11902223327604675,4.0,37.99999999999997,33.99999999999997,81.17915745127166,7.26060277729665,12,2.5200000000000005,2.5199999999999982,0.42000000000000015,0.0,0.0,0.21000000000000002,0.21000000000000002
1534,1,0,1,0.18406532495943279,4.0,37.99999999999997,33.99999999999997,81.14415745127167,7.22560277729665,12,2.5200000000000005,2.5199999999999982,0.42000000000000015,0.0,0.0,0.21000000000000002,0.21000000000000002
1535,1,0,1,0.18404517330433715,4.0,37.99999999999997,33.99999999999997,81.10915745127167,7.190602777296649,12,2.5200000000000005,2.5199999999999982,0.42000000000000015,0.0,0.0,0.21000000000000002,0.21000000000000002
1536,1,0,1,0.18404399543267067,4.0,37.99999999999997,33.99999999999997,81.07415745127166,7.155602777296649,13,2.5200000000000005,2.5199999999999982,0.42000000000000015,0.0,0.0,0.21000000000000002,0.21000000000000002
1537,1,0,1,0.18375533800578434,4.0,37.99999999999997,33.99999999999997,81.03915745127168,7.120602777296649,13,2.5200000000000005,2.5199999999999982,0.42000000000000015,0.0,0.0,0.21000000000000002,0.21000000000000002
1538,1,0,1,0.18404120597405313,4.0,37.99999999999997,33.99999999999997,81.00415745127168,7.085602777296649,13,2.5200000000000005,2.5199999999999982,0.42000000000000015,0.0,0.0,0.21000000000000002,0.21000000000000002
1539,1,0,1,0.18401861623487722,4.0,37.99999999999997,33.99999999999997,80.96915745127168,7.050602777296649,13,2.5200000000000005,2.5199999999999982,0.42000000000000015,0.0,0.0,0.21000000000000002,0.21000000000000002
1540,1,0,1,0.1840380586984728,4.0,37.99999999999997,33.99999999999997,80.93415745127167,7.015602777296649,13,2.5200000000000005,2.5199999999999982,0.42000000000000015,0.0,0.0,0.21000000000000002,0.21000000000000002
1541,1,0,1,0.18404139655961615,4.0,37.99999999999997,33.99999999999997,80.89915745127169,6.980602777296649,13,2.5200000000000005,2.5199999999999982,0.42000000000000015,0.0,0.0,0.21000000000000002,0.21000000000000002
1542,1,0,1,0.18374997826977746,4.0,37.99999999999997,33.99999999999997,80.8641574512717,6.945602777296648,13,2.5200000000000005,2.5199999999999982,0.42000000000000015,0.0,0.0,0.21000000000000002,0.21000000000000002
1543,1,0,1,0.18403452952607965,4.0,37.99999999999997,33.99999999999997,80.8291574512717,6.910602777296648,13,2.5200000000000005,2.5199999999999982,0.42000000000000015,0.0,0.0,0.21000000000000002,0.21000000000000002
1544,1,0,1,0.18403749330857078,4.0,37.99999999999997,33.99999999999997,80.79415745127169,6.875602777296648,13,2.5200000000000005,2.5199999999999982,0.42000000000000015,0.0,0.0,0.21000000000000002,0.21000000000000002
1545,1,0,1,0.1840726784525212,4.0,37.99999999999997,33.99999999999997,80.7591574512717,6.840602777296648,13,2.5200000000000005,2.5199999999999982,0.42000000000000015,0.0,0.0,0.21000000000000002,0.21000000000000002
1546,1,0,1,0.18406752851195013,4.0,37.99999999999997,33.99999999999997,80.72415745127171,6.805602777296648,13,2.5200000000000005,2.5199999999999982,0.42000000000000015,0.0,0.0,0.21000000000000002,0.21000000000000002
1547,1,0,0,-0.055974340566787545,3.9440256594332124,37.99999999999997,33.99999999999997,80.68915745127171,6.770602777296648,13,2.5200000000000005,2.5199999999999982,0.42000000000000015,0.0,0.0,0.21000000000000002,0.21000000000000002
1548,1,0,1,0.18376303095398813,4.0,37.99999999999997,33.99999999999997,80.6541574512717,6.735602777296648,13,2.5200000000000005,2.5199999999999982,0.42000000000000015,0.0,0.0,0.21000000000000002,0.21000000000000002
1549,1,0,1,0.18375960194180366,4.0,37.99999999999997,33.99999999999997,80.61915745127172,6.700602777296647,13,2.5200000000000005,2.5199999999999982,0.42000000000000015,0.0,0.0,0.21000000000000002,0.21000000000000002
1550,1,0,1,0.18404581194979316,4.0,37.99999999999997,33.99999999999997,80.58415745127172,6.665602777296647,13,2.5200000000000005,2.5199999999999982,0.42000000000000015,0.0,0.0,0.21000000000000002,0.21000000000000002
1551,1,0,1,0.18375393088174324,4.0,37.99999999999997,33.99999999999997,80.54915745127172,6.630602777296647,13,2.5200000000000005,2.5199999999999982,0.42000000000000015,0.0,0.0,0.21000000000000002,0.21000000000000002
1552,1,1,1,0.11876658226968083,4.0,37.99999999999997,33.99999999999997,80.51415745127171,6.945602777296647,13,2.5200000000000005,2.5199999999999982,0.42000000000000015,0.0,0.0,0.21000000000000002,0.21000000000000002
1553,1,0,1,0.18375524863268877,4.0,37.99999999999997,33.99999999999997,80.47915745127173,6.910602777296646,13,2.5200000000000005,2.5199999999999982,0.42000000000000015,0.0,0.0,0.21000000000000002,0.21000000000000002
1554,1,0,1,0.18405656135683499,4.0,37.99999999999997,33.99999999999997,80.44415745127174,6.875602777296646,13,2.5200000000000005,2.5199999999999982,0.42000000000000015,0.0,0.0,0.21000000000000002,0.21000000000000002
1555,1,0,1,0.18403012084113451,4.0,37.99999999999997,33.99999999999997,80.40915745127174,6.840602777296645,13,2.5200000000000005,2.5199999999999982,0.42000000000000015,0.0,0.0,0.21000000000000002,0.21000000000000002
1556,1,0,1,0.1837667108847974,4.0,37.99999999999997,33.99999999999997,80.37415745127173,6.805602777296646,13,2.5200000000000005,2.5199999999999982,0.42000000000000015,0.0,0.0,0.21000000000000002,0.21000000000000002
1557,1,0,1,0.18376126917376004,4.0,37.99999999999997,33.99999999999997,80.33915745127175,6.770602777296645,13,2.5200000000000005,2.5199999999999982,0.42000000000000015,0.0,0.0,0.21000000000000002,0.21000000000000002
1558,1,0,1,0.18407227269657198,4.0,37.99999999999997,33.99999999999997,80.30415745127175,6.735602777296646,13,2.5200000000000005,2.5199999999999982,0.42000000000000015,0.0,0.0,0.21000000000000002,0.21000000000000002
1559,1,0,1,0.18405433215143016,4.0,37.99999999999997,33.99999999999997,80.26915745127175,6.700602777296645,13,2.5200000000000005,2.5199999999999982,0.42000000000000015,0.0,0.0,0.21000000000000002,0.21000000000000002
1560,1,0,1,0.1837622260726938,4.0,37.99999999999997,33.99999999999997,80.23415745127174,6.6656027772966455,13,2.5200000000000005,2.5199999999999982,0.42000000000000015,0.0,0.0,0.21000000000000002,0.21000000000000002
1561,1,0,0,-0.055966556115322676,3.944033443884677,37.99999999999997,33.99999999999997,80.19915745127176,6.6306027772966445,13,2.5200000000000005,2.5199999999999982,0.42000000000000015,0.0,0.0,0.21000000000000002,0.21000000000000002
1562,1,0,1,0.18403070893402967,4.0,37.99999999999997,33.99999999999997,80.16415745127176,6.595602777296645,13,2.5200000000000005,2.5199999999999982,0.42000000000000015,0.0,0.0,0.21000000000000002,0.21000000000000002
1563,1,0,1,0.18376302026292926,4.0,37.99999999999997,33.99999999999997,80.12915745127177,6.560602777296644,13,2.5200000000000005,2.5199999999999982,0.42000000000000015,0.0,0.0,0.21000000000000002,0.21000000000000002
1564,1,0,0,-0.056234209483277904,3.9437657905167223,37.99999999999997,33.99999999999997,80.09415745127176,6.525602777296645,13,2.5200000000000005,2.5199999999999982,0.42000000000000015,0.0,0.0,0.21000000000000002,0.21000000000000002
1565,1,0,1,0.18376572474962427,4.0,37.99999999999997,33.99999999999997,80.05915745127177,6.490602777296644,13,2.5200000000000005,2.5199999999999982,0.42000000000000015,0.0,0.0,0.21000000000000002,0.21000000000000002
1566,1,0,1,0.18374678433579383,4.0,37.99999999999997,33.99999999999997,80.02415745127178,6.455602777296645,13,2.5200000000000005,2.5199999999999982,0.42000000000000015,0.0,0.0,0.21000000000000002,0.21000000000000002
1567,1,0,1,0.18374911956720402,4.0,37.99999999999997,33.99999999999997,79.98915745127178,6.420602777296644,13,2.5200000000000005,2.5199999999999982,0.42000000000000015,0.0,0.0,0.21000000000000002,0.21000000000000002
1568,1,0,0,-0.05624643209619366,3.9437535679038063,37.99999999999997,33.99999999999997,79.95415745127177,6.385602777296644,13,2.5200000000000005,2.5199999999999982,0.42000000000000015,0.0,0.0,0.21000000000000002,0.21000000000000002
1569,1,2,1,0.11876805368348124,4.0,37.99999999999997,33.99999999999997,80.26915745127178,6.350602777296643,13,2.5200000000000005,2.5199999999999982,0.42000000000000015,0.0,0.0,0.21000000000000002,0.21000000000000002
1570,1,2,1,0.118777536420934,4.0,37.99999999999997,33.99999999999997,80.58415745127176,6.315602777296644,13,2.5200000000000005,2.5199999999999982,0.42000000000000015,0.0,0.0,0.21000000000000002,0.21000000000000002
1571,1,0,1,0.18376042917338548,4.0,37.99999999999997,33.99999999999997,80.54915745127178,6.280602777296643,13,2.5200000000000005,2.5199999999999982,0.42000000000000015,0.0,0.0,0.21000000000000002,0.21000000000000002
1572,1,0,1,0.18402348511927505,4.0,37.99999999999997,33.99999999999997,80.51415745127179,6.245602777296644,13,2.5200000000000005,2.5199999999999982,0.42000000000000015,0.0,0.0,0.21000000000000002,0.21000000000000002
1573,1,0,1,0.18376060863762594,4.0,37.99999999999997,33.99999999999997,80.47915745127179,6.210602777296643,13,2.5200000000000005,2.5199999999999982,0.42000000000000015,0.0,0.0,0.21000000000000002,0.21000000000000002
1574,1,0,1,0.18404002714182885,4.0,37.99999999999997,33.99999999999997,80.44415745127178,6.1756027772966435,13,2.5200000000000005,2.5199999999999982,0.42000000000000015,0.0,0.0,0.21000000000000002,0.21000000000000002
1575,1,0,0,-0.056219228773527356,3.9437807712264727,37.99999999999997,33.99999999999997,80.4091574512718,6.1406027772966425,13,2.5200000000000005,2.5199999999999982,0.42000000000000015,0.0,0.0,0.21000000000000002,0.21000000000000002
1576,1,2,1,0.11876195145021197,4.0,37.99999999999997,33.99999999999997,80.7241574512718,6.105602777296643,13,2.5200000000000005,2.5199999999999982,0.42000000000000015,0.0,0.0,0.21000000000000002,0.21000000000000002
1577,1,0,0,-0.05596672029211114,3.944033279707889,37.99999999999997,33.99999999999997,80.68915745127178,6.070602777296642,13,2.5200000000000005,2.5199999999999982,0.42000000000000015,0.0,0.0,0.21000000000000002,0.21000000000000002
1578,1,0,1,0.18378113339775376,4.0,37.99999999999997,33.99999999999997,80.6541574512718,6.035602777296643,13,2.5200000000000005,2.5199999999999982,0.42000000000000015,0.0,0.0,0.21000000000000002,0.21000000000000002
1579,1,0,1,0.18404683736207866,4.0,37.99999999999997,33.99999999999997,80.6191574512718,6.000602777296642,13,2.5200000000000005,2.5199999999999982,0.42000000000000015,0.0,0.0,0.21000000000000002,0.21000000000000002
1580,1,0,1,0.18376853390839523,4.0,37.99999999999997,33.99999999999997,80.5841574512718,5.965602777296643,13,2.5200000000000005,2.5199999999999982,0.42000000000000015,0.0,0.0,0.21000000000000002,0.21000000000000002
1581,1,0,1,0.1837755385142285,4.0,37.99999999999997,33.99999999999997,80.5491574512718,5.930602777296642,13,2.5200000000000005,2.5199999999999982,0.42000000000000015,0.0,0.0,0.21000000000000002,0.21000000000000002
1582,1,0,1,0.18407543829671305,4.0,37.99999999999997,33.99999999999997,80.51415745127181,5.895602777296642,13,2.5200000000000005,2.5199999999999982,0.42000000000000015,0.0,0.0,0.21000000000000002,0.21000000000000002
1583,1,2,1,0.1190747588966921,4.0,37.99999999999997,33.99999999999997,80.82915745127181,5.860602777296641,13,2.5200000000000005,2.5199999999999982,0.42000000000000015,0.0,0.0,0.21000000000000002,0.21000000000000002
1584,1,0,1,0.18377397737298717,4.0,37.99999999999997,33.99999999999997,80.7941574512718,5.825602777296642,13,2.5200000000000005,2.5199999999999982,0.42000000000000015,0.0,0.0,0.21000000000000002,0.21000000000000002
1585,1,0,1,0.18404601826636177,4.0,37.99999999999997,33.99999999999997,80.75915745127182,5.790602777296641,13,2.5200000000000005,2.5199999999999982,0.42000000000000015,0.0,0.0,0.21000000000000002,0.21000000000000002
1586,1,2,0,-0.12094756116914496,3.879052438830855,37.99999999999997,33.99999999999997,81.07415745127182,5.755602777296642,13,2.5200000000000005,2.5199999999999982,0.42000000000000015,0.0,0.0,0.21000000000000002,0.21000000000000002
1587,1,1,1,0.11905307361319643,3.9981055124440514,37.99999999999997,33.99999999999997,81.0391574512718,6.070602777296641,13,2.5200000000000005,2.5199999999999982,0.42000000000000015,0.0,0.0,0.21000000000000002,0.21000000000000002
1588,1,0,0,-0.05622207988234464,3.9418834325617067,37.99999999999997,33.99999999999997,81.00415745127182,6.035602777296641,13,2.5200000000000005,2.5199999999999982,0.42000000000000015,0.0,0.0,0.21000000000000002,0.21000000000000002
1589,1,0,1,0.18376383080978956,4.0,37.99999999999997,33.99999999999997,80.96915745127183,6.000602777296641,13,2.5200000000000005,2.5199999999999982,0.42000000000000015,0.0,0.0,0.21000000000000002,0.21000000000000002
1590,1,0,1,0.1837578461019773,4.0,37.99999999999997,33.99999999999997,80.93415745127183,5.965602777296641,13,2.5200000000000005,2.5199999999999982,0.42000000000000015,0.0,0.0,0.21000000000000002,0.21000000000000002
1591,1,0,1,0.18377225596782387,4.0,37.99999999999997,33.99999999999997,80.89915745127182,5.930602777296641,13,2.5200000000000005,2.5199999999999982,0.42000000000000015,0.0,0.0,0.21000000000000002,0.21000000000000002
1592,1,0,1,0.18408040776227552,4.0,37.99999999999997,33.99999999999997,80.86415745127184,5.895602777296641,13,2.5200000000000005,2.5199999999999982,0.42000000000000015,0.0,0.0,0.21000000000000002,0.21000000000000002
1593,1,0,1,0.18377605665314992,4.0,37.99999999999997,33.99999999999997,80.82915745127184,5.8606027772966405,13,2.5200000000000005,2.5199999999999982,0.42000000000000015,0.0,0.0,0.21000000000000002,0.21000000000000002
1594,1,0,1,0.184049629397758,4.0,37.99999999999997,33.99999999999997,80.79415745127184,5.82560277729664,13,2.5200000000000005,2.5199999999999982,0.42000000000000015,0.0,0.0,0.21000000000000002,0.21000000000000002
1595,1,2,0,-0.12122621257413482,3.878773787425865,37.99999999999997,33.99999999999997,81.10915745127184,5.79060277729664,13,2.5200000000000005,2.5199999999999982,0.42000000000000015,0.0,0.0,0.21000000000000002,0.21000000000000002
1596,1,0,1,0.1837659885537849,4.0,37.99999999999997,33.99999999999997,81.07415745127184,5.75560277729664,13,2.5200000000000005,2.5199999999999982,0.42000000000000015,0.0,0.0,0.21000000000000002,0.21000000000000002
1597,1,0,0,-0.05596475744541333,3.9440352425545866,37.99999999999997,33.99999999999997,81.03915745127185,5.72060277729664,13,2.5200000000000005,2.5199999999999982,0.42000000000000015,0.0,0.0,0.21000000000000002,0.21000000000000002
1598,1,0,0,-0.05623360830816995,3.887801634246417,37.99999999999997,33.99999999999997,81.00415745127184,5.68560277729664,13,2.5200000000000005,2.5199999999999982,0.42000000000000015,0.0,0.0,0.21000000000000002,0.21000000000000002
1599,1,0,0,-0.056222162724771256,3.8315794715216454,37.99999999999997,33.99999999999997,80.96915745127185,5.65060277729664,13,2.5200000000000005,2.5199999999999982,0.42000000000000015,0.0,0.0,0.21000000000000002,0.21000000000000002
1600,1,1,1,0.11876158382073823,3.9503410553423834,37.99999999999997,33.99999999999997,80.93415745127186,5.965602777296638,13,2.5200000000000005,2.5199999999999982,0.42000000000000015,0.0,0.0,0.21000000000000002,0.21000000000000002
1601,1,1,1,0.11877560018233044,4.0,37.99999999999997,33.99999999999997,80.89915745127186,6.280602777296639,13,2.5200000000000005,2.5199999999999982,0.42000000000000015,0.0,0.0,0.21000000000000002,0.21000000000000002
1602,1,1,0,-0.12123764715798573,3.8787623528420143,37.99999999999997,33.99999999999997,80.86415745127185,6.595602777296638,13,2.5200000000000005,2.5199999999999982,0.42000000000000015,0.0,0.0,0.21000000000000002,0.21000000000000002
1603,1,2,1,0.1190695718967828,3.9978319247387972,37.99999999999997,33.99999999999997,81.17915745127186,6.560602777296637,13,2.5200000000000005,2.5199999999999982,0.42000000000000015,0.0,0.0,0.21000000000000002,0.21000000000000002
1604,1,1,1,0.1187470554616374,4.0,37.99999999999997,33.99999999999997,81.14415745127187,6.8756027772966375,13,2.5200000000000005,2.5199999999999982,0.42000000000000015,0.0,0.0,0.21000000000000002,0.21000000000000002
1605,1,1,1,0.11899717830064066,4.0,37.99999999999997,33.99999999999997,81.10915745127186,7.190602777296637,13,2.5200000000000005,2.5199999999999982,0.42000000000000015,0.0,0.0,0.21000000000000002,0.21000000000000002
1606,1,2,1,0.11876687054935788,4.0,37.99999999999997,33.99999999999997,81.42415745127187,7.155602777296636,13,2.5200000000000005,2.5199999999999982,0.42000000000000015,0.0,0.0,0.21000000000000002,0.21000000000000002
1607,1,1,1,0.11904544335301863,4.0,37.99999999999997,33.99999999999997,81.38915745127187,7.470602777296636,13,2.5200000000000005,2.5199999999999982,0.42000000000000015,0.0,0.0,0.21000000000000002,0.21000000000000002
1608,1,0,1,0.18404104260755724,4.0,37.99999999999997,33.99999999999997,81.35415745127186,7.435602777296636,13,2.5200000000000005,2.5199999999999982,0.42000000000000015,0.0,0.0,0.21000000000000002,0.21000000000000002
1609,1,0,1,0.18374017688145317,4.0,37.99999999999997,33.99999999999997,81.31915745127188,7.400602777296636,13,2.5200000000000005,2.5199999999999982,0.42000000000000015,0.0,0.0,0.21000000000000002,0.21000000000000002
1610,1,0,1,0.18405636542448198,4.0,37.99999999999997,33.99999999999997,81.28415745127188,7.365602777296636,13,2.5200000000000005,2.5199999999999982,0.42000000000000015,0.0,0.0,0.21000000000000002,0.21000000000000002
1611,1,0,1,0.1839950605495067,4.0,37.99999999999997,33.99999999999997,81.24915745127188,7.330602777296636,13,2.5200000000000005,2.5199999999999982,0.42000000000000015,0.0,0.0,0.21000000000000002,0.21000000000000002
1612,1,0,1,0.18374283357928028,4.0,37.99999999999997,33.99999999999997,81.21415745127187,7.295602777296636,13,2.5200000000000005,2.5199999999999982,0.42000000000000015,0.0,0.0,0.21000000000000002,0.21000000000000002
1613,1,0,1,0.18399781677780558,4.0,37.99999999999997,33.99999999999997,81.17915745127189,7.2606027772966355,13,2.5200000000000005,2.5199999999999982,0.42000000000000015,0.0,0.0,0.21000000000000002,0.21000000000000002
1614,1,0,1,0.18375386323332013,4.0,37.99999999999997,33.99999999999997,81.1441574512719,7.225602777296635,13,2.5200000000000005,2.5199999999999982,0.42000000000000015,0.0,0.0,0.21000000000000002,0.21000000000000002
1615,1,0,1,0.18401572273186875,4.0,37.99999999999997,33.99999999999997,81.1091574512719,7.190602777296635,13,2.5200000000000005,2.5199999999999982,0.42000000000000015,0.0,0.0,0.21000000000000002,0.21000000000000002
1616,1,0,0,-0.055955379381048234,3.9440446206189517,37.99999999999997,33.99999999999997,81.07415745127189,7.155602777296635,13,2.5200000000000005,2.5199999999999982,0.42000000000000015,0.0,0.0,0.21000000000000002,0.21000000000000002
1617,1,0,1,0.18376204141307986,4.0,37.99999999999997,33.99999999999997,81.0391574512719,7.120602777296635,13,2.5200000000000005,2.5199999999999982,0.42000000000000015,0.0,0.0,0.21000000000000002,0.21000000000000002
1618,1,0,1,0.18375518307411576,4.0,37.99999999999997,33.99999999999997,81.00415745127191,7.085602777296635,13,2.5200000000000005,2.5199999999999982,0.42000000000000015,0.0,0.0,0.21000000000000002,0.21000000000000002
1619,1,0,1,0.18405677007731405,4.0,37.99999999999997,33.99999999999997,80.96915745127191,7.050602777296635,13,2.5200000000000005,2.5199999999999982,0.42000000000000015,0.0,0.0,0.21000000000000002,0.21000000000000002
1620,1,0,1,0.18403779108512852,4.0,37.99999999999997,33.99999999999997,80.9341574512719,7.0156027772966345,13,2.5200000000000005,2.5199999999999982,0.42000000000000015,0.0,0.0,0.21000000000000002,0.21000000000000002
1621,1,0,1,0.1837572929620044,4.0,37.99999999999997,33.99999999999997,80.89915745127192,6.980602777296634,13,2.5200000000000005,2.5199999999999982,0.42000000000000015,0.0,0.0,0.21000000000000002,0.21000000000000002
1622,1,0,1,0.1837638791849101,4.0,37.99999999999997,33.99999999999997,80.86415745127192,6.945602777296634,13,2.5200000000000005,2.5199999999999982,0.42000000000000015,0.0,0.0,0.21000000000000002,0.21000000000000002
1623,1,0,1,0.18375779013111557,4.0,37.99999999999997,33.99999999999997,80.82915745127193,6.910602777296634,13,2.5200000000000005,2.5199999999999982,0.42000000000000015,0.0,0.0,0.21000000000000002,0.21000000000000002
1624,1,0,1,0.1840335907764381,4.0,37.99999999999997,33.99999999999997,80.79415745127191,6.875602777296634,13,2.5200000000000005,2.5199999999999982,0.42000000000000015,0.0,0.0,0.21000000000000002,0.21000000000000002
1625,1,0,1,0.18376078275102117,4.0,37.99999999999997,33.99999999999997,80.75915745127193,6.840602777296634,13,2.5200000000000005,2.5199999999999982,0.42000000000000015,0.0,0.0,0.21000000000000002,0.21000000000000002
1626,1,0,1,0.1837607910891916,4.0,37.99999999999997,33.99999999999997,80.72415745127194,6.805602777296634,13,2.5200000000000005,2.5199999999999982,0.42000000000000015,0.0,0.0,0.21000000000000002,0.21000000000000002
1627,1,1,1,0.11903297244485611,4.0,37.99999999999997,33.99999999999997,80.68915745127194,7.120602777296632,13,2.5200000000000005,2.5199999999999982,0.42000000000000015,0.0,0.0,0.21000000000000002,0.21000000000000002
1628,1,1,1,0.11876048239518495,4.0,37.99999999999997,33.99999999999997,80.65415745127193,7.435602777296633,13,2.5200000000000005,2.5199999999999982,0.42000000000000015,0.0,0.0,0.21000000000000002,0.21000000000000002
1629,1,1,1,0.11875805441523925,4.0,37.99999999999997,33.99999999999997,80.61915745127195,7.750602777296632,13,2.5200000000000005,2.5199999999999982,0.42000000000000015,0.0,0.0,0.21000000000000002,0.21000000000000002
1630,1,0,1,0.18401793931538987,4.0,37.99999999999997,33.99999999999997,80.58415745127195,7.715602777296631,13,2.5200000000000005,2.5199999999999982,0.42000000000000015,0.0,0.0,0.21000000000000002,0.21000000000000002
1631,1,0,1,0.18403686887160065,4.0,37.99999999999997,33.99999999999997,80.54915745127195,7.680602777296632,13,2.5200000000000005,2.5199999999999982,0.42000000000000015,0.0,0.0,0.21000000000000002,0.21000000000000002
1632,1,0,0,-0.055963824702161304,3.9440361752978386,37.99999999999997,33.99999999999997,80.51415745127194,7.645602777296631,13,2.5200000000000005,2.5199999999999982,0.42000000000000015,0.0,0.0,0.21000000000000002,0.21000000000000002
1633,1,0,0,-0.05597609318810081,3.888060082109738,37.99999999999997,33.99999999999997,80.47915745127196,7.610602777296632,13,2.5200000000000005,2.5199999999999982,0.42000000000000015,0.0,0.0,0.21000000000000002,0.21000000000000002
1634,1,0,0,-0.056269177701841394,3.8317909044078964,37.99999999999997,33.99999999999997,80.44415745127196,7.575602777296631,13,2.5200000000000005,2.5199999999999982,0.42000000000000015,0.0,0.0,0.21000000000000002,0.21000000000000002
1635,1,1,1,0.11902331907704485,3.950814223484941,37.99999999999997,33.99999999999997,80.40915745127197,7.890602777296631,13,2.5200000000000005,2.5199999999999982,0.42000000000000015,0.0,0.0,0.21000000000000002,0.21000000000000002
1636,1,0,1,0.18402775952922978,4.0,37.99999999999997,33.99999999999997,80.37415745127196,7.855602777296631,13,2.5200000000000005,2.5199999999999982,0.42000000000000015,0.0,0.0,0.21000000000000002,0.21000000000000002
1637,1,0,0,-0.055967709050436416,3.9440322909495635,37.99999999999997,33.99999999999997,80.33915745127197,7.820602777296631,13,2.5200000000000005,2.5199999999999982,0.42000000000000015,0.0,0.0,0.21000000000000002,0.21000000000000002
1638,1,0,0,-0.056254612664090334,3.8877776782854734,37.99999999999997,33.99999999999997,80.30415745127198,7.7856027772966305,13,2.5200000000000005,2.5199999999999982,0.42000000000000015,0.0,0.0,0.21000000000000002,0.21000000000000002
1639,1,0,0,-0.05625465728141414,3.831523021004059,37.99999999999997,33.99999999999997,80.26915745127198,7.75060277729663,13,2.5200000000000005,2.5199999999999982,0.42000000000000015,0.0,0.0,0.21000000000000002,0.21000000000000002
1640,1,0,1,0.18402393507158762,4.0,37.99999999999997,33.99999999999997,80.23415745127197,7.71560277729663,13,2.5200000000000005,2.5199999999999982,0.42000000000000015,0.0,0.0,0.21000000000000002,0.21000000000000002
1641,1,0,1,0.1840434445181491,4.0,37.99999999999997,33.99999999999997,80.19915745127199,7.68060277729663,13,2.5200000000000005,2.5199999999999982,0.42000000000000015,0.0,0.0,0.21000000000000002,0.21000000000000002
1642,1,0,0,-0.05624507950504597,3.9437549204949542,37.99999999999997,33.99999999999997,80.16415745127199,7.64560277729663,13,2.5200000000000005,2.5199999999999982,0.42000000000000015,0.0,0.0,0.21000000000000002,0.21000000000000002
1643,1,0,0,-0.056266840359928794,3.8874880801350256,37.99999999999997,33.99999999999997,80.129157451272,7.61060277729663,13,2.5200000000000005,2.5199999999999982,0.42000000000000015,0.0,0.0,0.21000000000000002,0.21000000000000002
1644,1,0,1,0.18375548368981262,4.0,37.99999999999997,33.99999999999997,80.09415745127198,7.57560277729663,13,2.5200000000000005,2.5199999999999982,0.42000000000000015,0.0,0.0,0.21000000000000002,0.21000000000000002
1645,1,0,1,0.1840321874864913,4.0,37.99999999999997,33.99999999999997,80.059157451272,7.5406027772966295,13,2.5200000000000005,2.5199999999999982,0.42000000000000015,0.0,0.0,0.21000000000000002,0.21000000000000002
1646,1,0,0,-0.05624980593517778,3.943750194064822,37.99999999999997,33.99999999999997,80.024157451272,7.505602777296629,13,2.5200000000000005,2.5199999999999982,0.42000000000000015,0.0,0.0,0.21000000000000002,0.21000000000000002
1647,1,0,1,0.18375940699888016,4.0,37.99999999999997,33.99999999999997,79.989157451272,7.470602777296629,13,2.5200000000000005,2.5199999999999982,0.42000000000000015,0.0,0.0,0.21000000000000002,0.21000000000000002
1648,1,0,1,0.18375318481196698,4.0,37.99999999999997,33.99999999999997,79.954157451272,7.435602777296629,13,2.5200000000000005,2.5199999999999982,0.42000000000000015,0.0,0.0,0.21000000000000002,0.21000000000000002
1649,1,2,1,0.11876268144915347,4.0,37.99999999999997,33.99999999999997,80.26915745127201,7.400602777296629,13,2.5200000000000005,2.5199999999999982,0.42000000000000015,0.0,0.0,0.21000000000000002,0.21000000000000002
1650,1,0,1,0.1840620101170372,4.0,37.99999999999997,33.99999999999997,80.23415745127201,7.365602777296629,13,2.5200000000000005,2.5199999999999982,0.42000000000000015,0.0,0.0,0.21000000000000002,0.21000000000000002
1651,1,0,1,0.1840464043525351,4.0,37.99999999999997,33.99999999999997,80.199157451272,7.330602777296629,13,2.5200000000000005,2.5199999999999982,0.42000000000000015,0.0,0.0,0.21000000000000002,0.21000000000000002
1652,1,0,1,0.1837608175116078,4.0,37.99999999999997,33.99999999999997,80.16415745127202,7.2956027772966285,13,2.5200000000000005,2.5199999999999982,0.42000000000000015,0.0,0.0,0.21000000000000002,0.21000000000000002
1653,1,0,1,0.1840249570157176,4.0,37.99999999999997,33.99999999999997,80.12915745127202,7.260602777296628,13,2.5200000000000005,2.5199999999999982,0.42000000000000015,0.0,0.0,0.21000000000000002,0.21000000000000002
1654,1,0,0,-0.0559832797242619,3.944016720275738,37.99999999999997,33.99999999999997,80.09415745127203,7.225602777296628,13,2.5200000000000005,2.5199999999999982,0.42000000000000015,0.0,0.0,0.21000000000000002,0.21000000000000002
1655,1,1,1,0.1190291898347951,4.0,37.99999999999997,33.99999999999997,80.05915745127201,7.540602777296627,13,2.5200000000000005,2.5199999999999982,0.42000000000000015,0.0,0.0,0.21000000000000002,0.21000000000000002
1656,1,2,1,0.11902866051105904,4.0,37.99999999999997,33.99999999999997,80.37415745127203,7.505602777296628,13,2.5200000000000005,2.5199999999999982,0.42000000000000015,0.0,0.0,0.21000000000000002,0.21000000000000002
1657,1,0,1,0.1840361848940954,4.0,37.99999999999997,33.99999999999997,80.33915745127203,7.470602777296627,13,2.5200000000000005,2.5199999999999982,0.42000000000000015,0.0,0.0,0.21000000000000002,0.21000000000000002
1658,1,0,1,0.1837660320323996,4.0,37.99999999999997,33.99999999999997,80.30415745127202,7.435602777296627,13,2.5200000000000005,2.5199999999999982,0.42000000000000015,0.0,0.0,0.21000000000000002,0.21000000000000002
1659,1,1,0,-0.12123571883871333,3.8787642811612866,37.99999999999997,33.99999999999997,80.26915745127204,7.750602777296627,13,2.5200000000000005,2.5199999999999982,0.42000000000000015,0.0,0.0,0.21000000000000002,0.21000000000000002
1660,1,0,1,0.18400207029264593,4.0,37.99999999999997,33.99999999999997,80.23415745127204,7.715602777296627,13,2.5200000000000005,2.5199999999999982,0.42000000000000015,0.0,0.0,0.21000000000000002,0.21000000000000002
1661,1,0,1,0.1840447745723226,4.0,37.99999999999997,33.99999999999997,80.19915745127204,7.6806027772966265,13,2.5200000000000005,2.5199999999999982,0.42000000000000015,0.0,0.0,0.21000000000000002,0.21000000000000002
1662,1,0,1,0.1840104335040001,4.0,37.99999999999997,33.99999999999997,80.16415745127203,7.645602777296626,13,2.5200000000000005,2.5199999999999982,0.42000000000000015,0.0,0.0,0.21000000000000002,0.21000000000000002
1663,1,1,1,0.11874964919827123,4.0,37.99999999999997,33.99999999999997,80.12915745127205,7.960602777296626,13,2.5200000000000005,2.5199999999999982,0.42000000000000015,0.0,0.0,0.21000000000000002,0.21000000000000002
1664,1,0,1,0.18375743409037987,4.0,37.99999999999997,33.99999999999997,80.09415745127205,7.925602777296625,14,2.5200000000000005,2.5199999999999982,0.42000000000000015,0.0,0.0,0.21000000000000002,0.21000000000000002
1665,1,0,1,0.18375625709208704,4.0,37.99999999999997,33.99999999999997,80.05915745127206,7.890602777296626,14,2.5200000000000005,2.5199999999999982,0.42000000000000015,0.0,0.0,0.21000000000000002,0.21000000000000002
1666,1,0,1,0.1840638462902545,4.0,37.99999999999997,33.99999999999997,80.02415745127205,7.855602777296625,14,2.5200000000000005,2.5199999999999982,0.42000000000000015,0.0,0.0,0.21000000000000002,0.21000000000000002
1667,1,0,1,0.18376976109878654,4.0,37.99999999999997,33.99999999999997,79.98915745127206,7.820602777296625,14,2.5200000000000005,2.5199999999999982,0.42000000000000015,0.0,0.0,0.21000000000000002,0.21000000000000002
1668,1,0,1,0.18375008864817932,4.0,37.99999999999997,33.99999999999997,79.95415745127207,7.785602777296624,14,2.5200000000000005,2.5199999999999982,0.42000000000000015,0.0,0.0,0.21000000000000002,0.21000000000000002
1669,1,0,1,0.18401790226682643,4.0,37.99999999999997,33.99999999999997,79.91915745127207,7.750602777296625,14,2.5200000000000005,2.5199999999999982,0.42000000000000015,0.0,0.0,0.21000000000000002,0.21000000000000002
1670,1,0,1,0.18376412406755394,4.0,37.99999999999997,33.99999999999997,79.88415745127206,7.715602777296624,14,2.5200000000000005,2.5199999999999982,0.42000000000000015,0.0,0.0,0.21000000000000002,0.21000000000000002
1671,1,0,1,0.18377207627004769,4.0,37.99999999999997,33.99999999999997,79.84915745127208,7.680602777296625,14,2.5200000000000005,2.5199999999999982,0.42000000000000015,0.0,0.0,0.21000000000000002,0.21000000000000002
1672,1,0,1,0.18404182593263751,4.0,37.99999999999997,33.99999999999997,79.81415745127208,7.645602777296624,14,2.5200000000000005,2.5199999999999982,0.42000000000000015,0.0,0.0,0.21000000000000002,0.21000000000000002
1673,1,0,0,-0.05623823629294927,3.943761763707051,37.99999999999997,33.99999999999997,79.77915745127208,7.6106027772966245,14,2.5200000000000005,2.5199999999999982,0.42000000000000015,0.0,0.0,0.21000000000000002,0.21000000000000002
1674,1,0,1,0.184031775295623,4.0,37.99999999999997,33.99999999999997,79.74415745127207,7.5756027772966235,14,2.5200000000000005,2.5199999999999982,0.42000000000000015,0.0,0.0,0.21000000000000002,0.21000000000000002
1675,1,0,1,0.18405247633931082,4.0,37.99999999999997,33.99999999999997,79.70915745127209,7.540602777296624,14,2.5200000000000005,2.5199999999999982,0.42000000000000015,0.0,0.0,0.21000000000000002,0.21000000000000002
1676,1,0,1,0.18376158851807267,4.0,37.99999999999997,33.99999999999997,79.6741574512721,7.505602777296623,14,2.5200000000000005,2.5199999999999982,0.42000000000000015,0.0,0.0,0.21000000000000002,0.21000000000000002
1677,1,0,0,-0.05595170270668101,3.944048297293319,37.99999999999997,33.99999999999997,79.6391574512721,7.470602777296624,14,2.5200000000000005,2.5199999999999982,0.42000000000000015,0.0,0.0,0.21000000000000002,0.21000000000000002
1678,1,0,0,-0.05595218639681171,3.888096110896507,37.99999999999997,33.99999999999997,79.60415745127209,7.435602777296623,14,2.5200000000000005,2.5199999999999982,0.42000000000000015,0.0,0.0,0.21000000000000002,0.21000000000000002
1679,1,1,1,0.11876113255301476,4.0,37.99999999999997,33.99999999999997,79.5691574512721,7.750602777296623,14,2.5200000000000005,2.5199999999999982,0.42000000000000015,0.0,0.0,0.21000000000000002,0.21000000000000002
1680,1,0,1,0.18377282608836576,4.0,37.99999999999997,33.99999999999997,79.53415745127211,7.715602777296623,14,2.5200000000000005,2.5199999999999982,0.42000000000000015,0.0,0.0,0.21000000000000002,0.21000000000000002
1681,1,0,1,0.18404561382756043,4.0,37.99999999999997,33.99999999999997,79.49915745127211,7.680602777296623,14,2.5200000000000005,2.5199999999999982,0.42000000000000015,0.0,0.0,0.21000000000000002,0.21000000000000002
1682,1,0,1,0.1837552554290887,4.0,37.99999999999997,33.99999999999997,79.4641574512721,7.645602777296623,14,2.5200000000000005,2.5199999999999982,0.42000000000000015,0.0,0.0,0.21000000000000002,0.21000000000000002
1683,1,0,1,0.18377639963565928,4.0,37.99999999999997,33.99999999999997,79.42915745127212,7.610602777296623,14,2.5200000000000005,2.5199999999999982,0.42000000000000015,0.0,0.0,0.21000000000000002,0.21000000000000002
1684,1,0,1,0.1837724950894681,4.0,37.99999999999997,33.99999999999997,79.39415745127212,7.575602777296623,14,2.5200000000000005,2.5199999999999982,0.42000000000000015,0.0,0.0,0.21000000000000002,0.21000000000000002
1685,1,0,1,0.1840572172344792,4.0,37.99999999999997,33.99999999999997,79.35915745127213,7.540602777296622,14,2.5200000000000005,2.5199999999999982,0.42000000000000015,0.0,0.0,0.21000000000000002,0.21000000000000002
1686,1,0,1,0.18404011521179608,4.0,37.99999999999997,33.99999999999997,79.32415745127211,7.505602777296622,14,2.5200000000000005,2.5199999999999982,0.42000000000000015,0.0,0.0,0.21000000000000002,0.21000000000000002
1687,1,2,1,0.11876232795937341,4.0,37.99999999999997,33.99999999999997,79.63915745127213,7.470602777296622,14,2.5200000000000005,2.5199999999999982,0.42000000000000015,0.0,0.0,0.21000000000000002,0.21000000000000002
1688,1,0,1,0.1840248565498581,4.0,37.99999999999997,33.99999999999997,79.60415745127213,7.435602777296622,14,2.5200000000000005,2.5199999999999982,0.42000000000000015,0.0,0.0,0.21000000000000002,0.21000000000000002
1689,1,0,1,0.18401798416686888,4.0,37.99999999999997,33.99999999999997,79.56915745127212,7.400602777296622,14,2.5200000000000005,2.5199999999999982,0.42000000000000015,0.0,0.0,0.21000000000000002,0.21000000000000002
1690,1,0,0,-0.055943458850943824,3.944056541149056,37.99999999999997,33.99999999999997,79.53415745127214,7.365602777296622,14,2.5200000000000005,2.5199999999999982,0.42000000000000015,0.0,0.0,0.21000000000000002,0.21000000000000002
1691,1,1,0,-0.12122804413925174,3.8228284970098043,37.99999999999997,33.99999999999997,79.49915745127214,7.68060277729662,14,2.5200000000000005,2.5199999999999982,0.42000000000000015,0.0,0.0,0.21000000000000002,0.21000000000000002
1692,1,0,1,0.1840140086399932,4.0,37.99999999999997,33.99999999999997,79.46415745127214,7.645602777296621,14,2.5200000000000005,2.5199999999999982,0.42000000000000015,0.0,0.0,0.21000000000000002,0.21000000000000002
1693,1,0,1,0.18403586000844013,4.0,37.99999999999997,33.99999999999997,79.42915745127213,7.61060277729662,14,2.5200000000000005,2.5199999999999982,0.42000000000000015,0.0,0.0,0.21000000000000002,0.21000000000000002
1694,1,0,1,0.1837818766814738,4.0,37.99999999999997,33.99999999999997,79.39415745127215,7.575602777296621,14,2.5200000000000005,2.5199999999999982,0.42000000000000015,0.0,0.0,0.21000000000000002,0.21000000000000002
1695,1,2,1,0.11906398944522958,4.0,37.99999999999997,33.99999999999997,79.70915745127215,7.54060277729662,14,2.5200000000000005,2.5199999999999982,0.42000000000000015,0.0,0.0,0.21000000000000002,0.21000000000000002
1696,1,0,1,0.18377568064211317,4.0,37.99999999999997,33.99999999999997,79.67415745127214,7.5056027772966205,14,2.5200000000000005,2.5199999999999982,0.42000000000000015,0.0,0.0,0.21000000000000002,0.21000000000000002
1697,1,0,1,0.18407103441306577,4.0,37.99999999999997,33.99999999999997,79.63915745127215,7.4706027772966195,14,2.5200000000000005,2.5199999999999982,0.42000000000000015,0.0,0.0,0.21000000000000002,0.21000000000000002
1698,1,0,1,0.18407440284637774,4.0,37.99999999999997,33.99999999999997,79.60415745127216,7.43560277729662,14,2.5200000000000005,2.5199999999999982,0.42000000000000015,0.0,0.0,0.21000000000000002,0.21000000000000002
1699,1,0,1,0.18377220067039246,4.0,37.99999999999997,33.99999999999997,79.56915745127216,7.400602777296619,14,2.5200000000000005,2.5199999999999982,0.42000000000000015,0.0,0.0,0.21000000000000002,0.21000000000000002
1700,1,0,1,0.18377883969902548,4.0,37.99999999999997,33.99999999999997,79.53415745127215,7.36560277729662,14,2.5200000000000005,2.5199999999999982,0.42000000000000015,0.0,0.0,0.21000000000000002,0.21000000000000002
1701,1,0,1,0.18402729896091896,4.0,37.99999999999997,33.99999999999997,79.49915745127217,7.330602777296619,14,2.5200000000000005,2.5199999999999982,0.42000000000000015,0.0,0.0,0.21000000000000002,0.21000000000000002
1702,1,0,1,0.18377696406599353,4.0,37.99999999999997,33.99999999999997,79.46415745127217,7.29560277729662,14,2.5200000000000005,2.5199999999999982,0.42000000000000015,0.0,0.0,0.21000000000000002,0.21000000000000002
1703,1,0,1,0.18376207773976197,4.0,37.99999999999997,33.99999999999997,79.42915745127218,7.260602777296619,14,2.5200000000000005,2.5199999999999982,0.42000000000000015,0.0,0.0,0.21000000000000002,0.21000000000000002
1704,1,0,1,0.1837810924744355,4.0,37.99999999999997,33.99999999999997,79.39415745127216,7.225602777296619,14,2.5200000000000005,2.5199999999999982,0.42000000000000015,0.0,0.0,0.21000000000000002,0.21000000000000002
1705,1,0,1,0.18379003344122538,4.0,37.99999999999997,33.99999999999997,79.35915745127218,7.190602777296618,14,2.5200000000000005,2.5199999999999982,0.42000000000000015,0.0,0.0,0.21000000000000002,0.21000000000000002
1706,1,0,1,0.18380030441556508,4.0,37.99999999999997,33.99999999999997,79.32415745127219,7.155602777296619,14,2.5200000000000005,2.5199999999999982,0.42000000000000015,0.0,0.0,0.21000000000000002,0.21000000000000002
1707,1,0,1,0.18378570443825334,4.0,37.99999999999997,33.99999999999997,79.28915745127219,7.120602777296618,14,2.5200000000000005,2.5199999999999982,0.42000000000000015,0.0,0.0,0.21000000000000002,0.21000000000000002
1708,1,0,1,0.18378972724358944,4.0,37.99999999999997,33.99999999999997,79.25415745127218,7.085602777296619,14,2.5200000000000005,2.5199999999999982,0.42000000000000015,0.0,0.0,0.21000000000000002,0.21000000000000002
1709,1,0,1,0.1837839611803051,4.0,37.99999999999997,33.99999999999997,79.2191574512722,7.050602777296618,14,2.5200000000000005,2.5199999999999982,0.42000000000000015,0.0,0.0,0.21000000000000002,0.21000000000000002
1710,1,1,1,0.1187891752822329,4.0,37.99999999999997,33.99999999999997,79.1841574512722,7.365602777296618,14,2.5200000000000005,2.5199999999999982,0.42000000000000015,0.0,0.0,0.21000000000000002,0.21000000000000002
1711,1,0,1,0.1837804709043638,4.0,37.99999999999997,33.99999999999997,79.1491574512722,7.330602777296618,14,2.5200000000000005,2.5199999999999982,0.42000000000000015,0.0,0.0,0.21000000000000002,0.21000000000000002
1712,1,0,1,0.18378530825654893,4.0,37.99999999999997,33.99999999999997,79.11415745127219,7.295602777296618,14,2.5200000000000005,2.5199999999999982,0.42000000000000015,0.0,0.0,0.21000000000000002,0.21000000000000002
1713,1,0,1,0.1837730633501506,4.0,37.99999999999997,33.99999999999997,79.07915745127221,7.260602777296618,14,2.5200000000000005,2.5199999999999982,0.42000000000000015,0.0,0.0,0.21000000000000002,0.21000000000000002
1714,1,1,0,-0.12121793884614768,3.8787820611538524,37.99999999999997,33.99999999999997,79.04415745127221,7.575602777296616,14,2.5200000000000005,2.5199999999999982,0.42000000000000015,0.0,0.0,0.21000000000000002,0.21000000000000002
1715,1,0,0,-0.05593998441549983,3.8228420767383526,37.99999999999997,33.99999999999997,79.00915745127222,7.540602777296617,14,2.5200000000000005,2.5199999999999982,0.42000000000000015,0.0,0.0,0.21000000000000002,0.21000000000000002
1716,1,0,0,-0.055944598701300294,3.7668974780370523,37.99999999999997,33.99999999999997,78.9741574512722,7.505602777296616,14,2.5200000000000005,2.5199999999999982,0.42000000000000015,0.0,0.0,0.21000000000000002,0.21000000000000002
1717,1,0,1,0.18377281947041318,3.9506702975074655,37.99999999999997,33.99999999999997,78.93915745127222,7.470602777296617,14,2.5200000000000005,2.5199999999999982,0.42000000000000015,0.0,0.0,0.21000000000000002,0.21000000000000002
1718,1,2,1,0.11877880808204358,4.0,37.99999999999997,33.99999999999997,79.25415745127222,7.435602777296616,14,2.5200000000000005,2.5199999999999982,0.42000000000000015,0.0,0.0,0.21000000000000002,0.21000000000000002
1719,1,0,0,-0.05596991997359006,3.94403008002641,37.99999999999997,33.99999999999997,79.21915745127221,7.4006027772966165,14,2.5200000000000005,2.5199999999999982,0.42000000000000015,0.0,0.0,0.21000000000000002,0.21000000000000002
1720,1,0,1,0.1840499113438166,4.0,37.99999999999997,33.99999999999997,79.18415745127223,7.3656027772966155,14,2.5200000000000005,2.5199999999999982,0.42000000000000015,0.0,0.0,0.21000000000000002,0.21000000000000002
1721,1,0,1,0.18378276345569416,4.0,37.99999999999997,33.99999999999997,79.14915745127223,7.330602777296616,14,2.5200000000000005,2.5199999999999982,0.42000000000000015,0.0,0.0,0.21000000000000002,0.21000000000000002
1722,1,0,1,0.18404340508184838,4.0,37.99999999999997,33.99999999999997,79.11415745127223,7.295602777296615,14,2.5200000000000005,2.5199999999999982,0.42000000000000015,0.0,0.0,0.21000000000000002,0.21000000000000002
1723,1,0,1,0.18379786343455928,4.0,37.99999999999997,33.99999999999997,79.07915745127222,7.260602777296616,14,2.5200000000000005,2.5199999999999982,0.42000000000000015,0.0,0.0,0.21000000000000002,0.21000000000000002
1724,1,0,1,0.18406046114694813,4.0,37.99999999999997,33.99999999999997,79.04415745127224,7.225602777296615,14,2.5200000000000005,2.5199999999999982,0.42000000000000015,0.0,0.0,0.21000000000000002,0.21000000000000002
1725,1,0,1,0.1840610025984396,4.0,37.99999999999997,33.99999999999997,79.00915745127224,7.190602777296616,14,2.5200000000000005,2.5199999999999982,0.42000000000000015,0.0,0.0,0.21000000000000002,0.21000000000000002
1726,1,0,1,0.18379899376119213,4.0,37.99999999999997,33.99999999999997,78.97415745127225,7.155602777296615,14,2.5200000000000005,2.5199999999999982,0.42000000000000015,0.0,0.0,0.21000000000000002,0.21000000000000002
1727,1,0,1,0.18381693124084403,4.0,37.99999999999997,33.99999999999997,78.93915745127224,7.120602777296615,14,2.5200000000000005,2.5199999999999982,0.42000000000000015,0.0,0.0,0.21000000000000002,0.21000000000000002
1728,1,2,0,-0.12093322954706894,3.879066770452931,37.99999999999997,33.99999999999997,79.25415745127225,7.085602777296614,14,2.5200000000000005,2.5199999999999982,0.42000000000000015,0.0,0.0,0.21000000000000002,0.21000000000000002
1729,1,0,1,0.18379059020525643,4.0,37.99999999999997,33.99999999999997,79.21915745127225,7.050602777296615,14,2.5200000000000005,2.5199999999999982,0.42000000000000015,0.0,0.0,0.21000000000000002,0.21000000000000002
1730,1,0,1,0.18403304619514774,4.0,37.99999999999997,33.99999999999997,79.18415745127224,7.015602777296614,14,2.5200000000000005,2.5199999999999982,0.42000000000000015,0.0,0.0,0.21000000000000002,0.21000000000000002
1731,1,0,0,-0.0561977454861356,3.9438022545138645,37.99999999999997,33.99999999999997,79.14915745127226,6.980602777296615,14,2.5200000000000005,2.5199999999999982,0.42000000000000015,0.0,0.0,0.21000000000000002,0.21000000000000002
1732,1,0,1,0.18404725142435713,4.0,37.99999999999997,33.99999999999997,79.11415745127226,6.945602777296614,14,2.5200000000000005,2.5199999999999982,0.42000000000000015,0.0,0.0,0.21000000000000002,0.21000000000000002
1733,1,0,1,0.18381557027693382,4.0,37.99999999999997,33.99999999999997,79.07915745127227,6.9106027772966145,14,2.5200000000000005,2.5199999999999982,0.42000000000000015,0.0,0.0,0.21000000000000002,0.21000000000000002
1734,1,0,0,-0.05595031116599238,3.9440496888340077,37.99999999999997,33.99999999999997,79.04415745127226,6.8756027772966135,14,2.5200000000000005,2.5199999999999982,0.42000000000000015,0.0,0.0,0.21000000000000002,0.21000000000000002
1735,1,0,1,0.18404986844770016,4.0,37.99999999999997,33.99999999999997,79.00915745127227,6.840602777296614,14,2.5200000000000005,2.5199999999999982,0.42000000000000015,0.0,0.0,0.21000000000000002,0.21000000000000002
1736,1,0,1,0.18405145040853552,4.0,37.99999999999997,33.99999999999997,78.97415745127228,6.805602777296613,14,2.5200000000000005,2.5199999999999982,0.42000000000000015,0.0,0.0,0.21000000000000002,0.21000000000000002
1737,1,0,1,0.18405455120349196,4.0,37.99999999999997,33.99999999999997,78.93915745127228,6.770602777296614,14,2.5200000000000005,2.5199999999999982,0.42000000000000015,0.0,0.0,0.21000000000000002,0.21000000000000002
1738,1,0,0,-0.05595038494353528,3.9440496150564646,37.99999999999997,33.99999999999997,78.90415745127227,6.735602777296613,14,2.5200000000000005,2.5199999999999982,0.42000000000000015,0.0,0.0,0.21000000000000002,0.21000000000000002
1739,1,0,1,0.18382365908373233,4.0,37.99999999999997,33.99999999999997,78.86915745127229,6.700602777296614,14,2.5200000000000005,2.5199999999999982,0.42000000000000015,0.0,0.0,0.21000000000000002,0.21000000000000002
1740,1,0,1,0.18402682055481115,4.0,37.99999999999997,33.99999999999997,78.83415745127229,6.665602777296613,14,2.5200000000000005,2.5199999999999982,0.42000000000000015,0.0,0.0,0.21000000000000002,0.21000000000000002
1741,1,0,1,0.18381491924149226,4.0,37.99999999999997,33.99999999999997,78.7991574512723,6.630602777296613,14,2.5200000000000005,2.5199999999999982,0.42000000000000015,0.0,0.0,0.21000000000000002,0.21000000000000002
1742,1,0,1,0.18382011481694804,4.0,37.99999999999997,33.99999999999997,78.76415745127228,6.595602777296612,14,2.5200000000000005,2.5199999999999982,0.42000000000000015,0.0,0.0,0.21000000000000002,0.21000000000000002
1743,1,0,1,0.18404703129260475,4.0,37.99999999999997,33.99999999999997,78.7291574512723,6.560602777296613,14,2.5200000000000005,2.5199999999999982,0.42000000000000015,0.0,0.0,0.21000000000000002,0.21000000000000002
1744,1,0,1,0.18402711665759294,4.0,37.99999999999997,33.99999999999997,78.6941574512723,6.525602777296612,14,2.5200000000000005,2.5199999999999982,0.42000000000000015,0.0,0.0,0.21000000000000002,0.21000000000000002
1745,1,0,1,0.1840365929403163,4.0,37.99999999999997,33.99999999999997,78.6591574512723,6.490602777296613,14,2.5200000000000005,2.5199999999999982,0.42000000000000015,0.0,0.0,0.21000000000000002,0.21000000000000002
1746,1,0,0,-0.055947331160361435,3.9440526688396385,37.99999999999997,33.99999999999997,78.6241574512723,6.455602777296612,14,2.5200000000000005,2.5199999999999982,0.42000000000000015,0.0,0.0,0.21000000000000002,0.21000000000000002
1747,1,2,1,0.118789713896194,4.0,37.99999999999997,33.99999999999997,78.93915745127231,6.4206027772966126,14,2.5200000000000005,2.5199999999999982,0.42000000000000015,0.0,0.0,0.21000000000000002,0.21000000000000002
1748,1,2,1,0.11902074790238021,4.0,37.99999999999997,33.99999999999997,79.25415745127229,6.3856027772966115,14,2.5200000000000005,2.5199999999999982,0.42000000000000015,0.0,0.0,0.21000000000000002,0.21000000000000002
1749,1,0,1,0.18378090597285923,4.0,37.99999999999997,33.99999999999997,79.21915745127231,6.350602777296612,14,2.5200000000000005,2.5199999999999982,0.42000000000000015,0.0,0.0,0.21000000000000002,0.21000000000000002
1750,1,0,1,0.18406129624956818,4.0,37.99999999999997,33.99999999999997,79.18415745127231,6.315602777296611,14,2.5200000000000005,2.5199999999999982,0.42000000000000015,0.0,0.0,0.21000000000000002,0.21000000000000002
1751,1,0,1,0.1840736441796746,4.0,37.99999999999997,33.99999999999997,79.14915745127232,6.280602777296612,14,2.5200000000000005,2.5199999999999982,0.42000000000000015,0.0,0.0,0.21000000000000002,0.21000000000000002
1752,1,0,1,0.18377700903098115,4.0,37.99999999999997,33.99999999999997,79.1141574512723,6.245602777296611,14,2.5200000000000005,2.5199999999999982,0.42000000000000015,0.0,0.0,0.21000000000000002,0.21000000000000002
1753,1,0,1,0.18378952795169387,4.0,37.99999999999997,33.99999999999997,79.07915745127232,6.210602777296612,14,2.5200000000000005,2.5199999999999982,0.42000000000000015,0.0,0.0,0.21000000000000002,0.21000000000000002
1754,1,0,1,0.18378669780575688,4.0,37.99999999999997,33.99999999999997,79.04415745127233,6.175602777296611,14,2.5200000000000005,2.5199999999999982,0.42000000000000015,0.0,0.0,0.21000000000000002,0.21000000000000002
1755,1,0,1,0.18402045762854535,4.0,37.99999999999997,33.99999999999997,79.00915745127233,6.140602777296611,14,2.5200000000000005,2.5199999999999982,0.42000000000000015,0.0,0.0,0.21000000000000002,0.21000000000000002
1756,1,0,1,0.1837774357976157,4.0,37.99999999999997,33.99999999999997,78.97415745127232,6.10560277729661,14,2.5200000000000005,2.5199999999999982,0.42000000000000015,0.0,0.0,0.21000000000000002,0.21000000000000002
1757,1,0,1,0.18376991957072966,4.0,37.99999999999997,33.99999999999997,78.93915745127234,6.070602777296611,14,2.5200000000000005,2.5199999999999982,0.42000000000000015,0.0,0.0,0.21000000000000002,0.21000000000000002
1758,1,0,0,-0.056223685438025695,3.9437763145619744,37.99999999999997,33.99999999999997,78.90415745127234,6.03560277729661,14,2.5200000000000005,2.5199999999999982,0.42000000000000015,0.0,0.0,0.21000000000000002,0.21000000000000002
1759,1,0,1,0.18404018310669437,4.0,37.99999999999997,33.99999999999997,78.86915745127234,6.000602777296611,14,2.5200000000000005,2.5199999999999982,0.42000000000000015,0.0,0.0,0.21000000000000002,0.21000000000000002
1760,1,0,0,-0.05622605402733335,3.9437739459726666,37.99999999999997,33.99999999999997,78.83415745127233,5.96560277729661,14,2.5200000000000005,2.5199999999999982,0.42000000000000015,0.0,0.0,0.21000000000000002,0.21000000000000002
1761,1,0,0,-0.05622791029473956,3.8875460356779272,37.99999999999997,33.99999999999997,78.79915745127235,5.930602777296611,14,2.5200000000000005,2.5199999999999982,0.42000000000000015,0.0,0.0,0.21000000000000002,0.21000000000000002
1762,1,0,1,0.18405242134588953,4.0,37.99999999999997,33.99999999999997,78.76415745127235,5.8956027772966095,14,2.5200000000000005,2.5199999999999982,0.42000000000000015,0.0,0.0,0.21000000000000002,0.21000000000000002
1763,1,0,1,0.18405410368382927,4.0,37.99999999999997,33.99999999999997,78.72915745127236,5.86060277729661,14,2.5200000000000005,2.5199999999999982,0.42000000000000015,0.0,0.0,0.21000000000000002,0.21000000000000002
1764,1,0,1,0.18402404979372222,4.0,37.99999999999997,33.99999999999997,78.69415745127235,5.825602777296609,14,2.5200000000000005,2.5199999999999982,0.42000000000000015,0.0,0.0,0.21000000000000002,0.21000000000000002
1765,1,2,1,0.11877562362301516,4.0,37.99999999999997,33.99999999999997,79.00915745127236,5.79060277729661,14,2.5200000000000005,2.5199999999999982,0.42000000000000015,0.0,0.0,0.21000000000000002,0.21000000000000002
1766,1,0,1,0.1840618410387467,4.0,37.99999999999997,33.99999999999997,78.97415745127236,5.755602777296609,14,2.5200000000000005,2.5199999999999982,0.42000000000000015,0.0,0.0,0.21000000000000002,0.21000000000000002
1767,1,0,1,0.18377208826148705,4.0,37.99999999999997,33.99999999999997,78.93915745127235,5.72060277729661,14,2.5200000000000005,2.5199999999999982,0.42000000000000015,0.0,0.0,0.21000000000000002,0.21000000000000002
1768,1,2,1,0.1190456980041327,4.0,37.99999999999997,33.99999999999997,79.25415745127236,5.685602777296609,14,2.5200000000000005,2.5199999999999982,0.42000000000000015,0.0,0.0,0.21000000000000002,0.21000000000000002
1769,1,2,1,0.11879604857314358,4.0,37.99999999999997,33.99999999999997,79.56915745127235,5.650602777296609,14,2.5200000000000005,2.5199999999999982,0.42000000000000015,0.0,0.0,0.21000000000000002,0.21000000000000002
1770,1,2,1,0.11877371121435319,4.0,37.99999999999997,33.99999999999997,79.88415745127236,5.615602777296608,14,2.5200000000000005,2.5199999999999982,0.42000000000000015,0.0,0.0,0.21000000000000002,0.21000000000000002
1771,1,2,1,0.1187915578869112,4.0,37.99999999999997,33.99999999999997,80.19915745127234,5.580602777296609,14,2.5200000000000005,2.5199999999999982,0.42000000000000015,0.0,0.0,0.21000000000000002,0.21000000000000002
1772,1,2,1,0.11879483983088779,4.0,37.99999999999997,33.99999999999997,80.51415745127235,5.545602777296608,14,2.5200000000000005,2.5199999999999982,0.42000000000000015,0.0,0.0,0.21000000000000002,0.21000000000000002
1773,1,2,1,0.11879551529940785,4.0,37.99999999999997,33.99999999999997,80.82915745127234,5.510602777296609,14,2.5200000000000005,2.5199999999999982,0.42000000000000015,0.0,0.0,0.21000000000000002,0.21000000000000002
1774,1,2,1,0.11878665987132338,4.0,37.99999999999997,33.99999999999997,81.14415745127235,5.475602777296608,14,2.5200000000000005,2.5199999999999982,0.42000000000000015,0.0,0.0,0.21000000000000002,0.21000000000000002
1775,1,2,1,0.11879552415596704,4.0,37.99999999999997,33.99999999999997,81.45915745127233,5.440602777296609,14,2.5200000000000005,2.5199999999999982,0.42000000000000015,0.0,0.0,0.21000000000000002,0.21000000000000002
1776,1,2,1,0.11906080354966204,4.0,37.99999999999997,33.99999999999997,81.77415745127234,5.4056027772966075,14,2.5200000000000005,2.5199999999999982,0.42000000000000015,0.0,0.0,0.21000000000000002,0.21000000000000002
1777,1,2,1,0.11905436055838989,4.0,37.99999999999997,33.99999999999997,82.08915745127233,5.370602777296608,14,2.5200000000000005,2.5199999999999982,0.42000000000000015,0.0,0.0,0.21000000000000002,0.21000000000000002
1778,1,2,0,-0.12092280922988527,3.879077190770115,37.99999999999997,33.99999999999997,82.40415745127234,5.335602777296607,14,2.5200000000000005,2.5199999999999982,0.42000000000000015,0.0,0.0,0.21000000000000002,0.21000000000000002
1779,1,2,1,0.11879301691288309,3.997870207682998,37.99999999999997,33.99999999999997,82.71915745127232,5.300602777296608,14,2.5200000000000005,2.5199999999999982,0.42000000000000015,0.0,0.0,0.21000000000000002,0.21000000000000002
1780,1,0,1,0.18380570899193982,4.0,37.99999999999997,33.99999999999997,82.68415745127234,5.265602777296607,14,2.5200000000000005,2.5199999999999982,0.42000000000000015,0.0,0.0,0.21000000000000002,0.21000000000000002
1781,1,0,1,0.18407061179893738,4.0,37.99999999999997,33.99999999999997,82.64915745127234,5.230602777296608,14,2.5200000000000005,2.5199999999999982,0.42000000000000015,0.0,0.0,0.21000000000000002,0.21000000000000002
1782,1,0,1,0.18403460961318543,4.0,37.99999999999997,33.99999999999997,82.61415745127235,5.195602777296607,14,2.5200000000000005,2.5199999999999982,0.42000000000000015,0.0,0.0,0.21000000000000002,0.21000000000000002
1783,1,0,1,0.18406998523853474,4.0,37.99999999999997,33.99999999999997,82.57915745127234,5.160602777296607,14,2.5200000000000005,2.5199999999999982,0.42000000000000015,0.0,0.0,0.21000000000000002,0.21000000000000002
1784,1,0,1,0.1840695644472256,4.0,37.99999999999997,33.99999999999997,82.54415745127235,5.125602777296606,14,2.5200000000000005,2.5199999999999982,0.42000000000000015,0.0,0.0,0.21000000000000002,0.21000000000000002
1785,1,0,1,0.18381744213549894,4.0,37.99999999999997,33.99999999999997,82.50915745127236,5.090602777296607,14,2.5200000000000005,2.5199999999999982,0.42000000000000015,0.0,0.0,0.21000000000000002,0.21000000000000002
1786,1,0,1,0.1840374031741801,4.0,37.99999999999997,33.99999999999997,82.47415745127236,5.055602777296606,14,2.5200000000000005,2.5199999999999982,0.42000000000000015,0.0,0.0,0.21000000000000002,0.21000000000000002
1787,1,0,1,0.18403338724093946,4.0,37.99999999999997,33.99999999999997,82.43915745127235,5.020602777296607,14,2.5200000000000005,2.5199999999999982,0.42000000000000015,0.0,0.0,0.21000000000000002,0.21000000000000002
1788,1,0,1,0.18408295019264606,4.0,37.99999999999997,33.99999999999997,82.40415745127237,4.985602777296606,14,2.5200000000000005,2.5199999999999982,0.42000000000000015,0.0,0.0,0.21000000000000002,0.21000000000000002
1789,1,2,0,-0.12118079467130873,3.8788192053286914,37.99999999999997,33.99999999999997,82.71915745127237,4.950602777296607,14,2.5200000000000005,2.5199999999999982,0.42000000000000015,0.0,0.0,0.21000000000000002,0.21000000000000002
1790,1,0,1,0.18404224536972602,4.0,37.99999999999997,33.99999999999997,82.68415745127236,4.9156027772966056,14,2.5200000000000005,2.5199999999999982,0.42000000000000015,0.0,0.0,0.21000000000000002,0.21000000000000002
1791,1,0,1,0.18405175947280017,4.0,37.99999999999997,33.99999999999997,82.64915745127237,4.880602777296606,14,2.5200000000000005,2.5199999999999982,0.42000000000000015,0.0,0.0,0.21000000000000002,0.21000000000000002
1792,1,0,1,0.18409637950146326,4.0,37.99999999999997,33.99999999999997,82.61415745127238,4.845602777296605,15,2.5200000000000005,2.5199999999999982,0.42000000000000015,0.0,0.0,0.21000000000000002,0.21000000000000002
1793,1,1,1,0.11881522224553259,4.0,37.99999999999997,33.99999999999997,82.57915745127238,5.160602777296606,15,2.5200000000000005,2.5199999999999982,0.42000000000000015,0.0,0.0,0.21000000000000002,0.21000000000000002
1794,1,0,1,0.18381275269919106,4.0,37.99999999999997,33.99999999999997,82.54415745127237,5.1256027772966055,15,2.5200000000000005,2.5199999999999982,0.42000000000000015,0.0,0.0,0.21000000000000002,0.21000000000000002
1795,1,0,1,0.18405950872457427,4.0,37.99999999999997,33.99999999999997,82.50915745127239,5.090602777296605,15,2.5200000000000005,2.5199999999999982,0.42000000000000015,0.0,0.0,0.21000000000000002,0.21000000000000002
1796,1,0,1,0.18407635781536613,4.0,37.99999999999997,33.99999999999997,82.47415745127239,5.055602777296605,15,2.5200000000000005,2.5199999999999982,0.42000000000000015,0.0,0.0,0.21000000000000002,0.21000000000000002
1797,1,0,1,0.18380207999244155,4.0,37.99999999999997,33.99999999999997,82.4391574512724,5.020602777296605,15,2.5200000000000005,2.5199999999999982,0.42000000000000015,0.0,0.0,0.21000000000000002,0.21000000000000002
1798,1,0,0,-0.055918699312887496,3.9440813006871127,37.99999999999997,33.99999999999997,82.40415745127238,4.985602777296605,15,2.5200000000000005,2.5199999999999982,0.42000000000000015,0.0,0.0,0.21000000000000002,0.21000000000000002
1799,1,0,1,0.18380621308573405,4.0,37.99999999999997,33.99999999999997,82.3691574512724,4.950602777296605,15,2.5200000000000005,2.5199999999999982,0.42000000000000015,0.0,0.0,0.21000000000000002,0.21000000000000002
