trial,active,action,correct,net_energy,energy,mass_a,mass_b,store_a,store_b,resets,mass_added,mass_lost,consumed,overflow,external,balance_error,demand_a,demand_b
0,1,2,0,-0.23442657260461183,3.7655734273953883,19.244582111053624,22.087314553105195,0.0,0.4848057562483978,1,0.5307601235698512,1.04618298822023,0.09116546250961344,1.3159534934137584,0.0,0.0,0.10551223110768897,0.09116546250961344
1,1,2,1,-0.23438920498777058,3.5311842224076178,18.763467558277284,22.063323323617286,0.0,0.48487975902929,1,0.5281916343397204,1.0332974166039706,0.09072144582425995,1.4088345374903866,0.0,0.0,0.10641707800840011,0.09072144582425995
2,1,2,1,-0.23435475332708225,3.2968294690805355,18.294380869320353,22.032300287449054,0.0,0.48508985600696314,1,0.5205600469222003,1.0206697720473645,0.08946086395822136,1.40927855417574,0.0,0.0,0.1078990369775556,0.08946086395822136
3,1,2,1,-0.23426464667782856,3.062564822402707,17.837021347587346,22.01569243505806,0.0,0.48488771147714477,1,0.534199654795231,1.0081670289192353,0.09067373113713137,1.4105391360417787,0.0,5.551115123125783e-17,0.09693777118687553,0.09067373113713137
4,1,2,1,-0.2342218925905564,2.8283429298121505,17.39109581389766,21.99621488159739,0.0,0.4849640385650678,1,0.530914757415784,0.9963178445661351,0.0902157686095932,1.4093262688628685,0.0,5.551115123125783e-17,0.09671539582010152,0.0902157686095932
5,1,0,1,0.06576464243454587,2.8941075722466962,16.956318418550218,21.956742173579144,0.0,0.4703264772969025,1,0.5104326640216891,0.9846827673873763,0.08782536760899115,0.0,0.0,0.0,0.10757870195013436,0.08782536760899115
6,1,2,1,-0.2341445554374547,2.6599630168092414,16.532410458086463,21.931785230366426,0.0,0.4851492321647173,1,0.5239616111267577,0.9728265148032341,0.08910460701169655,1.3219588637814157,0.0,5.551115123125783e-17,0.09668321710131153,0.08910460701169655
7,1,2,1,-0.2341857101944688,2.4257773066147728,16.1191001966343,21.895613955313664,0.0,0.48536879338536626,1,0.5121233557063981,0.9616048922113223,0.08778723968780228,1.4108953929883032,0.0,1.1102230246251565e-16,0.10940504483058104,0.08778723968780228
8,1,2,1,-0.23414294083250375,2.191634365782269,15.716122691718443,21.85458809692014,0.0,0.4855042718719744,1,0.5063644904893202,0.9503678537986991,0.08697436876815355,1.4122127603121977,0.0,0.0,0.10800888063431509,0.08697436876815355
9,1,2,1,-0.23406178147269718,1.9575725843095717,15.323219624425482,21.828978358940958,0.0,0.4852488787811782,1,0.5207549644438239,0.9392677697159646,0.08850672731293108,1.4130256312318465,0.0,5.551115123125783e-17,0.09689176761326562,0.08850672731293108
10,1,2,0,-0.23407011533321465,1.7235024689763572,14.940139133814846,21.784076958986297,0.0,0.48567140947803716,1,0.5008230590188641,0.928804949584161,0.08597154313177684,1.411493272687069,0.0,5.551115123125783e-17,0.10712539167258234,0.08597154313177684
11,1,2,1,-0.23402816075382984,1.4894743082225272,14.566635655469476,21.73820046371933,0.0,0.48574557104905985,1,0.49872542870768766,0.9181054023200288,0.08552657370564061,1.4140284568682229,0.0,5.551115123125783e-17,0.10622915769445415,0.08552657370564061
12,1,2,1,-0.23397299440994668,1.2555013138125806,14.202469764082739,21.710415226355593,0.0,0.4854198939200469,1,0.5156697742292455,0.9076209029797202,0.08748063647971872,1.4144734262943595,0.0,5.551115123125783e-17,0.09783144729503385,0.08748063647971872
13,1,2,1,-0.23393553156515987,1.0215657822474207,13.84740801998067,21.67855745334463,0.0,0.4855324766628271,1,0.5109026076479254,0.8978221247609584,0.08680514002303728,1.412519363520281,0.0,5.551115123125783e-17,0.09661374178169321,0.08680514002303728
14,1,2,1,-0.233911882480495,0.7876538997669257,13.501222819481153,21.64619891013985,0.0,0.4855811281215865,1,0.5096053931288365,0.8881491368331325,0.08651323127048136,1.4131948599769628,0.0,5.551115123125783e-17,0.09715248957958562,0.08651323127048136
15,1,2,1,-0.23388404889881745,0.5537698508681083,13.163692248994124,21.61217439640678,0.0,0.4856295123985979,1,0.5071304590204271,0.8786855432405252,0.08622292560841205,1.4134867687295187,0.0,5.551115123125783e-17,0.09662169782139228,0.08622292560841205
16,1,2,0,-0.23386527280291952,0.31990457806518874,12.834599942769271,21.57864025576909,0.0,0.4856413178686975,1,0.5067702192724792,0.8693966661350228,0.0861520927878149,1.4137770743915878,0.0,5.551115123125783e-17,0.09635978954114596,0.0861520927878149
17,1,0,1,0.06614357998043405,0.38604815804562276,12.513734944200039,21.53132499822834,0.0,0.4716196775652648,1,0.4921507488534762,0.860331004963459,0.08412984182059663,0.0,0.0,0.0,0.10285730746509122,0.08412984182059663
18,1,2,1,-0.23383774295097923,0.15221041509464353,12.200891570595038,21.48733127269903,0.0,0.48589991677897193,1,0.49428939942639855,0.8511264985607094,0.08460049932616875,1.3297180653915885,0.0,0.0,0.10191032349390247,0.08460049932616875
19,1,2,1,-0.2337698287320926,0.0,11.895869281330162,21.44982849296797,0.0,0.48580555696122163,1,0.4996805020864179,0.8422055710823517,0.08516665823267054,1.4153995006738311,0.0,0.0,0.09388422657739554,0.08516665823267054
20,1,1,1,-0.233766463723838,3.766233536276162,12.140997658817632,21.417420669958105,0.23476476162419693,0.471390561940471,2,1.0463629988350558,0.8336424443574534,0.17790140037932156,0.0,0.0,0.0,0.09141143025481833,0.08648997012450324
21,1,0,1,0.06622317721987894,3.832456713496041,12.415031266892065,21.359064348074497,0.21837635587606682,0.4576153905582387,2,1.0546377444102208,0.8389604582193935,0.180981462782175,0.0,0.0,0.0,0.09833043448878054,0.08265102829339446
22,1,0,1,0.06611551771576239,3.898572231211803,12.671974399686242,21.352618001203115,0.2023987882146976,0.44257565952942396,2,1.0948491762969546,0.8443523903741641,0.18610379214110379,0.0,0.0,0.0,0.09586540596821563,0.09023838617288817
23,1,0,1,0.06608388437607125,3.9646561155878746,12.931578484611087,21.349834563098554,0.18616408677798743,0.4274502190370382,2,1.107435456842521,0.8506148100222339,0.18816085157457527,0.0,0.0,0.0,0.097408208620261,0.09075264295431426
24,1,0,1,0.06614887786621532,4.0,13.20622689851178,21.303103233098657,0.16917820797495656,0.4134440113600269,2,1.084952410093535,0.857035326192741,0.18595251888025288,0.0,0.0,0.0,0.10191527281818513,0.08403724606206775
25,1,0,1,0.06606632867016454,4.0,13.45472374069946,21.30160271694036,0.15283518116728578,0.3983392762180644,2,1.1097295793196476,0.862733253290261,0.18868657169779982,0.0,0.0,0.0,0.09805816084602456,0.09062841085177531
26,1,0,1,0.06612383827616627,4.0,13.723844232222241,21.25894537600629,0.13563269397240318,0.38427725372971716,2,1.0953713120297053,0.8689081614409956,0.18758705809937906,0.0,0.0,0.0,0.10321492316929569,0.08437213493008336
27,1,1,1,-0.23390474232126485,3.766095257678735,13.992238169706283,21.22020276912484,0.3682771097908984,0.37013281978997803,2,1.1042210708083045,0.8745697402057133,0.18900010872746398,0.0,0.0,0.0,0.10413350508902897,0.08486660363843498
28,1,0,0,0.06604002796467837,3.8321352856434134,14.265436870330284,21.185595073245956,0.35057914476725394,0.3559140471155892,2,1.1189020282158961,0.880311023470778,0.19150042618819965,0.0,0.0,0.0,0.10618779014186677,0.0853126360463329
29,1,2,1,-0.23399108702276192,3.5981441986206515,14.536685971446287,21.158049661186364,0.33273196989293474,0.48561396024179615,2,1.1299794876458207,0.8862757985894061,0.1933992877951376,0.6354842826935353,0.0,5.551115123125783e-17,0.10708304924591518,0.0863162385492224
30,1,0,1,0.06595559168532186,3.6640997903059733,14.802145784205033,21.138488828592493,0.31479482741644477,0.47099931077878116,2,1.1382673709806888,0.8923683908158164,0.19531075163703004,0.0,0.0,0.0,0.10762285485893944,0.08768789677809057
31,1,1,1,-0.23413936174242603,3.429960428563547,15.041995400819166,21.17271644228981,0.48272887164459544,0.4550626388132866,2,1.1725930956313888,0.8985158653199382,0.19924680192539432,0.3887689644986687,0.0,5.551115123125783e-17,0.10362677013242727,0.09562003179296702
32,1,1,1,-0.23419302237622938,3.195767406187318,15.283990853790801,21.21132011751078,0.48248149041190264,0.4390073622423605,2,1.18596692427033,0.9053677960777244,0.20144271695414104,1.3963732298675726,0.0,5.551115123125783e-17,0.1051110575285838,0.09633165942555724
33,1,0,1,0.06578564405491424,3.2615530502422323,15.52588916674453,21.250277634356145,0.46481174957047394,0.4229288578972088,2,1.1932386040816343,0.9123827742825397,0.20248947111948276,0.0,0.0,0.0,0.10601844504857272,0.09647102607091006
34,1,0,1,0.06585728220701091,3.3274103324492432,15.781119351937082,21.237039490507755,0.44647328935179736,0.40813023342185856,2,1.1613962113716778,0.9194041700275171,0.19882250816416064,0.0,0.0,0.0,0.11003076131205926,0.08879174685210138
35,1,0,1,0.06574791995530417,3.3931582524045476,16.018310005721812,21.27847026138636,0.42857761531443916,0.3919879720564244,2,1.2040753957244523,0.9254539710611209,0.20422761241675375,0.0,0.0,0.0,0.10737404422414909,0.09685356819260463
36,1,0,1,0.06582454519675911,3.4589827976013066,16.263774586969596,21.266558551912432,0.4101420855561843,0.37713748207314834,2,1.1659723784515617,0.9324195066777043,0.19971611844918552,0.0,0.0,0.0,0.11061317854952955,0.089102939899656
37,1,0,1,0.06573527596268654,3.524718073563993,16.485670732181514,21.306856367951145,0.39233275132150575,0.3610201879854025,2,1.200452289722684,0.9382583284720507,0.20355976993454683,0.0,0.0,0.0,0.10685600540807105,0.0967037645264758
38,1,0,1,0.06572101085695217,3.5904390844209453,16.70276229266939,21.347221528889257,0.3745202739719958,0.3448644284903639,2,1.202269898929301,0.9448131775033165,0.20380942106729094,0.0,0.0,0.0,0.10687486409705994,0.09693455697023101
39,1,0,1,0.06580534900113164,3.656244433422077,16.93042874046445,21.329614127017877,0.35610544551270046,0.3301245570661321,2,1.1613086414626443,0.9512495955389662,0.1989281993011629,0.0,0.0,0.0,0.11048897075577152,0.0884392285453914
40,1,2,0,-0.23428987828025152,3.4219545551418253,17.13556358441624,21.368301657752976,0.3383034079784593,0.4839195905255162,2,1.2003234463739503,0.9565010716870581,0.20329468205234996,0.4807473423967925,0.0,1.1102230246251565e-16,0.106812225205447,0.09648245684690293
41,1,0,1,0.06574533992244795,3.4876998950642735,17.353467856646596,21.3558331135318,0.3197930646059416,0.4690429569608527,2,1.1680323590634154,0.9625966310542304,0.20032186162308774,0.0,0.0,0.0,0.11106206023510662,0.0892598013879811
42,1,1,0,-0.23436167073049124,3.253338224333782,17.551404352539453,21.4019383876558,0.4820611063739659,0.45275815997287044,2,1.2117742942713101,0.9677325242544601,0.2053421436840976,0.4187583876356491,0.0,0.0,0.10763336175620433,0.09770878192789327
43,1,0,1,0.0656970094895096,3.319035233823292,17.759141674658984,21.393481696945322,0.4635556997439636,0.4377564753435555,2,1.1731141999139378,0.9738335685048813,0.2010425475559031,0.0,0.0,0.0,0.11103243978001362,0.09001010777588947
44,1,0,1,0.0655906239385149,3.3846258577618067,17.946428068635974,21.44261908419376,0.4456352386526228,0.4213460328055632,2,1.2152393655155287,0.9788155842901077,0.2059854217759992,0.0,0.0,0.0,0.1075227665480456,0.09846265522795358
45,1,1,1,-0.23432372006876498,3.150302137693042,18.14037000354827,21.433556751496717,0.48158918896523417,0.4063048945486722,2,1.1696057810359946,0.9847261788207433,0.20071169574994163,1.1738114319157362,0.0,0.0,0.11046486620859515,0.0902468295413465
46,1,0,1,0.0656425720827253,3.215944709775767,18.334110581313542,21.43006575079858,0.4630492309751457,0.3911714031604554,2,1.1795977459432678,0.9893481688761245,0.20204069626983076,0.0,0.0,0.0,0.11123974794053042,0.09080094832930033
47,1,0,1,0.06564916195015631,3.2815938717259234,18.51938957107678,21.424716694803628,0.44460992441516406,0.37607513317831603,2,1.174034342071089,0.9941044083028032,0.20121345925272588,0.0,0.0,0.0,0.11063583935988963,0.09057761989283619
48,1,0,1,0.06553522505418008,3.3471290967801037,18.687577879656907,21.480024260652865,0.4267089909488406,0.3594496155623359,2,1.2220985310763723,0.9986026566470103,0.20715870649382181,0.0,0.0,0.0,0.10740560079794084,0.099753105695881
49,1,0,1,0.06554578098909658,3.4126748777692004,18.845836620399552,21.52908529251267,0.40897750072447847,0.342986939996255,2,1.2115098261101969,1.0041900535077444,0.2051649947426586,0.0,0.0,0.0,0.1063889413461733,0.09877605339648532
50,1,0,1,0.06552684286446965,3.47820172063367,18.99828524222415,21.57987545444474,0.3912747045444043,0.3263976412242964,2,1.2126118315794714,1.0093730478228058,0.20575256971219677,0.0,0.0,0.0,0.10621677708044526,0.0995357926317515
51,1,0,1,0.0656138433449868,3.5438155639786566,19.15962427602522,21.571727382699837,0.3730312310044739,0.31122861871619195,2,1.1676449794728874,1.0144540174167223,0.20047497628820876,0.0,0.0,0.0,0.10946084123958214,0.09101413504862663
52,1,1,1,-0.23435694139429544,3.309458622584361,19.30449766468412,21.559941880271523,0.48212123567909265,0.2961482536661571,2,1.1513716776987146,1.0182837914681264,0.19775477622565255,0.7381873860268434,0.0,5.551115123125783e-17,0.1072725859254437,0.09048219030020882
53,1,0,0,0.06563167563981039,3.3750902982241717,19.44544815498635,21.54459744064896,0.46425423242497277,0.2811804137930299,2,1.14721703930356,1.021610988623891,0.1970090587634835,0.0,0.0,0.0,0.10720201952471964,0.08980703923876387
54,1,0,1,0.06559658828962378,3.4406868865137956,19.58693280389179,21.537232541552456,0.4462734113330355,0.2660258665861909,2,1.1588708896998143,1.0247511398908828,0.19881220979265762,0.0,0.0,0.0,0.1078849265516236,0.09092728324103402
55,1,0,1,0.06548002805385862,3.5061669145676544,19.720112396014017,21.5914824539324,0.4286071696528551,0.24935426498664134,2,1.2155336381382762,1.028104133636106,0.20602705967837967,0.0,0.0,0.0,0.10599745008108247,0.10002960959729716
56,1,0,1,0.06561454077780322,3.5717814553454574,19.843250242832774,21.57823440786602,0.41094843744333814,0.23429189031841705,2,1.1426796720010364,1.0327898712486603,0.19632664126644697,0.0,0.0,0.0,0.10595239325710137,0.0903742480093456
57,1,0,1,0.06562154463088216,3.6374029999763398,19.958728089204865,21.56538693750185,0.39343358647715454,0.21922490213152088,2,1.138167492275389,1.0355371162674698,0.1954910349184791,0.0,0.0,0.0,0.1050891057971019,0.09040192912137718
58,1,0,1,0.0654795468934485,3.7028825468697883,20.073630103038944,21.618846923109615,0.3760204787915624,0.20255341589808054,2,1.2064648751095168,1.0381028756676678,0.20450756351419472,0.0,0.0,0.0,0.10447864611355286,0.10002891740064182
59,1,0,0,0.06564570155227284,3.768528248422061,20.17098504837625,21.602250234628897,0.35883853827934353,0.18754287249127544,2,1.1230701825103,1.0423119256537139,0.19315490351414322,0.0,0.0,0.0,0.1030916430733128,0.0900632604408304
60,1,0,1,0.0656433038602067,3.834171552282268,20.259647445787103,21.58949308140049,0.3418378446503685,0.17243153563028843,2,1.120236126257579,1.0443308820751287,0.19267218293977278,0.0,0.0,0.0,0.10200416177385051,0.0906680211659223
61,1,1,1,-0.23433414129225294,3.599837410990015,20.339914147463652,21.572145143563326,0.4831827006811542,0.15746207940709644,2,1.109147277019076,1.04622851317969,0.19072053325222627,0.5510270679022109,0.0,5.551115123125783e-17,0.10090379591307437,0.08981673733915194
62,1,0,1,0.06544661133730018,3.665284022327315,20.442026495333984,21.629386626675526,0.4658736493207571,0.14067679788704168,2,1.207155313258201,1.0478014822756747,0.20456599728271171,0.0,0.0,0.0,0.10385430816238314,0.1007116891203286
63,1,0,1,0.06543338184646544,3.7307174041737805,20.544126076469194,21.68558780062862,0.44849352930299596,0.12385168642602974,2,1.2100860831385463,1.0517853280502378,0.20523138887263784,0.0,0.0,0.0,0.1042807201065662,0.10095066876607167
64,1,0,1,0.06543804408496708,3.7961554482587476,20.63821858915537,21.738388107164617,0.43125297011879815,0.10707183861671593,2,1.2026356661496216,1.0557428469274455,0.20412244196107,0.0,0.0,0.0,0.1034433551051872,0.1006790868558828
65,1,0,1,0.06541625779789721,3.861571706056645,20.73633521113745,21.78938146237777,0.41382224730761324,0.09030864369332624,2,1.208525144603228,1.059415167408,0.20516350640744724,0.0,0.0,0.0,0.10458433686710913,0.10057916954033815
66,1,0,1,0.0654312398323837,3.9270029458890283,20.825877975461836,21.83738598786224,0.39657220732525866,0.0735606019050974,2,1.2006902066467424,1.0631429168378808,0.20398849062350083,0.0,0.0,0.0,0.1035002398941278,0.10048825072937302
67,1,0,1,0.06564273550923651,3.992645681398265,20.873237251854786,21.810990352703847,0.38028840353910726,0.05861943146718202,2,1.0875452403176484,1.066581599083102,0.1873498453444007,0.0,0.0,0.0,0.09770282271690842,0.08964702262749227
68,1,2,1,-0.234553773516487,3.758091907881778,20.950935269157824,21.85691767635552,0.3632632407344533,0.29190248761995846,2,1.19073103106868,1.0671056901139657,0.20245263991126483,0.0,0.0,0.0,0.10215097682792378,0.10030166308334103
69,1,0,1,0.0655768760891757,3.8236687839709536,20.99753950762667,21.83820241074342,0.3468755803958293,0.27674821106605146,2,1.0980852964945789,1.0701963236378336,0.1892516213551862,0.0,0.0,0.0,0.09832596203174415,0.09092565932344207
70,1,0,1,0.0655707266007925,3.889239510571746,21.04498888863558,21.820812876814873,0.3304349784593685,0.2615752623468997,2,1.1009533950396158,1.0708935479592523,0.1896813039336756,0.0,0.0,0.0,0.09864361161876509,0.09103769231491048
71,1,0,0,0.06561012598134487,3.954849636553091,21.083264961958,21.798090821915043,0.3142039832425215,0.24656694250034059,2,1.0871990625588528,1.0716450441362615,0.18743589038043665,0.0,0.0,0.0,0.09738597130108159,0.09004991907935506
72,1,0,1,0.06538120581510637,4.0,21.153587310482912,21.853768217194713,0.2972046862671499,0.22962498037877366,2,1.198033638401406,1.0720338945968262,0.20364755458163114,0.0,0.0,0.0,0.10199578185222974,0.1016517727294014
73,1,0,1,0.06561214069653944,4.0,21.18538695230809,21.828738886729163,0.2810724135881126,0.21465723862492092,2,1.0819541995515656,1.0751838881919407,0.18660008659734054,0.0,0.0,0.0,0.09679363607422403,0.0898064505231165
74,1,2,1,-0.2346020257994305,3.7653979742005697,21.250632281046244,21.880242780812875,0.2641443736905413,0.4442575812483405,2,1.1921023687978032,1.0753531459759311,0.20257433320915397,0.02139185043575642,0.0,0.0,0.10156823938542793,0.10100609382372601
75,1,0,0,0.06555399111507514,3.830951965315645,21.281131884949424,21.860246999392736,0.24796495332517499,0.4291737459681353,2,1.088775699029517,1.078271876546478,0.18757953387342893,0.0,0.0,0.0,0.09707652219219758,0.09050301168123136
76,1,0,1,0.0655510985910657,3.8965030639067106,21.315024263177126,21.841244955812485,0.23164985079643963,0.4140734662204157,2,1.0934248067560055,1.078534472108554,0.1884922936587296,0.0,0.0,0.0,0.09789061517241215,0.09060167848631745
77,1,1,1,-0.23466120145017652,3.661841862456534,21.375406562746885,21.901029827828587,0.46387336486010455,0.39701792258539664,2,1.1990739020606034,1.0789067304747402,0.20382447065214473,0.005167706775980552,0.0,5.551115123125783e-17,0.10149120884203039,0.10233326181011435
78,1,2,1,-0.2347088278804374,3.4271330345760966,21.440938949875214,21.959181406482543,0.44680968363367596,0.4829698645266547,2,1.2055948755466672,1.081910909764387,0.20456290019864257,0.8821075355123799,0.0,5.551115123125783e-17,0.10238208735857098,0.1021808128400716
79,1,0,1,0.06544501955769975,3.4925780541337965,21.482566782976065,21.950275612690533,0.43018029046317374,0.4675483309942046,2,1.117725048217784,1.085003008908944,0.19230556021771428,0.0,0.0,0.0,0.09977635902301368,0.0925292011947006
80,1,0,1,0.06550430031751893,3.5580823544513156,21.507985104000056,21.929760739729254,0.4139924847685454,0.45241554857043903,2,1.0907245079543788,1.085821059891665,0.1879235287103633,0.0,0.0,0.0,0.0971268341677698,0.09079669454259351
81,1,0,1,0.06527225234281304,3.6233546067941287,21.566658306064888,21.99026045751866,0.3970086095311712,0.43527708921430136,2,1.2051165659474723,1.0859436460932328,0.20473400756107102,0.0,0.0,0.0,0.1019032514242452,0.10283075613682584
82,1,0,1,0.06526856548085351,3.688623172274982,21.626723646433938,22.045776134227527,0.3799525718702436,0.4182479176346199,2,1.204503986167504,1.0889229690895887,0.2045112554436547,0.0,0.0,0.0,0.1023362259655658,0.1021750294780889
83,1,0,1,0.06526442420907391,3.753887596484056,21.682486145243594,22.10019758419463,0.3629983411081195,0.4011782046959893,2,1.2019964432932944,1.0918124945165366,0.20414366220452745,0.0,0.0,0.0,0.10172538457274416,0.10241827763178328
84,1,0,0,0.06550003002106422,3.8193876265051205,21.698869936934447,22.074465872631887,0.3469359078918597,0.38606593702174147,2,1.0852191733640653,1.0945670932359555,0.18704820534304634,0.0,0.0,0.0,0.09637459929755908,0.09067360604548726
85,1,0,1,0.06547541567688335,3.884863042182004,21.717222621050375,22.05681055198324,0.33080235969581034,0.3707734793499,2,1.095030758706438,1.0943333952391585,0.18855603520734465,0.0,0.0,0.0,0.09680128917629614,0.09175474603104851
86,1,0,1,0.06527796316901503,3.950141005351019,21.76678540859763,22.11016804929309,0.31394996442898565,0.3537142154334026,2,1.197271114182952,1.0943508293258404,0.20346995509993274,0.0,0.0,0.0,0.10111437160094819,0.10235558349898456
87,1,2,1,-0.2347129513740058,3.7154280539770133,21.81223304312376,22.159165971652584,0.2971803930422347,0.48302672780752137,2,1.1913693933328882,1.0969238364472682,0.20245706147537768,0.6222852926004158,0.0,1.1102230246251565e-16,0.1006174283205057,0.10183963315487196
88,1,0,0,0.06549224653186715,3.7809203005088805,21.81845222493451,22.13092751802646,0.2812847481469012,0.4679555743450304,2,1.0772657035540387,1.0992849753694087,0.185800790146947,0.0,0.0,0.0,0.09537386937200133,0.09042692077494566
89,1,0,0,0.06526015465385858,3.846180455162739,21.862247479134986,22.1822720433897,0.2645077544298459,0.4509155929910054,2,1.193874273137737,1.0987344935740244,0.20290185042648126,0.0,0.0,0.0,0.10066196230233171,0.10223988812414952
90,1,0,1,0.06526507183851069,3.91144552700125,21.899236264729904,22.228917367196274,0.2478831452199813,0.4339762681021551,2,1.1847470974646104,1.1011129880631172,0.2013836045922893,0.0,0.0,0.0,0.09974765525918748,0.1016359493331018
91,1,1,1,-0.2345505443534674,3.6768949826477826,21.908497211398526,22.20881367800111,0.47549128079679504,0.41872776903577474,2,1.0923610982716108,1.1032038407981546,0.1876871664841379,0.03815501445326197,0.0,5.551115123125783e-17,0.09619617208585551,0.0914909943982824
92,1,0,0,0.0652338055297055,3.7421287881774883,21.951328285521875,22.254561123266264,0.45871461646851325,0.40180790874005523,2,1.1915112916234902,1.1029327722349909,0.20217914774400753,0.0,0.0,0.0,0.1006599859696906,0.10151916177431691
93,1,0,1,0.06542817072234787,3.8075569588998364,21.969686235187716,22.227867583615414,0.4423898721952039,0.38662771560303577,2,1.0968116452346999,1.1051472352197034,0.18902962446197277,0.0,0.0,0.0,0.09794846563985597,0.09108115882211683
94,1,0,1,0.06525089515055638,3.872807854050393,22.00480814115648,22.2714870996432,0.42578797740950436,0.3697257583178131,2,1.1836802674666271,1.1049388454700781,0.20102311242553322,0.0,0.0,0.0,0.0996113687141974,0.10141174371133581
95,1,0,1,0.06541999109236595,3.938227845142759,22.02047084195336,22.248958462079244,0.40952048426071225,0.35441960716096704,2,1.1000414442529194,1.106907381019992,0.18944186583383016,0.0,0.0,0.0,0.09760495889275321,0.09183690694107696
96,1,0,0,0.06523413945003967,4.0,22.05848831204843,22.29482448566454,0.39279551749429914,0.3374267287903521,2,1.1906192262811772,1.1067357326008154,0.2023070708221672,0.0,0.0,0.0,0.10034980059847826,0.10195727022368892
97,1,0,1,0.06523960362980726,4.0,22.093167413473168,22.33748003592215,0.37614725612731054,0.3204810752029456,2,1.1861674716251716,1.1088328199428243,0.20156348972637061,0.0,0.0,0.0,0.09988956820193164,0.10167392152443896
98,1,0,1,0.065256147295312,4.0,22.122780397187718,22.374623937606643,0.35960622314460006,0.30366915610718814,2,1.1775230716339258,1.110766186234883,0.20011771247080767,0.0,0.0,0.0,0.09924619789626268,0.100871514574545
99,1,0,1,0.06524057816534976,4.0,22.15493553446092,22.411971309310367,0.3429739706418216,0.28680359733304245,2,1.1819376173467835,1.112435108369859,0.20098686766154475,0.0,0.0,0.0,0.09979351501667061,0.10119335264487413
100,1,0,1,0.06526651955175788,4.0,22.17733375449176,22.444070325258824,0.32657869236727305,0.27005381226040875,2,1.1686699070735798,1.114172671094282,0.19887038008309404,0.0,0.0,0.0,0.09837166964729187,0.10049871043580216
101,1,0,1,0.06545270365701562,4.0,22.180816236088567,22.4064977396149,0.31051234664582966,0.2550556217819558,2,1.0814449979466496,1.1155351019937645,0.1863872171993783,0.0,0.0,0.0,0.09639807432866036,0.08998914287071796
102,1,0,1,0.0654804492392678,4.0,22.180957103150675,22.36665913596056,0.2945358323807758,0.24012384488126556,2,1.0749851128003574,1.1146828493925867,0.18544974699446423,0.0,0.0,0.0,0.09585908559032288,0.08959066140414135
103,1,2,1,-0.23470372183481164,3.7652962781651884,22.20047011387841,22.399400655101473,0.2782292653098776,0.46985446662149294,2,1.165944935846427,1.113690405977781,0.19825831359094506,0.02119735839307979,0.0,5.551115123125783e-17,0.09783940242538908,0.10041891116555597
104,1,0,1,0.06524052048950942,3.830536798654698,22.217815519557924,22.435878791423022,0.2619214382947643,0.45301976373456077,2,1.1688203112255577,1.114996769224497,0.1988551794122731,0.0,0.0,0.0,0.09784696209068039,0.10100821732159272
105,1,0,1,0.06543886468106162,3.8959756633357596,22.212159581498767,22.400489479673997,0.24608350319567493,0.4379782103908978,2,1.0752971079663427,1.1163423577745237,0.18527693065651388,0.0,0.0,0.0,0.09502761059453589,0.09024932006197796
106,1,1,1,-0.23472655546346144,3.6612491078722984,22.220054662568973,22.43361186007133,0.47552777584727207,0.42122418612448015,2,1.1563336879968622,1.1153162265293193,0.19679612754010642,0.027062382148816844,0.0,5.551115123125783e-17,0.09627198194160021,0.1005241455985062
107,1,0,1,0.06537397097872828,3.7266230788510266,22.221906891848676,22.411213587456356,0.4594769920807454,0.40581337454697314,2,1.0957956197307288,1.1163416630660077,0.18876957206420214,0.0,0.0,0.0,0.09630470259915999,0.09246486946504213
108,1,0,1,0.06537298458979826,3.7919960634408247,22.22546321591584,22.389914641140773,0.4433795547011437,0.3904016689864349,2,1.0980853897342127,1.1158280119826256,0.1890548576408397,0.0,0.0,0.0,0.09658462427761039,0.09247023336322935
109,1,0,1,0.065402528623583,3.8573985920644076,22.223760187680885,22.36468395780998,0.4274597897010631,0.3750913101205969,2,1.0884507348606665,1.1153844464264155,0.1873807431955117,0.0,0.0,0.0,0.0955185900004836,0.0918621531950281
110,1,0,1,0.06522634837430899,3.9226249404387166,22.24848827877433,22.402685852616788,0.41100269580062987,0.35824532429727146,2,1.1774410895375267,1.1147111036372714,0.19981847834255156,0.0,0.0,0.0,0.09874256340259924,0.10107591493995235
111,1,0,1,0.06523244938184881,3.9878573898205656,22.272508475081825,22.437918198049296,0.3945239088297265,0.341444058283947,2,1.1755318950247777,1.116279353284778,0.19968031790536706,0.0,0.0,0.0,0.0988727218254203,0.10080759607994674
112,1,1,1,-0.2347559792122514,3.753101410608314,22.289798789440262,22.470386139718716,0.4837075120297769,0.3246819072651433,2,1.1675189228561358,1.117760666828278,0.19832783393416123,0.8671434529783589,0.0,5.551115123125783e-17,0.09775492782133866,0.10057290611282257
113,1,0,1,0.06522478773270275,3.818326198341017,22.311272179080404,22.49993739002371,0.46725577765360793,0.30798433938934905,2,1.1700292631741127,1.1190046232289745,0.19889581351177926,0.0,0.0,0.0,0.09871040625701391,0.10018540725476535
114,1,0,1,0.06524136543172314,3.88356756377274,22.324712959271764,22.52603871544334,0.45103248203584445,0.291367153194896,2,1.1598223448385925,1.1202802392276028,0.19704289087329932,0.0,0.0,0.0,0.09733977370658063,0.09970311716671867
115,1,0,1,0.06522530521924728,3.948792868991987,22.3455691072309,22.553166236040404,0.4346012948620501,0.2746900608779186,2,1.1692524604240777,1.1212687918678776,0.1986496769446302,0.0,0.0,0.0,0.09858712304276589,0.10006255390186433
116,1,0,0,0.06523789163335861,4.0,22.362870503871065,22.57621791802942,0.41824136304723125,0.25810951198533566,2,1.1628214622109623,1.1224683835817828,0.1976428842444102,0.0,0.0,0.0,0.09815959088891288,0.09948329335549733
117,1,0,1,0.06538177885810749,4.0,22.36763651190569,22.5421219910931,0.4020332582365373,0.24290279329134937,2,1.0941472916458208,1.1234772105475122,0.18848894102808195,0.0,0.0,0.0,0.09724862886416435,0.0912403121639176
118,1,0,1,0.0654180512895717,4.0,22.36937787174815,22.501224148124184,0.38590665932301027,0.22788007497930862,2,1.0835874794485134,1.1227439625749698,0.186895903353407,0.0,0.0,0.0,0.09675959348116217,0.09013630987224483
119,1,0,0,0.0654457336892824,4.0,22.367762418829,22.45734076450216,0.36986039218160155,0.2129681998762791,2,1.0762662139556323,1.1217650504968084,0.1857488534666294,0.0,0.0,0.0,0.09627760284845215,0.08947125061817722
120,1,2,1,-0.23454183951995428,3.765458160480046,22.36611964004276,22.412473877510976,0.35383263131068204,0.4467741367033852,2,1.0741179138058594,1.1206275795832792,0.185375746452791,0.007955197810088466,0.0,0.0,0.09616656522551675,0.08920918122727427
121,1,0,0,0.06523215016088045,3.8306903106409265,22.37063532553423,22.448771064884404,0.3377788642326432,0.4299295661163478,2,1.1602777108037423,1.1194648379388434,0.19739002599045813,0.0,0.0,0.0,0.09632260246823354,0.10106742352222457
122,1,0,1,0.0652341852207516,3.895924495861678,22.37723884822633,22.482320040192015,0.3216739660939938,0.41313355685281977,2,1.1606376577601736,1.1204851597604661,0.19740544441306462,0.0,0.0,0.0,0.0966293888318963,0.10077605558116833
123,1,0,1,0.06524617047109536,3.961170666332773,22.379948190895888,22.51294731187744,0.30568462620126297,0.39637830540481406,2,1.154825586565441,1.1214889722104586,0.19646754804441924,0.0,0.0,0.0,0.09593603935638527,0.10053150868803398
124,1,0,1,0.06541890815132882,4.0,22.375307390472624,22.47293781396479,0.28969886539164746,0.38137140640800204,2,1.0776720892334204,1.1223223875693331,0.18595595883856517,0.0,0.0,0.0,0.09591456485769258,0.0900413939808726
125,1,0,1,0.06523588173029202,4.0,22.386586230516553,22.50672643323638,0.2734558197079652,0.36452826147053513,2,1.1662735894264546,1.1212061301109355,0.1985171437268951,0.0,0.0,0.0,0.09745827410209378,0.10105886962480132
126,1,0,1,0.06524897134448762,4.0,22.395106334678935,22.535676841668227,0.2572912004041607,0.3478250314174541,2,1.159803329188053,1.1223328165938233,0.19720709614131302,0.0,0.0,0.0,0.09698771582282713,0.10021938031848591
127,1,1,1,-0.23473115998378002,3.76526884001622,22.396328209084224,22.56109216186251,0.4840392511851108,0.33116607950990834,2,1.1499067740082494,1.1232695794086793,0.1957182043346097,0.043747202424963993,0.0,5.551115123125783e-17,0.09576449288933499,0.0999537114452747
128,1,0,0,0.06523152666545244,4.0,22.406667507535282,22.584499527173662,0.46785574652913686,0.31459022546227255,3,1.1576821730358757,1.1239355092736685,0.1965561522216588,0.0,0.0,0.0,0.09710102793584394,0.09945512428581485
129,1,2,1,-0.23464188641672695,3.765358113583273,22.41555269171797,22.549931403014995,0.4514942817984615,0.4848057986798571,3,1.0990962358917453,1.1247791758677237,0.18933399630490877,0.3875413527736351,0.0,0.0,0.09816878838405188,0.09116520792085686
130,1,0,1,0.06521059406025112,3.830568707643524,22.416531178814942,22.577760922065757,0.43549851004898854,0.46811702637992053,3,1.1529451085160638,1.1241371023683242,0.19610726429645822,0.0,0.0,0.0,0.09597463049683785,0.10013263379962034
131,1,0,0,0.06532709462355707,3.895895802267081,22.414762750680893,22.55551003045717,0.4193835981689074,0.45262568988943924,3,1.100837982779379,1.1248573025220177,0.18963749022337414,0.0,0.0,0.0,0.09668947128048692,0.09294801894288722
132,1,0,1,0.06534723131977346,3.9612430335868547,22.41199233870406,22.528597642064568,0.4033248013338379,0.43728052664762423,3,1.0945740191590085,1.1242568195284517,0.18842376046130732,0.0,0.0,0.0,0.096352781010417,0.09207097945089031
133,1,0,1,0.06521062311279605,4.0,22.422858862229408,22.558169727366888,0.38707909497636633,0.42055903362790814,3,1.1639533583468864,1.1235147495192157,0.19780319626312573,0.0,0.0,0.0,0.09747423814482936,0.10032895811829644
134,1,0,1,0.06538608885287073,4.0,22.410831138507092,22.525625191374544,0.3713049362484567,0.40533666865274465,3,1.07995345502525,1.1245257147399075,0.18597914221843856,0.0,0.0,0.0,0.09464495236745786,0.0913341898509807
135,1,0,0,0.06539128933042239,4.0,22.399737453918714,22.49540553360438,0.3555058185612885,0.3900929669183019,3,1.082098065888498,1.123411408247041,0.18625691652966653,0.0,0.0,0.0,0.09479470612300946,0.09146221040665702
136,1,0,1,0.06539975988341212,4.0,22.39176299608655,22.463840447136093,0.33962133801967154,0.3748824268201041,3,1.0828390303876234,1.1223785746880774,0.18657012383888838,0.0,0.0,0.0,0.09530688324970175,0.09126324058918664
137,1,0,0,0.0654246957785175,4.0,22.38426083513621,22.42593093379029,0.3237361240127995,0.3598448769859921,3,1.0759784117844302,1.1213900860805661,0.18553658304590415,0.0,0.0,0.0,0.0953112840412321,0.09022529900467205
138,1,0,1,0.06524742053266708,4.0,22.394365577328987,22.461007689963026,0.30755090727984785,0.3430153457804897,3,1.1654362925886734,1.1202547942231624,0.19808848763072393,0.0,0.0,0.0,0.09711130039770947,0.10097718723301449
139,1,0,0,0.06524322274507961,4.0,22.40405220021615,22.49387994017371,0.29137386252136005,0.3262257630691355,3,1.1639432047801468,1.1213843316823002,0.1977997648190519,0.0,0.0,0.0,0.09706226855092681,0.10073749626812514
140,1,0,0,0.06542825710980003,4.0,22.39898789997435,22.45513844142457,0.2754095183782516,0.31122025043510565,3,1.0786425045188048,1.1224483035097466,0.18581914066283012,0.0,0.0,0.0,0.09578606485865104,0.09003307580417906
141,1,0,0,0.0652731923730571,4.0,22.401970103857852,22.485253272279394,0.259408467897908,0.2945112625740703,3,1.1544501932733056,1.1213531585349732,0.19626023004827353,0.0,0.0,0.0,0.09600630288206152,0.10025392716621205
142,1,0,1,0.06545100129204062,4.0,22.391033677876898,22.445411577530347,0.24362047978419657,0.27954247498568835,3,1.0714024636734236,1.1221805844034312,0.18454065421256052,0.0,0.0,0.0,0.0947279286822686,0.0898127255302919
143,1,0,1,0.06531792978002197,4.0,22.38201842200391,22.47186343570435,0.2279820541765657,0.26291113843292435,3,1.138347733686195,1.120911131385181,0.19361857296236923,0.0,0.0,0.0,0.0938305536457853,0.09978801931658392
144,1,0,1,0.06548908387065872,4.0,22.36516782815852,22.426607619555007,0.21237271368950664,0.248037214599109,3,1.0592406364479783,1.1213470464427062,0.18289958592524627,0.0,0.0,0.0,0.0936560429223543,0.08924354300289197
145,1,2,1,-0.23451254234321386,3.765487457656786,22.35220088919909,22.38692478576382,0.1966790612228141,0.480273453060648,3,1.0671446134422236,1.1197943861928383,0.18373063386928323,0.017013850161638477,0.0,5.551115123125783e-17,0.09416191480015543,0.0895687190691278
146,1,0,1,0.06544408457388243,3.8309315422306685,22.332332368897344,22.354978180453507,0.18118793862959284,0.4652014751005653,3,1.0666630162620072,1.1184781418740728,0.18337860331982353,0.0,0.0,0.0,0.0929467355593273,0.0904318677604962
147,1,0,1,0.0654991712061563,3.896430713436825,22.306135692429912,22.315301264210483,0.16586040356157172,0.45032749504161385,3,1.0513091710233156,1.1171827637337712,0.18120909076183536,0.0,0.0,0.0,0.09196521040812702,0.08924388035370832
148,1,2,1,-0.2347080967065763,3.6617226167302483,22.30231379576889,22.355108463481056,0.1500831162179817,0.48311799427440255,3,1.1515212265255612,1.1155359239160099,0.19595575841512505,1.2019649702496833,0.0,5.551115123125783e-17,0.0946637240615401,0.10129203435358496
149,1,0,0,0.06527632742334336,3.726998944153592,22.2999041225371,22.39401860474412,0.134268045606514,0.4662205177167298,3,1.1529360245125218,1.1164355564812487,0.19627528301484257,0.0,0.0,0.0,0.09489042366880604,0.1013848593460365
150,1,0,1,0.06550138472521146,3.7925003288788033,22.279326848882576,22.34908085570099,0.1187787532358877,0.45146699847982613,3,1.0518330454843805,1.1173480681820305,0.18145686964517926,0.0,0.0,0.0,0.09293575422375784,0.08852111542142144
151,1,0,1,0.06550040694518208,3.8580007358239854,22.258152455750096,22.310867747148155,0.10337530901690407,0.4366109084935519,3,1.0563226909292749,1.1157101926145891,0.1815572052315472,0.0,0.0,0.0,0.09242066531390183,0.08913653991764539
152,1,0,1,0.06532394236903016,3.9233246781930156,22.25424330976987,22.347297535556343,0.08764640993295725,0.41981661989517777,3,1.146746147500419,1.1142255050724565,0.19513912609392642,0.0,0.0,0.0,0.09437339450368103,0.10076573159024539
153,1,0,1,0.06533037468304216,3.988655052876058,22.24840584886296,22.38070919322517,0.07196369956940761,0.40308724157282,3,1.1426127178950674,1.1150385211331555,0.19447253211544385,0.0,0.0,0.0,0.09409626218129774,0.1003762699341461
154,1,0,1,0.06533095255256466,4.0,22.24362074136792,22.4112795550868,0.05626986995750649,0.3864040146090138,3,1.1415131304187942,1.1157278760522034,0.19426233945424393,0.0,0.0,0.0,0.09416297767140672,0.10009936178283722
155,1,2,1,-0.23449588475793398,3.765504115242066,22.23770758815386,22.367337463546153,0.040436049123188954,0.485270492856841,3,1.0665172626566592,1.116372507411368,0.1833799678648592,0.8184240876540829,0.0,5.551115123125783e-17,0.09500292500590518,0.088377042858954
156,1,1,0,-0.23449976317801,3.531004352064056,22.215713968327275,22.33131669044396,0.27508637043859147,0.4704024525224389,3,1.0571117333637223,1.1151261262925003,0.18130631411399717,0.0,0.0,0.0,0.09209807210758489,0.08920824200641227
157,1,0,1,0.06541108260474329,3.596415434668799,22.21537883733304,22.307832779459847,0.2591077046493855,0.45512574713596154,3,1.0898567244909385,1.113675766469281,0.1875322270541004,0.0,0.0,0.0,0.09587199473523587,0.09166023231886451
158,1,0,1,0.06527569228862919,3.6616911269574284,22.218029143677644,22.34743100390535,0.24323915949243333,0.43826796631171455,3,1.1553288212099269,1.1130802904198225,0.19635795588719512,0.0,0.0,0.0,0.09521127094171301,0.10114668494548212
159,1,0,1,0.06526508472338838,3.726956211680817,22.22484403055961,22.3863581632165,0.22723697305270105,0.4213962973634324,3,1.1598785498826893,1.114136503689575,0.19724313232808605,0.0,0.0,0.0,0.09601311863839375,0.10123001368969235
160,1,0,1,0.06548113676888312,3.7924373484497,22.210905829427343,22.346796563812486,0.2116449608452435,0.40646800522944737,3,1.0617802543081227,1.1152800548444028,0.18312182604865546,0.0,0.0,0.0,0.09355207324474514,0.08956975280391032
161,1,0,0,0.06528080285772098,3.857718151307421,22.216072730448662,22.384907232638916,0.195709585953135,0.3896115721615168,3,1.1572201296787457,1.113942559830996,0.19675084776023416,0.0,0.0,0.0,0.09561224935265111,0.10113859840758305
162,1,0,1,0.0652906690518877,3.9230088203593088,22.221412086193496,22.418882076387554,0.17978445712347876,0.37283612601720867,3,1.154338698570657,1.1150244990771898,0.19620344984378627,0.0,0.0,0.0,0.0955507729779373,0.10065267686584893
163,1,1,1,-0.23469305940656718,3.6883157609527415,22.223918933325734,22.449899856291857,0.41391414873437976,0.3561026857312812,3,1.1495319811010716,1.1160073540645261,0.1956224920501594,0.0,0.0,0.0,0.09522185033459395,0.10040064171556548
164,1,0,1,0.0653600332847225,3.753675794237464,22.232189905341166,22.42932737328501,0.39772242675318353,0.34064838518407475,3,1.1045439587490207,1.11684546974044,0.18987613517041566,0.0,0.0,0.0,0.0971503318871774,0.09272580328323823
165,1,0,1,0.06538844675158978,3.819064240989054,22.235622672667503,22.405731618468565,0.3816649352922939,0.32527877427020707,3,1.0963749444755524,1.1165379319656545,0.18856261424854417,0.0,0.0,0.0,0.09634494876533801,0.09221766548320616
166,1,0,1,0.06538456169296769,3.8844488026820216,22.24000899720378,22.384682082551734,0.36558619261286124,0.3098637255758179,3,1.0993706458978472,1.1160338572784019,0.18896274824293044,0.0,0.0,0.0,0.09647245607659581,0.09249029216633467
167,1,0,1,0.06524895830530747,3.949697760987329,22.256571961953902,22.42159832928158,0.34935041152978025,0.29303837632228164,3,1.169096488473853,1.1156172769938881,0.1983667820197036,0.0,0.0,0.0,0.09741468649848613,0.10095209552121746
168,1,0,0,0.06527353068515218,4.0,22.266885546891228,22.452176669999236,0.3332839824072536,0.276355674359279,3,1.1578461829358684,1.116954257280887,0.19649478651317603,0.0,0.0,0.0,0.09639857473515973,0.10009621177801634
169,1,0,1,0.06527687399964929,4.0,22.276414072466793,22.481886312170417,0.3172453567936729,0.2596547794310291,3,1.1572147231690146,1.1179765554222616,0.19643712325098386,0.0,0.0,0.0,0.09623175368148468,0.10020536956949914
170,1,0,1,0.06543054012594832,4.0,22.272726377229823,22.44805108201937,0.3013508393664685,0.244495756118124,3,1.0814345842279092,1.1189575096159303,0.1863212444406569,0.0,0.0,0.0,0.09536710456322617,0.09095413987743071
171,1,2,1,-0.23456417462705914,3.7654358253729407,22.268354439632635,22.41839882380068,0.2855048041141471,0.47621900476129936,3,1.0839952406653504,1.1180194364812297,0.18658111080820552,0.018155608846670557,0.0,0.0,0.09507621151392825,0.09150489929427726
172,1,0,1,0.06538175017145414,3.830817575544395,22.268993836083983,22.394899824044057,0.2694608138749437,0.4608712012728781,3,1.0943092282805562,1.1171688315858328,0.188350762365748,0.0,0.0,0.0,0.09626394143522055,0.09208682093052743
173,1,0,1,0.06525596889467765,3.8960735444390724,22.272810297391832,22.431198439931517,0.253522570952668,0.4440527236314378,3,1.1567124186985136,1.116597341503201,0.19654032338229632,0.0,0.0,0.0,0.09562945753365411,0.1009108658486422
174,1,2,1,-0.23458642197956717,3.6614871224595054,22.267865132304436,22.40172657038697,0.23764040031937594,0.4847877711113533,3,1.08318318380114,1.1176002184330838,0.1865663971316322,1.1643163417886266,0.0,5.551115123125783e-17,0.09529302379975221,0.09127337333187999
175,1,0,1,0.06523756517759666,3.726724687637102,22.276006057863857,22.439424386857198,0.22154576207123564,0.467935744201323,3,1.1625785345969315,1.116739792567285,0.19767999094902353,0.0,0.0,0.0,0.09656782948884193,0.10111216146018163
176,1,0,1,0.06542783219914582,3.7921525198362476,22.27267618601922,22.40345604953818,0.2056004992328896,0.45290874901437683,3,1.078587551954376,1.1178857611180264,0.1858335481517531,0.0,0.0,0.0,0.0956715770300762,0.0901619711216769
177,1,0,1,0.06524552400002975,3.857398043836277,22.279232817852055,22.443488388406365,0.18958324380039573,0.4359397331845494,3,1.1634922765899556,1.1169033058889353,0.1979176275739277,0.0,0.0,0.0,0.09610353259496321,0.10181409497896447
178,1,0,1,0.06527068954043465,3.9226687333767116,22.282953047686902,22.476260937894285,0.17363097265773894,0.4191681700532597,3,1.1545608094792297,1.1180680301564605,0.19634300564367976,0.0,0.0,0.0,0.09571362685594077,0.10062937878773894
179,1,0,0,0.06526089024416822,3.9879296236208797,22.29021270341402,22.50707744072256,0.1575873358917118,0.4024386900520088,3,1.1570565081949238,1.1189803496395299,0.19663870060366734,0.0,0.0,0.0,0.09626182059616284,0.10037688000750451
180,1,0,1,0.06527477091679071,4.0,22.292202845403235,22.535617882779864,0.14168744002815206,0.3857294221814322,3,1.1504628376499295,1.1199322536034146,0.1956549824048189,0.0,0.0,0.0,0.09539937518135844,0.10025560722346048
181,1,2,1,-0.23469584922257064,3.765304150777429,22.290835451798586,22.55846676150574,0.12587309072077082,0.4834201928041318,3,1.142177003325802,1.1206955182045775,0.1943649390194962,0.814376533088593,0.0,1.1102230246251565e-16,0.09488609584428732,0.09947884317520889
182,1,0,1,0.06527515192255813,3.8305793026999875,22.289596402102447,22.581941780022262,0.11002838085390547,0.4668341484187049,3,1.1434685241529903,1.1212325553326081,0.19458452551375344,0.0,0.0,0.0,0.09506825920119233,0.09951626631256111
183,1,0,1,0.06526560014480683,3.8958449028447943,22.292998888948468,22.606527024512747,0.09406826866206501,0.4501689357235241,3,1.1497761858896292,1.1217884545531178,0.19575194932212786,0.0,0.0,0.0,0.09576067315104275,0.0999912761710851
184,1,0,1,0.06545738197659372,3.961302284821388,22.27174893169532,22.56277645918572,0.07865425317978307,0.43528172426752904,3,1.0574876252563565,1.1224881478365303,0.181807361629662,0.0,0.0,0.0,0.09248409289369151,0.08932326873597048
185,1,0,1,0.06547692558844813,4.0,22.245483365695634,22.52067356960709,0.06341143268073536,0.42037558099085537,3,1.0524946791937106,1.1208631347720261,0.18089378265432823,0.0,0.0,0.0,0.09145692299428626,0.089436859660042
186,1,0,1,0.06531848494582759,4.0,22.241812439978567,22.542729441325235,0.047677848529208984,0.40383544461433885,3,1.1375388693836357,1.1191539233825682,0.1936423231682574,0.0,0.0,0.0,0.09440150490915827,0.09924081825909914
187,1,1,1,-0.23446227691034158,3.7655377230896585,22.20149378962868,22.490557291023784,0.2828500746202142,0.38929558738231007,3,1.0271227463812613,1.119613547032595,0.1762057868461412,0.0,0.0,0.0,0.08896664345396887,0.08723914339217234
188,1,0,1,0.06539620518503045,3.830933928274689,22.20763612586107,22.458838415774178,0.26671225265551757,0.37407931253660137,3,1.0917247379991017,1.1173012770163115,0.18812458086243175,0.0,0.0,0.0,0.09682693178817958,0.09129764907425222
189,1,1,1,-0.2347571862534361,3.596176742021253,22.227212362489148,22.491598863578155,0.4798521600235996,0.3573098020244114,3,1.1689985479729308,1.1166618635408811,0.19848437852134965,0.12329324034329847,0.0,5.551115123125783e-17,0.09786731544820954,0.10061706307314013
190,1,0,1,0.06523187371590451,3.6614086157371575,22.240476201559435,22.52162669477817,0.46367999117133296,0.34060386749352817,3,1.1612619509219908,1.1179702806516825,0.1972686202988988,0.0,0.0,0.0,0.09703301311359949,0.10023560718529931
191,1,0,1,0.06521580399325454,3.726624419730412,22.263761493406648,22.550588443955316,0.4472532541000726,0.323912518571112,3,1.171299613432794,1.1190525724084401,0.198708515962059,0.0,0.0,0.0,0.09856042242756219,0.10014809353449684
192,1,0,0,0.06522028521239324,3.7918447049428052,22.285303585072946,22.57773687531607,0.4308676219522387,0.3072326128790646,3,1.1690492714610996,1.1203587484340491,0.19839322703928833,0.0,0.0,0.0,0.09831379288700372,0.10007943415228462
193,1,0,1,0.06522309607216376,3.857067801014969,22.304871824120976,22.60230689756005,0.41451064926219866,0.29060227719020887,3,1.1657142728017384,1.1215760115097253,0.1979238502733742,0.0,0.0,0.0,0.09814183614024,0.09978201413313421
194,1,0,1,0.06520913335077527,3.922276934365744,22.326471074178222,22.62737370554077,0.39806855697053445,0.2739348463351666,3,1.1693455260799916,1.1226794680420258,0.19865713888023867,0.0,0.0,0.0,0.09865255374998519,0.10000458513025348
195,1,0,1,0.06537363575369573,3.9876505701194396,22.337853044446817,22.588136078388338,0.38169872457439075,0.25881296422923267,3,1.0959904626091368,1.1238461194929747,0.18895028701246638,0.0,0.0,0.0,0.09821899437686259,0.09073129263560378
196,1,0,1,0.0653835008371309,4.0,22.347941387187355,22.548738357751837,0.36536310584820436,0.24371793775251258,3,1.0938403501749145,1.1231497280708789,0.18858387121743866,0.0,0.0,0.0,0.09801371235711798,0.09057015886032067
197,1,0,1,0.0653976863477783,4.0,22.35912287413956,22.508080229161948,0.3489870575967509,0.22868829641215024,3,1.0929403519857943,1.1224169936234798,0.18843413755089464,0.0,0.0,0.0,0.09825628950872067,0.090177848042174
198,1,0,1,0.06523941637184559,4.0,22.37705692696855,22.537767509308544,0.3326329661918829,0.21194676203863946,3,1.1693014105581252,1.1216800775825377,0.19857375467027313,0.0,0.0,0.0,0.09812454842920844,0.10044920624106468
199,1,2,0,-0.23458114312250422,3.7654188568774956,22.374874790233765,22.49946264017236,0.31661075533139404,0.44687163783089007,3,1.0823836050359597,1.1228706109069275,0.18658401040942954,0.0,0.0,0.0,0.09613326516293298,0.09045074524649654
200,1,2,1,-0.23480237614625873,3.530616480731237,22.38961706588212,22.53408069503549,0.30029281498775534,0.48315901541959977,3,1.1712187662716413,1.1218584357601533,0.19895354954423372,1.18122982698534,0.0,5.551115123125783e-17,0.09790764206183245,0.10104590748240125
201,1,0,1,0.06517497988649637,3.595791460617733,22.407887909910425,22.569103740148677,0.28384301878315354,0.4662810437408838,3,1.1763863331644302,1.1230924440229404,0.1999666072999063,0.0,0.0,0.0,0.0986987772276106,0.10126783007229569
202,1,0,1,0.06518514503518442,3.6609766056529174,22.420608579487435,22.601385290946446,0.26754191574657826,0.44943630288653086,3,1.1694270116262533,1.1244247912514775,0.1988750633455702,0.0,0.0,0.0,0.09780661821945201,0.1010684451261182
203,1,0,0,0.06517710424612172,3.726153709899039,22.439631977919664,22.63346780217944,0.25106988841297745,0.43256349019323387,3,1.176655756426069,1.125549846760847,0.20006904016138638,0.0,0.0,0.0,0.09883216400160465,0.10123687615978173
204,1,0,1,0.06534985481860674,3.791503564717646,22.435890868917454,22.60210473041055,0.23503435481574753,0.41729361458631625,3,1.09172331373138,1.1268274945024777,0.18783245522488495,0.0,0.0,0.0,0.09621320158337945,0.09161925364150551
205,1,0,1,0.06539765847522504,3.856901223192871,22.42625834018233,22.561880459856233,0.21915762597342126,0.4022396082780726,3,1.0760930906937578,1.1259498899832003,0.18558441090341976,0.0,0.0,0.0,0.09526037305395776,0.09032403784946201
206,1,0,0,0.06542440196097049,3.9223256251538414,22.409137710295635,22.52126619892374,0.20353285052632109,0.3872201583450235,3,1.0669685791817807,1.124703470000964,0.18386535228089518,0.0,0.0,0.0,0.093748652682601,0.09011669959829419
207,1,0,1,0.06522668939210638,3.987552314545948,22.420365080544283,22.55344535941995,0.18728606729519745,0.37041099604925143,3,1.1666666284753409,1.1232600977304843,0.19833567316137402,0.0,0.0,0.0,0.09748069938674177,0.10085497377463228
208,1,0,1,0.06539905791248186,4.0,22.411504231500572,22.51922206767322,0.1714298923793074,0.355292036260241,3,1.0812611202086586,1.1243452609991058,0.18585080822940384,0.0,0.0,0.0,0.09513704949534046,0.09071375873406337
209,1,0,0,0.06526192415204687,4.0,22.41429491735595,22.54692944144823,0.15542589123567138,0.33860444525445527,3,1.1537662171097387,1.1232681574793446,0.19614955289652977,0.0,0.0,0.0,0.09602400686181606,0.10012554603471369
210,1,0,1,0.065419834989529,4.0,22.399137274040093,22.51144304401953,0.1397507781217869,0.3235586389681133,3,1.0733865682255483,1.1240306089701044,0.18432551640135883,0.0,0.0,0.0,0.09405067868330678,0.09027483771805206
211,1,0,1,0.06526386767173203,4.0,22.403971226663042,22.540798181506002,0.12369557622031652,0.3068085332039628,3,1.1569535980609111,1.1227645079514907,0.19683184599372544,0.0,0.0,0.0,0.09633121140882248,0.10050063458490299
212,1,2,1,-0.23471682114483441,3.7652831788551655,22.402545303150518,22.56584901110233,0.1078236718793078,0.4833271247841077,3,1.1472441412880283,1.1236192352042262,0.19526867734140563,0.3408511992237768,0.0,5.551115123125783e-17,0.09523142604605225,0.10003725129535335
213,1,0,1,0.06544117363213717,3.8307243524873025,22.3736248313094,22.525210394685143,0.09253891005608211,0.4684457863350348,3,1.0546507695980167,1.1242098578563213,0.1809966016337918,0.0,0.0,0.0,0.09170857093935411,0.08928803069443769
214,1,0,1,0.06524074938245417,3.8959651018697565,22.380358439958368,22.5558194185365,0.07640647430692403,0.4516819036853061,3,1.1598135131501865,1.1224708806498636,0.19737791039332098,0.0,0.0,0.0,0.0967946144949486,0.10058329589837241
215,1,0,1,0.06547255306085126,3.9614376549306076,22.343804159683117,22.51094133572404,0.061354777686853594,0.43694464544298084,3,1.0419720833746686,1.1234044464623718,0.17873372917437388,0.0,0.0,0.0,0.09031017972042256,0.0884235494539513
216,1,0,1,0.06526804555857112,4.0,22.346368322386727,22.539616508424338,0.045374291502244514,0.4202252026263223,3,1.1526079727890814,1.1213686373851792,0.19619957400760588,0.0,0.0,0.0,0.09588291710765438,0.10031665689995148
217,1,0,1,0.0654960434445819,4.0,22.29314691429923,22.494143385047977,0.031070164546567632,0.40548505529304063,3,1.023455089306418,1.1221496207702768,0.1742656457337514,0.0,0.0,0.0,0.08997623915911974,0.08844088399969002
218,1,0,1,0.06529207262992634,4.0,22.229817237084788,22.52187554894782,0.017869657380324516,0.3887904842164182,3,1.0840847441690773,1.1196822574836802,0.17937046945719323,0.0,0.0,0.0,0.09616382148620635,0.10016742645973459
219,1,0,1,0.06556127797641173,4.0,22.112316326876353,22.467009071415248,0.0059578879176946905,0.37439966751609205,3,0.9464249319098164,1.1187923196508152,0.1578155169777358,0.0,0.0,0.0,0.08841344624612701,0.08634490020195688
220,1,0,0,0.06534253040346061,4.0,21.72062913842413,22.48888844294354,0.000582747974383018,0.3578862745506856,3,0.7446753180333562,1.1144831349572903,0.13133119745230912,0.0,0.0,0.0,0.09596566081522657,0.09908035779243907
221,1,0,1,0.06555118815013414,4.0,21.195095849195017,22.436269982955594,0.0,0.3434171668596184,3,0.5270861903171348,1.1052379395341918,0.09031113399270144,0.0,0.0,0.0,0.0939875128603587,0.08681464614640333
222,1,0,0,0.0655635538126065,4.0,20.665218452965142,22.387399167565874,0.0,0.328879906107805,3,0.5120359341841697,1.0907841458037653,0.08722356451088015,0.0,0.0,0.0,0.09788397413281152,0.08722356451088015
223,1,0,0,0.0656145157225654,4.0,20.148587991641016,22.333592819753157,0.0,0.31454706745057476,3,0.5058786313764284,1.0763154405132755,0.08599703194338126,0.0,0.0,0.0,0.09886673441293845,0.08599703194338126
224,1,0,0,0.06549678675072847,4.0,19.644873291849986,22.34646406491784,0.0,0.29834724359052994,3,0.571211065658512,1.0620545202848541,0.09719894316026902,0.0,0.0,0.0,0.10194168931428715,0.09719894316026902
225,1,1,1,-0.2344579239123261,3.765542076087674,19.75161117876057,22.353067495224817,0.23298576668547513,0.2823061525263945,3,1.1631247511367542,1.0497834339191958,0.19833194627196132,0.0,0.0,0.0,0.1020853998871491,0.09624654638481224
226,1,0,0,0.06542478529922949,3.8309668613869032,19.877808529550798,22.37419363265773,0.21538208231822165,0.26587475344495737,3,1.199940455072777,1.0526169668496348,0.20421050069214414,0.0,0.0,0.0,0.10562210620352097,0.09858839448862315
227,1,1,1,-0.23455540074424222,3.596411460642661,19.995189490128844,22.390104316590723,0.44794190913514376,0.24958938915325068,3,1.1895916985662507,1.0563000540552134,0.2023532248487074,0.0,0.0,0.0,0.10464103909846748,0.0977121857502399
228,1,0,1,0.06537208302151454,3.6617835436641757,20.12259515762355,22.412043806259383,0.43015558179310837,0.2331306038490952,3,1.2089775023313594,1.0596323451679892,0.2054706758771454,0.0,0.0,0.0,0.10671796405221215,0.09875271182493325
229,1,0,1,0.06536617676062696,3.7271497204248027,20.245954708220104,22.4335693669998,0.41238775789383747,0.21665812957978806,3,1.2082510854340454,1.0633659740970733,0.20544178901146806,0.0,0.0,0.0,0.10660694339562549,0.09883484561584258
230,1,0,0,0.0655847219888869,3.7927344424136895,20.330325521304204,22.380611630740525,0.39544823394745726,0.20202164980851797,3,1.098401178705319,1.0669881018804976,0.18945602230590186,0.0,0.0,0.0,0.1016371436782812,0.0878188786276207
231,1,1,1,-0.2346206199308284,3.558113822482861,20.436640827501897,22.402181054067828,0.4825641519332539,0.18557101054717476,3,1.1956581583261159,1.0677734288011183,0.20331892396853596,0.8726894036847437,0.0,1.1102230246251565e-16,0.10461508840047676,0.09870383556805919
232,1,0,1,0.065337937584631,3.623451760067492,20.54985441476103,22.42645304438477,0.46486492957330405,0.1690344672167867,3,1.208456124615318,1.0709705470392432,0.20541459414202734,0.0,0.0,0.0,0.10619533415969898,0.09921925998232838
233,1,0,0,0.06555187004685951,3.6890036301143514,20.625657504052498,22.377163298135578,0.4479539092809228,0.15431052386741384,3,1.100921029520924,1.074407686478645,0.18980978185052413,0.0,0.0,0.0,0.1014661217542869,0.08834366009623726
234,1,0,1,0.06556902265677532,3.7545726527711265,20.697682442658998,22.32545319712889,0.4311048673174302,0.13967097577192936,3,1.0953853576545112,1.0750705200547022,0.18893154035386334,0.0,0.0,0.0,0.10109425178095642,0.0878372885729069
235,1,0,1,0.06556722465060408,3.8201398774217306,20.763871038631947,22.27989534610154,0.41437595403865307,0.12492461187807297,3,1.0962091359402981,1.0755783909946972,0.188851663035801,0.0,0.0,0.0,0.10037347967266275,0.08847818336313824
236,1,0,1,0.06555853662509672,3.885698414046827,20.83022766733772,22.23751013491017,0.3976004084209674,0.11011938399492438,3,1.1000655771327401,1.0760941596183373,0.18948464100500564,0.0,0.0,0.0,0.10065327370611413,0.08883136729889152
237,1,0,1,0.06559006400044233,3.9512884780472697,20.89223786002672,22.188300767670125,0.38087915599144645,0.09553640607258262,3,1.0894942705051536,1.0766934450561974,0.18782538211117572,0.0,0.0,0.0,0.10032751457712505,0.08749786753405066
238,1,0,0,0.06558806346170777,4.0,20.94557152758641,22.146843029590066,0.3643665728075753,0.08078659708645973,3,1.0888893951720497,1.077013465692421,0.18757435301996464,0.0,0.0,0.0,0.09907549910322745,0.08849885391673723
239,1,0,0,0.06560869151266951,4.0,20.99525799402699,22.103252575853308,0.34792881709484025,0.06611162705921578,3,1.0834063766332336,1.0773103639294117,0.18667635443987365,0.0,0.0,0.0,0.09862653427640988,0.08804982016346372
240,1,0,1,0.06562582963436232,4.0,21.039972880059793,22.057534673442184,0.3315899281764208,0.05153584815330121,3,1.0764597478686917,1.0774627642470076,0.18548800694600426,0.0,0.0,0.0,0.09803333351051677,0.08745467343548749
241,1,0,1,0.0654091457098449,4.0,21.11082954051645,22.094818125548016,0.3146680075271673,0.034897265754937914,3,1.185577801400031,1.0774376888375496,0.2013630182857008,0.0,0.0,0.0,0.10153152389552104,0.09983149439017974
242,1,1,1,-0.23438702358328722,3.7656129764167128,21.14859139621249,22.057626436349224,0.483759295550063,0.02010934414066515,3,1.0807113581488612,1.0801411916516115,0.18617175638525849,0.3880080451630037,0.0,0.0,0.09744422669962188,0.08872752968563657
243,1,0,1,0.06534833063152412,3.830961307048237,21.229364218452886,21.937503876637127,0.46648253742981866,0.008233575106373252,3,1.0408057083423428,1.080155445814043,0.17491516292721782,0.0,0.0,0.0,0.1036605487214664,0.10072019435912578
244,1,0,1,0.0655747649138581,3.896536071962095,21.27231565903896,21.48133626993618,0.45005443903521775,0.0048817430426830065,3,0.6659555362623762,1.0791717023772502,0.11867958274974641,0.0,0.0,0.0,0.09856859036760493,0.08956759943081802
245,1,0,1,0.06540857431777244,3.9619446462798678,21.33922341603967,20.996915999369588,0.4330927226221928,0.002689529035107449,3,0.651328784658497,1.0688412982243785,0.11492358252360307,0.0,0.0,0.0,0.10177029847814972,0.10240584160682747
246,1,0,1,0.0656661481967456,4.0,21.35927645515057,20.527110534980928,0.41727904828599854,0.00039296921862487744,3,0.6086510601074747,1.0584034853852315,0.10866140491606108,0.0,0.0,0.0,0.09488204601716564,0.09161287319528276
247,1,0,1,0.06546969498104846,4.0,21.414892302068225,20.023364032853404,0.40056033100787874,0.0,3,0.5990290195434178,1.0471596747532874,0.1026701189804678,0.0,0.0,0.0,0.10031230366871853,0.10581100612344344
248,1,0,1,0.06575272450301459,4.0,21.421364219658333,19.52277993203207,0.38507101029565366,0.0,3,0.5418442251418131,1.0359564083730408,0.09293592427335054,0.0,0.0,0.0,0.09293592427335054,0.09288932963127411
249,1,0,1,0.06579909321045363,4.0,21.42617377374883,19.034710433731266,0.36961287703816675,0.0,3,0.540343659581952,1.0236036037922602,0.092748799544922,0.0,0.0,0.0,0.092748799544922,0.09334930051102446
250,1,0,1,0.0656076242602524,4.0,21.4567219732751,18.558842672887987,0.3535401618831766,0.0,3,0.5662025438699934,1.0115221051870025,0.09643629092994103,0.0,0.0,0.0,0.09643629092994105,0.10878196430360146
251,1,0,1,0.06585407991455731,4.0,21.455076098668506,18.094871606065787,0.33828274653265994,0.0,3,0.5347721747252832,1.0003891161540772,0.09154449210309965,0.0,0.0,0.0,0.09154449210309966,0.0958926707302625
252,1,0,1,0.06585357239463721,4.0,21.45512764992718,17.64249981591414,0.3229879783218086,0.0,3,0.5364284537253883,0.9887486926183573,0.09176860926510799,0.0,0.0,0.0,0.09176860926510799,0.09817272648075219
253,1,2,1,-0.2342646876594341,3.765735312340566,21.471202909624594,17.858399382732966,0.30721766956236923,0.2316739562171323,3,1.2094155131622712,0.9774406866460331,0.2045781152538426,0.0,0.0,0.0,0.09462185255663627,0.10995626269720635
254,1,0,1,0.0656510305291344,3.8313863428697004,21.493241624517612,18.076526290915215,0.2912510628909835,0.21318038164469574,3,1.2234056803842046,0.983240057308939,0.2067610874629334,0.0,0.0,0.0,0.09579964002831412,0.11096144743461928
255,1,0,1,0.06566168280240318,3.8970480256721034,21.5076142634442,18.283165051657978,0.27554252686139474,0.19481518514257967,3,1.210255597555176,0.9892441978858207,0.20444239519022875,0.0,0.0,0.0,0.09425121617753243,0.11019117901269634
256,1,0,1,0.0656536655294487,4.0,21.523239399748313,18.48244479016205,0.25978764109902447,0.17648963193914202,4,1.2096743576857372,0.9947694828775546,0.20448263379484752,0.0,0.0,0.0,0.09452931457422165,0.10995331922062586
257,1,0,1,0.06562366585706403,4.0,21.54402834159866,18.67623660595521,0.24384005324028493,0.15815813487016184,4,1.2147228623912687,1.0001421047477592,0.2056745095663185,0.0,0.0,0.0,0.09568552715243729,0.10998898241388122
258,1,0,1,0.06581851999100669,4.0,21.54484499667076,18.77230477647098,0.2283666411890958,0.1421485393907677,4,1.1023914492767144,1.0055066236888468,0.18889804518349987,0.0,0.0,0.0,0.09284047230713484,0.09605757287636506
259,1,0,1,0.06591212608049252,4.0,21.52655193421513,18.838696580260304,0.21345802214502332,0.12682476373897245,4,1.0560274856622358,1.0079287443285436,0.18139436817520602,0.0,0.0,0.0,0.08945171426443474,0.09194265391077126
260,1,0,1,0.06564476931989961,4.0,21.541405015141436,19.013479431766196,0.19770364045697,0.10872522857477089,4,1.1987671452940791,1.009131212861886,0.20312350111352925,0.0,0.0,0.0,0.09452629012831983,0.10859721098520941
261,1,0,1,0.06562433834314797,4.0,21.559322284447113,19.183906923121036,0.18177820320832197,0.09061929108393267,4,1.2022168718332147,1.0138721111726907,0.20418824843691763,0.0,0.0,0.0,0.09555262349188842,0.1086356249450292
262,1,0,1,0.06584861845205538,4.0,21.557238792128267,19.246460790737792,0.1664001368840502,0.07511268889350796,4,1.079051105487113,1.0185807301892038,0.18530801108817896,0.0,0.0,0.0,0.09226839794563053,0.09303961314254844
263,1,2,1,-0.2341787052847185,3.7658212947152814,21.560708387856813,19.315731625720236,0.15085059967259393,0.3094042263905099,4,1.0928329202826417,1.0200924895716517,0.18754799828672608,0.0,0.0,0.0,0.09329722326873768,0.0942507750179884
264,1,0,0,0.06580064976579693,3.8316219444810784,21.551479378936587,19.380860313555548,0.13565861817238378,0.2937842806445988,4,1.0778106792545123,1.0219110003394263,0.18487156347672706,0.0,0.0,0.0,0.0911518890012609,0.09371967447546617
265,1,0,0,0.06554603252166326,3.897167977002742,21.57467474946978,19.545386191139897,0.11958635006062264,0.27558443265423666,4,1.2110297404298433,1.0233084923123035,0.20563269661273992,0.0,0.0,0.0,0.0964336086705668,0.10919908794217315
266,1,0,1,0.06557718626288198,3.9627451632656236,21.587936111876903,19.696274409176638,0.10379383206905653,0.25764124236630764,4,1.1921511039591104,1.028001523515242,0.20241424967697072,0.0,0.0,0.0,0.09475510794939666,0.10765914172757404
267,1,0,1,0.06574843490452979,4.0,21.592238422686428,19.752342118079433,0.08817554561894463,0.24205108113780235,4,1.092475282738657,1.0321052630263388,0.18725068607170336,0.0,0.0,0.0,0.09370971870067155,0.0935409673710318
268,1,0,1,0.06557944389672911,4.0,21.601812896340483,19.894467767851403,0.07245361897841739,0.22416570636638214,4,1.1853146369451706,1.0336145135191466,0.20164380847168467,0.0,0.0,0.0,0.09433155984316349,0.10731224862852115
269,1,0,1,0.06574763073175219,4.0,21.609720181314753,19.941718274833136,0.05671703259489038,0.20867679767266556,4,1.0925648085607997,1.0374070166047973,0.1873529704634615,0.0,0.0,0.0,0.094419518301162,0.0929334521622995
270,1,1,1,-0.23427097571054217,3.765729024289458,21.633185068058648,19.98806061282483,0.29051560234834994,0.19314528327720662,4,1.1085931861392875,1.0387859614036972,0.19039766785199588,0.0,0.0,0.0,0.09720858147924234,0.09318908637275353
271,1,1,1,-0.23433896176008623,3.5313900625293715,21.649724194426035,20.043734522596946,0.48399374237207743,0.1772927909603902,4,1.1127441781615897,1.040531142022087,0.19115249966843426,0.24309361409009977,0.0,0.0,0.09603754576753555,0.0951149539008987
272,1,0,1,0.06559239785763271,3.596982460387004,21.67530024136523,20.107277167429118,0.46778929894437643,0.16118791939893087,4,1.1314551596969413,1.0423364679255747,0.1938558899349618,0.0,0.0,0.0,0.09722666056620582,0.09662922936875595
273,1,0,1,0.06560163756709189,3.6625840979540962,21.698234710445906,20.164056382543432,0.45161626760681234,0.14521074601779613,4,1.124278119414849,1.0445644352198586,0.19290122831219275,0.0,0.0,0.0,0.09703818802538439,0.09586304028680834
274,1,0,1,0.06562241813174652,3.7282065160858426,21.716754060475594,20.212833731209845,0.4355726555219592,0.1294041338454009,4,1.1138539760208392,1.0465572773247336,0.19110134554349087,0.0,0.0,0.0,0.09626167250911939,0.09483967303437148
275,1,0,1,0.06559740209466541,3.793803918180508,21.737223866239372,20.26662505707777,0.41943757202759474,0.11344177197059967,4,1.122500826423834,1.0482396947921362,0.19258467221499373,0.0,0.0,0.0,0.0968105009661865,0.09577417124880729
276,1,0,1,0.06565260351872637,3.8594565216992347,21.747280591591206,20.303330067653526,0.4035956880221352,0.09787408491454123,4,1.0968579590105154,1.0500962230829285,0.1884574263691077,0.0,0.0,0.0,0.0950513040327571,0.0934061223363506
277,1,0,0,0.06545223197261285,3.9249087536718474,21.77933618911027,20.428965426838193,0.3872832364755813,0.0800864234398876,4,1.2089562231848527,1.0512652664811184,0.2046006781272452,0.0,0.0,0.0,0.09787470927932342,0.10672596884792178
278,1,0,1,0.06544203195138812,3.9903507856232356,21.811378524053275,20.54980043734132,0.3709405955591271,0.06231922758235181,4,1.2080848858448467,1.0552075403987118,0.20465902064394006,0.0,0.0,0.0,0.09805584549872529,0.10660317514521478
279,1,0,1,0.06545482325724952,4.0,21.837202021222225,20.661840685807714,0.35476299473040335,0.04469575285538723,4,1.1968932196702018,1.059029474034865,0.20280645333412994,0.0,0.0,0.0,0.09706560497234243,0.10574084836178753
280,1,0,1,0.06561897413804094,4.0,21.847981954414124,20.62918415057301,0.33879277635191524,0.030552727943718102,4,1.0405994656329478,1.0624760676757485,0.18067945974094335,0.0,0.0,0.0,0.09582131027092859,0.09368049972777404
281,1,2,1,-0.2343335545490308,3.7656664454509694,21.848754864778755,20.65090722267696,0.3231287323273282,0.2651192035748496,4,1.0844251350932557,1.0619291526246784,0.18658541036073334,0.0,0.0,0.0,0.09398426414752228,0.09260114621321108
282,1,0,1,0.06560878821721781,3.8312752336681872,21.85262994046887,20.678211228797675,0.3073500426967218,0.24953118069038152,4,1.0936706339972249,1.062491552186393,0.18820027509044682,0.0,0.0,0.0,0.09467213778363845,0.09352813730680837
283,1,0,1,0.06540424456839633,3.8966794782365834,21.87865271969053,20.79277743575893,0.291100787962522,0.23177853010919827,4,1.2038600154145724,1.0632710292316636,0.20401143189229884,0.0,0.0,0.0,0.09749552840519951,0.10651590348709936
284,1,0,1,0.06561985382728415,3.9622993320638678,21.874338673455615,20.813559989455914,0.27553021013266626,0.21624494430043603,4,1.0832542613483112,1.0667857538862364,0.18662498183170753,0.0,0.0,0.0,0.09342346697913377,0.09320151485257377
285,1,0,1,0.06563246463995337,4.0,21.87098465515054,20.829030703993638,0.25992234090476807,0.20086077937900193,4,1.0793141628054417,1.0671974665727881,0.18595220489599404,0.0,0.0,0.0,0.09364721536738943,0.09230498952860461
286,1,0,1,0.06539879333536727,4.0,21.898984208611846,20.937384825289264,0.24360353009364663,0.18315532262784137,4,1.2038540587355335,1.0675003839786046,0.2041456053736917,0.0,0.0,0.0,0.09791286486672851,0.10623274050696319
287,1,0,1,0.06559596162343445,4.0,21.904939032075617,20.955727397684324,0.22771100751632858,0.16764902438102983,4,1.0952066217063599,1.0709092258475277,0.18839292494477744,0.0,0.0,0.0,0.09535513546390813,0.09303778948086931
288,1,0,0,0.06542329617360612,4.0,21.92481975310845,21.05490393153739,0.21160548023665127,0.15006722254063445,4,1.1905739156299027,1.0715166607439985,0.2021239747204367,0.0,0.0,0.0,0.09663316367806436,0.10549081104237236
289,1,0,1,0.06566256130748821,4.0,21.918567112945485,21.05211985005995,0.19604097706254078,0.13501967601636533,4,1.0654563704757338,1.0744930921161462,0.18367229819027747,0.0,0.0,0.0,0.09338701904466265,0.09028527914561484
290,1,0,1,0.06564138097657743,4.0,21.924351703337447,21.05144646589405,0.1801375189015796,0.1199308079055228,4,1.0793783803011971,1.0742671740751357,0.18595395763082226,0.0,0.0,0.0,0.09542074896576716,0.09053320866505508
291,1,0,1,0.06546106678450367,4.0,21.936395597655107,21.139354538104953,0.16422224476511882,0.10260011819575905,4,1.174346920759355,1.0743949542307876,0.19947578307734717,0.0,0.0,0.0,0.09549164481876482,0.10398413825858234
292,1,0,0,0.06548909098980617,4.0,21.938497958993267,21.219103674051556,0.1485932391898252,0.08541416271644188,4,1.1587452506787654,1.0768937533940015,0.19688976632766486,0.0,0.0,0.0,0.09377403345176169,0.10311573287590313
293,1,0,1,0.06565290199172406,4.0,21.942199887075944,21.210221804222947,0.13271552001967596,0.07046956263889233,4,1.0737600990801834,1.0789400408261207,0.1849339154861926,0.0,0.0,0.0,0.09526631502089535,0.08966760046529726
294,1,0,1,0.0655029147331904,4.0,21.943564975933022,21.284159059479933,0.11708848771803583,0.0533804559383441,4,1.1541128863965406,1.0788105422824723,0.1962968340131303,0.0,0.0,0.0,0.09376219380984084,0.10253464020328945
295,1,2,1,-0.23432930897010767,3.7656706910298925,21.949833225224516,21.267929181506524,0.10113931930788066,0.28856974147610703,4,1.0707314722034085,1.080693100885324,0.18455929723435374,0.0,0.0,0.0,0.09569501046093111,0.08886428677342262
296,1,0,1,0.06540441430783267,3.831075105337725,21.959394263846058,21.35323557242017,0.08525399543608408,0.2711595236856612,4,1.1753114897034613,1.080444060168276,0.1997732499734539,0.0,0.0,0.0,0.0953119432307794,0.10446130674267448
297,1,0,1,0.06557239126377498,3.8966474966015,21.969336868131712,21.353325040289263,0.06919180429269502,0.2559401376246226,4,1.0928478180614065,1.0828157459066556,0.18768946322656646,0.0,0.0,0.0,0.09637314686033444,0.09131631636623204
298,1,0,1,0.06543843589866392,3.962085932500164,21.973013610693677,21.42890229289703,0.05345607496209212,0.23873623681437803,4,1.162320542880251,1.0830665477105246,0.1976377808450847,0.0,0.0,0.0,0.0944143759836174,0.10322340486146729
299,1,0,1,0.06543306357494474,4.0,21.978065936412705,21.500191418663576,0.03764970963006708,0.2216023034852315,4,1.1613893490753466,1.0850478975897677,0.1976417919670295,0.0,0.0,0.0,0.09483819199215025,0.10280359997487923
300,1,0,1,0.06558441900645147,4.0,21.979072451368804,21.49635178128849,0.021868981002097578,0.20646605517286687,4,1.0841233114579218,1.086956433876907,0.18550186164200458,0.0,0.0,0.0,0.09468437176781698,0.09081748987418758
301,1,0,1,0.06547611565418379,4.0,21.904136977671804,21.556896775533048,0.008939583951234452,0.18957594366816288,4,1.072495126363986,1.0868856058164325,0.17891705133340272,0.0,0.0,0.0,0.09394844593557763,0.10134066902822397
302,1,0,1,0.0654839787042375,4.0,21.531427681316995,21.612804776185357,0.0036662859550487363,0.17276542918517335,4,0.7697245481276236,1.0865258438301213,0.13250287487505152,0.0,0.0,0.0,0.0940196283619735,0.10086308689793724
303,1,0,1,0.06561246830988804,4.0,21.098576781033444,21.5986206219502,0.000290639968049667,0.1578360179944848,4,0.6315707569188518,1.078605811437559,0.10983034306612569,0.0,0.0,0.0,0.09799385099145946,0.08957646714413127
304,1,0,1,0.06555087116345223,4.0,20.579831560549096,21.6429974741017,0.0,0.14131882152974426,4,0.5930615667417469,1.0674299350745913,0.10084701859674125,0.0,0.0,0.0,0.09674163498287881,0.09910317878844326
305,1,0,1,0.06568477769362728,4.0,20.065335771535374,21.61924417761242,0.0,0.1266442988313807,4,0.5173216403632598,1.05557072586627,0.0880471361901814,0.0,0.0,0.0,0.10087922613195607,0.0880471361901814
306,1,2,1,-0.23436804766883257,3.7656319523311677,19.56370237724699,21.652730028180258,0.0,0.36038874440344365,4,0.5739669550081468,1.0421144987286948,0.09753332656762231,0.0,0.0,0.0,0.09901454263426712,0.09753332656762231
307,1,1,1,-0.2343271333388175,3.53130481899235,19.677961696288886,21.633855747658433,0.23271665406825057,0.34557018761090635,4,1.1257958486557582,1.0304108101356813,0.19261141634572038,0.0,0.0,0.0,0.10370007559049671,0.0889113407552237
308,1,0,1,0.06567177541049449,3.5969765944028445,19.78210428024167,21.609942795334717,0.2156347938456575,0.33077837318557196,4,1.1130250677277544,1.032795436098683,0.19124204788756455,0.0,0.0,0.0,0.10249116133555831,0.08875088655200629
309,1,0,1,0.0656816449874829,3.6626582393903275,19.88524287486422,21.581910390887142,0.19847553452200697,0.31609366311848547,4,1.1099073670643804,1.0348011768894099,0.19106381634442246,0.0,0.0,0.0,0.10295555594190312,0.0881082604025193
310,1,0,1,0.0656550085591458,3.7283132479494734,19.992718035278937,21.559865088053215,0.18110763346657985,0.30127239549082363,4,1.1221086892245737,1.036678831643784,0.19313501209853348,0.0,0.0,0.0,0.10420740633256272,0.08892760576597077
311,1,0,1,0.06548937645999216,3.7938026244094654,20.094248385358785,21.62063935633075,0.16405542199920253,0.2843069648558997,4,1.2011191964406884,1.0388145780833038,0.20410585261380748,0.0,0.0,0.0,0.10231326880426397,0.10179258380954351
312,1,0,1,0.0654971207224066,3.859299745131872,20.187679826133532,21.675415841978335,0.1471306777927329,0.26748648023681076,4,1.1910801199645722,1.0428721935422383,0.20247137295335157,0.0,0.0,0.0,0.10154846523881791,0.10092290771453367
313,1,0,1,0.06548271489338578,3.9247824600252574,20.280996759851185,21.729660683694313,0.13014597065264707,0.2506227795560778,4,1.1941391671364203,1.0465773917027967,0.2030904469249126,0.0,0.0,0.0,0.10190824284051488,0.10118220408439771
314,1,2,1,-0.23449905966337917,3.6902834003618783,20.36705195006615,21.776449573276835,0.11330716939585979,0.45923883588653375,4,1.183110515886133,1.0502664360886373,0.20112994290281394,0.14820652665517398,0.0,5.551115123125783e-17,0.10103280754072361,0.10009713536209029
315,1,0,1,0.06541366878840718,3.7556970691502856,20.459078212577545,21.831567961400914,0.09620337271524482,0.4423175698532837,4,1.2007321887190434,1.0535875380835749,0.2041503762831903,0.0,0.0,0.0,0.10262278008368993,0.10152759619950039
316,1,0,1,0.06558081824866975,3.8212778873989555,20.537767789746525,21.8104441044188,0.07922978771294432,0.4273651105303284,4,1.1148318745363233,1.0572661543494615,0.1915562659515348,0.0,0.0,0.0,0.10184151001380287,0.08971475593773197
317,1,0,1,0.06543541724512292,3.8867133046440783,20.613725962190944,21.860425056955926,0.06244869833223967,0.4105684762333353,4,1.184644422335681,1.058705297354133,0.20146634206618638,0.0,0.0,0.0,0.10068653628422808,0.10077980578195833
318,1,0,1,0.06544709115274784,3.952160395796826,20.68455635496789,21.90513845641336,0.045773243581213256,0.39388778703732424,4,1.1773975677130557,1.0618537754786717,0.20013686368222483,0.0,0.0,0.0,0.10005272850615843,0.10008413517606642
319,1,0,1,0.06544726458557933,4.0,20.75334570712014,21.94723542709425,0.02910265284402364,0.3772279033921399,4,1.1756286931176718,1.0647423702845313,0.19998284629424398,0.0,0.0,0.0,0.10002354442313767,0.09995930187110633
320,1,2,1,-0.23442755723156392,3.7655724427684363,20.810729477398784,21.92518366644557,0.01264232593115895,0.4850697520822496,4,1.1028465379853216,1.06751452835536,0.18834344898369004,0.7633674203528392,0.0,1.1102230246251565e-16,0.10055232479114457,0.08958148750650188
321,1,0,1,0.06540916456410492,3.830981607332541,20.66864233235208,21.97128152796369,0.0016531042694098153,0.4682770173361163,4,0.9724085450675259,1.0683978285961087,0.1666917384472948,0.0,0.0,0.0,0.10046092873389112,0.10075640847680001
322,1,2,0,-0.234590190767711,3.5963914165648303,20.20471357670488,22.0151978948414,0.0,0.48322880626310455,4,0.6459857077384058,1.0659980965078941,0.11054578803783155,1.3096621040166978,0.0,0.0,0.10081476063431144,0.10062716242137268
323,1,0,1,0.06557310187910959,3.66196451844394,19.699595737287257,21.988111512808374,0.0,0.46839552357020126,4,0.5232935653380093,1.0554977867886572,0.08899969615742012,0.0,0.0,0.0,0.10291159093706498,0.08899969615742012
324,1,0,1,0.06547825237676105,3.727442770820701,19.207105843855075,22.0230218491169,0.0,0.45185799092104917,4,0.5846131241287384,1.042192681252391,0.09922519589491204,0.0,0.0,0.0,0.10374423504182127,0.09922519589491204
325,1,0,1,0.06566558053778436,3.793108351358485,18.726928197758703,21.98516599462675,0.0,0.43732908926892083,4,0.5127196917377683,1.0307531923242996,0.08717340991277042,0.0,0.0,0.0,0.10336991285951899,0.08717340991277042
326,1,0,1,0.06555466887347487,3.85866302023196,18.258754992814733,22.011503498094314,0.0,0.42102084365932385,4,0.575966653333236,1.0178023548096362,0.0978494736575817,0.0,0.0,0.0,0.1057564298909163,0.0978494736575817
327,1,2,1,-0.23439395101809166,3.6242690692138684,17.802286117994363,22.029727695418043,0.0,0.4838906361168789,4,0.5685117847760843,1.0067564622727263,0.0966561832987268,1.026125061955943,0.0,5.551115123125783e-17,0.1054953761490491,0.0966561832987268
328,1,0,1,0.06576441446425581,3.6900334836781243,17.357228965044506,21.9819195426316,0.0,0.46959972396251776,4,0.5029350395990089,0.9958003453353101,0.08574547292616658,0.0,0.0,0.0,0.10535471440451287,0.08574547292616658
329,1,0,1,0.0657958848337766,3.755829368511901,16.923298240918392,21.93368438654762,0.0,0.45532868202901183,4,0.5013128324818064,0.9834787126919028,0.08562625160103586,0.0,0.0,0.0,0.10674399679749906,0.08562625160103586
330,1,1,1,-0.23430740669080896,3.521521961821092,17.125734196688413,21.948227464013527,0.23224716118342034,0.4393570222119085,4,1.1884035989225779,0.9714245656866504,0.2023469918020985,0.0,0.0,0.0,0.1065170328994782,0.09582995890262028
331,1,0,1,0.06581630862918113,3.587338270450273,17.320554116296776,21.895286341374646,0.21436284157701016,0.4251368985715452,4,1.118727838487036,0.9768490415175486,0.19262665948064017,0.0,0.0,0.0,0.10730591763846091,0.08532074184217928
332,1,0,1,0.06562248903078562,3.6529607594810587,17.518519210836562,21.919452024670832,0.19643973615234286,0.4089714967255216,4,1.202526789277755,0.9803960114417857,0.2045310436241457,0.0,0.0,0.0,0.10753863254800383,0.09699241107614184
333,1,2,1,-0.23437881453079912,3.4185819449502595,17.71073866727084,21.942271152262826,0.17856052655179286,0.4838567452973293,4,1.2009878649139534,0.9859492808876849,0.20413478581932343,0.9538289803531292,0.0,5.551115123125783e-17,0.10727525760329977,0.09685952821602366
334,1,0,1,0.06557723192815533,3.4841591768784146,17.89873302192468,21.968707197601226,0.1606349422400328,0.46759791085552554,4,1.2057556454805887,0.9913252454883417,0.20510651252138332,0.0,0.0,0.0,0.10755350587056034,0.09755300665082298
335,1,0,1,0.06557590550066816,3.5497350823790828,18.078804352989835,21.99275788268963,0.14279328396831065,0.4513939842522671,4,1.2008080216417023,0.9966860054881477,0.20427350924988347,0.0,0.0,0.0,0.10704994963033301,0.09722355961955045
336,1,0,1,0.06574820374890859,3.6154832861279913,18.242934468037305,21.944694811543435,0.12507301271272805,0.43706358586377236,4,1.1178560997932636,1.0017890558919866,0.192304017864464,0.0,0.0,0.0,0.10632162753349551,0.08598239033096848
337,1,0,1,0.06557219831239486,3.681055484440386,18.407972584572583,21.970536534012126,0.1074126893996787,0.42081748764833,4,1.195570570993492,1.0046907319895184,0.20343852917095068,0.0,0.0,0.0,0.10596193987829611,0.09747658929265454
338,1,0,1,0.06554537833147424,3.7466008627718606,18.572507211969334,21.998414276431074,0.08965561714895481,0.40449333278976224,4,1.2018750977803112,1.009462727964618,0.20448736265574963,0.0,0.0,0.0,0.10654243350434343,0.09794492915140615
339,1,0,1,0.06554045976377074,3.812141322535631,18.73184518843751,22.02580070890117,0.07195142121960367,0.3881407165835849,4,1.2009974461482786,1.0142730372100104,0.20434087281317106,0.0,0.0,0.0,0.10622517557610688,0.09811569723706423
340,1,0,0,0.06555355096964817,3.877694873505279,18.87939751252408,22.047855634486353,0.054438953088922985,0.37193710157170257,4,1.188548397105222,1.018941147433467,0.2022964988553781,0.0,0.0,0.0,0.10507480878408404,0.09722169007129405
341,1,2,0,-0.23429395349275867,3.6434009200125206,19.02406762545903,22.00196946114112,0.036708020576575365,0.48558902984250124,4,1.1219652682649763,1.023181328675261,0.19285141601907818,0.7316226094302154,0.0,5.551115123125783e-17,0.10638559507408574,0.08646582094499244
342,1,0,0,0.06552808827177257,3.708929008284293,19.159303044638236,22.026708118385805,0.019309393581319317,0.46936317996611426,4,1.1856250035888982,1.0256509271650036,0.20174686122985824,0.0,0.0,0.0,0.10439176197153625,0.09735509925832196
343,1,0,1,0.0655135175822892,3.7744425258665824,19.144374628103577,22.05307396186678,0.00546909142399991,0.4530525687974287,4,1.0410877060219166,1.0296502790756012,0.1809054799560295,0.0,0.0,0.0,0.10409248198378437,0.09786366701211303
344,1,0,1,0.06567166182798312,3.8401141876945655,18.854828639151712,22.013083754668052,0.0,0.4385224448152809,4,0.700400018598664,1.029936214749259,0.11999529243688661,0.0,0.0,0.0,0.10446938839641462,0.08718074389288716
345,1,0,0,0.06556550266967827,3.9056796903642437,18.38345792317292,22.032283284210205,0.0,0.42241328120208,4,0.5695266234088547,1.021697809845494,0.09665498167920508,0.0,0.0,0.0,0.1047139118964539,0.09665498167920508
346,1,0,1,0.06558546310669716,3.9712651534709407,17.9238714750936,22.049499615350708,0.0,0.4063346382276017,4,0.5680234132457619,1.0103935301845781,0.09647185784686987,0.0,0.0,0.0,0.10543506105432943,0.09647185784686987
347,1,0,1,0.06576416134872429,4.0,17.475774688216255,21.99897196972126,0.0,0.3920661399067968,4,0.5007098447543166,0.9993342772611078,0.08561098992483,0.0,0.0,0.0,0.1075322041044332,0.08561098992483
348,1,0,1,0.06566137889328194,4.0,17.03888032101085,22.00981450597456,0.0,0.3761759849850366,4,0.5608168354963325,0.9868686664484381,0.09534092953056042,0.0,0.0,0.0,0.10625353570157386,0.09534092953056042
349,1,0,1,0.06584916381429447,4.0,16.61290831298558,21.950071235617784,0.0,0.36216873442716385,4,0.4905020922925887,0.9762173706746353,0.08404350334723679,0.0,0.0,0.0,0.10821707713373105,0.08404350334723679
350,1,0,1,0.06589295073796882,4.0,16.19758560516094,21.888728409885225,0.0,0.34825932109286867,4,0.4874089551578883,0.9640744887150842,0.083456480005771,0.0,0.0,0.0,0.1078762273281133,0.083456480005771
351,1,0,1,0.0659575903846422,4.0,15.792645965031916,21.82055340216175,0.0,0.33457429821287854,4,0.47904320252365457,0.9521578503761543,0.08211013727994114,0.0,0.0,0.0,0.1067167564679799,0.08211013727994114
352,1,0,1,0.06599416713130166,4.0,15.397829815906118,21.751990262020705,0.0,0.3209298252678427,4,0.4769506949129989,0.9403299841798417,0.0818668376702146,0.0,0.0,0.0,0.10704977849461182,0.0818668376702146
353,1,0,1,0.06603820247885195,4.0,15.012884070508466,21.683019163555628,0.0,0.30731592065733765,4,0.4748286580854377,0.9287455019481707,0.08168342766303036,0.0,0.0,0.0,0.10643533484430615,0.08168342766303036
354,1,1,1,-0.234077973274613,3.765922026725387,15.249424430412738,21.68133534111806,0.23266683132244434,0.29196575713620115,4,1.1522541183183068,0.9173975808516023,0.19609999319215288,0.0,0.0,0.0,0.10399901206533396,0.09210098112681893
355,1,1,0,-0.2341804850195449,3.531741541705842,15.499152333838307,21.696023355810418,0.46481595625262134,0.27617687147010467,4,1.1876849124062017,0.9232689942882699,0.20183856441551706,0.0,0.0,0.0,0.107105250418938,0.09473331399657905
356,1,0,1,0.06574584722246975,3.597487388928312,15.756376334535611,21.71586189223585,0.44660154004849845,0.26026425460629293,4,1.206941929363949,0.9298793922412183,0.20476219840760745,0.0,0.0,0.0,0.10928649722473721,0.09547570118287023
357,1,2,1,-0.23409561747331356,3.363391771454998,15.990770500635787,21.66977513079528,0.4286941881137654,0.48529739014793005,4,1.12511336032889,0.9368059556692865,0.19295207385064855,0.06429322450792752,0.0,5.551115123125783e-17,0.10744411160839856,0.08550796224225
358,1,0,0,0.0656970854175897,3.4290888568725877,16.229205795100402,21.694981329190185,0.4105836910190582,0.46931250553548015,4,1.2051551336452997,0.9415136407857767,0.2045722902429424,0.0,0.0,0.0,0.10866298256824318,0.0959093076746992
359,1,0,1,0.06583187543336319,3.494920732305951,16.45735880908103,21.656744460724617,0.3924216849148224,0.4549070657914842,4,1.1380208236223246,0.9481046781072647,0.1954046750893908,0.0,0.0,0.0,0.10897203662541485,0.08643263846397596
360,1,0,0,0.06564683660383576,3.5605675689097867,16.688334806381917,21.69017216477242,0.37418312033908513,0.438663756755769,4,1.217256283093828,0.9528525817451412,0.20689124166871461,0.0,0.0,0.0,0.10943138745442334,0.09745985421429125
361,1,1,1,-0.2342038782340371,3.3263636906757497,16.9086507610579,21.65603805308555,0.4817263945316453,0.4241273527363392,4,1.1456445172679701,0.9594626742788586,0.19686005692670622,0.745098722034511,0.0,0.0,0.10964163281012793,0.08721842411657829
362,1,0,1,0.0655919068283956,3.391955597504145,17.137576013123926,21.6949825226274,0.4632446213876551,0.40773901039685234,4,1.2319869419614673,0.9641172203535863,0.2092206929008634,0.0,0.0,0.0,0.1108906388639416,0.09833005403692183
363,1,0,1,0.06558434432379724,3.4575399418279424,17.355005569264023,21.73176047857232,0.444933154261979,0.3913954381334949,4,1.2250214754787956,0.9708139633937832,0.2079302363342007,0.0,0.0,0.0,0.10986880275405633,0.0980614335801444
364,1,0,1,0.06569659009130206,3.5232365319192445,17.563063233668572,21.712977984732657,0.42652195894957706,0.37639965496664735,4,1.1664443217607985,0.9771691511959084,0.2004418708754965,0.0,0.0,0.0,0.11046717187441134,0.08997469900108518
365,1,0,1,0.06571864227171742,3.588955174190962,17.759065170057134,21.687848837747595,0.40832311440320423,0.36158137696122594,4,1.1527738198635302,0.9819010304600307,0.19810273531076666,0.0,0.0,0.0,0.10919306727823776,0.08890966803252888
366,1,0,1,0.06571984291467875,3.6546750171056406,17.949071558074213,21.662977248010456,0.3901789409933952,0.34674929958018375,4,1.1513076484750573,0.9861728501951184,0.19785750474510744,0.0,0.0,0.0,0.10886504045885428,0.08899246428625315
367,1,0,1,0.06553649670603624,3.7202115138116767,18.14631093751796,21.70789105132906,0.3718494315346801,0.3302075524360141,4,1.2324544029144695,0.9903012201521167,0.2092275396173085,0.0,0.0,0.0,0.10997705675229054,0.09925048286501799
368,1,0,1,0.06568782281541322,3.78589933662709,18.323714746863157,21.687358785650417,0.35378102123663585,0.3152491966478767,4,1.153226593387727,0.9963550497211756,0.19816059651708956,0.0,0.0,0.0,0.10841046178826541,0.08975013472882414
369,1,0,1,0.06552560027778895,3.8514249369048787,18.50462277343221,21.73350617879471,0.33565645042301284,0.2986402625637575,4,1.2273322580261876,1.0002768383128395,0.20840102938645275,0.0,0.0,0.0,0.10874742488173743,0.09965360450471529
370,1,0,1,0.06550911349363167,3.9169340503985106,18.680324621349477,21.778233699976944,0.31755795087895594,0.28203028665486585,4,1.2263825929051757,1.005953223805673,0.2082508527176916,0.0,0.0,0.0,0.10859099726434197,0.09965985545334961
371,1,0,1,0.06550199184205216,3.982436042240563,18.8501642749128,21.82202374815583,0.2995082849088772,0.26540144168069524,4,1.225093659775371,1.0114639580331606,0.2080710656654958,0.0,0.0,0.0,0.10829799582047216,0.09977306984502365
372,1,2,0,-0.2342564174148567,3.748179624825706,18.974880054047517,21.7834487233424,0.2824104248952804,0.48542312886032396,4,1.1029454548980022,1.0168047005767158,0.19004838691963705,0.09240865008417143,0.0,5.551115123125783e-17,0.10258716008158102,0.08746122683805604
373,1,1,1,-0.23455405397669987,3.5136255708490065,19.13622844131597,21.831972639577586,0.4819180648867563,0.46871531592342247,4,1.228830522938384,1.0189582194347482,0.20873848830087113,0.19446254937168228,0.0,5.551115123125783e-17,0.1084916106794617,0.10024687762140944
374,1,0,1,0.06541692488878043,3.579042495737787,19.295471599710055,21.877692992181036,0.4638022668573736,0.45207904064608323,4,1.2291685380198731,1.0242050270223388,0.20851243984033208,0.0,0.0,0.0,0.10869478817629667,0.0998176516640354
375,1,1,1,-0.23443880326588418,3.344603692471903,19.434753883709952,21.86250729241354,0.48214805047983506,0.43686356169443236,4,1.153425699029679,1.0293291147972772,0.19840457083089436,1.2828136011442415,0.0,5.551115123125783e-17,0.10711169712098928,0.09129287370990509
376,1,0,0,0.06555537350235616,3.410159065974259,19.566911151669782,21.847834818139816,0.46440583159043114,0.421646886079329,4,1.149916323089193,1.0324315294030875,0.1977533670270441,0.0,0.0,0.0,0.10645331333642408,0.09130005369062
377,1,0,1,0.06538362662168459,3.4755426925959436,19.712790188917896,21.897598731519974,0.446358531724975,0.40486449891955983,4,1.231011599873512,1.0353686492452399,0.2089781221513517,0.0,0.0,0.0,0.10828379919273642,0.10069432295861526
378,1,0,1,0.06536742407806287,3.5409101166740067,19.855858973972687,21.947856150258943,0.42831145255925346,0.38800961509789667,4,1.2335859268047076,1.0402597230109467,0.209411777924308,0.0,0.0,0.0,0.10828247499432955,0.10112930292997847
379,1,0,1,0.06536903704944318,3.6062791537234498,19.98821965645072,21.993825535309234,0.4104570937966822,0.3712388338796407,4,1.2234229456341144,1.0450928781057909,0.20775083988496326,0.0,0.0,0.0,0.10712615257542726,0.10062468730953601
380,1,0,1,0.06535155853164895,3.671630712255099,20.117799653785866,22.04048037553909,0.3925786887571148,0.35439669568460047,4,1.225785967358997,1.0495511297939988,0.20832325940764534,0.0,0.0,0.0,0.10727043023740407,0.10105282917024126
381,1,0,1,0.06534343953785315,3.736974151792952,20.24572063208662,22.08452815929622,0.3746646294802924,0.33760216674561794,4,1.2259257627910085,1.0539570007331238,0.20825152929483032,0.0,0.0,0.0,0.1074843556609349,0.1007671736338954
382,1,0,1,0.06556109491233798,3.80253524670529,20.333501453842185,22.05382244661505,0.35758821020377535,0.3226048571920597,4,1.115331328858969,1.058256219784571,0.19244237298045103,0.0,0.0,0.0,0.1024585156591021,0.0899838573213489
383,1,0,1,0.06555976760404028,3.8680950143093304,20.41857309506215,22.024583862479048,0.3405468897485788,0.3076028283688294,4,1.1155161545953904,1.0596830975114309,0.19226009567056174,0.0,0.0,0.0,0.1022479227311793,0.09001217293938246
384,1,0,0,0.06555841473190625,4.0,20.49679505052692,21.998815461725602,0.32365396893083903,0.29253462331313235,5,1.1135324786498573,1.0610789239385299,0.1917667552406207,0.0,0.0,0.0,0.10135752490643878,0.09040923033418194
385,1,2,1,-0.23441936326356239,3.7655806367364377,20.56782783306486,21.970441384911517,0.3069095946851891,0.4849982850598129,5,1.1050489685301685,1.0623902628063129,0.19047653511502186,0.2552077398787943,0.0,5.551115123125783e-17,0.10046624547389951,0.09001028964112237
386,1,0,0,0.06531300910353484,3.8308936458399727,20.669280627022815,22.024041269594605,0.28937376636294443,0.4680222120646384,5,1.2185094090904496,1.0634567304494094,0.2070714079045155,0.0,0.0,0.0,0.10521496993346804,0.10185643797104747
387,1,0,1,0.06530804786340745,3.89620169370338,20.768463146319654,22.07530024287015,0.2718477048556862,0.451060902862517,5,1.2177745399878213,1.0673330474154354,0.2069242242562776,0.0,0.0,0.0,0.10515636904354916,0.10176785521272844
388,1,0,1,0.0652993513053885,3.9615010450087684,20.86707724077258,22.123333845113777,0.2542913926938127,0.43416914855080274,5,1.2177417814262972,1.0710940847297452,0.20668839884152707,0.0,0.0,0.0,0.10533787297124161,0.10135052587028545
389,1,0,1,0.06529945912039024,4.0,20.956583512702693,22.169567910892482,0.2369126474714839,0.41726416639687275,5,1.2105006148559752,1.074760277147159,0.20570236425755217,0.0,0.0,0.0,0.10427247133397201,0.10142989292358019
390,1,0,1,0.06549097092381842,4.0,21.010372863240327,22.147805421807032,0.22030674750541632,0.4020733182999825,5,1.1101806470420672,1.0781537855898793,0.19078048837774694,0.0,0.0,0.0,0.09963539979640573,0.0911450885813412
391,1,0,1,0.06529629640941563,4.0,21.09372033248178,22.193774110550407,0.20300569283245917,0.38513857584354877,5,1.2082706151110065,1.078954457126184,0.2054147827763456,0.0,0.0,0.0,0.1038063280377431,0.10160845473860247
392,1,1,0,-0.23468049314505693,3.765319506854943,21.168518253106818,22.232932059810544,0.4358638983822103,0.3683875702526394,5,1.1961432309609838,1.0821873610758046,0.20335680024694908,0.0,0.0,0.0,0.10285076670149336,0.10050603354545572
393,1,2,1,-0.2345456013968769,3.5307739054580662,21.225699192363827,22.206626316886407,0.41902648037553475,0.4847950238885949,5,1.1159114541558033,1.085036257822934,0.19225436470848345,0.7103254215158369,0.0,5.551115123125783e-17,0.10102450804005339,0.09122985666843006
394,1,0,1,0.06541304276947879,3.596186948227545,21.281861706205525,22.189792677260144,0.40212813549354837,0.4693869800757729,5,1.1251370119466904,1.0858081377312558,0.19383833216885055,0.0,0.0,0.0,0.10139006929191796,0.09244826287693259
395,1,0,1,0.06523133228724876,3.6614182805147935,21.360231615558458,22.237521268074723,0.38476401874015176,0.45244488891182,5,1.2128898597541584,1.0867913595866419,0.20583724750409696,0.0,0.0,0.0,0.10418470052037969,0.10165254698371726
396,1,0,1,0.06523480854985148,3.7266530890646448,21.43239327521415,22.28216192587756,0.3675357268447769,0.4355212155519812,5,1.2067461395493577,1.0899438220908295,0.20491179153128167,0.0,0.0,0.0,0.10336975137224919,0.10154204015903248
397,1,0,1,0.0654174806349725,3.792070569699617,21.480903204748095,22.257055023554273,0.35072554939297446,0.4202558518004884,5,1.1162669072379474,1.0928638800272927,0.19245324721977175,0.0,0.0,0.0,0.10086106471081456,0.09159218250895719
398,1,0,1,0.06543120939878361,3.8575017790984005,21.518803142849507,22.234367387784644,0.33419750917722163,0.4049343273702613,5,1.1086612580393442,1.093448955707559,0.19109738787587904,0.0,0.0,0.0,0.0991682412945168,0.09192914658136224
399,1,0,1,0.06543325129768451,3.922935030396085,21.559010261858624,22.208748375938715,0.3175668676890348,0.38973366104543344,5,1.1084173704290423,1.093829263265854,0.19098784687808854,0.0,0.0,0.0,0.09978384892912134,0.0912039979489672
400,1,0,0,0.06546427602576961,3.988399306421855,21.589813584487167,22.180535035039043,0.301179622181231,0.3746184256543193,5,1.0967839476738015,1.0941939659449336,0.18901488539350775,0.0,0.0,0.0,0.09832347304682257,0.09069141234668517
401,1,0,1,0.0652428417218202,4.0,21.65079882106511,22.2311307117644,0.2841339275415045,0.3575504078417174,5,1.2058396287914588,1.0942587154881553,0.2046822747139711,0.0,0.0,0.0,0.10227416783835924,0.10240810687561183
402,1,0,1,0.06524360832456015,4.0,21.707568646872744,22.278109719277076,0.26715118018159295,0.3405436910582216,5,1.2007970716410468,1.0970482383207378,0.2039367848604435,0.0,0.0,0.0,0.10189648415946909,0.10204030070097442
403,1,0,0,0.06526240334521655,4.0,21.754783832165998,22.32017901375167,0.2503931087883238,0.32362889661668093,5,1.188926438921591,1.0996419591537456,0.20203719500885892,0.0,0.0,0.0,0.100548428359615,0.10148876664924392
404,1,0,1,0.06524882767112196,4.0,21.804565320896792,22.361760614093726,0.2335416534620223,0.3066835843634288,5,1.193237160220791,1.1018740711479418,0.2027806054773219,0.0,0.0,0.0,0.10110873195780887,0.10167187351951303
405,1,0,1,0.06526248525337287,4.0,21.849787509849524,22.398352263551182,0.2167841117779888,0.28984988871546097,5,1.1859719867849523,1.104158148374763,0.20154742399200817,0.0,0.0,0.0,0.10054525010420111,0.10100217388780708
406,1,0,1,0.06544192880865611,4.0,21.871056077366543,22.36795576214697,0.20046262595536699,0.27469954843451255,5,1.0970755604478248,1.1062034943350176,0.188830956621421,0.0,0.0,0.0,0.09792891493573089,0.09090204168569012
407,1,0,0,0.06546863420876135,4.0,21.884895836248337,22.333457546393547,0.18435408144198853,0.25967497086205465,5,1.0853168391162105,1.105975295987838,0.18679873251501816,0.0,0.0,0.0,0.09665126708027069,0.09014746543474748
408,1,0,0,0.06550144581716227,4.0,21.887906296191133,22.298302785199958,0.1685539320285161,0.24466709748217097,5,1.0733145333152532,1.1054588345660472,0.18484813676013667,0.0,0.0,0.0,0.09480089648083456,0.09004724027930214
409,1,0,1,0.06552470221793234,4.0,21.883776753615457,22.261528784432834,0.15297184461952085,0.22975840601632028,5,1.063751683691976,1.1046552270347774,0.18294467324907565,0.0,0.0,0.0,0.09349252445397158,0.08945214879510408
410,1,2,1,-0.2344635845148867,3.7655364154851134,21.891461556336466,22.21992230647657,0.13703340136176642,0.4650036980748795,5,1.0697109632159516,1.1036326384512074,0.18415890719517092,0.0,0.0,0.0,0.09563065954652651,0.0885282476486444
411,1,0,1,0.06546657767242606,3.8310029931575396,21.886886297217796,22.198390662455967,0.12145603813888838,0.44979849908983915,5,1.0766776934310567,1.1027845965703258,0.18469537324751056,0.0,0.0,0.0,0.09346417933726833,0.0912311939102422
412,1,0,1,0.06527225266280987,3.8962752458203496,21.918493403680372,22.245436398987042,0.104989827512655,0.43282040513598025,5,1.1807847669854934,1.1021319239918441,0.20066582748055398,0.0,0.0,0.0,0.09879726375740022,0.10186856372315373
413,1,1,1,-0.23472287351734503,3.6615523723030043,21.948110475934584,22.287969269395962,0.3385472534762004,0.4159433645408845,5,1.1762481877298174,1.1040982450666854,0.1999176877893023,0.0,0.0,0.0,0.09865544421872775,0.10126224357057455
414,1,0,1,0.06519478575713762,3.726747158060142,21.99707124122377,22.336135570702012,0.321569050584029,0.39888905153571663,5,1.2030290602284954,1.1059019936332637,0.2041950953840348,0.0,0.0,0.0,0.10186921735302787,0.10232587803100696
415,1,0,0,0.06541498513075136,3.792162143190893,22.013222373504405,22.305720317678613,0.30527998889460495,0.3837357719151992,5,1.0940660495553831,1.1083301702981445,0.1886540478596495,0.0,0.0,0.0,0.09773437013654462,0.09091967772310489
416,1,0,1,0.06520718184397452,3.8573693250348677,22.05543052320413,22.352009787392973,0.28845642777547803,0.36670692521054965,5,1.1964711866936586,1.1079735672795756,0.20311444694265868,0.0,0.0,0.0,0.10094136671476134,0.10217308022789731
417,1,0,1,0.06545001087268801,3.9228193359075556,22.05782775657368,22.316876977965727,0.2725158082978038,0.3516769916237847,5,1.0774504317072346,1.1101860077649275,0.18582331838663485,0.0,0.0,0.0,0.09564371686604514,0.09017960152058965
418,1,0,1,0.06521252717055583,3.9880318630781115,22.097970641676547,22.363245448454446,0.2557370064036646,0.3346210303771595,5,1.1958789739550706,1.1093676183634853,0.2030085788445868,0.0,0.0,0.0,0.10067281136483557,0.10233576747975125
419,1,0,1,0.0652264835794213,4.0,22.133059379886703,22.404201658662863,0.23905978178800594,0.3176815713079113,5,1.187575350671847,1.1115304022532748,0.20170010210944117,0.0,0.0,0.0,0.10006334769395193,0.10163675441548922
420,1,0,1,0.06521525435859385,4.0,22.167618385032426,22.44492818488759,0.22236278225032083,0.3007036977126801,5,1.1887170573341865,1.113431525963739,0.20204923879749787,0.0,0.0,0.0,0.10018199722611065,0.1018672415713872
421,1,0,1,0.06522168054215924,4.0,22.198796446837058,22.481792300601647,0.20574432557543557,0.28380527198304534,5,1.1833558417666912,1.1153136642480004,0.20110129442712038,0.0,0.0,0.0,0.09971074004931178,0.10139055437780858
422,1,0,0,0.0654221815675861,4.0,22.199888042718676,22.44814665836382,0.1897650864769772,0.2686672961758852,5,1.0844606723297636,1.1170147186859676,0.18670328943371053,0.0,0.0,0.0,0.09587543459074989,0.09082785484296069
423,1,0,1,0.0654288378014669,4.0,22.201538874282313,22.41650172249346,0.17376951998222578,0.25355140000084003,5,1.0862067632203343,1.1162008675270625,0.18666877601877963,0.0,0.0,0.0,0.09597339896850848,0.09069537705027116
424,1,0,1,0.06543333529013559,4.0,22.20145545628114,22.38555441819534,0.15783567915663677,0.23844338620739844,5,1.084420292620099,1.1154510149193944,0.18625112771418373,0.0,0.0,0.0,0.0956030449535342,0.09064808276064952
425,1,0,1,0.06549004221107586,4.0,22.187446950533204,22.348707210172094,0.14230849925473216,0.22350515280004193,5,1.0638195330907358,1.114675246861912,0.18279247985556654,0.0,0.0,0.0,0.09316307941142778,0.08962940044413875
426,1,1,0,-0.23468104007414312,3.7653189599258567,22.19828237780818,22.38078650501287,0.3762425989944602,0.2067873225988571,5,1.1563185761333812,1.1134038540176325,0.1967023827687408,0.0,0.0,0.0,0.09639540156163146,0.10030698120710935
427,1,0,1,0.06521677095975324,3.83053573088561,22.235790767501104,22.420698994103454,0.3594577892506203,0.18986641766883697,5,1.1918976008540365,1.1144767220705263,0.20223428804316054,0.0,0.0,0.0,0.10070885846303988,0.10152542958012065
428,1,0,1,0.06540790224632603,3.895943633131936,22.25094928150577,22.38519925773495,0.34306137939849374,0.17479501872851702,5,1.09607102167627,1.1164122440401139,0.18880685275467876,0.0,0.0,0.0,0.09837845911275911,0.09042839364191968
429,1,0,1,0.06542493340858266,3.9613685665405187,22.260928329361256,22.350657660335685,0.3267875008316458,0.15970008631148644,5,1.0913411639372415,1.115903713481018,0.18821286590327124,0.0,0.0,0.0,0.09764327140108771,0.09056959450218355
430,1,0,1,0.06522885263178742,4.0,22.294271458315762,22.39251304757594,0.3100705113446715,0.14273092545591856,5,1.1904881659371842,1.1152896497424236,0.20211690205525318,0.0,0.0,0.0,0.10030193692184591,0.10181496513340729
431,1,0,1,0.06523582402046108,4.0,22.32573018672236,22.430735697194926,0.2933758767818375,0.125838909746765,5,1.1868509906728826,1.1171696126472925,0.20151990163192476,0.0,0.0,0.0,0.10016780737700365,0.10135209425492107
432,1,0,0,0.06523432743872483,4.0,22.35499749899251,22.46688774856877,0.2767144589241099,0.108956084877109,5,1.1843310107419212,1.1189116470979323,0.20126545636430235,0.0,0.0,0.0,0.09996850714636607,0.10129694921793629
433,1,0,1,0.06545629079342763,4.0,22.343752757653323,22.427037013372107,0.26096117617165754,0.09405582489797693,5,1.0694516546531827,1.1205471311890323,0.18392125638950613,0.0,0.0,0.0,0.0945196965147138,0.08940155987479236
434,1,0,1,0.06544975925868575,4.0,22.34074199377337,22.389380728407964,0.24501158463789527,0.07910420199467828,5,1.0786026954315437,1.1192697442756359,0.18540728662236539,0.0,0.0,0.0,0.09569754920257353,0.08970973741979188
435,1,0,1,0.06547897078012889,4.0,22.33599173350167,22.348671436963365,0.22912545581292418,0.06422286859464284,5,1.0727935163382305,1.1182530680545335,0.18460477335003922,0.0,0.0,0.0,0.09531677294982654,0.08928800040021267
436,1,0,1,0.06550549133778875,4.0,22.321428299636878,22.308589264167562,0.2135197784675544,0.04939282779524662,5,1.062470972601032,1.117116579261626,0.18261430886859623,0.0,0.0,0.0,0.09363406407221891,0.0889802447963773
437,1,1,0,-0.23467453267009375,3.765325467329906,22.330956618139176,22.342492600736648,0.442850505361512,0.032640685663877594,5,1.1591820941664963,1.1157504390951112,0.19715419106469656,0.02737430035977151,0.0,0.0,0.09664133827648247,0.10051285278821412
438,1,0,0,0.06545930591131265,3.8307847732412186,22.338273567455932,22.24764737908734,0.42663054022838826,0.019252060258276096,5,1.029307958139341,1.1168362304718957,0.17765154323235208,0.0,0.0,0.0,0.09731979079874309,0.08901371328280258
439,1,0,1,0.06525303789699903,3.8960378111382177,22.366493653370497,21.955805194561144,0.4100275849081683,0.01160216460646895,5,0.8510259250519532,1.114648023663582,0.1455171058321623,0.0,0.0,0.0,0.09961773192131938,0.10180602900900133
440,1,0,0,0.06549740759318404,3.961535218731402,22.36548962243966,21.510681307466818,0.39400431433750693,0.007923824377294431,5,0.6619295531731256,1.1080574711982911,0.11820966479901526,0.0,0.0,0.0,0.09613962342396815,0.09007663215975231
441,1,0,1,0.06556105357253085,4.0,22.345750946681417,21.028603183403767,0.37854636343266984,0.005603453184643601,5,0.5950874734263694,1.0969042732476622,0.10666993258492749,0.0,0.0,0.0,0.09274770542902251,0.09068130401259403
442,1,0,1,0.06561114909494448,4.0,22.32973704309523,20.558876435563963,0.3629999893344065,0.003270606028589848,5,0.5986182018261393,1.0843588532521298,0.10727532752590249,0.0,0.0,0.0,0.09327824458957998,0.09143671625508863
443,1,2,1,-0.23436152287961706,3.765638477120383,22.309996537371727,20.58462014378658,0.34759007099822603,0.23781744746107977,5,1.078218539465595,1.07221533696648,0.18517846142214364,0.0,0.0,0.0,0.09245951001708316,0.09271895140506052
444,1,0,0,0.065329565298282,3.830968042418665,22.326676666641944,20.715231146149172,0.33130112755968977,0.21973644918151466,5,1.2196565486617648,1.0723654170289578,0.2062196503086086,0.0,0.0,0.0,0.09773366063121787,0.10848598967739075
445,1,0,1,0.06532744326795038,3.896295485686615,22.345339176731493,20.83842400809234,0.314942394860303,0.201763857049693,5,1.2179030673524909,1.0760476953197782,0.20598794898725048,0.0,0.0,0.0,0.09815239619632031,0.10783555279093014
446,1,0,1,0.06531863200002083,3.961614117686636,22.362372907939807,20.95681491292791,0.2986173855965148,0.1838121383612238,5,1.2150187156644825,1.0795940796205958,0.20566036771354376,0.0,0.0,0.0,0.09795005558272886,0.10771031213081492
447,1,0,1,0.06553483315473194,4.0,22.350008651227746,20.98280435096519,0.2829446026498805,0.16813154678997022,5,1.096604876846913,1.082979695521693,0.1881202471073279,0.0,0.0,0.0,0.09403669767980637,0.0940835494275215
448,1,0,1,0.06536091479066217,4.0,22.35762842648244,21.0861125487264,0.2668815074993042,0.15050529790451905,5,1.194248298070727,1.0833203250548233,0.20213606421616437,0.0,0.0,0.0,0.09637857090345744,0.10575749331270694
449,1,0,1,0.06535805221063072,4.0,22.36351585103028,21.184983063770503,0.25084941814238876,0.13290007758580047,5,1.190851463972162,1.086093524380221,0.20182385805380415,0.0,0.0,0.0,0.09619253614149259,0.10563132191231157
450,1,2,0,-0.2346215655025201,3.76537843449748,22.36456423416074,21.275150989133188,0.23495007183271613,0.365455751702183,5,1.1799287813631676,1.0887124728700195,0.2000620331597409,0.0,0.0,0.0,0.09539607785803594,0.10466595530170494
451,1,0,1,0.06546701982733685,3.830845454324817,22.35302854281168,21.299255772101475,0.2192099872991313,0.3496603310471942,5,1.1035619722015737,1.0909928805823483,0.18921303113144147,0.0,0.0,0.0,0.09444050720150897,0.0947725239299325
452,1,0,1,0.06529076450301276,3.89613621882783,22.36481453595072,21.396244515436457,0.2029833278085532,0.3319555692814498,5,1.2000818443468564,1.091307107872829,0.20358852753793494,0.0,0.0,0.0,0.09735995694346863,0.10622857059446629
453,1,0,1,0.06529455044795908,3.961430769275789,22.375264266047477,21.48510989418665,0.18678534522934379,0.31441969987505475,5,1.1933415851316242,1.0940264762846796,0.20240311191362736,0.0,0.0,0.0,0.0971878954752564,0.10521521643837091
454,1,0,0,0.06529614406073363,4.0,22.384349764438642,21.570513074433556,0.17061394837597219,0.2968859558895769,5,1.1909980326439276,1.0965093540058533,0.20223084503309632,0.0,0.0,0.0,0.09702838112022957,0.10520246391286679
455,1,0,0,0.06531176672663633,4.0,22.390690260766064,21.648125422866357,0.15452849954322065,0.2794999984890598,5,1.1828244157320231,1.098871570971805,0.2008284373996116,0.0,0.0,0.0,0.09651269299650934,0.10431574440310223
456,1,0,1,0.06530580568618666,4.0,22.39719925608125,21.723238322454236,0.13843237948788345,0.262110234320254,5,1.1825922869938768,1.1009703920908105,0.20091530534485852,0.0,0.0,0.0,0.09657672033202325,0.10433858501283529
457,1,0,1,0.06530933605877373,4.0,22.40373515407903,21.791960774855767,0.12232510739220308,0.24484872982276365,5,1.1782692898627016,1.1030109394633874,0.20021265955902412,0.0,0.0,0.0,0.09664363257408216,0.10356902698494194
458,1,0,0,0.06553774471229917,4.0,22.36905187037295,21.779534950868275,0.10719396054202686,0.22976004870261033,5,1.0577832905297908,1.1048923982233703,0.18131896782197715,0.0,0.0,0.0,0.09078688110105727,0.09053208672091986
459,1,0,1,0.06534166076320058,4.0,22.368994523132187,21.841436877202135,0.09126959022675744,0.212632040498655,5,1.1655592496241285,1.1037146705310306,0.19831427111534872,0.0,0.0,0.0,0.09554622189161663,0.10276804922373209
460,1,0,1,0.06560882048479108,4.0,22.321950639147786,21.815771330078274,0.0765520378941401,0.1978452908236031,5,1.0325513539000961,1.1052607850083582,0.17702581204601542,0.0,0.0,0.0,0.08830531399570404,0.08872049805031136
461,1,0,1,0.06539494138179401,4.0,22.3127169795456,21.868845259343477,0.06092326078674789,0.18092870066607147,5,1.1472833188936682,1.1034430492306515,0.19527220358954284,0.0,0.0,0.0,0.09377266264435319,0.10149954094518962
462,1,0,1,0.0656582905075141,4.0,22.216496941848092,21.831672750825465,0.04815801288450707,0.16645156293763883,5,0.9711465097567125,1.1045390559722268,0.1634543137840409,0.0,0.0,0.0,0.08640561378777888,0.08686282637059592
463,1,0,1,0.06562772585752773,4.0,22.116808392305526,21.801465198496366,0.0358888646249459,0.15184077771394822,5,0.9713081404451696,1.101204242316839,0.16127960089951052,0.0,0.0,0.0,0.08989570157264135,0.08766471134214351
464,1,0,1,0.06544377713295138,4.0,22.04103042928743,21.850024212396445,0.023139110579457348,0.13504002928961545,5,1.0707378906520297,1.0979568397700472,0.17730301481892805,0.0,0.0,0.0,0.09395495832834427,0.10080449054599672
465,1,0,1,0.06545155411478987,4.0,21.76970439445241,21.893778384584255,0.014041816669055419,0.118321950521162,5,0.8697045033948902,1.0972763660420968,0.15489223607313227,0.0,0.0,0.0,0.09471515551002588,0.10030847261072072
466,1,0,1,0.06548738598029398,4.0,21.411852222013685,21.92950008894012,0.007881646006880726,0.101815644207442,5,0.7694566013930565,1.0915870694759167,0.13599886185536805,0.0,0.0,0.0,0.09542578800404242,0.09903783788231992
467,1,0,0,0.06559671061131953,4.0,21.0510690789145,21.905649228654212,0.0025922639905708368,0.0869735776394787,5,0.6988998043887522,1.0835338077738452,0.12078869150563923,0.0,0.0,0.0,0.09849089399865131,0.0890523994077799
468,1,1,1,-0.23447052655351805,3.765529473446482,21.094680282265927,21.93608539754726,0.23633624055822755,0.07058650080772684,5,1.1479653299336847,1.0739179576892177,0.19585860158457064,0.0,0.0,0.0,0.09753614059405954,0.09832246099051108
469,1,0,1,0.06541304654470333,3.830942519991185,21.1614589612549,21.98012378720057,0.21950037638776368,0.053798465650217446,5,1.1865862106376182,1.0757691419953295,0.2017433959678396,0.0,0.0,0.0,0.10101518502278316,0.10072821094505645
470,1,2,1,-0.23456268270523584,3.5963798372859492,21.217068941582887,22.017211613795048,0.20294946500216857,0.28716359511497397,5,1.171237375633855,1.0785395687113868,0.19911469152503175,0.0,0.0,0.0,0.09930546831357097,0.09980922321146077
471,1,0,1,0.06534030656418709,3.661720143850136,21.281394256365864,22.065662320103858,0.18607465728148323,0.2702302082489814,5,1.1936330349762314,1.0808570138844484,0.20284916752006718,0.0,0.0,0.0,0.10124884632411199,0.1016003211959552
472,1,0,1,0.06535370034599465,3.7270738441961306,21.339516008394035,22.10965033282631,0.16931687620447722,0.25337592888719357,5,1.1857861791623696,1.0836764144117432,0.20167236263276286,0.0,0.0,0.0,0.10054668646203578,0.10112567617072708
473,1,0,1,0.06557794649045665,3.792651790686587,21.355485331887678,22.07754358429792,0.15353821063388953,0.23854775005784648,5,1.0700917334957576,1.0862291585305088,0.1836410663996088,0.0,0.0,0.0,0.09467199342352631,0.08896907297608252
474,1,1,1,-0.23462382199113524,3.558027968695452,21.40651613280813,22.118309121015656,0.3869247226985868,0.2217665733307216,5,1.1776220605428305,1.08582572290464,0.20036798797456565,0.0,0.0,0.0,0.09968092761181642,0.1006870603627492
475,1,1,1,-0.23471685606882656,3.3233111126266253,21.47706956684383,22.166804261061134,0.48283536179693565,0.20475613211149526,5,1.2071692054267769,1.0881206313455947,0.20505047653374384,0.8215483361915209,0.0,5.551115123125783e-17,0.10298782921838573,0.10206264731535808
476,1,0,1,0.06548444625434681,3.388795558880972,21.524736882447534,22.132885148987178,0.4660665451440089,0.18977679551464408,5,1.1048450492273671,1.0910968456976242,0.19048891949866734,0.0,0.0,0.0,0.10061289991756023,0.08987601958110711
477,1,0,1,0.06548830098652757,3.4542838598674996,21.568671506152654,22.100001929279387,0.44937297753693306,0.17481616686472037,5,1.1024919547831966,1.091440550785868,0.18992517754199825,0.0,0.0,0.0,0.10016140564245608,0.08976377189954218
478,1,0,1,0.06526824147494086,3.5195521013424407,21.637843889501926,22.149889491462943,0.4321354229422329,0.15778893776900024,5,1.2107767814186312,1.0917168358858012,0.20558870214252178,0.0,0.0,0.0,0.1034253275682008,0.10216337457432097
479,1,0,1,0.0652725741974088,3.5848246755398496,21.702825324108606,22.195143529774214,0.41496723294699334,0.1408563787474232,5,1.204928807442069,1.0946933345241217,0.20460449410089895,0.0,0.0,0.0,0.10300913997143676,0.10159535412946219
480,1,0,1,0.06549010867555242,3.6503147842154022,21.727191495715065,22.16083607946954,0.39868943610197954,0.12593227871504806,5,1.087507942648854,1.0974492213470706,0.18721138126433362,0.0,0.0,0.0,0.09766678107008266,0.08954460019425099
481,1,0,0,0.06548500836886414,3.7157997925842663,21.757462093303705,22.129341917036744,0.38222578072373153,0.110936631088488,5,1.0959771245354628,1.0972006893796151,0.18875581802884828,0.0,0.0,0.0,0.0987819322694881,0.08997388575936018
482,1,0,1,0.06529913706633485,3.781098929650601,21.811207168874333,22.174052688166057,0.36528141863168967,0.0940390299294494,5,1.1956259469584531,1.0971701002585112,0.20305177950648307,0.0,0.0,0.0,0.10166617255225148,0.10138560695423159
483,1,1,1,-0.234465855240069,3.546633074410532,21.817068646605676,22.13454527149419,0.48415140513538035,0.07929805744246472,5,1.0659855574854857,1.0996314964260099,0.18353740410962588,0.691688511790138,0.0,5.551115123125783e-17,0.0950915691877177,0.08844583492190815
484,1,0,1,0.06551567890170888,3.612148753312241,21.82974993024376,22.096474528931957,0.4681423381276472,0.06449096344209768,5,1.0734008890283466,1.0987903479524967,0.18489696604860142,0.0,0.0,0.0,0.09605440204639919,0.08884256400220222
485,1,0,0,0.0652702618036905,3.6774190151159316,21.887124767111345,22.145395583599438,0.4510645125697362,0.04750605108448969,5,1.2044515030144596,1.0981556114793931,0.20437642749311372,0.0,0.0,0.0,0.10246695334746571,0.101909474145648
486,1,0,1,0.06552702800931991,3.7429460431252517,21.895202184367076,22.06288161465691,0.43514477006403446,0.033761946771702474,5,1.0263764570809728,1.1008130087677697,0.1779830809109337,0.0,0.0,0.0,0.09551845503421048,0.08823922740155156
487,1,0,1,0.06528010988257178,3.8082261530078236,21.947727035927002,21.82994707044893,0.4181658260166344,0.024513656572454284,5,0.9185424023275446,1.0989520949755998,0.15736340547988956,0.0,0.0,0.0,0.10187366428440037,0.1021042438624701
488,1,0,0,0.06558312104498645,3.8738092740528103,21.941588397239755,21.42024508046558,0.4025913158934804,0.019951915430260453,5,0.6786012239888034,1.0944418526593984,0.12081750759208676,0.0,0.0,0.0,0.0934470607389238,0.08860091889782779
489,1,0,1,0.06559115413859659,3.939400428191407,21.945571294015064,20.951696115831698,0.38674240518983655,0.017300854758622097,5,0.6194797690840596,1.0840458369426336,0.11099982825169348,0.0,0.0,0.0,0.09509346422186332,0.09065755572901907
490,1,0,1,0.065398844624632,4.0,21.978317878986154,20.4814731679011,0.37026327765214034,0.015068794135072297,5,0.6349553222866623,1.072431685246169,0.11226712896747616,0.0,0.0,0.0,0.09887476522617737,0.10533559131778612
491,1,0,1,0.0654295119078006,4.0,22.005786130186095,20.02244467663773,0.3539061307771467,0.012860113387815772,5,0.6299345361087518,1.0614947761721814,0.1113949657335004,0.0,0.0,0.0,0.09814288124996123,0.10690273176182048
492,1,0,1,0.06574156454581637,4.0,21.988059955417462,19.576535515285105,0.3386727366284748,0.010582948572677478,5,0.5870704340493385,1.0507057701705955,0.10506335378286173,0.0,0.0,0.0,0.09140036489203195,0.09207498808588135
493,1,0,0,0.06577458190857749,4.0,21.968207407519486,19.141964750561222,0.3235156312817339,0.008297839274417336,5,0.584691574145704,1.0391148867675641,0.1046532878700064,0.0,0.0,0.0,0.09094263208044553,0.09289043057922078
494,1,1,1,-0.23443605543272983,3.76556394456727,21.975969971011246,18.714488841757323,0.48419065731578176,0.0061697888594117135,5,0.6080409586398817,1.0277543039520176,0.10762435859534279,0.4410937876904033,0.0,5.551115123125783e-17,0.09485605610530903,0.10949463350975441
495,1,0,0,0.06577570694469924,3.831339651511969,21.95487465335799,18.298801383233226,0.46913909003894383,0.0039958404210854,5,0.5804786941418569,1.0172614703192142,0.10335309429098558,0.0,0.0,0.0,0.0903094036610277,0.09619924279192993
496,1,0,1,0.06557474380665386,3.896914395318623,21.968906297690083,17.889372969906553,0.4531746882559242,0.0019941062021621,5,0.6109451319202033,1.0063419009147805,0.10779681601165778,0.0,0.0,0.0,0.09578641069811797,0.11136192608685198
497,1,0,1,0.06584722994222801,3.962761625260851,21.941068404736086,17.489997194510778,0.43831322196921274,0.0,5,0.5692433133401433,0.996456981689916,0.10113343493324176,0.0,0.0,0.0,0.08916879772026916,0.09714890500625777
498,1,0,0,0.06583607873939881,4.0,21.918187388016392,17.052747264648012,0.4233279636311525,0.0,5,0.525645693398711,0.9857766399811716,0.08991155002836125,0.0,0.0,0.0,0.08991155002836126,0.09973520599789393
499,1,2,1,-0.23429069208534256,3.7657093079146575,21.91739114402717,17.29818468629065,0.40775310107155277,0.23137794490101335,5,1.2189145439700315,0.97427336631661,0.20518150595151793,0.0,0.0,0.0,0.09344917535759815,0.11173233059391979
500,1,0,1,0.0658102488149753,3.8315195567296327,21.899912907782923,17.45383278623441,0.39261798065745435,0.21478124017897157,5,1.1185592594574574,0.9803893957579457,0.1903909508168418,0.0,0.0,0.0,0.09081072248459075,0.09958022833225103
501,1,0,1,0.06581960257025347,3.8973391592998863,21.881598748904402,17.59818663723913,0.37753543397048256,0.1983576548087103,5,1.109883334476629,0.9838436423504335,0.18903679234339793,0.0,0.0,0.0,0.09049528012183056,0.0985415122215674
502,1,0,1,0.06580921514221731,3.9631483744421034,21.86569019527958,17.738702723389125,0.3623827119300807,0.18193579744908348,5,1.1116021671787597,0.9869946346535883,0.18944747640017212,0.0,0.0,0.0,0.09091633224241107,0.09853114415776104
503,1,0,1,0.06585653889987939,4.0,21.841027669514148,17.864259803378026,0.3474633435350026,0.16582280512944264,5,1.0910043771901936,0.9901098229667176,0.18619416428831354,0.0,0.0,0.0,0.08951621037046863,0.09667795391784488
504,1,0,1,0.06560282836017448,4.0,21.855112006476674,18.092588700767422,0.33143813671842487,0.1470755553127078,5,1.2350454211742237,0.9926321868223045,0.20863473979987562,0.0,0.0,0.0,0.0961512408994667,0.11248349890040897
505,1,2,1,-0.23413243783777188,3.765867562162228,21.82710598543686,18.19660320681809,0.31662811469217556,0.38126112687954133,5,1.074701002691952,0.9986925176811026,0.18374670275649507,0.0,0.0,0.0,0.08886013215749583,0.09488657059899924
506,1,0,1,0.06571707425212744,3.8315846364143553,21.823087555247092,18.32877932258215,0.3011084384580786,0.36466923119612044,5,1.1287504153806656,1.0005927298063737,0.1926694315051062,0.0,0.0,0.0,0.09311805740458161,0.09955137410052461
507,1,0,1,0.06553356715377782,3.8971182035681333,21.838672529894275,18.545907189197724,0.28504787954287514,0.3459052441751225,5,1.2365095132084836,1.003796671945731,0.20894727561720863,0.0,0.0,0.0,0.09636335349122067,0.11258392212598796
508,1,0,1,0.06579525124957032,3.962913454817704,21.820010283349955,18.63929417686262,0.2699414627355731,0.33007687995404983,5,1.0843392340978855,1.0096144929772999,0.1856086861702484,0.0,0.0,0.0,0.0906385008438122,0.09497018532643617
509,1,0,1,0.06572658897599627,4.0,21.815663336860094,18.746735505232817,0.25443743583609363,0.3138367065654532,5,1.114576993385648,1.0114826115053144,0.19046520172845707,0.0,0.0,0.0,0.09302416139687697,0.0974410403315801
510,1,0,1,0.06551988282624625,4.0,21.834165241991926,18.94810056090627,0.2383117628227404,0.29516045222354875,5,1.2339269318576063,1.0140599710523228,0.2088115641315453,0.0,0.0,0.0,0.09675403808011891,0.11205752605142638
511,1,0,1,0.06551843307884629,4.0,21.85061675130867,19.138273539148635,0.22225909148707815,0.276636349135857,5,1.2261811326315617,1.019556645072455,0.20746064654012433,0.0,0.0,0.0,0.09631602801397361,0.11114461852615072
512,1,0,1,0.06577794212619291,4.0,21.832911340071927,19.208913942634716,0.2071013143415765,0.2609742628715189,6,1.0776572495107737,1.0247222572614327,0.18491918045903832,0.0,0.0,0.0,0.09094666287300994,0.0939725175860284
513,1,0,1,0.06579739744412179,4.0,21.81049911496969,19.27331064310026,0.19208972664807947,0.24544842358921581,6,1.0680301074309728,1.026045632067666,0.18322456185480074,0.0,0.0,0.0,0.09006952616098225,0.0931550356938185
514,1,0,1,0.06553464493679186,4.0,21.823885491626235,19.445786528899678,0.1761430740885744,0.2271536057390372,6,1.2129575064077114,1.0270952439517487,0.20544882245810214,0.0,0.0,0.0,0.09567991535703033,0.10976890710107182
515,1,0,1,0.0654974402459543,4.0,21.844079946037446,19.61656523856216,0.15996333301894752,0.2087616068244779,6,1.2227149645868436,1.031741800513148,0.20743043990511673,0.0,0.0,0.0,0.09707844641776125,0.11035199348735548
516,1,0,1,0.06575680351618882,4.0,21.83435275098441,19.671429441196317,0.14456976226512694,0.19321015739540512,6,1.081653137196113,1.03651612961499,0.18567012109736067,0.0,0.0,0.0,0.0923614245229237,0.093308696574437
517,1,0,1,0.0655407902845797,4.0,21.845068965702087,19.821829583673757,0.1286709531974562,0.1752306991502706,6,1.1987609119996334,1.0376445548045183,0.20326960387683138,0.0,0.0,0.0,0.09539285440602432,0.10787674947080707
518,1,0,1,0.06572686034568355,4.0,21.84351546402828,19.875166799556997,0.1130398887105095,0.15963131268923844,6,1.0934561779438268,1.0416724637343964,0.18738270568787324,0.0,0.0,0.0,0.09378638692168029,0.093596318766193
519,1,0,1,0.06554752856154829,4.0,21.848847971710335,20.014951593222463,0.0972398662393345,0.14177828834879597,6,1.1880843579371572,1.042967056589632,0.2019182808697047,0.0,0.0,0.0,0.09480013482704988,0.10711814604265484
520,1,2,1,-0.23444005615497332,3.7655599438450267,21.849754431965394,20.145584239457055,0.0815904953565115,0.3740342409598231,6,1.178134095612968,1.04659498912332,0.20036050963077534,0.0,0.0,0.0,0.09389622529693806,0.10646428433383727
521,1,0,1,0.06564515705060926,3.831205100895636,21.844367603542374,20.201252300427157,0.06608979979182422,0.35822130672297225,6,1.1001646993326446,1.0498834667855612,0.1878817788092289,0.0,0.0,0.0,0.09300417338812367,0.09487760542110522
522,1,0,1,0.06546107870777444,3.8966661796034106,21.85846208251389,20.336224907285047,0.050050867265804495,0.34024812186805714,6,1.2002075834286445,1.0511404975992384,0.20407270428560853,0.0,0.0,0.0,0.09623359515611835,0.10783910912949017
523,1,0,1,0.06546549455448328,3.962131674157894,21.869302301524918,20.46366975888793,0.034131465359422096,0.3223808909844939,6,1.1931522453588865,1.0548671747449734,0.20271979673967397,0.0,0.0,0.0,0.09551641143829442,0.10720338530137952
524,1,0,1,0.06547876884456748,4.0,21.838816031658915,20.581304100052428,0.019892845945912035,0.30469670357864814,6,1.1454723728088168,1.0583243015103214,0.19153684091613488,0.0,0.0,0.0,0.09514509780661243,0.10610512443507453
525,1,0,1,0.06564253794930884,4.0,21.702408260298363,20.617863970709106,0.008363646170746834,0.28911364517785537,6,0.9606551025889017,1.0605030032927838,0.16267354905574777,0.0,0.0,0.0,0.09331473512989134,0.09349835040475656
526,1,1,1,-0.23436250090158392,3.7656374990984163,21.71091389369767,20.653591707790824,0.24255369045814443,0.27353178617168633,6,1.1022401762562122,1.0580068057751868,0.18835088831262897,0.0,0.0,0.0,0.09485973427561464,0.09349115403701433
527,1,0,1,0.06566094474409749,3.8312984438425137,21.707811293857866,20.67737804887347,0.2270546318717802,0.2580792282678555,6,1.07979638128006,1.0591126400372124,0.1857096989411698,0.0,0.0,0.0,0.09299435151818514,0.09271534742298465
528,1,0,1,0.06540981244192472,3.8967082562844384,21.741658084127568,20.793597013599324,0.21066326551547984,0.24024937917609626,6,1.2096954885638374,1.0596297335682836,0.20532729268835787,0.0,0.0,0.0,0.09834819813780211,0.10697909455055572
529,1,1,1,-0.23435054019945142,3.662357716084987,21.737508373709186,20.814212268557057,0.4451901359594646,0.2247905388107588,6,1.07984692198252,1.0633813774431724,0.18559181952811615,0.0,0.0,0.0,0.09283877733609122,0.0927530421920249
530,1,0,0,0.06533393008752529,3.727691646172512,21.79020743057302,20.929788947967708,0.4282882771569569,0.20689988963934755,6,1.2320687523311398,1.0637930160566562,0.20875504784351437,0.0,0.0,0.0,0.10141115281504703,0.10734389502846735
531,1,0,1,0.06533370435699724,3.793025350529509,21.837031671227443,21.039337831227364,0.41151038306791304,0.18909070219139723,6,1.224373033377602,1.0679999094635182,0.20752248922196442,0.0,0.0,0.0,0.1006673645342625,0.10685512468770193
532,1,0,1,0.06533932626882495,3.858364676798334,21.880299711520088,21.14075261956353,0.39480506337112736,0.1714265999548168,6,1.2165920661901743,1.0719092375613704,0.20621653160019693,0.0,0.0,0.0,0.10023191818071431,0.10598461341948259
533,1,0,1,0.06533230756840021,3.9236969843667344,21.92321057157087,21.237713806496245,0.3780652995829635,0.1538010219986026,6,1.2153983552605938,1.0755263082770905,0.2061920504662687,0.0,0.0,0.0,0.10043858272898343,0.10575346773728529
534,1,0,0,0.06532841225506587,3.9890253966218,21.96340631562108,21.329869215561416,0.36136944202861554,0.1362330889605947,6,1.2113742625670563,1.0790231094516778,0.20558274355413522,0.0,0.0,0.0,0.10017514532608766,0.10540759822804756
535,1,0,1,0.06555634861423727,4.0,21.974117593548062,21.330715494181224,0.34528847857658446,0.12087645141136094,6,1.0938894448263534,1.0823318882795623,0.18862560600758835,0.0,0.0,0.0,0.09648578071218608,0.09213982529540227
536,1,0,1,0.06554570487419004,4.0,21.98584074145692,21.333262996773122,0.329185328939916,0.10549580865751611,6,1.0968914776939835,1.082620827193232,0.18890275434308035,0.0,0.0,0.0,0.09661889782001115,0.09228385652306915
537,1,0,1,0.06534213100685039,4.0,22.022684547813583,21.41954132501672,0.3125331251002457,0.08800597709943563,6,1.2060997280560164,1.082977593455751,0.20485221238650422,0.0,0.0,0.0,0.09991322303802122,0.104938989348483
538,1,0,1,0.06554833370365357,4.0,22.02874294944536,21.41935827443112,0.29656576442721777,0.07263127259647421,6,1.0919309978669307,1.0860556468207574,0.18805239105593594,0.0,0.0,0.0,0.09580416403816758,0.09224822701776837
539,1,0,1,0.0653550868089024,4.0,22.05857146801653,21.498760213173632,0.28008899959561556,0.05526464607778032,6,1.1954329879106023,1.0862025305969119,0.20306034810177698,0.0,0.0,0.0,0.09886058898961361,0.10419975911216336
540,1,2,1,-0.23463625234987318,3.765363747650127,22.082852630405327,21.57254903968758,0.26374723712366965,0.28799141904794245,6,1.1870032809324946,1.088933292029754,0.2016899370107027,0.0,0.0,0.0,0.09805057483167551,0.1036393621790272
541,1,0,1,0.06547261743496333,3.8308363650850903,22.09020226235367,21.580063456633145,0.24765505795036427,0.2723596595104872,6,1.1062490906462359,1.0913850417523228,0.19034363226456408,0.0,0.0,0.0,0.09655307503983221,0.0937905572247319
542,1,0,1,0.06528750967061138,3.896123874755702,22.119845639428505,21.66082546088304,0.23111897781759874,0.25484787828695327,6,1.202162024299393,1.0917566429746706,0.20428716813779635,0.0,0.0,0.0,0.09921648079659297,0.10507068734120338
543,1,0,1,0.06530843487888946,3.961432309634591,22.14560945603109,21.733063878112635,0.21467367029669526,0.23752376610377554,6,1.1925190113399728,1.0945167775077884,0.20261651822448765,0.0,0.0,0.0,0.0986718451254211,0.10394467309906653
544,1,0,1,0.06551805361674248,4.0,22.135129710411782,21.72519585026869,0.19906168915276293,0.22226987910860632,6,1.0786190598903334,1.0969668333535934,0.18519520883460885,0.0,0.0,0.0,0.093671886863594,0.09152332197101486
545,1,0,0,0.0653186017968379,4.0,22.15853074584271,21.793365205320434,0.18266363375959407,0.20500066137478537,6,1.1880785294996874,1.0965081390170117,0.20200363876193864,0.0,0.0,0.0,0.09838833235901291,0.10361530640292571
546,1,2,1,-0.2346547897505877,3.7653452102494125,22.17246710184439,21.852620822110076,0.16652281788132842,0.422621093395753,6,1.1719893715704042,1.0987973987790787,0.19929077190317948,0.09183153124060883,0.0,0.0,0.09684489526959408,0.10244587663358538
547,1,0,1,0.06526691597032906,3.8306121262197417,22.191435523136143,21.9201706235175,0.15020031465167424,0.4052834133562864,6,1.1871454207980356,1.1006271980988616,0.20196109961472442,0.0,0.0,0.0,0.09793501937792498,0.10402608023679943
548,1,0,0,0.06525962337957357,3.895871749599315,22.21345581781032,21.98381236509008,0.1337451083330535,0.3880215216331062,6,1.1884521899130978,1.1027901536663411,0.20230258825080594,0.0,0.0,0.0,0.09873123791172451,0.10357135033908144
549,1,0,1,0.06550340073135248,3.961375150330668,22.185947139981945,21.96622591945666,0.1185428626188102,0.37289052224244196,6,1.059836581110718,1.10493170457251,0.1819994706294456,0.0,0.0,0.0,0.09121347428545988,0.09078599634398574
550,1,0,1,0.06527928938693671,4.0,22.20342018389234,22.025360269667928,0.10224185011040976,0.355703351402,6,1.180411720607626,1.1038043264859652,0.20092910009305465,0.0,0.0,0.0,0.09780607505040263,0.10312302504265204
551,1,0,1,0.06529006312369125,4.0,22.219466076934246,22.079249065694853,0.08594570137949287,0.3386265180705969,6,1.1756542004078354,1.1057195113390068,0.20023789237391978,0.0,0.0,0.0,0.0977768923855013,0.10246099998841846
552,1,0,1,0.06530503196174124,4.0,22.23062040102409,22.127609180533042,0.06977602401649032,0.32166420486610064,6,1.1669823174937632,1.1074678785657275,0.19879194340499268,0.0,0.0,0.0,0.09701806417801534,0.10177387922697734
553,1,0,1,0.06557844357518582,4.0,22.187632591778105,22.090436237752044,0.05500164259160361,0.3069932359258427,6,1.0287949875119435,1.1089557395389282,0.17667210219086776,0.0,0.0,0.0,0.08864628854932029,0.08802581364154746
554,1,0,1,0.06559203024189479,4.0,22.148229855614964,22.052774259670635,0.04016657494225719,0.2923830066998256,6,1.0298870064937071,1.1069517207382535,0.1766717812521813,0.0,0.0,0.0,0.08901040589607845,0.08766137535610286
555,1,0,1,0.06564253985754051,4.0,22.050770323671703,22.008325318618233,0.02760235191328912,0.2780045327231854,6,0.9631166298864762,1.10502510288214,0.16165618203364954,0.0,0.0,0.0,0.08666731616362591,0.08627084385984116
556,1,0,1,0.06537600677210208,4.0,21.917096808700705,22.053455213783046,0.01573250674736394,0.2611398814598669,6,1.0129337712510658,1.1014773910572484,0.1724069785754621,0.0,0.0,0.0,0.095725042971049,0.101187907579911
557,1,0,1,0.06538619501375349,4.0,21.596771519215753,22.0939167723822,0.008355929882942387,0.24437952842976948,6,0.8194000696762945,1.0992638005620938,0.144821579367114,0.0,0.0,0.0,0.09641764945230114,0.10056211818058468
558,1,0,1,0.06562991901178311,4.0,21.21066700994478,22.046944737912,0.0037054893614048815,0.230083181545825,6,0.6591906635487715,1.0922672072899489,0.11368072443289162,0.0,0.0,0.0,0.0928883743440659,0.0857780813036666
559,1,0,1,0.06559042008193511,4.0,20.756671371763044,22.013301114593542,0.0011631214591754447,0.21544387183655797,6,0.5938010321962273,1.0814402936964196,0.10309006566897884,0.0,0.0,0.0,0.09826620519849039,0.08783585825560222
560,1,2,1,-0.23451270804027596,3.765487291959724,20.27264823124423,22.04303349893287,0.0,0.4414242505564352,6,0.6149585559794299,1.0692493121589146,0.10566137757553692,0.04543507886025244,0.0,0.0,0.09924287753144317,0.09868264882048425
561,1,0,1,0.06543223277560685,3.830919524735331,19.765832025463126,22.079999151873867,0.0,0.42477067396543816,6,0.5880414904143189,1.0578920432544274,0.09992145954598233,0.0,0.0,0.0,0.10240492584015469,0.09992145954598233
562,1,0,1,0.06546020555774108,3.896379730293072,19.271686224826546,22.111691779068998,0.0,0.40822638177274867,6,0.5836926059919725,1.0461457794334248,0.09926575315613682,0.0,0.0,0.0,0.10392599747702967,0.09926575315613682
563,1,0,1,0.06550702901081965,3.9618867593038916,18.789894069205882,22.1350778821027,0.0,0.39190556295194995,6,0.57617839751043,1.0345844500973886,0.09792491292479212,0.0,0.0,0.0,0.10468024265923151,0.09792491292479212
564,1,0,1,0.0655302417322671,4.0,18.320146717475737,22.156718507983427,0.0,0.3755992356838061,6,0.5750175729332927,1.0231242987827147,0.09783796360886318,0.0,0.0,0.0,0.10573432025988165,0.09783796360886318
565,1,0,1,0.06557762649421649,4.0,17.862143049538844,22.17058752207825,0.0,0.35949675272097287,6,0.5677869767944117,1.011921630636479,0.09661489777699929,0.0,0.0,0.0,0.10583144942890922,0.09661489777699929
566,1,0,0,0.06562724175697217,4.0,17.415589473300372,22.177583295705055,0.0,0.3435647027609807,6,0.5612604616787604,1.0008182642904273,0.09559229975995305,0.0,0.0,0.0,0.10610463974471047,0.09559229975995305
567,1,0,0,0.06585870123955784,4.0,16.98019973646786,22.105197773700947,0.0,0.329896695515113,6,0.48205406038851967,0.9898293192251357,0.08200804347520617,0.0,0.0,0.0,0.1023346752194579,0.08200804347520617
568,1,0,1,0.06590808979217701,4.0,16.555694743056165,22.029803669122973,0.0,0.31637986401942514,6,0.47723583976454764,0.9771349377542202,0.08110098897412715,0.0,0.0,0.0,0.10235490458471294,0.08110098897412715
569,1,1,1,-0.23425446572085545,3.7657455342791444,16.767240081753904,22.030532395444546,0.23230149559060917,0.30070145835142575,6,1.176911525323792,0.9646374603044786,0.20026146046434098,0.0,0.0,0.0,0.10619102645634472,0.09407043400799625
570,1,0,1,0.06565988494501425,3.8314054192241587,16.986560015468793,22.044098416868618,0.2142527451284293,0.28468154680340035,6,1.2028302670689242,0.9699443119299613,0.20441197206123152,0.0,0.0,0.0,0.1082925027730795,0.09611946928815204
571,1,0,1,0.06586550933594747,3.897270928560106,17.16961185093668,21.98422052560924,0.19687608574679938,0.270624470117584,6,1.0989404050169376,0.9757664608084355,0.18860241640467815,0.0,0.0,0.0,0.10425995628977955,0.08434246011489858
572,1,2,1,-0.23409258481001294,3.663178343750093,17.32642477117688,21.92058399351551,0.18011348001916697,0.47709476796312006,6,1.0720221975601216,0.978845809413648,0.18391897251821784,0.17783487477436033,0.0,5.551115123125783e-17,0.10057563436579432,0.08334333815242352
573,1,0,1,0.06579806015085607,3.728976403900949,17.49728200722928,21.87499673110551,0.16282111699215499,0.4627852917312015,6,1.1064451927597077,0.9811752191173098,0.18961103555358264,0.0,0.0,0.0,0.10375417816207189,0.08585685739151075
574,1,0,0,0.06558708400703928,3.7945634879079884,17.696555850985117,21.905354453061,0.1447714332191069,0.4464426710803275,6,1.2139385341697002,0.9843069684583697,0.20635382654353313,0.0,0.0,0.0,0.10829810263828861,0.09805572390524452
575,1,0,1,0.06558200135704813,3.8601454892650366,17.888456619602596,21.9337646801672,0.126778570045653,0.43014037510297554,6,1.210358753324834,0.990047757601153,0.20577095490483488,0.0,0.0,0.0,0.10795717904072324,0.09781377586411162
576,1,0,1,0.0657867169253455,3.925932206190382,18.03205692976486,21.886982617361323,0.10984157090084141,0.4158655239032374,6,1.0923737798506319,0.995555532494245,0.18727110206729844,0.0,0.0,0.0,0.1016219948688696,0.08564910719842882
577,1,0,0,0.06576942621885673,3.9917016324092387,18.18340316713553,21.845106262333005,0.09259120575550367,0.4015009735657618,6,1.107445871020506,0.9979759886781547,0.18968949289687978,0.0,0.0,0.0,0.10350219087202647,0.08618730202485332
578,1,0,1,0.06557971672668036,4.0,18.355160870709174,21.876041994521604,0.07483329069864555,0.38517150875557826,6,1.2034061714989512,1.0007127357367134,0.20452427920225053,0.0,0.0,0.0,0.10654749034114874,0.09797678886110177
579,1,0,1,0.06580754439082039,4.0,18.474721825954994,21.826479143124395,0.05824596783401848,0.37104887197030917,6,1.0757781754793885,1.0057800716307694,0.18425975789937662,0.0,0.0,0.0,0.0995239371877624,0.08473582071161426
580,1,0,0,0.0655870621837576,4.0,18.630952868847025,21.858229787958468,0.04070732054326606,0.3546849532520149,6,1.195511711953087,1.007530024226985,0.20341539605428027,0.0,0.0,0.0,0.10523188374451456,0.09818351230976571
581,1,2,1,-0.2344350778127636,3.7655649221872363,18.786087090409396,21.890458578944447,0.0230654019224754,0.4836067225877303,6,1.1995925789684834,1.0122295664201373,0.20421117619836213,0.6281097195120894,0.0,5.551115123125783e-17,0.10585151172474397,0.09835966447361812
582,1,0,1,0.0655332818167289,3.831098204003965,18.79611448440589,21.92375978440335,0.008819076877062427,0.46717897208753834,6,1.060242241189249,1.0169136417338462,0.18404445327362975,0.0,0.0,0.0,0.10537430691856109,0.09856650300115191
583,1,1,1,-0.23448838027336394,3.596609823730601,18.950337229205807,21.95921726576639,0.2411140607860437,0.45064887374890045,6,1.2076770828831869,1.0179968567202313,0.2054106865779398,0.0,0.0,0.0,0.10623009654611251,0.09918059003182728
584,1,0,1,0.06568175717272551,3.6622915809033265,19.063622386679754,21.92560756048342,0.2242877427621539,0.4359439702496262,6,1.102414314565277,1.022738862374305,0.1891873291389837,0.0,0.0,0.0,0.10095790814333838,0.08822942099564535
585,1,2,1,-0.2345527018246514,3.427738879078675,19.216406463426534,21.96797753351487,0.20641513916917295,0.4833093443449586,6,1.2198847984573091,1.0247307486790793,0.20737955548813447,1.1156638214977574,0.0,5.551115123125783e-17,0.10723562155788599,0.10014393393024848
586,1,0,1,0.06542695377265528,3.4931658328513304,19.364655880504877,22.01022927138814,0.1885493774794126,0.4665905047345404,6,1.2201107548751544,1.029609599923535,0.20750760780107097,0.0,0.0,0.0,0.10719457013856185,0.1003130376625091
587,1,0,1,0.06542126545370008,3.5585870983050305,19.508281583782455,22.049702160473046,0.17072056483845632,0.4499211455551076,6,1.2174707211598084,1.0343721287973255,0.20698903092233456,0.0,0.0,0.0,0.10697287584573778,0.10001615507659677
588,1,0,1,0.06567048655097604,3.6242575848560064,19.587131519972644,22.011830706582764,0.15445365352417337,0.4352921889145342,6,1.0799280759062917,1.0389495936063877,0.18537520772913854,0.0,0.0,0.0,0.09760146788569768,0.0877737398434409
589,1,0,1,0.0654114773731642,3.6896690622291706,19.72108504882529,22.053495695116048,0.13673804984472648,0.41854649832571944,6,1.2155925730498174,1.0399740556638852,0.20676776560956892,0.0,0.0,0.0,0.10629362207668139,0.10047414353288756
590,1,2,1,-0.23431907677702454,3.455349985452146,19.788234892584093,22.012734618193008,0.12063146863590025,0.4854794294231781,6,1.070753285434295,1.0443645185985335,0.18376291071388828,1.011278989954317,0.0,1.1102230246251565e-16,0.0966394872529572,0.08712342346093108
591,1,1,0,-0.23432756478961447,3.2210224206625315,19.850120978824876,21.973487540972823,0.35461468128113444,0.4709580004038723,6,1.067663246790022,1.0450242377694274,0.18322929824442954,0.0,0.0,0.0,0.09610072412859474,0.0871285741158348
592,1,0,1,0.06557776358641071,3.2866001842489423,19.94398514432786,21.949349468269002,0.33768092277310197,0.45589971259192746,6,1.115316305794109,1.0455902129949424,0.1919522779198647,0.0,0.0,0.0,0.10160255104819492,0.0903497268716698
593,1,0,1,0.06533683076807424,3.3519370150170165,20.079223339194108,22.002222574048954,0.31969460215928136,0.43890703647912477,6,1.235444665961123,1.0473333653149215,0.2098739803597397,0.0,0.0,0.0,0.10791792368292388,0.10195605667681583
594,1,2,1,-0.23443538826630017,3.117501626750716,20.16149401296356,21.97818611304347,0.30295237510807066,0.4849494761036854,6,1.110270360595042,1.0520361478310765,0.19075650568515196,1.1334422188747484,0.0,5.551115123125783e-17,0.10045336230726415,0.09030314337788778
595,1,0,1,0.06556618768478088,3.183067814435497,20.234557717619516,21.955898851132506,0.28639702898227193,0.4698999649667663,6,1.1042684458951673,1.0534920031501758,0.18962914357630692,0.0,0.0,0.0,0.09933207675479239,0.0902970668215145
596,1,0,1,0.06530870718930654,3.2483765216248037,20.356821317853903,22.013676475475805,0.26856852451937535,0.4527392773154583,6,1.2348026387964892,1.0547614142188007,0.20993515268522728,0.0,0.0,0.0,0.10697102677737938,0.10296412590784788
597,1,0,1,0.06532234128230907,3.313698862907113,20.46971052852451,22.065656740199742,0.25091905415557025,0.4357057960194111,6,1.2241319202277814,1.0592624448332428,0.20809770995911364,0.0,0.0,0.0,0.10589682218283059,0.10220088777628308
598,1,0,1,0.06530432081862562,3.3790031837257386,20.581205215569646,22.115998486816842,0.23321683074961386,0.4186900747310162,6,1.2252206153803507,1.0633841817181062,0.20830766816610805,0.0,0.0,0.0,0.10621334043573852,0.1020943277303695
599,1,0,1,0.0653181914283415,3.44432137515408,20.684490301570236,22.16213328191973,0.21566442945701356,0.4017574833874149,6,1.2168499736631344,1.0674300925596625,0.2069099558172094,0.0,0.0,0.0,0.10531440775560165,0.1015955480616078
600,1,0,1,0.06553344233151702,3.5098548174855972,20.74027493074125,22.132593678061255,0.1991752128100999,0.38684205604567073,6,1.0974106148997935,1.0711655895872492,0.18842786393194663,0.0,0.0,0.0,0.09893529988148182,0.08949256405046482
601,1,0,1,0.06531551816951348,3.5751703356551108,20.834216462321262,22.178040738589083,0.18178296895895185,0.3699065293723683,6,1.2112103073278961,1.0718217152200626,0.205966623146703,0.0,0.0,0.0,0.10435346310688842,0.10161316003981462
602,1,0,1,0.06555934124915241,3.640729676904263,20.877497258701567,22.144368444439365,0.1655672702292976,0.35508745332603064,6,1.08491493225335,1.0753064300227586,0.18620864865595224,0.0,0.0,0.0,0.09729419237792554,0.08891445627802667
603,1,0,1,0.06533753187822008,3.7060672087824833,20.958970272839117,22.186733193683988,0.14842611000684391,0.3382254942198142,6,1.1993844059606988,1.0755466425785234,0.20401871597202037,0.0,0.0,0.0,0.10284696133472207,0.10117175463729831
604,1,0,1,0.06532277692654098,3.7713899857090243,21.040896936143753,22.228324788874968,0.13122109059413453,0.321352083957743,6,1.2021608451586903,1.0786425866630778,0.20447057804868343,0.0,0.0,0.0,0.10323011647625639,0.10124046157242705
605,1,0,1,0.06557387672464218,3.8369638624336666,21.067988277957607,22.189495861045568,0.11532395902990354,0.30664366150020383,6,1.0699929571099218,1.081730543125468,0.18363332413062106,0.0,0.0,0.0,0.09538278938538594,0.08825053474523509
606,1,1,1,-0.2346467587948735,3.602317103638793,21.139332111036985,22.227915595377702,0.34833846404399166,0.28984921246733,6,1.191200670886595,1.0814371034750794,0.20267966411271415,0.0,0.0,0.0,0.10191296991547119,0.10076669419724295
607,1,0,1,0.06526244812345292,3.6675795517622456,21.2276003361089,22.272265627277633,0.3308542979449672,0.27288610108705275,6,1.2167994496322088,1.0841811926603673,0.20668366487581047,0.0,0.0,0.0,0.10490499659414707,0.1017786682816634
608,1,0,1,0.06525943369417153,3.732838985456417,21.313848117772114,22.31469446085182,0.313359060828528,0.25593784826140314,6,1.216173264322061,1.0874966490846634,0.20666093965253224,0.0,0.0,0.0,0.10497142269863471,0.1016895169538975
609,1,0,1,0.0652483275303971,3.798087312986814,21.39687317048019,22.35554820695327,0.2958935636362707,0.23900799642681783,6,1.2145923632751328,1.0907135644655983,0.20637209416105654,0.0,0.0,0.0,0.1047929831535443,0.10157911100751221
610,1,0,1,0.0652651644429458,3.8633524774297596,21.47187545574171,22.39103697516221,0.2785873649320086,0.2221999235229867,6,1.2043015879062906,1.0938105344358366,0.20468562964855913,0.0,0.0,0.0,0.10383719222557243,0.10084843742298669
611,1,0,0,0.06526693589663958,3.928619413326399,21.540918384738404,22.425475155745247,0.26140279694319607,0.20537172261311745,6,1.2000539203523288,1.096572810772598,0.20407661339209102,0.0,0.0,0.0,0.10310740793287548,0.10096920545921552
612,1,0,1,0.0654726723352816,3.9940920856616806,21.567549691694683,22.391339168442315,0.24511257256380747,0.1903600247500696,6,1.0916551581654426,1.0991598385120915,0.18781153345461818,0.0,0.0,0.0,0.0977413462763311,0.09007018717828708
613,1,0,1,0.06528164668521656,4.0,21.63057333439387,22.42437006597124,0.2280175509092982,0.17357207409740397,6,1.1950267617315333,1.0989722215034252,0.20329783384304967,0.0,0.0,0.0,0.1025701299270557,0.10072770391599398
614,1,0,0,0.06528673448262248,4.0,21.686765854303275,22.453893072653113,0.2110778950660052,0.15686578925922554,6,1.1870891116004023,1.1013735850091275,0.2018756440888286,0.0,0.0,0.0,0.10163793505975814,0.10023770902907041
615,1,0,1,0.06528104526170325,4.0,21.743307579189846,22.482531865061002,0.19407025034607017,0.14015856422880682,6,1.1886969904683777,1.1035164731739098,0.20228921850212248,0.0,0.0,0.0,0.10204586831961025,0.10024335018251218
616,1,0,1,0.06551700309992793,4.0,21.74414026797303,22.440088058685653,0.1783564093377551,0.12537100643951113,6,1.064034868514101,1.1056459861062713,0.18300839278566453,0.0,0.0,0.0,0.09428304604989036,0.0887253467357742
617,1,0,1,0.06551974564057939,4.0,21.75160928575343,22.39725411327617,0.16248560656634312,0.11062326187901804,6,1.0692407805373842,1.104605708166467,0.18371128399143039,0.0,0.0,0.0,0.09522481662847174,0.08848646736295865
618,1,0,1,0.06534743555703626,4.0,21.789948994261334,22.421255471676986,0.14594615064932265,0.09407192259291784,6,1.1660626518844648,1.10372158497574,0.19854477121872416,0.0,0.0,0.0,0.09923673550212297,0.0993080357166012
619,1,0,1,0.06533151761854834,4.0,21.827840093992315,22.44692412374839,0.12940636816060258,0.07742693057040094,6,1.168839863450839,1.105280111648458,0.19910864706742176,0.0,0.0,0.0,0.09923869493232045,0.09986995213510132
620,1,0,1,0.06535998265309334,4.0,21.858442767185892,22.467132776615777,0.11304296848518817,0.060916587838903365,6,1.1576804315044837,1.1068691054435176,0.19724245444147176,0.0,0.0,0.0,0.09818039805248628,0.09906205638898549
621,1,0,1,0.06562358309982412,4.0,21.837245142426443,22.40650189927793,0.09795906209201029,0.046601882009300606,6,1.0263108864977488,1.108139388595042,0.17639167333668376,0.0,0.0,0.0,0.0905034383590672,0.08588823497761654
622,1,0,1,0.06540052941452029,4.0,21.857203194477947,22.42334767563533,0.08187190713795635,0.03021823787717291,6,1.142897504451509,1.1060936760426094,0.19482479451708995,0.0,0.0,0.0,0.09652292972432379,0.0983018647927662
623,1,1,1,-0.23431243791956752,3.7656875620804326,21.823718566677265,22.309451713843846,0.31712561530242717,0.017309538568092392,6,0.9596331821606641,1.107013771752832,0.16592994686765797,0.0,0.0,0.0,0.08847775101317487,0.08335748552641765
624,1,0,1,0.06530211976824153,3.830989681848674,21.871262889168477,22.033752889168,0.3003189863060063,0.00868170014755354,6,0.8751747548283957,1.1033292570130278,0.1526068045017586,0.0,0.0,0.0,0.10083977397852548,0.10087337573902166
625,1,0,1,0.06531886623686402,3.896308548085538,21.915109510018404,21.539148777557287,0.28359421673838775,0.006338378871783356,6,0.6468679036976208,1.097625394458412,0.11440854506033252,0.0,0.0,0.0,0.10034861740571142,0.10207085527992694
626,1,0,0,0.06558609102113884,3.961894639106677,21.91797835910605,21.058340064660044,0.2677831469896415,0.003935461932546042,6,0.6084165933798017,1.0863564571893922,0.10928392012790147,0.0,0.0,0.0,0.09486641849247758,0.09092377603356064
627,1,0,1,0.06566374768150536,4.0,21.90924279916214,20.58765603233844,0.25232627048617357,0.0016115257119253378,6,0.5949883683286366,1.0744079605941523,0.1066848763445316,0.0,0.0,0.0,0.09274125902080738,0.09078914822096087
628,1,0,1,0.06544469267609214,4.0,21.93531805836446,20.111641248616188,0.23603964823495283,0.0,6,0.6124829462675828,1.0624224707875145,0.10738888777887662,0.0,0.0,0.0,0.0977197335073246,0.10672142831610947
629,1,0,1,0.06580963354970576,4.0,21.9034529329095,19.608850217400782,0.22122154827588214,0.0,6,0.5165178260041504,1.0511739826745163,0.08890859975442408,0.0,0.0,0.0,0.0889085997544241,0.09041747289077341
630,1,0,0,0.0655558481300214,4.0,21.913746424800795,19.11862896196576,0.20534322243334632,0.0,6,0.5578798152140347,1.0378075787577572,0.09526995505521509,0.0,0.0,0.0,0.09526995505521507,0.108281689441293
631,1,0,1,0.06560054725167137,4.0,21.917675332928894,18.64066323791662,0.18963249773790333,0.0,6,0.5517725687481172,1.0258093846691638,0.09426434817265787,0.0,0.0,0.0,0.09426434817265787,0.1088918005546754
632,1,2,1,-0.2340644807633291,3.765935519236671,21.88059296013163,18.710548750882513,0.17499847368729005,0.23469539817690369,6,1.046761604439769,1.013958464271138,0.17963175524225744,0.0,0.0,0.0,0.08780414430367975,0.09182761093857769
633,1,0,0,0.0658139512280323,3.831749470464703,21.859135263471266,18.79800975310934,0.1599164493995939,0.21889501348132023,6,1.08078184834182,1.0147785427753537,0.18529445389967794,0.0,0.0,0.0,0.09049214572617689,0.09480230817350105
634,1,0,1,0.06555745604058237,3.8973069265052853,21.869957139751506,18.9908905322458,0.14399545765548996,0.2003737534639751,6,1.220131280831211,1.0164286254145152,0.20665351056869422,0.0,0.0,0.0,0.09552595046462356,0.11112756010407068
635,1,0,1,0.06556427410836255,3.9628712006136477,21.878218725454907,19.17270307513538,0.12809651558170265,0.18203215169045603,6,1.211595320392916,1.0215211917999327,0.20544326308383853,0.0,0.0,0.0,0.09539365244272391,0.11004961064111463
636,1,2,1,-0.23443670586886572,3.728434494744782,21.884820116448314,19.345377706198164,0.11225822770045762,0.413787195508837,6,1.2055490670709457,1.0262730450147572,0.2044994643771841,0.0,0.0,0.0,0.09502972728747018,0.10946973708971394
637,1,0,1,0.06575371936810973,3.794188214112892,21.850482541010148,19.420319968365305,0.0975408710390376,0.39800529693737846,6,1.071359632295137,1.0307549455661618,0.18299553139727096,0.0,0.0,0.0,0.08830413996852012,0.09469139142875083
638,1,0,0,0.06573074776148184,3.859918961874374,21.824070594333982,19.497334301454913,0.08261446483824636,0.3821108907201691,6,1.08237244914783,1.0317700627343862,0.18492487450800407,0.0,0.0,0.0,0.08955843720474745,0.09536643730325663
639,1,0,1,0.0657456929959593,3.9256646548703333,21.793716854683034,19.56799970336538,0.06783139719286542,0.36633758067766403,6,1.0733467846542395,1.0330351223947225,0.18333826612731613,0.0,0.0,0.0,0.08869840587228565,0.09463986025503045
640,1,0,1,0.06572283480191675,4.0,21.72799416180721,19.640895340480434,0.05466779248046741,0.35046182555120114,7,1.0412158581904398,1.0340429139512104,0.17423615903316494,0.0,0.0,0.0,0.09029137041742462,0.09525453075877685
641,1,0,1,0.06573904900620392,4.0,21.641287880042064,19.708382108664615,0.042379648753400105,0.3346739383546146,7,1.0150027239762316,1.034222237557191,0.1684561855419239,0.0,0.0,0.0,0.08977049233978239,0.09472732317952004
642,1,0,1,0.06553048739146837,4.0,21.493568278575285,19.859558764934754,0.03088819896419577,0.3166147602570022,7,1.0371988045210236,1.033741749717667,0.17730376732090009,0.0,0.0,0.0,0.09599158823229166,0.1083550685856741
643,1,0,1,0.06551953908650181,4.0,21.27668169375559,20.005282861746245,0.020571545422620085,0.29859267084659236,7,0.9626656880795417,1.0338281760877512,0.1700324577119133,0.0,0.0,0.0,0.09733838592243467,0.10813253646245923
644,1,1,1,-0.23446007952883186,3.765539920471168,21.31212471521879,20.13975400182593,0.2543020876930819,0.28076277442500225,7,1.2019632754304344,1.0320491138875458,0.20459612490676934,0.0,0.0,0.0,0.09761674637722875,0.10697937852954056
645,1,0,1,0.06571444768559116,3.8312543681567592,21.3180334428791,20.183472743416218,0.23887119347890615,0.26513532492698205,7,1.0859244371767134,1.036296967926118,0.18635006227317613,0.0,0.0,0.0,0.09258536528505504,0.09376469698812112
646,1,0,1,0.06572175028834355,3.8969761184451026,21.331818473321768,20.220381659270846,0.22320140520486073,0.24964063486675428,7,1.088231600954681,1.037537654657383,0.18698687000563904,0.0,0.0,0.0,0.09401872964427248,0.09296814036136657
647,1,0,1,0.0657121977369046,3.9626883161820072,21.342132122236517,20.258450319576994,0.2076192274885101,0.2341070275619697,7,1.0871873125357148,1.0388050033148155,0.1866947101268113,0.0,0.0,0.0,0.09349306629810361,0.09320164382870769
648,1,0,0,0.06546875560456195,4.0,21.388763136195774,20.38995814784476,0.1911131858134596,0.2161640864244813,7,1.2181534032723595,1.040014561045338,0.2066938968752332,0.0,0.0,0.0,0.09903625005030298,0.1076576468249302
649,1,0,1,0.06549692916413437,4.0,21.427737255085283,20.509905310535267,0.17480641836811917,0.19844283903999224,7,1.203389313681027,1.0444680321010134,0.20416808897897715,0.0,0.0,0.0,0.0978406046720427,0.10632748430693448
650,1,1,1,-0.23453930053573835,3.7654606994642617,21.473364900822176,20.62935421864558,0.4082564922465563,0.18063198218888576,7,1.213517617987715,1.0484410641405137,0.20616469783601585,0.0,0.0,0.0,0.099299556729377,0.10686514110663882
651,1,0,1,0.0653844658765646,3.8308451653408264,21.532227971057765,20.74893009653354,0.3913831394750859,0.16275935576605127,7,1.2310069261102523,1.0525679779866937,0.20847587516582958,0.0,0.0,0.0,0.10124011662882257,0.10723575853700698
652,1,0,1,0.06562105193426097,3.8964662172750875,21.557480098149366,20.768121976533394,0.3752336913468517,0.14728092956417982,7,1.1014729587812302,1.0570289516897828,0.18976724598063405,0.0,0.0,0.0,0.09689668876940538,0.09287055721122868
653,1,0,1,0.06538542230964123,3.9618516395847285,21.612413941968253,20.88074301737975,0.3584095292096338,0.12947682209898245,7,1.2256949365323093,1.058140051867069,0.2077696176144915,0.0,0.0,0.0,0.10094497282330715,0.10682464479118436
654,1,0,1,0.06565328054252903,4.0,21.621763688345258,20.89214845723362,0.34266435492232544,0.11413685554212226,7,1.0830841102145796,1.0623289239837,0.18651084506501103,0.0,0.0,0.0,0.09447104572385004,0.09203979934116097
655,1,1,1,-0.234369499380771,3.765630500619229,21.637596597021567,20.907835967175195,0.4840455218469839,0.09870832218737415,7,1.0943682222573554,1.062847803639472,0.1882980690465854,0.5559861295339529,0.0,5.551115123125783e-17,0.09572686891809662,0.09257120012848875
656,1,0,1,0.06557276225129731,3.831203262870526,21.657897590253793,20.932339234156395,0.46799470418882577,0.08300636816461211,7,1.108440074318347,1.0636358141049191,0.19051663008552097,0.0,0.0,0.0,0.0963049059489487,0.09421172413657228
657,1,1,1,-0.2344053234865732,3.596797939383953,21.674378265045064,20.94908344570752,0.4840499903868432,0.06749609713610845,7,1.0979808069526489,1.0647559206102546,0.1887616838499629,1.3079682251329547,0.0,5.551115123125783e-17,0.0957000576789409,0.09306162617102196
658,1,0,1,0.06564248121174163,3.6624404205956944,21.679590230948385,20.95011222846979,0.46839297231288574,0.05240337197803685,7,1.0718272914344091,1.0655865427688147,0.1844984593921737,0.0,0.0,0.0,0.0939421084437442,0.09055635094842952
659,1,0,1,0.06536683240070526,3.7278072529963997,21.73435484590518,21.054404208327515,0.451490352648447,0.03470190572775398,7,1.2247991562999743,1.0657425614854543,0.20762451548833014,0.0,0.0,0.0,0.10141571798663285,0.10620879750169723
660,1,0,1,0.0656247204128919,3.7934319734092914,21.743517634374403,20.97448944595478,0.43568241802730473,0.02157278899164443,7,0.9989670024523041,1.0697189763558175,0.17362230814351065,0.0,0.0,0.0,0.09484760772685336,0.09078386976695943
661,1,0,1,0.06538071698023944,3.858812690389531,21.791153840818353,20.69603345071131,0.4189336945612205,0.014427538080492327,7,0.837130388208707,1.0679501770082296,0.14336384626341783,0.0,0.0,0.0,0.10049234079650522,0.10540639927183096
662,1,0,1,0.06567137074991393,3.9244840611394447,21.79241367012337,20.320319665474884,0.4033040224554178,0.009708004172525963,7,0.6877257263568328,1.0621796822882417,0.12209523608261483,0.0,0.0,0.0,0.09377803263481665,0.09103471019399319
663,1,1,1,-0.23457533039233425,3.6899087307471103,21.833006270197075,19.870990616939814,0.48341188738040564,0.007315730353957811,7,0.6440818849285953,1.0528183333899563,0.11388231862897459,0.9198241347325067,0.0,5.551115123125783e-17,0.09952867571756566,0.1080536723873059
664,1,0,1,0.06543588682605135,3.7553446175731615,21.871782349717698,19.426970787751447,0.4668498230252633,0.005117608010827471,7,0.6373561725106766,1.0425999221784223,0.11256112018963622,0.0,0.0,0.0,0.0993723861308542,0.10919016362914692
665,1,2,1,-0.23450769052532555,3.520836927047836,21.89874410114846,19.5938401360196,0.4505963435991744,0.236853017344221,7,1.226299928135644,1.0324688284367287,0.20710842055617223,0.0,0.0,0.0,0.09752087655653352,0.10958754399963874
666,1,0,1,0.06564879487106663,3.5864857219189026,21.894593723052562,19.66816967360055,0.43505735226316844,0.22074538255881113,7,1.1074937654142496,1.0373146059292015,0.18987975672849525,0.0,0.0,0.0,0.09323394801603577,0.09664580871245948
667,1,0,1,0.06540442358169928,3.6518901455006016,21.92963822692657,19.836734288680926,0.4185306131692627,0.20226192037234716,7,1.2426782038707134,1.0390690849163278,0.21006120768221753,0.0,0.0,0.0,0.09916043456343414,0.11090077311878342
668,1,0,1,0.06564476134037295,3.7175349068409744,21.925637593739232,19.899793097663142,0.4029647351681988,0.18631032687071136,7,1.1032174886850648,1.0441593128901874,0.1891048290161991,0.0,0.0,0.0,0.09339526800638395,0.09570956100981515
669,1,0,1,0.06565217391846459,3.783187080759439,21.919513368434714,19.959012288125265,0.38745820464015507,0.17039730837497813,7,1.098730732442668,1.0456357672850594,0.1885172941426615,0.0,0.0,0.0,0.09303918316826212,0.09547811097439937
670,1,1,1,-0.23435397916669495,3.548833101592744,21.917860645861666,20.014643270742912,0.4843592741856004,0.1545670754205142,7,1.100941401458592,1.0469631414139997,0.18882575261318119,0.8247492278409305,0.0,5.551115123125783e-17,0.09384435488639777,0.09498139772678343
671,1,0,0,0.06539531882452934,3.6142284204172737,21.952735551014904,20.16481131794969,0.4678423430566167,0.1363454797386174,7,1.233355550275139,1.0483125979151144,0.20843116086528307,0.0,0.0,0.0,0.09910158677390232,0.10932957409138074
672,1,0,1,0.06562135092103813,3.679849771338312,21.951514405412922,20.213985983736933,0.4521760381794268,0.12051960359149261,7,1.1008921919093773,1.0529386717241151,0.18895308614588754,0.0,0.0,0.0,0.09399782926313872,0.09495525688274885
673,1,0,1,0.06562469619286027,3.745474467531172,21.947523777259672,20.2614413932546,0.43658989288147537,0.10472834069571511,7,1.0976022910931567,1.0541375097287466,0.18826444916237375,0.0,0.0,0.0,0.09351687178770875,0.09474757737466502
674,1,0,0,0.06563670445391172,3.811111171985084,21.9474332197901,20.301197362488093,0.4208749127543552,0.0890933279713938,7,1.0948895410267747,1.0552241292628568,0.1880999571086488,0.0,0.0,0.0,0.09428988076272103,0.09381007634592778
675,1,0,1,0.06540348871601186,3.876514660701096,21.97734284524111,20.436695932164223,0.4044569554667187,0.07103820127034298,7,1.2216239596840999,1.056215764556955,0.20683850393212397,0.0,0.0,0.0,0.09850774372581897,0.10833076020630499
676,1,2,1,-0.23436142223108242,3.6421532384700135,21.974858491097578,20.47148367109213,0.38879852069046544,0.30541751278367596,7,1.0926543542195093,1.0603509694351334,0.1876747395775214,0.0,0.0,0.0,0.09395060865751953,0.0937241309200019
677,1,0,1,0.0655909740281469,3.7077442124981603,21.97368338370589,20.50959733953009,0.373079542612426,0.2896910145662233,7,1.0980971151010102,1.0611585540547428,0.18867285777295292,0.0,0.0,0.0,0.09431386846823683,0.09435898930471608
678,1,2,1,-0.2344286623188357,3.4733155501793247,21.97933456168926,20.54749202682277,0.3571582948130101,0.48426157665235586,7,1.1056278833569502,1.0620820180808996,0.1899580268823602,0.2381460873973399,0.0,5.551115123125783e-17,0.09552748679649539,0.09443054008586481
679,1,0,1,0.06555724276107244,3.5388727929403974,21.97630011366253,20.586264522226468,0.3414510508506386,0.46848669915678,7,1.0989087120897687,1.0631706647128008,0.18889272874768434,0.0,0.0,0.0,0.09424346377422903,0.09464926497345529
680,1,0,1,0.06557647754078168,3.604449270481179,21.966547036908686,20.620476377865426,0.3259443610053527,0.4528212008815193,7,1.0885228947823367,1.064064115897225,0.18703312872327946,0.0,0.0,0.0,0.09304013907171539,0.09399298965156402
681,1,0,1,0.0655817932892838,3.670031063770463,21.955515853110832,20.65116793994884,0.3104874260287023,0.4372179449451153,7,1.084335963654914,1.0646755853693528,0.1863611454783266,0.0,0.0,0.0,0.09274160985990239,0.09361953561842423
682,1,0,1,0.06531279365204037,3.7353438574225035,21.989976201053025,20.78205190271079,0.29390205650503637,0.41907813117286824,7,1.2305114055306343,1.0651670948264917,0.208351099775478,0.0,0.0,0.0,0.09951221714199576,0.10883888263348224
683,1,0,1,0.06529160020630644,3.80063545762881,22.027750381685987,20.909219762228993,0.27718000530904446,0.4009265805305698,7,1.234242742745263,1.0693007025940955,0.20924161102974134,0.0,0.0,0.0,0.10033230717595105,0.10890930385379027
684,1,0,1,0.06530562556879956,3.8659410831976095,22.057113210388806,21.02749677582335,0.2606867684078667,0.382918542395763,7,1.2210640958950523,1.0734242535978746,0.20700765021590783,0.0,0.0,0.0,0.0989594214070668,0.10804822880884102
685,1,0,1,0.06553084114013584,3.931471924337745,22.05169538419733,21.053034622920883,0.24501735967429517,0.36723586008531545,7,1.097235270561357,1.077115249655304,0.1881125462641145,0.0,0.0,0.0,0.09401645240142917,0.09409609386268535
686,1,0,1,0.06552247612245743,3.9969944004602027,22.04723614563128,21.079511734422642,0.2293329078680867,0.35149007201659394,7,1.0996361231136662,1.0776182501779554,0.18858143924958015,0.0,0.0,0.0,0.09410671083725092,0.0944747284123292
687,1,0,1,0.06532187543382754,4.0,22.0729158615278,21.187022934025098,0.21294569489065648,0.333640842977387,7,1.2113596125003216,1.078168697001348,0.20541865209982282,0.0,0.0,0.0,0.09832327786458117,0.10709537423524161
688,1,0,1,0.06555483640786715,4.0,22.05722770290624,21.202379590677104,0.19756554395288725,0.3181723527740153,7,1.0811669679192697,1.0814984698888226,0.18509184684684574,0.0,0.0,0.0,0.09228090562661549,0.09281094122023023
689,1,0,1,0.06553885104097364,4.0,22.046044384102423,21.220584365381498,0.18207802194137965,0.3025726432692732,7,1.0885116382401634,1.0814901823395837,0.18652338909749835,0.0,0.0,0.0,0.09292513206904567,0.09359825702845267
690,1,0,1,0.06532623283118685,4.0,22.074287688424796,21.319223096271596,0.1655668617859618,0.28487645111744125,7,1.208547753949567,1.0816657187370982,0.2052441138434982,0.0,0.0,0.0,0.09906696093250691,0.10617715291099131
691,1,0,0,0.06557065148965817,4.0,22.05601126556254,21.327258901139583,0.1502542690697507,0.269504724101879,7,1.0745971516231427,1.0848377696174099,0.18410591839064033,0.0,0.0,0.0,0.09187555629726654,0.0922303620933738
692,1,0,1,0.0656253900673943,4.0,22.02281055686425,21.326510814498654,0.13539498435181432,0.25437003384954293,7,1.0506329588283276,1.0845817541675533,0.17996384982163477,0.0,0.0,0.0,0.0891557083076184,0.09080814151401632
693,1,0,1,0.06559951248864995,4.0,21.998614515350347,21.328342986272297,0.12027351610029817,0.23919203950050363,7,1.0613691645438221,1.0837330342840725,0.18179677560333252,0.0,0.0,0.0,0.09072880950909692,0.09106796609423558
694,1,0,1,0.06537890986892991,4.0,22.016998845623963,21.41390056384602,0.10404870064423183,0.22175655930077523,7,1.1871158453879023,1.0831739375405665,0.2019617739347684,0.0,0.0,0.0,0.09734889273639795,0.10461288119837046
695,1,0,0,0.0656876442863926,4.0,21.968960362083113,21.396710110872817,0.08961386015819843,0.20705953368409466,7,1.0205435487226997,1.0857724852367496,0.1747911966162839,0.0,0.0,0.0,0.08660904291620039,0.08818215370008355
696,1,0,1,0.06565645651232371,4.0,21.937228599003355,21.38794571183166,0.07477992196375527,0.19212313030709735,7,1.0436455997029768,1.0841417618238984,0.17862204942864313,0.0,0.0,0.0,0.089003629166659,0.08961842026198409
697,1,0,1,0.0656219926863509,4.0,21.919650380481425,21.384821032376024,0.05956346629440378,0.17707314361009452,7,1.0624264597933106,1.0831293577708752,0.18159865419812593,0.0,0.0,0.0,0.09129873401610894,0.09029992018201699
698,1,0,0,0.06569170642486315,4.0,21.87857607839696,21.37123745259413,0.0450316336067356,0.16229098611874163,7,1.0279539034550762,1.0826117853214363,0.1758839410741264,0.0,0.0,0.0,0.087190996126009,0.08869294494811739
699,1,0,1,0.06544183673099654,4.0,21.884478170676818,21.445559377238922,0.02931037710343548,0.1450925717196645,7,1.1614693551994284,1.0812453382747773,0.19751802541426328,0.0,0.0,0.0,0.09543384812544509,0.10319048639446252
700,1,0,1,0.06545916733986235,4.0,21.82315953142895,21.51228456135256,0.01635681685776948,0.12805374922286197,7,1.088657483563665,1.0832509386978935,0.17995429645481137,0.0,0.0,0.0,0.09459798045633425,0.10223293498081532
701,1,2,1,-0.23436818780076754,3.7656318121992323,21.59797386092408,21.501917238718846,0.007753021240438033,0.36313960009336016,7,0.8478331091809537,1.0833861023195377,0.14110766848099954,0.0,0.0,0.0,0.0929179844680531,0.08948489477701087
702,1,2,1,-0.23430104330965365,3.5313307688895788,21.14290330397057,21.476210504239837,0.0050796084992186475,0.4855313751026648,7,0.5967199860585534,1.0774972774910734,0.10285222583132772,0.6788376005601608,0.0,5.551115123125783e-17,0.08791621467246191,0.0868117493840114
703,1,0,1,0.06536739418115821,3.596698163070737,20.70039503622752,21.55577273575234,0.0022107980040116004,0.4681351647613612,7,0.7025318089747095,1.0654778452052602,0.12159012501906391,0.0,0.0,0.0,0.10108895383477422,0.10437726204782163
704,1,0,1,0.06561070934726378,3.662308872418001,20.24920910044218,21.543547812439414,0.0,0.45326587128171775,7,0.5929933352012304,1.0564041942994964,0.10248054890192976,0.0,0.0,0.0,0.09816176994531488,0.08921576087786016
705,1,0,1,0.06544290036706793,3.727751772785069,19.742978872931126,21.61069124707797,0.0,0.43615427753366953,7,0.6057321299495424,1.04481892282204,0.10266956248828966,0.0,0.0,0.0,0.10309751131738622,0.10266956248828966
706,1,0,1,0.06571520143965744,3.7934669742247262,19.249404401107846,21.579997484402547,0.0,0.4217774549836298,7,0.5095735185015231,1.0338417530002273,0.086260935300238,0.0,0.0,0.0,0.0980372588322557,0.086260935300238
707,1,0,0,0.0657520092311348,3.859218983455861,18.76816929108015,21.54983985065764,0.0,0.4073713316068841,7,0.5093423033651622,1.0207350471377596,0.08643674026047449,0.0,0.0,0.0,0.09892535151770322,0.08643674026047449
708,1,0,0,0.06556849782701882,3.92478748128288,18.298965058803148,21.6018043303175,0.0,0.39064526418186424,7,0.5907104759262984,1.0079502285434447,0.10035640455011875,0.0,0.0,0.0,0.10508346656263798,0.10035640455011875
709,1,0,1,0.06560287023128078,3.990390351514161,17.841490932333066,21.646424745506216,0.0,0.3740790416773581,7,0.584665523446655,0.9975192347280162,0.09939733502703652,0.0,0.0,0.0,0.10564089728775886,0.09939733502703652
710,1,0,1,0.06586546862774156,4.0,17.39545365902474,21.59815274192179,0.0,0.3601438862868976,7,0.49288861505323,0.9871978919459823,0.08361093234276332,0.0,0.0,0.0,0.10034970343146996,0.08361093234276332
711,1,0,1,0.0656767474267355,4.0,16.96056731754912,21.635364690263085,0.0,0.3437583422847849,7,0.5771657668893397,0.9748401600236634,0.09831326401267615,0.0,0.0,0.0,0.10627594861320225,0.09831326401267615
712,1,0,1,0.06572592052717485,4.0,16.536553134610394,21.663288700973812,0.0,0.32761295649486893,7,0.5688081279673025,0.9648983001953053,0.09687231473949608,0.0,0.0,0.0,0.10574098238947631,0.09687231473949608
713,1,0,1,0.0657647776994445,4.0,16.123139306245132,21.684426130568763,0.0,0.31163746168989187,7,0.5627196471192943,0.9549960458896052,0.09585296882986219,0.0,0.0,0.0,0.10581885518869763,0.09585296882986219
714,1,0,1,0.0658016515492086,4.0,15.720060823589005,21.699748591909827,0.0,0.2957986934011742,7,0.557433114605284,0.9451891359203475,0.0950326097323059,0.0,0.0,0.0,0.10485240366388675,0.0950326097323059
715,1,2,0,-0.23416072129746038,3.7658392787025394,15.32705930299928,21.71025722225717,0.0,0.48426587858788,7,0.5530023451450924,0.9354952353874708,0.0944047284727198,0.2747921604070451,0.0,0.0,0.10468590399958913,0.0944047284727198
716,1,0,1,0.0660237553087437,3.831863034011283,14.943882820424296,21.645848216247227,0.0,0.47066911331495276,7,0.47834742454648244,0.9259329131314114,0.08158059163756352,0.0,0.0,0.0,0.10088816686084161,0.08158059163756352
717,1,0,1,0.06584738147202909,3.897710415483312,14.57028574991369,21.659427745371314,0.0,0.454924724243377,7,0.5547257345302672,0.9147432759167882,0.09446633442945435,0.0,0.0,0.0,0.10562427169429459,0.09446633442945435
718,1,0,1,0.06589442528357779,3.96360484076689,14.206028606165848,21.66660840331909,0.0,0.439333077012533,7,0.5486663515820588,0.905742837382125,0.09354988338506469,0.0,0.0,0.0,0.10443970311905493,0.09354988338506469
719,1,0,1,0.0661141618099656,4.0,13.850877891011702,21.597077946642727,0.0,0.425892074361476,7,0.4721347534066144,0.8968159252371235,0.08064601590634148,0.0,0.0,0.0,0.10026766180737956,0.08064601590634148
720,1,0,1,0.06594351134987034,4.0,13.50460594373641,21.603218416936592,0.0,0.4103520033509748,7,0.5460674189599332,0.8861988959413607,0.09324042606300734,0.0,0.0,0.0,0.10416584796952086,0.09324042606300734
721,1,0,1,0.06618453689628578,4.0,13.166990795142999,21.529443522326766,0.0,0.39702748800699705,7,0.4663055658135884,0.8776956090168251,0.07994709206386676,0.0,0.0,0.0,0.09991870228090215,0.07994709206386676
722,1,0,0,0.066221373650361,4.0,12.837816025264424,21.453533637727116,0.0,0.3838416249626555,7,0.46232620345851844,0.8674108579367441,0.0791151782660492,0.0,0.0,0.0,0.09933811231199371,0.0791151782660492
723,1,0,1,0.06608396922450382,4.0,12.516870624632814,21.448229824055154,0.0,0.3687189760545557,7,0.531034527271218,0.8572837415747885,0.0907358934485987,0.0,0.0,0.0,0.09955459192152415,0.0907358934485987
724,1,0,0,0.0663369858135199,4.0,12.203948859016993,21.359802102674,0.0,0.35590801599524213,7,0.44777802422022317,0.8491275112171992,0.07686576035588177,0.0,0.0,0.0,0.0957358917247711,0.07686576035588177
725,1,0,1,0.06613364888672432,4.0,11.898850137541569,21.355254713110806,0.0,0.34080632943532607,7,0.5294476630036579,0.8390937740422748,0.09061011935949603,0.0,0.0,0.0,0.09829773368240086,0.09061011935949603
726,1,0,1,0.06620127993046762,4.0,11.601378884103028,21.339627819478007,0.0,0.32602518954118276,7,0.5182544741949695,0.8313526212663094,0.08868683936485973,0.0,0.0,0.0,0.09563979863892036,0.08868683936485973
727,1,0,1,0.06642858954359897,4.0,11.311344412000453,21.249807841904676,0.0,0.3132899591002383,7,0.44367071791362056,0.8235251675895259,0.07641138264566698,0.0,0.0,0.0,0.09358222091589506,0.07641138264566698
728,1,0,1,0.06646942410639925,4.0,11.028560801700442,21.161095492462366,0.0,0.30059058942969474,7,0.4425328466053054,0.8140288063476283,0.07619621802326139,0.0,0.0,0.0,0.09174022340426127,0.07619621802326139
729,1,0,1,0.06631760672185255,4.0,10.75284678165793,21.140905949564264,0.0,0.2860634657606844,7,0.5088378444134574,0.8047414073540702,0.08716274201406203,0.0,0.0,0.0,0.09139688869861366,0.08716274201406203
730,1,0,0,0.06654474150954545,4.0,10.484025612116483,21.04865921017062,0.0,0.27354959378109367,7,0.43627590934546384,0.7973438182805548,0.07508323187754451,0.0,0.0,0.0,0.08835165754879892,0.07508323187754451
731,1,1,1,-0.23360226820765903,3.766397731792341,10.751292625531462,21.023619485841298,0.2352430311930184,0.25922995374648866,7,1.0305444096428373,0.7883171205571776,0.1744596530495197,0.0,0.0,0.0,0.08854181284188958,0.0859178402076301
732,1,0,0,0.06655774873937437,3.8329554805317154,10.995833896174528,20.934021802176716,0.22080202577405042,0.24669057676414166,7,0.9493163897627994,0.7943728027843191,0.16188229440788968,0.0,0.0,0.0,0.08664603251380787,0.07523626189408178
733,1,0,1,0.06654986684521429,3.89950534737693,11.23977427274999,20.847331743892166,0.20617327848075284,0.23414617890374748,7,0.9554967107496893,0.7982463924587812,0.16303887092215036,0.0,0.0,0.0,0.08777248375978547,0.07526638716236486
734,1,0,0,0.06650783472406978,3.966013182101,11.489312378994496,20.77286398375439,0.19121873287876998,0.22132191230465673,7,0.9772479965227905,0.8021776504160538,0.16667287320644184,0.0,0.0,0.0,0.08972727361189717,0.07694559959454468
735,1,0,1,0.06644589812138876,4.0,11.747834850288578,20.713465479365617,0.1758385588874277,0.20816495467849808,7,1.0056783759740262,0.8065544090687223,0.17122278970500582,0.0,0.0,0.0,0.09228104394805384,0.07894174575695195
736,1,0,1,0.06641843183665526,4.0,12.007961232855891,20.66026963648032,0.16018573029186398,0.19485887889431655,7,1.018463047923367,0.8115325082413548,0.17375342627847162,0.0,0.0,0.0,0.09391697157338244,0.0798364547050892
737,1,0,1,0.0662389468878398,4.0,12.277085325445086,20.675227515807876,0.14419893880966786,0.17975916031944106,7,1.1007877436501612,0.8167057717334052,0.1865190603424294,0.0,0.0,0.0,0.09592074889317648,0.090598311449253
738,1,1,1,-0.23359518796417988,3.76640481203582,12.529934236194276,20.62172299588957,0.3783678810462218,0.16649972466365173,7,1.0231522118622087,0.8238078210313241,0.17454296051541224,0.0,0.0,0.0,0.09498634658067634,0.07955661393473594
739,1,0,1,0.06632386797655207,3.832728680012372,12.789200991386899,20.583818296131877,0.36219812610270447,0.15284302542446881,7,1.0501534862370296,0.8287914308020962,0.17895872509620173,0.0,0.0,0.0,0.0970185296611042,0.08194019543509753
740,1,0,1,0.06611118432565398,3.898839864338026,13.067087025621882,20.619800622635466,0.345389767023565,0.1372401249067086,7,1.1481938429265401,0.8343254821879696,0.19446755758139853,0.0,0.0,0.0,0.10085015447483701,0.09361740310656146
741,1,2,1,-0.23390341902013123,3.664936445317895,13.341015337630534,20.65540494881321,0.32849064285196494,0.3716210545284278,7,1.1517048293928265,0.8421721912064338,0.19510916729928446,0.0,0.0,0.0,0.10139474502960003,0.09371442226968443
742,1,0,1,0.06601760902246646,3.7309540543403616,13.612637091994657,20.69757866682953,0.3113962738576647,0.35583966164609127,7,1.1637059795415359,0.8499105071610937,0.19725457125982077,0.0,0.0,0.0,0.10256621396580134,0.09468835729401945
743,1,0,1,0.06597997818166232,3.796934032522024,13.887476534213466,20.743415779271352,0.29403107729124484,0.33990594834464427,7,1.178431948631237,0.8577553939706046,0.19979345920720087,0.0,0.0,0.0,0.10419117939851914,0.09560227980868174
744,1,0,1,0.06597008061241211,3.862904113134436,14.153999737487972,20.786289596954866,0.2766775760179733,0.32405059644672335,7,1.1751693287951432,0.8657723078371204,0.1992531190271547,0.0,0.0,0.0,0.10412100763962916,0.09513211138752556
745,1,0,1,0.06593865060163845,3.9288427637360743,14.418330895074458,20.831886477439383,0.25920526123882565,0.30806566588739076,7,1.1834352714320702,0.8735072333610711,0.20074347203088141,0.0,0.0,0.0,0.10483388867488577,0.0959095833559957
746,1,0,1,0.06616404419132402,3.9950068079273984,14.653234234016903,20.793202553968765,0.242205804766273,0.29427724081743684,7,1.0774748497846751,0.881255434312846,0.18472728925503945,0.0,0.0,0.0,0.10199673883531601,0.08273055041972344
747,1,0,1,0.06591768310996063,4.0,14.907312260262039,20.840362707157627,0.22464879678447794,0.2782551675256686,7,1.1873990991336387,0.8861609196996417,0.2014744876413799,0.0,0.0,0.0,0.10534204789077047,0.09613243975060941
748,1,0,1,0.06590928148225472,4.0,15.154996496486941,20.884272008136946,0.2070736563225928,0.26230818767130143,7,1.185285411389711,0.8936918741854917,0.20113272189751386,0.0,0.0,0.0,0.10545084277131053,0.09568187912620332
749,1,0,1,0.06589464271203323,4.0,15.396253088906093,20.92794311009866,0.1894901690928291,0.24633145274917032,7,1.185909406996465,0.9009817126155971,0.20136133291136887,0.0,0.0,0.0,0.10550092337858255,0.09586040953278635
750,1,0,1,0.06611936535259465,4.0,15.611284114726026,20.886582573338057,0.17233021288897246,0.2325442537367535,7,1.0817753940344466,0.9081049049751189,0.1856829312976408,0.0,0.0,0.0,0.10295973722313978,0.08272319407450102
751,1,0,0,0.0660827325993495,4.0,15.828883672263187,20.850709661633346,0.15490939610269386,0.2186465522611739,7,1.094173313034052,0.9124466672016021,0.18791110957114907,0.0,0.0,0.0,0.10452490071767162,0.08338620885347742
752,1,0,1,0.06609621925571874,4.0,16.028697313207253,20.81539156414821,0.13783813506691758,0.2047781710790293,7,1.0814853768063468,0.9169898333474134,0.18563785330752514,0.0,0.0,0.0,0.1024275662146576,0.08321028709286757
753,1,0,1,0.06587889472956512,4.0,16.24153573046628,20.864315199834472,0.12042548190218032,0.18868750126269593,7,1.1828642748791727,0.9211022219338866,0.20101993788642394,0.0,0.0,0.0,0.10447591898842365,0.09654401889800028
754,1,0,1,0.06586775800086152,4.0,16.446523323210414,20.910580349508848,0.10308145508751516,0.17264168987110748,7,1.178899015676032,0.9276462732575188,0.20033902923752148,0.0,0.0,0.0,0.10406416088799086,0.09627486834953058
755,1,0,1,0.06605116756797443,4.0,16.64533526587241,20.874628547744944,0.08556836988047839,0.15875472519402795,7,1.0967877327160758,0.9339275918179817,0.188400299304698,0.0,0.0,0.0,0.10507851124222063,0.08332178806247738
756,1,0,0,0.06602677998005387,4.0,16.845779802627767,20.84325475542881,0.06786459728310791,0.14478836149281912,7,1.1070698397796548,0.937999095340434,0.19002081779147584,0.0,0.0,0.0,0.10622263558422296,0.08379818220725291
757,1,2,1,-0.23397852351120296,3.766021476488797,17.038076509787977,20.813052671105986,0.05027932002076942,0.38080303283891687,7,1.1043204867888032,0.9422258639514145,0.1894236354974446,0.0,0.0,0.0,0.10551166357403094,0.08391197192341364
758,1,2,1,-0.2342348034544538,3.5317866730343432,17.178612525565818,20.874906866628365,0.03353934379104647,0.4836122003293391,7,1.1486684408225678,0.9462782295223493,0.1987666554023028,0.784818197033501,0.0,5.551115123125783e-17,0.1054391106013977,0.09832679802396511
759,1,0,1,0.06588816929913258,3.597674842333476,17.19933725026094,20.862263927138454,0.018469043083918932,0.469119292061905,7,0.9594197700100632,0.9513379848048547,0.17737925384737016,0.0,0.0,0.0,0.10791703791679706,0.08695744960460494
760,1,1,1,-0.2342934857570838,3.363381356576392,17.395280400897335,20.92971104815714,0.25067096682839024,0.4525215471090586,7,1.2149303010900687,0.9515400294349848,0.20637492725025033,0.0,0.0,0.0,0.10678845753317227,0.09958646971707806
761,1,0,1,0.06562181994667789,3.4290031765230697,17.598593273788655,21.00643351721681,0.23256347034724215,0.4356133944416434,7,1.2381601281773467,0.958124786226362,0.21009389489137986,0.0,0.0,0.0,0.10864497888688837,0.1014489160044915
762,1,2,1,-0.23417886085805467,3.194824315665015,17.78373597126554,20.995891753417432,0.2146303220520105,0.48532091189882864,7,1.1397266034526454,0.9651256697751365,0.19567341837841815,1.1136803666498603,0.0,5.551115123125783e-17,0.10759888977139007,0.08807452860702808
763,1,0,1,0.06580326420027444,3.2606275798652895,17.963004587402168,20.98649893057241,0.1967117450476676,0.4706147785634646,7,1.1393664864086803,0.9694906931170744,0.19574826203824158,0.0,0.0,0.0,0.10751146202605731,0.08823680001218426
764,1,0,1,0.06559340581748709,3.3262209856827765,18.14533921273764,21.062646097990104,0.178778702151138,0.4536949909163328,7,1.232219380702527,0.9737375879493644,0.20911698326196881,0.0,0.0,0.0,0.10759825737917773,0.10151872588279108
765,1,0,0,0.06579269198387105,3.3920136776666476,18.310225513188676,21.050834064317485,0.16102462726305591,0.43900009295018244,7,1.1332738995466178,0.9801996327681936,0.19469383712539434,0.0,0.0,0.0,0.10652444932849228,0.08816938779690209
766,1,0,1,0.06558080197224606,3.4575944796388938,18.475135017149775,21.127062285885614,0.1433373659036676,0.4219992572540667,7,1.225164214966876,0.9840264894376541,0.20812858233302486,0.0,0.0,0.0,0.10612356815633017,0.10200501417669465
767,1,0,1,0.06556099481913234,3.5231554744580262,18.63900716422127,21.200848958581663,0.12556424128864715,0.40502179094308155,7,1.2277137523434312,0.9900549325758847,0.2085035455560331,0.0,0.0,0.0,0.10663874769012271,0.10186479786591038
768,1,0,1,0.06575532036477158,4.0,18.781868836875667,21.191808977812094,0.10809218806794967,0.3901966298303858,8,1.129818094954903,0.9959964030700734,0.19378328600035988,0.0,0.0,0.0,0.10483231932418478,0.08895096667617504
769,1,1,1,-0.23424320533304932,3.7657567946669506,18.918976320077803,21.182830901438628,0.34068117944842147,0.375402531272181,8,1.1274713521958626,0.9993419453671941,0.19323064306639778,0.0,0.0,0.0,0.10446605171716945,0.08876459134922834
770,1,0,1,0.0657174945340849,3.8314742892010356,19.056525535067756,21.175247890763046,0.3231875761465113,0.3604705864861821,8,1.1325113848522812,1.0025451805379109,0.19455328852745474,0.0,0.0,0.0,0.10496161981146099,0.08959166871599376
771,1,0,1,0.06568256963136693,3.8971568588324024,19.19401144102037,21.177606009667457,0.30558719623403174,0.34524096538548515,8,1.1456383605027902,1.0057943356457701,0.19698000607905897,0.0,0.0,0.0,0.10560227947487741,0.0913777266041816
772,1,0,1,0.06547515186935095,3.9626320107017534,19.348849907341577,21.25907349414334,0.28758554486514987,0.3280299521866353,8,1.2455963870642912,1.0092904362671957,0.21127598740639042,0.0,0.0,0.0,0.10800990821329114,0.1032660791930993
773,1,0,1,0.06571140352434397,4.0,19.461003855207238,21.251285340952887,0.2705060467764539,0.31304056790881424,8,1.11956387971233,1.015198085037123,0.19241329419910144,0.0,0.0,0.0,0.10247698853217568,0.08993630566692573
774,1,0,0,0.06572256931208699,4.0,19.561875304999084,21.243355052929076,0.2536717809801422,0.2980886536818059,8,1.110748391672036,1.0178072299040033,0.1907170801399206,0.0,0.0,0.0,0.10100559477787058,0.08971148536205004
775,1,0,0,0.06546736787977644,4.0,19.7009949307232,21.323013895137798,0.2358611839135467,0.2808622190676108,8,1.2389092268810455,1.020130758948204,0.2102221900847435,0.0,0.0,0.0,0.10686358239957269,0.1033586076851708
776,1,0,1,0.06547667298144175,4.0,19.83021631291404,21.39683851774672,0.21822430752619457,0.26373930465973344,8,1.2286462254462824,1.0256002206465251,0.20855874477137695,0.0,0.0,0.0,0.1058212583241129,0.10273748644726403
777,1,0,1,0.06570753086522131,4.0,19.913598323807335,21.384566979200848,0.2016207414200235,0.24879648769999765,8,1.101786843113943,1.030676370766519,0.18927829839544105,0.0,0.0,0.0,0.09962139663702659,0.08965690175841447
778,1,0,1,0.06547117387195676,4.0,20.034038490983477,21.45534363885036,0.1840798574547211,0.2317089389701199,8,1.2236709594008592,1.0324541325752046,0.20777059617108068,0.0,0.0,0.0,0.10524530379181408,0.1025252923792666
779,1,0,1,0.06547212405538515,4.0,20.145674974340043,21.521021084955397,0.16668912874354325,0.2147123921821281,8,1.2145484827074482,1.0372345532458458,0.20632365299501837,0.0,0.0,0.0,0.10434437226706725,0.10197928072795115
780,1,0,1,0.06548353959659767,4.0,20.25025332195372,21.5814827738031,0.1494152215084535,0.19781780928608714,8,1.2067074379437654,1.0416674014823861,0.20501094078678428,0.0,0.0,0.0,0.10364344341053876,0.10136749737624552
781,1,0,1,0.06546726715277536,4.0,20.352178977429404,21.639944885329154,0.13213731460162756,0.18093137178983895,8,1.2061811693956588,1.0457934023939206,0.20498606641844477,0.0,0.0,0.0,0.10366744144095542,0.10131862497748931
782,1,0,1,0.06548094850245013,4.0,20.444710655662817,21.69343018632403,0.11506588724909987,0.16411351209355104,8,1.1958200757972501,1.049803096568964,0.20333572229289343,0.0,0.0,0.0,0.10242856411516629,0.10090715817772712
783,1,0,0,0.0656891842347553,4.0,20.51070999384165,21.6645933000098,0.09849511936544525,0.14946366468918335,8,1.0906159729142713,1.0534535210496712,0.18732369172813382,0.0,0.0,0.0,0.09942460730192759,0.08789908442620624
784,1,0,1,0.06576013838690581,4.0,20.535687953542144,21.629446062403684,0.08306586501256091,0.13505333626137625,8,1.04421330444067,1.0543825823462862,0.17903749668414864,0.0,0.0,0.0,0.09257552611730607,0.08646197056684261
785,1,0,1,0.06571309764611637,4.0,20.58561853006747,21.600655722136775,0.06690159324390081,0.12052385084784506,8,1.0752685866570637,1.0541283503986458,0.1841625430931478,0.0,0.0,0.0,0.09698563061196064,0.08717691248118722
786,1,0,1,0.06551960295788657,4.0,20.653969538510847,21.65176192087809,0.05033632388659546,0.1037712563861603,8,1.1741140634897989,1.0546568563051062,0.1999071829139406,0.0,0.0,0.0,0.0993916161438321,0.10051556677010852
787,1,0,1,0.0655202185276783,4.0,20.71803457262625,21.698678907249793,0.033852645409542456,0.08709667319806587,8,1.1686253069718315,1.0576432864847236,0.1989495699908846,0.0,0.0,0.0,0.09890207086231802,0.10004749912856656
788,1,0,1,0.06565899609171436,4.0,20.61910999903351,21.675884037355935,0.019920715104054628,0.07236345853729288,8,0.938698393510297,1.0604178369969013,0.17199086979756498,0.0,0.0,0.0,0.10018615782672634,0.08839928796463803
789,1,0,0,0.06565386408670508,4.0,20.413302307985077,21.654177016613225,0.011120839342006908,0.05756549871280984,8,0.8298601391185941,1.0573748509097363,0.14158701351918448,0.0,0.0,0.0,0.10179813277580783,0.08878775894689817
790,1,0,1,0.06569248531873016,4.0,20.18426848757288,21.625104667579887,0.0033182391462295486,0.04304707217481974,8,0.7935808136694216,1.0516869831149576,0.13392616040260477,0.0,0.0,0.0,0.10163542585450044,0.08711055922794063
791,1,0,1,0.06572901929973911,4.0,19.796664028525107,21.59264717218261,0.0,0.02862478265392135,8,0.62517237443377,1.0452343288788193,0.10644317200276765,0.0,0.0,0.0,0.10188862136708265,0.08653373712539036
792,1,0,1,0.0657596968805373,4.0,19.301747427811982,21.49326798756543,0.0,0.0157194453638334,8,0.44043699468738684,1.034732780017693,0.0774320237405277,0.0,0.0,0.0,0.10347659849192145,0.08689270732899063
793,1,0,1,0.06581343018047402,4.0,18.81920374211668,21.125755095853744,0.0,0.009776139636950445,8,0.16981880797745008,1.0198753853844353,0.03565983436129773,0.0,0.0,0.0,0.10421755757029438,0.08575433996273132
794,1,0,1,0.06575271688120692,4.0,18.348723648563766,20.75648448251748,0.0,0.0045723236114144404,8,0.15887326406007946,0.9986239709492607,0.031222896153216027,0.0,0.0,0.0,0.10015247700317398,0.09776501894987771
795,1,0,1,0.0659524372726008,4.0,17.89000555734967,20.31420363863826,0.0,0.0016809099309999097,8,0.07663126818371743,0.977630203277031,0.017348482082487182,0.0,0.0,0.0,0.10384365013225519,0.0866124031853348
796,1,0,1,0.0658992132159995,4.0,17.442755418415928,19.846690386016302,0.0,0.0,8,0.04034183834399783,0.9551052298996984,0.010085459585999459,0.0,0.0,0.0,0.09977664558621024,0.09758495328118577
797,1,0,0,0.0659515308675228,4.0,17.00668653295553,19.350523126365893,0.0,0.0,8,0.0,0.9322361451108059,0.0,0.0,0.0,0.0,0.09946502732633948,0.09850848236791132
798,1,2,1,-0.23383813946605986,3.76616186053394,16.581519369631643,19.378620134372557,0.0,0.2354636513399463,8,0.5118600861658076,0.9089302414830357,0.08721809196032226,0.0,0.0,0.0,0.10096940244283487,0.08721809196032226
799,1,0,1,0.06594496839820091,3.8321068289321407,16.16698138539085,19.492611685228272,0.0,0.21861155046531333,8,0.5984570542150309,0.899003487600105,0.10111260524779776,0.0,0.0,0.0,0.10198397532793024,0.10111260524779776
800,1,0,1,0.06613712809401369,3.8982439570261542,15.762806850756078,19.51727927826098,0.0,0.20407927708346543,8,0.5119828851634165,0.891489826765478,0.08719364029108735,0.0,0.0,0.0,0.10295017630350783,0.08719364029108735
801,1,0,0,0.06613753573567721,3.9643814927618313,15.368736679487178,19.547903305962762,0.0,0.18935209469271655,8,0.5185560096583054,0.8820021532254265,0.08836309434449328,0.0,0.0,0.0,0.10397018403633682,0.08836309434449328
802,1,0,1,0.06617314623046591,4.0,14.984518262499996,19.575946024233446,0.0,0.1746961146051904,8,0.5167403009197529,0.8729159996362486,0.08793588052515681,0.0,0.0,0.0,0.10303288456484685,0.08793588052515681
803,1,1,1,-0.23391444674021095,3.766085553259789,15.199994078392745,19.663311081780837,0.23332004596061715,0.1584000640336725,8,1.1668524806084735,0.8640116071683361,0.1978560276654046,0.0,0.0,0.0,0.10007972423629716,0.09777630342910748
804,1,2,1,-0.23388266301779848,3.5322028902419906,15.42919940773226,19.699557968141498,0.21601141105607793,0.3934117535438251,8,1.1370348447045147,0.8715826290043396,0.19378167236631907,0.0,0.0,0.0,0.10385180942723526,0.08992986293908378
805,1,0,1,0.06592071619007199,3.5981236064320625,15.656930502829338,19.804533915237844,0.19863223087135176,0.3766254658021237,8,1.2109259765902696,0.878218934396844,0.20499280755856605,0.0,0.0,0.0,0.10427508110835682,0.10071772645020922
806,1,1,1,-0.2341049618306896,3.364018644601373,15.883588735899806,19.907280849381415,0.4311234388362872,0.3598133805562312,8,1.2159417776657193,0.8865366104516796,0.2059252636857427,0.0,0.0,0.0,0.10505275221038798,0.10087251147535477
807,1,0,1,0.06596053740112352,3.4299791820024965,16.112190911327993,19.946935986580133,0.41329667747873566,0.34453734124580543,8,1.1630290522589308,0.8947717396320305,0.1986168040078633,0.0,0.0,0.0,0.10696056814530881,0.09165623586255447
808,1,1,1,-0.23401420116693317,3.1959649808355635,16.324113420416392,19.97491089650866,0.4824886664982831,0.32953452246964104,8,1.1413755914646346,0.901478172447703,0.19508491366728795,0.9797800648724139,0.0,5.551115123125783e-17,0.10506800101030145,0.0900169126569865
809,1,0,1,0.06596054686155527,3.2619255276971186,16.531000138614885,20.00499102380594,0.46496537208445304,0.314459852846176,8,1.1444424534188964,0.9074756079231264,0.19558778422377066,0.0,0.0,0.0,0.10513976648298057,0.09044801774079006
810,1,0,1,0.06591388092479558,3.327839408621914,16.741539969589077,20.04222302797781,0.4471690620208806,0.2991613577202674,8,1.1611716142065833,0.9133997790605206,0.19856883113688584,0.0,0.0,0.0,0.10677786038143436,0.09179097075545146
811,1,0,1,0.06593311332031922,3.3937725219422332,16.938108044014896,20.072715564376576,0.4296377745929836,0.28400654914344625,8,1.1466546857637596,0.9195940749391722,0.19611657602830915,0.0,0.0,0.0,0.10518772456738203,0.09092885146092713
812,1,0,1,0.06594283070332889,3.459715352645562,17.122957454766293,20.09772506681454,0.4122923937185148,0.2689602250518845,8,1.135129503399141,0.9252705902097869,0.19435022979618366,0.0,0.0,0.0,0.10407228524681311,0.0902779445493705
813,1,0,1,0.06571786683773101,3.5254332194832934,17.331071548604648,20.208299836590037,0.39428465609021596,0.2516999469386718,8,1.2492059266533757,0.9305170630395208,0.21160809444906906,0.0,0.0,0.0,0.10804642576979301,0.10356166867927608
814,1,0,1,0.06592200250985158,3.591355221993145,17.507438240441786,20.22624147067262,0.37687537068511096,0.2367547766147516,8,1.1327926105495867,0.9384842846298671,0.19412673437415084,0.0,0.0,0.0,0.10445571243062958,0.08967102194352128
815,1,0,1,0.06568940204606537,3.65704462403921,17.706000099111307,20.33311085565079,0.35886691274356247,0.21950433943027195,8,1.2487732364255568,0.9433419927778601,0.2115533707561687,0.0,0.0,0.0,0.10805074764929085,0.10350262310687788
816,1,0,1,0.06567514396529128,3.7227197680045014,17.896833010340874,20.43689731311436,0.34092090289609117,0.20226113262982356,8,1.2455971425621852,0.9509777738690526,0.2111352998875186,0.0,0.0,0.0,0.10767605908482814,0.10345924080269049
817,1,0,1,0.06566193417007773,3.788381702174579,18.08450613597585,20.534867084292564,0.3229263286672132,0.18511547496062356,8,1.2439861548995614,0.9583432580863809,0.21084139138846786,0.0,0.0,0.0,0.10796744537326794,0.10287394601519993
818,1,0,0,0.06587931723963393,3.854261019414213,18.23037237234449,20.54461813136081,0.30583399471972333,0.17011998709951262,8,1.1211016139435959,0.9654843305067105,0.19252693085160444,0.0,0.0,0.0,0.10255400368493875,0.08997292716666565
819,1,2,1,-0.23436217133904735,3.6198988480751657,18.40599754972918,20.640901042990002,0.28794667899982906,0.4029271869618467,8,1.2412828516065146,0.9693747625926326,0.21048069514536139,0.0,0.0,0.0,0.10732389431936587,0.10315680082599553
820,1,0,1,0.06557557972415567,3.6854744277993214,18.578176889207114,20.738399851290197,0.2699868510086309,0.38568372975003573,8,1.245850612596109,0.9761724648179795,0.21121971121805483,0.0,0.0,0.0,0.10775896794718892,0.10346074327086591
821,1,0,1,0.06582222304924665,3.751296650848568,18.701836032455233,20.743926847710213,0.25312304713455674,0.37070310254918976,8,1.1121005581805652,0.9829144185124328,0.19106658644952076,0.0,0.0,0.0,0.10118282324444458,0.08988376320507623
822,1,0,1,0.06582274190263737,3.8171193927512053,18.81944478114983,20.74942849176928,0.23632996677903542,0.35572475534465303,8,1.1092544647578002,0.9861440720041361,0.19062856536034817,0.0,0.0,0.0,0.10075848213312828,0.08987008322721983
823,1,0,1,0.06580165317428889,3.882921045925494,18.94156539313311,20.754581132843185,0.21931412151297267,0.34076288537407434,8,1.1164950848801682,0.9892218318229777,0.1918662914198489,0.0,0.0,0.0,0.10209507159637675,0.08977121982347218
824,1,0,1,0.0658190017683113,3.9487400476938053,19.042249491424954,20.76126999042979,0.20285533227645536,0.3257910401815372,8,1.099776619027854,0.9924036631494074,0.18858380657432613,0.0,0.0,0.0,0.09875273541910332,0.08983107115522279
825,1,2,1,-0.23443734710732791,3.7143027005864773,19.187496206291655,20.85458654183182,0.18519568519643026,0.4827784622987063,8,1.233651253315105,0.9950879870463687,0.20928710868791367,0.4547462410892231,0.0,0.0,0.1059578824801511,0.10332922620776257
826,1,0,1,0.06577078527811807,3.7800734858645955,19.27332311000524,20.863936600286486,0.16894939974259238,0.4676962624529355,8,1.0962290308713327,1.0010520687030873,0.18797091179765166,0.0,0.0,0.0,0.09747771272302716,0.09049319907462454
827,1,0,1,0.06549073783452096,3.8455642236991165,19.41516910099253,20.962742185453415,0.15119886079518854,0.45024032363030214,8,1.2440830689115168,1.0034314927572932,0.21123886662022281,0.0,0.0,0.0,0.10650323368442285,0.10473563293579996
828,1,0,1,0.06576492927366526,3.911329152972782,19.49404951356655,20.968040749576964,0.13499427139149614,0.43520576985482246,8,1.093626758858715,1.009447782161149,0.1874348590750324,0.0,0.0,0.0,0.0972275364221544,0.090207322652878
829,1,0,1,0.06550648702525617,3.976835639998038,19.620601583896057,21.05840055520147,0.11752472974475359,0.4179101890666898,8,1.2284641325325976,1.0115522565785882,0.20859073460925137,0.0,0.0,0.0,0.1048172498804554,0.10377348472879601
830,1,0,1,0.06549682410372669,4.0,19.742980279577605,21.14508129681498,0.10007682542397073,0.40064827100423744,8,1.2260344907724927,1.0169750534774382,0.2082589342994115,0.0,0.0,0.0,0.1046874259246972,0.10357150837471431
831,1,0,1,0.06548906914101238,4.0,19.860582404726387,21.228059782747103,0.0826763265797706,0.3834090785987562,8,1.2227821504907255,1.0222015394098145,0.20783814749808774,0.0,0.0,0.0,0.1044029930652007,0.10343515443288703
832,1,0,1,0.06572844263686939,4.0,19.92871888127156,21.2227730340486,0.0664611026024038,0.36850571434171964,8,1.090065782533506,1.0272160546868374,0.18671152940642044,0.0,0.0,0.0,0.09729134386420074,0.08942018554221969
833,1,0,1,0.065793708904796,4.0,19.966495223077022,21.203824304421058,0.051045702858070745,0.3540129599306301,8,1.047614910060921,1.028787297883004,0.179448924932536,0.0,0.0,0.0,0.09249239846599837,0.08695652646653765
834,1,0,1,0.06550203786891044,4.0,20.071391778205573,21.279971705571263,0.03386675861256795,0.33692488408883065,8,1.2103019444662133,1.029257988187452,0.20560212052381346,0.0,0.0,0.0,0.10307366547301676,0.10252845505079672
835,1,0,1,0.06575401500772449,4.0,20.06427260886614,21.265320551961008,0.01975441238667103,0.32227681481462944,8,1.0120137641447298,1.033784087094421,0.17256249300058832,0.0,0.0,0.0,0.09456088136816597,0.08788841564520683
836,1,0,1,0.06574616396876745,4.0,19.857266819590134,21.252009386948867,0.01111105500520076,0.3076051830629086,8,0.8129228747325336,1.0332398290206788,0.1398899347991465,0.0,0.0,0.0,0.09606429550974951,0.08802979051032486
837,1,0,0,0.06579389002134595,4.0,19.554861426629632,21.230783974348203,0.005662858662683294,0.29318153822352566,8,0.7041010996023089,1.027731905163475,0.11923104709140284,0.0,0.0,0.0,0.094314604069901,0.08654186903629803
838,1,0,1,0.0657632488496021,4.0,19.137926725702293,21.217759113342055,0.0032649641714032423,0.2785525913980528,8,0.5896815730909608,1.0196411350244459,0.10216104790051746,0.0,0.0,0.0,0.09844425126190423,0.08777368095283715
839,1,0,1,0.06579938631949031,4.0,18.733477204139973,21.200259114562574,0.0007983426187286617,0.2640440525483379,8,0.586942625634304,1.0088921459761089,0.1018509624143364,0.0,0.0,0.0,0.09968439454995802,0.08705123309828892
840,1,0,1,0.06580412842464628,4.0,18.28909055259833,21.18464677034875,0.0,0.2495238479290434,8,0.5383444122121028,0.9983434079675637,0.09191128342813906,0.0,0.0,0.0,0.10186117337961498,0.08712122771576708
841,1,0,1,0.0658223890912216,4.0,17.831863288783374,21.16834368771295,0.0,0.23502521189475648,8,0.5133130866229189,0.9868434330736772,0.0869918162057218,0.0,0.0,0.0,0.1035837290290997,0.0869918162057218
842,1,0,1,0.0658493478207818,4.0,17.386066706563792,21.15223981092329,0.0,0.22049980722830262,8,0.513104715403163,0.9750051744124083,0.08715242799872318,0.0,0.0,0.0,0.10500914253514794,0.08715242799872318
843,1,0,1,0.06590317347256237,4.0,16.951415038899697,21.13050933139754,0.0,0.20616392932137384,8,0.5070755157473311,0.963457662937177,0.08601526744157259,0.0,0.0,0.0,0.10403679732168725,0.08601526744157259
844,1,2,1,-0.2340695243723353,3.765930475627665,16.527629662927204,21.10760942049636,0.0,0.4418092292464592,8,0.5053628223837605,0.952048109257431,0.08612820044948798,0.0,0.0,0.0,0.1049302279635561,0.08612820044948798
845,1,0,1,0.06574111874537178,3.8316715943730366,16.114438921354026,21.16376427473393,0.0,0.4252555913543333,8,0.5838450897499731,0.9408809770855893,0.0993218273527552,0.0,0.0,0.0,0.10608189456639205,0.0993218273527552
846,1,2,1,-0.23423008910718712,3.5974415052658495,15.711577948320176,21.212380401231513,0.0,0.4836184471853647,8,0.5777102333659372,0.9319550799021987,0.09828931688781212,1.0515335481259998,0.0,5.551115123125783e-17,0.10626735298219574,0.09828931688781212
847,1,0,1,0.0657785580267995,3.663220063292649,15.318788499612168,21.259616960725957,0.0,0.46722651245418173,8,0.577546069525229,0.9230989587387923,0.09835160838709728,0.0,0.0,0.0,0.1067491336112006,0.09835160838709728
848,1,0,0,0.06598669832767837,3.7292067616203273,14.935818787121864,21.224526533095954,0.0,0.45310719705274477,8,0.49639999638814497,0.9144601365084531,0.08471589240862185,0.0,0.0,0.0,0.10577013299907274,0.08471589240862185
849,1,0,0,0.06585704686961215,3.7950638084899393,14.56242331744382,21.25994224937376,0.0,0.4370431515258506,8,0.5660288796052096,0.9040086330054454,0.09638427316136483,0.0,0.0,0.0,0.10532934438442945,0.09638427316136483
850,1,0,1,0.06608601127201638,3.861149819761956,14.198362734507722,21.214201915269122,0.0,0.4232045339273887,8,0.48575822212970543,0.8955591391704396,0.08303170559077168,0.0,0.0,0.0,0.10276836078239773,0.08303170559077168
851,1,1,1,-0.2340635362270415,3.6270862835349145,14.454844557738056,21.240979700032497,0.23274715182725744,0.40736060871338037,8,1.1685737242381267,0.8853141162444214,0.19858064032050526,0.0,0.0,0.0,0.10351708903645528,0.09506355128404999
852,1,0,1,0.0661099463188068,3.6931962298537213,14.693011807199246,21.18698893348956,0.21561874167051928,0.39367905851449975,8,1.0765720893625148,0.8923956064442639,0.18485976213371322,0.0,0.0,0.0,0.10277046094042908,0.08208930119328417
853,1,0,1,0.06587123463882018,3.7590674644925417,14.948424351024297,21.22270650514914,0.19802041285992747,0.37765759464766063,8,1.1881301340018577,0.8970000185172201,0.20171875606458511,0.0,0.0,0.0,0.10558997286355079,0.0961287832010343
854,1,0,1,0.06584122165770258,3.8249086861502444,15.201709941385262,21.26032668333326,0.18028227626106963,0.3615507725728396,8,1.1951840399494202,0.904278271404336,0.20306975204207306,0.0,0.0,0.0,0.10642881959314701,0.09664093244892602
855,1,2,1,-0.23417968554744625,3.5907290006027983,15.451631019218162,21.298486712145607,0.1624628488761647,0.48384775021964543,8,1.1996320222632046,0.9115509156179633,0.2038300629915566,0.6693046354370378,0.0,5.551115123125783e-17,0.10691656430942964,0.09691349868212694
856,1,0,1,0.06577510177888454,3.6565041023816827,15.695986577184788,21.339023809541636,0.14458523592415792,0.46762749915104435,8,1.203645598646754,0.9187529432840942,0.20458718412364746,0.0,0.0,0.0,0.1072656777120407,0.09732150641160674
857,1,0,1,0.06596445556828652,3.722468557949969,15.912174766811207,21.30114124258154,0.12716065991216294,0.45350158377179867,8,1.1041808823344819,0.9258752596681608,0.18930294834744427,0.0,0.0,0.0,0.10454745607196993,0.0847554922754743
858,1,0,1,0.06596872239098603,3.788437280340955,16.118656625222737,21.264492678850655,0.1098591373757654,0.4393888840237819,8,1.1001661949154582,0.9303329002348187,0.18848533370648596,0.0,0.0,0.0,0.10380913521838524,0.08467619848810072
859,1,0,1,0.06593955153717371,3.854376831878129,16.32907724110558,21.23339373648986,0.09228793267400438,0.42514731231723707,8,1.1139004061238844,0.9345787326018348,0.1908766584498351,0.0,0.0,0.0,0.10542722821056608,0.08544943023926899
860,1,0,1,0.06574272276628929,3.920119554644418,16.5498133926923,21.279827732780937,0.0744524096586876,0.40882499962007396,8,1.2062319223176865,0.939061774439886,0.20494701427487905,0.0,0.0,0.0,0.10701313809190065,0.09793387618297841
861,1,0,1,0.06590936773090098,3.986028922375319,16.748422655168337,21.25238238034289,0.056918551063408866,0.3944742215113275,8,1.1169049381748188,0.945741028136831,0.19130782022415105,0.0,0.0,0.0,0.10520315157167245,0.08610466865247861
862,1,0,1,0.06588624486750531,4.0,16.94339065543539,21.229171891438526,0.03935238242336588,0.38004853790320664,8,1.1217776372504693,0.9500201258877807,0.19195111348898328,0.0,0.0,0.0,0.10539701184025789,0.08655410164872537
863,1,0,1,0.06571247380603669,4.0,17.14628012801181,21.278934987446707,0.021582703550167736,0.36363292426724875,8,1.2069666322564525,0.9543140636718479,0.20511175505493623,0.0,0.0,0.0,0.10661807323918887,0.09849368181574733
864,1,0,1,0.06586586514058257,4.0,17.208326682941003,21.256563379056104,0.006216867832997172,0.34917728378029783,8,1.000305324425047,0.9606303778864631,0.178928857224729,0.0,0.0,0.0,0.10537117799396152,0.08673384292170565
865,1,0,1,0.06588082016137572,4.0,17.005174091361486,21.231238780935982,7.585273226404753e-05,0.33483692473581855,8,0.7331450618502887,0.9616222515499278,0.12288824487127437,0.0,0.0,0.0,0.10455386340769626,0.0860421542668756
866,1,0,1,0.06572939305095073,4.0,16.58323055383254,21.27885143503713,0.0,0.3184361236091821,8,0.5815794383796393,0.9559103218074366,0.09885992315340267,0.0,0.0,0.0,0.10567353899520399,0.09840480675981839
867,1,0,1,0.06591774750924788,4.0,16.168649789986723,21.249644285573588,0.0,0.3041506991646706,8,0.502764136412387,0.9465520497217418,0.08571254666706907,0.0,0.0,0.0,0.10672805012840836,0.08571254666706907
868,1,0,1,0.06595477730742705,4.0,15.764433545237058,21.21461338372629,0.0,0.2900185491689522,8,0.4962102052920432,0.9354573518890079,0.08479289997431069,0.0,0.0,0.0,0.1077773697557096,0.08479289997431069
869,1,1,0,-0.23398618333237337,3.7660138166676265,15.985871088263144,21.174569442974743,0.23241101087198826,0.2760566655826628,8,1.1058697754986198,0.9244761732240838,0.18930523628580712,0.0,0.0,0.0,0.10553393476807055,0.08377130151773658
870,1,0,1,0.06577770765280995,3.8317915243204363,16.2178801630037,21.222032845536944,0.2145323923112545,0.25970351989097457,8,1.2084834905837056,0.9290110132809472,0.20539058551453174,0.0,0.0,0.0,0.10727171136440247,0.09811887415012921
871,1,0,1,0.06599143719637113,3.8977829615168074,16.427080879190676,21.17969063613173,0.1969268785479966,0.2457004983648878,8,1.1028563319952798,0.9359978252135162,0.18965121173606825,0.0,0.0,0.0,0.10563308257954754,0.08401812915652071
872,1,0,0,0.06576547798245984,3.963548439499267,16.645001873091317,21.22751247955329,0.17913104314298534,0.2293561822066111,8,1.2059121252052605,0.9401692878830602,0.20484090937972751,0.0,0.0,0.0,0.10677501243006746,0.09806589694966009
873,1,0,1,0.06597132583681774,4.0,16.837855518280108,21.19018383534715,0.1616942364268454,0.21523728569150066,8,1.1023378597987672,0.9468128588161152,0.18933421938750197,0.0,0.0,0.0,0.10462084029683949,0.08471337909066247
874,1,0,0,0.06595255623809027,4.0,17.02981517904007,21.15533777024422,0.1441340217546516,0.20107660525600665,8,1.107814579497712,0.9507009838406816,0.19032537064612703,0.0,0.0,0.0,0.10536128803316289,0.08496408261296416
875,1,0,1,0.06596826935332802,4.0,17.204921754782443,21.121551573269635,0.12692363991022967,0.18693242207572222,8,1.0959492024998991,0.9546288237321072,0.188127390148238,0.0,0.0,0.0,0.10326229106653145,0.08486509908170657
876,1,0,1,0.06594112692756057,4.0,17.38666632881128,21.0902237992909,0.10940267309221728,0.1727368758683974,8,1.1085786332514007,0.9581618332013021,0.19029907815202343,0.0,0.0,0.0,0.10512580090807447,0.08517327724394896
877,1,2,1,-0.23407664945183929,3.7659233505481606,17.564142978912002,21.065714379793704,0.09186618568391192,0.40840429791982774,8,1.1148894838060823,0.9619222532025545,0.1912143921412505,0.0,0.0,0.0,0.10521892444983222,0.08599546769141828
878,1,0,1,0.06582051029808554,3.831743860846246,17.745359787934508,21.05709508960013,0.07407403117897075,0.39368163294091424,8,1.1383439527965717,0.9657464339676427,0.19508891690312793,0.0,0.0,0.0,0.10675292702964695,0.08833598987348099
879,1,0,1,0.06582028520929413,3.89756414605554,17.91773973178423,21.049721568777727,0.05640966737294875,0.37893855933250026,8,1.1350677949656869,0.970061371938366,0.19444462448661556,0.0,0.0,0.0,0.105986182836132,0.08845844165048357
880,1,0,1,0.06565951763942118,3.9632236636949614,18.0880535049401,21.117605148088813,0.038859615739271776,0.36214768205814024,8,1.212383884981,0.9741865325140491,0.2060455734482221,0.0,0.0,0.0,0.10530030980206187,0.10074526364616025
881,1,0,0,0.06563395703264162,4.0,18.25604715589227,21.18473300223874,0.021253334847035957,0.34533627434562425,8,1.2152629714278227,0.9801414663257229,0.20650613162851086,0.0,0.0,0.0,0.10563768535341495,0.10086844627509595
882,1,2,1,-0.23437483767431672,3.765625162325683,18.30050539374104,21.24876137853313,0.006711344674810449,0.48320967735788384,8,1.0945061180964348,0.9860195039532753,0.18799387688604977,0.5720176460737453,0.0,5.551115123125783e-17,0.10516097628002656,0.10074193585269672
883,1,0,1,0.06573909289274246,3.8313642552184257,18.073566518357104,21.243113549574048,0.0002194218269118038,0.4683326199312137,8,0.7561449649638381,0.9887316693068543,0.12821388164741257,0.0,0.0,0.0,0.10558397084987266,0.08926234456002072
884,1,0,1,0.06560715600299295,3.896971411221419,17.62831001020553,21.306580043034025,0.0,0.4515147167959796,8,0.6011269870066824,0.9829170016982789,0.10222394977287567,0.0,0.0,0.0,0.10593850061972834,0.10090741881140484
885,1,0,1,0.06579177756087302,3.962763188782292,17.187602259950395,21.291831110974734,0.0,0.43682875817741595,8,0.5179155690165594,0.9733722513309889,0.08811575171138158,0.0,0.0,0.0,0.10645560695547715,0.08811575171138158
886,1,0,1,0.06583706732282031,4.0,16.75791220345163,21.27029241576139,0.0,0.4223464647442888,8,0.5107570825610256,0.9619858342731282,0.08689376059876325,0.0,0.0,0.0,0.1075231754964223,0.08689376059876325
887,1,0,1,0.06587137008025948,4.0,16.33896439836534,21.246402616079102,0.0,0.40791445712854246,8,0.5078675107117502,0.9507051154803257,0.08659204569447837,0.0,0.0,0.0,0.10773615695424286,0.08659204569447837
888,1,1,0,-0.23408038428083852,3.7659196157191617,16.55238178153025,21.218145888601843,0.23221753562953187,0.39363454653077695,8,1.1247948310487534,0.9396341753611113,0.1923742498094011,0.0,0.0,0.0,0.1066947862228086,0.08567946358659248
889,1,0,1,0.06588546540130505,3.831805081120467,16.765106062596615,21.192543765501178,0.21426023005328335,0.37919019844934504,8,1.1313853497190047,0.9442631917533023,0.19440992194608311,0.0,0.0,0.0,0.10774383345749142,0.08666608848859167
890,1,0,1,0.06590919242584112,3.897714273546308,16.964351418188834,21.16146098173991,0.19654239354589195,0.36492037736013744,8,1.1171038175333925,0.9489412457024449,0.19192594557959422,0.0,0.0,0.0,0.10630701904434846,0.08561892653524575
891,1,2,1,-0.23411376288973146,3.6636005106565763,17.164990250222672,21.13440556622222,0.17863901033522578,0.4856461642258943,8,1.1267287265143717,0.9531453099982186,0.19354331390863086,0.6895222641608245,0.0,5.551115123125783e-17,0.10742029926399688,0.08612301464463396
892,1,0,1,0.06583312122853902,3.729433631885115,17.355641156373466,21.11938337792636,0.160852555657704,0.471030268821048,8,1.1331136132660538,0.9574848954111225,0.1944141004942086,0.0,0.0,0.0,0.10671872806513057,0.08769537242907799
893,1,0,1,0.06563208526166052,3.7950657171467754,17.55320289214059,21.18927277192412,0.1429319481807787,0.4541353281864184,8,1.2293267431223842,0.9618756133574956,0.20889328866932955,0.0,0.0,0.0,0.10752364486155191,0.10136964380777763
894,1,0,0,0.06580187965692703,3.8608675968037023,17.738148801912452,21.176059266434237,0.12504929347665583,0.439442709870057,8,1.1402942958835933,0.9685618916016179,0.19545163812290553,0.0,0.0,0.0,0.10729592822473717,0.08815570989816839
895,1,0,1,0.06561985844677258,3.926487455250475,17.923578267029633,21.242676252255933,0.10720330340910593,0.4226134864066003,8,1.2249016526475396,0.9728552017086673,0.20805128118603974,0.0,0.0,0.0,0.10707594040529955,0.10097534078074018
896,1,0,0,0.06579335331934828,4.0,18.086773798385256,21.229660427421983,0.0896831307647434,0.4079206430065952,9,1.1293360695038122,0.9791563629821392,0.19327809626620548,0.0,0.0,0.0,0.10512103586617505,0.08815706040003042
897,1,2,1,-0.2342006293564358,3.765799370643564,18.24075290026321,21.216362405773026,0.07231345730594786,0.48532275049251883,9,1.1235919358741804,0.982910855645181,0.1922815377976605,0.9475238580395715,0.0,5.551115123125783e-17,0.10421804075277327,0.08806349704488722
898,1,0,1,0.065728320235049,3.8315276908786133,18.408377306510317,21.21232883862322,0.05442925839510634,0.47037558501266946,9,1.1500187217482056,0.9864278826509059,0.19698818634414478,0.0,0.0,0.0,0.10730519346504915,0.08968299287909565
899,1,0,1,0.06557436015950927,3.8971020510381225,18.569693331774378,21.282423602863084,0.03678009984379738,0.45341888946384096,9,1.221928443132267,0.9905176536283384,0.20763512460082476,0.0,0.0,0.0,0.1058949513078537,0.10174017329297103
900,1,0,1,0.06557934667366035,3.962681397711783,18.72233490287877,21.346820645685476,0.019272301277457868,0.43656412750477896,9,1.2133415372927208,0.9963029233659366,0.20617536315240892,0.0,0.0,0.0,0.1050467913980371,0.10112857175437182
901,1,0,1,0.06572386192550603,4.0,18.748548931700086,21.33720174586438,0.00519389829681938,0.42173209473003687,9,1.0183240177143291,1.0017288887141063,0.17346261453228415,0.0,0.0,0.0,0.10487433289020748,0.0889921966484532
902,1,0,0,0.06557602524861006,4.0,18.460643243368544,21.39840162501707,0.0,0.4049268845292809,9,0.7754379577602566,1.0021437669391116,0.13199465098545182,0.0,0.0,0.0,0.10476664876261599,0.10083126120453553
903,1,0,1,0.06558905052486719,4.0,17.99912716228433,21.45571505707093,0.0,0.3881490743699089,9,0.5922734726792859,0.9964761217096404,0.10066686095623219,0.0,0.0,0.0,0.10520495939134672,0.10066686095623219
904,1,0,1,0.06563828734033296,4.0,17.549148983227226,21.502056813638575,0.0,0.3716557848960725,9,0.5827346329944214,0.9863710554838816,0.0989597368430181,0.0,0.0,0.0,0.1052469472659798,0.0989597368430181
905,1,0,1,0.06580218954174112,4.0,17.110420258646542,21.47547695165212,0.0,0.3571484972912308,9,0.5109715583545058,0.9762801449216452,0.08704372562905086,0.0,0.0,0.0,0.10758482374386077,0.08704372562905086
906,1,0,0,0.06584583244193731,4.0,16.682659752180378,21.44416375043854,0.0,0.34281884684998526,9,0.5055737225777264,0.9646474302574666,0.08597790264747282,0.0,0.0,0.0,0.10706728865963112,0.08597790264747282
907,1,0,1,0.0657584470275732,4.0,16.26559325837587,21.476922823715405,0.0,0.32669154389380006,9,0.5688631670378299,0.953170587565473,0.09676381773711144,0.0,0.0,0.0,0.10518259219803791,0.09676381773711144
908,1,2,1,-0.23405051674269783,3.765949483257302,15.858953426916475,21.432589600864887,0.0,0.4860240187672329,9,0.4925898477423669,0.943562902052282,0.08385588739660238,0.46014926336280026,0.0,5.551115123125783e-17,0.10612939400074843,0.08385588739660238
909,1,0,1,0.06575869832821658,3.831708181585519,15.462479591243563,21.468635652020364,0.0,0.46980040321631916,9,0.5718607911770947,0.9322885756945342,0.09734169330548283,0.0,0.0,0.0,0.1064455215230787,0.09734169330548283
910,1,0,1,0.06595125430209829,3.897659435887617,15.075917601462473,21.42832966404413,0.0,0.4556806398173097,9,0.4964099033242776,0.9232778810815981,0.08471858039405626,0.0,0.0,0.0,0.10684625459580015,0.08471858039405626
911,1,0,1,0.06584009976154763,3.9634995356491647,14.699019661425911,21.45441997463911,0.0,0.4397283265564249,9,0.5617985521960825,0.9126061816376652,0.09571387956530891,0.0,0.0,0.0,0.10571323098004153,0.09571387956530891
912,1,0,1,0.06603383537555431,4.0,14.331544169890265,21.405163385485217,0.0,0.4258424348852144,9,0.487103910212084,0.9038359909016256,0.08331535002726331,0.0,0.0,0.0,0.10513589359778433,0.08331535002726331
913,1,0,1,0.06609459308472841,4.0,13.973255565643006,21.347742311177022,0.0,0.41223259161114517,9,0.47770801032893917,0.893417688884387,0.08165905964441524,0.0,0.0,0.0,0.10401248727925985,0.08165905964441524
914,1,0,0,0.0661414736217987,4.0,13.623924176501932,21.287964073915838,0.0,0.39866640005971976,9,0.4739153205182353,0.8830249469205008,0.08139714930855234,0.0,0.0,0.0,0.10317095909060131,0.08139714930855234
915,1,1,1,-0.23381365801563067,3.7661863419843695,13.883921441114397,21.223453011024134,0.2328776827479189,0.38528865543953866,9,1.0682834079812107,0.8727972062604442,0.1830003712335734,0.0,0.0,0.0,0.10273390351248665,0.08026646772108675
916,1,0,1,0.0659360098917493,3.832122351876119,14.151972081442587,21.250458674576397,0.21550135215123653,0.36947962283467567,9,1.1727406651839107,0.8776843613034634,0.19911217920927232,0.0,0.0,0.0,0.104257983580094,0.0948541956291783
917,1,0,1,0.06613465337212157,3.8982570052482406,14.40019067081339,21.195135854232248,0.19831383117835855,0.3558536916253791,9,1.0779565379271323,0.8850607689004746,0.1848807130930471,0.0,0.0,0.0,0.10312512583726809,0.08175558725577899
918,1,0,1,0.06590468528005589,3.9641616905282966,14.65909713343445,21.227178399574804,0.18080905055160365,0.33992512338515435,9,1.1808321710897582,0.889883163126141,0.20060009320187752,0.0,0.0,0.0,0.10502868376052928,0.09557140944134823
919,1,0,0,0.06610269738211054,4.0,14.901072914305214,21.1753583469222,0.16340730661334038,0.32621777741131996,9,1.0873126165433882,0.8971568883252314,0.18665453947258626,0.0,0.0,0.0,0.1044104636295797,0.08224407584300655
920,1,0,1,0.06610783513212168,4.0,15.133154720588053,21.121971716417768,0.14610014381705322,0.3125961482501799,9,1.0806059573090958,0.9019107815306853,0.18557275174456325,0.0,0.0,0.0,0.1038429767777229,0.08172977496684034
921,1,0,0,0.06609237742488872,4.0,15.361330098075225,21.072821378628028,0.12874584605321565,0.2988982553956104,9,1.0854032006225742,0.9063781609251457,0.18631314371044264,0.0,0.0,0.0,0.10412578658302551,0.0821873571274171
922,1,1,1,-0.23414812909247049,3.7658518709075297,15.600854203179274,21.11757936133978,0.36109990023616806,0.28270183538830523,9,1.1951358747333893,0.9108537869175813,0.2030541949461167,0.0,0.0,0.0,0.1058756749022857,0.09717852004383104
923,1,2,0,-0.23400278833145544,3.531849082576074,15.827545346602996,21.08620883349847,0.3434808829107359,0.48576814163006254,9,1.1132814546953829,0.9179608391129765,0.19110525417221708,0.19621101232983107,0.0,5.551115123125783e-17,0.10571410395259256,0.08539115021962454
924,1,1,1,-0.23409581137960467,3.2977532711964694,16.06413906759738,21.066909338158872,0.4818656536375605,0.47126344588184277,9,1.1401380801573275,0.9228438545025366,0.19583425266395552,0.5608852974644157,0.0,0.0,0.10880607817463668,0.08702817448931885
925,1,0,1,0.0658475815254932,3.3636008527219627,16.300800227050992,21.059311415291646,0.4636024891059407,0.456440588814017,9,1.1573394467302927,0.9282762101439064,0.19851612959667336,0.0,0.0,0.0,0.10957898718971892,0.08893714240695443
926,1,0,1,0.06582905224293416,3.429429904964897,16.534852277904285,21.052610529248113,0.4452133938135192,0.4416172431631245,9,1.1613539558683212,0.934002791058566,0.19927464565988454,0.0,0.0,0.0,0.11033457175452943,0.0889400739053551
927,1,0,1,0.0658279628336519,3.495257867798549,16.761719593495826,21.044003249626137,0.4268904341351856,0.4268418199473312,9,1.1579466061483794,0.93968657017881,0.19859029736476103,0.0,0.0,0.0,0.10993775807000142,0.0886525392947596
928,1,0,1,0.06581452755746979,3.561072395356019,16.979727991033915,21.038594460303955,0.4086421644395422,0.4119697375803179,9,1.1577426792939522,0.9451430710780491,0.19872211237594067,0.0,0.0,0.0,0.10948961817386037,0.08923249420208029
929,1,0,1,0.06579520783384507,3.626867603189864,17.192355341601292,21.03722806226658,0.3903876264672463,0.39698556344229613,9,1.1617190138134488,0.9504580612834467,0.19943227266190552,0.0,0.0,0.0,0.10952722783377526,0.08990504482813026
930,1,0,1,0.0656065708195561,3.69247417400942,17.410613523623603,21.112781428610873,0.37200824952876843,0.38002817777304543,9,1.249551133463303,0.9557395850966968,0.21202057564637178,0.0,0.0,0.0,0.11027626163086737,0.10174431401550438
931,1,0,1,0.06578300554019618,3.758257179549616,17.610172320144816,21.10526590083984,0.3538149219600948,0.3651598112256538,9,1.1551281425560402,0.9630848738058619,0.19837016469639165,0.0,0.0,0.0,0.10915996541204201,0.08921019928434962
932,1,0,1,0.06558401826905168,3.8238411978186675,17.814566434565144,21.179732949205874,0.3355321076392673,0.3481744977475371,9,1.2467471183109788,0.9678859555246164,0.21160876679366455,0.0,0.0,0.0,0.10969688592496452,0.10191188086870004
933,1,0,1,0.06579337890947566,3.889634576728143,17.989653199964888,21.165769180479977,0.31775703258364324,0.3334179098148726,9,1.1359804812681258,0.9748574845942755,0.19518997792973147,0.0,0.0,0.0,0.1066504503337441,0.08853952759598738
934,1,0,1,0.0655566458754965,3.9551912226036396,18.184373276260775,21.240769776739796,0.29948414053789424,0.31636421164572265,9,1.2486062320668272,0.9788855595111217,0.2119595412893941,0.0,0.0,0.0,0.10963735227449443,0.10232218901489964
935,1,0,1,0.06577536028654868,4.0,18.345409439295825,21.22541090590124,0.2818317727577458,0.30160642089318784,9,1.1313058685215083,0.9856285763250143,0.19446095119609902,0.0,0.0,0.0,0.10591420668089037,0.08854674451520869
936,1,0,1,0.06555575719798805,4.0,18.525099761910308,21.29693142634372,0.26372770301833404,0.28461601946802323,9,1.2404813516868867,0.9892705086299267,0.21056682698745824,0.0,0.0,0.0,0.1086244184364706,0.10194240855098767
937,1,2,1,-0.23422555987159843,3.7657744401284017,18.670639864046386,21.27818501969601,0.24628032574291234,0.4853044202542487,9,1.1223444751947205,0.9955507797063508,0.1928577421270382,0.20769611680813937,0.0,5.551115123125783e-17,0.1046842636525302,0.08817347847450799
938,1,2,1,-0.23429570506546418,3.5314787350629375,18.82284329079107,21.26780501012158,0.22848081095879577,0.4851145107274504,9,1.14054403926382,0.9987206220935598,0.19611002433999758,1.411826521525492,0.0,5.551115123125783e-17,0.10679708870469942,0.08931293563529817
939,1,0,1,0.06568849140461837,3.597167226467556,18.972427219387733,21.25930989554913,0.21062552920177433,0.470186113228728,9,1.1433550215470234,1.0022662075228164,0.19670207553446253,0.0,0.0,0.0,0.1071316905421289,0.08957038499233363
940,1,0,1,0.06547717228141671,3.6626443987489727,19.129314902109193,21.338361296068566,0.19267681294606756,0.45298399430234176,9,1.2417325111143205,1.0057934278734217,0.21090501109255802,0.0,0.0,0.0,0.10769229753424056,0.1032127135583175
941,1,0,1,0.06547148333439488,3.7281158820833675,19.2791798327485,21.413818119026338,0.17482146241616067,0.435815465220004,9,1.2370136585515197,1.0116919049544442,0.2101432776734678,0.0,0.0,0.0,0.1071321031794413,0.1030111744940265
942,1,0,1,0.06545613833375871,3.7935720204171264,19.426248953112463,21.48640555655464,0.15694322284351053,0.41867601448843805,9,1.2369815066866376,1.017324948794371,0.21010614182529685,0.0,0.0,0.0,0.10726943743590069,0.1028367043893962
943,1,0,0,0.06567494921483594,3.8592469696319625,19.53450791517009,21.475441063007793,0.13988528753595683,0.4036886573657446,9,1.1201108312524577,1.0228163627416778,0.1922717545814829,0.0,0.0,0.0,0.10234761184532237,0.08992414273616055
944,1,1,1,-0.2343105831954467,3.6249363864365156,19.624564218540314,21.46586196722152,0.3732822251013899,0.3887145917775026,9,1.1057259320383976,1.0252487244544473,0.1894627681368532,0.0,0.0,0.0,0.0996183746074016,0.08984439352945159
945,1,0,1,0.06558235099207486,3.6905187374285906,19.74898805891376,21.467043449161135,0.3556260196259963,0.3733362666680558,9,1.1528659769571061,1.0272606546440457,0.19820718350904237,0.0,0.0,0.0,0.10593723285236156,0.09226995065668078
946,1,0,1,0.06541256725330766,3.7559313046818983,19.88280508763277,21.54089461433946,0.337827962460278,0.3561234811888096,9,1.2380689815992076,1.0304007877018724,0.2100650558697873,0.0,0.0,0.0,0.10678834299430968,0.10327671287547761
947,1,0,1,0.06538731675926977,3.821318621441168,20.01413668472,21.613565917014142,0.3199878537047791,0.33889688463286904,9,1.2395953923112226,1.0355924925493056,0.21040023186863682,0.0,0.0,0.0,0.10704065253299344,0.10335957933564338
948,1,0,1,0.06563116097278769,3.886949782413956,20.099348048692445,21.59817971726921,0.303178305311288,0.3238597882255097,9,1.1105177292708612,1.0406925650433538,0.19107986880510283,0.0,0.0,0.0,0.1008572903609468,0.09022257844415602
949,1,0,1,0.06537982438796572,3.9523296068019214,20.225072929688242,21.668289268213144,0.2853432435270799,0.3066610947816239,9,1.2382726260887669,1.0424381941490415,0.2102025313685635,0.0,0.0,0.0,0.10701037070524858,0.10319216066331494
950,1,0,1,0.06536777502479943,4.0,20.34377978235745,21.73650755735661,0.26763005744879725,0.28943777826625233,9,1.2342591967602137,1.0473340549475347,0.20961901556192483,0.0,0.0,0.0,0.1062791164696955,0.10333989909222935
951,1,0,1,0.0656072756807071,4.0,20.411605095854245,21.722098362489504,0.2510918290799524,0.27431294786300403,9,1.105423302122543,1.0520071834928515,0.18997835263255927,0.0,0.0,0.0,0.09922937021306937,0.09074898241948995
952,1,0,1,0.0653685622055961,4.0,20.52165355685391,21.78751326924069,0.23348173965580865,0.2571261070845874,9,1.2288059542094405,1.053342586458594,0.20878158121536178,0.0,0.0,0.0,0.10566053654486221,0.10312104467049961
953,1,2,1,-0.23438099685106717,3.7656190031489327,20.577394136425212,21.768255606031488,0.21715345935108069,0.4846851120443591,9,1.0942120870144634,1.0577291706523653,0.1878236450576344,0.044792007012103285,0.0,5.551115123125783e-17,0.09796968182836785,0.0898539632292665
954,1,0,1,0.06532604627321656,3.8309450494221493,20.680502468141263,21.835675355588457,0.19959346872290532,0.46744698335428203,9,1.22916932483444,1.0586412435614174,0.2087887159095145,0.0,0.0,0.0,0.10535994376905232,0.10342877214046214
955,1,0,1,0.0653102202065415,3.896255269628691,20.779705879073873,21.901162201931804,0.18206264516058812,0.45020166674520895,9,1.2275947028691996,1.062904445593243,0.2086568410283418,0.0,0.0,0.0,0.10518494137390308,0.1034718996544387
956,1,0,0,0.06555559654084749,3.9618108661695386,20.82294333692603,21.884145698764527,0.16587587377405857,0.435142536891042,9,1.093242656710018,1.067021702025142,0.18747540744417865,0.0,0.0,0.0,0.09712062831917734,0.0903547791250013
957,1,1,0,-0.23443655250302634,3.727374313666512,20.8611583311473,21.867150546695157,0.3998057208479111,0.4201010337243027,9,1.088897068044169,1.0676772258922638,0.1866699365573212,0.0,0.0,0.0,0.0964209175568849,0.09024901900043628
958,1,0,1,0.06526029898596906,3.7926346126524813,20.96482561702296,21.93425520639396,0.38207414056466166,0.40279953606374647,9,1.2389796675205256,1.0682077219460615,0.21019846766283326,0.0,0.0,0.0,0.1063894816994965,0.10380898596333676
959,1,0,1,0.0652591887873031,3.8578938014397846,21.063405116243253,21.998333175768845,0.36440784099118234,0.3855200743497748,9,1.2351344891806026,1.072477020585423,0.20967456772470638,0.0,0.0,0.0,0.10599779744087598,0.10367677028383036
960,1,0,1,0.06524595307060106,3.9231397545103857,21.158723435882898,22.060145715497356,0.34675495819702157,0.3682443684455332,9,1.233674316668461,1.0765434573003025,0.20957153219041397,0.0,0.0,0.0,0.10591729676496428,0.1036542354254497
961,1,2,1,-0.2347545629343686,3.688385191576017,21.249189578147774,22.11819162458642,0.3291783721421876,0.4827871776890255,9,1.2289837801384436,1.0804717287845065,0.20873645019485107,0.7094662106731991,0.0,5.551115123125783e-17,0.10545951632900415,0.10327693386584692
962,1,0,1,0.06541614769116781,3.7538013392671847,21.30361499952304,22.10647534930571,0.31233856364519186,0.46733370909326705,9,1.126893676162915,1.084184530068355,0.19375966255652535,0.0,0.0,0.0,0.10103885098197452,0.09272081157455084
963,1,0,1,0.06541970125278837,3.819221040519973,21.352562206365214,22.095041475584743,0.29561289904698224,0.45192354293978027,9,1.1227655918419208,1.0852522587207192,0.19281498451017845,0.0,0.0,0.0,0.10035398758925752,0.09246099692092093
964,1,0,1,0.065430372542563,3.884651413062536,21.39777834383853,22.08305186521989,0.2789725866189741,0.4365141199319205,9,1.1194166191572126,1.0861900920487488,0.19229841261520692,0.0,0.0,0.0,0.0998418745680488,0.09245653804715812
965,1,0,1,0.06522856593980089,3.949879979002337,21.472804865274696,22.143594121564988,0.2616456506009395,0.4192062484815067,9,1.222589533007726,1.0870207552264606,0.20780884481069004,0.0,0.0,0.0,0.10396161610820755,0.10384722870248249
966,1,0,1,0.06541972499825346,4.0,21.5097618701508,22.132974738732813,0.24514548190370497,0.4037457918875201,9,1.1167475967149194,1.090409974670992,0.19176375174732704,0.0,0.0,0.0,0.09900101218340732,0.09276273956391974
967,1,0,1,0.06542676797264445,4.0,21.54443059395507,22.121292665674698,0.22869818885504126,0.3883177673711462,9,1.1140550659682442,1.0910684152220904,0.19125190539022577,0.0,0.0,0.0,0.09868375829198225,0.09256814709824353
968,1,0,1,0.06523520660040545,4.0,21.61162424407547,22.17800471544843,0.2114973524140674,0.3710978582666915,9,1.2155487813848775,1.0916430814907443,0.20652447327257192,0.0,0.0,0.0,0.10320501864584326,0.10331945462672866
969,1,0,1,0.06542302445332959,4.0,21.64286212533522,22.16382237376539,0.1950758800378027,0.35570572767589365,9,1.1117962635648095,1.0947407239880977,0.19088161780237503,0.0,0.0,0.0,0.09852883425758785,0.09235278354478721
970,1,2,1,-0.23454538641837022,3.7654546135816296,21.662625644017435,22.144994401685523,0.1789479520289059,0.48479490942679737,9,1.0961026590798575,1.0951671124775153,0.1879981114925963,0.6342343660553618,0.0,5.551115123125783e-17,0.09676756805338088,0.09123054343921544
971,1,0,1,0.06542708588264473,3.8308816994642743,21.68157809766238,22.131461934458542,0.16282725439114615,0.46944563887558477,9,1.1006104875605476,1.0951905011425738,0.18881980913383375,0.0,0.0,0.0,0.09672418582655848,0.09209562330727529
972,1,0,1,0.06545056708076544,3.8963322665450395,21.69300794862439,22.113462670650247,0.1469031099940597,0.4542557254445942,9,1.088756587956731,1.0953260008030232,0.18668434696846295,0.0,0.0,0.0,0.09554486638251872,0.09113948058594419
973,1,0,1,0.0654519752140487,3.961784241759088,21.706127075610844,22.0963630662285,0.13093569324360896,0.4390456827052808,9,1.0911812880465712,1.095161765481866,0.1870647569385844,0.0,0.0,0.0,0.0958045005027046,0.09126025643587979
974,1,0,0,0.06548403036383042,4.0,21.7086965069402,22.07668215801162,0.11526275527031138,0.4239236017916514,9,1.0779507766584617,1.0950622535459835,0.18477011332156215,0.0,0.0,0.0,0.09403762783978531,0.0907324854817768
975,1,0,1,0.065261815639381,4.0,21.757524246192897,22.133894475492568,0.09845017986893069,0.4067240607098046,9,1.2006745233574398,1.0946344666237957,0.20407269889936477,0.0,0.0,0.0,0.10087545240828426,0.10319724649108056
976,1,0,1,0.06550618960439598,4.0,21.753651153998717,22.108123443045958,0.08292409698231969,0.39175545111633653,9,1.0676413434013479,1.0972854680421367,0.1829681548804749,0.0,0.0,0.0,0.09315649731966597,0.08981165756080894
977,1,0,1,0.06553188865582654,4.0,21.73830800903403,22.081686844489887,0.06769043786567976,0.37684693809485537,9,1.054764621405361,1.096544364926117,0.1808530328287262,0.0,0.0,0.0,0.09140195469983957,0.08945107812888665
978,1,0,1,0.0655278683129499,4.0,21.728895673966843,22.055769181930188,0.05232514380672473,0.3619545625124518,9,1.0601698737112106,1.095499871338098,0.1815460178481518,0.0,0.0,0.0,0.09219176435373014,0.08935425349442165
979,1,0,0,0.06556748464955416,4.0,21.664645662052756,22.02399209964178,0.039196078916949394,0.3472146651634698,9,0.9985895271949289,1.0946166213974258,0.1672137734325433,0.0,0.0,0.0,0.09108759789278084,0.0884393840938912
980,1,0,1,0.06531861418922492,4.0,21.636868306468998,22.076929721198425,0.02547652587771913,0.33016116733714135,9,1.1173762100152487,1.0922159440423633,0.18463830519335295,0.0,0.0,0.0,0.100186559693273,0.10232098695797136
981,1,0,1,0.06534712044224837,4.0,21.451737855461346,22.123372211080074,0.015682505902746786,0.3132321116803514,9,0.9541569895656842,1.0928449506916857,0.16033845379057357,0.0,0.0,0.0,0.09875610041202917,0.10157433394073949
982,1,0,1,0.0653739763820707,4.0,21.14852559136898,22.162447307025396,0.008944252340888538,0.2964717003682631,9,0.8252405835164919,1.0893777516635355,0.14099198924367942,0.0,0.0,0.0,0.09917129207458195,0.10056246787252991
983,1,0,1,0.06562350118213504,4.0,20.68255641148466,22.115090342624395,0.006854946036778438,0.28209964049498987,9,0.5694481781745383,1.0827743224598594,0.09876819706430019,0.0,0.0,0.0,0.09382205743265817,0.08623235923963961
984,1,0,1,0.06565856260625182,4.0,20.23128125113214,22.065445605070472,0.004661987705625253,0.26785578185072567,9,0.5690212709462816,1.0699411688527265,0.09862090185250398,0.0,0.0,0.0,0.09570730452886327,0.08546315186558487
985,1,0,1,0.06572193833583702,4.0,19.788626024288043,22.009592001326894,0.0025577608911518065,0.25382686819202854,9,0.5589093408173884,1.0574181714050652,0.09679884283902326,0.0,0.0,0.0,0.09475462132980955,0.08417348195218259
986,1,0,1,0.06570085175869766,4.0,19.36567333652733,21.962346037871413,0.00016566212960213763,0.23959641332112616,9,0.5747567994241799,1.0449554506403733,0.09973532179471223,0.0,0.0,0.0,0.09979461836357639,0.08538272922541422
987,1,0,0,0.06569911403697093,4.0,18.88650136700221,21.920647088010064,0.0,0.22523316084614117,9,0.5123295649734998,1.0332004843599685,0.08717348762752278,0.0,0.0,0.0,0.10240534657571414,0.08617951484990996
988,1,0,1,0.06559723829407918,4.0,18.414338832827156,21.945412323679072,0.0,0.2089664743819579,9,0.5727814128692643,1.020178711375307,0.09760011878509985,0.0,0.0,0.0,0.10310175349913497,0.09760011878509985
989,1,0,0,0.06578799147960564,4.0,17.953980362006476,21.894284686281345,0.0,0.19487895388459062,9,0.4975076706942482,1.008993778912656,0.08452512298420366,0.0,0.0,0.0,0.10332711682912944,0.08452512298420366
990,1,0,1,0.06567965461837855,4.0,17.505130852956313,21.910237376878978,0.0,0.17887464854480672,9,0.5633098077546663,0.9962066262071956,0.0960258320387033,0.0,0.0,0.0,0.10398550391809797,0.0960258320387033
991,1,0,1,0.06571024738765618,4.0,17.067502581632407,21.921631785587337,0.0,0.16298384288087073,9,0.5591503431303323,0.9853842057458824,0.09534483398361614,0.0,0.0,0.0,0.10440181650069481,0.09534483398361614
992,1,2,1,-0.23424585232788003,3.76575414767212,16.640815017091597,21.927808422617893,0.0,0.3972095795530623,9,0.5542174316702388,0.9747283591804936,0.09464557996685022,0.0,0.0,0.0,0.10444544168367673,0.09464557996685022
993,1,0,1,0.06570573470495346,3.831459882377074,16.224794641664307,21.941948166862023,0.0,0.38123126466747603,9,0.5623349548095745,0.9642155859927373,0.09586988931351789,0.0,0.0,0.0,0.10614621234935517,0.09586988931351789
994,1,2,1,-0.23426304835763062,3.597196834019443,15.819174775622699,21.951571744363847,0.0,0.48413407680254217,9,0.5581722816733773,0.9541685702131582,0.09519553918474666,0.7873875880048562,0.0,5.551115123125783e-17,0.10658430685790357,0.09519553918474666
995,1,0,1,0.06589695835466869,3.663093792374112,15.423695406232131,21.894331234333546,0.0,0.47014086833026775,9,0.4915487835787951,0.9442686629996637,0.08395925083364648,0.0,0.0,0.0,0.10679768743627184,0.08395925083364648
996,1,0,1,0.06592452388994406,3.729018316264056,15.038103021076328,21.837522290139695,0.0,0.45614147359963236,9,0.49054933666449074,0.9329506660141419,0.08399636838381223,0.0,0.0,0.0,0.10764987276066537,0.08399636838381223
997,1,0,1,0.06598155106116783,3.794999867325224,14.66215044554942,21.7762159532356,0.0,0.4423484459407519,9,0.4846317203493929,0.9218906327804006,0.08275816595328327,0.0,0.0,0.0,0.10482944012037006,0.08275816595328327
998,1,2,1,-0.23397714418972287,3.561022723135501,14.295596684410684,21.712553262099753,0.0,0.4863286573722929,9,0.48074270769504773,0.9109591599696255,0.08202805576624254,1.154090675644511,0.0,5.551115123125783e-17,0.10399409024564374,0.08202805576624254
999,1,0,1,0.06606126085952843,3.6270839839950297,13.938206767300414,21.647943138049953,0.0,0.4727019656185702,9,0.4782037075026916,0.9002037486627611,0.08176015052233634,0.0,0.0,0.0,0.10334705733182924,0.08176015052233634
1000,1,0,1,0.06593545033638507,3.693019434331415,13.589751598117907,21.652273676914596,0.0,0.45718160388199597,9,0.5455291173158923,0.8896537476337594,0.09312217041944548,0.0,0.0,0.0,0.1029908509146403,0.09312217041944548
1001,1,1,1,-0.233854127597527,3.4591653067338877,13.84889362781794,21.57756612990474,0.23293169388423116,0.4438890966578124,9,1.0654851145659925,0.8810506318758126,0.1821648800397141,0.0,0.0,0.0,0.10240983669461316,0.07975504334510095
1002,1,0,1,0.06612484273505892,3.5252901494689466,14.10336157258526,21.507804630976274,0.21579136000355104,0.43042566106183605,9,1.0703679397819192,0.8856614939430671,0.18362261685993914,0.0,0.0,0.0,0.10284200328408064,0.08078061357585847
1003,1,0,1,0.06608825446244689,3.5913784039313934,14.359555310913198,21.4475609296729,0.19841619365549323,0.4167401047613368,9,1.086229192113603,0.8902791550890383,0.18636433589134185,0.0,0.0,0.0,0.10425099808834684,0.08211333780299504
1004,1,0,1,0.06608919601496253,3.6574675999463557,14.608703610214974,21.38708940048639,0.18104220931317574,0.4031199010065,9,1.0838546761299177,0.8951779060146525,0.18596512858292633,0.0,0.0,0.0,0.10424390605390496,0.08172122252902135
1005,1,2,1,-0.23413355792249946,3.423334042023856,14.867443514319746,21.414557425207256,0.16343118236019433,0.48404745962816165,9,1.1861027540931692,0.8998948252675342,0.2013814039489186,0.9187194060389998,0.0,0.0,0.10566616171788852,0.09571524223103008
1006,1,0,1,0.06601047321535175,3.4893445152392077,15.111898453482064,21.367865632168137,0.1458201768275917,0.4700800374207241,9,1.1048131696113743,0.9070500234881751,0.1894705664402414,0.0,0.0,0.0,0.10566603319561574,0.08380453324462567
1007,1,0,1,0.06600534653411616,3.555349861773324,15.350826510027623,21.32232338127421,0.12818155581035634,0.45612769002823406,9,1.1053799077928899,0.911994102141255,0.18954581045835212,0.0,0.0,0.0,0.10583172610341218,0.08371408435493993
1008,1,0,1,0.06580484980753563,3.6211547115808593,15.591223411048018,21.359759553555342,0.1105160666717938,0.4399698301299793,9,1.1946618205840756,0.9168287472825458,0.20294009422090376,0.0,0.0,0.0,0.10599293483137526,0.09694715938952851
1009,1,0,1,0.06579410170883371,3.686948813289693,15.826553509617625,21.395387859364618,0.0928186111624791,0.4238356688072939,9,1.1947329784939618,0.9237745741150841,0.20298970099200028,0.0,0.0,0.0,0.10618473305588808,0.09680496793611225
1010,1,0,1,0.06595128100696779,3.7529000942966606,16.050589959321016,21.355333084936404,0.07509167569965051,0.4097660094295938,9,1.114530209499733,0.9305485342245561,0.19077956904317248,0.0,0.0,0.0,0.10636161277697163,0.08441795626620083
1011,1,0,1,0.06593143485543071,3.8188315291520913,16.27263542601372,21.321272940416602,0.05724571182761076,0.3955519758399493,9,1.1231333982793377,0.9351480761064356,0.19235998477010538,0.0,0.0,0.0,0.10707578323223843,0.08528420153786692
1012,1,0,1,0.06573914068180288,3.884570669833894,16.495816386586483,21.364633870952645,0.03940789676421219,0.37923272627615057,9,1.206389600269559,0.9398477091607581,0.20494238776318358,0.0,0.0,0.0,0.10702689038039143,0.09791549738279215
1013,1,0,0,0.06588886819223282,3.950459538026127,16.713623694492256,21.334601391281968,0.021375075306106942,0.3649051333701682,9,1.1342860846735812,0.9465112564384781,0.19416248618452614,0.0,0.0,0.0,0.1081969287486315,0.0859655574358946
1014,1,0,1,0.06572733391009955,4.0,16.830472071077033,21.37820939247341,0.005536049525758924,0.3485647411208856,9,1.1116620049205737,0.9512056271443556,0.1930765081777839,0.0,0.0,0.0,0.10614780338247806,0.09804235349569582
1015,1,0,1,0.06573117628655271,4.0,16.599217881727036,21.417698194459764,0.0,0.3323131428632498,9,0.763451649225117,0.9552170365887611,0.1307258867003681,0.0,0.0,0.0,0.10580467902707057,0.09750958954581457
1016,1,0,1,0.06573784018253839,4.0,16.18423743468386,21.45490550290662,0.0,0.31607584575104014,9,0.5726497633083507,0.9504229019046699,0.09742378267325814,0.0,0.0,0.0,0.10636329858940491,0.09742378267325814
1017,1,0,1,0.06579273104738916,4.0,15.779631498816762,21.48184629330335,0.0,0.300102330816391,9,0.5633134279693954,0.9409785734397621,0.09584108960789472,0.0,0.0,0.0,0.10553058086768557,0.09584108960789472
1018,1,0,1,0.06582292601589108,4.0,15.385140711346345,21.50384108833785,0.0,0.28423583674014213,9,0.559040952367081,0.9315369448030029,0.09519896445749312,0.0,0.0,0.0,0.10553321124468518,0.09519896445749312
1019,1,0,1,0.06602944253457992,4.0,15.000512193562685,21.446699393283453,0.0,0.27055067880738837,9,0.4804543321540497,0.9222245449921048,0.08211094759652246,0.0,0.0,0.0,0.10620024439411102,0.08211094759652246
1020,1,0,1,0.06590218651762682,4.0,14.625499388723618,21.460218379180873,0.0,0.25494680689045784,9,0.5496864707295057,0.9111802896711535,0.09362323150158332,0.0,0.0,0.0,0.10427845793846438,0.09362323150158332
1021,1,0,0,0.06593768948800151,4.0,14.259861904005527,21.470272200562505,0.0,0.2394030629759579,9,0.5465592808611596,0.9021429441976123,0.09326246348699972,0.0,0.0,0.0,0.10313356510389403,0.09326246348699972
1022,1,0,1,0.0661734912711813,4.0,13.903365356405388,21.394567272834795,0.0,0.22621224707387846,9,0.46105187728634933,0.893253352614201,0.07914489541247627,0.0,0.0,0.0,0.10343906023760138,0.07914489541247627
1023,1,0,1,0.06601540439557389,4.0,13.555781222495256,21.398948490903706,0.0,0.21086262407365486,9,0.5392453998897808,0.8824483157310046,0.09209773800134198,0.0,0.0,0.0,0.10174088873042077,0.09209773800134198
1024,1,0,0,0.0660673918139464,4.0,13.216886691932874,21.395455880169166,0.0,0.19573308319737867,10,0.531481101538053,0.873868242834974,0.09077724525765714,0.0,0.0,0.0,0.10034070772329945,0.09077724525765714
1025,1,0,1,0.06628371302700634,4.0,12.886464524634551,21.315121996201892,0.0,0.1827371011451008,10,0.4545525130369552,0.8653085643025511,0.07797589231366694,0.0,0.0,0.0,0.10042659504500562,0.07797589231366694
1026,1,1,1,-0.23372873464654562,3.7662712653534545,13.158254959517754,21.249790498866155,0.2331638140074477,0.16935369289241645,10,1.0614986005683789,0.8550396630209112,0.18131756547142003,0.0,0.0,0.0,0.10101711595531371,0.08030044951610635
1027,1,0,1,0.06606663993317027,3.8323379052866247,13.428428285514624,21.256715580883466,0.21630093222636496,0.15405834788352532,10,1.1372995444737768,0.8602011364595978,0.1929493607398432,0.0,0.0,0.0,0.10117729068649654,0.09177207005334667
1028,1,0,1,0.06625904927482733,3.898596954561452,13.674393904997768,21.18882880295525,0.19976753163187388,0.14075156452142948,10,1.0452074382148773,0.8671285966599522,0.17904110373952148,0.0,0.0,0.0,0.09920040356694632,0.07984070017257514
1029,1,0,1,0.06603774639775457,3.9646347009592064,13.936334564316489,21.20177444245857,0.18275268137995038,0.1253490025387585,10,1.1464668665208695,0.8715805676988255,0.19450447340756719,0.0,0.0,0.0,0.10208910151154134,0.09241537189602582
1030,1,0,1,0.06626820743819058,4.0,14.168019972577309,21.13059196276711,0.16622662122727347,0.11216115499803712,10,1.038955653738737,0.8784527251693766,0.17828344616038938,0.0,0.0,0.0,0.09915636091606123,0.07912708524432818
1031,1,0,1,0.06601072240696508,4.0,14.418716392527532,21.150122970356385,0.14916978503123857,0.09659559213655293,10,1.1526927259231063,0.8824652983836105,0.19573439434511478,0.0,0.0,0.0,0.10234101717620951,0.09339337716890524
1032,1,0,1,0.0661755198715063,4.0,14.661586275193478,21.098070449072623,0.1319759560729629,0.08296049183541396,10,1.0800383454542837,0.8892209840720979,0.1849735755564878,0.0,0.0,0.0,0.10316297374965411,0.08181060180683374
1033,1,0,1,0.06600118932508882,4.0,14.900446970077432,21.117375907582048,0.11489296980280522,0.06743692275671666,10,1.152157571500034,0.8939914181066526,0.19563933209312995,0.0,0.0,0.0,0.10249791762094602,0.09314141447218394
1034,1,0,0,0.06617767701306336,4.0,15.129856600632248,21.06001916456934,0.09771977831744655,0.05398982835755963,10,1.0724984594835945,0.900445571941487,0.18372171530709408,0.0,0.0,0.0,0.103039148912152,0.08068256639494206
1035,1,0,1,0.06598317804604656,4.0,15.356651159500164,21.08242916669372,0.08062443347497054,0.03840713464018362,10,1.1539514551223378,0.9047468941300398,0.1960682313591122,0.0,0.0,0.0,0.10257206905485602,0.09349616230425614
1036,1,1,1,-0.2338819258836124,3.7661180741163878,15.584394103924089,21.038765536567887,0.31316387248390043,0.02462901354898416,10,1.0950563224529324,0.9109770081548473,0.18743209249361778,0.0,0.0,0.0,0.10476336594642106,0.08266872654719667
1037,1,0,1,0.06612450922860595,3.8322425833449936,15.7828158424186,20.860741378347534,0.2964116178407142,0.014113931754488378,10,0.9359765712864648,0.9155789910122993,0.1636040186260917,0.0,0.0,0.0,0.10051352785911699,0.08312569209798801
1038,1,0,1,0.06610597832817124,3.898348561673165,15.985759685409423,20.613988286535267,0.2793696594919035,0.0065129809368512275,10,0.8722796816977059,0.9160889305191535,0.14785745499868663,0.0,0.0,0.0,0.10225175009286373,0.08371158469116084
1039,1,2,1,-0.2341211678214098,3.664227393851755,16.209633328424843,20.676426025928436,0.26173443287033626,0.24016585718355535,10,1.2013050817072108,0.9149936992986173,0.20389410224917903,0.0,0.0,0.0,0.10581135972940381,0.09808274251977521
1040,1,0,1,0.06601774736413155,3.7302451412158866,16.4158469127537,20.661320845233814,0.24423331534735407,0.22581510515835482,10,1.1132598874930646,0.922151483858832,0.1911112172890963,0.0,0.0,0.0,0.10500670513789312,0.08610451215120317
1041,1,0,1,0.06577670986132936,3.796021851077216,16.637079805915175,20.736467142434254,0.22632996940935238,0.2090955845605591,10,1.223308384311601,0.926929193949688,0.2077371992147849,0.0,0.0,0.0,0.10742007562801024,0.1003171235867746
1042,1,0,1,0.06600109607755217,3.862022947154768,16.830990145905666,20.718686438003274,0.20885511909027965,0.19476641769743405,10,1.1104683092682506,0.9343386737087358,0.19082410309318668,0.0,0.0,0.0,0.10484910191443635,0.08597500117875037
1043,1,0,0,0.06577000378009439,3.9277929509348626,17.035412001199518,20.790300865576455,0.19111780655612173,0.1781131702548353,10,1.214778197464756,0.9387419145977236,0.2063433598605399,0.0,0.0,0.0,0.10642387520494745,0.09991948465559246
1044,1,0,1,0.06598727285081185,3.9937802237856745,17.211264719229987,20.771858080422405,0.1738603839671432,0.16380076347636738,10,1.103052754545819,0.9456428216693995,0.1894189762046784,0.0,0.0,0.0,0.10354453553387123,0.08587444067080717
1045,1,0,1,0.06574512485371563,4.0,17.40464697330472,20.84405968982719,0.15616850961290596,0.14708386422048028,10,1.215161933470822,0.9495780699913099,0.20645264166074623,0.0,0.0,0.0,0.10615124612542348,0.10030139553532273
1046,1,0,0,0.06596843779366485,4.0,17.571753246317996,20.82346280668649,0.13889145716638093,0.1327828614411444,10,1.1027270564508729,0.9562176665782977,0.18946833135516544,0.0,0.0,0.0,0.10366231467915014,0.08580601667601531
1047,1,0,1,0.06574568024681567,4.0,17.749185316983034,20.892568508702347,0.12138185725091634,0.11610299223674093,10,1.2064181740060105,0.9598804013251121,0.20513681471920803,0.0,0.0,0.0,0.10505759949278735,0.10007921522642069
1048,1,2,1,-0.23425713794733213,3.765742862052668,17.918507604663098,20.95648881424937,0.1039759754968143,0.34952858322223346,10,1.1992864388692253,0.9660438456421345,0.2038817446116575,0.0,0.0,0.0,0.10443529052461235,0.09944645408704517
1049,1,0,1,0.06585003476609137,3.8315928968187594,18.072706333278123,20.950221053867516,0.08667456769167865,0.33482503799073565,10,1.1198058787059786,0.9718749104728119,0.19202971821980072,0.0,0.0,0.0,0.10380844683081383,0.0882212713889869
1050,1,0,1,0.06566039526201088,3.8972532920807703,18.23862487367279,21.022206709029284,0.06909856889698013,0.3180206242471505,10,1.2134773802350765,0.9755731846786411,0.20628247522970206,0.0,0.0,0.0,0.1054559927681913,0.10082648246151078
1051,1,0,1,0.06582523870062722,3.9630785307813974,18.390123488873975,21.015333940945474,0.051648422763556,0.30328539761905215,10,1.12614663668493,0.981520789567552,0.19311223656913462,0.0,0.0,0.0,0.10470087680054468,0.08841135976858994
1052,1,1,1,-0.23415906905988987,3.7289194617215076,18.525774068372797,21.0057351681412,0.28455595630657693,0.2886903106542796,10,1.1111882424400308,0.9851364357454864,0.19012532053050984,0.0,0.0,0.0,0.10255479874187443,0.0875705217886354
1053,1,0,1,0.06555758570050119,3.7944770474220086,18.697073168993846,21.087251065942887,0.2665398977975915,0.27158953848201484,10,1.2411027293355879,0.9882877309128499,0.2107009840875008,0.0,0.0,0.0,0.10809635105391227,0.10260463303358854
1054,1,0,1,0.06554909200279341,3.860026139424802,18.86196095470231,21.16589177397892,0.24858106074621744,0.2544880916185351,10,1.2381365996179174,0.9946081058734184,0.21036170348912317,0.0,0.0,0.0,0.10775302230824461,0.10260868118087857
1055,1,0,1,0.0655432364721966,3.9255693758969983,19.020762910404358,21.238985271198942,0.23067050160778493,0.2375116138755554,10,1.2325917711390955,1.000696318217031,0.20932222128847305,0.0,0.0,0.0,0.10746335483059495,0.10185886645787813
1056,1,0,1,0.06578403220641973,3.991353408103418,19.13129070459049,21.225916867452153,0.21384808047702153,0.22268944554381775,10,1.1039530949794296,1.0064937045400826,0.18986753677500603,0.0,0.0,0.0,0.10093452678458048,0.08893300999042554
1057,1,0,1,0.06578114874178044,4.0,19.237901122462446,21.21385092684771,0.19705300640889975,0.2078546098615274,10,1.1034746665685742,1.0089301893010663,0.1897794585024729,0.0,0.0,0.0,0.1007704444087307,0.08900901409374223
1058,1,0,0,0.06554841434503622,4.0,19.376474470655282,21.28433883590855,0.17944147841812677,0.1909031646550268,10,1.220355058486434,1.0112938012327541,0.2073778391836416,0.0,0.0,0.0,0.10566916794463795,0.10170867123900369
1059,1,0,1,0.06577121562338492,4.0,19.465908113965355,21.27338902382708,0.16296501033604852,0.17602448876437324,10,1.0950041638926984,1.016520332664096,0.1881308638363909,0.0,0.0,0.0,0.0988588084924695,0.08927205534392138
1060,1,0,1,0.06553784437802408,4.0,19.59510850989929,21.342157744111383,0.14545968881593552,0.15906676224289656,10,1.21645154466305,1.018482428444811,0.20677828824953812,0.0,0.0,0.0,0.10503192912067798,0.1017463591288601
1061,1,0,1,0.06552307606488109,4.0,19.719469050766634,21.40953676466141,0.1280075378629999,0.14206643860025078,10,1.2151712177676386,1.023431656350267,0.20671484757348849,0.0,0.0,0.0,0.1047129057176138,0.10200194185587469
1062,1,0,1,0.06553217313415144,4.0,19.834766512132344,21.470937491932354,0.11071275808646071,0.1251874829940691,10,1.2049233340223489,1.0282251453857014,0.20504241229632536,0.0,0.0,0.0,0.10376867865923525,0.10127373363709014
1063,1,0,1,0.0655452719687358,4.0,19.941935571631703,21.524924138640607,0.09356311982105504,0.10849269327073306,10,1.1937983063092268,1.0326426001016173,0.20306656793245015,0.0,0.0,0.0,0.10289782959243396,0.1001687383400162
1064,1,0,0,0.06583120117170571,4.0,19.98511625346301,21.485997063278912,0.07799784999071216,0.09429022414748878,10,1.0409250992264218,1.0366714927568077,0.17860643372152302,0.0,0.0,0.0,0.09339161898205728,0.0852148147394657
1065,1,0,0,0.06558097621246453,4.0,20.07420237078085,21.534246907971916,0.061259832539118014,0.07772204359193682,10,1.1741137949293965,1.0367778329185482,0.1998371880428765,0.0,0.0,0.0,0.10042810470956486,0.09940908333331167
1066,1,0,1,0.06556001301622398,4.0,20.16258409452471,21.58277500817225,0.04447260033123423,0.0610995682448473,10,1.177121055913006,1.040211231968819,0.20045824532983986,0.0,0.0,0.0,0.1007233932473027,0.09973485208253716
1067,1,0,0,0.06570362723804545,4.0,20.15676271910315,21.56093904252056,0.029011147163870366,0.04636965214707776,10,1.0159766364941756,1.0436339775674242,0.18114821559080044,0.0,0.0,0.0,0.10237456734528512,0.08837949658661723
1068,1,2,1,-0.2344066173636641,3.765593382636336,19.994585002991723,21.60309341264706,0.0180287669428217,0.2798897498940462,10,0.9229191980556668,1.0429425440405928,0.1647736948444812,0.0,0.0,0.0,0.09876499862090614,0.09887941351818925
1069,1,2,1,-0.23449965149154983,3.531093731144786,19.80024875641139,21.656103764336102,0.009178209033524431,0.4825226557602486,10,0.8986160654996762,1.0399419603909696,0.15366088035762793,0.1836450319009415,0.0,5.551115123125783e-17,0.10218155260485462,0.10055753290184434
1070,1,0,1,0.06544574106426475,3.5965394722090505,19.59073649710335,21.714158117694552,0.001200331964314836,0.4655821918458038,10,0.8849509070691036,1.0364088130186873,0.1495100459019263,0.0,0.0,0.0,0.10404740002419613,0.10164278348666872
1071,1,2,1,-0.23434621764990937,3.3621932545591413,19.138200553516572,21.692830840196436,0.0,0.48521337395287273,10,0.5587591442850512,1.0326223653699478,0.09592174806865296,1.2934931510748227,0.0,5.551115123125783e-17,0.10252487229852403,0.08871975628276393
1072,1,0,1,0.06549743725589825,3.4276906918150396,18.65974553967866,21.742690117511064,0.0,0.4684572258244311,10,0.5921800483195352,1.0207757848428254,0.10053688877064908,0.0,0.0,0.0,0.10503884615111003,0.10053688877064908
1073,1,0,1,0.06575096714952405,3.4934416589645636,18.19325190118669,21.70429309758736,0.0,0.4541514728880629,10,0.5051702330140769,1.010060891429743,0.0858345176182091,0.0,0.0,0.0,0.10183528515728821,0.0858345176182091
1074,1,0,1,0.06557226024410795,3.5590139192086716,17.738420603657026,21.7461377724235,0.0,0.43758695920730245,10,0.5844520022758222,0.9974386249693514,0.09938708208456334,0.0,0.0,0.0,0.10604825841556584,0.09938708208456334
1075,1,1,1,-0.23418311569754768,3.324830803511124,17.89733042051705,21.700446781961986,0.232745620042337,0.4234687872010386,10,1.1003327858005292,0.9871139594020131,0.18823531178356076,0.0,0.0,0.0,0.1035262797459782,0.08470903203758258
1076,1,0,1,0.06577897914564958,3.3906097826567736,18.049908723200197,21.66626689039321,0.21556588859343292,0.4089408301516206,10,1.1083428411763416,0.989944430061976,0.19024613098993282,0.0,0.0,0.0,0.1030783886934244,0.0871677422965084
1077,1,0,1,0.06576319951296553,3.4563729821697393,18.20446752885269,21.635635731866614,0.19822856838357614,0.3943222148750843,10,1.116832037465732,0.9929043903398352,0.1917356129183583,0.0,0.0,0.0,0.10402392125914056,0.08771169165921772
1078,1,0,1,0.06552709162196205,3.5219000737917012,18.387597750894997,21.68704951620881,0.18014551556399197,0.37756838221060884,10,1.2305465879024875,0.9960025815179826,0.20902131290435821,0.0,0.0,0.0,0.10849831691750508,0.1005229959868531
1079,1,0,1,0.06552465177528262,3.5874247255669838,18.55971996969425,21.735452062853657,0.1622344148056718,0.360853036015647,10,1.2223909471216983,1.0018661816775953,0.20775868171969195,0.0,0.0,0.0,0.10746660454992105,0.1002920771697709
1080,1,0,0,0.06551173659261003,3.6529364621595937,18.72804905675681,21.78278260556426,0.14431923698661883,0.3441259382846074,10,1.2230389305868574,1.0073793008136978,0.20785365330055477,0.0,0.0,0.0,0.10749106691431767,0.1003625863862371
1081,1,0,1,0.06575714023091292,3.7186936023905064,18.839223012937516,21.748677168951712,0.12771760345358185,0.3295666131015483,10,1.0898393111261864,1.0127707915580269,0.18696575229657691,0.0,0.0,0.0,0.09960980119822191,0.087355951098355
1082,1,0,1,0.06578873097905641,3.7844823333695627,18.93592533252051,21.71077646477375,0.11144428462250562,0.3151652076090227,10,1.0734991199522619,1.0146975045472308,0.1840483459416107,0.0,0.0,0.0,0.09763991298645747,0.08640843295515326
1083,1,0,1,0.06576570622862489,3.8502480395981875,19.037926408404218,21.678617999225207,0.09494727286820599,0.3006081680601424,10,1.0860101552675205,1.0161675449323564,0.18632430781907994,0.0,0.0,0.0,0.09898207052579766,0.08734223729328229
1084,1,0,0,0.06553854208845304,3.9157865816866404,19.181756813193843,21.72373819956507,0.07737092799085268,0.28401062384725173,10,1.2068642153202271,1.0179136101907358,0.20504333454146378,0.0,0.0,0.0,0.10545806926411996,0.09958526527734382
1085,1,0,1,0.06579563957910221,3.9815822212657426,19.259366467661604,21.684325610797295,0.06138870279262936,0.2696918332912976,10,1.0608344410189563,1.0226373753189728,0.18180609452506483,0.0,0.0,0.0,0.09589335118934002,0.0859127433357248
1086,1,0,1,0.06576713324272124,4.0,19.355709953230843,21.647339422339414,0.044825024774001014,0.2553564454656074,10,1.0829495990728293,1.0235923019614726,0.18539439506591146,0.0,0.0,0.0,0.09938206811177007,0.08601232695414138
1087,1,0,1,0.06577664100627784,4.0,19.44104444241454,21.609062665865352,0.02850657071089308,0.2411155736866816,10,1.0721339670988907,1.0250762343892565,0.1833559550522021,0.0,0.0,0.0,0.09791072437864753,0.0854452306735545
1088,1,0,1,0.06580118654438806,4.0,19.483900326396814,21.567865723416595,0.013722781451999866,0.2269955539045342,10,1.0279116192405189,1.0262526777069971,0.1734228542462438,0.0,0.0,0.0,0.09577872188019457,0.08472011869288452
1089,1,0,1,0.06556801371418539,4.0,19.289525963669334,21.6148596778447,0.005552967624714381,0.21038629215801208,10,0.8789137429459541,1.0262941512453354,0.14867445344284544,0.0,0.0,0.0,0.10234699497367608,0.09965557047913255
1090,1,0,1,0.06574903014462878,4.0,18.900703323977524,21.586798619249535,0.0025990153443149013,0.1958696070951832,10,0.6057259427508759,1.022609641037851,0.10482382405937034,0.0,0.0,0.0,0.10060042905834841,0.08710011037697346
1091,1,0,0,0.06576217849841294,4.0,18.50615620120753,21.558249136601844,0.0,0.18138617452737651,10,0.5890909431629947,1.0121875485806764,0.10249468747272937,0.0,0.0,0.0,0.1033508936296111,0.08690059540683996
1092,1,0,0,0.06577482175843755,4.0,18.043502296177344,21.530270094740843,0.0,0.16692319583288118,10,0.5109771865540459,1.0016101334452343,0.0867778721669722,0.0,0.0,0.0,0.10590989984230233,0.0867778721669722
1093,1,0,1,0.0657060805966902,4.0,17.59241473877291,21.562781126668717,0.0,0.1507096400973383,10,0.5707677842963979,0.9893443097729546,0.097281334413257,0.0,0.0,0.0,0.10304119387648043,0.097281334413257
1094,1,1,1,-0.23426284264583266,3.765737157354167,17.764124420009622,21.589458607081518,0.23270156205199963,0.13463676127963,10,1.1772670582855476,0.9788798966360407,0.20022790059425222,0.0,0.0,0.0,0.10379062768800235,0.09643727290624989
1095,1,0,1,0.06588194994929628,3.8316191073034633,17.9149987678401,21.54543514170023,0.21570321496013292,0.12040097640781801,10,1.090690458126474,0.9838395756772783,0.18740479178207203,0.0,0.0,0.0,0.10199008255120007,0.08541470923087198
1096,1,0,1,0.06562298456044717,3.8972420918639106,18.10221733382027,21.59012414132183,0.1977419271491824,0.1038613298650604,10,1.21841841334028,0.9865108477385083,0.2070056061222486,0.0,0.0,0.0,0.10776772686570296,0.09923787925654565
1097,1,0,0,0.06585945150136632,3.9631015433652768,18.250260748259024,21.54753331173968,0.18054587125125257,0.08959954171954403,10,1.0977611217351537,0.9923085368785526,0.1887470642606774,0.0,0.0,0.0,0.10317633538757905,0.08557072887309834
1098,1,0,1,0.06562489541244224,4.0,18.419725531069084,21.591900048287393,0.16285078373557121,0.07304462514559319,10,1.208776370857743,0.9949448514999676,0.20550002453779323,0.0,0.0,0.0,0.10617052509408834,0.09932949944370491
1099,1,0,1,0.0658782119712889,4.0,18.540155820016587,21.54721128350615,0.14621255559280202,0.05889382649041599,10,1.0760321636501688,1.000290639483912,0.18473416078767818,0.0,0.0,0.0,0.09982936885661495,0.08490479193106323
1100,1,0,0,0.0658375261465238,4.0,18.67714071239573,21.508444398247352,0.12901785302482544,0.04460327741156018,10,1.1004021847084111,1.0021841775880684,0.18891150988099445,0.0,0.0,0.0,0.10316821540785967,0.0857432944731348
1101,1,0,1,0.0656618402350485,4.0,18.81907193375547,21.547989016861827,0.11177025210071212,0.028224728106792506,10,1.1861154677402936,1.004639627766077,0.2017569013732861,0.0,0.0,0.0,0.10348560554468,0.0982712958286061
1102,1,0,1,0.0656380955974815,4.0,18.957478413467623,21.48711234179273,0.09452550764988933,0.014176602029292357,10,1.0867063284084875,1.0091765237654324,0.18775722316993754,0.0,0.0,0.0,0.10346846670493665,0.09892530096525927
1103,1,0,1,0.06582468009025914,4.0,19.078059675324177,21.115852455266783,0.07750464306226877,0.00864256622256363,10,0.7604361442121157,1.0111147688815088,0.13532940236609575,0.0,0.0,0.0,0.10212518752572335,0.08603754743817224
1104,1,0,1,0.06568355298626583,4.0,19.195174013247957,20.751285142012716,0.06065971788732333,0.003313411153652799,10,0.7573948279344886,1.004847803264774,0.1330444814631377,0.0,0.0,0.0,0.10106955104967272,0.09969321755450762
1105,1,0,1,0.0658746306286353,4.0,19.30526552189777,20.306438643211713,0.04377272235584324,0.000474299632493651,10,0.6639064887303255,0.9986614788815169,0.11835664231583537,0.0,0.0,0.0,0.10132197318888048,0.08774168885100533
1106,1,0,1,0.06591303128745339,4.0,19.40038755121347,19.810160868311264,0.02724113082608609,0.0,10,0.5891368585429928,0.9902926041277371,0.1020353469735048,0.0,0.0,0.0,0.09918954917854289,0.08804655888354905
1107,1,0,1,0.06579420183359043,4.0,19.416705503440546,19.314906846603485,0.012665834356852645,0.0,10,0.5013276410074129,0.9802637104881184,0.08745177881540067,0.0,0.0,0.0,0.09724093183895485,0.10239794349647365
1108,1,0,1,0.0658272390151176,4.0,19.226394590003245,18.832034175438398,0.0038589029347591286,0.0,10,0.29510672414871025,0.9682903087511008,0.05284158853256111,0.0,0.0,0.0,0.0969693593878661,0.10311330902495697
1109,1,0,1,0.06589087251746786,4.0,18.87592535690957,18.36123332105244,0.0,0.0,10,0.13019063165640854,0.9514607191360411,0.02315341760855477,0.0,0.0,0.0,0.0963329255024879,0.10334909021662318
1110,1,0,1,0.06593802047205854,4.0,18.404027222986834,17.902202488026127,0.0,0.0,10,0.0,0.9309289669490501,0.0,0.0,0.0,0.0,0.09697774394777361,0.1040068264264929
1111,1,0,1,0.06602409998064705,4.0,17.94392654241216,17.45464742582547,0.0,0.0,10,0.0,0.907655742775324,0.0,0.0,0.0,0.0,0.09622260288994576,0.1031002079169455
1112,1,0,1,0.06608656615663637,4.0,17.49532837885186,17.01828124017984,0.0,0.0,10,0.0,0.8849643492059409,0.0,0.0,0.0,0.0,0.0962128367002972,0.10308369442134656
1113,1,0,0,0.06622529611296389,4.0,17.05794516938056,16.59282420917534,0.0,0.0,10,0.0,0.8628402404757924,0.0,0.0,0.0,0.0,0.09829071657900935,0.09321587971135092
1114,1,0,1,0.06626534962932638,4.0,16.631496540146046,16.17800360394596,0.0,0.0,10,0.0,0.8412692344638977,0.0,0.0,0.0,0.0,0.09786469101284623,0.09470481239656497
1115,1,0,1,0.06634708874225069,4.0,16.215709126642395,15.773553513847308,0.0,0.0,10,0.0,0.8202375036023002,0.0,0.0,0.0,0.0,0.09607279768615272,0.09364082022807091
1116,1,0,0,0.06638060104871318,4.0,15.810316398476335,15.379214676001126,0.0,0.0,10,0.0,0.7997315660122427,0.0,0.0,0.0,0.0,0.09437068123382586,0.09946076756208667
1117,1,0,1,0.06640761716220699,4.0,15.415058488514427,14.9947343091011,0.0,0.0,10,0.0,0.7797382768619365,0.0,0.0,0.0,0.0,0.09444774088282624,0.10008003194764568
1118,1,0,1,0.06655744499943707,4.0,15.029682026301565,14.619865951373571,0.0,0.0,10,0.0,0.7602448199403882,0.0,0.0,0.0,0.0,0.09238750256845853,0.09031764851240612
1119,1,0,1,0.06655762989700302,4.0,14.653939975644025,14.254369302589232,0.0,0.0,10,0.0,0.7412386994418785,0.0,0.0,0.0,0.0,0.0919299925668339,0.09676733389381145
1120,1,0,1,0.0666780504522228,4.0,14.287591476252924,13.898010070024501,0.0,0.0,10,0.0,0.7227077319558316,0.0,0.0,0.0,0.0,0.0899967372918133,0.08832516429313926
1121,1,0,1,0.06674556941821475,4.0,13.930401689346603,13.55055981827389,0.0,0.0,10,0.0,0.7046400386569358,0.0,0.0,0.0,0.0,0.08837067816355423,0.08654373108650953
1122,1,2,0,-0.23319097562047336,3.7668090243795267,13.582141647112937,13.724837159281746,0.0,0.23565422921305382,10,0.5130413364647051,0.6870240376905123,0.08607462472167705,0.0,0.0,0.0,0.08680524988034442,0.08607462472167705
1123,1,2,1,-0.2333312164200272,3.5334778079594997,13.242588105935113,13.952121966015827,0.0,0.4698384191927359,10,0.5704057357161236,0.682674470159867,0.09489486012190723,0.0,0.0,0.0,0.08978018829374514,0.09489486012190723
1124,1,0,0,0.06659921140107843,3.6000770193605782,12.911523403286736,14.186037453890417,0.0,0.4537099612232172,10,0.5827185370249867,0.6798677517987736,0.09677074781711237,0.0,0.0,0.0,0.09129492135103096,0.09677074781711237
1125,1,0,1,0.06669978484418228,3.6667768042047606,12.588735318204566,14.357869092523707,0.0,0.4389747085267508,10,0.5264825749805502,0.6774390214294288,0.08841151617879844,0.0,0.0,0.0,0.08910675318238373,0.08841151617879844
1126,1,1,1,-0.2332696180418819,3.4335071861628785,12.797938540911872,14.51855394193383,0.23529794706813056,0.42441734032140244,10,1.043553182385634,0.6736651102682069,0.1755565268233069,0.0,0.0,0.0,0.0882123175912167,0.08734420923209023
1127,1,2,1,-0.2334090490089299,3.2000981371539488,13.009723623645002,14.7360819878079,0.22019438594599341,0.4839480425636175,10,1.1122254406783445,0.6829123120711426,0.18693311135111773,1.0465040419284146,0.0,0.0,0.0906213667328228,0.09631174461829496
1128,1,0,1,0.06660196361391306,3.2667001007678618,13.225642139767103,14.907581049288217,0.20492601101065533,0.46882472678763204,10,1.0810627178887384,0.6936451402863226,0.18235014426794172,0.0,0.0,0.0,0.09161024961202854,0.0907398946559132
1129,1,0,1,0.06651191650085099,3.3332120172687127,13.434934471123821,15.122721457521155,0.1895608407846291,0.4525355664938722,10,1.127763319316039,0.7033305797263831,0.1899259831187157,0.0,0.0,0.0,0.09219102135615734,0.09773496176255833
1130,1,0,0,0.06648669438728466,3.3996987116559976,13.642205667706431,15.33435478278034,0.17411702542984134,0.43617387872001023,10,1.1328459200579182,0.7139413982161245,0.19083301877189865,0.0,0.0,0.0,0.0926628921287265,0.09817012664317214
1131,1,0,1,0.06652936050363231,3.46622807215963,13.855871070202552,15.48853352776933,0.15846933511525435,0.42107111378404594,10,1.0922581587472833,0.7244140112621692,0.18450273150330818,0.0,0.0,0.0,0.09388614188752213,0.09061658961578603
1132,1,0,1,0.0664884691179024,3.5327165412775323,14.071648735098194,15.644243003725022,0.14256752977200735,0.4058308034187546,10,1.1050972558006302,0.7336101149492971,0.1868526942512299,0.0,0.0,0.0,0.095410832059482,0.09144186219174794
1133,1,0,1,0.066482138189892,3.5991986794674244,14.283284898906569,15.791013784297117,0.1266416738790739,0.3906980605006513,10,1.1013042378510485,0.7428972934705804,0.18635159286622055,0.0,0.0,0.0,0.09555513535760073,0.09079645750861984
1134,1,0,1,0.06637112989310957,3.6655698093605342,14.486613921067928,15.993048965334243,0.11070190945652679,0.3741093672201723,10,1.1572216702785811,0.7518574670800922,0.19517074621815636,0.0,0.0,0.0,0.09563858653528268,0.09953215968287366
1135,1,0,1,0.06641435987869282,3.731984169239227,14.697399285263561,16.138255973892527,0.09448048484933785,0.3587632017545672,10,1.1179839449139688,0.7619915721600545,0.18940554043676444,0.0,0.0,0.0,0.09732854764313352,0.09207699279363088
1136,1,0,1,0.06638751447189718,3.798371683711124,14.906999635416721,16.280156859976735,0.07814701320054405,0.3433954357078188,10,1.1223926177162704,0.7708913814789022,0.1902074261732538,0.0,0.0,0.0,0.0980008298927628,0.09220659628049097
1137,1,0,1,0.06629618130283241,3.8646678650139563,15.099567945579327,16.474807736365847,0.062053908933975895,0.326610547349201,10,1.1668980989365538,0.7796789123848364,0.19726795575111547,0.0,0.0,0.0,0.09655862559940889,0.10070933015170652
1138,1,0,1,0.06628037897266281,3.9309482439866192,15.289201064222883,16.66079696555152,0.045944606043491605,0.30992966096941893,10,1.164981739877858,0.7893593920486293,0.1967411356215979,0.0,0.0,0.0,0.09665581734290579,0.10008531827869209
1139,1,0,1,0.06630872600388106,3.9972569699905005,15.496948488597655,16.791499148809102,0.029184948872847085,0.29449778044132985,10,1.1371995583767158,0.7987499507443601,0.19314922619240127,0.0,0.0,0.0,0.10055794302386711,0.09259128316853416
1140,1,0,1,0.06623855900528497,4.0,15.660949173632087,16.96983297246452,0.013255217977590527,0.2778026601945567,10,1.1495456996250206,0.8072111909351689,0.19574910685217867,0.0,0.0,0.0,0.09764434209716344,0.10017072148063931
1141,1,0,0,0.0662081264358117,4.0,15.562326785978362,17.14584221678301,0.00372868869076437,0.26101790224445937,10,0.8931564103171775,0.8157695536524152,0.15786772342154087,0.0,0.0,0.0,0.09804746112238108,0.10070854770058392
1142,1,0,1,0.06630641717611582,4.0,15.285985549071452,17.25042482573996,0.0,0.2459214651404319,10,0.6459455971190726,0.8177042250690343,0.11295075476875076,0.0,0.0,0.0,0.10006963267579973,0.09057862262416454
1143,1,0,1,0.06631862775941369,4.0,14.903835910344664,17.35108991360488,0.0,0.23085672926412723,10,0.5319257085084247,0.8134102593702853,0.09038841525782812,0.0,0.0,0.0,0.10032756882017661,0.09038841525782812
1144,1,0,1,0.06626791763214829,4.0,14.531240012586048,17.50158946877766,0.0,0.21446128770946757,10,0.5842768030129013,0.8063731455987387,0.09837264932795811,0.0,0.0,0.0,0.09682094737128334,0.09837264932795811
1145,1,0,1,0.06629427586570194,4.0,14.167959012271398,17.64331227168376,0.0,0.19816631876395752,10,0.57926253962554,0.8008207370340927,0.09776981367306037,0.0,0.0,0.0,0.095970515971616,0.09776981367306037
1146,1,0,1,0.06639924860476398,4.0,13.813760036964613,17.719974283236134,0.0,0.18345485110554235,10,0.5177448183444628,0.795281782098879,0.08826880595049091,0.0,0.0,0.0,0.09781047702748495,0.08826880595049091
1147,1,0,1,0.06634036707402159,4.0,13.468416036040498,17.845808640563426,0.0,0.1674288253487103,10,0.5688337144082015,0.7883433580050185,0.0961561545409924,0.0,0.0,0.0,0.0950620649634191,0.0961561545409924
1148,1,0,1,0.06640472039628484,4.0,13.131705635139486,17.92720108950911,0.0,0.1524589023345199,10,0.5275376649597685,0.7828556169150982,0.08981953808514255,0.0,0.0,0.0,0.09774052982489242,0.08981953808514255
1149,1,0,0,0.06639220298173198,4.0,12.803412994260999,18.038785879702317,0.0,0.13663472672978047,10,0.5597648174309328,0.776472668116215,0.09494505362843661,0.0,0.0,0.0,0.09354522661365437,0.09494505362843661
1150,1,0,1,0.06642621592766515,4.0,12.483327669404474,18.14098830489878,0.0,0.12097831088840261,10,0.5531720721890219,0.7710549718490829,0.09393849504826711,0.0,0.0,0.0,0.09255110641495713,0.09393849504826711
1151,1,0,1,0.0664930391715934,4.0,12.171244477669362,18.201665605745962,0.0,0.1063343989940853,10,0.514202008469649,0.7656078993575813,0.0878634713659038,0.0,0.0,0.0,0.09459463465074489,0.0878634713659038
1152,1,2,1,-0.2334682816681039,3.7665317183318963,11.866963365727626,18.254189673503898,0.0,0.3418966724953651,11,0.5075657079015868,0.7593227520853831,0.08662635899232117,0.0,0.0,0.0,0.09288037802111138,0.08662635899232117
1153,1,1,1,-0.2334918269020923,3.533039891429804,12.120552652764566,18.301958776896562,0.23452345775183012,0.3275412123455866,11,1.0543872164103913,0.7530288259807881,0.17899201438769072,0.0,0.0,0.0,0.09285925348901947,0.08613276089867125
1154,1,0,1,0.06635311402867694,3.599393005458481,12.373213003032856,18.407603110019867,0.21885854577574274,0.31165515578354847,11,1.1188674691331242,0.7605627857415282,0.1893058112287526,0.0,0.0,0.0,0.0939894718565239,0.0953163393722287
1155,1,0,1,0.06631922351252516,3.665712228971006,12.62653190773506,18.51355630215612,0.20300704244914244,0.29567756553427654,11,1.1287924996647773,0.7695204028263181,0.19097456145523342,0.0,0.0,0.0,0.09510901995960197,0.09586554149563144
1156,1,0,0,0.0662984412355671,3.7320106702065727,12.878425372682877,18.616296680592292,0.18699423164584109,0.279718720824588,11,1.133136048631266,0.7785022052472796,0.19182993307793975,0.0,0.0,0.0,0.09607686481980819,0.09575306825813154
1157,1,0,1,0.06627343934595921,3.798284109552532,13.128089435687066,18.717211840751066,0.1708610705130038,0.26373127601550056,11,1.1379472744948402,0.7873680513318793,0.1927236356515484,0.0,0.0,0.0,0.09679896679702371,0.09592466885452465
1158,1,0,1,0.0663821302176344,3.8646662397701665,13.37049115443643,18.75705247993713,0.15469472216421173,0.24925895849981564,11,1.0783748898463839,0.7961325319109533,0.18383199518686152,0.0,0.0,0.0,0.09699809009275247,0.08683390509410904
1159,1,0,1,0.06621180813906813,3.9308780479092347,13.617610046098857,18.860783909516357,0.13828302988161537,0.23308375231072556,11,1.1540389121009924,0.8031885908593391,0.19552139083011874,0.0,0.0,0.0,0.0984701536955781,0.09705123713454065
1160,1,0,0,0.06622260694432172,3.9971006548535564,13.853609868983229,18.95584693408759,0.12198023494202566,0.2170857898318808,11,1.1430226963459806,0.8119598488903804,0.19380454451060666,0.0,0.0,0.0,0.09781676963753812,0.09598777487306856
1161,1,0,1,0.06633177616215154,4.0,14.088993388056448,18.986496550915923,0.10547125589624522,0.20269403775457565,11,1.0862695559783249,0.8202364200767704,0.18540438673851375,0.0,0.0,0.0,0.09905387427468282,0.08635051246383092
1162,1,0,1,0.06632730746147635,4.0,14.318773611250437,19.01417653597752,0.08893799440081536,0.1883592988243393,11,1.0843474567298932,0.8268872484743092,0.1852080025539973,0.0,0.0,0.0,0.09919956897257899,0.08600843358141827
1163,1,0,0,0.06627889840472685,4.0,14.552418689554383,19.05048192024238,0.07211756993678968,0.1737734917797367,11,1.1032742162495088,0.8333237536806988,0.18843738905176968,0.0,0.0,0.0,0.10092254678415422,0.0875148422676155
1164,1,0,1,0.06626274193075965,4.0,14.781901982747778,19.086941735715516,0.055238540196125875,0.1591676270956454,11,1.1060156239114525,0.8400725152449191,0.18890936654853058,0.0,0.0,0.0,0.10127417844398276,0.08763518810454782
1165,1,0,0,0.06620910741157823,4.0,15.018538554754315,19.13471041792994,0.037988791500137085,0.14422930373696102,11,1.1311263471825406,0.8467210929615825,0.19312843232803886,0.0,0.0,0.0,0.10349849217593271,0.0896299401521062
1166,1,0,1,0.06611901616691769,4.0,15.231648215604103,19.23052164855848,0.02132331733358156,0.12798572210176137,11,1.1627521157954335,0.8538312243171065,0.19745433481053112,0.0,0.0,0.0,0.09999284499933318,0.09746148981119798
1167,1,0,1,0.06618867194809384,4.0,15.259885820004728,19.271594265209572,0.007909594287070394,0.1131404667411346,11,0.9308644676557852,0.8615542466040647,0.16955387044282763,0.0,0.0,0.0,0.1031826817341922,0.08907153216376065
1168,1,0,1,0.06609328114372878,4.0,15.114495147136296,19.362321154476348,0.0007962924940892148,0.09694708464201152,11,0.8086232185286979,0.8632870021303576,0.1398401033526256,0.0,0.0,0.0,0.10041611912043838,0.0971602925947385
1169,1,0,1,0.06617527981252216,4.0,14.761909810321198,19.40285268513874,0.0,0.08202108448297783,11,0.5498666013876135,0.8619204075403161,0.0943337559187374,0.0,0.0,0.0,0.10405652713634282,0.08955600095420212
1170,1,0,1,0.06617759517529087,4.0,14.39286206506317,19.44204819966539,0.0,0.06709212854804765,11,0.5242668316551182,0.8541190623864985,0.08957373560958097,0.0,0.0,0.0,0.10427960299001518,0.09039911775960376
1171,1,0,1,0.06622126795223153,4.0,14.033040513436589,19.368798584150923,0.0,0.05482887449096923,11,0.4128015894771668,0.845872756618214,0.07357952434247059,0.0,0.0,0.0,0.10304925377204192,0.08949348996702403
1172,1,0,1,0.06622849578342631,4.0,13.682214500600676,19.322563117046588,0.0,0.04187303790364643,11,0.43798449749943913,0.8350459774396879,0.07773501952393683,0.0,0.0,0.0,0.0978667459463751,0.09420573365243465
1173,1,0,1,0.06626780498905384,4.0,13.340159138085657,19.102455730017844,0.0,0.03348591369018162,11,0.26295669089742124,0.8251194404411817,0.05032274528078881,0.0,0.0,0.0,0.0962942923477414,0.09383627544158396
1174,1,1,0,-0.23366500175724111,3.7663349982427587,13.563858279388297,18.841460294090687,0.23429744698071664,0.026223381010021196,11,0.7737690770780687,0.8110653717025875,0.13779051419666252,0.0,0.0,0.0,0.09421531811569996,0.09329562819228455
1175,1,0,1,0.06641546843772797,3.8327504666804866,13.779723965004841,18.546394362614546,0.21861431773930518,0.021136962263854035,11,0.7309327184773788,0.8101329643369746,0.12461728792547203,0.0,0.0,0.0,0.09409877544846908,0.08590685839127915
1176,1,0,1,0.0662423228184294,3.898992789498916,14.011703847108876,18.184242408391153,0.20236020348592987,0.017922895598680707,11,0.6779808860711238,0.8081529581904847,0.11680908551129168,0.0,0.0,0.0,0.0975246855202517,0.09837056953853696
1177,1,1,1,-0.23372770386056546,3.6652650856383504,14.2328523508721,17.781804617290604,0.43622173188104996,0.01574921771912936,11,0.6236093690501789,0.8048986563875007,0.10987289690658761,0.0,0.0,0.0,0.09683082962927955,0.09861988098091581
1178,1,1,1,-0.23380462260607057,3.43146046303228,14.470560926549673,17.386480632318538,0.4832525023331678,0.013698337283287747,11,0.6427510149095744,0.8003664242040678,0.11279026861604251,1.1173303912862997,0.0,5.551115123125783e-17,0.10048498600099282,0.10135704585009128
1179,1,0,1,0.06631909323666092,3.497779556268941,14.687310153335133,17.00367982695117,0.4669479809831291,0.011537453514929538,11,0.6303744603897994,0.7964260389717054,0.11079243071038158,0.0,0.0,0.0,0.09782712810023235,0.09274694436186283
1180,1,0,0,0.06636424096149807,3.564143797230439,14.889524811494836,16.62963664217346,0.4509085452988823,0.00941041972759344,11,0.6204462228891466,0.7922747495071577,0.10899881682949769,0.0,0.0,0.0,0.09623661410548111,0.09239529940173147
1181,1,0,1,0.06636102375245483,3.630504820982894,15.087936267849429,16.264084117381984,0.43482170508393625,0.007319236758307541,11,0.6208379679048267,0.7879790363417074,0.10906813910539145,0.0,0.0,0.0,0.09652104128967605,0.09353474957649051
1182,1,0,1,0.06636619118298971,3.6968710121658837,15.283560186823443,15.907545690677882,0.41865387143446825,0.005233250248705609,11,0.622886001900697,0.7838005096307854,0.10952292095441982,0.0,0.0,0.0,0.09700700189680822,0.09424201339772507
1183,1,0,1,0.06638634787431975,3.7632573600402033,15.468019470745054,15.560101716244008,0.40266909835416204,0.0031397224223275494,11,0.6167929564252692,0.7797776469375332,0.10846980544010562,0.0,0.0,0.0,0.09590863848183726,0.09460933487636762
1184,1,0,1,0.06640033430061935,3.8296576943408227,15.646234103799259,15.220049956138741,0.38671173411513143,0.0011001064722928444,11,0.6138659026236649,0.7757030296747266,0.10798188113439178,0.0,0.0,0.0,0.09574418543418356,0.09478396646074518
1185,1,2,1,-0.2336637934417303,3.595993900899092,15.823013042464657,15.452337256290885,0.370622613518506,0.23406442714623274,11,1.1807233403159922,0.7716571014984501,0.19874879953611335,0.0,0.0,0.0,0.09653472357975287,0.10221407595636049
1186,1,0,1,0.06622977986342524,3.6622236807625175,16.005417084608695,15.69416033409532,0.3541898518357982,0.21662935159369215,11,1.2061108774173621,0.7818837574688886,0.20320702341149022,0.0,0.0,0.0,0.09859657009624673,0.10461045331524352
1187,1,0,1,0.06630900031897387,3.728532681081491,16.17969984381096,15.866376793129007,0.33792404241601876,0.2007541044241962,11,1.138988653703548,0.7924894354676004,0.1928463395356529,0.0,0.0,0.0,0.09759485651867686,0.09525148301697603
1188,1,0,1,0.06618993022470218,3.7947226113061934,16.35369501254437,16.097134103463844,0.32150012177479426,0.18331305354420327,11,1.2059043949917476,0.8011519159234992,0.203189829127304,0.0,0.0,0.0,0.09854352384734673,0.10464630527995725
1189,1,0,1,0.066264043397427,3.8609866547036202,16.52670227717215,16.260540389532466,0.304987713570365,0.16738340939186439,11,1.1476842785966064,0.8112707279002054,0.1946523141406091,0.0,0.0,0.0,0.09907444922657557,0.09557786491403353
1190,1,0,1,0.06614387815709882,3.927130532860719,16.697600126499225,16.48238412925939,0.2883820457220343,0.14991581116097977,11,1.2124226557216156,0.8196810666676153,0.20443959647529164,0.0,0.0,0.0,0.09963400708998399,0.10480558938530765
1191,1,0,1,0.06624005957452275,3.993370592435242,16.858645662401543,16.633474338339962,0.27194362119783794,0.13404893450957756,11,1.141635351376853,0.8294996063939655,0.19383180705359154,0.0,0.0,0.0,0.09863054714517829,0.09520125990841327
1192,1,2,1,-0.23390673178017587,3.759463860655066,17.026179463261908,16.84857527277881,0.2551499735783879,0.36647364933540133,11,1.2199377353177516,0.8373030000185376,0.20621359676175743,0.0,0.0,0.0,0.10076188571670029,0.10545171104505716
1193,1,0,1,0.06600628889484177,3.8254701495499077,17.1951744118845,17.067036082822554,0.2381880645808183,0.3486914934034588,11,1.2343246270673573,0.8468688684010179,0.20846438957707303,0.0,0.0,0.0,0.10177145398541768,0.1066929355916554
1194,1,0,0,0.06598074414295682,3.8914508936928645,17.358578130788963,17.27979652228243,0.22127650870092808,0.3308934557780297,11,1.2327194207320156,0.8565552623676764,0.20825756103191626,0.0,0.0,0.0,0.1014693352793414,0.10678822575257488
1195,1,0,1,0.065964711179365,3.9574156048722293,17.5175695324626,17.486093119314212,0.20435638516627153,0.31310222711091634,11,1.231247365032203,0.8659593663267849,0.2082681132106194,0.0,0.0,0.0,0.10152074120793937,0.10674737200268003
1196,1,0,1,0.06595192296936656,4.0,17.67201708135609,17.684509395847385,0.18745588944598787,0.295384691778706,11,1.2279553917210775,0.8750915662944203,0.20770818631496402,0.0,0.0,0.0,0.10140297432170192,0.10630521199326211
1197,1,0,1,0.0661332970579356,4.0,17.80933510359979,17.78231465401707,0.1708742113941316,0.2800886305522624,11,1.1190364423434742,0.8839131619300867,0.1912664356697988,0.0,0.0,0.0,0.09949006831113727,0.09177636735866156
1198,1,0,1,0.06609143062459201,4.0,17.94880839159887,17.885602482214637,0.1541284350450693,0.2645739041914789,11,1.1325523601370704,0.8897912439404214,0.19356301625907463,0.0,0.0,0.0,0.10047465809437392,0.09308835816470074
1199,1,0,1,0.06591230798800471,4.0,18.089698766144522,18.07128576118522,0.13731894518228818,0.24688839436150908,11,1.2224339253615697,0.8958602718453377,0.2069699981565057,0.0,0.0,0.0,0.10085693917668664,0.10611305897981908
1200,1,0,1,0.06588423035757844,4.0,18.23050894526916,18.25259740387206,0.12043021928820759,0.2291740412647878,11,1.2261464349947264,0.9040246131832436,0.2076184739448113,0.0,0.0,0.0,0.10133235536448358,0.10628611858032772
1201,1,0,1,0.0658635414196371,4.0,18.36764725487431,18.429415123450774,0.10352960420258078,0.21143730770635463,11,1.226033687912393,0.9120776587285304,0.20782409186435988,0.0,0.0,0.0,0.10140369051376094,0.10642040135059894
1202,1,0,1,0.06609748261113223,4.0,18.480395345158122,18.49446741477174,0.08712595800024063,0.19650108520217366,11,1.0977269410629056,0.9199265594581272,0.18803921223912684,0.0,0.0,0.0,0.09842187721404091,0.08961733502508594
1203,1,0,1,0.06607277484092738,4.0,18.587509644517414,18.56158327903494,0.0708158262647054,0.18149515006788933,11,1.0986017326207413,0.9243715689982466,0.18789640121891732,0.0,0.0,0.0,0.09786079041321133,0.09003561080570602
1204,1,0,1,0.06587235672947582,4.0,18.703916637909938,18.720333858384365,0.05425247161903799,0.16402561200699578,11,1.2038848958307524,0.928727323088809,0.20419735623936577,0.0,0.0,0.0,0.09938012787400449,0.10481722836536124
1205,1,0,0,0.06603648527503132,4.0,18.81304344517366,18.78393324258629,0.037715047531921446,0.14891634909878623,11,1.1083324538730046,0.9356062624073576,0.18988012197195658,0.0,0.0,0.0,0.09922454452269927,0.09065557744925731
1206,1,0,1,0.06584075528955076,4.0,18.877595789341903,18.936792440935545,0.021919326460520205,0.13143366622455877,11,1.1573359597115007,0.9399244171939989,0.1996704236737722,0.0,0.0,0.0,0.09931608034010533,0.10489609724536478
1207,1,0,1,0.065846322288088,4.0,18.771708177912025,19.08050335232971,0.009863432730661433,0.11407650570859353,11,0.9831830057212203,0.9453597057569363,0.17647832547494402,0.0,0.0,0.0,0.09824237326861082,0.10414296309579137
1208,1,0,1,0.06599061572686701,4.0,18.584541368352156,19.136351431404748,0.001522920767041391,0.09894309697505195,11,0.8149865577712079,0.9463052882560434,0.14084352418296966,0.0,0.0,0.0,0.1007002910350846,0.09080045240124943
1209,1,0,1,0.0659961699302065,4.0,18.176727380607687,19.190285360129415,0.0,0.08380891224839393,11,0.5891422609741309,0.9430223199939225,0.09994263296219648,0.0,0.0,0.0,0.10185258239397096,0.09080510835994814
1210,1,0,1,0.0658981625466141,4.0,17.722309196092496,19.315709112067914,0.0,0.06673397356165657,11,0.605180885941732,0.9341753185184278,0.10244963212042421,0.0,0.0,0.0,0.09880423484806865,0.10244963212042421
1211,1,0,1,0.06608053887578527,4.0,17.279251466190182,19.340489424103474,0.0,0.05226983514397312,11,0.5076730398372563,0.9259504577040103,0.0867848305061007,0.0,0.0,0.0,0.1006470876084426,0.08821690117833678
1212,1,0,1,0.06609217739707292,4.0,16.84727017953543,19.258488977726376,0.0,0.040276619251652955,11,0.4015117892254904,0.9154935222573415,0.07195929535392098,0.0,0.0,0.0,0.10269877644171489,0.08878769186755774
1213,1,2,1,-0.23399898052402437,3.7660010194759757,16.42608842504705,19.3684488413446,0.0,0.27354274271207185,11,0.5914220880613814,0.9026439789315452,0.1004032592374867,0.0,0.0,0.0,0.09916637680289592,0.1004032592374867
1214,1,1,1,-0.23389703066729917,3.5321039888086765,16.61446330097204,19.40097579359912,0.23292612684676806,0.2588623621513696,11,1.1157652598393062,0.8948634316597911,0.19052552228360523,0.0,0.0,0.0,0.1024432389193918,0.08808228336421343
1215,1,0,1,0.06585144521281901,3.5979554340214954,16.819507517037238,19.528091078444316,0.21534752282962613,0.24162724297665347,11,1.2325454782746712,0.900385977364279,0.2088823391511481,0.0,0.0,0.0,0.10547162410285119,0.1034107150482969
1216,1,0,1,0.06582274217021267,3.663778176191708,17.020828441968554,19.652133075521476,0.1977326874949926,0.22438024714763047,11,1.2340528868955163,0.9086899648870389,0.20917098698193956,0.0,0.0,0.0,0.10568901200780159,0.10348197497413798
1217,1,0,1,0.06603719355153112,3.729815369743239,17.19729012391603,19.678235420886494,0.1805148661689209,0.20958611421342999,11,1.119388065249745,0.9168240379372508,0.192071725561633,0.0,0.0,0.0,0.10330692795642987,0.08876479760520314
1218,1,0,1,0.06581747922534674,3.7956328489685855,17.383641348471215,19.795137786314008,0.16304611554383153,0.19242139358314767,11,1.2251417286027604,0.9218881386200631,0.20780082753223011,0.0,0.0,0.0,0.1048125037505365,0.10298832378169365
1219,1,0,1,0.06603985960362248,3.861672708572208,17.547224771130217,19.81110118597896,0.14590989862506143,0.1778254082364342,11,1.1090163006935854,0.9294694783696307,0.19039321359290154,0.0,0.0,0.0,0.10281730151262045,0.0875759120802811
1220,1,0,1,0.06580442233227018,3.927477130904478,17.720265815025563,19.92287149939859,0.128557251654653,0.16070664317713373,11,1.218769506242704,0.9339581489277293,0.20682847217825315,0.0,0.0,0.0,0.10411588182245049,0.10271259035580264
1221,1,0,1,0.0660037539264554,3.9934808848309333,17.873816480978128,19.93948953481136,0.1114604598276705,0.14600317851257552,11,1.1112471342259398,0.9410784328606038,0.19080153894924426,0.0,0.0,0.0,0.10258075096189509,0.0882207879873492
1222,1,0,1,0.0657818518291675,4.0,18.035440914348648,20.04673619043684,0.09421816438897995,0.1289074716691261,11,1.2142037393907397,0.9453326503947372,0.20602801369283985,0.0,0.0,0.0,0.10345377263214339,0.10257424106069649
1223,1,0,1,0.06579163423796895,4.0,18.187212661956906,20.1458024536098,0.0771299186039591,0.1119607944528787,11,1.202892438400858,0.9520544276196372,0.20420953800760974,0.0,0.0,0.0,0.10252947471012518,0.10168006329748454
1224,1,0,1,0.06578362745269956,4.0,18.331701483268063,20.24104921595412,0.06014035778350243,0.09503956113699198,11,1.1980609615446458,0.9583253778891677,0.20346476481806025,0.0,0.0,0.0,0.10193736492273997,0.10152739989532024
1225,1,2,1,-0.23421066759525894,3.765789332404741,18.467719562331055,20.328692794127665,0.04327002443316558,0.3282702572214889,11,1.187980424717088,0.9643187674805547,0.2018378235950394,0.0,0.0,0.0,0.10122200010202109,0.10061582349301834
1226,1,0,1,0.06567424652643895,3.8314635789311797,18.615619581955357,20.42904723978821,0.02595972665559639,0.31111961702115487,11,1.2181647741963122,0.969910308911468,0.20676562786741942,0.0,0.0,0.0,0.10386178666541514,0.1029038412020043
1227,1,0,1,0.06566798363567665,3.8971315625668566,18.653279522751294,20.524518792284894,0.010944335523932097,0.294015269132094,11,1.1092481638362104,0.9761166705435891,0.1927184341243508,0.0,0.0,0.0,0.10350695597970704,0.10262608733436504
1228,1,0,1,0.0656799156202689,3.9628114781871253,18.48351032156273,20.612624785863865,0.0017488407809832928,0.27704527327225126,11,0.8977817502663137,0.9794449578759047,0.15699294361674948,0.0,0.0,0.0,0.10278264015184821,0.10181997515905668
1229,1,0,1,0.06583198527833736,4.0,18.091648168229042,20.625832914432515,0.0,0.2620540891762558,11,0.5987493529206256,0.977403377685665,0.10044014926187245,0.0,0.0,0.0,0.103562269767563,0.08994710457597269
1230,1,0,1,0.06572839006392589,4.0,17.639356964023317,20.70297901812512,0.0,0.24528469863888155,11,0.5927919265534196,0.9679370270665391,0.10061634322424559,0.0,0.0,0.0,0.1028979126652204,0.10061634322424559
1231,1,0,1,0.06592884240139286,4.0,17.198373039922732,20.697020186571258,0.0,0.23077621563786035,11,0.5116156438992637,0.958558399553711,0.087050898006127,0.0,0.0,0.0,0.10273397839865746,0.087050898006127
1232,1,0,1,0.06578744476275286,4.0,16.768413713924666,20.76275804459968,0.0,0.21426428117263394,11,0.5831633626927037,0.9473848306623498,0.09907160679135871,0.0,0.0,0.0,0.10374331606797557,0.09907160679135871
1233,1,0,1,0.06583884382910686,4.0,16.34920337107655,20.817931121427186,0.0,0.19799933365271907,11,0.5742420279424962,0.9382792939631086,0.09758968511948893,0.0,0.0,0.0,0.1033784992532028,0.09758968511948893
1234,1,0,1,0.06586470431841258,4.0,15.940473286799635,20.868512990118752,0.0,0.18179036221123115,11,0.571030146727247,0.9291783623125933,0.09725382864892772,0.0,0.0,0.0,0.10341338022625049,0.09725382864892772
1235,1,0,1,0.06607895579704508,4.0,15.541961454629645,20.834248248253196,0.0,0.16786353232357332,11,0.4874480828874146,0.9202246569229597,0.08356097932594697,0.0,0.0,0.0,0.10408486269520285,0.08356097932594697
1236,1,0,1,0.066098655156318,4.0,15.153412418263903,20.8013914366434,0.0,0.1539623396269247,11,0.4879993945965321,0.9094052425720711,0.08340715617989164,0.0,0.0,0.0,0.10397634085472535,0.08340715617989164
1237,1,0,1,0.06598681019787873,4.0,14.774577107807307,20.837392607546033,0.0,0.1381587158811682,11,0.5560359568187185,0.8988700963726826,0.09482174247453887,0.0,0.0,0.0,0.1020329042597952,0.09482174247453887
1238,1,0,1,0.06618024166123532,4.0,14.405212680112122,20.793153228742813,0.0,0.12453922904395782,11,0.47669543638543244,0.8902992428838336,0.08171692102326253,0.0,0.0,0.0,0.10308666306184823,0.08171692102326253
1239,1,0,0,0.06623946985389027,4.0,14.04508236310932,20.74473920768873,0.0,0.11105730482022709,11,0.4714148096644847,0.8799591477213735,0.08089154534238435,0.0,0.0,0.0,0.10147468295593912,0.08089154534238435
1240,1,0,1,0.06610274434424897,4.0,13.693955304031586,20.768759387232592,0.0,0.09562165912941195,11,0.5426386597360796,0.8697455392699512,0.09261387414489086,0.0,0.0,0.0,0.10002626952131179,0.09261387414489086
1241,1,0,1,0.0661334152538835,4.0,13.351606421430796,20.788391386794174,0.0,0.0802721228558924,11,0.5388509842423971,0.8615678672816045,0.0920972176411173,0.0,0.0,0.0,0.09916696707703501,0.0920972176411173
1242,1,0,1,0.06632931671275838,4.0,13.017816260895028,20.69458687129062,0.0,0.06789394618979701,11,0.425905269166302,0.8534999452056243,0.07426905999657238,0.0,0.0,0.0,0.09946952012196296,0.08005281722973825
1243,1,0,1,0.06622542183639941,4.0,12.692370854372651,20.596817520878282,0.0,0.05542277373644216,11,0.4195953213699292,0.8428100783046413,0.07482703472012914,0.0,0.0,0.0,0.09650313836374447,0.09036920744861962
1244,1,0,1,0.06626116568224362,4.0,12.375061583013336,20.46554968179416,0.0,0.043795686387629186,11,0.38365259893783005,0.8322297093812734,0.06976252409287781,0.0,0.0,0.0,0.09547623882875875,0.090287886780011
1245,1,0,1,0.06629825023044372,4.0,12.065685043438002,20.231397461031392,0.0,0.03481328026360435,11,0.27748652128208773,0.8210152816201873,0.053894436744149087,0.0,0.0,0.0,0.09428439178872111,0.090281936406476
1246,1,0,1,0.06646893018035563,4.0,11.76404291735205,19.91714879495004,0.0,0.028550387442804758,11,0.1915362704444325,0.8074270626117349,0.03757735692479751,0.0,0.0,0.0,0.09311728157568995,0.08134181289053467
1247,1,0,1,0.06650252011131143,4.0,11.46994184441825,19.51997195518521,0.0,0.025388578587030402,11,0.10075188010891883,0.7920297928075524,0.018970853134646137,0.0,0.0,0.0,0.09165060972329445,0.08170715821470206
1248,1,0,1,0.06647933098791392,4.0,11.183193298307794,19.08400503402961,0.0,0.023220562848529056,11,0.052032377724032276,0.7747478449900864,0.013008094431008067,0.0,0.0,0.0,0.08890529380150936,0.09024423589396753
1249,1,1,1,-0.233398035392721,3.766601964607279,11.426137282047694,18.65749644489879,0.23541621676503924,0.021112582151865702,11,0.5731153529175155,0.7566799583084352,0.10015058358974478,0.0,0.0,0.0,0.08750269940976466,0.08384853841033482
1250,1,0,1,0.06663394702637464,3.8332359116336536,11.649908927799158,18.240741618233535,0.22116154400302657,0.019042474466148426,11,0.5591076622598715,0.7520908431736621,0.09794868268637957,0.0,0.0,0.0,0.08552803657207592,0.08324666870363416
1251,1,0,1,0.0666254795357944,3.899861391169448,11.869935121026364,17.834563698204633,0.2068711197673221,0.01696578194835937,11,0.5611145368491224,0.7472662636508174,0.0982027005209614,0.0,0.0,0.0,0.08574254541422707,0.0849829364541966
1252,1,0,1,0.06662881531485279,3.9664902064843006,12.08953126955771,17.438853010435192,0.19244205645468002,0.014876056753122832,11,0.5664979312426823,0.7426124704807749,0.09911273104727147,0.0,0.0,0.0,0.08657437987585224,0.08646624459945028
1253,1,2,1,-0.2334746464710666,3.733015560013234,12.31603876940867,17.565627192446733,0.17762803799464155,0.24903309159447917,11,1.0914912888623196,0.7382096069998227,0.18394190171209276,0.0,0.0,0.0,0.08888411076023084,0.0950577909518619
1254,1,0,1,0.06652730772463891,3.799542867737873,12.545893523734245,17.64683878095301,0.16252223053752396,0.234333227271493,11,1.0581079918782388,0.7470416490463851,0.1788340306806225,0.0,0.0,0.0,0.0906348447427055,0.08819918593791698
1255,1,0,1,0.06638491447725094,3.865927782215124,12.782671719185458,17.786416626502543,0.1470478972017883,0.21801013723704132,11,1.1311743486179275,0.7548183076171814,0.19078454022112432,0.0,0.0,0.0,0.09284600001441415,0.09793854020671014
1256,1,0,0,0.06635353880398637,3.93228132101911,13.019162095308399,17.923413010343594,0.13139796091903697,0.20165152470062475,11,1.1377139686061934,0.7642272086422001,0.19205129291500703,0.0,0.0,0.0,0.09389961769650781,0.09815167521849918
1257,1,0,1,0.06633133117077654,3.9986126521898866,13.253162739724894,18.056319625514043,0.11563829281480298,0.1853171481776367,11,1.1404716372282433,0.7735643776412999,0.19256426776333227,0.0,0.0,0.0,0.0945580086254039,0.0980062591379284
1258,1,0,1,0.06642109560402529,4.0,13.484371692549182,18.127118988311643,0.09974471533188027,0.17056743692581133,11,1.084745374752858,0.7827370591309735,0.18385973240848863,0.0,0.0,0.0,0.0953614648975363,0.0884982675109523
1259,1,0,1,0.06640176064199102,4.0,13.7156916807347,18.19674602563164,0.08367491929643574,0.15579785093300405,11,1.09123429252704,0.7902872670215206,0.18503629216951092,0.0,0.0,0.0,0.09641877621266721,0.0886175159568437
1260,1,0,1,0.0662860493276672,4.0,13.938878279174748,18.319814258261427,0.06771449257661778,0.13955182579858133,11,1.1440657737289928,0.7978109426591586,0.19323871112544405,0.0,0.0,0.0,0.0957625603189077,0.09747615080653635
1261,1,0,1,0.06637251707558947,4.0,14.164102140601186,18.381857831387343,0.051472516726751495,0.12484586468655634,11,1.093734747988257,0.8064673134359045,0.18568762177134754,0.0,0.0,0.0,0.09745185509919779,0.08823576667214973
1262,1,0,1,0.06624528050075984,4.0,14.379629431470642,18.502147166824166,0.03539155532458525,0.10851765408916227,11,1.149465625605993,0.8136489992997133,0.1944550319973621,0.0,0.0,0.0,0.09648576841299741,0.09796926358436465
1263,1,0,1,0.06631290965550567,4.0,14.523401626095271,18.56421359831927,0.02016200146017737,0.09369730705396546,11,1.0278830410771054,0.8220444149573702,0.18029940539762798,0.0,0.0,0.0,0.0995525632107499,0.0889220822111807
1264,1,0,1,0.06621980339330781,4.0,14.521773768560397,18.677204004321354,0.007996895619030787,0.07743920936993402,11,0.9385529290775723,0.8271903806103637,0.17053922115106818,0.0,0.0,0.0,0.09728386646213544,0.09754858610418869
1265,1,1,0,-0.23378505224577784,3.7662149477542224,14.733320283928396,18.785041296168668,0.2417822914641502,0.06123157690248122,11,1.149358251537357,0.8299744443220438,0.19453341973400037,0.0,0.0,0.0,0.09728762492928356,0.09724579480471678
1266,1,0,1,0.06626456646837087,3.832479514222593,14.949396678453109,18.83775731226774,0.22519660408710998,0.04638693161201957,11,1.1067514501262146,0.8379590395024267,0.18858199600501122,0.0,0.0,0.0,0.09951412426224131,0.08906787174276991
1267,1,0,0,0.06609789320639763,3.898577407428991,15.173860014340242,18.85453323628082,0.20830249744711493,0.03223706778901541,11,1.0859181096682295,0.8446788497680214,0.18626382277799533,0.0,0.0,0.0,0.10136463983997034,0.0999498012722212
1268,1,0,1,0.06626267760485398,3.964840085033845,15.375956035115188,18.637709764872685,0.19178367409295127,0.024097417911812424,11,0.8359823806323385,0.8507098312655266,0.1479508393881997,0.0,0.0,0.0,0.09911294012498176,0.08828979344279335
1269,1,0,0,0.06609680944106208,4.0,15.583838706665496,18.301768632429205,0.17503733418454037,0.02027372695249542,11,0.7222831841065245,0.8503416449996969,0.12342018520636755,0.0,0.0,0.0,0.10047803945046554,0.10061134701541695
1270,1,0,1,0.06626322124890227,4.0,15.775268035067644,17.89763432783741,0.1585210171921962,0.018048313985039716,11,0.6344352072877203,0.8471401834773675,0.11245037975879929,0.0,0.0,0.0,0.09909790195406507,0.08964663412123573
1271,1,0,1,0.06624444286429279,4.0,15.963450148338977,17.503532189083064,0.14198705795100652,0.01582586734164022,11,0.6359025335896134,0.8418225590726263,0.11253843530753499,0.0,0.0,0.0,0.099203755447138,0.09237729119697627
1272,1,0,1,0.06617365980567573,4.0,16.137829448382174,17.116170793785635,0.12573757612704245,0.01373307944873812,11,0.6236924631813241,0.836674558435551,0.11005361830119695,0.0,0.0,0.0,0.09749689094378436,0.10186691826957989
1273,1,0,1,0.0661896990061433,4.0,16.307534973398273,16.737611550150064,0.10947105229858119,0.011677036690027044,11,0.6224962874347182,0.8313500060541954,0.10993539952303409,0.0,0.0,0.0,0.09759914297076762,0.1023538416980748
1274,1,1,1,-0.23377451353389941,3.7662254864661007,16.46156932024894,16.36865726874682,0.34352759980860786,0.0096151197170892,11,0.6112087285361314,0.8261286630887084,0.10803221677746704,0.0,0.0,0.0,0.09566071493983995,0.10239437213636626
1275,1,0,1,0.06626608993776126,3.832491576403862,16.624622996285535,16.00959108706503,0.3272727352115318,0.0075255259655525,11,0.6247431590796996,0.820755664724894,0.11006675009167688,0.0,0.0,0.0,0.09752918758245666,0.09519912129901743
1276,1,0,1,0.06629945065356156,3.8987910270574235,16.77824604539346,15.657944618231188,0.3111476327381706,0.0055008047846032354,11,0.6178319323578465,0.8158553520837641,0.10889894192586243,0.0,0.0,0.0,0.09675061484016682,0.09500230397445378
1277,1,0,1,0.06632082800025951,3.965111855057683,16.92224552476499,15.315745918133246,0.29519876154550667,0.003448724978026537,11,0.6127055458642081,0.8109047665906162,0.10800570599544404,0.0,0.0,0.0,0.09569322715598386,0.09508468323639563
1278,1,0,1,0.06623501218004683,4.0,17.069957395153622,14.977407671408269,0.2789492168399121,0.00159224992684512,11,0.6153234097361102,0.805949786072456,0.10863611854065575,0.0,0.0,0.0,0.09749726823356725,0.10415728465331815
1279,1,0,1,0.0663861630095444,4.0,17.190853861415093,14.641186477867347,0.2634533454321174,0.0,11,0.5858593993845952,0.8011841266640474,0.10252872800783885,0.0,0.0,0.0,0.09297522844676814,0.09372150732753665
1280,1,1,1,-0.2335979004850778,3.7664020995149223,17.305202447748393,14.275156815920662,0.4822691730761242,0.0,12,0.5441199328686773,0.795801008482061,0.09237683065152419,0.09472820348443522,0.0,5.551115123125783e-17,0.09237683065152419,0.09452675332234728
1281,1,0,1,0.06631513858568633,3.8327172381006087,17.433282963483,13.918277895522646,0.46639648104799697,0.0,12,0.5607105769283136,0.7895089815917264,0.09523615216876334,0.0,0.0,0.0,0.09523615216876334,0.09897123023756124
1282,1,2,1,-0.2336674685963531,3.599049769504256,17.55343306425653,14.163242346342543,0.45066070605361896,0.2334812650441134,12,1.1489035730685728,0.7837890214751411,0.1935270597015875,0.0,0.0,0.0,0.09441464996626817,0.09911240973531935
1283,1,2,0,-0.23374963560306344,3.3653001339011923,17.683925926130406,14.408932277530386,0.4345009609653929,0.46682815386683235,12,1.1690996783266934,0.792916885264977,0.19687713759304232,0.0,0.0,0.0,0.09695847052935577,0.09991866706368652
1284,1,0,1,0.06611483872313449,3.4314149726243266,17.817342220826376,14.696628306058475,0.418004658425331,0.4490685246587682,12,1.223433778315577,0.8023214550915199,0.20553559048875653,0.0,0.0,0.0,0.09897781524037115,0.1065577752483854
1285,1,0,1,0.06607239473886103,3.4974873673631874,17.95394337324279,14.982134769482576,0.40131810552073083,0.4311552593069812,12,1.2349568790126375,0.8128492631721213,0.20759890953832358,0.0,0.0,0.0,0.10011931742760172,0.10747959211072185
1286,1,0,1,0.0660408888379198,3.5635282562011072,18.087039072293614,15.262500307859767,0.38465379419916257,0.41314560129274097,12,1.2368631909961494,0.8234019535681342,0.20804381601485047,0.0,0.0,0.0,0.09998586792940946,0.10805794808544103
1287,1,0,1,0.06613617259340585,3.6296644287945132,18.206314187819032,15.472162793887641,0.3683921143279521,0.39663558853617004,12,1.1626760860571255,0.8337384845038346,0.19663015576668888,0.0,0.0,0.0,0.09757007922726295,0.09906007653942593
1288,1,0,1,0.06612101661616987,3.6957854454106833,18.32628677629955,15.671941091941125,0.3520184445673817,0.38024025770047004,12,1.1617128110766728,0.8419619245426668,0.19661400357762188,0.0,0.0,0.0,0.09824201856342246,0.09837198501419944
1289,1,0,1,0.06597338665911623,3.7617588320697997,18.45576786555123,15.937908923445239,0.33519456830538624,0.3620938770988696,12,1.24540461746181,0.849955696706017,0.20982154118157526,0.0,0.0,0.0,0.10094325757197244,0.10887828360960283
1290,1,0,0,0.06595737260399746,3.827716204673797,18.580783284211936,16.195837227050262,0.31839304622590353,0.3439636544113352,12,1.2427856419906425,0.8598419197249119,0.20959046860210284,0.0,0.0,0.0,0.10080913247689642,0.10878133612520641
1291,1,0,1,0.06611498688783263,3.8938311915616297,18.682408941741482,16.357301463817574,0.30224671697874056,0.3280473341825744,12,1.1325054070784106,0.869415512781555,0.19237589685554243,0.0,0.0,0.0,0.09687797548297786,0.09549792137256452
1292,1,0,1,0.06609203094651747,3.9599232225081473,18.78363557901953,16.51813235236763,0.28605534069524735,0.3120057705727784,12,1.1380502859670747,0.8759927601389765,0.1933976393597357,0.0,0.0,0.0,0.09714825770095936,0.09624938165877633
1293,1,0,1,0.06590135137052164,4.0,18.90256450729598,16.761992811701923,0.26921190007398615,0.29381408264988246,12,1.2453335858954295,0.8825441982846789,0.21021077126494328,0.0,0.0,0.0,0.10106064372756718,0.10915012753737607
1294,1,0,1,0.0658823262162162,4.0,19.01776613593607,16.9982881872861,0.25241105148694704,0.27563810821420426,12,1.2431109371992135,0.8916139329749476,0.20986093813630308,0.0,0.0,0.0,0.10080509152223428,0.10905584661406878
1295,1,0,0,0.06604556040284623,4.0,19.11298625661357,17.13868086925872,0.2361129206148392,0.25969436928173995,12,1.136014160730674,0.9004013580805543,0.19345121882743338,0.0,0.0,0.0,0.0977887852326475,0.09566243359478582
1296,1,0,1,0.06605039225348873,4.0,19.201521005685954,17.270947533506806,0.21990253156356387,0.24386280343653674,12,1.1270930914672777,0.9062916781468073,0.19225172937887128,0.0,0.0,0.0,0.0972623343076518,0.09498939507121945
1297,1,0,1,0.06585081515696561,4.0,19.30593574018171,17.49053689598116,0.20320003993541214,0.2257379636388439,12,1.2358158104499246,0.9118117134798192,0.20896398855506731,0.0,0.0,0.0,0.10021494976891045,0.10874903878615685
1298,1,0,1,0.06581043273418366,4.0,19.413480732457984,17.70692261979302,0.18633895247218327,0.20751956299101473,12,1.2438425319922084,0.9199118159040718,0.21047692866634804,0.0,0.0,0.0,0.10116652477937317,0.10931040388697487
1299,1,0,1,0.06579076221363987,4.0,19.51864810592197,17.915484607847972,0.16946632395244152,0.18936652506815652,12,1.2417394453252135,0.9280100838062751,0.21015399865560005,0.0,0.0,0.0,0.10123577111845061,0.10891822753714943
1300,1,0,1,0.0658004416455547,4.0,19.61386715094259,18.113280394446477,0.15280332749859712,0.17133687014440155,12,1.2288681494633729,0.9358533178442485,0.20815590826559607,0.0,0.0,0.0,0.0999779787230663,0.10817792954252978
1301,1,0,1,0.06606869654042753,4.0,19.66698952409864,18.193401158884832,0.1372179874895292,0.15618268832511398,12,1.0764218262291354,0.9431786886347266,0.18443713097013326,0.0,0.0,0.0,0.09351204005440775,0.09092509091572552
1302,1,0,1,0.06578139555941917,4.0,19.757548532615903,18.38050992367088,0.12061543426816011,0.13822651051521792,12,1.224177540377895,0.9465097670745869,0.20735238618759072,0.0,0.0,0.0,0.09961531932821442,0.1077370668593763
1303,1,0,0,0.06578076231233514,4.0,19.840623764080252,18.559285995901,0.10413753756989341,0.12034582400709364,12,1.2153027651016373,0.9534514614071697,0.2061514992383458,0.0,0.0,0.0,0.09886738018960015,0.10728411904874567
1304,1,0,0,0.06577973951344807,4.0,19.91915806574466,18.7284215691196,0.08773524093687068,0.10260880534094995,12,1.2076676188825397,0.9599977439995313,0.2048358917949985,0.0,0.0,0.0,0.09841377979813631,0.1064221119968622
1305,1,0,0,0.06599054848686782,4.0,19.97127244980141,18.795558723930633,0.07197886551623205,0.08740780638390193,12,1.0854410297393928,0.9661894908716067,0.1857442462661199,0.0,0.0,0.0,0.0945382525238319,0.09120599374228802
1306,1,0,1,0.06576419806396332,4.0,20.04351752635921,18.956345940382924,0.055632582385217934,0.06971533336163205,12,1.2022030723533899,0.9691707793433011,0.20423253691970394,0.0,0.0,0.0,0.09807769878608463,0.1061548381336193
1307,1,2,0,-0.234226564307622,3.765773435692378,20.108321625621933,19.107387898837445,0.03949049247020251,0.30214525518021446,12,1.1908426443857927,0.9749965866685535,0.2022730085785981,0.0,0.0,0.0,0.09685253949009254,0.10542046908850555
1308,1,0,1,0.0656818831262133,3.831455318818591,20.15505104514883,19.264018555045848,0.023644365456190378,0.2843596322707845,12,1.183752813846785,0.9803927381114843,0.20179049954065242,0.0,0.0,0.0,0.09863687249173356,0.10671373745657958
1309,1,0,0,0.06584923634098855,3.8973045551595797,19.983596051496335,19.332669828480974,0.01307045339738732,0.2687816417088236,12,0.8826730197874992,0.9854767400048671,0.15691141572458384,0.0,0.0,0.0,0.09638368700269184,0.09346794337176548
1310,1,0,1,0.06568948219675322,3.962994037356333,19.80787753018403,19.47829448665434,0.0028275182800800856,0.25108998965212215,12,0.9528127838605023,0.9829066469994328,0.16760752304405196,0.0,0.0,0.0,0.0985133318808964,0.10614991234020855
1311,1,0,0,0.06586658318208684,4.0,19.415748919642137,19.534986230035,0.0,0.23572112418046273,12,0.6467174332597223,0.9821543004209594,0.10917830251043706,0.0,0.0,0.0,0.09696624889945163,0.09221319282995655
1312,1,2,1,-0.23414160560879763,3.7658583943912025,18.930355196651085,19.59249358299886,0.0,0.4513736148849294,12,0.5458820087147309,0.9737683787419285,0.09272983415371694,0.1133552216194833,0.0,0.0,0.0995003520806666,0.09272983415371694
1313,1,0,0,0.0658422061362479,3.8317006005274505,18.457096316734805,19.64980844605988,0.0,0.43588433021318335,12,0.5471272026359935,0.9630712194912485,0.09293570803047645,0.0,0.0,0.0,0.1011986001472614,0.09293570803047645
1314,1,0,1,0.06570552732828745,3.897406127855738,17.995668908816434,19.77945913429033,0.0,0.4184127067451571,12,0.6208958993819493,0.9526726190698671,0.10482974080815687,0.0,0.0,0.0,0.10408405482026525,0.10482974080815687
1315,1,0,1,0.06572424766614912,3.9631303755218874,17.545777186096025,19.9020609332988,0.0,0.4010067027068145,12,0.6170882773657284,0.9443782010776692,0.1044360242300559,0.0,0.0,0.0,0.1045860450928453,0.1044360242300559
1316,1,0,1,0.06576431686085961,4.0,17.107132756443626,20.011012307208077,0.0,0.3839120998601678,12,0.6065028972417434,0.9361959529848707,0.1025676170798803,0.0,0.0,0.0,0.10483664089834886,0.1025676170798803
1317,1,0,0,0.0657867901422614,4.0,16.679454437532534,20.113522309758267,0.0,0.36688051621201473,12,0.6027853102303944,0.9279536265912925,0.10218950188891848,0.0,0.0,0.0,0.10494702515241086,0.10218950188891848
1318,1,2,1,-0.2341776448640992,3.7658223551359007,16.26246807659422,20.205534568613263,0.0,0.4831989473112425,12,0.5948503165989529,0.9198244186822702,0.1008063161325447,0.7012830972720883,0.0,5.551115123125783e-17,0.104766406437234,0.1008063161325447
1319,1,0,1,0.06581264822676879,3.8316350033626696,15.855906374679366,20.293921064890935,0.0,0.4664455793406815,12,0.5935248604930006,0.9117000661301871,0.10052020782336636,0.0,0.0,0.0,0.10586823236184922,0.10052020782336636
1320,1,0,1,0.06583563541822496,3.8974706387808946,15.45950871531238,20.37718823133286,0.0,0.4497314895504691,12,0.5906151930642012,0.9037456859892574,0.10028453874127449,0.0,0.0,0.0,0.10602802554882429,0.10028453874127449
1321,1,0,1,0.06587286489242213,3.963343503673317,15.07302099742957,20.452350820664982,0.0,0.43317830824262554,12,0.5845922951154451,0.895917423666131,0.09931908784706096,0.0,0.0,0.0,0.10507765377256251,0.09931908784706096
1322,1,0,1,0.0661150074796673,4.0,14.696195472493832,20.43769154448899,0.0,0.4190264989958286,12,0.4966494943406335,0.8881342954523639,0.08491085548078153,0.0,0.0,0.0,0.10188988184413848,0.08491085548078153
1323,1,0,1,0.06615707500556248,4.0,14.328790585681485,20.418230740106587,0.0,0.4049785541440128,12,0.49148148422981947,0.8783471754245706,0.08428766911089507,0.0,0.0,0.0,0.10055214155367606,0.08428766911089507
1324,1,2,1,-0.23402050131277644,3.7659794986872237,13.970570821039448,20.477005317488832,0.0,0.4838699201843479,12,0.5692303458849124,0.8686755331447019,0.09678047889391277,0.9298713248640768,0.0,5.551115123125783e-17,0.1034599407677136,0.09678047889391277
1325,1,0,0,0.06599059715240287,3.8319700958396266,13.621306550513463,20.53183328267951,0.0,0.46779516018493394,12,0.5667530981278959,0.861189403463207,0.09644855999648352,0.0,0.0,0.0,0.10334784697148885,0.09644855999648352
1326,1,0,1,0.0662364532244539,3.8982065490640805,13.280773886750627,20.499397372452236,0.0,0.4540361728811874,12,0.4808599218397131,0.8538284958298243,0.08255392382247896,0.0,0.0,0.0,0.09959897479773365,0.08255392382247896
1327,1,0,0,0.06606222347611226,3.964268772540193,12.94875453958186,20.54447886544267,0.0,0.43820591038908724,12,0.5575664273017402,0.8445042814800716,0.0949815749526014,0.0,0.0,0.0,0.10089774781867308,0.0949815749526014
1328,1,1,1,-0.23390117175014508,3.7303676007900477,13.216279719718123,20.582532456618484,0.23336383427032406,0.42253236147941015,12,1.14290960643769,0.8373308351256133,0.19385828783611814,0.0,0.0,0.0,0.09981699437805566,0.0940412934580625
1329,1,1,1,-0.23398110078408213,3.4963865000059657,13.49406221148761,20.62969697025663,0.46621298126965094,0.40660651686424604,12,1.1699173098160482,0.8449703044084153,0.19846018569502266,0.0,0.0,0.0,0.10290511800403826,0.0955550676909844
1330,1,0,1,0.06618352602994815,3.562570026035914,13.746359277642437,20.602374155374626,0.44946645734634716,0.3925695418212329,12,1.0780682308164282,0.8530939795436061,0.1847009937979024,0.0,0.0,0.0,0.10047914353982304,0.08422185025807932
1331,1,0,1,0.06593379948073344,3.6285038255166473,14.02784329132183,20.65629767419864,0.431822481913225,0.37647932801907236,12,1.1941258683288334,0.8587183358254267,0.20240513541169597,0.0,0.0,0.0,0.10586385259873299,0.096541282812963
1332,1,0,1,0.0658904684175675,3.6943942939342147,14.311264652109028,20.714132980660047,0.41391466034191765,0.36022712598379925,12,1.208360191386617,0.8671035241380118,0.20496014163948284,0.0,0.0,0.0,0.10744692942784398,0.09751321221163883
1333,1,0,1,0.06587804963611409,3.7602723435703287,14.587202170213864,20.76903970321258,0.39602230009868267,0.34403100065263953,12,1.2064791814765967,0.8756349408192269,0.2045309134463685,0.0,0.0,0.0,0.10735416145941021,0.09717675198695828
1334,1,0,1,0.06610453906088767,3.8263768826312163,14.820716384754132,20.742929384832628,0.3789817474803743,0.32985956083021895,12,1.0913099429959734,0.8839060468356612,0.18727195464437318,0.0,0.0,0.0,0.10224331570984994,0.08502863893452325
1335,1,0,0,0.06606861888635371,3.89244550151757,15.057493260860138,20.7226558785824,0.36166480632796755,0.31556756987485807,12,1.1055945140954482,0.889091144239669,0.18965359264660622,0.0,0.0,0.0,0.10390164691444083,0.08575194573216541
1336,1,0,1,0.06607324112938671,3.9585187426469566,15.285687244093545,20.698943590990595,0.3444375072526505,0.3013758578524124,12,1.098985424127667,0.8945037284860634,0.18851406658657616,0.0,0.0,0.0,0.10336379445190225,0.08515027213467395
1337,1,0,1,0.06581151487466685,4.0,15.545021095819,20.764356710717088,0.3262989736110884,0.28489066682530234,12,1.2243627423290522,0.8996157708771035,0.207742348012033,0.0,0.0,0.0,0.1088312018493727,0.0989111461626603
1338,1,0,0,0.06580396645107138,4.0,15.794185825626137,20.82580396679536,0.3082349909310585,0.2684826616318863,12,1.218346431048809,0.9077344451634023,0.20683192724067537,0.0,0.0,0.0,0.10838389608017934,0.09844803116049604
1339,1,0,1,0.06609213434884405,4.0,15.97695173098471,20.79338126757932,0.2917192224351722,0.25445669279472943,12,1.06584295095307,0.9154997448105374,0.18325042399825942,0.0,0.0,0.0,0.09909461097531794,0.08415581302294148
1340,1,0,1,0.06602221516435747,4.0,16.181331301273616,20.772514306027094,0.2744558634072552,0.24013239308157283,12,1.1027709337007823,0.9192583249641008,0.18952595244644144,0.0,0.0,0.0,0.10358015416750181,0.08594579827893963
1341,1,0,1,0.06603537039450001,4.0,16.367769540237376,20.75195947351448,0.2575553779693645,0.22580918266008573,12,1.0897295466336598,0.9238461401825178,0.1873421751562667,0.0,0.0,0.0,0.10140291262734402,0.08593926252892267
1342,1,0,1,0.06600949198192192,4.0,16.562049230450487,20.73344066588041,0.24026835014252057,0.21146287923871387,12,1.1037541079228406,0.9279932253437964,0.18979998748929472,0.0,0.0,0.0,0.10372216696106376,0.08607782052823096
1343,1,0,0,0.06573915807012126,4.0,16.789024229911625,20.806218281499657,0.2220810255391271,0.19477276902518026,12,1.2321398624886557,0.9323872474082724,0.20926460890156265,0.0,0.0,0.0,0.10912394762036084,0.10014066128120185
1344,1,0,0,0.06603234310304672,4.0,16.95832857322894,20.778165008883626,0.20520312066940402,0.180668024388538,12,1.0811321334865704,0.939881062785282,0.18589589703819204,0.0,0.0,0.0,0.10126742921833842,0.08462846781985361
1345,1,0,1,0.0657171653846806,4.0,17.173331245369553,20.850421981065544,0.1870840141057735,0.16394645326465407,12,1.2306719838753455,0.9434123395528142,0.2090440661250866,0.0,0.0,0.0,0.1087146393817831,0.10032942674330352
1346,1,0,0,0.06572651964220473,4.0,17.375883148105707,20.91813102326919,0.16916286846622688,0.14729433645193737,12,1.2208547756006753,0.9505938306608775,0.20743957471357977,0.0,0.0,0.0,0.10752687383727959,0.09991270087630019
1347,1,0,1,0.06597098793991807,4.0,17.535512173826675,20.892572384670757,0.15213957551223886,0.13304642082274154,12,1.0914207414069075,0.9573503542843724,0.1876272514991033,0.0,0.0,0.0,0.10213975772392832,0.08548749377517499
1348,1,0,1,0.06572295730160269,4.0,17.723379429092986,20.956828569320216,0.13437013787927718,0.11646938081762431,12,1.2128255538782073,0.9607021139624359,0.2060788658284735,0.0,0.0,0.0,0.1066166257977702,0.09946224003070332
1349,1,0,1,0.06570501125660574,4.0,17.903757105200707,21.020495598207237,0.11665792245827335,0.09985489884947059,12,1.2110499049550698,0.9670051999603302,0.2059601843349451,0.0,0.0,0.0,0.10627329252602284,0.09968689180892226
1350,1,0,1,0.06593071049591054,4.0,18.05845078747334,20.994774140092417,0.09937670787852175,0.08555449940953773,12,1.1020785417430117,0.9731063175851986,0.18948968411810693,0.0,0.0,0.0,0.10368728747850965,0.0858023966395973
1351,1,0,1,0.06570545217887623,4.0,18.22305096059734,21.054574126580597,0.08187832611872067,0.0690313910366732,12,1.2007307828013258,0.9763306231891439,0.20412894079599353,0.0,0.0,0.0,0.10499029055880643,0.0991386502371871
1352,1,0,1,0.06593628469035967,4.0,18.355329409720397,21.02642154459489,0.06501213125187288,0.0548650729478831,12,1.0860664943167997,0.9819406271794485,0.18619507773382735,0.0,0.0,0.0,0.10119716920108672,0.0849979085327406
1353,1,0,1,0.06571514638202759,4.0,18.502980545826283,21.083692107080356,0.04777918098601219,0.038352962240522974,12,1.1894654724492368,0.9845437738578822,0.20247036583932493,0.0,0.0,0.0,0.10339770159516418,0.0990726642441608
1354,1,1,1,-0.2342781301030995,3.7657218698969004,18.640408428049568,21.111410169899397,0.28073715001813065,0.022502835978953584,12,1.154812761364993,0.9896668163226662,0.19735294337670567,0.0,0.0,0.0,0.10225218580728933,0.09870525018150197
1355,1,1,1,-0.2341043855625585,3.5316174843343417,18.748939264708998,20.928854272789135,0.4834196961450366,0.01221656652837008,12,0.9197704044978884,0.9937954649487243,0.1604307255667018,0.18519161437536313,0.0,5.551115123125783e-17,0.09871310886320082,0.08663638909694438
1356,1,0,0,0.06553915261941276,3.5971566369537546,18.927065787161233,20.62700430658267,0.46509823380286813,0.006245305593326533,12,0.8682213946832222,0.9919448384374534,0.14575633966327284,0.0,0.0,0.0,0.10992877405301156,0.10289172348981937
1357,1,0,1,0.06556643896184387,3.6627230759155984,19.09348047798681,20.163640697591397,0.4469767292767206,0.00406565981527255,12,0.691902834177903,0.9888517523435976,0.12180690182520851,0.0,0.0,0.0,0.10872902715688462,0.10372497977220146
1358,1,0,1,0.06559038923872423,3.7283134651543226,19.246902149401002,19.712620075818613,0.4290921816910871,0.0018543933291476778,12,0.6838290790308634,0.9814280293894552,0.12057488443055034,0.0,0.0,0.0,0.1073072855138011,0.10553098077532475
1359,1,0,1,0.06562974464385846,3.793943209798181,19.388346633748924,19.264310013822687,0.4114445611178401,0.0,12,0.6671224779824885,0.9739880556304905,0.11701208341436771,0.0,0.0,0.0,0.10588572343948165,0.10613121220351032
1360,1,0,1,0.06591160872521012,3.859854818523391,19.476040912112225,18.782702263477123,0.3950620036739914,0.0,12,0.5724029442070251,0.9663164161892903,0.09829534466309195,0.0,0.0,0.0,0.09829534466309196,0.0921318205434161
1361,1,0,1,0.06569972440750008,3.9255545429308913,19.598329551673974,18.313134706890196,0.37775835347321296,0.0,12,0.6091896623645559,0.9564685793897337,0.1038219012046713,0.0,0.0,0.0,0.1038219012046713,0.10789058562783355
1362,1,0,1,0.0659624311366221,3.9915169740675136,19.673456666316145,17.85530633921794,0.3616176369319874,0.0,12,0.5650853534340194,0.9477866064641043,0.09684429924735322,0.0,0.0,0.0,0.09684429924735322,0.09449401844662887
1363,1,1,0,-0.2340183659294373,3.7574986081380763,19.741883487673565,17.408923680737495,0.4839942470111025,0.0,12,0.5602632380153236,0.9382190751383523,0.0960345179333845,0.6697058215919245,0.0,5.551115123125783e-17,0.0960345179333845,0.09582677066927509
1364,1,0,1,0.06576914840120679,3.823267756539283,19.84571706496876,16.973700588719055,0.46702564816257236,0.0,12,0.5973806644870341,0.9287701792102765,0.10181159309118117,0.0,0.0,0.0,0.1018115930911812,0.11026180694578026
1365,1,0,0,0.06579580689048282,3.889063563429766,19.942507257382076,16.549358074001077,0.4501847555253888,0.0,12,0.5929331190375376,0.9204854413421955,0.1010453558231019,0.0,0.0,0.0,0.10104535582310188,0.11038368928910887
1366,1,1,1,-0.2340031996157881,3.655060363813978,19.999805096643502,16.13562412215105,0.48415123718474923,0.0,12,0.5558605206959758,0.912296633284579,0.0950925768915045,1.2011085331523321,0.0,5.551115123125783e-17,0.0950925768915045,0.10003336865641294
1367,1,0,1,0.06600688118019868,3.7210672449941766,20.05422531935156,15.732233519097274,0.4683439529530095,0.0,12,0.5544153501241394,0.9033857304698638,0.09484370539043843,0.0,0.0,0.0,0.09484370539043845,0.10101744080051568
1368,1,0,1,0.06591345015159715,3.7869806951457736,20.125102534997815,15.338927681119841,0.45206964779386705,0.0,12,0.5722328486300493,0.8946614709612208,0.09764583095485485,0.0,0.0,0.0,0.09764583095485485,0.10946467177101132
1369,1,0,0,0.06594163955195986,3.8529223346977335,20.18936964106784,14.955454489091847,0.43592020585109986,0.0,12,0.5673946694449699,0.8866007554029414,0.09689665165660302,0.0,0.0,0.0,0.09689665165660302,0.10976768338676891
1370,1,1,0,-0.2338986336530121,3.6190237010447213,20.2195605271434,14.58156812686455,0.4847564541026265,0.0,12,0.5349251271022555,0.8786206032539922,0.09146127538424104,1.1155212351065993,0.0,5.551115123125783e-17,0.09146127538424105,0.10090333266211449
1371,1,2,1,-0.2339190448889844,3.385104656155737,20.254069443414352,14.832472210466886,0.4693683386377781,0.232808475170694,12,1.1554412162234886,0.8700282163501989,0.19547784176492639,0.0,0.0,0.0,0.09232869278909034,0.10314914897583603
1372,1,0,1,0.06592728947178227,3.4510319456275194,20.31265358628737,15.127621192747894,0.4532127224285734,0.21450442441426,12,1.230896666501057,0.877163541347031,0.2067580017938321,0.0,0.0,0.0,0.09693369725522791,0.10982430453860421
1373,1,0,0,0.06600184472737805,3.5170337903548976,20.354797760605713,15.36157719836621,0.4375039951845752,0.19738929364250743,12,1.162107049412536,0.8860068694758818,0.19694314809450453,0.0,0.0,0.0,0.09425236346398927,0.10269078463051527
1374,1,0,1,0.06587096399874767,3.5829047543536454,20.417529818868516,15.64577751496905,0.4211559379178804,0.17896848273842922,12,1.2398417488399422,0.8929093739742981,0.208613209024638,0.0,0.0,0.0,0.09808834360016878,0.11052486542446927
1375,1,0,1,0.06585304642221965,3.648757800775865,20.477195914955516,15.923153303219877,0.4048697647447072,0.1604905295781959,12,1.238624567683767,0.9015826833459392,0.20858475800043896,0.0,0.0,0.0,0.09771703903903914,0.11086771896139982
1376,1,0,1,0.06582866018147464,3.7145864609573396,20.538624201492915,16.19283566067616,0.38847043086393535,0.14201614816435604,12,1.2411193744480702,0.9100087304543848,0.20924229176766987,0.0,0.0,0.0,0.09839600328463065,0.11084628848303923
1377,1,0,0,0.06600308644706113,3.780589547404401,20.567555039362265,16.366788256518074,0.3729795855487119,0.12564597410706843,12,1.121169930265489,0.918286496554227,0.19116611623506657,0.0,0.0,0.0,0.0929450718913409,0.09822104434372565
1378,1,0,1,0.06598173039093892,3.84657127779534,20.59720048903577,16.53840967899953,0.3574590259389366,0.10919474278704262,12,1.124625454551965,0.9233585823970085,0.1918307455788067,0.0,0.0,0.0,0.09312335765865194,0.09870738792015472
1379,1,0,1,0.06595157473438719,3.9125228525297273,20.631267238431043,16.710970608093735,0.34176880341832133,0.09260409621664371,12,1.135017932690365,0.9283902542008825,0.1936852145460849,0.0,0.0,0.0,0.09414133512369136,0.09954387942239354
1380,1,0,1,0.06601321590809797,3.9785360684378253,20.651811642332355,16.85686677725402,0.3264219491503988,0.07660207839101636,12,1.0999965192247148,0.9335559461631195,0.18809323256129964,0.0,0.0,0.0,0.09208112560753559,0.09601210695376408
1381,1,0,0,0.0657868316530791,4.0,20.70597650489479,17.09742557729823,0.31012636882949635,0.05818218102407816,12,1.2324406230963065,0.9377169604896595,0.20829286612704404,0.0,0.0,0.0,0.09777348192541482,0.11051938420162921
1382,1,0,0,0.06597759589606329,4.0,20.72830958230577,17.23351818833318,0.2946689160941203,0.04217011406918716,12,1.1035107405007498,0.9450850520548255,0.1888171181416019,0.0,0.0,0.0,0.09274471641225587,0.09607240172934604
1383,1,0,1,0.06598338861701092,4.0,20.74811281188759,17.35881941464596,0.2792602787912484,0.026329446540896164,12,1.0941501501605817,0.9490456942659737,0.1874958289869779,0.0,0.0,0.0,0.0924518238172319,0.09562952489117563
1384,1,0,0,0.06602618189091869,4.0,20.756334236882985,17.24256095826987,0.26417902078510497,0.016188957664994227,12,0.8446362742826417,0.952673305663339,0.15133048129227186,0.0,0.0,0.0,0.09048754803686027,0.09391073608999924
1385,1,2,1,-0.23400961445269375,3.7659903855473065,20.769039127966934,17.37659802310631,0.24898331576877522,0.25010776713961297,12,1.0967143357992124,0.9499723798788213,0.18766137325026627,0.0,0.0,0.0,0.09117423009797863,0.09648714315228761
1386,1,0,0,0.06599094373512537,3.831981329282432,20.777683737319357,17.48931196652584,0.23382770447707915,0.23453363374151515,12,1.0749994815487856,0.9536409287768312,0.18437846813876296,0.0,0.0,0.0,0.09093366775017614,0.09344480038858678
1387,1,0,1,0.06569423902926294,3.8976755683116946,20.831041537194665,17.719175668509074,0.21740882324195157,0.21594672686550823,12,1.2398963944546675,0.9566748925961301,0.21003472866680728,0.0,0.0,0.0,0.09851328741076569,0.11152144125604156
1388,1,0,1,0.06567670046205673,3.9633522687737512,20.88456611440214,17.941556425122897,0.2009162171495603,0.1974102947011214,12,1.2396607639638946,0.9637554301425935,0.21017422954066875,0.0,0.0,0.0,0.09895563655434765,0.11121859298632113
1389,1,0,1,0.06595556093430065,4.0,20.89353408308031,18.035584740031595,0.185696359408024,0.18190356591670062,12,1.0736493470749955,0.9706530634881261,0.18435951915574217,0.0,0.0,0.0,0.09131914644921749,0.09304037270652468
1390,1,2,1,-0.23431853488666224,3.765681465113338,20.939815569502166,18.24152865353345,0.1694472298541103,0.41263951996364506,12,1.2254533705015056,0.9732279705777978,0.20758380806142246,0.00549524498039311,0.0,0.0,0.09749477732348255,0.11008903073793991
1391,1,0,1,0.06558659497283179,3.8312680600861695,20.996433961389343,18.452566889251955,0.15281453001939596,0.3940252750417484,12,1.2471902331815732,0.9795336055758904,0.21148166853966588,0.0,0.0,0.0,0.09979619900828587,0.11168546953138
1392,1,2,1,-0.23442116674593544,3.596846893340234,21.04847575998697,18.653618768042413,0.13633255396768432,0.48149538250094753,12,1.2393186986541223,0.9862250212660326,0.20991956130458472,0.8641516502504906,0.0,5.551115123125783e-17,0.09889185631026992,0.11102770499431483
1393,1,2,1,-0.23446705028639442,3.3623798430538394,21.102482126582068,18.85313927596497,0.11967488575897978,0.4813996253095448,12,1.2460792377183836,0.9925523632007348,0.2115482573949583,1.388972295005685,0.0,5.551115123125783e-17,0.09994600925222716,0.11160224814273115
1394,1,0,1,0.06551411339540027,3.42789395644924,21.155408911809758,19.044597993265292,0.10303889702716394,0.46285290315704386,12,1.2432760375916851,0.9988905350636761,0.21109626530590098,0.0,0.0,0.0,0.099815932390895,0.11128033291500598
1395,1,0,0,0.06581032317091456,3.4937042796201543,21.15004147961243,19.122609205396294,0.0879914719210001,0.44709756596761974,12,1.0776439525605535,1.0050001726268762,0.18481657377352778,0.0,0.0,0.0,0.09028455063698312,0.09453202313654467
1396,1,0,1,0.06579639820497162,3.5595006778251257,21.144496830931306,19.202363743966977,0.0729662709403775,0.4312648745245045,12,1.081026157014777,1.006816267125218,0.1851473545424263,0.0,0.0,0.0,0.09015120588373554,0.09499614865869077
1397,1,1,1,-0.23421262993513278,3.325288047889993,21.141761922874338,19.28032329645215,0.30785920163489205,0.41542231832872195,12,1.0838961588006633,1.0086715143724572,0.1856977530076084,0.0,0.0,0.0,0.09064241583291269,0.09505533717469572
1398,1,0,1,0.06573718751142946,3.3910252354014223,21.167133504890415,19.347012220010186,0.291926269507463,0.3997242110716995,12,1.102612636057272,1.0105521304831622,0.189786236306709,0.0,0.0,0.0,0.09559759276457433,0.09418864354213463
1399,1,0,1,0.06545843678117146,3.4564836721825936,21.229085993713046,19.520352346095965,0.2751027999148877,0.38130011296192673,12,1.2481462580309253,1.012853643122515,0.211485406214088,0.0,0.0,0.0,0.10094081755545173,0.1105445886586363
1400,1,2,1,-0.23426890191383395,3.2222147702687596,21.24524186362709,19.578630464663235,0.2593698442500368,0.4843594361706467,12,1.0931699469765388,1.0187359584952254,0.18824111696522522,0.7878006777715606,0.0,5.551115123125783e-17,0.09439773398910582,0.09384338297611941
1401,1,0,0,0.06542115189747731,3.287635922166237,21.303559015696628,19.74649268450893,0.24258068201934635,0.4659193213156608,12,1.24677618012249,1.0205968082072583,0.2113756625140577,0.0,0.0,0.0,0.10073497338414221,0.11064068912991551
1402,1,2,1,-0.23459556822388872,3.0530403539423485,21.361330902070655,19.9081875347567,0.22577436484343436,0.4815912173060595,12,1.2457180291269359,1.026251292505139,0.2112905992191154,1.2955159278939647,0.0,5.551115123125783e-17,0.10083790305547218,0.11045269616364323
1403,1,2,1,-0.23433585300430126,2.8187045009380474,21.377458996193912,19.960963373462768,0.20994966384903327,0.48422954867155005,12,1.1006418937500126,1.031737960920684,0.18957091393710596,1.3895473038363566,0.0,5.551115123125783e-17,0.09494820596640641,0.09462270797069955
1404,1,0,1,0.06565982535549895,2.884364326293546,21.392341822493854,20.010161556968,0.1941318133073291,0.46852892126806367,12,1.0975415690465904,1.033460559241417,0.18911086767114385,0.0,0.0,0.0,0.09490710325022518,0.09420376442091866
1405,1,0,1,0.0656583376821065,2.950022663975653,21.407995421723697,20.057429018355542,0.1782794153320043,0.4528697613645853,12,1.097983645103929,1.0350625844865464,0.18906934727281868,0.0,0.0,0.0,0.09511438785194852,0.09395495942087013
1406,1,0,1,0.06539210512867429,3.015414769104327,21.458155288417796,20.20582945060471,0.16160331757691201,0.4345806084643431,12,1.2351959099452525,1.036635611001981,0.20979150393200685,0.0,0.0,0.0,0.10005658653055385,0.10973491740145305
1407,1,0,0,0.0656322833277426,3.0810470524320697,21.473450438536002,20.251636451059767,0.1457271119292588,0.41883142547320656,12,1.1027017690488228,1.0415996184755627,0.18975233183273835,0.0,0.0,0.0,0.0952572338859192,0.09449509794681914
1408,1,0,1,0.06567052492503447,4.0,21.46562857528861,20.298050657847476,0.13054796261289905,0.4031096399171406,13,1.081719515780208,1.0431271722398943,0.18540560923455385,0.0,0.0,0.0,0.09107489589815865,0.09433071333639521
1409,1,0,1,0.06539145555113314,4.0,21.516902782686888,20.435877628279517,0.11375705380102814,0.38496832113032936,13,1.2331931586587221,1.0440919808284022,0.2095933655920936,0.0,0.0,0.0,0.10074545287122533,0.10884791272086825
1410,1,0,1,0.06566487567868166,4.0,21.50510143572948,20.473011612077357,0.09863215188068868,0.36939897376656944,13,1.0741521471145954,1.0488195102741602,0.18416549570459634,0.0,0.0,0.0,0.09074941152203685,0.0934160841825595
1411,1,0,1,0.06541400941870128,4.0,21.54719917440471,20.59716099916431,0.08208568112464894,0.3515023495508802,13,1.2156999519573564,1.049452826195171,0.20665856983037356,0.0,0.0,0.0,0.09927882453623843,0.10737974529413515
1412,1,0,1,0.06569382403293322,4.0,21.528421074505818,20.620127130630074,0.06714554181417613,0.33621638056519715,13,1.0577970359060946,1.0536090043392257,0.18135664977693539,0.0,0.0,0.0,0.08964083586283689,0.09171581391409853
1413,1,0,1,0.06570613764459497,4.0,21.505513441508345,20.642259942605335,0.052345993501232924,0.3209317060949984,13,1.052938884106185,1.0537137051283976,0.18050533669885174,0.0,0.0,0.0,0.08879728987765918,0.09170804682119256
1414,1,0,1,0.06540665983532644,4.0,21.523160910509375,20.759679703464045,0.03683584870209681,0.3030822912193418,13,1.1887615644625833,1.053694334602842,0.20015735804875598,0.0,0.0,0.0,0.09989268351344147,0.1070964892539392
1415,1,0,1,0.06574530267817472,4.0,21.426371560242078,20.764645008324308,0.02497611590814515,0.2882073625405157,13,0.9652469699423043,1.0570710153493357,0.16040796883666672,0.0,0.0,0.0,0.0872120652778281,0.0892495720729568
1416,1,0,1,0.0657754408839508,4.0,21.302810940148465,20.76432147939779,0.014591782850419455,0.2734879685743204,13,0.9308912651940227,1.0547754142141597,0.15062236214352603,0.0,0.0,0.0,0.08655721190284574,0.08831636379717187
1417,1,0,0,0.06545364680162051,4.0,20.988714212712395,20.86907689164586,0.008360738618658192,0.25587020997304194,13,0.8423369953006581,1.0516783104886565,0.1430928169982383,0.0,0.0,0.0,0.099647153605378,0.10570655160767073
1418,1,1,1,-0.23451142195197555,3.7654885780480245,21.043455914252,20.963484072563467,0.24178706272025452,0.2384439852399106,13,1.1955936600661698,1.0464447776089563,0.20399940378921022,0.0,0.0,0.0,0.09944205539042192,0.1045573483987883
1419,1,0,1,0.06540426724480351,3.830892845292828,21.116120734114663,21.06196541465005,0.2247391815725062,0.22085953402343358,13,1.2213196616196336,1.0501734996703869,0.2077939941853521,0.0,0.0,0.0,0.10228728688648991,0.10550670729886216
1420,1,0,1,0.06539726544659848,3.8962901107394265,21.18713608366754,21.155993064116586,0.2076811106516905,0.20332614040533561,13,1.2194951527385283,1.0544521537191178,0.20754878723348172,0.0,0.0,0.0,0.10234842552489412,0.1052003617085876
1421,1,0,1,0.06562605454127965,3.961916165280706,21.209408657349343,21.16275023747043,0.19177881455558876,0.18804005999358434,13,1.087607975730252,1.058578228694603,0.187130259047118,0.0,0.0,0.0,0.09541377657661039,0.09171648247050762
1422,1,0,1,0.06565575302763979,4.0,21.22469665877934,21.165001609864614,0.1760987963401592,0.17283986398124848,13,1.076843346194675,1.0593039723704945,0.18528128536659294,0.0,0.0,0.0,0.09408010929257755,0.0912011760740154
1423,1,1,1,-0.2345897606275064,3.7654102393724935,21.28832321670567,21.25221674364126,0.4091856586088911,0.15541747690169133,13,1.2105841484190747,1.0597424567160987,0.20601314886495092,0.0,0.0,0.0,0.10147882638760841,0.10453432247734255
1424,1,2,1,-0.234426010642446,3.5309842287300475,21.331040338788817,21.253674664283544,0.39265712198540653,0.390110693321061,13,1.107688541734106,1.0635134990086732,0.19101192122468938,0.0,0.0,0.0,0.09917121974090765,0.09184070148378173
1425,1,0,1,0.0655269055268735,3.596511134256921,21.365856698553166,21.264125104333083,0.3762969637690025,0.3745568062303612,13,1.1098846748906919,1.0646178750768092,0.19148427184262332,0.0,0.0,0.0,0.09816094929842417,0.09332332254419914
1426,1,0,0,0.0655364331275071,3.662047567384428,21.399234083276433,21.272226603225775,0.359963051706611,0.35903680652926506,13,1.1072284286881164,1.0657495450721564,0.19112347058092535,0.0,0.0,0.0,0.09800347237434885,0.09311999820657654
1427,1,0,0,0.06529017281778352,3.727337740202212,21.470830628857986,21.36860614558931,0.3427201721615208,0.3413245757284849,13,1.2347626051076497,1.0667865171625552,0.20973066207522284,0.0,0.0,0.0,0.10345727727054152,0.1062733848046813
1428,1,0,0,0.06526854222448743,3.7926062824266995,21.541598364783813,21.462598291628453,0.3254484784822144,0.3236030809417038,13,1.2357458013261475,1.0709859193611826,0.20995913079652456,0.0,0.0,0.0,0.10363016207583783,0.10632896872068671
1429,1,0,1,0.06526723981934389,3.8578735222460434,21.610874409878647,21.550395960735234,0.3081952383401378,0.30597712013116946,13,1.232178630611918,1.0751049164103068,0.20927520571566594,0.0,0.0,0.0,0.10351944085246,0.10575576486320595
1430,1,0,0,0.06527601393473616,3.9231495361807798,21.67297525913324,21.63250724026782,0.29108308519083265,0.28843827719846643,13,1.2232438880525245,1.0790317592653471,0.20790597649204917,0.0,0.0,0.0,0.10267291889583088,0.10523305759621832
1431,1,0,1,0.06526668071809504,3.988416216898875,21.733130849628193,21.711147669166927,0.27396589158241785,0.27093545042824835,13,1.2214330818790955,1.0826370624850266,0.20772012227179726,0.0,0.0,0.0,0.10270316165048901,0.10501696062130828
1432,1,2,1,-0.23454128635277055,3.7538749305461043,21.759202724738365,21.71539712950134,0.2575816090577019,0.4843788294292039,13,1.1164282984144638,1.086106962969878,0.19203271857307197,0.12561270256948998,0.0,0.0,0.0983056951482956,0.09372702342477635
1433,1,0,1,0.06542334650094717,3.8192982770470514,21.779763717452283,21.72351365105519,0.2413284095817018,0.46865470864097986,13,1.1155425106237558,1.0868649963559927,0.1918639215853452,0.0,0.0,0.0,0.0975191968560006,0.09434472472934463
1434,1,0,1,0.06522119867659217,3.8845194757236436,21.834562806830824,21.80359285857831,0.22426365824087524,0.4510607525655194,13,1.222460231114349,1.087581934212687,0.207952244497722,0.0,0.0,0.0,0.10238850804495896,0.105563736452763
1435,1,0,1,0.06541539782814665,3.9499348735517903,21.85491500805135,21.807708468499328,0.20796324992328283,0.4354064456877336,13,1.1154217027767748,1.0909538916352286,0.191728291172269,0.0,0.0,0.0,0.09780244990555458,0.09392584126671445
1436,1,0,1,0.0654304400167723,4.0,21.869360216355954,21.809118258933328,0.19183205176769844,0.419844990171002,13,1.1074205856523691,1.091565586913767,0.19015592203389553,0.0,0.0,0.0,0.09678718893350635,0.09336873310038914
1437,1,0,1,0.06523738034159215,4.0,21.91609953642822,21.882228269104992,0.17494276140674356,0.40239308760732934,13,1.2118112921261608,1.091961961882232,0.20604715754776604,0.0,0.0,0.0,0.10133574216572935,0.10471141538203668
1438,1,0,1,0.06545339659656271,4.0,21.91728265443842,21.87719326139501,0.15910296065686858,0.38700888322900245,13,1.0911063054385537,1.0949581951383303,0.1873440307692104,0.0,0.0,0.0,0.09503880449924987,0.09230522626996056
1439,1,0,1,0.06523403574866818,4.0,21.962511320180422,21.947868687738517,0.1422338688871499,0.36954551254086027,13,1.2107659899813412,1.094861897895836,0.20599477474716552,0.0,0.0,0.0,0.10121455061831208,0.10478022412885339
1440,1,0,1,0.06547416319414308,4.0,21.955670199802093,21.93649094985136,0.12657576238776347,0.3543284165408786,13,1.079540641932489,1.0977595001979736,0.1852512149962089,0.0,0.0,0.0,0.09394863899631863,0.09130257599989024
1441,1,0,1,0.06549587580934363,4.0,21.946520725778736,21.92090675296413,0.11099869200079754,0.33923209047824726,13,1.072570357830744,1.0973040287413365,0.18404037869758305,0.0,0.0,0.0,0.09346242232179541,0.09057795637578765
1442,1,0,0,0.0652733039655688,4.0,21.982085729841998,21.982971980347504,0.09434891423489533,0.3219952553499528,13,1.1943159184152126,1.0966856869685715,0.20331967736518008,0.0,0.0,0.0,0.09989866659541338,0.1034210107697667
1443,1,0,1,0.065510934319737,4.0,21.963803480901678,21.96502504528049,0.07901226161764467,0.30694257243948564,13,1.0628972587474046,1.0991264427547376,0.18233601316630696,0.0,0.0,0.0,0.09201991570350386,0.09031609746280313
1444,1,0,1,0.06528651706602331,4.0,21.99629975152584,22.02340006189919,0.062470661576848004,0.2897502326099896,13,1.1890920003974124,1.0982207131545543,0.202403639221756,0.0,0.0,0.0,0.09924960024478005,0.10315403897697593
1445,1,0,1,0.06530204811583683,4.0,22.023597488149058,22.076580199983848,0.046041015306748166,0.2726669498119898,13,1.1809703700435044,1.1004924953356259,0.20107757440859805,0.0,0.0,0.0,0.098577877620599,0.10249969678799908
1446,1,0,1,0.06552966190331917,4.0,21.961789934708506,22.05000007686646,0.032470474353517596,0.2577531048350451,13,1.0141167656453807,1.1025044422033228,0.1709063155810516,0.0,0.0,0.0,0.09159151638439422,0.0894830698616681
1447,1,0,1,0.06555767597413466,4.0,21.87374972088288,22.021865291320765,0.020016750616922676,0.2429337050400365,13,0.9841197509180576,1.1002947502893743,0.1636387411896213,0.0,0.0,0.0,0.09131122835918737,0.08891639877005178
1448,1,0,1,0.06560436859772062,4.0,21.608722102237753,21.98601405447157,0.01187126676670631,0.22837884634596495,13,0.7965115198107671,1.0973903753050913,0.13620205526572743,0.0,0.0,0.0,0.08943567229056082,0.08732915216442923
1449,1,0,1,0.06564010224320121,4.0,21.1989274751937,21.94791602571898,0.007921950551810789,0.21387966910632442,13,0.6419757481210907,1.089868403917733,0.11069096072721614,0.0,0.0,0.0,0.09008019138127014,0.08699506343784301
1450,1,0,1,0.06543344489477297,4.0,20.75061618641208,21.988019421909392,0.00519988728187002,0.1971773324375281,13,0.6704631949316118,1.078671087522817,0.11654639963242262,0.0,0.0,0.0,0.09832280608256991,0.10021402001277803
1451,1,0,1,0.06546620835220532,4.0,20.3120109134077,22.022680986083458,0.0025278828933392727,0.18059143759516935,13,0.664522181377724,1.0684658902080368,0.11554739538533698,0.0,0.0,0.0,0.09930789653510738,0.0995153690541525
1452,1,1,0,-0.2343232735756174,3.7656767264243824,20.37664288600392,21.975324055155113,0.23610860017835023,0.16633032627170624,13,1.0756423391551502,1.058367297487279,0.18408236423071317,0.0,0.0,0.0,0.09851569628993441,0.08556666794077877
1453,1,0,1,0.06537355654093412,3.8310502829653164,20.48742536286599,22.024145424401325,0.21856324538184882,0.14934993648583267,13,1.218403019637258,1.058799173528976,0.2071544674942497,0.0,0.0,0.0,0.10527212877900824,0.10188233871524148
1454,1,0,1,0.06538707559729662,3.896437358562613,20.587206995477274,22.068452223865613,0.2012386068331712,0.13245727741233984,13,1.20687770175725,1.062789269681683,0.20530378573302244,0.0,0.0,0.0,0.10394783129206556,0.1013559544409569
1455,1,0,1,0.06538657486238993,3.961823933425003,20.6848470289177,22.108886674260038,0.18388513567927486,0.11566669000293471,13,1.20446596431843,1.0663914804835721,0.20486435137980918,0.0,0.0,0.0,0.10412082692337829,0.10074352445643087
1456,1,0,0,0.06538586459020085,4.0,20.776484309399834,22.14731274803622,0.1666268536790091,0.09889090168501741,13,1.1999066968377554,1.0698433425794436,0.20420442190909835,0.0,0.0,0.0,0.10354969200159451,0.10065472990750383
1457,1,0,1,0.065378577872991,4.0,20.864603672835027,22.183387053287156,0.14939929984114722,0.08215492059067613,13,1.1972885951220327,1.0730949264359013,0.20378120959321896,0.0,0.0,0.0,0.10336532302717127,0.10041588656604768
1458,1,0,1,0.06538420081467028,4.0,20.94712385738641,22.217241080352597,0.13226581623231234,0.06545352090716727,13,1.1925739797698762,1.0761997681530548,0.20300929975406262,0.0,0.0,0.0,0.10280090165300945,0.10020839810105316
1459,1,0,1,0.06539225013960773,4.0,21.0235581396737,22.24774167188952,0.11523327465606352,0.04881976997327919,13,1.186043997267693,1.079109123443475,0.20199775506082115,0.0,0.0,0.0,0.10219524945749273,0.0998025056033284
1460,1,0,1,0.06539175171379552,4.0,21.095723463902594,22.276002642786644,0.09828196235356808,0.03221817612581424,13,1.182208790415098,1.0817824952890804,0.2013174368997624,0.0,0.0,0.0,0.10170787381497268,0.09960956308478972
1461,1,0,1,0.06567479291558447,4.0,21.10876403096476,22.16394894887883,0.08275350202783614,0.019240840453729285,13,0.9852800258215832,1.084293152667231,0.17103477598690142,0.0,0.0,0.0,0.09317076195439167,0.0858778662797488
1462,1,0,1,0.06544943809361614,4.0,21.165260552986034,21.971842592675735,0.06616382997715932,0.007948751261682624,13,0.9462079903142666,1.0818178244960899,0.16729056745634086,0.0,0.0,0.0,0.09953803230406089,0.09869019512157043
1463,1,0,1,0.06575896201319838,4.0,21.160799591797353,21.50501318774121,0.05108682920517112,0.004855682334135091,13,0.607137212518341,1.0784275786415443,0.10902041819721445,0.0,0.0,0.0,0.09046200463192924,0.08385073477925706
1464,1,0,1,0.06579932799672229,4.0,21.14896076891604,21.022321371195872,0.036223946283550044,0.002566785952960411,13,0.5721146800618127,1.0666453194884642,0.10291067581677454,0.0,0.0,0.0,0.08917729752972645,0.08508887430540679
1465,1,1,1,-0.23443533506494657,3.7655646649350536,21.180529774786912,20.55415726294499,0.2703071072098297,0.00017537236841805708,13,0.6176869511227884,1.054282053502798,0.10984951594957644,0.0,0.0,0.0,0.09550103444232232,0.10198776114938538
1466,1,0,1,0.06573664435652855,3.831301309291582,21.204540054496327,20.0445122682134,0.25443356474458284,0.0,13,0.5577324609211215,1.0433671759432976,0.09629348900198909,0.0,0.0,0.0,0.09524125479148074,0.09099455866900148
1467,1,0,1,0.06579965413080513,3.897100963422387,21.214996160322222,19.543399461508066,0.23894008167791683,0.0,13,0.5405696071883046,1.0312263080677433,0.09296089839999623,0.0,0.0,0.0,0.09296089839999623,0.09137057711530869
1468,1,0,0,0.06556326358552544,3.9626642270079127,21.263020902054986,19.054814474970364,0.22250910070755858,0.0,13,0.5783996457408194,1.0189598905457573,0.0985858858221496,0.0,0.0,0.0,0.0985858858221496,0.10800397548842561
1469,1,0,0,0.06559392517321319,4.0,21.30456614230944,18.578444113096104,0.20622721402545172,0.0,13,0.5731207628058259,1.007945884425634,0.09769132009264109,0.0,0.0,0.0,0.09769132009264109,0.10950921223607088
1470,1,0,0,0.06591126408453962,4.0,21.302973820774593,18.113983010268704,0.1909883534172134,0.0,13,0.53102183202289,0.9970752563851386,0.09143316364942981,0.0,0.0,0.0,0.09143316364942981,0.09304242347951237
1471,1,1,1,-0.23432515138654933,3.765674848613451,21.332368785015444,17.661133435011983,0.42500539961042433,0.0,13,0.5619693097602146,0.9854239207760824,0.09589772284073486,0.0,0.0,0.0,0.09589772284073488,0.11076972221056428
1472,1,0,1,0.06564030803324747,3.8313151566466983,21.374175578531386,17.219605099136686,0.40868217427262393,0.0,13,0.5751160131413271,0.9748375555006857,0.09793935202680198,0.0,0.0,0.0,0.09793935202680198,0.11190919951652202
1473,1,0,1,0.06568427503892396,3.8969994316856225,21.408125867498978,16.789114971658268,0.392548967089442,0.0,13,0.5683046784308783,0.9648445169417018,0.09679924309909196,0.0,0.0,0.0,0.09679924309909196,0.1124871605308003
1474,1,0,1,0.0659222302542556,3.962921661939878,21.403124931471062,16.36938709736681,0.37742013327112667,0.0,13,0.5302022106595583,0.9549310209789312,0.09077300290989132,0.0,0.0,0.0,0.0907730029098913,0.09896088769976866
1475,1,0,1,0.06576081259436814,4.0,21.426416327124407,15.960152419932642,0.36154164616359435,0.0,13,0.5583695189401261,0.9443128007209469,0.09527092264519421,0.0,0.0,0.0,0.09527092264519421,0.11220479955982492
1476,1,0,1,0.06594900725114046,4.0,21.420892199658123,15.561148609434325,0.34640290641612,0.0,13,0.5301362807118217,0.9346642186764265,0.09083243848484653,0.0,0.0,0.0,0.09083243848484653,0.10135772549265873
1477,1,0,1,0.06600126382108362,4.0,21.40672095725879,15.172119894198467,0.33154079891210936,0.0,13,0.521351062592124,0.9245510202273113,0.08917264502406311,0.0,0.0,0.0,0.08917264502406311,0.10077759290488252
1478,1,0,1,0.06602322553120124,4.0,21.38898336453682,14.792816896843506,0.316773861306975,0.0,13,0.5174304312094946,0.9144710212864317,0.08860162563080692,0.0,0.0,0.0,0.08860162563080694,0.1018475863304456
1479,1,0,1,0.06606043713720892,4.0,21.3677624953172,14.422996474422416,0.3021198261590747,0.0,13,0.5135037148938011,0.9045450065345082,0.08792421088740154,0.0,0.0,0.0,0.08792421088740156,0.10148486949100534
1480,1,0,1,0.06611049030925083,4.0,21.34020865671829,14.062421562561859,0.2876603997686242,0.0,13,0.5066402237840207,0.8947689742434904,0.08675655834270286,0.0,0.0,0.0,0.08675655834270286,0.10079723291141514
1481,1,0,1,0.06601003917518056,4.0,21.337737556502585,13.710861023497811,0.2723566507930522,0.0,13,0.5310341162022517,0.8850657554820038,0.0918224938534318,0.0,0.0,0.0,0.0918224938534318,0.1090606081184948
1482,1,0,1,0.06605243468630774,4.0,21.32936239062927,13.368089497910365,0.25721859413639503,0.0,13,0.5250682730392503,0.8762149645000099,0.0908283399399431,0.0,0.0,0.0,0.09082833993994309,0.10764257150927688
1483,1,0,1,0.06623220164347998,4.0,21.287155477875345,13.033887260462606,0.24315113211172457,0.0,13,0.49102714701180655,0.867436297213491,0.08440477214802278,0.0,0.0,0.0,0.08440477214802276,0.09790644723783008
1484,1,0,1,0.06613042010618282,4.0,21.27233528273055,12.70804007895104,0.22816874634435028,0.0,13,0.5173586918020893,0.8580260684584489,0.08989431460424555,0.0,0.0,0.0,0.08989431460424556,0.10614579970328342
1485,1,2,1,-0.233821502231398,3.766178497768602,21.251527560630493,13.030233286196854,0.21337162529325607,0.232562013818322,13,1.1508948691877952,0.8495093840420399,0.19341064339663322,0.0,0.0,0.0,0.08878272630656527,0.10462791709006795
1486,1,0,1,0.0662103994860499,3.832388897254652,21.220310127715194,13.288080937008434,0.19899732532680448,0.2164279408748696,13,1.0836742390669687,0.8570440211706838,0.183050237459424,0.0,0.0,0.0,0.08624579979870972,0.09680443766071432
1487,1,0,1,0.06605321668927588,3.898442113943928,21.21576586789883,13.611759402337935,0.183748422974751,0.19857744984336947,13,1.1818439821312205,0.8627097766180908,0.19859636030132172,0.0,0.0,0.0,0.09149341411232095,0.10710294618900079
1488,1,0,1,0.06621609755498642,3.9646582114989144,21.186023759302188,13.841414037506691,0.1693481055104161,0.18273062997348508,13,1.070600658328041,0.8706881317559191,0.18148282400531596,0.0,0.0,0.0,0.08640190478600944,0.0950809192193065
1489,1,0,1,0.06623514764513719,4.0,21.150180699039648,14.057362397560013,0.15514911209254229,0.16706562482089082,13,1.055791244711002,0.875685944920222,0.17918399142280833,0.0,0.0,0.0,0.0851939605072428,0.09399003091556554
1490,1,0,1,0.06617222278906722,4.0,21.130849276100896,14.282887202973257,0.14053142266798804,0.1509987353024295,13,1.0863819598894835,0.8801885774149917,0.18410747365809338,0.0,0.0,0.0,0.08770613654732545,0.0964013371107679
1491,1,0,1,0.06623238751019445,4.0,21.097705320564756,14.47745975843439,0.12627741729736627,0.13556893647910292,13,1.0467720119018427,0.885343411976854,0.17810282516369025,0.0,0.0,0.0,0.08552403222373063,0.09257879293995962
1492,1,0,1,0.06599921163364601,4.0,21.099566999206857,14.773366736462755,0.11097398907802687,0.11750951192483766,13,1.1871477836454487,0.8893791269749787,0.20017711664162774,0.0,0.0,0.0,0.09182056931603631,0.1083565473255914
1493,1,0,1,0.06622759034454065,4.0,21.068328999257673,14.947037541784248,0.09670465160793396,0.10224781707811681,13,1.039256148764051,0.8968233433917405,0.17718619390088275,0.0,0.0,0.0,0.08561602482055752,0.09157016908032523
1494,1,0,1,0.06622616531618693,4.0,21.035843012396093,15.11383041965476,0.08248142850405665,0.08705360666736045,13,1.034691054534975,0.9003841635260482,0.17650460108780186,0.0,0.0,0.0,0.0853393386232638,0.09116526246453806
1495,1,0,0,0.06596592908483682,4.0,21.04374645146147,15.392622036628717,0.06708045898852603,0.06894040577754988,13,1.190436891840605,0.9037418358012714,0.2010850224320473,0.0,0.0,0.0,0.09240581709318378,0.10867920533886348
1496,1,0,1,0.06618701707301784,4.0,21.011838312522386,15.552533476456109,0.05301134881220501,0.05358558097104147,13,1.0389125130905668,0.9109092122022546,0.1765436098969765,0.0,0.0,0.0,0.08709472598554198,0.09212894883905047
1497,1,0,1,0.06592704380130089,4.0,20.961073369898283,15.807014284251395,0.04020617833528558,0.03573252119396305,13,1.1178251598956466,0.9141092947244625,0.1839493815239871,0.0,0.0,0.0,0.09389847744538993,0.10894049910184356
1498,1,0,1,0.06614777377760782,4.0,20.89352267865264,15.790709653433105,0.02786718207644211,0.024322952764466322,13,0.8353468692898084,0.919202191353742,0.14249138813004117,0.0,0.0,0.0,0.08955299119399641,0.09233077127863387
1499,1,0,1,0.06620083052116596,4.0,20.67631236978057,15.672059549938815,0.019097931756286744,0.015273650133932691,13,0.5812453959357857,0.9171058083021438,0.10691131770413398,0.0,0.0,0.0,0.08738961840709125,0.09125082790276717
1500,1,0,1,0.06623333753979325,4.0,20.30748957895743,15.396709608046002,0.014619292895867058,0.010527925038148958,13,0.2645365652770266,0.9087092979929849,0.055346183737220514,0.0,0.0,0.0,0.086402593043185,0.09064198155404668
1501,1,0,1,0.06601456706565703,4.0,19.955069272255685,15.061833070951362,0.00988071695108252,0.008442874908711028,13,0.20530813587870383,0.8926049796750859,0.040941756445334834,0.0,0.0,0.0,0.09450646542962052,0.1087985304154444
1502,1,0,1,0.06626402491444705,4.0,19.611537314195857,14.734619930693068,0.005166152635878773,0.006387346303898996,13,0.20467746026205413,0.8754225585801763,0.04062055752009467,0.0,0.0,0.0,0.09023809799357393,0.09201904402352949
1503,1,0,1,0.06635267358121164,4.0,19.22624565206198,14.41440877826273,0.0018683088798766342,0.004380915227357779,13,0.15315111655800645,0.8586539311222232,0.03182564899526013,0.0,0.0,0.0,0.08834881900005809,0.08967697581885146
1504,1,2,1,-0.23364456517633525,3.766355434823665,18.801638777156732,14.59436162670664,0.0,0.2392730290166231,13,0.5963623342967744,0.8410163607581179,0.10185717054366777,0.0,0.0,0.0,0.09030826487419626,0.09064731726440797
1505,1,0,1,0.06610963406329995,3.832465068886965,18.33159780772781,14.875448540329748,0.0,0.221427412814759,13,0.6459459542907756,0.8349000100965842,0.10707369721118451,0.0,0.0,0.0,0.0971652465431306,0.10707369721118451
1506,1,0,1,0.06614026750664725,3.8986053363936124,17.873307862534613,15.142628268689815,0.0,0.2037317006446666,13,0.6390659418683122,0.8301761587014389,0.10617427302055447,0.0,0.0,0.0,0.09703490394601183,0.10617427302055447
1507,1,1,1,-0.23384167701639258,3.6647636593772197,17.9955489314509,15.39825480538315,0.23365128169000182,0.18614541247453667,13,1.203266008890231,0.8253984032806108,0.20361003888076895,0.0,0.0,0.0,0.09809230985998921,0.1055177290207797
1508,1,2,1,-0.23378499029337851,3.4309786690838413,18.11233401301173,15.583874330126399,0.2176009231020671,0.42012094188480936,13,1.1372496997249275,0.8348450934208513,0.19244897506597197,0.0,0.0,0.0,0.09630215152760836,0.0961468235383636
1509,1,0,1,0.0661309031242814,3.4971095722081227,18.237663130054326,15.77142216079516,0.20113608199055197,0.4039747520368791,13,1.155282156289811,0.8424052085784532,0.1956661857566722,0.0,0.0,0.0,0.09878904666909069,0.09687713908758147
1510,1,0,1,0.06611155596044527,3.5632211281685677,18.362707879216842,15.952879092630614,0.18460454355500225,0.3878224802027879,13,1.1567288132692097,0.8502271322712371,0.19610286161784551,0.0,0.0,0.0,0.09918923061329837,0.09691363100454715
1511,1,1,1,-0.2338913907774846,3.3293297373910833,18.481848130331496,16.126525413982037,0.4181486953312108,0.3717341610896246,13,1.1506762467622595,0.8578896742961865,0.19526500402172878,0.0,0.0,0.0,0.0987350893427488,0.09652991467897996
1512,1,0,1,0.06597863331954218,3.3953083707106253,18.614921450433908,16.329163895767152,0.4012203661417506,0.35478153338428725,13,1.20092114049537,0.8652093386078383,0.20328574136878483,0.0,0.0,0.0,0.10156997513676075,0.10171576623202412
1513,1,0,1,0.06591922041080368,3.461227591121429,18.736193562664518,16.569755704868825,0.38453379289364337,0.33681039786560124,13,1.2354660549873073,0.8736021336550266,0.2079462526007597,0.0,0.0,0.0,0.10011943948864345,0.10782681311211624
1514,1,0,1,0.0659587267879106,3.5271863179093397,18.861870283645715,16.75284620825569,0.3676423448124349,0.3200289657368806,13,1.1914159560563942,0.8826487316883337,0.20203728125957504,0.0,0.0,0.0,0.10134868848725112,0.10068859277232393
1515,1,0,0,0.06595389069525498,3.5931402086045945,18.982976087167586,16.92194017014126,0.3507787091725019,0.3034561317288112,13,1.1805676777049765,0.8903679122975351,0.20061881788801394,0.0,0.0,0.0,0.10118181383959765,0.09943700404841632
1516,1,2,1,-0.23403337459839363,3.3591068340062007,19.095439449041166,17.078453461731144,0.33407493831429,0.48364136781904116,13,1.1665995598961842,0.8976229064327211,0.19837441823502502,0.3207367903728672,0.0,5.551115123125783e-17,0.10022262514927181,0.09815179308575327
1517,1,0,1,0.0658141494967825,3.4249209835029832,19.20134700281052,17.304375148368152,0.3174433125018567,0.46551233960790067,13,1.2361765631756763,0.9043473227693077,0.20856392414144234,0.0,0.0,0.0,0.09978975487459996,0.10877416926684239
1518,1,0,1,0.06587386049864224,3.4907948440016257,19.317254396636237,17.456086623573626,0.3004339494416362,0.4490254539002325,13,1.1802619228106561,0.912643053779467,0.2009774926073315,0.0,0.0,0.0,0.10205617836132261,0.09892131424600886
1519,1,0,1,0.06585566046573353,3.5566505044673593,19.431638024743435,17.604506285774846,0.28337769291350773,0.4325073856821171,13,1.1821368158136623,0.9193335255052466,0.20144594847746364,0.0,0.0,0.0,0.10233753916877096,0.09910840930869265
1520,1,1,1,-0.234128803663682,3.3225217008036774,19.537941322930656,17.74001425642576,0.48308550619300766,0.41621536704383405,13,1.1677148766010939,0.925903607762957,0.19923907467165264,0.20026615748104637,0.0,5.551115123125783e-17,0.10148696284195424,0.09775211182969838
1521,1,0,1,0.06575430785774944,3.388276008661427,19.656071004061708,17.902018357466318,0.465752190364548,0.3991579004348104,13,1.2120826716555233,0.9319488894839105,0.20634469462489907,0.0,0.0,0.0,0.1039998949707574,0.10234479965414167
1522,1,0,1,0.06576886495174647,3.4540448736131735,19.76730224244455,18.04647966670128,0.44853662788156284,0.38242792321048374,13,1.1946447816559997,0.9389522340382008,0.20367323824387112,0.0,0.0,0.0,0.10329337489791106,0.10037986334596005
1523,1,0,0,0.06567164952017884,3.5197165231333525,19.868129430908574,18.247699181876293,0.43164060374195073,0.3642365689798912,13,1.2473912513676852,0.9453445477286457,0.21052427022122758,0.0,0.0,0.0,0.10137614483767264,0.10914812538355492
1524,1,0,1,0.06564426521902139,3.5853607883523737,19.97171735249762,18.444248008062086,0.4145798027865541,0.34601769411187844,13,1.253032463094462,0.9528957153196218,0.2116780549404569,0.0,0.0,0.0,0.10236480573238027,0.10931324920807665
1525,1,0,0,0.06562625454228288,3.6509870428946565,20.073279828748532,18.633790067534612,0.39752689557615817,0.32783951257994687,13,1.2515036697374278,0.9603991340139928,0.21138653245396477,0.0,0.0,0.0,0.10231744326237519,0.10906908919158956
1526,1,0,1,0.06572014341812753,3.716707186312784,20.172237291223194,18.745452702059232,0.38034351720818993,0.3114313693536346,13,1.1782968444063624,0.9676767474070787,0.20154912956568297,0.0,0.0,0.0,0.10310027020780937,0.09844885935787363
1527,1,0,1,0.06558798335981592,3.7822951696726,20.267475093145016,18.925919727632248,0.36331682420081773,0.29327468304426607,13,1.2486470773268983,0.9729422498320608,0.21110027590044464,0.0,0.0,0.0,0.10216015804423334,0.10894011785621131
1528,1,0,0,0.06576459988438442,3.8480597695569845,20.34705721259185,19.011529211037946,0.3465168258953608,0.27732541448990883,13,1.14502647337196,0.9798348705194316,0.19649560115888454,0.0,0.0,0.0,0.1007999898327415,0.09569561132614308
1529,1,0,1,0.06555407531037624,3.9136138448673607,20.44096115100271,19.185696549002067,0.3294008889078381,0.25912187006499615,13,1.2520359369657266,0.9839646605907448,0.2119168884746129,0.0,0.0,0.0,0.10269562192513645,0.10922126654947643
1530,1,0,1,0.06580156612158412,3.979415410988945,20.50032164606133,19.249946750795388,0.31304291965279646,0.2435260781807506,13,1.114277139352062,0.9906664425001196,0.19172256683572297,0.0,0.0,0.0,0.0981478155302499,0.09357475130547306
1531,1,0,1,0.06581823307194132,4.0,20.553522812908483,19.308108224062583,0.2968131213940128,0.22806434238120254,13,1.1051193500357672,0.993756709921418,0.19014920434999036,0.0,0.0,0.0,0.09737878955270182,0.09277041479728858
1532,1,0,1,0.06581020694347661,4.0,20.605014429668746,19.365530200823063,0.2806048821726286,0.2125732405482518,13,1.1054543694450163,0.9965407759242768,0.1901960463260096,0.0,0.0,0.0,0.09724943532830528,0.09294661099770431
1533,1,0,1,0.06554376266132542,4.0,20.6869209768835,19.525012752135634,0.26364541733135477,0.19450169578709886,13,1.2406527142896224,0.9992636157622952,0.21018605761456033,0.0,0.0,0.0,0.10175678904764257,0.10842926856691777
1534,1,0,1,0.06553708448755204,4.0,20.764600037289533,19.67723198605629,0.2467467391271729,0.17651190648137938,13,1.2351966375521726,1.0052983432254783,0.20933080505940813,0.0,0.0,0.0,0.10139206922509139,0.10793873583431675
1535,1,0,1,0.06582428327335345,4.0,20.792453984507024,19.718426277605502,0.23106286550853142,0.1612011832248638,13,1.0800940393503424,1.0110458005836458,0.18596758125094268,0.0,0.0,0.0,0.09410324171184892,0.09186433953909375
1536,1,0,1,0.06554203610157991,4.0,20.86279502968413,19.861890151976777,0.2142925693908396,0.14329737518230526,14,1.2265769261011892,1.0127720065528132,0.20804462496150194,0.0,0.0,0.0,0.10062177670615091,0.107422848255351
1537,1,0,1,0.06552456053400209,4.0,20.931710072883686,20.000663643329464,0.19752043592177856,0.1253838273462885,14,1.2258056640937671,1.0181171295415226,0.20811408783046662,0.0,0.0,0.0,0.10063280081436614,0.10748128701610049
1538,1,0,0,0.065525780759678,4.0,20.996625251398676,20.131215741021045,0.18080349636932871,0.10760720237536457,14,1.218776619111902,1.0233093429053288,0.2069613871402428,0.0,0.0,0.0,0.10030163731469907,0.10665974982554367
1539,1,0,1,0.06552032748144689,4.0,21.05792238108363,20.255111255321378,0.16413478507820023,0.0899260724898992,14,1.213388668795779,1.028196024810493,0.206099047059563,0.0,0.0,0.0,0.10001226774677086,0.10608677931279213
1540,1,0,1,0.06578161792173035,4.0,21.06875953231233,20.283523325644474,0.1487141369440009,0.07459074648511045,14,1.0720750624619246,1.0328258409101252,0.18453584483392832,0.0,0.0,0.0,0.09252388880519588,0.09201195602873241
1541,1,0,1,0.0658013821319029,4.0,21.079663779051288,20.30601343385415,0.13328671291775687,0.059390441470141254,14,1.067201426397553,1.03380707144892,0.18376637424727937,0.0,0.0,0.0,0.09256454415746412,0.09120183008981525
1542,1,1,1,-0.23416585347017854,3.7658341465298215,21.074962362407735,20.324543488828823,0.3683008797119866,0.04434818182280453,14,1.0484705686537563,1.034641930322636,0.18016855711864244,0.0,0.0,0.0,0.08991499923462207,0.09025355788402036
1543,1,0,1,0.06543041209019372,3.831264558620015,21.153822779193042,20.372636277484524,0.35113541589391956,0.028336071715789602,14,1.1619408517219172,1.0349876462809142,0.19906544355049127,0.0,0.0,0.0,0.10299278290840166,0.10700011866157812
1544,1,0,1,0.06571646768218867,3.8969810263022038,21.181762060907,20.16242879955299,0.3351771070045995,0.019300344573577193,14,0.8558932801993665,1.0381614764169391,0.14996421618919475,0.0,0.0,0.0,0.09574985333592026,0.09220279965908743
1545,1,0,1,0.06573159551757411,3.9627126218197777,21.207411605000605,19.84518592160098,0.31925564508088883,0.013563958272942406,14,0.74201143765309,1.0336047715114998,0.12994708934607352,0.0,0.0,0.0,0.09552877154226479,0.09263184548214626
1546,1,0,1,0.06549537201391738,4.0,21.268602275172515,19.4240674385838,0.30247329556217556,0.010707532932102524,14,0.6663871253197733,1.0263149381650396,0.1178326491573184,0.0,0.0,0.0,0.10069409711227911,0.10819865299177692
1547,1,0,1,0.06582434834809961,4.0,21.274208155951133,18.996298565883116,0.28708003980842006,0.008297832379439526,14,0.59515375092184,1.0173167428439078,0.10681773783851106,0.0,0.0,0.0,0.0923595345225331,0.09270434786429825
1548,1,0,1,0.06588244707212108,4.0,21.266394544085177,18.578751653326787,0.2720644283854583,0.005907809396491586,14,0.5814021436235749,1.0067626680458561,0.10443380643545816,0.0,0.0,0.0,0.09009366853777051,0.09281368133715416
1549,1,1,1,-0.23405308338725195,3.765946916612748,21.24769130208454,18.170491034698685,0.48357120184484886,0.003565802200447188,14,0.5691647943065606,0.9961286549352991,0.10212883189180416,0.14288257052811892,0.0,5.551115123125783e-17,0.08807678871553777,0.0918992085013729
1550,1,0,1,0.06560748931385822,3.8315544059266062,21.298104170790488,17.766171758973712,0.4670757898373303,0.001484843861176589,14,0.6315481514005516,0.9854545584195807,0.11145822208073514,0.0,0.0,0.0,0.09897247204511156,0.11100860245937907
1551,1,0,1,0.0658643991482416,3.8974188050748477,21.302562813517305,17.357653717667606,0.45175957430754826,0.0,14,0.572547499664822,0.976606898244105,0.10080635634575152,0.0,0.0,0.0,0.09189729317869198,0.09682037623406772
1552,1,0,1,0.06567084110196868,3.9630896461768166,21.34234982428226,16.923712374725916,0.4355250940372663,0.0,14,0.5723510811028849,0.9665054132796229,0.09740688162169236,0.0,0.0,0.0,0.09740688162169236,0.11185670046006943
1553,1,0,1,0.06589069922894893,4.0,21.34400766269841,16.50061956535777,0.42026701374165004,0.0,14,0.5352165840232058,0.9566515549752044,0.09154848177369662,0.0,0.0,0.0,0.09154848177369662,0.09996509126368947
1554,1,0,0,0.06573889486624405,4.0,21.37487698236672,16.088104076223825,0.4041877729762307,0.0,14,0.564469511235772,0.9461156807014045,0.09647544459251604,0.0,0.0,0.0,0.09647544459251603,0.11250356568990523
1555,1,0,1,0.06595092296369391,4.0,21.36517344873464,15.685901474318229,0.38924511743416823,0.0,14,0.5246683909270877,0.9365745264647637,0.08965593325237559,0.0,0.0,0.0,0.08965593325237559,0.10128617389915574
1556,1,0,1,0.06598894282580332,4.0,21.352486978875575,15.293753937460275,0.37438860503917276,0.0,14,0.521442866359302,0.9262768730763218,0.08913907436997201,0.0,0.0,0.0,0.08913907436997201,0.10083531960761852
1557,1,0,1,0.06585820967419866,4.0,21.3693067508104,14.911410089023766,0.3586115180370883,0.0,14,0.5506319464067112,0.9161560229083964,0.09466252201250709,0.0,0.0,0.0,0.09466252201250709,0.11132348189769319
1558,1,0,1,0.06604217556995283,4.0,21.349321120828222,14.538624836798173,0.3439661751690439,0.0,14,0.5142470387880824,0.9070179209958542,0.08787205720826669,0.0,0.0,0.0,0.08787205720826667,0.10159149221835481
1559,1,0,1,0.06593989220559184,4.0,21.35514751419143,14.17515921587822,0.32847233571776324,0.0,14,0.539559421383916,0.89719864894066,0.09296303670768376,0.0,0.0,0.0,0.09296303670768374,0.11058819064654254
1560,1,1,1,-0.23386424604694592,3.766135753953054,21.320823285549675,13.820780235481264,0.4857623593465847,0.0,14,0.49955445921302966,0.8882576682517412,0.08542584392049149,0.47083401430657934,0.0,5.551115123125783e-17,0.0854258439204915,0.10081979494203165
1561,1,0,1,0.06599621249783535,3.8321319664508895,21.3228442794517,13.475260729594233,0.4705183892626736,0.0,14,0.5350415760407691,0.8785400880257734,0.09146382050346713,0.0,0.0,0.0,0.09146382050346712,0.10827957130630374
1562,1,0,1,0.06610560392364008,3.89823757037453,21.299385542633804,13.138379211354376,0.4560105876270784,0.0,14,0.5096123701683926,0.8699526252261485,0.08704680981357057,0.0,0.0,0.0,0.08704680981357059,0.10327172532110294
1563,1,0,1,0.06607063907696638,3.964308209451496,21.294354196381423,12.809919731070515,0.4408830931538945,0.0,14,0.5274532923134654,0.8609441188497045,0.09076496683910353,0.0,0.0,0.0,0.09076496683910351,0.10667740742611354
1564,1,0,1,0.06609588525718403,4.0,21.28918283804292,12.489671737793753,0.4257100595939935,0.0,14,0.5271874965710279,0.8526068481862985,0.09103820135940638,0.0,0.0,0.0,0.09103820135940638,0.10589955827166025
1565,1,0,1,0.06623658844365918,4.0,21.25080788503149,12.177429944348908,0.41161479445221016,0.0,14,0.49385461793964835,0.8444713643959167,0.0845715908507001,0.0,0.0,0.0,0.08457159085070008,0.09907834891341342
1566,1,0,1,0.06628028849081977,4.0,21.208628615241444,11.872994195740185,0.3976458158862908,0.0,14,0.4890909273357401,0.83570594573451,0.08381387139551602,0.0,0.0,0.0,0.08381387139551602,0.09780217974828526
1567,1,0,1,0.06632106844813804,4.0,21.16281840518318,11.576169340846683,0.383804862065024,0.0,14,0.4844055053227737,0.8270405702745408,0.08304572292760087,0.0,0.0,0.0,0.08304572292760087,0.09656268134310078
1568,1,0,1,0.0663704633670378,4.0,21.111973068320907,11.286765107325515,0.3701046098763235,0.0,14,0.4782251232673054,0.8184746936507467,0.08220151313220292,0.0,0.0,0.0,0.08220151313220293,0.09469093545369295
1569,1,0,1,0.06641928165545757,4.0,21.057050245735546,11.004595979642376,0.356537917002215,0.0,14,0.4728765041226588,0.8099684543911606,0.08140015724465094,0.0,0.0,0.0,0.08140015724465095,0.09246992445751008
1570,1,0,1,0.06634115424215864,4.0,21.033334454706345,10.729481080151317,0.34192399863482725,0.0,14,0.5027104651141902,0.801541155634448,0.08768351020432659,0.0,0.0,0.0,0.08768351020432659,0.09804948784139848
1571,1,0,1,0.06636844013245803,4.0,21.009207721957136,10.461244053147535,0.32733489545876293,0.0,14,0.5017066286184506,0.7940703883714415,0.08753461905638599,0.0,0.0,0.0,0.08753461905638599,0.0969494161449049
1572,1,0,1,0.06640931623091312,4.0,20.980428317553905,10.199712951818846,0.312900223131742,0.0,14,0.49645078864570014,0.7867612943776168,0.08660803396212582,0.0,0.0,0.0,0.08660803396212582,0.09539165870775294
1573,1,0,1,0.06660747912953574,4.0,20.905105415578447,9.944720128023375,0.2999899193520417,0.0,14,0.44918780596338553,0.779503531734319,0.07746182267820183,0.0,0.0,0.0,0.07746182267820183,0.08527305554492717
1574,1,0,1,0.06673725140300074,4.0,20.80313613589809,9.69610212482279,0.2878343670554014,0.0,14,0.4206583557091031,0.7712456385900456,0.07293331377984122,0.0,0.0,0.0,0.07293331377984122,0.07906639700874407
1575,1,0,1,0.0667773796936689,4.0,20.7021704184289,9.45369957170222,0.2757307250618992,0.0,14,0.41911268592826256,0.7624809565180221,0.07262185196101333,0.0,0.0,0.0,0.07262185196101333,0.07772429798125326
1576,1,0,1,0.06681165287971909,4.0,20.60232806779263,9.217357082409666,0.2636696769930089,0.0,14,0.41771190982445516,0.753896749753278,0.07236628841334189,0.0,0.0,0.0,0.07236628841334188,0.076258945219231
1577,1,2,1,-0.23315965630433008,3.76684034369567,20.504396755721288,9.450204331716739,0.2516432800406168,0.23748356576682297,14,0.8804080659907874,0.7454921287550575,0.14725698711341512,0.0,0.0,0.0,0.07215838171435285,0.07509860539906225
1578,1,0,1,0.06672915240027928,3.833569496095949,20.429196789494604,9.69506873493589,0.23900633475581967,0.22453819890276913,14,0.9185294641784197,0.7488650271859507,0.1534938728931057,0.0,0.0,0.0,0.07582167170878279,0.07767220118432291
1579,1,0,1,0.06670253858907607,3.9002720346850253,20.358433003508267,9.942721304962479,0.22629888777609186,0.2113257963922425,14,0.9299954221510132,0.7531066381107625,0.15551909694152666,0.0,0.0,0.0,0.07624468187836661,0.07927441506316006
1580,1,0,1,0.06676795884628706,3.967039993531312,20.27034864118894,10.166082012606603,0.21412822039001234,0.19856259318183234,14,0.8928052030365642,0.7575288577117687,0.14960322357893815,0.0,0.0,0.0,0.07302400431647732,0.07657921926246083
1581,1,0,0,0.06645163556737956,4.0,20.274395455595545,10.496166624422722,0.19919576694946498,0.18300983562162734,14,1.0950421925676115,0.7609107663448886,0.182911266004514,0.0,0.0,0.0,0.08959472064328415,0.09331654536122982
1582,1,0,1,0.06641100110354566,4.0,20.280989262334337,10.828258565904786,0.18420944781760837,0.16712735362564765,14,1.1079498002213117,0.7692640520004568,0.18521280676701812,0.0,0.0,0.0,0.08991791479113975,0.09529489197587834
1583,1,0,1,0.06637314592564106,4.0,20.293220374944664,11.160087061894831,0.16906218382093152,0.1509813855346499,14,1.1217908043063518,0.777731195705978,0.18775939252604743,0.0,0.0,0.0,0.09088358398006102,0.09687580854598639
1584,1,0,1,0.06667060395528551,4.0,20.221771833717845,11.370443998055073,0.1564549855430576,0.13767356149185742,14,0.9252410808544116,0.7863326859209874,0.15549013392399846,0.0,0.0,0.0,0.07564318966724345,0.07984694425675498
1585,1,0,0,0.06631795476415106,4.0,20.24489502616244,11.700318083221816,0.14103803038575752,0.12114265817692084,14,1.1428026734056567,0.7898053957943231,0.19168715083341992,0.0,0.0,0.0,0.09250173094380049,0.09918541988961943
1586,1,0,1,0.06630133229963409,4.0,20.2661514793368,12.024361778707892,0.1256857855616356,0.1045188156816676,14,1.143930476395041,0.7986303277346063,0.19185652391625105,0.0,0.0,0.0,0.09211346894473157,0.09974305497151949
1587,1,0,1,0.06664205733258033,4.0,20.199276143915597,12.207109722256178,0.11297807135081687,0.09126043551177383,14,0.923135439578203,0.8072628314511172,0.15579656628427488,0.0,0.0,0.0,0.07624628526491228,0.07955028101936261
1588,1,0,0,0.06663886764827708,4.0,20.13776272446902,12.38240144144942,0.10015651362999058,0.0780782275305237,14,0.9239379464009632,0.8101596466542944,0.1560225942124586,0.0,0.0,0.0,0.07692934632495776,0.07909324788750084
1589,1,0,1,0.0666624931020113,4.0,20.071386262448975,12.54627804821319,0.08752052969494432,0.06504759741650883,14,0.9105042488916826,0.8130041041479611,0.15399968429436672,0.0,0.0,0.0,0.07581590361027758,0.07818378068408914
1590,1,0,1,0.0667924680228611,4.0,19.970575874407807,12.672269697343241,0.07589398362916405,0.052913304068050275,14,0.8406228688554382,0.815441607766554,0.1425650364854329,0.0,0.0,0.0,0.06975927639468157,0.07280576009075135
1591,1,0,1,0.06658938293796712,4.0,19.934567949877597,12.689021375160472,0.06252936425851086,0.04313421876745396,14,0.7968148925807966,0.8160711392937762,0.13886222802749704,0.0,0.0,0.0,0.0801877162239192,0.08070536935209383
1592,1,0,0,0.06623484382967887,4.0,19.977144364349478,12.706944843461898,0.046830322790127867,0.03301114723237502,14,0.876089615899258,0.8155897331259518,0.15493267802077162,0.0,0.0,0.0,0.09419424881029793,0.10229419951204889
1593,1,0,0,0.06621473725835937,4.0,19.999792594406486,12.62784054487643,0.03210542984004185,0.024782903230100867,14,0.7606461616668241,0.8171022301952844,0.137718821714161,0.0,0.0,0.0,0.0951682702128918,0.10414284460226825
1594,1,0,1,0.06622194487053783,4.0,19.92271430421743,12.403226994554116,0.022049956673211066,0.02030965449882113,14,0.5139989879707021,0.8156908284820729,0.08717233138866318,0.0,0.0,0.0,0.09481173390540805,0.1041661191882109
1595,1,0,1,0.0667620383184097,4.0,19.710271363527717,12.161749219425875,0.0152901278632197,0.016969183361317475,14,0.3542278166513383,0.8081485324692885,0.060601799684970106,0.0,0.0,0.0,0.0728483505907483,0.0743901580840218
1596,1,0,1,0.06661826292036901,4.0,19.478717397401816,11.920490609688475,0.009008199032879834,0.013986195253404459,14,0.32398793871054016,0.7968005145738399,0.0555895016295173,0.0,0.0,0.0,0.08079569954511721,0.0825415609670945
1597,1,0,1,0.0667727732327217,4.0,19.123483045764253,11.657091129260497,0.005019600836727236,0.012543995886144787,14,0.16634636811171427,0.7849802001772574,0.03258478538047362,0.0,0.0,0.0,0.07556218667254642,0.0761581924648144
1598,1,0,1,0.0664406595014359,4.0,18.744738911893833,11.399168426663902,0.0021098104426626103,0.011147971901356505,14,0.13284751790860366,0.7695143543756188,0.025834886273117454,0.0,0.0,0.0,0.09193693286491653,0.0978130164701634
1599,1,0,1,0.06681988640478738,4.0,18.349784828303733,11.147064679016001,6.357740912807473e-05,0.009778160942244098,14,0.10653985222594106,0.7535976834639435,0.02049626395588166,0.0,0.0,0.0,0.0778258696770233,0.07553975415492666
1600,1,0,1,0.06651812674464029,4.0,17.893328994324747,10.902557273493457,0.0,0.0083544437983751,14,0.036457998181466625,0.7374212376829934,0.008923767317982433,0.0,0.0,0.0,0.09366635719444215,0.09609358626941866
1601,1,0,1,0.06657921484481205,4.0,17.44599576946663,10.66238077502857,0.0,0.007004967407856427,14,0.03238743337244815,0.7198971566954553,0.008096858343112037,0.0,0.0,0.0,0.09357856972252267,0.09420782933404136
1602,1,0,1,0.06700702387316951,4.0,17.009845875229963,10.427698178142885,0.0,0.005676762304105205,14,0.03187692249002935,0.70270941361238,0.007969230622507338,0.0,0.0,0.0,0.07511189892309807,0.07141657286943288
1603,1,0,1,0.06703551975537647,4.0,16.584599728349218,10.198195953244147,0.0,0.004377169405987147,14,0.031190229554833387,0.6859386013343212,0.007797557388708347,0.0,0.0,0.0,0.07592370814894547,0.0710670661704642
1604,1,0,1,0.06709872995630829,4.0,16.169984735140485,9.973506768164587,0.0,0.00311609799967283,14,0.0302657137515436,0.6695698920398341,0.0075664284378859,0.0,0.0,0.0,0.07460446032928472,0.06919743517462981
1605,1,0,1,0.06681008320552992,4.0,15.765735116761974,9.753398252253204,0.0,0.001898216612475684,14,0.029229153292731506,0.6535872875826269,0.007307288323182877,0.0,0.0,0.0,0.09200695419394138,0.08644348222834228
1606,1,0,1,0.06686964009245407,4.0,15.371591738842925,9.538500756162655,0.0,0.0006924891034847283,14,0.02893746021578293,0.6379783342253795,0.007234365053945734,0.0,0.0,0.0,0.09071051019842646,0.08435874661919288
1607,1,0,0,0.06734720871445625,4.0,14.98730194537185,9.316657975742224,0.0,0.0,14,0.01661973848363348,0.6227523123751395,0.00415493462090837,0.0,0.0,0.0,0.0685387499237623,0.062264852908458554
1608,1,0,1,0.06736157351769519,4.0,14.612619396737554,9.083741526348668,0.0,0.0,14,0.0,0.6075989980278519,0.0,0.0,0.0,0.0,0.06908338472262794,0.06278391142679739
1609,1,0,1,0.06737664292785832,4.0,14.247303911819113,8.85664798818995,0.0,0.0,14,0.0,0.5924090230771556,0.0,0.0,0.0,0.0,0.06978973122461911,0.0628924786900188
1610,1,0,1,0.06711898417468774,4.0,13.89112131402364,8.6352317884852,0.0,0.0,14,0.0,0.5775987975002266,0.0,0.0,0.0,0.0,0.0865911884735448,0.07549310653282665
1611,1,0,1,0.06720150288640198,4.0,13.543843281173046,8.419350993773072,0.0,0.0,14,0.0,0.5631588275627211,0.0,0.0,0.0,0.0,0.08386790766105276,0.07266036073388017
1612,1,0,1,0.06725704166583185,4.0,13.20524719914372,8.208867218928745,0.0,0.0,14,0.0,0.5490798568736529,0.0,0.0,0.0,0.0,0.0828091874477064,0.07059219995964841
1613,1,0,1,0.06730716557131357,4.0,12.875116019165127,8.003645538455526,0.0,0.0,14,0.0,0.5353528604518116,0.0,0.0,0.0,0.0,0.08160223106058351,0.0691248885052103
1614,1,0,1,0.06777176597769823,4.0,12.553238118686,7.8035543999941375,0.0,0.0,14,0.0,0.5219690389405164,0.0,0.0,0.0,0.0,0.059160721319263226,0.051837390058256466
1615,1,0,1,0.06787010180067043,4.0,12.23940716571885,7.608465539994285,0.0,0.0,14,0.0,0.5089198129670035,0.0,0.0,0.0,0.0,0.05589102280751343,0.04917869242795461
1616,1,2,1,-0.23207637661043834,3.767923623389562,11.933421986575876,7.711459518460474,0.0,0.24198962269144444,14,0.29320561696604647,0.4961968176428284,0.048062263851333255,0.0,0.0,0.0,0.05454117717200603,0.048062263851333255
1617,1,2,1,-0.23219035870887242,3.5357332646806894,11.635086436911479,7.8341988936188685,0.0,0.48341324037651434,14,0.31552586311990616,0.49112203762590884,0.05145829388958047,0.0,0.0,0.0,0.05859291589430325,0.05145829388958047
1618,1,0,1,0.06751224207380283,3.6032455067544924,11.344209275988693,8.032055370879885,0.0,0.47285194318793816,14,0.39371144960148796,0.48673213326325876,0.06336778313145712,0.0,0.0,0.0,0.07178617088529476,0.06336778313145712
1619,1,0,0,0.067729140797156,3.6709746475516485,11.060604044088976,8.17193126798523,0.0,0.46362505517396674,14,0.3406772813773413,0.4844066161717145,0.05536132808382863,0.0,0.0,0.0,0.06048401458321164,0.05536132808382863
1620,1,0,1,0.06774253451816908,3.7387171820698177,10.784088942986752,8.30844729206042,0.0,0.45439949597407986,14,0.3408143057748217,0.48081338280185515,0.055353355199321566,0.0,0.0,0.0,0.059624778849413425,0.055353355199321566
1621,1,0,0,0.06752900945130483,3.8062461915211228,10.514486719412083,8.50354602392849,0.0,0.4435687332372677,14,0.40280991416958045,0.4773134058761793,0.0649845764208732,0.0,0.0,0.0,0.0698888068295147,0.0649845764208732
1622,1,0,1,0.06754166758643598,3.8737878591075585,10.251624551426781,8.695434024352693,0.0,0.43268495434249066,14,0.4044766510224145,0.47545081858351435,0.06530267336866159,0.0,0.0,0.0,0.0688745915177603,0.06530267336866159
1623,1,0,1,0.0677612154346518,3.9415490745422104,9.99533393764111,8.827498576276827,0.0,0.4231925306563867,14,0.34945040253295284,0.47367646439448685,0.056954542116624,0.0,0.0,0.0,0.057753208874531586,0.056954542116624
1624,1,0,1,0.06777076044330368,4.0,9.745450589200082,8.958235907626715,0.0,0.41365904245076157,14,0.3514247957568073,0.4705708128479485,0.05720092923375096,0.0,0.0,0.0,0.057179749460742786,0.05720092923375096
1625,1,1,1,-0.23240298900095582,3.767597010999044,9.888872115866398,9.137577585652346,0.23911478161373045,0.4027846391027942,14,0.7903553671126164,0.4675921624206699,0.13055773040542132,0.0,0.0,0.0,0.06531131031761726,0.06524642008780406
1626,1,0,1,0.06757017801222648,3.835167189011271,10.02541752050042,9.32239256728123,0.2283002114541063,0.39167399142396264,14,0.7970216288008753,0.4756612425379686,0.1315513070307343,0.0,0.0,0.0,0.06488742095774491,0.0666638860729894
1627,1,0,1,0.06750413224361061,3.9026713212548816,10.173880179545536,9.5158860110572,0.2170408632898194,0.38017614993621596,14,0.8256513550156268,0.4836952521945413,0.13654313791220166,0.0,0.0,0.0,0.06755608898572137,0.06898704892648032
1628,1,0,0,0.06760216637552968,3.9702734876304113,10.291629042510634,9.669268763430606,0.20674146191714501,0.3695970632699228,14,0.7633757701035736,0.49224415476506844,0.12527092823380515,0.0,0.0,0.0,0.06179640823604647,0.06347451999775869
1629,1,0,0,0.06757361863080227,4.0,10.411839528731553,9.823133964703382,0.1962828426887203,0.3588996134011857,14,0.7730981326422237,0.4990224451485311,0.1269364145829711,0.0,0.0,0.0,0.06275171537054847,0.06418469921242265
1630,1,0,1,0.06753600761202419,4.0,10.538893572235832,9.978480266315003,0.18553740292191598,0.34808040018290537,14,0.7882746824517742,0.5058743373358734,0.12938791791050794,0.0,0.0,0.0,0.06447263860082553,0.0649152793096824
1631,1,0,1,0.0675074364149593,4.0,10.665118813946123,10.135981861187485,0.17473355619483577,0.33709509452313946,14,0.7966611825465424,0.5129343459637709,0.13073491432107684,0.0,0.0,0.0,0.0648230803624815,0.06591183395859533
1632,1,0,1,0.06745326013153283,4.0,10.799271292473444,10.299353486463941,0.1636021799334137,0.3258114701006925,14,0.8175516206821185,0.5200275168783401,0.13449000410321404,0.0,0.0,0.0,0.06678825756853232,0.06770174653468171
1633,1,0,1,0.06730206344353008,4.0,10.966108513587052,10.505570635284336,0.15124597385429275,0.31333860585286677,14,0.9005199894074363,0.5274656194734346,0.14897442196168004,0.0,0.0,0.0,0.07413723647472567,0.07483718548695435
1634,1,0,1,0.06737223537379318,4.0,11.109398447499515,10.673577696524891,0.13965429213312563,0.3016785057056537,14,0.8480889738748064,0.5367919787217847,0.13951069121028117,0.0,0.0,0.0,0.06955009032700274,0.06996060088327843
1635,1,0,0,0.06734256393903917,4.0,11.255040650829208,10.842170146271105,0.12787230268423083,0.28989653393553116,14,0.8588090566765139,0.5445744036006103,0.14138376731410351,0.0,0.0,0.0,0.07069193669336865,0.07069183062073486
1636,1,0,1,0.06724082990164827,4.0,11.415886127879547,11.0438451041446,0.1153498560960678,0.27715584390406545,14,0.9149507048513426,0.5524302699275079,0.15157881971777284,0.0,0.0,0.0,0.07513467952897834,0.07644414018879452
1637,1,0,1,0.06716561871589764,4.0,11.593166803601331,11.253985171793751,0.10224826923049617,0.26404197229817544,14,0.9489140241715366,0.5614932808006037,0.1572927508287694,0.0,0.0,0.0,0.07860952119342973,0.07868322963533965
1638,1,0,0,0.06722326366392666,4.0,11.751704737443278,11.425475483334202,0.08974716697807995,0.2517819600625746,14,0.901207044767278,0.5711787993848769,0.14856668692810276,0.0,0.0,0.0,0.07500661351449726,0.07356007341360547
1639,1,0,1,0.06719477096589563,4.0,11.909886112343237,11.596856283734748,0.0771268020717537,0.23937795428798614,14,0.9089916808199414,0.5794295055194371,0.15014622408548808,0.0,0.0,0.0,0.07572218943795757,0.07442403464753052
1640,1,0,1,0.0670878159609092,4.0,12.084076020244595,11.803482085319734,0.06372060279974943,0.22595774205632266,14,0.9684842693882922,0.5876685599019495,0.16095846902200653,0.0,0.0,0.0,0.0804371956320256,0.08052127338998093
1641,1,1,1,-0.23293719273785013,3.7670628072621497,12.256908920454569,12.007576630526419,0.3002305767093804,0.21244848151291232,14,0.9741163980557686,0.5971889526391082,0.16199571980267596,0.0,0.0,0.0,0.08094015654221398,0.081055563260462
1642,1,1,1,-0.23293819817374534,3.5341246090884044,12.42237895933918,12.186400055532697,0.48676944216096535,0.19942556260474956,14,0.9509056026654159,0.6066121387745248,0.1575208604831845,0.3013834602562825,0.0,5.551115123125783e-17,0.07938334703420781,0.07813751344897671
1643,1,0,1,0.0669718449898567,3.6010964540782613,12.60254160679721,12.375788466826087,0.47300646765256066,0.18602449612273883,14,0.9847705341232131,0.615219475371797,0.16298424594249303,0.0,0.0,0.0,0.08257784705042849,0.08040639889206452
1644,1,0,1,0.06691431504808594,3.6680107691263473,12.783854196718218,12.584027109215999,0.4589264783434601,0.17208013871057085,14,1.0140094841515048,0.6244582518405825,0.16814608032761041,0.0,0.0,0.0,0.08447993585460285,0.08366614447300756
1645,1,0,0,0.06687859501880368,3.734889364145151,12.967893986069086,12.79254942000135,0.44464760685443344,0.1579575975115329,14,1.0267591327845746,0.6341970326483555,0.17040847612838816,0.0,0.0,0.0,0.08567322893416023,0.08473524719422794
1646,1,0,1,0.06685518453846492,3.8017445486836157,13.1503030807249,12.996561464914551,0.4302496299952403,0.1438232546267799,14,1.0304322247207716,0.6440110851517609,0.17119391846367682,0.0,0.0,0.0,0.0863878611551586,0.08480605730851823
1647,1,0,1,0.06684282602192249,3.8685873747055384,13.33450803991783,13.179768766226665,0.4157779958193055,0.12996569660115453,14,1.0210838741460353,0.6536716136409861,0.16997515320936055,0.0,0.0,0.0,0.08682980505560864,0.08314534815375188
1648,1,0,1,0.06678965237353802,3.935377027079076,13.515830369806018,13.383248081117335,0.40116398059442365,0.1155162462001786,14,1.047658564932469,0.6628569201536124,0.1743807937551469,0.0,0.0,0.0,0.0876840913492914,0.0866967024058555
1649,1,0,1,0.06678333607169261,4.0,13.69923071000561,13.50016749930791,0.3864358328434099,0.10292920722439695,14,0.9727967196632499,0.6724769612730839,0.16389112036077283,0.0,0.0,0.0,0.08836888650608277,0.08433721554636561
1650,1,0,1,0.06672877810037833,4.0,13.881741962576822,13.543392062898974,0.371510723781518,0.09206536620204168,14,0.9057207713951146,0.6799849552328381,0.15473370050548316,0.0,0.0,0.0,0.08955065437135146,0.08780148822902481
1651,1,0,1,0.06671381208014893,4.0,14.061515379134672,13.497967831513028,0.35649222423294064,0.0832263572229135,14,0.8199775358088004,0.6856283506368949,0.1431450511662335,0.0,0.0,0.0,0.09011099729146445,0.0890802861964275
1652,1,0,1,0.06674259055735603,4.0,14.233391929800018,13.348256277229826,0.3416854304117947,0.0772053584246373,14,0.7111520766483341,0.6889870802661926,0.12496675571653186,0.0,0.0,0.0,0.08884076292687478,0.08560616321190301
1653,1,0,1,0.06674040745467193,4.0,14.401702123437522,13.202023799396231,0.3268355238297715,0.07119639565472767,14,0.711618920979657,0.6895412051757461,0.1251532161115975,0.0,0.0,0.0,0.0890994394921396,0.08622254445764474
1654,1,0,1,0.06674682863276929,4.0,14.562887168932495,13.060076873695115,0.3120722891983048,0.06512651204068377,14,0.7093312678646982,0.6900931480708439,0.1249987094730637,0.0,0.0,0.0,0.08857940778880034,0.08650947998298181
1655,1,0,1,0.0667723335735556,4.0,14.712506359026674,12.918174098069379,0.29750471202129947,0.059183269556284855,14,0.6982905155341352,0.6905741010656903,0.12306491796842527,0.0,0.0,0.0,0.0874054630620318,0.08541441227554862
1656,1,0,1,0.06676096612382958,4.0,14.859524882639175,12.783594426984358,0.28290941070890774,0.0530732540431501,14,0.7032058639548819,0.6907670114274014,0.1242319009531588,0.0,0.0,0.0,0.08757180787435029,0.08666443824525741
1657,1,0,1,0.06676009369442934,4.0,15.002032848085934,12.615938629897105,0.268336297942599,0.04770058731851778,14,0.6659301511000925,0.6910779827405884,0.11967467694564643,0.0,0.0,0.0,0.08743867659785247,0.08729486849362504
1658,1,1,1,-0.23322735222429972,3.7667726477757,15.137355305583496,12.378637785223788,0.4855265169363727,0.043886446072773734,14,0.5884708997738213,0.6904492869495761,0.10972574585622796,0.110017787655594,0.0,0.0,0.08684089838176379,0.08632996690904383
1659,1,0,1,0.06664231442909131,3.8334149622047917,15.292041388805316,12.14432545975888,0.4703043735317817,0.040138351503375934,14,0.6082735850270958,0.6878998272701822,0.1138214278439329,0.0,0.0,0.0,0.09133286042754606,0.09360487403672474
1660,1,0,1,0.0666531326349138,3.9000680948397055,15.440136929491256,11.916251767577029,0.4551524442607862,0.036367143455546334,14,0.6059310197181909,0.685909171214105,0.11353882391295095,0.0,0.0,0.0,0.09091157562597332,0.09368062208525216
1661,1,0,1,0.06670734713435134,3.9667754419740566,15.571519889824707,11.700229861475862,0.44053057771539833,0.03234205408364086,14,0.5992707716589933,0.6839097174267071,0.11188173550375938,0.0,0.0,0.0,0.08773119927232655,0.09031624947627134
1662,1,0,1,0.06671949256849792,4.0,15.699246189704299,11.489256919363163,0.42589245653176816,0.028340140551930584,14,0.5985471015494062,0.6817937437825143,0.11184020829204262,0.0,0.0,0.0,0.08782872710178095,0.08990583010606897
1663,1,1,1,-0.23331537655001067,3.766684623449989,15.830723585083568,11.251485073407185,0.4849652862384324,0.026038224842760194,14,0.5734181271499792,0.6797125777266866,0.10401977682442776,1.0553547391906095,0.0,5.551115123125783e-17,0.09020828256940541,0.09349106479419639
1664,1,0,0,0.06671571870396718,4.0,15.94968709988083,11.009022041991484,0.47043115511475975,0.024420554200281965,15,0.5535556998438269,0.6770552164622688,0.09691081059690558,0.0,0.0,0.0,0.08720478674203622,0.09031821647876294
1665,1,0,1,0.06674812260671299,4.0,16.059851013365517,10.771104838940182,0.4560419963892626,0.02286603970034508,15,0.5462144389801955,0.6739677285468078,0.09566203935260384,0.0,0.0,0.0,0.08633495235298252,0.08902322442502394
1666,1,0,0,0.06672231178281153,4.0,16.177207193447803,10.53105148953375,0.44114671342691114,0.021648361718383694,15,0.5480767269834983,0.6707738963076426,0.09667776566587719,0.0,0.0,0.0,0.0893716977741089,0.09051126445509562
1667,1,0,1,0.06675253465786216,4.0,16.286628050655196,10.297384023791267,0.4263816294108058,0.020414660822722922,15,0.543459858539446,0.667706467074539,0.09599270947059615,0.0,0.0,0.0,0.08859050409663151,0.08976464444978866
1668,1,0,1,0.06682306773502077,4.0,16.37622187785919,10.07647193219754,0.4122795448356921,0.018892889614345584,15,0.5332820374714311,0.6646003018611615,0.0937431347009464,0.0,0.0,0.0,0.08461250745068238,0.0852762957532135
1669,1,0,0,0.06687129132379924,4.0,16.453186347598432,9.859494405426345,0.3984421994908834,0.01743729496710634,15,0.5213042882194634,0.6613173452514183,0.09175763995228793,0.0,0.0,0.0,0.08302407206885246,0.08293971347864885
1670,1,0,1,0.0668214025878321,4.0,16.545916479355498,9.641608191833853,0.38386060610707884,0.016245580527807602,15,0.5326609369901953,0.6578170188256194,0.09463984693861965,0.0,0.0,0.0,0.08748956030282723,0.08669091614421222
1671,1,0,1,0.06684035787000057,4.0,16.63747684828888,9.427738608388852,0.36922443665210225,0.015113471304855776,15,0.5323789022681111,0.6546881167797338,0.09460967206757057,0.0,0.0,0.0,0.08781701672985961,0.08534701971461262
1672,1,0,1,0.06686148029087345,4.0,16.72263548956783,9.219523969305893,0.35470217861935893,0.013968520216240727,15,0.528574388612933,0.6516303864169433,0.09400325472814994,0.0,0.0,0.0,0.08713354819645965,0.08432028473898301
1673,1,0,0,0.06688318273917089,4.0,16.803178587412646,9.016167745439297,0.34024313030317743,0.01283802540932189,15,0.5257408604500644,0.648553986471843,0.093537258738602,0.0,0.0,0.0,0.08675428989708897,0.08332475826739422
1674,1,0,1,0.06706603246003802,4.0,16.832971309604915,8.822386649893463,0.3273966140915672,0.011520396322232363,15,0.4814952849677323,0.6454836583212985,0.08498487179219905,0.0,0.0,0.0,0.07707909726966188,0.07319427948504952
1675,1,0,0,0.06705606991229868,4.0,16.86750820536947,8.633659605060775,0.31439313976815386,0.010194037096622033,15,0.48719379991932826,0.6413839489874594,0.08597900129414165,0.0,0.0,0.0,0.07802084594047967,0.07333269677327138
1676,1,2,1,-0.23285825657409293,3.767141743425907,16.88390354698482,8.842919721171123,0.30187887509475236,0.24865904414423975,15,0.8631846529864518,0.6375291952607561,0.14429554575470244,0.0,0.0,0.0,0.07508558804040896,0.06920995771429347
1677,1,0,1,0.06686308595998201,3.834004829385889,16.959921743711185,9.12935013956928,0.28735780274118555,0.2350653519982937,15,1.0056191968284232,0.6431705817038985,0.16868858699707776,0.0,0.0,0.0,0.08712643412140127,0.08156215287567646
1678,1,0,1,0.066952959893019,3.900957789278908,17.004402837971398,9.363648020461607,0.2739487948981675,0.2225279895782014,15,0.9310107722345533,0.6522317970820116,0.15567822157866185,0.0,0.0,0.0,0.08045404705810821,0.07522417452055363
1679,1,0,1,0.06694560104809061,3.9679033903269985,17.04795850969604,9.594203501656155,0.2605197527449555,0.20993619516398956,15,0.9333124243800165,0.6592012714608252,0.1561250194045432,0.0,0.0,0.0,0.080574252919272,0.0755507664852712
1680,1,0,1,0.06689356376275422,4.0,17.097262373959637,9.832096819132182,0.24691301683819145,0.1969448383438376,15,0.9532512320234285,0.6660540502838049,0.1595885563614959,0.0,0.0,0.0,0.08164041544058427,0.07794814092091165
1681,1,0,1,0.06688623489336341,4.0,17.14429527612128,10.064976704431075,0.2333190855926188,0.18393808495435282,15,0.9531467672878279,0.6732339798272955,0.15960410781034465,0.0,0.0,0.0,0.08156358747343585,0.07804052033690881
1682,1,0,1,0.06683832484888165,4.0,17.199524701479714,10.30389315980213,0.21946037230564056,0.17058845533721187,15,0.974377680243299,0.680231799513809,0.16325005742471527,0.0,0.0,0.0,0.08315227972186943,0.08009777770284587
1683,1,0,0,0.06683113923947705,4.0,17.251123034347252,10.538078134620024,0.20563983184476076,0.15719628350228756,15,0.9733687542174813,0.6875854465320461,0.16327627377482468,0.0,0.0,0.0,0.08292324276527895,0.08035303100954572
1684,1,0,1,0.06661585119859315,4.0,17.354193196662024,10.847034521336367,0.19007513061239387,0.14171467903926027,15,1.1067565782552968,0.694730029224182,0.18627783417236507,0.0,0.0,0.0,0.09338820739420134,0.09288962677816374
1685,1,0,0,0.06678616682098941,4.0,17.40172968183173,11.073127406992764,0.17627262661382506,0.1281251576360496,15,0.9786600637760603,0.7050306929499599,0.1643521524106767,0.0,0.0,0.0,0.08281502399141263,0.08153712841926405
1686,1,2,0,-0.23322550038017,3.76677449961983,17.451183081969454,11.295681759088096,0.16236720094357834,0.36450456534564185,15,0.9838791794536685,0.7118714272206124,0.16515610776392664,0.0,0.0,0.0,0.08343255402148038,0.08172355374244625
1687,1,0,1,0.0664567541123601,3.83323125373219,17.564211527927416,11.613532103418656,0.14635924291262956,0.3482405103015176,15,1.14955041131496,0.7186716210264388,0.19363207845043834,0.0,0.0,0.0,0.09604774818569262,0.09758433026474572
1688,1,1,0,-0.23339594705881628,3.5998353066733735,17.640303395756323,11.844313961165998,0.3815406665025825,0.33398160616725203,15,1.0363173163599015,0.7294435907836518,0.17446488326587595,0.0,0.0,0.0,0.08891145846028232,0.08555342480559364
1689,1,0,1,0.066462500714693,3.6662978073880663,17.739189374225603,12.112912375484656,0.3660882501532741,0.3185498075627004,15,1.104599826710995,0.737115433923058,0.18530528972316013,0.0,0.0,0.0,0.09271449809585032,0.0925907916273098
1690,1,0,1,0.06637110688804487,3.732668914276111,17.846891040830013,12.417334848380026,0.3501117821485582,0.30213600608089064,15,1.1584266832425367,0.7463025437427565,0.1943416169191541,0.0,0.0,0.0,0.09585880802829581,0.09848280889085832
1691,1,2,0,-0.23366430896067794,3.499004605315433,17.954290354073052,12.719703118480451,0.3340571021534901,0.48190207535478197,15,1.1663732305737156,0.7566056472302509,0.1958532101048363,0.32187845422222494,0.0,5.551115123125783e-17,0.09632807997040876,0.09952513013442753
1692,1,2,1,-0.2336777119150745,3.2653268934003585,18.06060272179696,12.982823832663147,0.31810544065353547,0.4840944209330387,15,1.136282918720445,0.7668498368138377,0.19114344340149514,1.3914124521286917,0.0,5.551115123125783e-17,0.09570996899972742,0.09543347440176769
1693,1,0,1,0.06629652111626284,3.3316234145166215,18.167035553093037,13.23977742660021,0.3020805376077727,0.46813633900963786,15,1.1394720890946424,0.7760856638615028,0.19189790981498128,0.0,0.0,0.0,0.09614941827457651,0.09574849154040475
1694,1,0,1,0.06629077051605715,3.3979141850326786,18.269003022735934,13.482074468262423,0.2860830610775931,0.45237181577733204,15,1.1294348357974386,0.7851703244923313,0.19057199857491233,0.0,0.0,0.0,0.0959848591810773,0.09458713939383503
1695,1,0,1,0.06627065085427201,3.4641848358869507,18.36876029543201,13.723076471967854,0.2701006661095635,0.4364529910606796,15,1.134536213676464,0.793776937274959,0.19140731810809256,0.0,0.0,0.0,0.09589436980817788,0.09551294829991469
1696,1,0,1,0.06625426796459309,3.5304391038515437,18.467997838091883,13.954126608303476,0.25405724865108253,0.4206071418302219,15,1.1325835981804944,0.8022959191849968,0.1913356001336319,0.0,0.0,0.0,0.09626050475088571,0.09507509538274621
1697,1,0,1,0.06624092342656628,3.59668002727811,18.564736503631394,14.177758655719234,0.2379983298088352,0.40475938198236344,15,1.1309238241151531,0.810553111159884,0.1914400721406347,0.0,0.0,0.0,0.09635351305348396,0.09508655908715073
1698,1,1,1,-0.23377076569727803,3.3629092615808323,18.661096404262466,14.391503084758583,0.4682227678214074,0.38903408053784566,15,1.1286667086541806,0.8185623789837657,0.19089637463128473,0.022108805960389,0.0,0.0,0.09654456596417824,0.0943518086671065
1699,1,0,1,0.06609267999404461,3.4290019415748767,18.77449776289969,14.63928380592636,0.4516794022873503,0.37222335654378486,15,1.187497067030531,0.8263149872255262,0.20012453716870757,0.0,0.0,0.0,0.09926019320434244,0.10086434396436512
1700,1,0,1,0.06608330539666421,3.495085246971541,18.88298289281994,14.876528660698476,0.43519506944091163,0.3554877547028253,15,1.1810745239130178,0.8353445392206513,0.19931960812438937,0.0,0.0,0.0,0.09890599707863208,0.10041361104575727
1701,1,0,1,0.06602620471142581,3.561111451682967,18.984568819726952,15.142710394027835,0.4187630395483548,0.33800113036312335,15,1.2117554490743314,0.8439877888379606,0.20351192539355242,0.0,0.0,0.0,0.09859217935534087,0.10491974603821155
1702,1,0,1,0.06599584649970001,3.627107298182667,19.087305953852095,15.403611567145857,0.4022313764764289,0.3204484983062004,15,1.2168202875870326,0.8531819803438698,0.20450577077309284,0.0,0.0,0.0,0.09918997843155519,0.10531579234153765
1703,1,0,1,0.06594789021438639,3.6930551883970533,19.195083580696497,15.663610437789782,0.38544691682909543,0.30270428256830667,15,1.2300494355132803,0.8622729380249488,0.20717205231136418,0.0,0.0,0.0,0.10070675788400137,0.1064652944273628
1704,1,0,1,0.06606272822117024,3.7591179166182234,19.283635717244316,15.850693348665729,0.369202622360602,0.2864960385237532,15,1.1471023978859223,0.8714673504621571,0.19471523107828087,0.0,0.0,0.0,0.09746576681096028,0.09724946426732058
1705,1,0,0,0.06591798027217198,3.8250358968903955,19.38580320245099,16.099401643631918,0.35245494006881745,0.26868965644370973,15,1.2292340068206111,0.8783582266477513,0.2073243862309683,0.0,0.0,0.0,0.10048609375070727,0.10683829248026101
1706,1,0,1,0.06602786647421369,3.8910637633646092,19.47216296069123,16.270561997487153,0.3361381476858254,0.25257633655149236,15,1.1446502332475488,0.8871301211520727,0.19458067365125672,0.0,0.0,0.0,0.09790075429795264,0.09667991935330403
1707,1,0,1,0.06588117425413893,3.956944937618748,19.571211640416063,16.505870450393253,0.3193917187245688,0.23482250480896316,15,1.2279252565853906,0.8935681239544597,0.20700156422271476,0.0,0.0,0.0,0.10047857376753971,0.10652299045517506
1708,1,2,1,-0.23393167533995665,3.7230132622787915,19.639692863134552,16.642788444913396,0.3034405189460249,0.4558247902628116,15,1.10732626950887,0.901927052270233,0.18906755405843284,0.08062593188973999,0.0,5.551115123125783e-17,0.09570719867126265,0.09336035538717022
1709,1,0,1,0.06598657918760929,3.7889998414664006,19.7203069408903,16.783211850874864,0.28706093552464645,0.4401169713080994,15,1.1280995164184113,0.9070620327011987,0.19252441425654343,0.0,0.0,0.0,0.09827750052827094,0.09424691372827249
1710,1,0,1,0.0660013034600905,3.855001144926491,19.79108383081411,16.91365390994381,0.27089369912101613,0.42454133773633856,15,1.1138069187868855,0.9125879697941292,0.1904572198523468,0.0,0.0,0.0,0.09700341842178227,0.09345380143056453
1711,1,0,1,0.06575675649989082,3.9207579014263816,19.884969262141198,17.143744883033044,0.2539988533275646,0.4064307312117938,15,1.241594847935268,0.9176184435189481,0.2100327139079785,0.0,0.0,0.0,0.10136907476070903,0.10866363914726951
1712,1,0,1,0.06599385159518122,3.986751753021563,19.946567306523338,17.259673154593273,0.23796915128922866,0.3909859726958939,15,1.1032441695717263,0.925717853629356,0.18884676332541506,0.0,0.0,0.0,0.09617821223001603,0.09266855109539901
1713,1,0,1,0.06574572600828432,4.0,20.034926179622857,17.477783020478075,0.2211460414716048,0.37293305212821687,15,1.2366247505122405,0.9301560115279153,0.20925618231180523,0.0,0.0,0.0,0.10093865890574304,0.10831752340606217
1714,1,0,1,0.06573022449997636,4.0,20.120792326437257,17.68782148745226,0.20433537273718316,0.35492781377775273,15,1.2337223437911071,0.9378177300025234,0.20889544250931472,0.0,0.0,0.0,0.10086401240652977,0.10803143010278497
1715,1,2,1,-0.2339996180941194,3.7660003819058807,20.164561537197972,17.77693052733843,0.18863492177166916,0.4848610501391257,15,1.0780935959941182,0.945215345347238,0.18503640495832954,0.6295668826665165,0.0,5.551115123125783e-17,0.09420270579308407,0.09083369916524547
1716,1,0,1,0.06589606849412248,3.831896450400003,20.227955640113098,17.880851273960555,0.17232829868370073,0.4692825286662347,15,1.1158521511506656,0.94853730161341,0.1913108673651563,0.0,0.0,0.0,0.09783973852781036,0.0934711288373459
1717,1,0,1,0.06591957217843014,3.897816022578433,20.281429744978457,17.975842044797215,0.15627386522154724,0.45386221996498793,15,1.1011850485538603,0.9527201728518414,0.18884845298040198,0.0,0.0,0.0,0.09632660077292107,0.09252185220748091
1718,1,0,0,0.06565239447387967,3.963468417052313,20.36173879148981,18.178445536536056,0.13944875726175213,0.4356528361606258,15,1.2393443329945826,0.9564317947443919,0.21020695058494354,0.0,0.0,0.0,0.10095064775877063,0.10925630282617294
1719,1,0,1,0.06563451429452673,4.0,20.442679914196596,18.373606236963028,0.12255315472278079,0.41750619125317273,15,1.2396064313344082,0.9635046082006465,0.21025348467854613,0.0,0.0,0.0,0.10137361523382803,0.10887986944471813
1720,1,0,1,0.06588147085254013,4.0,20.4819366083725,18.458532729245007,0.10674985444000952,0.4020232082742887,15,1.0945903402368686,0.9704071537789907,0.18771769956993167,0.0,0.0,0.0,0.09481980169662756,0.09289789787330409
1721,1,0,1,0.06587014575294844,4.0,20.518134311851185,18.544233796545242,0.09099640800464483,0.386473771433729,15,1.0954105042193603,0.9735117334404377,0.18781729965554644,0.0,0.0,0.0,0.09452067861218821,0.09329662104335823
1722,1,0,0,0.06560183500956121,4.0,20.593463217977543,18.73011581226268,0.07412566989846094,0.36827267874659536,15,1.2377701245537118,0.9765592027099107,0.21043098475990524,0.0,0.0,0.0,0.10122442863710338,0.10920655612280186
1723,1,0,0,0.06586073755968296,4.0,20.620028401940104,18.808769920132054,0.05860313304134018,0.352693265553302,15,1.0883087675879382,0.9830894757560058,0.18661170030248483,0.0,0.0,0.0,0.09313522114272459,0.09347647915976026
1724,1,1,1,-0.2341512052485309,3.765848794751469,20.651110272011508,18.88566125810717,0.2929259067038905,0.33712700490765424,15,1.0936931660983222,0.985719958051804,0.1874609218985846,0.0,0.0,0.0,0.09406335802469806,0.09339756387388654
1725,1,0,1,0.06553486248264591,3.831383657234115,20.733905251175234,19.061821874837847,0.2758966281454239,0.3189289473897757,15,1.2473748841473693,0.988419288252967,0.21136401645807087,0.0,0.0,0.0,0.10217567135079955,0.10918834510727135
1726,1,0,1,0.06579321075615105,3.897176867990266,20.780225758466308,19.124624021976874,0.2596902077498037,0.30344570252310715,15,1.1040158325804286,0.9948931781503271,0.19013799157373273,0.0,0.0,0.0,0.09723852237372123,0.0928994692000115
1727,1,0,1,0.06579919116661924,3.962976059156885,20.820931515293037,19.18443962412814,0.2436089740702541,0.28800873889386974,15,1.0981426034890729,0.9976212445110796,0.18910918385272213,0.0,0.0,0.0,0.09648740207729758,0.09262178177542447
1728,1,0,1,0.06555002053453081,4.0,20.89049667480642,19.346303513324294,0.22683991501544587,0.2699702887989089,15,1.2315633271950674,1.0001342784855294,0.20884505489861405,0.0,0.0,0.0,0.10061435432884915,0.10823070056976487
1729,1,0,1,0.06550824970515215,4.0,20.96440301825701,19.506789331269886,0.20986932391766425,0.25183610533499556,15,1.2403121660994512,1.005920004703268,0.21062864737016984,0.0,0.0,0.0,0.1018235465866898,0.10880510078348005
1730,1,1,1,-0.23449112298157007,3.76550887701843,21.032403219873988,19.657655785075573,0.4430486450200306,0.23384677356249958,15,1.2306464641608368,1.0117798087381724,0.208860064020778,0.0,0.0,0.0,0.10092407338580184,0.10793599063497616
1731,1,0,1,0.06568919384478744,3.831198070863217,21.080589547562738,19.708188335049584,0.426587929262572,0.21828806133479528,15,1.1159703527864988,1.017251475123739,0.19211656791097764,0.0,0.0,0.0,0.09876429454475202,0.09335227336622565
1732,1,0,1,0.06567497877339971,3.896873049636617,21.12714949725509,19.761307210602368,0.41013823780878184,0.20260946412374292,15,1.1193982723104485,1.0197194470653081,0.1927697319890547,0.0,0.0,0.0,0.09869814872274062,0.09407158326631405
1733,1,0,0,0.0657120651115902,3.962585114748207,21.161872559543085,19.803535877613538,0.3940056330290757,0.18716847153042412,15,1.099163146995593,1.0222114176964368,0.18944158423814972,0.0,0.0,0.0,0.09679562867823688,0.09264595555991281
1734,1,0,1,0.06543223015795684,4.0,21.238703255917564,19.948396018540397,0.3768236387987398,0.1691573962290892,15,1.2458260482302568,1.0241352109289155,0.21115841719002496,0.0,0.0,0.0,0.10309196538201543,0.1080664518080095
1735,1,0,1,0.06542854342704148,4.0,21.308993379823058,20.087274058412273,0.3597683795506826,0.15119271535238812,15,1.2388456456388157,1.029677481861449,0.21011964074854966,0.0,0.0,0.0,0.10233155548834312,0.10778808526020653
1736,1,0,1,0.0656861496980832,4.0,21.335062315095747,20.121123668861742,0.34374912167024,0.13575012555054752,15,1.0948252316780458,1.0349066859558833,0.18877108609369922,0.0,0.0,0.0,0.09611554728265562,0.09265553881104359
1737,1,0,1,0.06541577275620937,4.0,21.401811726512705,20.25278849065456,0.3267196319805461,0.11785047604894439,15,1.2348188828087105,1.0364046495989374,0.20957483514778216,0.0,0.0,0.0,0.1021769381381634,0.10739789700961877
1738,1,0,0,0.06568278781992198,4.0,21.42174878262195,20.281021475304488,0.3107907764220192,0.10244960288054265,15,1.0895350461883582,1.0413650054291814,0.1879783723615718,0.0,0.0,0.0,0.09557313335116122,0.09240523901041056
1739,1,2,1,-0.23434217992244777,3.765657820077552,21.44265257986266,20.315889635693452,0.29484669968252003,0.3368700501655799,15,1.0983412140778313,1.042569256448161,0.18914177672677163,0.0,0.0,0.0,0.09566446043699534,0.09347731628977629
1740,1,0,1,0.06536105824512327,3.8310188783226753,21.50508269424891,20.4469344481939,0.2778489209526572,0.3188736124436198,15,1.2374384822756008,1.0439635553889028,0.20996529871093778,0.0,0.0,0.0,0.10198667237917725,0.10797862633176054
1741,1,0,1,0.06560191156531088,3.896620789887986,21.522284431209904,20.48481753628231,0.2619328463399865,0.3031531116629124,15,1.1038852536104748,1.0488004285610701,0.1898194523602685,0.0,0.0,0.0,0.09549644767602404,0.09432300468424444
1742,1,1,1,-0.2346341346087642,3.6619866552792217,21.579243671282267,20.606423268099743,0.4744213169899069,0.2852902996080507,15,1.2287425210771015,1.0501775491873053,0.20855890850471132,0.12368713992493574,0.0,5.551115123125783e-17,0.10138203617554122,0.10717687232917011
1743,1,0,1,0.06530666966617196,3.7272933249453937,21.6474149194273,20.725750315495958,0.45719812519492464,0.26742075265511095,15,1.2421399690257982,1.0546416734845503,0.21055643248753234,0.0,0.0,0.0,0.10333915076989389,0.10721728171763843
1744,1,0,1,0.06530538116085258,3.7925987061062463,21.710425409359186,20.839554413887555,0.4400756061928366,0.24959624452226595,15,1.2361437191965639,1.0593291308730814,0.2096821628095988,0.0,0.0,0.0,0.10273511401252866,0.10694704879707014
1745,1,0,0,0.06553424040786714,3.858132946514113,21.737026340895703,20.861582160094656,0.423739005699928,0.23395603927901765,15,1.112378173324784,1.0637494955811686,0.19186083441694116,0.0,0.0,0.0,0.09801960295745132,0.09384123145948987
1746,1,2,1,-0.23447872254284183,3.6236542239712715,21.76659348036108,20.8843613594588,0.4072933961061789,0.4586314079662726,15,1.117311551354285,1.0649652125247588,0.19268471293207043,0.05793673250689446,0.0,0.0,0.09867365756249478,0.09401105536957563
1747,1,0,1,0.0654914907278096,3.689145714699081,21.79049366968853,20.911475364004097,0.3909676391182873,0.442852266547107,15,1.117288064868248,1.066273870995497,0.19262939044234298,0.0,0.0,0.0,0.09795454192734906,0.09467484851499389
1748,1,0,1,0.06549289670660782,3.754638611405689,21.809327428210736,20.938714081062834,0.3747751534396624,0.42703744656828163,15,1.1136217014232548,1.0675492258423158,0.1920438339447014,0.0,0.0,0.0,0.09715491407174957,0.09488891987295181
1749,1,0,1,0.06548026626606496,3.820118877671754,21.83200972320141,20.966024248148003,0.35846233497687624,0.41121761786037636,15,1.1186934998076792,1.0687010377318393,0.19279588302414896,0.0,0.0,0.0,0.09787691077671729,0.09491897224743168
1750,1,0,1,0.06524854432621217,3.885367421997966,21.887105783602536,21.07898414762868,0.34140923835043546,0.3932661467757894,15,1.2380068091655403,1.0699508492837353,0.21002740626616592,0.0,0.0,0.0,0.1023185797586445,0.10770882650752144
1751,1,1,1,-0.2345315839207567,3.6508358380772092,21.907084034777444,21.103754135174064,0.4837107669663281,0.3774354993090854,15,1.1189004870010713,1.0741522482807804,0.19271928300225563,0.5484554301026129,0.0,5.551115123125783e-17,0.0977353982020313,0.09498388480022434
1752,1,0,0,0.06522741454196063,3.7160632526191697,21.96422818987507,21.208822100234954,0.46656384864490436,0.359623170814668,15,1.2374830744073044,1.0752709542487877,0.20975548089504745,0.0,0.0,0.0,0.10288150992854296,0.1068739709665045
1753,1,0,1,0.065217895585699,3.7812811482048687,22.018888326683342,21.310277584963515,0.44944969838200716,0.34182676536895024,15,1.2354418787895864,1.0793262572527507,0.20946333425168925,0.0,0.0,0.0,0.10268490157738266,0.10677843267430662
1754,1,0,1,0.06542204834665333,3.846703196551522,22.045019388195904,21.325697546316473,0.43288500798461804,0.3260691388645953,15,1.124780170656688,1.0832291477911715,0.19393390141046457,0.0,0.0,0.0,0.09938814238433522,0.09454575902612934
1755,1,0,1,0.06542764394741106,3.912130840498933,22.071102942457294,21.33835412142051,0.4163158236010885,0.31037856873888764,15,1.1230080527282371,1.0842679233628094,0.19355852705542276,0.0,0.0,0.0,0.09941510630117656,0.09414342075424621
1756,1,1,1,-0.23478323169589227,3.6773476088030406,22.121579367610437,21.43314466840415,0.4829264337050588,0.2926686792267346,15,1.2305033987337237,1.0852364265969452,0.20870073484256527,0.9978949416065315,0.0,5.551115123125783e-17,0.10244139776964709,0.1062593370729182
1757,1,0,1,0.06520616916124068,3.7425537779642815,22.167767580038504,21.52288089090382,0.4659736067239724,0.2750162219398193,15,1.2247925358281062,1.0888681009003647,0.20763170560801014,0.0,0.0,0.0,0.10171696188651785,0.1059147437214923
1758,1,0,0,0.06519902856299732,3.807752806527279,22.213804417234982,21.60809600970019,0.4489557451975559,0.25744382477379435,15,1.2235181677664033,1.0922662117735582,0.20754155215464853,0.0,0.0,0.0,0.10210716915849938,0.10543438299614914
1759,1,0,1,0.06519502837522276,3.8729478349025017,22.260204917555548,21.689277948618404,0.43191767757712446,0.2398921641330318,15,1.223129949912157,1.0955475106733792,0.20753836956716457,0.0,0.0,0.0,0.10222840572258907,0.1053099638445755
1760,1,0,1,0.06519607147977133,3.938143906382273,22.300770143406677,21.766247390881688,0.4149978864669153,0.22239841658072934,15,1.2162717397687648,1.0987370716543488,0.20648123197506857,0.0,0.0,0.0,0.10151874666125393,0.10496248531381461
1761,1,0,0,0.06518758873267701,4.0,22.340964433489294,21.83944650656615,0.3980561944750575,0.20495394311771706,15,1.21506884412429,1.1016754383572092,0.20631699272922105,0.0,0.0,0.0,0.10165015195114735,0.10466684077807369
1762,1,0,1,0.06538808499116015,4.0,22.354434625185302,21.834547342926566,0.38160757975108056,0.18941456158126901,15,1.1130813015578074,1.1045102735013863,0.1919279775625498,0.0,0.0,0.0,0.09869168834386147,0.09323628921868837
1763,1,0,0,0.06538508538045609,4.0,22.369975675094608,21.828095787844216,0.3650910662034658,0.1739217026181057,15,1.1138140440297508,1.1047245492027966,0.19205623506466865,0.0,0.0,0.0,0.09909908128568863,0.09295715377898002
1764,1,0,1,0.06543785573965565,4.0,22.356075054358254,21.81902921175691,0.3493898620820776,0.1585336856361911,15,1.081984589749815,1.1049517865734706,0.18653532661981687,0.0,0.0,0.0,0.09420722472832939,0.09232810189148746
1765,1,0,0,0.06540670290262096,4.0,22.361162873102003,21.81564809888134,0.33318131541585255,0.14298558286372612,15,1.1060843125210522,1.1043776066528792,0.1905398966321401,0.0,0.0,0.0,0.09725127999735038,0.09328861663478971
1766,1,0,0,0.06520335688325893,4.0,22.39682856033689,21.888216967972788,0.3163465082131333,0.12549162555098917,15,1.2126548306259228,1.1044202742995837,0.20597258709273686,0.0,0.0,0.0,0.10100884321631508,0.10496374387642178
1767,1,1,1,-0.23456566842783078,3.7654343315721692,22.39220849353552,21.874632483038827,0.4840340817407753,0.1101982580800477,15,1.088921586472411,1.107126138207742,0.18755571438099697,0.3980790492788001,0.0,5.551115123125783e-17,0.09579550955534809,0.09176020482564883
1768,1,0,1,0.0651856972156942,3.8306200287878633,22.43123002571223,21.942326922650153,0.46709264544088497,0.09284348698583972,15,1.2133869962023955,1.1066710244143587,0.20577724436459022,0.0,0.0,0.0,0.10164861779934233,0.10412862656524792
1769,1,0,1,0.06543096376662488,3.896050992554488,22.43256455417989,21.920751050648512,0.4509415069022504,0.07767753173471646,15,1.089097580175077,1.1093389237090596,0.1879025627385472,0.0,0.0,0.0,0.09690683123180766,0.09099573150673952
1770,1,0,0,0.06540586791271903,3.9614568604672074,22.440810933558986,21.905358490851377,0.4345968794574127,0.06234144829170202,15,1.1016867097026706,1.10883289012071,0.19008426532711217,0.0,0.0,0.0,0.0980677646690254,0.09201650065808678
1771,1,0,1,0.06544662257702927,4.0,22.43813657254961,21.884925084845264,0.4185754248590214,0.04717262355557127,15,1.0855464685947727,1.108654235610259,0.18714167600713247,0.0,0.0,0.0,0.09612872759034806,0.09101294841678441
1772,1,0,1,0.06521268768299898,4.0,22.471586935300383,21.91819855767133,0.4017401300443173,0.03141810444566928,15,1.1748003770117101,1.108076541434872,0.19553888354763652,0.0,0.0,0.0,0.10101176888822462,0.10385848630687046
1773,1,2,1,-0.23479243905308947,3.7652075609469104,22.502243165569112,21.982450930853005,0.38496793070335933,0.2641031028564846,15,1.204653240774697,1.109744637324293,0.20452320558085554,0.0,0.0,0.0,0.10063319604574752,0.10389000953510802
1774,1,0,0,0.06514473615133638,3.830352297098247,22.535889753297496,22.051989644009964,0.36808443052112133,0.24660392798129618,15,1.2153026532958981,1.112117352410553,0.20629605034455853,0.0,0.0,0.0,0.10130100109342827,0.10499504925113026
1775,1,0,1,0.06533162114989516,3.895683918248142,22.551047133909357,22.04341368625811,0.35143278950761153,0.23100899071370026,15,1.12127840779269,1.1146969849326869,0.19347946968663476,0.0,0.0,0.0,0.09990984608105878,0.09356962360557601
1776,1,0,1,0.06536119906078923,3.9610451173089314,22.551526603133638,22.033223630789657,0.33521623296387704,0.21552023613428115,15,1.1051509342600125,1.1148615205041867,0.19023186673892153,0.0,0.0,0.0,0.09729933926240704,0.09293252747651452
1777,1,0,1,0.06538700985135756,4.0,22.543887941463495,22.019878101086313,0.31923107802525297,0.20014296974826964,15,1.0936345644745948,1.1146187558480825,0.1881745279478133,0.0,0.0,0.0,0.09591092963174438,0.09226359831606898
1778,1,0,1,0.06535984096596363,4.0,22.551786362963025,22.011561396946767,0.3028260664042219,0.18459731688100542,15,1.1136758684237322,1.1140941510637452,0.1917039869297719,0.0,0.0,0.0,0.09843006972618641,0.0932739172035855
1779,1,0,0,0.065385700698396,4.0,22.54627595685639,22.001690074391703,0.28678137669059783,0.16914583655693372,15,1.09870196533605,1.114083693997745,0.1889770202261746,0.0,0.0,0.0,0.09626813828174427,0.09270888194443029
1780,1,0,1,0.06518159467850766,4.0,22.573050221279722,22.06709584258835,0.2700565883172389,0.15175773058865433,15,1.2058791834011722,1.1136991507812024,0.2046773660498302,0.0,0.0,0.0,0.10034873024015394,0.10432863580967625
1781,1,0,1,0.06541193192511545,4.0,22.557281241305894,22.04845625507444,0.25429606361781154,0.13652492443882291,15,1.081595084108974,1.1160036515967018,0.1859599850955527,0.0,0.0,0.0,0.09456314819656407,0.09139683689898861
1782,1,0,1,0.06519605912009936,4.0,22.580830292790324,22.110364832465162,0.23766020304869354,0.11918873118207096,15,1.2006010662846556,1.1151434374095086,0.20383232295521989,0.0,0.0,0.0,0.09981516341470822,0.10401715954051163
1783,1,0,0,0.06519040253052698,4.0,22.60316558325058,22.169273126003738,0.22102719815542238,0.10188468043959914,15,1.198523462130212,1.1172798781313873,0.20362233381445755,0.0,0.0,0.0,0.09979802935962657,0.10382430445483094
1784,1,0,0,0.0654315230456904,4.0,22.582075284048013,22.145647984709214,0.20537758754523852,0.08674758413009949,15,1.0745955272342735,1.1193109677313577,0.1847202415181009,0.0,0.0,0.0,0.09389766366110307,0.09082257785699784
1785,1,0,1,0.06520758943820695,4.0,22.59981722773991,22.201630311400244,0.18888193110353335,0.06947814767230166,15,1.1919173521018522,1.1181930817189307,0.20259055739701812,0.0,0.0,0.0,0.09897393865023113,0.10361661874678697
1786,1,1,1,-0.23478755858626804,3.765212441413732,22.616936208855968,22.253108758282792,0.42237563486213897,0.052297179689926455,15,1.1886336164771125,1.1200361884785037,0.20212358534261798,0.0,0.0,0.0,0.09903777744836673,0.10308580789425124
1787,1,0,1,0.06515899425670317,3.830371435670435,22.645786910749663,22.283564515398176,0.4055670419806788,0.03592268096293657,15,1.1810575831875483,1.121751124178469,0.19909854965070023,0.0,0.0,0.0,0.10085155728876088,0.10312955336306931
1788,1,0,1,0.06542452576828027,3.895795961438715,22.624626266104826,22.093547292528704,0.3898913080146571,0.02618111634625842,15,0.9120559181393885,1.123233785653696,0.15250379149619886,0.0,0.0,0.0,0.09405440379613,0.08977825136773422
1789,1,0,1,0.06519476936543878,3.960990730804154,22.647761921842246,21.814644831456995,0.37321668171104844,0.01838873932442508,15,0.8621875336315418,1.1179543389658382,0.14680201995265246,0.0,0.0,0.0,0.10004775782165243,0.10367298893302826
1790,1,0,1,0.06551146939206373,4.0,22.603542292318604,21.403530418400983,0.3581646019779243,0.013851122924185978,15,0.6562261262528304,1.111560168832481,0.11753817680017874,0.0,0.0,0.0,0.09031247839874412,0.0904262253326967
1791,1,0,1,0.06557511710937138,4.0,22.553045076727404,20.96206525286901,0.3433543661323067,0.010459354958614615,15,0.6082144366448217,1.1001768177679896,0.10921202286713393,0.0,0.0,0.0,0.08886141507370574,0.09028632099717698
1792,1,0,1,0.06530356360179478,4.0,22.567169436744603,20.49210244453129,0.32696701610499385,0.008205654000947688,16,0.6320393099193908,1.0878777582399106,0.1118463059098784,0.0,0.0,0.0,0.09832410016387685,0.10696382831076182
1793,1,0,1,0.06559832636178571,4.0,22.531272076643027,20.03689029403604,0.31181092258544196,0.005826886891863027,16,0.585372286435073,1.0764817970318976,0.10520916377181937,0.0,0.0,0.0,0.0909365611173114,0.09408112878340015
1794,1,0,0,0.06536766957594883,4.0,22.538479441522732,19.590046558359486,0.2956358783150052,0.003573615155432019,16,0.6245676884701242,1.0642040592669768,0.11056989604120683,0.0,0.0,0.0,0.09705026562262078,0.11013644742483038
1795,1,0,1,0.06540234344005379,4.0,22.542536840650826,19.154601941665053,0.27948231285920666,0.0013108423527421976,16,0.6218259324307172,1.0532131499970554,0.11049802955093005,0.0,0.0,0.0,0.09692139273479111,0.11135360232268388
1796,1,0,1,0.06574062945639576,4.0,22.49891216159578,18.70719710958924,0.2645979289653752,0.0,16,0.5513989584270378,1.0424284695578971,0.09717135747944208,0.0,0.0,0.0,0.0893063033629889,0.09433977736006542
1797,1,1,1,-0.234169878631986,3.765830121368014,22.438972325689736,18.23951718184951,0.4853994478867499,0.0,16,0.5025329681338507,1.0301527317796255,0.08634294412013147,0.08884794235162063,0.0,5.551115123125783e-17,0.08634294412013147,0.09235582150306514
1798,1,0,1,0.06578150880527431,3.8316116301732883,22.389339967675514,17.783529252303275,0.47082614134767925,0.0,16,0.5113419501280227,1.0169622376884813,0.08743983923442325,0.0,0.0,0.0,0.08743983923442325,0.09655120333933306
1799,1,0,1,0.06582228161831624,3.8974339117916044,22.335269229833987,17.33894102099569,0.4564064281928986,0.0,16,0.5056627613503591,1.0043217304994698,0.08651827892868412,0.0,0.0,0.0,0.08651827892868412,0.09760947153554639
