trial,active,action,correct,net_energy,energy,mass_a,mass_b,store_a,store_b,resets,mass_added,mass_lost,consumed,overflow,external,balance_error,demand_a,demand_b
0,1,0,0,-0.16844757908525368,3.8315524209147465,17.648166781851515,12.937959966078859,0.27696692820201213,0.1365398323671154,1,1.047501179718202,0.757400655595184,0.18536522553746473,0.0,0.0,0.0,0.08572581310492394,0.0996394124325408
1,1,0,1,0.07162653511137101,3.9031789560261174,17.667910193166275,13.16131476012299,0.2636523418318281,0.11995856115414961,1,1.0077513740571509,0.7646531686982594,0.17937514549889855,0.0,0.0,0.0,0.07988751822110399,0.09948762727779457
2,1,0,1,0.07149486947292474,3.974673825499042,17.7371869200712,13.387471431238598,0.24904186787480434,0.10312438280540509,1,1.0661640218527633,0.7707306238322316,0.1886679138346098,0.0,0.0,0.0,0.08766284374214252,0.10100507009246724
3,1,1,1,0.006462630086071456,3.9811364555851134,17.8075899941065,13.609559901696498,0.46606733239976,0.0862474357964879,1,1.0706080032759435,0.7781164587827449,0.1893889567530292,0.1097199381507401,0.0,5.551115123125783e-17,0.0881272746995261,0.10126168205350315
4,1,0,0,-0.16854129961289854,3.8125951559722147,17.865636857405434,13.83244850051382,0.45170350777165863,0.0691251726941199,1,1.0663642095113346,0.785428747395075,0.18891652638281634,0.0,0.0,0.0,0.08618294776860841,0.10273357861420793
5,1,0,1,0.0715467845204469,3.8841419404926616,17.874837480322704,14.046074652435351,0.4385598227695864,0.0520626004366509,1,1.0152789087867784,0.7924521339479814,0.18123754355724703,0.0,0.0,0.0,0.07886211001243298,0.10237543354481404
6,1,0,1,0.07143038384245903,3.9555723243351206,17.93327175618819,14.256071207309777,0.4241497848581343,0.03498562824415261,1,1.066453634058869,0.7980228033189514,0.18892206062370245,0.0,0.0,0.0,0.08646022746871275,0.10246183315498969
7,1,0,1,0.07144268766740483,4.0,17.985091265341445,14.454482324174617,0.40988456570753673,0.01807380591929858,1,1.0549642001055424,0.8047335740874493,0.1870622488527099,0.0,0.0,0.0,0.08559131490358571,0.10147093394912417
8,1,0,1,0.07137853881605499,4.0,18.0505674238391,14.527835516660328,0.39520101950148945,0.0049616148078671365,1,0.9498186907212691,0.8109893397379015,0.166774423904872,0.0,0.0,0.0,0.08810127723628333,0.10287624877057538
9,1,0,1,0.07143714264369601,4.0,18.070143647795724,14.329359603576513,0.38162501591468373,0.0,1,0.6355603843852937,0.8144600735124858,0.11122571036803744,0.0,0.0,0.0,0.08145602152083463,0.10306536824254606
10,1,0,1,0.07144661093557576,4.0,18.09039590028569,13.971125613487102,0.3680125282104319,0.0,1,0.4720058436848581,0.809987581284306,0.08167492622551065,0.0,0.0,0.0,0.08167492622551065,0.10269795741373096
11,1,2,0,-0.23349795333084145,3.7665020466691583,18.102242458985057,14.178591525195465,0.35463012576025355,0.23306088567182356,1,1.0208505082520523,0.8015380378443198,0.18192910067012857,0.0,0.0,0.0,0.08029441470107002,0.10163468596905853
12,1,0,1,0.07146685478161344,3.837968901450772,18.142738813555454,14.378294654629554,0.3405295227167821,0.21617076636430665,1,1.0472203336089994,0.807020849604513,0.18594433410593084,0.0,0.0,0.0,0.08460361826082927,0.10134071584510157
13,1,1,1,0.006445351463965759,3.8444142529147376,18.16947710725836,14.586344736926657,0.4861435002227574,0.19888657103781146,1,1.0478142127046344,0.8130258367046252,0.18684417062242714,0.5431771363006924,0.0,5.551115123125783e-17,0.08313899866345591,0.10370517195897123
14,1,0,1,0.07140401524424052,3.915818268158978,18.212550217951794,14.78549500683533,0.4719422866256797,0.1816581366666454,1,1.061118926706733,0.8188955461046254,0.18857788780946255,0.0,0.0,0.0,0.08520728158246617,0.1033706062269964
15,1,0,1,0.07137149333321707,3.987189761492195,18.239437973906785,14.998359166291522,0.4580510687071487,0.16386543769288753,1,1.0647030460308589,0.8249511306196782,0.19010350135373286,0.0,0.0,0.0,0.08334730751118558,0.10675619384254727
16,1,0,1,0.07135111593094819,4.0,18.2685240609708,15.204794614434498,0.44407844466926955,0.1461127635471213,1,1.0664664637119519,0.8309449285049577,0.19035178910187237,0.0,0.0,0.0,0.08383574422727513,0.10651604487459725
17,1,0,1,0.07131686504820721,4.0,18.302335099880665,15.407084121143862,0.4299463361876629,0.12833122220947102,1,1.0729335125043602,0.8368329668851325,0.19148189891554138,0.0,0.0,0.0,0.0847926508896397,0.10668924802590166
18,1,0,1,0.07130584681491536,4.0,18.3579344980728,15.580812006128186,0.41531419905801975,0.11127356802800119,1,1.0720627637020699,0.8427354805256132,0.19013874786667836,0.0,0.0,0.0,0.08779282277785938,0.102345925088819
19,1,0,1,0.07128730639163976,4.0,18.416988801503635,15.75253249288465,0.4005408473972891,0.09416940835247868,1,1.079243452792325,0.8484686626050246,0.1912650680175181,0.0,0.0,0.0,0.08864010996438319,0.1026249580531349
20,1,2,1,0.00625254302023572,4.0,18.45285336894696,15.937042891784861,0.3862324520259926,0.3265244334086362,1,1.0746129987032456,0.8542380323597072,0.19172022189083435,0.0,0.0,0.0,0.0858503722277793,0.10586984966305507
21,1,0,1,0.07128920628432142,4.0,18.50331534973899,16.095216115318188,0.3715948852792976,0.30952659042577996,1,1.0683826108436514,0.8597474065182956,0.18981245837730723,0.0,0.0,0.0,0.08782540048017,0.10198705789713725
22,1,0,1,0.07122750882868588,4.0,18.54358215644871,16.2737895327559,0.3570927426548556,0.2917935573077419,1,1.083803510773864,0.8649632866264295,0.1934110544548808,0.0,0.0,0.0,0.0870128557466523,0.1063981987082285
23,1,0,1,0.07122195596492321,4.0,18.5819835464159,16.445351448421206,0.3426139967064978,0.274129286511613,1,1.080397597862606,0.8704342922301154,0.19285810046691998,0.0,0.0,0.0,0.08687247569014687,0.10598562477677313
24,1,0,1,0.07121945932109978,4.0,18.62006326715011,16.60901283316614,0.32812416111173104,0.25658316195091596,1,1.0774244803500732,0.8756833748709276,0.19221576093278292,0.0,0.0,0.0,0.08693901356860044,0.1052767473641825
25,1,0,1,0.07118489762574198,4.0,18.683441218172455,16.75043922846134,0.3130326315095828,0.23960712983323695,1,1.0855312488254496,0.8807269025079063,0.19240537031896304,0.0,0.0,0.0,0.090549177612889,0.10185619270607404
26,1,0,1,0.07116944944086633,4.0,18.747488267085338,16.886912269132903,0.29787718271359903,0.22269144819646058,1,1.0863671007502935,0.8858470111658447,0.19242678259656137,0.0,0.0,0.0,0.09093269277590327,0.10149408982065808
27,1,1,1,0.00615953125251021,4.0,18.782990777524134,17.034766079800725,0.4854559870343995,0.20531103963992278,1,1.0742163345120745,0.8908600134054561,0.1915465291328297,0.28726309628159374,0.0,0.0,0.0872640777936029,0.10428245133922683
28,1,0,1,0.07108161054084083,4.0,18.82726025297259,17.200906166327307,0.47065373436339636,0.18721987665073014,1,1.1058534834081566,0.8954439214331216,0.19736049396117508,0.0,0.0,0.0,0.08881351602601911,0.10854697793515602
29,1,0,1,0.07119304659386143,4.0,18.867888745032374,17.31548698913562,0.4560837814824277,0.17061121192226347,1,1.0559134753505948,0.9007041604824974,0.18707170565661183,0.0,0.0,0.0,0.0874197172858121,0.09965198837079974
30,1,0,1,0.07119758906563654,4.0,18.90369191706723,17.422819682799613,0.4416285082716937,0.15416277289662617,1,1.0477202590530514,0.9045843933541999,0.1854222734182275,0.0,0.0,0.0,0.0867316392644035,0.09869063415382402
31,1,0,1,0.0710797413541983,4.0,18.94281442642793,17.567375259509824,0.4268940158684759,0.13643846403657453,1,1.0918408760675846,0.9081627899966711,0.19475280757961663,0.0,0.0,0.0,0.08840695441930677,0.10634585316030988
32,1,0,1,0.07115718567980923,4.0,18.987939832991657,17.66793037931403,0.41212511306075567,0.12002299387965364,1,1.058435268516376,0.912754742148444,0.18710623778784705,0.0,0.0,0.0,0.08861341684632168,0.09849282094152534
33,1,1,1,0.006162452397523751,4.0,19.02742016856902,17.76137942838516,0.48535961019626267,0.10376290490097134,1,1.0493261399561296,0.9163967553076422,0.18540287269451797,0.9727506783645343,0.0,5.551115123125783e-17,0.0878423388224243,0.09756053387209367
34,1,0,1,0.07101518145178339,4.0,19.065979104835545,17.89927577477801,0.4705514456545512,0.08596371756244103,1,1.0961752725832326,0.9197199899238544,0.19564411128145015,0.0,0.0,0.0,0.08884898725026816,0.10679512403118202
35,1,0,1,0.07109577106043116,4.0,19.115304391300775,17.99395432419975,0.45558797093777886,0.06947780199285941,1,1.0681352078773105,0.924131371990339,0.18869634171812386,0.0,0.0,0.0,0.08978084830063421,0.09891549341748965
36,1,0,1,0.07111966845945612,4.0,19.15755347931419,18.080391053651304,0.44079195675062316,0.05316829529422427,1,1.0564172853524818,0.9277314678875132,0.18663312531474463,0.0,0.0,0.0,0.08877608512293375,0.09785704019181088
37,1,0,1,0.07111812837479799,4.0,19.18854043339001,18.16246916297417,0.42629594532455733,0.03693049246807666,1,1.044013676722818,0.9309486133241374,0.1844028855132809,0.0,0.0,0.0,0.08697606855639527,0.09742681695688563
38,1,0,1,0.07099083101373134,4.0,19.224480372913938,18.254767174359557,0.41144537890628347,0.020303794961519676,1,1.0620131908184218,0.9337752399091044,0.18886358354898508,0.0,0.0,0.0,0.08910339850964313,0.10446880876935408
39,1,0,1,0.07100136696790989,4.0,19.257903413172436,18.212651043295253,0.3966390813754416,0.008483082434283544,1,0.9282880978760333,0.9369811886818373,0.15976206034846774,0.0,0.0,0.0,0.08883778518505094,0.1032553229277842
40,1,0,1,0.07109655761493737,4.0,19.297420252209758,17.951232673004135,0.3818336378704312,0.0033230973144744384,1,0.7148623301578981,0.9367638614116922,0.11979257174891764,0.0,0.0,0.0,0.08883266103006299,0.09701506383083087
41,1,0,1,0.07101888114942359,4.0,19.328251330314465,17.628322013075582,0.36704988452815873,0.0007008023791295979,1,0.6391367413065011,0.9312163231303472,0.10443628966570351,0.0,0.0,0.0,0.08870252005363448,0.10392786569910593
42,1,2,1,0.006048558477642949,4.0,19.35529734653722,17.754402258516937,0.35235689744016857,0.23337220129757016,1,1.0770405952488635,0.9239143335847513,0.19212952901729774,0.0,0.0,0.0,0.08815792252794084,0.1039716064893569
43,1,0,1,0.07101752551736476,4.0,19.389058805472185,17.885898260955223,0.3374406077020435,0.21576830425519647,1,1.0929999514996034,0.927742490126354,0.19512112068299292,0.0,0.0,0.0,0.08949773842875107,0.10562338225424185
44,1,2,0,-0.2339850180589917,3.7660149819410083,19.419732319614326,18.011554926008476,0.3225861743585962,0.4482342891250694,1,1.0882041058560783,0.9318739266606854,0.19433069084144636,0.0,0.0,0.0,0.08912660006068347,0.10520409078076287
45,1,0,1,0.07102741843969029,3.8370424003806987,19.454678971710052,18.134822611612364,0.3075891709516394,0.43066632258064724,1,1.093996518840184,0.93578218114057,0.19538981970827302,0.0,0.0,0.0,0.08998202044174028,0.10540779926653274
46,1,1,1,0.006003965828201905,3.8430463662089007,19.489140593109685,18.252498267136858,0.4849954387835395,0.41317898445401663,1,1.0918748165071912,0.9397375395830603,0.1949513960585467,0.34553502570983674,0.0,0.0,0.09002736729876289,0.1049240287597838
47,1,2,1,0.005971573660855695,3.8490179398697566,19.5221006246947,18.37758975737831,0.4700234662045586,0.4821551045987227,1,1.1015924933326309,0.9435409715061638,0.19690120788154925,0.9790739067240996,0.0,5.551115123125783e-17,0.08983183547388553,0.10706937240766368
48,1,2,1,0.005961630793037583,3.854979570662794,19.560100810893147,18.50029380247586,0.4548836946863212,0.4821493974036224,1,1.1081964908478161,0.9474922595518254,0.19794224468768962,1.3929306275923363,0.0,5.551115123125783e-17,0.0908386291094241,0.1071036155782655
49,1,2,1,0.005940308883333117,3.860919879546127,19.59754372846556,18.618147187037394,0.4397297879045667,0.482209963989883,1,1.1068061674681788,0.9515098653342252,0.19766365675122924,1.3928963844217344,0.0,5.551115123125783e-17,0.0909234406905274,0.10674021606070185
50,1,0,0,-0.16889904464023087,3.6920208349058963,19.617255785045863,18.678852843463808,0.4251575695592424,0.4660980524850991,1,1.0358099858942875,0.955392272887574,0.1841047791006491,0.0,0.0,0.0,0.08743331007194594,0.09667146902870316
51,1,0,0,-0.16892356266462422,3.523097272241272,19.642504464827308,18.74029521078083,0.41041607228560667,0.4499246010149367,1,1.044093762811206,0.9574027157127418,0.18548969246278846,0.0,0.0,0.0,0.08844898364181407,0.09704070882097439
52,1,0,1,0.07111831646085927,3.594215588702131,19.65323194937083,18.794487189783915,0.3960774269281711,0.4339323505356257,1,1.0244894554368154,0.9595699918902035,0.18198537502047965,0.0,0.0,0.0,0.0860318721446131,0.09595350287586657
53,1,0,1,0.07114998664915996,3.665365575351291,19.65289771671371,18.840883371946035,0.38203177699040985,0.4181469365647655,1,1.0072549279838636,0.9611929784788688,0.17898638345172896,0.0,0.0,0.0,0.08427389962656782,0.09471248382516116
54,1,0,1,0.07091769828446116,3.736283273635752,19.69060408780492,18.940888070484377,0.36680105803448676,0.4006833853319973,1,1.1000555968460481,0.9623445272164937,0.19616562113214736,0.0,0.0,0.0,0.09138431373553825,0.10478130739660912
55,1,0,1,0.07108445736946396,3.807367731005216,19.701714279795084,18.988681098227747,0.35243333016397255,0.38477509139877547,1,1.0246905236907669,0.9657873039572324,0.1816561308224167,0.0,0.0,0.0,0.08620636722308572,0.09544976359933097
56,1,0,1,0.07095061081696818,3.878318341822184,19.724001518622252,19.073324313552874,0.3376072820484362,0.3676278330108114,1,1.0741903386028668,0.9672598844505709,0.1918398390210016,0.0,0.0,0.0,0.0889562886932176,0.10288355032778397
57,1,0,1,0.07089312297879276,3.949211464800977,19.759995796380334,19.160404029839604,0.32237331136772174,0.3503915555057955,1,1.093007139849191,0.9699331458043783,0.19482148911438324,0.0,0.0,0.0,0.09140382408428709,0.10341766503009613
58,1,1,0,-0.2340926120496774,3.7151188527512993,19.78610582542766,19.237343658007404,0.4850096293979446,0.3333906913840776,1,1.0760596528706217,0.9730099956554985,0.19194740834263904,0.4342398682063303,0.0,5.551115123125783e-17,0.08994222361233234,0.10200518473030673
59,1,1,1,0.005828383737049877,3.720947236488349,19.824540781967848,19.333872324332752,0.4846701517030379,0.31571636251828705,1,1.1105498599514136,0.9755862370858767,0.19802506297651565,1.4100577763876676,0.0,1.1102230246251565e-16,0.09197908978177204,0.10604597319474363
60,1,1,1,0.006047411671807154,3.726994648160156,19.824063269440373,19.36925282494558,0.48591018346395115,0.29988421712080315,1,1.0138633157428663,0.9789603276575152,0.17953177160119674,1.408020910218228,0.0,5.551115123125783e-17,0.08453889921629312,0.09499287238490361
61,1,2,1,0.006195258252868668,3.733189906413025,19.778895938365487,19.36885178779678,0.4730526633131322,0.48516296887429905,1,0.9342645341359563,0.9798329023596489,0.16616730765911888,0.2993053027248187,0.0,5.551115123125783e-17,0.07714512090491325,0.0890221867542056
62,1,0,0,-0.16887916340384712,3.5643107430091776,19.76356017642662,19.391783376685748,0.4593588791691252,0.46965605384827686,1,0.9862895201041624,0.9786936931540566,0.17520419502017515,0.0,0.0,0.0,0.08216270486404229,0.09304149015613283
63,1,0,1,0.07085643562553158,3.6351671786347093,19.804617455503752,19.477156067813986,0.44398352351218917,0.4522115850762855,1,1.1053135590331848,0.9788835888278092,0.1969189465735649,0.0,0.0,0.0,0.09225213394161619,0.1046668126319487
64,1,0,1,0.07082392153114779,3.705991100165857,19.84870649877803,19.561779925381792,0.42847575498489276,0.43474993491269665,1,1.1107572389250202,0.9820443380829437,0.19781651214531143,0.0,0.0,0.0,0.09304661116377848,0.10476990098153294
65,1,0,1,0.07084409473933989,3.776835194905197,19.88609889269358,19.636605073780657,0.4131192566016859,0.41750014095495186,1,1.0974797029184098,0.9852621606039956,0.19563775404570966,0.0,0.0,0.0,0.09213899029924089,0.10349876374646878
66,1,0,1,0.07105953370649348,3.8478947286116907,19.881387346557872,19.654082705517524,0.3990558767885332,0.4019718790498707,1,1.000833684763014,0.9880675991618558,0.1775498503094037,0.0,0.0,0.0,0.08438027887891676,0.09316957143048694
67,1,0,1,0.07083453508307211,3.918729263694763,19.912436459340555,19.72156258002233,0.3838535048239729,0.38487729127917175,1,1.086915738589382,0.9883867513018849,0.19378175841155537,0.0,0.0,0.0,0.09121423178736132,0.10256752662419405
68,1,0,1,0.07103892761274928,3.9897681913075123,19.907126899643874,19.735126365034645,0.3698130330320688,0.369426690287548,1,0.9991042012997063,0.9908499759840723,0.17694643670116691,0.0,0.0,0.0,0.08424283075142458,0.09270360594974235
69,1,0,1,0.07079483747453408,4.0,19.94939991471214,19.80127448352434,0.35428484034608215,0.35236424357467705,1,1.0994774651749184,0.9910563316169633,0.19554383639314551,0.0,0.0,0.0,0.09316915611592028,0.10237468027722522
70,1,1,1,0.006057613049982408,4.0,19.932085152810274,19.79684706715092,0.4862713542079024,0.33740116891811917,1,0.9720246816806322,0.9937668599559121,0.17215032269193278,0.6257090420764927,0.0,0.0,0.08237187475258533,0.08977844793934746
71,1,0,1,0.07099884494734807,4.0,19.930667746015526,19.812594196576256,0.4721120456913352,0.3218445287667748,1,1.0075530281296143,0.99322330549903,0.17829569200747047,0.0,0.0,0.0,0.0849558510994036,0.09333984090806688
72,1,2,1,0.0059948366067263045,4.0,19.93064646652387,19.825370633206347,0.45792474658888277,0.48452656723488247,1,1.006336705703231,0.9935815485647946,0.17796439120541915,0.4310671726006482,0.0,0.0,0.08512379461471424,0.09284059659070493
73,1,0,1,0.07078021269611134,4.0,19.971260401034392,19.89516561922583,0.4424083200780222,0.46725390286089863,1,1.1043093480232522,0.9939004274932555,0.19673454530906687,0.0,0.0,0.0,0.09309855906516337,0.10363598624390351
74,1,0,1,0.0710314668218607,4.0,19.960429302350434,19.902514233111525,0.42845268501285844,0.4518433199032919,1,0.9931781657082464,0.9966606505065054,0.1761973081366234,0.0,0.0,0.0,0.08373381039098304,0.09246349774564035
75,1,0,1,0.07079459650395695,4.0,19.99741345624313,19.963028596516835,0.41301167278475126,0.43479432910616383,1,1.0940721056845573,0.996573588386549,0.19494001815141154,0.0,0.0,0.0,0.0926460733686432,0.10229394478276836
76,1,0,1,0.0707694647550518,4.0,20.036209250347216,20.023315811390763,0.39750397826530093,0.4177249783241898,1,1.0980940602970155,0.9990110513189991,0.19546227180854597,0.0,0.0,0.0,0.09304616711670174,0.10241610469184426
77,1,0,1,0.07099716050402559,4.0,20.02973941851192,20.02593376768028,0.3834106241855504,0.40239658302276754,1,0.9976362509976645,1.0014881265434497,0.17653049628703674,0.0,0.0,0.0,0.08456012447850324,0.09197037180853349
78,1,0,1,0.0709499589422154,4.0,20.04582958068536,20.033706928691128,0.36867008231522286,0.38692706543456845,1,1.0252551528390965,1.001391829654805,0.18126035675115956,0.0,0.0,0.0,0.08844325122196524,0.09281710552919434
79,1,0,1,0.07077505918106183,4.0,20.0832530940709,20.086564494153823,0.35316209737804355,0.37003076653079164,1,1.0922694915826485,1.0019884127344123,0.19442570304573698,0.0,0.0,0.0,0.09304790962307607,0.10137779342266087
80,1,0,1,0.07094802665958888,4.0,20.085914035611566,20.091795555269414,0.3387795794847815,0.35458531727327225,1,1.0121374423618785,1.0042454397056182,0.1789678029046886,0.0,0.0,0.0,0.08629510735957206,0.09267269554511652
81,1,0,0,-0.16903336007363942,3.8309666399263604,20.086341769222145,20.09255287949903,0.32446323660298226,0.3392761153316683,1,1.005627797612217,1.0044427397720246,0.17775326894041915,0.0,0.0,0.0,0.08589805729079548,0.09185521164962368
82,1,0,1,0.0707632260107764,3.9017298659371367,20.12400322407511,20.141333004846643,0.30892879113790944,0.3224769784467214,1,1.090913946418607,1.0044723662180295,0.19400149410011794,0.0,0.0,0.0,0.0932066727904369,0.10079482130968107
83,1,1,1,0.00578492830864021,3.907514794245777,20.15325903434554,20.181221669961737,0.48466967199069527,0.3059097882315374,1,1.0757778811085674,1.006633405723044,0.19138510934693265,0.35357274682745643,0.0,5.551115123125783e-17,0.0919819680558286,0.09940314129110403
84,1,0,1,0.07073317469780936,3.9782479689435863,20.18385511645551,20.23671988231562,0.46929768124884347,0.2887949713714632,1,1.0944563120715305,1.008362017607682,0.194920845611556,0.0,0.0,0.0,0.09223194445111056,0.10268890116044545
85,1,1,1,0.005699688297336406,3.9839476572409227,20.219895667820055,20.29176895870608,0.48445501616054437,0.2716818699065198,1,1.1016040027242853,1.0105143749692782,0.19594851182639383,1.3157860874930607,0.0,0.0,0.09326990303673323,0.10267860878966056
86,1,0,1,0.07097527113335812,4.0,20.20526160250077,20.27704781179255,0.470479879333084,0.25670234437854433,1,0.9834364034303332,1.0127916156631533,0.17372797413261543,0.0,0.0,0.0,0.08385082096476267,0.08987715316785273
87,1,2,1,0.005941131962844205,4.0,20.201961892102922,20.26737871344837,0.45619051005895234,0.48462192756518235,1,0.9990889266153099,1.0120577353573328,0.17635725515045714,0.04186146137450408,0.0,5.551115123125783e-17,0.08573621564478989,0.09062103950566727
88,1,2,1,0.005737637012418266,4.0,20.23775866222523,20.317916493325985,0.4406226434517488,0.48298460121459336,1,1.0980680651387007,1.0117335151387823,0.19549959235566117,1.4077315653910942,0.0,5.551115123125783e-17,0.0934071996432216,0.10209239271243956
89,1,0,1,0.07071398522744328,4.0,20.274683372463315,20.368196659326994,0.42499446347927883,0.4659523958231762,1,1.1010967551278816,1.0138918788887805,0.19596231218332252,0.0,0.0,0.0,0.09376907983481966,0.10219323234850283
90,1,0,1,0.07072609012512278,4.0,20.307880332066112,20.411408549763166,0.409446220269071,0.4490935050690285,1,1.0924808508337267,1.016072000794758,0.1944428037861331,0.0,0.0,0.0,0.09328945926124672,0.1011533445248864
91,1,2,1,0.005749499107039846,4.0,20.329304625311572,20.448159645431886,0.3942221685574135,0.4832825509631682,1,1.076157610959911,1.017982222045732,0.19164900449093614,1.194561030414171,0.0,5.551115123125783e-17,0.09134431026994527,0.10030469422099088
92,1,0,1,0.07097250564924529,4.0,20.31476758221209,20.43089393000637,0.3801399354337567,0.46824324832218545,1,0.9876338482435858,1.0194366067685865,0.17472921458783705,0.0,0.0,0.0,0.08449339874194096,0.09023581584589607
93,1,2,1,0.005733579591842928,4.0,20.34488038482306,20.466568147796146,0.3646448838448764,0.48332767493159867,1,1.0844285582062083,1.0186415378054616,0.193004259943689,1.309459489933113,0.0,5.551115123125783e-17,0.09297030953328114,0.10003395041040788
94,1,2,1,0.005939085009653906,4.0,20.338247009236426,20.452329119287555,0.3503194730651224,0.48484896746287215,1,0.9994138092202555,1.0202862133154802,0.17685865990129196,1.399966049589592,0.0,5.551115123125783e-17,0.0859524646785246,0.09090619522276736
95,1,0,1,0.07074020441167421,4.0,20.36579595982254,20.484783747871553,0.3348801101098431,0.4682561071261553,1,1.0797679823832107,1.0197644032130997,0.1921933397519765,0.0,0.0,0.0,0.0926361777316754,0.09955716202030111
96,1,0,1,0.07091005591040975,4.0,20.369867367919586,20.472073066909665,0.32023928715952416,0.4530701285819289,1,1.012625219827512,1.0212644926923522,0.17896080896727243,0.0,0.0,0.0,0.08784493770191401,0.0911158712653584
97,1,0,1,0.07102591614347425,4.0,20.335609683413605,20.435670257826082,0.3067003708484107,0.438595871624564,1,0.9503880172811647,1.0210485108707315,0.16807903961087006,0.0,0.0,0.0,0.08123349786668115,0.08684554174418892
98,1,1,1,0.005740885965596543,4.0,20.359214540202558,20.465152114778345,0.4846722698034667,0.4221079029914329,1,1.072368712272208,1.0192819985309922,0.1908941929779862,0.3402022250904637,0.0,5.551115123125783e-17,0.09196638117919952,0.09892781179878668
99,1,0,1,0.07107196967021591,4.0,20.308821822642884,20.425132227477686,0.47157195873655083,0.40768935247195043,1,0.9301965615141912,1.0206091663745227,0.1651131695183903,0.0,0.0,0.0,0.07860186640149527,0.08651130311689505
100,1,0,1,0.07101078851131237,4.0,20.27851553867191,20.39733825141755,0.4579530924899711,0.39298413461991216,1,0.9602485912219032,1.0183488512530143,0.16994450459170723,0.0,0.0,0.0,0.08171319747947779,0.08823130711222948
101,1,0,1,0.07071736733164027,4.0,20.306601892219874,20.44018044001833,0.44255110021790695,0.3760952798657358,1,1.087824886900981,1.0168963447522366,0.19374508215744296,0.0,0.0,0.0,0.09241195363238541,0.10133312852505753
102,1,0,1,0.07097269661294375,4.0,20.285830850032056,20.417433833184873,0.4286763015011889,0.36123697405827127,1,0.9751519092846771,1.0186695583059553,0.17239862714509596,0.0,0.0,0.0,0.08324879230030809,0.08914983484478788
103,1,0,1,0.0707311756448237,4.0,20.311648424639003,20.456367355268355,0.4133343672521414,0.34446007580109983,1,1.0823327137708527,1.0175816170804233,0.19271299503731368,0.0,0.0,0.0,0.09205160549428539,0.1006613895430283
104,1,0,1,0.07097840486989367,4.0,20.292240965462703,20.427598894043378,0.39940464961217453,0.3297754439968621,1,0.9710244740964085,1.019200394497684,0.17168609666522835,0.0,0.0,0.0,0.0835783058398015,0.08810779082542687
105,1,0,0,-0.16906314564331434,3.8309368543566857,20.283814869585132,20.409504380025098,0.38520236372757627,0.3148109277094975,1,0.9914753865917993,1.017995996487652,0.17500081303177673,0.0,0.0,0.0,0.08521371530758942,0.08978709772418732
106,1,0,1,0.070961960666239,3.901898815022925,20.271191993721757,20.38189133021645,0.3711250737315877,0.30015716204565024,1,0.9770970555682365,1.0173329812402558,0.17238633395901454,0.0,0.0,0.0,0.08446373997593126,0.08792259398308332
107,1,0,1,0.07092772957442749,3.972826544597352,20.27059143917363,20.36932724064029,0.3567165288832428,0.28507231939244576,1,1.0031624389741682,1.0163270830984552,0.17696032500929681,0.0,0.0,0.0,0.08645126909006956,0.09050905591922721
108,1,0,0,-0.16928568861244775,3.803540855984904,20.307566001278794,20.409606601268596,0.34107481611312646,0.2683371079480468,1,1.0932518897288142,1.0159979669953483,0.19426154528709122,0.0,0.0,0.0,0.09385027662069786,0.10041126866639333
109,1,0,1,0.07098178680888573,3.87452264279379,20.289870565008968,20.377029766297408,0.32711733825789685,0.25382793455207125,1,0.9676570438226739,1.017929315063685,0.17079990750723148,0.0,0.0,0.0,0.08374486713137794,0.08705504037585352
110,1,0,1,0.07073692427494596,3.945259567068736,20.31816460585984,20.411643413645667,0.31169927046450846,0.23724719139475348,1,1.079580196481794,1.0166725082826593,0.19199286570423707,0.0,0.0,0.0,0.09250840676033034,0.09948445894390671
111,1,0,1,0.07088614173668605,4.0,20.32486731512715,20.39732545944333,0.2970713022637273,0.22220807485362357,1,1.0106299555526002,1.018245200487638,0.17800250845146634,0.0,0.0,0.0,0.08776780920468683,0.09023469924677953
112,1,0,1,0.07072767740211444,4.0,20.351525111567952,20.42588046068624,0.2816624882217094,0.2058074656187953,1,1.0732676170479818,1.018054819364262,0.19085653966107669,0.0,0.0,0.0,0.0924528842521074,0.09840365540896927
113,1,0,1,0.07090322019153868,4.0,20.354265929308863,20.407603709058435,0.2671307300469321,0.19086787369878724,1,1.0038992054194567,1.019435139306355,0.17682810056871204,0.0,0.0,0.0,0.08719054904866365,0.08963755152004838
114,1,1,1,0.005865401747797774,4.0,20.36888391794663,20.399318771742962,0.48512383027005246,0.17565689289385045,1,1.0253797922814782,1.0190467409591824,0.1805229032093062,0.10278438028159265,0.0,5.551115123125783e-17,0.08925701837968517,0.09126588482962104
115,1,0,1,0.07099567886702,4.0,20.33997057891615,20.36170927684624,0.4714559045981635,0.16130205931054317,1,0.9526822333150406,1.01920506724224,0.16813655553117712,0.0,0.0,0.0,0.08200755403133382,0.08612900149984333
116,1,0,1,0.07068746697723154,4.0,20.370148587577475,20.410996678979576,0.4559599219940364,0.1442781053819216,1,1.0970074071887141,1.0175419963940597,0.1951196191964925,0.0,0.0,0.0,0.09297589562476294,0.10214372357172957
117,1,0,0,-0.16930420300102605,3.830695796998974,20.395473031097723,20.453419409063883,0.4405777302298725,0.1274100008210701,1,1.0872758052684794,1.0195286316639263,0.19350177795009182,0.0,0.0,0.0,0.09229315058498284,0.101208627365109
118,1,0,0,-0.1693143334729654,3.6613814635260087,20.421033356310595,20.49495346232078,0.4251802027528726,0.11053826872029943,1,1.0883166894738143,1.0212223110040402,0.19361555746662373,0.0,0.0,0.0,0.0923851648619997,0.10123039260462403
119,1,0,0,-0.16930649002142822,3.4920749735045806,20.444368744780945,20.532747290895216,0.4098330055171813,0.09374574995205455,1,1.0840288875105721,1.0228996704657844,0.19283829602361685,0.0,0.0,0.0,0.09208318341414756,0.10075511260946929
120,1,0,1,0.07102696364082402,3.5631019371454045,20.40897150157254,20.48240001185021,0.3963099819522313,0.07968945762817713,1,0.9386833786384886,1.0244279008919042,0.16547589533296442,0.0,0.0,0.0,0.08113814138969992,0.08433775394326448
121,1,0,0,-0.1692728173050671,3.3938291198403374,20.428657773676385,20.51472788034082,0.38107147493562427,0.0630863945667952,1,1.0742984284300263,1.0222842878355687,0.1910494204679342,0.0,0.0,0.0,0.09143104209964256,0.09961837836829165
122,1,0,1,0.07072866728687113,3.4645577871272084,20.4481654804478,20.5437602413175,0.36583567340782025,0.046577870641296426,1,1.0721247090985249,1.0235846413504301,0.1904659527198165,0.0,0.0,0.0,0.09141480916682393,0.09905114355299258
123,1,0,1,0.07072086472061963,3.535278651847828,20.46876864983311,20.57027769785951,0.3505434802339273,0.03011937186678222,1,1.0719187689714502,1.0247981430441326,0.19050415169044294,0.0,0.0,0.0,0.09175315904335771,0.09875099264708524
124,1,0,1,0.07102433809682236,3.6063029899446506,20.434013498411264,20.51200941062339,0.3369958141926479,0.016283075280333292,1,0.9329527200343484,1.0259761586923155,0.16430377576636995,0.0,0.0,0.0,0.08128599624767636,0.08301777951869359
125,1,0,1,0.07073595310700087,3.6770389430516515,20.4533053452302,20.40632091656299,0.3217452371534492,0.0045082543870097495,1,0.9372539254844048,1.0236505727258662,0.16215238759513356,0.0,0.0,0.0,0.09150346223519232,0.09797863360493046
126,1,1,1,0.005909106727237306,3.6829480497788887,20.45581645387309,20.030514632342268,0.4854054737514702,0.0014734686211411699,1,0.6481954809669996,1.0214906565448298,0.10577587208639,0.4304714229206952,0.0,5.551115123125783e-17,0.08756715749117851,0.08871001780739853
127,1,0,1,0.0707606659117677,3.7537087156906566,20.467881261648802,19.60047826034849,0.4703683422207328,0.0,1,0.5941867129373151,1.012158277155384,0.09906360091127131,0.0,0.0,0.0,0.09022278918442429,0.10204418549894065
128,1,0,1,0.0707939678410839,4.0,20.474285506987236,19.11046630383978,0.45546074035797696,0.0,2,0.518101276879651,1.0017089880499324,0.08944561117653527,0.0,0.0,0.0,0.08944561117653525,0.1024776081525497
129,1,0,1,0.07081217543388246,4.0,20.47678973650588,18.63270464624378,0.44067362209686317,0.0,2,0.5143613671933249,0.9896187952706753,0.08872270956668313,0.0,0.0,0.0,0.08872270956668313,0.10440484977854704
130,1,0,1,0.07085997569916871,4.0,20.4757851750646,18.166887030087686,0.42597921595373456,0.0,2,0.5109151819713698,0.9777373595687414,0.08816643685877143,0.0,0.0,0.0,0.08816643685877143,0.10488205868593838
131,1,0,1,0.07098473850347357,4.0,20.480141203243093,17.712714854335495,0.41131659724550457,0.0,2,0.5162506575551029,0.9660668051288073,0.08797571224937971,0.0,0.0,0.0,0.08797571224937971,0.09921145009715827
132,1,0,1,0.07104680920407033,4.0,20.475111219793526,17.269896982977105,0.39691969979207603,0.0,2,0.5069735466315138,0.9548214014394646,0.08638138472057166,0.0,0.0,0.0,0.08638138472057165,0.09911970165908038
133,1,0,1,0.07104236383884674,4.0,20.480886637608872,16.83814955840268,0.38220484365725116,0.0,2,0.517653198310186,0.9436252050692658,0.08828913680894918,0.0,0.0,0.0,0.08828913680894918,0.1006624286134843
134,1,0,1,0.07111154693274568,4.0,20.47015049540876,16.41719581944261,0.36796016048435093,0.0,2,0.5012860237401086,0.9329759049002888,0.08546809903740149,0.0,0.0,0.0,0.0854680990374015,0.0997694851460163
135,1,0,1,0.07108697815468208,4.0,20.44778537728203,16.006765923956547,0.3538748290391304,0.0,2,0.4893886442584869,0.9221836578712843,0.08451198867132305,0.0,0.0,0.0,0.08451198867132305,0.10613147371697523
136,1,0,1,0.07109610740801522,4.0,20.45523440373359,15.606596775857634,0.33911450703493556,0.0,2,0.518643660883612,0.9113637825309644,0.08856193202516881,0.0,0.0,0.0,0.08856193202516881,0.1030266934792142
137,1,0,1,0.07114764938173948,4.0,20.451638577048634,15.216431856461192,0.324665446905805,0.0,2,0.5077850334083835,0.9015457794897805,0.08669436077478342,0.0,0.0,0.0,0.0866943607747834,0.10302394635078432
138,1,0,1,0.07119715699596096,4.0,20.439658283157218,14.83602106004966,0.31045618280898346,0.0,2,0.4993106705348017,0.8917017608377457,0.08525558458092913,0.0,0.0,0.0,0.08525558458092913,0.10246388886527945
139,1,0,1,0.07118067393577493,4.0,20.436116699828382,14.465120533548422,0.2960090188649409,0.0,2,0.5074498737500934,0.8818919835801722,0.08668298366425543,0.0,0.0,0.0,0.08668298366425543,0.10391625013474645
140,1,0,1,0.07124407432823597,4.0,20.393592971092687,14.103492520209713,0.28253146888832126,0.0,2,0.4683791887600147,0.8725309308344201,0.08086529985971792,0.0,0.0,0.0,0.08086529985971792,0.10588140917756787
141,1,0,1,0.07120704219233276,4.0,20.393191944027592,13.750905207204465,0.26801344518454134,0.0,2,0.5094387972122194,0.86242713728256,0.0871081422226794,0.0,0.0,0.0,0.0871081422226794,0.1050530165611486
142,1,0,1,0.07130775786428521,4.0,20.344527441700883,13.407132577024356,0.25472857851397873,0.0,2,0.46116529627398406,0.8536024287808015,0.07970920002337559,0.0,0.0,0.0,0.07970920002337559,0.10469934083131438
143,1,0,0,-0.1687576719632876,3.8312423280367125,20.344908651466906,13.071954262598748,0.24021667575288644,0.0,2,0.5089943958085437,0.8437915004681311,0.08707141656655343,0.0,0.0,0.0,0.08707141656655343,0.10489871933957866
144,1,0,1,0.07140348590918603,3.9026458139458984,20.28590525547078,12.745155406033778,0.22726638790217693,0.0,2,0.4496193202905484,0.8354215728516413,0.07770172710425727,0.0,0.0,0.0,0.07770172710425725,0.10250389234171263
145,1,0,1,0.0713210408145321,3.9739668547604303,20.27917529894915,12.426526520882934,0.21299950736398002,0.0,2,0.5004176748651368,0.8257765165376141,0.08560128322918156,0.0,0.0,0.0,0.08560128322918155,0.10318391254253735
146,1,0,0,-0.16867051437023378,3.8052963403901967,20.27229043446041,12.11586335786086,0.19874220998035164,0.0,2,0.5000945179849912,0.8176425454958021,0.08554378430177034,0.0,0.0,0.0,0.08554378430177036,0.10298299986878282
147,1,0,1,0.07136933291800515,3.8766656733082017,20.262470072392688,11.81296677391434,0.18456630227730833,0.0,2,0.49698689879378566,0.8097038448080318,0.0850554462182597,0.0,0.0,0.0,0.0850554462182597,0.1019713440191517
148,1,0,1,0.07157991866134533,3.948245591969547,20.179512163566905,11.517642604566479,0.1723385572005782,0.0,2,0.4236038429840351,0.8018859211576757,0.07336647046038089,0.0,0.0,0.0,0.07336647046038089,0.09617928031601264
149,1,2,1,0.006411509652717566,3.954657101622265,20.17123994360494,11.788693902572675,0.1581866413702181,0.23326979575675696,2,1.0552079472475664,0.7924288692033347,0.18529272044161887,0.0,0.0,0.0,0.08491149498216051,0.10038122545945834
150,1,2,1,0.0065368837440377345,3.9611939853663025,20.107374529639966,12.03916100659684,0.14545100496689842,0.46689055382456557,2,0.9856000362136301,0.7989983461544404,0.17468927001306628,0.0,0.0,0.0,0.076413818419918,0.0982754515931483
151,1,0,1,0.07146131195012188,4.0,20.08787867624577,12.293030624456005,0.13158527496091374,0.45017516006529695,2,1.038037152870886,0.8036633884059202,0.18348674259152026,0.0,0.0,0.0,0.08319438003590829,0.10029236255561198
152,1,0,1,0.07145538669351707,4.0,20.064781541902967,12.538928735276853,0.11783635448136169,0.43348825115600187,2,1.0323237089955921,0.8095227325175443,0.18261497633308213,0.0,0.0,0.0,0.08249352287731221,0.10012145345576991
153,1,0,1,0.07150666061984899,4.0,20.013599948489066,12.777525725155026,0.10479569298394277,0.41683528991601876,2,1.0025081533937699,0.8150927569294955,0.178161736424412,0.0,0.0,0.0,0.07824396898451347,0.09991776743989857
154,1,0,0,-0.16850657715024212,3.831493422849758,19.962794700521258,13.008555932105015,0.09176961982730171,0.400225141368265,2,1.0000031008232804,0.8197781418411023,0.17781733022636945,0.0,0.0,0.0,0.07815643893984646,0.099660891286523
155,1,0,1,0.0714772299648861,3.902970652814644,19.91453206488186,13.234604429463126,0.07870535515819017,0.3835716299965804,2,1.00206962753437,0.8242837658156568,0.17830665624477668,0.0,0.0,0.0,0.07838558801466923,0.09992106823010745
156,1,0,1,0.07133599867429605,3.97430665148894,19.92026086967204,13.471722358370435,0.0642807437524435,0.3664191412755627,2,1.0715751460561158,0.8287284123586247,0.18946260076058605,0.0,0.0,0.0,0.08654766843447999,0.10291493232610607
157,1,0,1,0.07129765164895609,4.0,19.932090571001737,13.706738235881392,0.049678409765968844,0.3491553120025865,2,1.0816451595417131,0.834799580701062,0.19119697955670553,0.0,0.0,0.0,0.08761400391884795,0.10358297563785754
158,1,0,1,0.07137320538167778,4.0,19.900035158495797,13.927863767142451,0.03618592969467543,0.33212915630931233,2,1.0300408389271976,0.8409707201720783,0.1831118145874052,0.0,0.0,0.0,0.08095488042776053,0.10215693415964468
159,1,0,1,0.07123200407474148,4.0,19.8804344278708,14.157140764764655,0.02259637250623037,0.3146920615077925,2,1.0553737401381622,0.8456974731409562,0.18615991193978937,0.0,0.0,0.0,0.0898714116674608,0.10462256880911905
160,1,0,1,0.07121086846386854,4.0,19.66208405300738,14.380553620301542,0.01484889594295218,0.2972464029837606,2,0.8560018604893553,0.8509393798158864,0.1511588105238608,0.0,0.0,0.0,0.09008270242247388,0.10467395114419165
161,1,0,1,0.07130210410338142,4.0,19.348560718660174,14.588153549502307,0.010089259717596602,0.28011067019701236,2,0.7451425366862853,0.8510659418327231,0.13137221407262287,0.0,0.0,0.0,0.08360548998637263,0.10281439672048939
162,1,0,1,0.07130514705101657,4.0,19.00584709238418,14.790613813911632,0.006414237708545212,0.2629700745875203,2,0.7081644948373869,0.8484178567040621,0.12489370571126064,0.0,0.0,0.0,0.08444168280936491,0.10284357365695229
163,1,0,1,0.07119514720559575,4.0,18.60778004650841,14.99699177021446,0.004273150724271989,0.245536453161502,2,0.6532224330844562,0.8449115226573953,0.11744825046174893,0.0,0.0,0.0,0.09398537803134323,0.1046017285561096
164,1,0,1,0.07129286265300264,4.0,18.22405874629897,15.191273518665238,0.0020100062533477446,0.22829299716265564,2,0.6506797436594122,0.8401192954180717,0.11703960281862381,0.0,0.0,0.0,0.08712012064247641,0.10346073599307835
165,1,0,1,0.07119247180942787,4.0,17.840817502762015,15.38679752459791,0.0,0.210864376073533,2,0.6476660690198193,0.8353833066241052,0.11663176405482258,0.0,0.0,0.0,0.0965548339801087,0.1045717265347361
166,1,0,0,-0.16876988426333212,3.831230115736668,17.394797065192968,15.569494439072058,0.0,0.19365097962829314,2,0.5673668525890949,0.8306903756839981,0.103280378671439,0.0,0.0,0.0,0.09635000660948978,0.103280378671439
167,1,0,1,0.07128669899808095,3.902516814734749,16.95992713856314,15.737386739574788,0.0,0.17673150532640633,2,0.5571296614795355,0.8241072876066255,0.10151684581132084,0.0,0.0,0.0,0.09533309154983195,0.10151684581132084
168,1,0,0,-0.1687209465597857,3.7337958681749632,16.535928960099064,15.903341156000828,0.0,0.1597256714278648,2,0.5593890849154068,0.8174328469534483,0.10203500339124921,0.0,0.0,0.0,0.09669686637398629,0.10203500339124921
169,1,0,1,0.07132540654497574,3.805121274719939,16.122530736096586,16.057658720601026,0.0,0.1429323434036651,2,0.5519010935002201,0.8109817529024972,0.10075996814519822,0.0,0.0,0.0,0.09575750035138594,0.10075996814519822
170,1,0,1,0.07143628411564171,3.8765575588355805,15.719467467694173,16.205371049468773,0.0,0.1261930379393256,2,0.5491537968827735,0.8045047364174404,0.10043583278603692,0.0,0.0,0.0,0.08838835370511598,0.10043583278603692
171,1,1,0,-0.23365873716605523,3.642898821669525,15.891771145092632,16.352533032802263,0.23379543270200578,0.10936677517139327,2,1.1175866236610248,0.7981209629290736,0.19818498039555912,0.0,0.0,0.0,0.09722740378796531,0.10095757660759383
172,1,0,1,0.07146721581728739,3.7143660374868124,16.019442176139695,16.470916172230282,0.21876791186208064,0.09323733485253523,2,1.0521617749224565,0.8061076044473725,0.18694176695269932,0.0,0.0,0.0,0.0901651250395509,0.09677664191314843
173,1,0,1,0.07142148748124945,3.785787524968062,16.154358600792435,16.59180285993977,0.20344412169336243,0.07695341809451815,2,1.0680620710714739,0.8122589587092496,0.1896462415604117,0.0,0.0,0.0,0.0919427410123093,0.0977035005481024
174,1,0,1,0.07133684420299892,3.857124369171061,16.30383833991531,16.71607251005252,0.18760716784090684,0.06051035475423483,2,1.0924034257539346,0.818654036518305,0.19368010315643347,0.0,0.0,0.0,0.0950217231147335,0.09865838004169997
175,1,2,1,0.006361217045624039,3.8634855862166853,16.44107466165151,16.8302359543073,0.1720161854607072,0.2942777799996516,2,1.0768975372401737,0.8254977712491959,0.19094134280869726,0.0,0.0,0.0,0.09354589428119758,0.09739544852749966
176,1,0,1,0.07132037574402872,3.934805961960714,16.579021325953455,16.947733805935194,0.15627133590513873,0.2778467862432427,2,1.0872272813288104,0.8317827653989703,0.19305505987186378,0.0,0.0,0.0,0.09446909733341091,0.09858596253845284
177,1,0,1,0.07134486952607473,4.0,16.706139038305132,17.051762526174368,0.14075377180388587,0.26172309723673803,2,1.0693153108880664,0.8381688782972163,0.18984751864654548,0.0,0.0,0.0,0.0931053846075172,0.09674213403902826
178,1,0,0,-0.16869247323863845,3.8313075267613614,16.80926658577912,17.1742800399927,0.12567966355674012,0.24495508968271762,2,1.0695926004043006,0.8439475391119875,0.1910526948069971,0.0,0.0,0.0,0.09044464948287463,0.10060804532412247
179,1,0,1,0.07130195257017996,3.9026094793315416,16.909492257790994,17.291057599511195,0.11061496298624722,0.22827627531752556,2,1.0665918971746673,0.8495886656442955,0.19046108961410985,0.0,0.0,0.0,0.0903882034229573,0.10007288619115254
180,1,0,1,0.07125365883233373,3.973863138163875,17.01592972348963,17.410152344166484,0.09530507385314237,0.21145992557983395,2,1.0805459567864824,0.8550137464325547,0.19275743322477873,0.0,0.0,0.0,0.09185933479862915,0.10089809842614962
181,1,0,1,0.07127687998523967,4.0,17.140320333215364,17.498485765028974,0.07957245823824984,0.19550502132696065,2,1.073376082279627,0.8606520516914029,0.19012511920659508,0.0,0.0,0.0,0.09439569368935521,0.09572942551723987
182,1,0,1,0.07122148274223228,4.0,17.239892507860993,17.609082509444725,0.06429166707991468,0.17879946054369075,2,1.076139071517489,0.8659701524561084,0.19191811164963027,0.0,0.0,0.0,0.091684746950011,0.10023336469961926
183,1,0,1,0.07122186927079205,4.0,17.33478183393335,17.71392821082626,0.049076529430085565,0.16218857801385272,2,1.0709594028865344,0.871224375432643,0.19095612107800283,0.0,0.0,0.0,0.09129082589897462,0.09966529517902822
184,1,0,1,0.07113777869083639,4.0,17.475132204921444,17.80977050558349,0.03266040734470236,0.14579850711391443,2,1.1124104168643147,0.8762177511189904,0.196837157911929,0.0,0.0,0.0,0.09849673251229928,0.0983404253996297
185,1,0,1,0.07112645084099509,4.0,17.42989204500577,17.919204334149562,0.021659778070853397,0.12891226271896264,2,0.9463162364130215,0.8821225677626234,0.16732124201280452,0.0,0.0,0.0,0.0931892805244831,0.10131746636971077
186,1,2,1,0.006099344148258457,4.0,17.3407281935935,18.031149086469135,0.01194196080361855,0.3618810140616304,2,0.9065083103861868,0.8837274094788834,0.16049439554740247,0.0,0.0,0.0,0.094716232700147,0.10218749194399342
187,1,0,1,0.07111765580580515,4.0,17.15761468764839,18.115421065594155,0.005129064069509074,0.34557773882201476,2,0.7854554051814793,0.8842969320015659,0.13869703184235058,0.0,0.0,0.0,0.09937017976208437,0.0978196514376937
188,1,0,1,0.07116215338248849,4.0,16.902081548481675,18.207317030176288,0.0006334313863498052,0.32897552351881626,2,0.7181887192464783,0.8818258938310637,0.12658708791814705,0.0,0.0,0.0,0.09410314770226372,0.09961329181919143
189,1,0,1,0.07118276878101612,4.0,16.505211350762558,18.290984033008968,0.0,0.3125334943211802,2,0.5645317695800114,0.8777349644664492,0.10245276350391481,0.0,0.0,0.0,0.09347956354802331,0.09865217518581598
190,1,0,1,0.07120083621951205,4.0,16.092581066993493,18.370949133302325,0.0,0.2961531956657635,2,0.5372397011185822,0.8699048845942883,0.09828179193250036,0.0,0.0,0.0,0.0942239653365266,0.09828179193250036
191,1,0,1,0.07123123147091685,4.0,15.690266540318653,18.44258276220758,0.0,0.27994686768570964,2,0.5309073572378136,0.8615882550073957,0.09723796788032289,0.0,0.0,0.0,0.09357114416344894,0.09723796788032289
192,1,0,0,-0.16876782678280847,3.8312321732171917,15.298009876810688,18.516338713321986,0.0,0.26360215238153595,2,0.5348205201695972,0.8533212325631561,0.09806829182504224,0.0,0.0,0.0,0.09423311935013871,0.09806829182504224
193,1,0,1,0.07126467055050431,3.902496843767696,14.91555962989042,18.563860346535392,0.0,0.24802684316243404,2,0.5104301010464513,0.845358714753317,0.09345185531461164,0.0,0.0,0.0,0.09869749024386178,0.09345185531461164
194,1,0,1,0.07127832695563335,3.973775170723329,14.54267063914316,18.61252543020935,0.0,0.23237585701649113,2,0.5127615923373439,0.8369854994106454,0.0939059168756573,0.0,0.0,0.0,0.09893845042949317,0.0939059168756573
195,1,0,1,0.07136875921750438,4.0,14.179103873164582,18.64349532361514,0.0,0.21722416320996082,2,0.49628302916102385,0.8288799017338129,0.09091016283918206,0.0,0.0,0.0,0.09534275454499384,0.09091016283918206
196,1,0,1,0.07131912904189343,4.0,13.824626276335469,18.686472424601824,0.0,0.20166383928114617,2,0.5090644840770644,0.8205649799194931,0.09336194357288775,0.0,0.0,0.0,0.09804405419228418,0.09336194357288775
197,1,0,1,0.07137740780743583,4.0,13.47901061942708,18.73477388404937,0.0,0.18587784560627343,2,0.5154632700625912,0.8127774675234323,0.09471596204923638,0.0,0.0,0.0,0.09160011038315449,0.09471596204923638
198,1,0,0,-0.16858858309387253,3.8314114169061275,13.142035353941402,18.779391487917636,0.0,0.1701529091450428,2,0.5129869509694978,0.8053446125869115,0.09434961876738394,0.0,0.0,0.0,0.0906026266945026,0.09434961876738394
199,1,0,1,0.0714374757915888,3.9028488926977163,12.813484470092867,18.819759211789208,0.0,0.1545222572550403,2,0.5098525110695129,0.798035671046476,0.093783911340015,0.0,0.0,0.0,0.09046846337710417,0.093783911340015
200,1,0,1,0.07147991662100138,3.9743288093187177,12.493147358340545,18.837457312757035,0.0,0.13954448822908253,2,0.4881920812625584,0.7908310920470519,0.08986661415574666,0.0,0.0,0.0,0.09292096060115619,0.08986661415574666
201,1,0,1,0.07147988433934889,4.0,12.180818674382031,18.872495647091064,0.0,0.12400805818412453,2,0.5059747671529533,0.7832651167774396,0.09321858026974797,0.0,0.0,0.0,0.08841547957198742,0.09321858026974797
202,1,0,1,0.07150711353363452,4.0,11.876298207522481,18.903352286425253,0.0,0.10856146381026939,2,0.5026690305114667,0.7763328580368274,0.0926795662431308,0.0,0.0,0.0,0.08757864965103912,0.0926795662431308
203,1,1,1,0.006531527558806639,4.0,12.10190885592444,18.916213069812137,0.23496470589444218,0.09365509677099045,2,1.0079626941375384,0.7694912623486934,0.17964996686902057,0.0,0.0,0.0,0.09021176463334692,0.08943820223567367
204,1,0,1,0.07166481638615219,4.0,12.288711775429176,18.90479658609727,0.22090065547307125,0.0795020282851641,2,0.9508394839332818,0.7754530481434145,0.16930271344318362,0.0,0.0,0.0,0.08438430252822561,0.084918410914958
205,1,0,1,0.07154460791628954,4.0,12.475612167143929,18.921238177329407,0.2065509144190819,0.06445311446679981,2,0.9831796919850495,0.7798377090381612,0.17639192923412197,0.0,0.0,0.0,0.08609844632393612,0.09029348291018585
206,1,0,1,0.07162296128410484,4.0,12.664583392247327,18.911932844142235,0.1921613461614681,0.05025925297279813,2,0.9645871505280605,0.7849212586118334,0.17150057850969289,0.0,0.0,0.0,0.08633740954568285,0.08516316896401002
207,1,0,1,0.07157426534827263,4.0,12.860853306115409,18.908921746846104,0.17743156490888753,0.0358673778429014,2,0.9826717224816881,0.7894129059097391,0.1747299382948637,0.0,0.0,0.0,0.08837868751548325,0.08635125077938043
208,1,0,0,-0.1684375324914137,3.8315624675085864,13.054498855300936,18.906529124815187,0.16263339568103044,0.02144953215458034,2,0.9854973034786507,0.7942443763240379,0.17529608949706907,0.0,0.0,0.0,0.08878901536714269,0.08650707412992636
209,1,0,1,0.07144854354556708,3.9030110110541534,13.241123358163142,18.7056026894276,0.14775606476060976,0.01305282142744714,2,0.7847237669775198,0.7990256995029033,0.13964424988532328,0.0,0.0,0.0,0.08926398552252411,0.09197998469906996
210,1,0,1,0.07159304763396049,3.9746040586881137,13.415987825939943,18.39664738816968,0.1332254909200314,0.008635409937460292,2,0.6645773177086515,0.7986681511897685,0.1136879119833913,0.0,0.0,0.0,0.08718344304347021,0.08642435713936081
211,1,0,1,0.07149114432524921,4.0,13.614686184996685,18.045990708889047,0.11789952564320157,0.006359170241135145,2,0.6433575601288463,0.7953158803527407,0.10561322983892973,0.0,0.0,0.0,0.09195579166097885,0.09013217024591444
212,1,0,1,0.07147386697222509,4.0,13.81186701239094,17.70556724337102,0.10246763594551632,0.00405237227854757,2,0.6482742842233747,0.7915169223471433,0.10643212596163706,0.0,0.0,0.0,0.09259133818611161,0.09266461495235266
213,1,0,0,-0.1685369067745468,3.8314630932254534,13.980379627783172,17.373915963858252,0.0875711774605396,0.0017401243291412405,2,0.6247971922735103,0.7879358563940491,0.10325223860629829,0.0,0.0,0.0,0.08937875090986029,0.09698044059523192
214,1,0,1,0.07149134923708897,3.9029544424625424,14.1692475695774,17.023094032560575,0.07211893435122563,0.0,2,0.6219034002875881,0.7838573897910357,0.10315420463073127,0.0,0.0,0.0,0.09271345865588382,0.09501291693754649
215,1,0,1,0.0714591447664039,3.974413587228946,14.359737243485725,16.59751668174656,0.056492457780356116,0.0,2,0.544720863147758,0.7798085400534495,0.09375885942521706,0.0,0.0,0.0,0.09375885942521706,0.09726953614933201
216,1,0,1,0.07148913182110286,4.0,14.5106064253808,16.182578764702896,0.041733549485435506,0.0,2,0.5098626129822184,0.7739313481308071,0.0885534497695237,0.0,0.0,0.0,0.0885534497695237,0.10000758272521723
217,1,0,1,0.07144630351636737,4.0,14.54318051208627,15.778014295585324,0.030655818787476297,0.0,2,0.39533924733999054,0.7673296297520924,0.06646638418775522,0.0,0.0,0.0,0.09439513595422884,0.10001348475711921
218,1,0,1,0.07147098818080562,4.0,14.533654392572505,15.383563938195689,0.020810883532522428,0.0,2,0.35405339328839197,0.7580298701917899,0.05906961152972325,0.0,0.0,0.0,0.09457750418560298,0.10064152491329666
219,1,0,1,0.07148228895046313,4.0,14.495678805767678,14.998974839740798,0.011762885920329565,0.0,2,0.3253657730094845,0.7479304582692049,0.05428798567315714,0.0,0.0,0.0,0.09432983490955593,0.10144885624194992
220,1,0,1,0.0716227086750415,4.0,14.332333340168118,14.624000468747278,0.006277040706861362,0.0,2,0.1990465045446336,0.7373663411377118,0.03291507128080923,0.0,0.0,0.0,0.08492213149922799,0.09912221082591567
221,1,0,1,0.07166092166770362,4.0,14.124964723584082,14.258400457028596,0.002374462662931572,0.0,2,0.15093971692016694,0.7239083452228849,0.02341546826357874,0.0,0.0,0.0,0.08469224068881528,0.09900990946277734
222,1,0,1,0.07172032989726364,4.0,13.86490036798298,13.90194044560288,0.0,0.0,2,0.09305976248849754,0.709584129515317,0.014246775977589433,0.0,0.0,0.0,0.08279161707963098,0.09855341000896443
223,1,0,0,-0.16823352691739124,3.8317664730826086,13.518277858783403,13.55439193446281,0.0,0.0,2,0.0,0.6941710203396466,0.0,0.0,0.0,0.0,0.0820320278329527,0.0977711016228856
224,1,0,1,0.07186432708106107,3.9036308001636697,13.180320912313817,13.215532136101238,0.0,0.0,2,0.0,0.6768167448311553,0.0,0.0,0.0,0.0,0.07912428231281152,0.09528233003248585
225,1,0,1,0.07190547903402257,3.9755362791976925,12.850812889505972,12.88514383269871,0.0,0.0,2,0.0,0.6598963262103765,0.0,0.0,0.0,0.0,0.07817133867862466,0.09522308357327251
226,1,0,1,0.07188462097574903,4.0,12.529542567268322,12.563015236881242,0.0,0.0,2,0.0,0.6433989180551171,0.0,0.0,0.0,0.0,0.08351625355583944,0.09496978722433083
227,1,0,0,-0.16794298735433064,3.8320570126456692,12.216304003086615,12.248939855959208,0.0,0.0,2,0.0,0.6273139451037392,0.0,0.0,0.0,0.0,0.07377257874224097,0.09125549890387749
228,1,0,0,-0.16797879643816488,3.6640782162075043,11.910896403009449,11.94271635956023,0.0,0.0,2,0.0,0.6116310964761457,0.0,0.0,0.0,0.0,0.07920095095613608,0.09182176199487516
229,1,2,0,-0.23277756530817162,3.431300650899333,11.613123992934213,12.123072094319767,0.0,0.2354338640886053,2,0.47892364374854335,0.596340319064242,0.08739681546836818,0.0,0.0,0.0,0.06937661128544236,0.08739681546836818
230,1,0,1,0.07220415712807535,3.503504808027408,11.322795893110857,12.295474021110188,0.0,0.22093069612869345,2,0.4754787291484159,0.5934049021813496,0.08701900775947101,0.0,0.0,0.0,0.07295762402795075,0.08701900775947101
231,1,0,1,0.07219081066464764,3.575695618692056,11.039725995783087,12.470926975233496,0.0,0.20618476324149537,2,0.48283980465106413,0.5904567478555262,0.08847559732318856,0.0,0.0,0.0,0.07318066833720992,0.08847559732318856
232,1,0,1,0.07224688866253824,3.647942507354594,10.763732845888509,12.638481242579854,0.0,0.19152735273549748,2,0.479327441727194,0.5877663242754146,0.08794446303598744,0.0,0.0,0.0,0.06844156538587673,0.08794446303598744
233,1,0,1,0.07225324473863999,3.720195752093234,10.494639524741297,12.805287527253181,0.0,0.17675820487236807,2,0.4827683157378247,0.5850553522117091,0.0886148871787765,0.0,0.0,0.0,0.06801940944892002,0.0886148871787765
234,1,0,1,0.07225473244163522,3.792450484534869,10.232273536622763,12.966890526450957,0.0,0.16201127160016496,2,0.48173518737910215,0.582498176299862,0.08848159963321847,0.0,0.0,0.0,0.06759600204503083,0.08848159963321847
235,1,0,1,0.07227320835133753,3.8647236928862068,9.976466698207194,13.124072278835802,0.0,0.1472460991787178,2,0.48135401554612034,0.579979101576843,0.0885910345286828,0.0,0.0,0.0,0.06577640182934572,0.0885910345286828
236,1,0,1,0.07224880225474835,3.9369724951409553,9.727055030752016,13.28010240906545,0.0,0.13239455541377632,2,0.484131937200544,0.5775134744260749,0.0891092625896491,0.0,0.0,0.0,0.06627138530459652,0.0891092625896491
237,1,0,1,0.07220578631444656,4.0,9.483878654983215,13.433009753299036,0.0,0.11749434387623697,2,0.4849099044602216,0.5751789359954367,0.089401269225236,0.0,0.0,0.0,0.06920549049030457,0.089401269225236
238,1,0,0,-0.16771099149490995,3.8322890085050902,9.246781688608635,13.57883509867969,0.0,0.10269395362735352,2,0.48165058921312953,0.5729222102070562,0.08880234149330071,0.0,0.0,0.0,0.06385623364384707,0.08880234149330071
239,1,0,1,0.07229557772946335,3.9045845862345536,9.01561214639342,13.717763107629732,0.0,0.08795892942939336,2,0.4783988864170359,0.5706404196822081,0.08841014518776097,0.0,0.0,0.0,0.06272360531879019,0.08841014518776097
240,1,0,0,-0.16773113749293167,3.736853448741622,8.790221842733583,13.851706816293003,0.0,0.0732633821153214,2,0.4768877863540125,0.5683343813505788,0.08817328388443181,0.0,0.0,0.0,0.06525511285668145,0.08817328388443181
241,1,0,1,0.0723239962820829,3.809177445023705,8.570466296665243,13.982498722987089,0.0,0.05856035818429839,2,0.47708457710140945,0.5660482164756647,0.08821814358613804,0.0,0.0,0.0,0.0611537347366853,0.08821814358613804
242,1,0,1,0.07230154386475972,3.881478988888465,8.356204639248613,14.106419183304478,0.0,0.043932700964428195,2,0.4734829283920678,0.5638241254913083,0.08776594331922116,0.0,0.0,0.0,0.06291218154924802,0.08776594331922116
243,1,0,1,0.07227357753869318,3.953752566427158,8.147299523267396,14.231621692853864,0.0,0.029173184374277777,2,0.47786298913199626,0.5615655955638273,0.08855709954090252,0.0,0.0,0.0,0.06360180060391721,0.08855709954090252
244,1,0,1,0.07234817343258419,4.0,7.943617035185712,14.248041627946055,0.0,0.018048126733661508,2,0.37221047741353996,0.5594730304030315,0.06675034584369759,0.0,0.0,0.0,0.05819187107444226,0.08781873049492005
245,1,0,1,0.07233788059552254,4.0,7.74502660930607,14.100751437031697,0.0,0.01184876372549872,2,0.20891084978429236,0.5547914665782943,0.037196178048976736,0.0,0.0,0.0,0.059501364644235284,0.08720020208632355
246,1,0,1,0.07236974745277713,4.0,7.551400944073417,13.901380028708811,0.0,0.007907965979109323,2,0.15314737760290853,0.5461444511584441,0.0236447864783364,0.0,0.0,0.0,0.05850107234389029,0.08716237453621047
247,1,0,1,0.07243938404162631,4.0,7.362615920471582,13.701202756248875,0.0,0.004130581162787834,2,0.14735722825778197,0.5363195243195558,0.022664308897928923,0.0,0.0,0.0,0.05445266317860874,0.08668874734104165
248,1,0,1,0.07249461820198691,4.0,7.178550522459792,13.492091223660504,0.0,0.0007941415503113164,2,0.1334185363178521,0.5265954669180114,0.020018637674859105,0.0,0.0,0.0,0.053129324414308995,0.08573507360181455
249,1,0,1,0.07250933883520624,4.0,6.999086759398298,13.192907737483935,0.0,0.0,2,0.03811879441494319,0.5167660436530075,0.0047648493018678986,0.0,0.0,0.0,0.053393450863399645,0.08487825086347335
250,1,0,1,0.07255187841219361,4.0,6.82410959041334,12.863085044046837,0.0,0.0,2,0.0,0.5047998624220559,0.0,0.0,0.0,0.0,0.05210979598929977,0.08417755581181122
251,1,0,1,0.07265714067394577,4.0,6.653506850653007,12.541507917945665,0.0,0.0,2,0.0,0.4921798658615044,0.0,0.0,0.0,0.0,0.04756099730190162,0.08238574449166913
252,1,0,0,-0.16730000142885654,3.8326999985711434,6.487169179386682,12.227970219997022,0.0,0.0,2,0.0,0.4798753692149669,0.0,0.0,0.0,0.0,0.04657049882381056,0.08120812077361503
253,1,0,1,0.07274094001316901,3.9054409385843125,6.324989949902015,11.922270964497098,0.0,0.0,2,0.0,0.4678784849845926,0.0,0.0,0.0,0.0,0.04637107586468651,0.07957485242866937
254,1,0,1,0.07279586157662812,3.9782368001609405,6.166865201154465,11.62421419038467,0.0,0.0,2,0.0,0.4561815228599778,0.0,0.0,0.0,0.0,0.04470855222724933,0.07792447382536771
255,1,2,1,0.007874776727098923,3.9861115768880393,6.012693571125602,11.74575951752215,0.0,0.2372798833889654,2,0.41215068189709536,0.4447769847884784,0.07632069966620775,0.0,0.0,0.0,0.04193338663439187,0.07632069966620775
256,1,0,0,-0.1671014363900198,3.83289856360998,5.862376231847463,11.861224290433993,0.0,0.22460960276207262,3,0.40910876084989733,0.44396132721619386,0.07602168376135672,0.0,0.0,0.0,0.041261157291622226,0.07602168376135672
257,1,0,0,-0.16709864833473564,3.6657999152752447,5.7158168260512765,11.973899130764014,0.0,0.21192608807994193,3,0.4092054475908703,0.44309001305703644,0.07610108809278401,0.0,0.0,0.0,0.040713559609445914,0.07610108809278401
258,1,0,0,-0.167090240203356,3.498709675071889,5.5729214053999945,12.077292107408507,0.0,0.1993987325149208,3,0.40274045491359467,0.44224289892038227,0.07516413339012668,0.0,0.0,0.0,0.04044498590149045,0.07516413339012668
259,1,0,1,0.07291739755032395,3.571627072622213,5.433598370264995,12.178585127841068,0.0,0.1868412067662003,3,0.4032253231177706,0.4412553378202126,0.07534515449232292,0.0,0.0,0.0,0.040235155474202366,0.07534515449232292
260,1,0,0,-0.16707925717905134,3.404547815443162,5.2977584110083695,12.278531213758873,0.0,0.17423550399105783,3,0.404410714113834,0.44030458745265155,0.07563421665085492,0.0,0.0,0.0,0.03947304774728171,0.07563421665085492
261,1,0,1,0.07294298591522705,3.477490801358389,5.1653144507331605,12.371515952464343,0.0,0.1617520807992848,3,0.3999480190494412,0.4394072406191811,0.07490053915063832,0.0,0.0,0.0,0.038398689540565786,0.07490053915063832
262,1,0,1,0.07292739451204605,3.550418195870435,5.036181589464832,12.472294022770763,0.0,0.14897842486649102,3,0.41006596911802906,0.4384207600799376,0.07664193559676262,0.0,0.0,0.0,0.03796915255269729,0.07664193559676262
263,1,0,1,0.07293752911758392,3.623355724988019,4.91027704972821,12.561519334753953,0.0,0.1364588230137818,3,0.4010326625524583,0.43771189030588986,0.0751176111162552,0.0,0.0,0.0,0.03784390238530348,0.0751176111162552
264,1,0,1,0.07294233664029626,3.6962980616283154,4.787520123485006,12.64922417506661,0.0,0.1238975988114414,3,0.40174282368150704,0.43679490961205414,0.07536734521404245,0.0,0.0,0.0,0.03714646312370179,0.07536734521404245
265,1,0,1,0.07293379865761418,3.7692318602859296,4.667832120397881,12.734527066307523,0.0,0.11134573430752161,3,0.4015334956175776,0.4359186074637904,0.07531118702351865,0.0,0.0,0.0,0.037316300990576284,0.07531118702351865
266,1,1,0,-0.2320898881899192,3.5371419720960104,4.767533061549541,12.823215612473295,0.24377021553033537,0.09861827495706026,3,0.6234484669850665,0.4350589796676351,0.11374346292075599,0.0,0.0,0.0,0.03737870681798766,0.07636475610276831
267,1,0,1,0.07297206746118798,3.6101140395571982,4.856899033047288,12.893516096773249,0.23775918704800392,0.08634955594210808,3,0.5994351726482724,0.43976871685057095,0.10967848498370161,0.0,0.0,0.0,0.036066170893988676,0.07361231408971294
268,1,0,1,0.07293524438517901,3.683049283942377,4.950341252857281,12.966009543146408,0.2315656637874199,0.07396344334256666,3,0.609696044428665,0.44376037824551345,0.11147781516075282,0.0,0.0,0.0,0.03716113956350426,0.07431667559724855
269,1,0,1,0.07292135785991607,3.755970641802293,5.046260035155095,13.03702451998425,0.22523331425867413,0.0615689548916489,3,0.6148425290357478,0.4479087699000922,0.11236102787798093,0.0,0.0,0.0,0.03799409717247437,0.07436693070550655
270,1,2,1,0.007878641038482877,3.763849282840776,5.144834672634578,13.11324975013368,0.2187546410854406,0.2989594649854016,3,0.6268819815073968,0.4520821138784836,0.11452897847688509,0.0,0.0,0.0,0.03887203903940145,0.07565693943748364
271,1,0,1,0.07281573218766035,3.8366650150284363,5.245928991065867,13.2049679027722,0.21208118431222622,0.28583760820480725,3,0.6492645816390188,0.4564521105692065,0.11877188132285246,0.0,0.0,0.0,0.0400407406392862,0.07873114068356629
272,1,0,1,0.07279120083640837,3.9094562158648447,5.349392354564108,13.295946337434335,0.20526648459949728,0.272672015274696,3,0.6557142205063257,0.4612724223459518,0.11988175585704135,0.0,0.0,0.0,0.04088819827637369,0.07899355758066766
273,1,0,1,0.0727458312426146,3.9822020471074593,5.4586765533021815,13.390028145730025,0.1981993978344592,0.2593355364247591,3,0.6694994743337241,0.46613346729996114,0.12242139368984964,0.0,0.0,0.0,0.04240252059022834,0.0800188730996213
274,1,0,1,0.07273922380502265,4.0,5.568361390243628,13.479420206184509,0.19103359526209074,0.24608675080837783,3,0.6702945148717352,0.4712176174758052,0.12248752913249862,0.0,0.0,0.0,0.04299481543421078,0.07949271369828784
275,1,0,0,-0.1672870033804426,3.8327129966195574,5.681614817579294,13.569049087273818,0.18368784882164335,0.23276447955487858,3,0.6790768483356806,0.47619453991070343,0.12400810616367937,0.0,0.0,0.0,0.04407447864268434,0.07993362752099505
276,1,0,1,0.07269664122724269,3.9054096378468,5.795000454295611,13.65633849537415,0.17624562895309395,0.21945167110789676,3,0.6819416424379736,0.48126659762132784,0.12453016989318746,0.0,0.0,0.0,0.044653319211296325,0.07987685068189115
277,1,0,1,0.07272036102830721,3.978129998875107,5.9087699966095135,13.727627046881668,0.1687516176340698,0.2065308851088193,3,0.6713415675631679,0.48628347374174397,0.1224887839086099,0.0,0.0,0.0,0.04496406791414514,0.07752471599446478
278,1,0,1,0.07264901045375971,4.0,6.028210202254468,13.815117829830815,0.16096638659642976,0.19309125221694579,3,0.6978409146813798,0.4909099260872797,0.1273491835770811,0.0,0.0,0.0,0.04671138622584015,0.08063779735124096
279,1,0,1,0.0726352363375097,4.0,6.15158967712852,13.894240553560138,0.153012045118419,0.17982373146691502,3,0.6985853994055067,0.49608320080213214,0.12733117336824892,0.0,0.0,0.0,0.047726048868064495,0.07960512450018445
280,1,2,1,0.007634147573728771,4.0,6.2755733451714635,13.96718313672294,0.14495165752146158,0.4123198274380379,3,0.6980720069729618,0.5011457557672165,0.12722161290596365,0.026164136849044173,0.0,0.0,0.04836232558174463,0.07885928732421904
281,1,0,1,0.07254764174328704,4.0,6.403354436013251,14.06218060438951,0.13663122824362536,0.39847178247002724,3,0.728847470555717,0.5060689120473602,0.1330108454750811,0.0,0.0,0.0,0.049922575667017216,0.08308826980806391
282,1,0,0,-0.16742019620094323,3.8325798037990566,6.532049532818483,14.1379106933955,0.1282362426039105,0.3851125995312037,3,0.7160635618212923,0.511638376010069,0.13052501147123044,0.0,0.0,0.0,0.050369913838289114,0.0801550976329413
283,1,1,0,-0.23246857100636342,3.600111232792693,6.669281222792212,14.21964284565109,0.3694902175349663,0.3715244079350685,3,0.735712847884669,0.5167490056553496,0.1340052999904767,0.0,0.0,0.0,0.0524761504136657,0.08152914957681101
284,1,0,1,0.07253540775565513,3.6726466405483484,6.79305875571025,14.297407064858419,0.3610465785381103,0.35794605916500494,3,0.723764853836447,0.5222231017110825,0.13213192660151726,0.0,0.0,0.0,0.05066183398113571,0.08147009262038153
285,1,0,1,0.072524296029492,3.7451709365778405,6.9163228142448725,14.371555300062044,0.3525165452591122,0.34441048273013913,3,0.7246739392524659,0.5272616455142167,0.13239365828318325,0.0,0.0,0.0,0.051180199673988534,0.08121345860919472
286,1,0,1,0.07248677999048084,3.817657716568321,7.045923956580403,14.45028287541379,0.3437228848154432,0.33069843601881693,3,0.740525670544948,0.532196952857673,0.13503424292994703,0.0,0.0,0.0,0.05276196266201349,0.08227228026793353
287,1,0,1,0.07235839000800393,3.8900161065763252,7.187662862625134,14.559703746390861,0.33442509224621997,0.316032190565038,3,0.788564947821657,0.5374051707998548,0.14378422813801287,0.0,0.0,0.0,0.055786755415339596,0.08799747272267328
288,1,0,1,0.07241139147146496,3.96242749804779,7.329720774110058,14.64286111747479,0.3250690510652781,0.3020791068407341,3,0.768899447794256,0.5436841652253999,0.13985474943147522,0.0,0.0,0.0,0.05613624708565153,0.08371850234582372
289,1,0,1,0.0723000938282903,4.0,7.4810247829612955,14.749777885623253,0.31527965312965794,0.28737862317904633,3,0.8075353242893203,0.5493145472896213,0.14693928958384694,0.0,0.0,0.0,0.05873638761372064,0.0882029019701263
290,1,0,0,-0.16769911645574048,3.8323008835442596,7.63098447469747,14.850483365357233,0.3054085697589926,0.2728018012842159,3,0.8064352381847664,0.5557700667146137,0.1466874315929746,0.0,0.0,0.0,0.05922650022399214,0.08746093136898246
291,1,0,1,0.0722390636414689,3.9045399471857283,7.788398030459547,14.95727542654855,0.29521054756095105,0.2579525787974593,3,0.8262423129547626,0.5620366960013675,0.1502834681087887,0.0,0.0,0.0,0.06118813318824911,0.0890953349205396
292,1,0,1,0.0723261648388113,3.9768661120245397,7.937691336780643,15.03157279405676,0.2851887922041834,0.2440072792440634,3,0.7922325102545087,0.5686418364252024,0.14380232946098115,0.0,0.0,0.0,0.06013053214060575,0.0836717973203754
293,1,0,1,0.0723042490536086,4.0,8.087080593383458,15.104233606072242,0.27505573144170253,0.23005552457026476,3,0.7962816718892309,0.5742316032709351,0.14450889261767721,0.0,0.0,0.0,0.06079836457488539,0.08371052804279186
294,1,0,0,-0.16781382132178554,3.8321861786782145,8.244522309431739,15.204147321330993,0.2645138398854925,0.2152615567880591,3,0.8371382862934256,0.5797828549863925,0.15201515603049387,0.0,0.0,0.0,0.06325134933726007,0.08876380669323379
295,1,2,1,0.007329424130583689,3.8395156028087984,8.38186182372473,15.260740372971428,0.25450867008269723,0.42555192071599346,3,0.7801493067024948,0.5862167407690684,0.14154930926320783,0.15673952598595808,0.0,0.0,0.060031018816771926,0.0815182904464359
296,1,0,1,0.07227099055769785,3.911786593366496,8.525924756353175,15.326307172686402,0.24418410409658242,0.41162732050324924,3,0.8006947872608235,0.591065054917404,0.14549499719315362,0.0,0.0,0.0,0.06194739591668854,0.08354760127646509
297,1,0,1,0.072202478191184,3.98398907155768,8.681743646037798,15.400099473696738,0.23340865716161896,0.3974319918694467,3,0.8259169889209472,0.5963057982259894,0.14982465341259635,0.0,0.0,0.0,0.0646526816097808,0.08517197180281554
298,1,0,1,0.07218559943928299,4.0,8.838026358662114,15.473781971020236,0.22250938616878232,0.3831985579003317,3,0.8320112879411787,0.6020460779933634,0.15079622977170992,0.0,0.0,0.0,0.0653956259570199,0.08540060381469002
299,1,0,1,0.0720618668798108,4.0,9.006803674761723,15.575916300288673,0.21106970623540008,0.3681039455174286,3,0.8787068536101053,0.6077952082420588,0.1592057538977121,0.0,0.0,0.0,0.06863807960029328,0.0905676742974188
300,1,0,1,0.07204965151502625,4.0,9.17143302197509,15.67295392520581,0.19962355723914824,0.3530708238401183,3,0.8762349715067652,0.6145679993762599,0.15887562404137348,0.0,0.0,0.0,0.06867689397751124,0.09019873006386224
301,1,0,1,0.07209235545097004,4.0,9.335952513923253,15.745881650585757,0.1881250399171862,0.33867949697358996,3,0.8585568910076262,0.6211096736795225,0.15533906513094173,0.0,0.0,0.0,0.0689911039317722,0.08634796119916949
302,1,0,1,0.07212915924644425,4.0,9.490589762491453,15.80723339235287,0.17678603732468734,0.3246005729283587,3,0.8430348444480398,0.6270458541127252,0.15250755982638076,0.0,0.0,0.0,0.06803401555499328,0.08447354427138754
303,1,0,0,-0.16801534598650675,3.8319846540134934,9.659238351034151,15.903094319453565,0.1648664839892411,0.3094666393970616,3,0.8969550945145051,0.6324455788711081,0.16232092120045996,0.0,0.0,0.0,0.07151732001267727,0.09080360118778266
304,1,0,1,0.07204349698095228,3.9040281509944457,9.823409215465142,15.970210296744412,0.1530242195347983,0.29509128010033375,3,0.8703451584840314,0.6390583167621929,0.1573057425070236,0.0,0.0,0.0,0.0710535867266566,0.08625215578036699
305,1,0,1,0.07194388351178213,3.9759720345062277,9.992999320959473,16.06173075573546,0.14082433083954773,0.27998575027853706,3,0.9059510522906189,0.6448404878052388,0.16383251110228358,0.0,0.0,0.0,0.07319933217150362,0.09063317893077996
306,1,0,1,0.0719218085838835,4.0,10.055214693079378,16.15292790816956,0.1315994497338225,0.2648357585630534,3,0.8047807764713778,0.6513682519173734,0.14624923692725378,0.0,0.0,0.0,0.07385166291011455,0.0908999502929024
307,1,0,1,0.07200910040498354,4.0,10.039429421846021,16.20860689192409,0.12492109818437598,0.25066050260942757,3,0.6950972775523985,0.6552035650312236,0.12512164501843406,0.0,0.0,0.0,0.07260039974881428,0.0850515357217549
308,1,0,1,0.07191484585141779,4.0,10.027943746982025,16.29313596385906,0.11808304014569242,0.23560352952536992,3,0.7292443049152224,0.6562009078442529,0.13137018673644746,0.0,0.0,0.0,0.07435863134302031,0.09034183850434602
309,1,0,0,-0.16810292209723782,3.831897077902762,10.018891856241776,16.376548159823987,0.11117431804900642,0.2205306391306098,3,0.7323872979957062,0.6580269927710272,0.13188967494867634,0.0,0.0,0.0,0.07479318429838275,0.09043734236856049
310,1,0,1,0.07191727409030019,3.9038143519930624,10.010638525529977,16.45285599173564,0.10425792622248964,0.20559712315678144,3,0.7279405016014981,0.6598860004016441,0.13109944680207108,0.0,0.0,0.0,0.07448570613399748,0.0896010958429703
311,1,0,1,0.07196303633170181,3.9757773883247642,10.003848583451946,16.5059236145923,0.09735472850998135,0.1913040091199675,3,0.7078650437102698,0.6615873629316404,0.12717787049593351,0.0,0.0,0.0,0.07408366117189615,0.0857586842208838
312,1,0,1,0.07187897704992675,4.0,10.00242971523826,16.582247615427494,0.09026814083382502,0.17630406108672422,3,0.7376494375726181,0.6627443049511061,0.13251921425639734,0.0,0.0,0.0,0.07563302327941213,0.08999968819945947
313,1,0,1,0.07189965936865209,4.0,10.010345590638696,16.640620120593173,0.08296948481289738,0.16178126684394994,3,0.7309053138327563,0.664616933266644,0.13092870158221181,0.0,0.0,0.0,0.07678550733087353,0.08713676545664586
314,1,0,1,0.07185456616129687,4.0,10.013116680611226,16.7167570288306,0.0757556733297736,0.14670700667257716,3,0.7451821409907544,0.6662741427807968,0.13372842992697925,0.0,0.0,0.0,0.07595129640716262,0.09044556102823656
315,1,1,1,0.006867617761831457,4.0,10.208570749575049,16.776196832626745,0.3127926166321258,0.13206816540018765,3,0.9231407154960108,0.6682468427360457,0.16561138782022355,0.0,0.0,0.0,0.07777834018588636,0.08783304763433719
316,1,0,1,0.07180383769088398,4.0,10.394544498338941,16.851749583606086,0.2998872151417009,0.11688573187952224,3,0.9361456892982756,0.6746191895550449,0.16852701006654228,0.0,0.0,0.0,0.07743240894254977,0.09109460112399248
317,1,0,1,0.07195017517381212,4.0,10.55588437525353,16.87669004962696,0.28765689126007127,0.10322668331430147,3,0.8674376949840906,0.6811573520486256,0.1553362346811022,0.0,0.0,0.0,0.07338194328977757,0.08369720592828808
318,1,0,1,0.0717916855222283,4.0,10.737109534516916,16.861135791846408,0.27463635415960713,0.09105764707055886,3,0.8514852621048494,0.6858143606220122,0.15113744006524085,0.0,0.0,0.0,0.07812322260278519,0.0908064549809964
319,1,0,0,-0.16810233259082705,3.831897667409173,10.905865959510649,16.767330653769513,0.2619385101314505,0.08182633568928682,3,0.764907420075919,0.6899561331590831,0.13157493245657217,0.0,0.0,0.0,0.07618706416894003,0.08500192046044064
320,1,2,1,0.00679151768043423,3.838689185089607,11.082285898916743,16.84309206931725,0.2488042323295222,0.3166587724532844,3,0.9440112702858365,0.6918299153320041,0.1698110462275843,0.0,0.0,0.0,0.07880566681156939,0.09100537941601489
321,1,1,1,0.006854349049466706,3.845543534139074,11.251339902612937,16.892261696990122,0.44825110814566377,0.3022054185637068,3,0.9163580805749116,0.6981344492058499,0.16449019593404157,0.22554867250657462,0.0,0.0,0.07777007259657617,0.08672012333746541
322,1,0,0,-0.16836696986394392,3.67717656427513,11.438866160239382,16.999856558491757,0.43453377431401524,0.2859108029118515,3,0.9987111591181602,0.7035900399900764,0.180071696901023,0.0,0.0,0.0,0.08230400298989113,0.09776769391113187
323,1,0,1,0.07187905449594603,3.749055618771076,11.566583438066708,17.04146923075503,0.4225094656464678,0.27155992620735236,3,0.8802980180588795,0.7109680679682786,0.15825111223227975,0.0,0.0,0.0,0.07214585200528509,0.08610526022699468
324,1,0,1,0.07190536270694975,3.820960981478026,11.683392437172053,17.07380068158913,0.41071645453137595,0.2574700257095556,3,0.864341766659986,0.7152013167205435,0.15529746967733082,0.0,0.0,0.0,0.07075806669055046,0.08453940298678037
325,1,0,1,0.07163352365363111,3.892594505131657,11.858416353571108,17.167264656946077,0.3970606382405147,0.2414929853668386,3,0.9874177197250338,0.7189298279690296,0.17779713980146972,0.0,0.0,0.0,0.0819348977451675,0.0958622420563022
326,1,0,1,0.07182146331019268,3.9644159684418496,11.993618018832667,17.205513659874384,0.38453574628546017,0.22715187515926205,3,0.8990926934527909,0.7256420252629298,0.16119601297578637,0.0,0.0,0.0,0.07514935173032711,0.08604666124545925
327,1,0,1,0.07188278075885662,4.0,12.101033315437649,17.22709109321447,0.3727074412894001,0.21328427111735318,3,0.8589710219127432,0.7299782919676763,0.15417545422781367,0.0,0.0,0.0,0.07096982997636052,0.08320562425145316
328,1,0,1,0.07184381162310138,4.0,12.219799976271602,17.25717763299868,0.3604844154812477,0.1991658626563315,3,0.8820563108344682,0.7332031102163029,0.15804860561504458,0.0,0.0,0.0,0.07333815484891433,0.08471045076613026
329,1,1,1,0.0067921282660206115,4.0,12.350399193426728,17.292895410528754,0.48735078719016983,0.1848568972787761,3,0.9032414349169569,0.7369244402317571,0.16174906912431306,0.6629064928874863,0.0,5.551115123125783e-17,0.0758952768589807,0.08585379226533234
330,1,0,1,0.07148394767049941,4.0,12.536207291778446,17.398537862293537,0.4729195048964261,0.16835890449008373,3,1.032532915215389,0.7410823650988871,0.18557565049461694,0.0,0.0,0.0,0.08658769376246284,0.09898795673215413
331,1,0,1,0.07149628776015898,4.0,12.710832106597824,17.49654224022414,0.45868626691662967,0.15201557951842531,3,1.0209978216017799,0.7483686288517996,0.18345937770872855,0.0,0.0,0.0,0.08539942787877793,0.09805994982995064
332,1,1,1,0.006456569068161468,4.0,12.891028511492165,17.593681022986566,0.48548761470214075,0.135633207350967,3,1.0325195463273156,0.7551843586705491,0.18536854479190504,1.2521176014997786,0.0,5.551115123125783e-17,0.08707431178715531,0.09829423300474975
333,1,0,1,0.07140900321382282,4.0,13.071585594763278,17.695342325943262,0.4708227732070496,0.11904543332006134,3,1.0443361245897804,0.7621177383619683,0.18751569315598077,0.0,0.0,0.0,0.08798904897054664,0.0995266441854341
334,1,0,1,0.0717445130732991,4.0,13.168578238318794,17.713047443919486,0.4585354477393586,0.10494680221885465,3,0.8838709595494011,0.7691731980176637,0.15831573941338611,0.0,0.0,0.0,0.07372395280614602,0.08459178660724007
335,1,2,1,0.0067002273842887514,4.0,13.273980879922085,17.733567311211914,0.44596063938762853,0.34074474354836676,3,0.8979631509516752,0.7720406420559571,0.1606612021333083,0.0,0.0,0.0,0.07544885011038063,0.08521235202292765
336,1,0,1,0.07136372049734253,4.0,13.45440641162778,17.837770427515864,0.4310162816726984,0.3239780696335795,3,1.0598173527879933,0.77518870477835,0.19026618977830415,0.0,0.0,0.0,0.08966614628958094,0.1006000434887232
337,1,0,1,0.07166861207745286,4.0,13.55363367973207,17.86125680723965,0.4184050437271822,0.3095851122894084,3,0.905018068806668,0.7823044209785912,0.16202517173812395,0.0,0.0,0.0,0.07566742767309742,0.08635774406502651
338,1,0,1,0.07167648540003634,4.0,13.649286921480881,17.881748597708462,0.4058227258988539,0.29525963780681214,3,0.9015172943919167,0.7853722621742929,0.16144675386554713,0.0,0.0,0.0,0.07549390696996947,0.0859528468955777
339,1,1,1,0.006680137957480247,4.0,13.74175940663608,17.898642868154905,0.4874376459025846,0.2810420385543891,3,0.8976426435813776,0.7882758879797336,0.1606797200990306,0.9349363553931236,0.0,1.1102230246251565e-16,0.07537412458449212,0.08530559551453847
340,1,2,1,0.006682714079985701,4.0,13.824495893374248,17.916117497080357,0.47509136152440323,0.4640930208330747,3,0.8912211725333976,0.7910100568697748,0.15970230637039753,0.3160695062265769,0.0,5.551115123125783e-17,0.07407770626908841,0.08562460010130915
341,1,0,0,-0.16869286621708532,3.8313071337829148,13.997364070686253,18.019698369759276,0.45998931009264954,0.4472009903380423,3,1.0699643847522817,0.7935153347613653,0.191964491560717,0.0,0.0,0.0,0.09061230859052219,0.10135218297019478
342,1,0,0,-0.1682793578190405,3.663027775963874,14.059161414114266,18.022875518681087,0.4480357885490908,0.43323650149752707,3,0.8654010533609647,0.8004265610111382,0.15550806230444342,0.0,0.0,0.0,0.07172112926135217,0.08378693304309126
343,1,0,0,-0.16829455920886258,3.4947332167550114,14.124824144927903,18.02881082613738,0.4359433396308776,0.41919222555809776,3,0.873648961589817,0.8020509233198838,0.15682034914585413,0.0,0.0,0.0,0.0725546935092788,0.08426565563657533
344,1,0,0,-0.16825058020715486,3.3264826365478566,14.1726764723024,18.02428943804492,0.42430891014334843,0.40542505537510193,3,0.8471718135586663,0.8038408742766322,0.1524095980231505,0.0,0.0,0.0,0.06980657692517504,0.08260302109797543
345,1,0,0,-0.16833672663487587,3.1581459099129807,14.247536934422575,18.03889480685455,0.41188804063149737,0.3911419910145753,3,0.894389978688491,0.804924147758683,0.16022360323426618,0.0,0.0,0.0,0.074525217071107,0.08569838616315918
346,1,0,1,0.07170027530830358,3.2298461852212843,14.313375536771838,18.048076545566822,0.3996623867270015,0.37700169999714356,3,0.8821811345934585,0.8071607935319283,0.15819566953156544,0.0,0.0,0.0,0.073353923426975,0.08484174610459044
347,1,0,0,-0.16829288584279017,3.061553299378494,14.370894882836062,18.051327798126955,0.38762099436461317,0.36302422326394224,3,0.8698069006828222,0.8090363020584665,0.1561132145735385,0.0,0.0,0.0,0.07224835417432997,0.08386486039920853
348,1,0,1,0.0713268567915559,3.13288015617005,14.521647022211694,18.142223003598634,0.37279630134331554,0.346414098306909,3,1.05220291187139,0.8105555670240754,0.18860890786998494,0.0,0.0,0.0,0.08894815812778552,0.09966074974219943
349,1,0,1,0.07164655047682648,3.2045267066468766,14.592998721206854,18.154770377653104,0.36024170096053015,0.33211872280389915,3,0.9004958236948867,0.8165967506452582,0.16109985531477142,0.0,0.0,0.0,0.07532760229671252,0.0857722530180589
350,1,0,0,-0.16868411736344396,3.0358425892834324,14.740060953593158,18.239478632183086,0.3453669839363076,0.31565731577796513,3,1.0504647143877894,0.818694227471499,0.18801674430093926,0.0,0.0,0.0,0.08924830214533519,0.09876844215560408
351,1,0,1,0.07167286167567354,3.107515450959106,14.790283978589011,18.236132550015505,0.33326308298081864,0.30174973755506546,3,0.8713654324726745,0.8244884896444062,0.15606887507033237,0.0,0.0,0.0,0.07262340573293405,0.08344546933739834
352,1,0,1,0.0716189725150253,3.179134423474131,14.860326980197062,18.24559707003796,0.32057286473317387,0.2874932958336733,3,0.9051679348456146,0.8256604132151129,0.16167995981422117,0.0,0.0,0.0,0.07614130948586828,0.0855386503283529
353,1,0,1,0.07125312418148465,3.250387547655616,15.016102564214354,18.330611375862073,0.3052712200352255,0.27095996061524047,3,1.0684379910972863,0.8276481012558755,0.19100987949828707,0.0,0.0,0.0,0.09180986818769028,0.09920001131059679
354,1,0,1,0.07150184577211785,3.3218893934277336,15.1073249319171,18.352368275859078,0.2918280935464047,0.2562894572378362,3,0.9466471162016594,0.8336678485019108,0.1686817791973501,0.0,0.0,0.0,0.08065875893292464,0.0880230202644255
355,1,0,1,0.07127329093066424,3.3931626843583977,15.248239837248654,18.427942717156505,0.2767792787931432,0.23998880788501475,3,1.0529816768233835,0.8364923301944045,0.18809678463649823,0.0,0.0,0.0,0.0902928885195693,0.09780389611692891
356,1,0,1,0.07122567502331512,3.464388359381713,15.395420244659089,18.505016488331123,0.26144381872967165,0.22359691705086046,3,1.0661587424451846,0.841904563860129,0.19036410538575518,0.0,0.0,0.0,0.09201276038082942,0.09835134500492579
357,1,0,1,0.07125470288142197,3.535643062263135,15.529642206807257,18.56915298605527,0.24637703133425273,0.2075391631365546,3,1.0458693781970672,0.8475109183247554,0.18674724785834815,0.0,0.0,0.0,0.09040072437251312,0.09634652348583506
358,1,0,1,0.07145899292051379,3.6071020551836486,15.61456076916426,18.580142025933757,0.23277523363952599,0.19304247172721553,3,0.9483774820570546,0.8524698798215631,0.1685909346243955,0.0,0.0,0.0,0.08161078616836075,0.08698014845603477
359,1,0,1,0.07124573784561625,3.678347793029265,15.743211437016182,18.63828421168219,0.21772055548532435,0.17711384048546294,3,1.0416604234778095,0.8548675698774504,0.1858998563757249,0.0,0.0,0.0,0.09032806892520952,0.09557178745051535
360,1,0,1,0.07139517093003342,3.7497429639592985,15.84070795407809,18.65458831065245,0.20360246157636977,0.16242543803776802,3,0.9733380072496232,0.8595373912174593,0.17283897813989707,0.0,0.0,0.0,0.08470856345372768,0.08813041468616936
361,1,0,0,-0.1686482749030332,3.581094689056265,15.959691491261225,18.676707005623705,0.1888156538028745,0.14759600863409336,3,1.0034846387726561,0.8623824066182635,0.17769742306301947,0.0,0.0,0.0,0.08872084664097157,0.08897657642204793
362,1,0,0,-0.16880248096535574,3.4122922080909093,16.084403587922445,18.73691568769118,0.17363876136067521,0.13154272145583779,3,1.0508307411508198,0.8659099624221234,0.18738107772272933,0.0,0.0,0.0,0.09106135465319584,0.0963197230695335
363,1,0,1,0.07141011203871474,3.483702320129624,16.165414218668392,18.74471131210086,0.15977150250746772,0.117051562886955,3,0.9593392370459622,0.8705329818903407,0.1701505045325418,0.0,0.0,0.0,0.08320355311924504,0.08694695141329674
364,1,1,1,0.0064074207171968805,3.490109740846821,16.242486663298685,18.75188930060306,0.3959751537046559,0.10257397953020148,3,0.9570035714017283,0.8727531382692313,0.1696435929573917,0.0,0.0,0.0,0.08277809281687053,0.08686550014052118
365,1,2,0,-0.23344466769280453,3.2566650731540165,16.26057154719893,18.724179057177466,0.3837919924859412,0.3390381885157529,3,0.8652340395721886,0.8748593990975437,0.15431371339898015,0.0,0.0,0.0,0.07309896731228843,0.08121474608669171
366,1,0,1,0.0710948144684247,3.3277598876224412,16.400081414428545,18.8110523713854,0.3680069248244038,0.32210262938947326,3,1.1010019465469691,0.8746187651094097,0.19632376072690194,0.0,0.0,0.0,0.0947104059692245,0.10161335475767747
367,1,0,1,0.07146601172107551,3.399225899343517,16.438294751369654,18.807116264351016,0.3551182250690937,0.30782839288246483,3,0.9145555745520657,0.8802783446453488,0.16297761757391155,0.0,0.0,0.0,0.07733219853186063,0.08564541904205089
368,1,2,1,0.006089933771965242,3.4053158331154822,16.566247785675966,18.885918986287948,0.339534095796739,0.4830719773311147,3,1.087891031636262,0.8811352753930167,0.193943731233707,0.3480995377085222,0.0,5.551115123125783e-17,0.09350477563412828,0.10043895559957874
369,1,0,0,-0.1689355258001166,3.2363803073153656,16.697549907694068,18.967144655950893,0.32378455934516653,0.46619353650918266,3,1.098831960980146,0.8863041692990978,0.19576786364102666,0.0,0.0,0.0,0.09449721870943464,0.10127064493159202
370,1,1,1,0.006056301907880656,3.242436609223246,16.824551258676774,19.044914816993135,0.48427053663151837,0.4493708986206509,3,1.096388876116067,0.891617364091124,0.19528925344226536,0.4427307101708139,0.0,5.551115123125783e-17,0.09435342611107497,0.10093582733119041
371,1,0,1,0.0709891427738302,3.3134257519970762,16.961912304929697,19.134331104942355,0.46818432502369167,0.43207826076741157,3,1.1235139860938945,0.8967366518917477,0.20027309676639607,0.0,0.0,0.0,0.09651726964696,0.10375582711943607
372,1,1,1,0.006006729813416263,3.3194324818104923,17.080378219174,19.214998135083597,0.48433680800247864,0.41498760941668067,3,1.1015390296323488,0.9024060852468012,0.1965230600895128,1.3091059501421503,0.0,5.551115123125783e-17,0.09397915198512767,0.10254390810438516
373,1,0,1,0.07177528624335294,3.391207768053845,16.997735164428835,19.110384744861346,0.47437077027426455,0.40326818112862006,3,0.7201279638890196,0.90738440885644,0.1301127960976487,0.0,0.0,0.0,0.05979622636928483,0.07031656972836386
374,1,0,0,-0.1689837253517302,3.222224042702115,17.11289297486738,19.190542001850545,0.45877868351270007,0.38622092692416965,3,1.0980180651599976,0.9027029977322546,0.19583604579608932,0.0,0.0,0.0,0.09355252056938683,0.10228352522670249
375,1,0,1,0.07175805902642682,3.293982101728542,17.036554397806192,19.087814133391333,0.44859939302439594,0.3744709651817633,3,0.728519428897552,0.907585874417948,0.13157551338426254,0.0,0.0,0.0,0.061075742929824484,0.07049977045443806
376,1,2,1,0.0060205484532551675,3.300002650181797,17.15189905813166,19.167678873988756,0.4329895231615968,0.482988929283601,3,1.0983186142028267,0.9031092132799381,0.1957256434751889,0.74682579109058,0.0,5.551115123125783e-17,0.09365921917679498,0.1020664242983939
377,1,0,1,0.07100666303840938,3.371009313220206,17.26576299340686,19.24473015985478,0.4173447830547168,0.4660228318935063,3,1.0989046694442313,0.9079894483030103,0.19566502498184785,0.0,0.0,0.0,0.0938684406412799,0.10179658434056792
378,1,0,1,0.07142524196309431,3.4424345551833007,17.266588539806946,19.22231290307401,0.4049220431929675,0.4519442612752789,3,0.8911706184508597,0.912762328831541,0.1590078628798604,0.0,0.0,0.0,0.07453643917049563,0.08447142370936482
379,1,0,1,0.0709579317146672,3.513392486897968,17.39257795720304,19.302150295144486,0.38884988340100807,0.4348642834860728,3,1.1180493455386014,0.9122225360720239,0.1989128254869933,0.0,0.0,0.0,0.09643295875175688,0.10247986673523643
380,1,0,0,-0.1686365287302993,3.3447559581676685,17.408267907292792,19.285830509778744,0.37592373702830867,0.42060299461174405,3,0.9167383710326952,0.9173682063086883,0.16312461148216884,0.0,0.0,0.0,0.0775568782361967,0.08556773324597211
381,1,0,1,0.07099781917239688,3.4157537773400652,17.51419759495046,19.354367746128116,0.3603203780874488,0.4038305520683568,3,1.0918193844338246,0.9173524604267885,0.19425480890548313,0.0,0.0,0.0,0.09362015364515927,0.10063465526032389
382,1,2,1,0.005985370599538223,3.4217391479396033,17.617906610688912,19.418915583088108,0.3446996212019065,0.4833020850110558,3,1.0899709862254132,0.9217141335269644,0.19391203124691922,0.9229833124101409,0.0,5.551115123125783e-17,0.09372454131325356,0.10018748993366564
383,1,0,0,-0.16911161069254654,3.252627537247057,17.742626700921598,19.492624833935174,0.3284257002868705,0.46628999222522793,3,1.1243498959241731,0.9259205548444257,0.1997160822051824,0.0,0.0,0.0,0.09764352549021571,0.10207255671496669
384,1,0,1,0.07095051312209551,4.0,17.845367035078358,19.550954759203776,0.31265530297764704,0.44970982462752956,4,1.091951547796783,0.9308812883714193,0.19410338944153102,0.0,0.0,0.0,0.09462238385534084,0.09948100558619019
385,1,0,1,0.07153576053041784,4.0,17.801155009956076,19.461633158148157,0.3010669583106201,0.4373938117731713,4,0.8013744186791538,0.9349080448570534,0.14342614512831103,0.0,0.0,0.0,0.06953006800216165,0.07389607712614936
386,1,0,0,-0.168629309045958,3.831370690954042,17.796283098848853,19.418429905847844,0.2884348759357129,0.42381445218544184,4,0.8834945407950696,0.931569704202606,0.15726865177582053,0.0,0.0,0.0,0.07579249424944336,0.08147615752637713
387,1,1,0,-0.23369418832378663,3.5976765026302555,17.809910017787196,19.396061924026547,0.48687104183720376,0.4096732899806515,4,0.9216267622344578,0.9303678251174176,0.1636207222055196,0.23060925561427736,0.0,5.551115123125783e-17,0.07877374897677761,0.08484697322874198
388,1,2,1,0.006623946196991068,3.6043004488272468,17.737158910079483,19.304073423311117,0.476127128290992,0.4878079870610073,4,0.7654096901222036,0.9301492985453435,0.13761555891122568,0.958039739883909,0.0,5.551115123125783e-17,0.06446348127727013,0.07315207763395555
389,1,2,1,0.006472126967756498,3.610772575795003,17.70597456345923,19.26011981155648,0.4642787673084525,0.4864998420046492,4,0.8508928499598719,0.926030808334765,0.1520911138673421,1.4268479223660446,0.0,5.551115123125783e-17,0.07109016589523712,0.08100094797210494
390,1,0,0,-0.16908476830725552,3.4416878074877477,17.815072631404448,19.34486320160655,0.4483915309328735,0.4692359775976785,4,1.117993817370686,0.9241523593753926,0.19890660469529772,0.0,0.0,0.0,0.09532341825347415,0.1035831864418236
391,1,0,0,-0.16852039651172726,3.2731674109760203,17.779846321399468,19.29299990781542,0.4365977865012846,0.4559423716743268,4,0.8419087920291648,0.928998395825275,0.15052410212964357,0.0,0.0,0.0,0.07076246658953336,0.07976163554011023
392,1,0,1,0.0717649543048714,3.3449323652808918,17.665528659956713,19.189650245405666,0.42702022179181437,0.44416178126740746,4,0.7091538318778651,0.9268211557303723,0.12814893069833816,0.0,0.0,0.0,0.057465388256821785,0.07068354244151638
393,1,0,1,0.07091718092531762,3.4158495462062093,17.783762806421993,19.276692075773973,0.4109071861101598,0.4268838200475582,4,1.12665544946764,0.9213794726340596,0.2003459814090218,0.0,0.0,0.0,0.0966782140899269,0.10366776731909494
394,1,0,1,0.07173155886571765,3.4875811050719268,17.685519450487654,19.17144096938852,0.40089450185295156,0.4151773450320851,4,0.7230169097351065,0.9265113720548991,0.13031495563608833,0.0,0.0,0.0,0.060076105543249554,0.07023885009283878
395,1,1,1,0.005955562613014238,3.493536667684941,17.795449381146728,19.251579751978532,0.48409884764207406,0.3981429423859224,4,1.1114927237459922,0.9214240104969043,0.19761333002453196,0.9053670111177093,0.0,5.551115123125783e-17,0.09540691414755569,0.10220641587697626
396,1,0,1,0.07089322786858518,3.564429895553526,17.913437421715898,19.340790491324523,0.46788688140916634,0.3807537363433085,4,1.1333745082432913,0.9261757283281316,0.20160703365312937,0.0,0.0,0.0,0.09727179739744603,0.10433523625568338
397,1,0,0,-0.16869209599143098,3.395737799562095,17.922343552057583,19.33383312607853,0.45480149918123075,0.36618398662599233,4,0.9333044629217064,0.9313556978260105,0.1659307916715113,0.0,0.0,0.0,0.07851229336761391,0.08741849830389742
398,1,0,0,-0.16850138032746415,3.227236419234631,17.879659938572804,19.277736013816245,0.4431684258972602,0.3530440791868979,4,0.8326236912063372,0.9314044169534028,0.14863788433839012,0.0,0.0,0.0,0.06979843970382367,0.07883944463456644
399,1,2,0,-0.2340402900639448,2.9931961291706863,17.976556339326862,19.352804187908813,0.4275171864251237,0.4830189818327672,4,1.1008994736563542,0.9289348988097264,0.19579354583621542,0.6182644751213872,0.0,0.0,0.09390743683281852,0.10188610900339684
400,1,1,1,0.006658667232416633,2.999854796403103,17.889515277685362,19.25754038453715,0.4895260287437779,0.47094933124046184,4,0.7509291481677296,0.933234013180892,0.13526173109116477,1.0651031185507425,0.0,5.551115123125783e-17,0.06284382753733281,0.07241790355383197
401,1,1,1,0.0068634164042390144,3.006718212807342,17.741267981311726,19.138850062718493,0.4913105108570208,0.45963399999658344,4,0.6617387733632634,0.9286763915555629,0.12002892232114537,1.4371561724626671,0.0,5.551115123125783e-17,0.05213693485787477,0.06789198746327059
402,1,0,1,0.0716952107529209,3.078413423560263,17.65427586786477,19.049333369901763,0.48102217658118634,0.4475225693033955,4,0.7454941448370721,0.9220029511007555,0.13439858981413533,0.0,0.0,0.0,0.06173000565500744,0.07266858415912789
403,1,1,0,-0.23272780063908835,2.8456856229211747,17.46566162795144,18.86310180272158,0.49260128678754905,0.4384880438263911,4,0.5427444238506545,0.9175902309441634,0.09859943213673245,1.3861330594871175,0.0,0.0,0.04439227927470578,0.05420715286202665
404,1,0,1,0.07172893715095927,2.917414560072134,17.385385258803687,18.786160367323326,0.4823022781701809,0.4262274593851962,4,0.7510012812208193,0.9082190857668255,0.1353575583513776,0.0,0.0,0.0,0.06179405170420848,0.07356350664716914
405,1,0,1,0.07101199912083594,2.9884265591929697,17.499313709481086,18.886308948445375,0.4665351528492058,0.40882429432158535,4,1.11836567245262,0.9042886406531756,0.19902174230751607,0.0,0.0,0.0,0.0946027519258509,0.10441899038166519
406,1,0,1,0.07098226885562733,3.059408828048597,17.61424030482104,18.983446503729436,0.4506485357927805,0.39145629285292366,4,1.1217047170721735,0.9096405664481616,0.19952771115052156,0.0,0.0,0.0,0.09531970233855178,0.10420800881196979
407,1,0,0,-0.16901983559020226,2.8903889924583948,17.725861136678436,19.07476558104487,0.4347762402678437,0.37418997673659865,4,1.1178820793865922,0.9149421702137619,0.1988316698475709,0.0,0.0,0.0,0.0952337731496206,0.10359789669795029
408,1,0,0,-0.16834637450584516,2.7220426179525496,17.663818401237073,19.003132547238884,0.42381036420084445,0.3616802774610637,4,0.7863398986957313,0.9200156679430826,0.14085345205520575,0.0,0.0,0.0,0.0657952564019959,0.07505819565320981
409,1,0,1,0.07099962217920319,2.793042240131753,17.770170346952206,19.09067484368421,0.4080568174550938,0.3445037669805169,4,1.1105680158723588,0.9166737737118988,0.19758034335778454,0.0,0.0,0.0,0.09452128047450392,0.10305906288328062
410,1,0,0,-0.1684506890190989,2.624591551112654,17.73162784294804,19.053211811755837,0.39641607194333406,0.3310072692443899,4,0.845515593833374,0.9215211297659105,0.15082345948732045,0.0,0.0,0.0,0.06984447307055838,0.08097898641676209
411,1,0,1,0.07169961534997207,2.696291166462626,17.65398659104966,18.97341057354744,0.3858804288421082,0.31874381147702674,4,0.7621785012608204,0.919620991367597,0.13679460521153414,0.0,0.0,0.0,0.06321385860735534,0.07358074660417882
412,1,0,1,0.07102749441741285,2.7673186608800386,17.756425931370273,19.056558687060864,0.3702459017522331,0.30174897693665076,4,1.101272382948963,0.9156849291149276,0.19577616978150608,0.0,0.0,0.0,0.09380716253925046,0.10196900724225563
413,1,1,0,-0.23401478585054247,2.533303875029496,17.864398329350703,19.13861127657976,0.48412103448235594,0.2847372220078126,4,1.1103496029601023,0.9203246154607785,0.1973443226788933,0.7214754105133987,0.0,5.551115123125783e-17,0.09527379310586419,0.10207052957302912
414,1,0,1,0.0709641035005232,2.6042679785300193,17.96983183854428,19.225544188841212,0.46826294911006144,0.26746130877746016,4,1.1174416616032898,0.9250752401482616,0.1988039916158816,0.0,0.0,0.0,0.095148512233767,0.10365547938211461
415,1,2,1,0.005928076082949402,2.6101960546129686,18.08189513469369,19.31010738260922,0.45214363887974907,0.482750007684134,4,1.1265108906020596,0.9298844006846373,0.20021581527707064,0.10476785266476096,0.0,0.0,0.09671586138187452,0.10349995389519612
416,1,0,1,0.07089288378463829,2.6810889383976066,18.1887448593587,19.39824423465806,0.4361236205270705,0.46531874719370464,4,1.1297866396464207,0.934800062932573,0.20070767305864695,0.0,0.0,0.0,0.09612011011607105,0.1045875629425759
417,1,1,1,0.006766540865909907,2.6878554792635168,18.061942755963386,19.284673893466685,0.4905113263242273,0.4537535514268367,4,0.6993022827637319,0.939674727350419,0.12632321665584373,1.116741723162423,0.0,5.551115123125783e-17,0.05693204205463613,0.06939117460120758
418,1,0,1,0.07154917379940148,2.7594046530629184,18.00615034451018,19.23795490006965,0.4791547273734171,0.4403687872176852,4,0.8311540113855096,0.9336654162357518,0.1484481789597707,0.0,0.0,0.0,0.06813959370486161,0.08030858525490905
419,1,1,1,0.006937972132109425,2.7663426251950276,17.839927105723525,19.107608544871503,0.4917490766169415,0.42942206945621525,4,0.6345330371296953,0.9311026311144958,0.1151858468671709,1.3749283642405021,0.0,5.551115123125783e-17,0.04950554029835082,0.0656803065688201
420,1,1,1,0.0059081803854268596,2.7722508055804544,17.958629840460063,19.20439030384107,0.4837940302388586,0.41187572223695357,4,1.139172884970978,0.9236883912648758,0.20251390188241777,1.4504944597016491,0.0,5.551115123125783e-17,0.09723581856684792,0.10527808331556984
421,1,1,0,-0.23407523590136212,2.538175569679092,18.066741917028995,19.293880642797657,0.48401373914355866,0.39448500642740675,4,1.1266779191330483,0.9290755036075282,0.20026185999592883,1.402764181433152,0.0,5.551115123125783e-17,0.0959175651386478,0.10434429485728106
422,1,1,1,0.006872426426026927,2.545047996105119,17.921375053101805,19.17042067404912,0.491137622650006,0.38329472126537195,4,0.6651887313199438,0.9340155639956663,0.12031597507217258,1.404082434861352,0.0,5.551115123125783e-17,0.05317426409996401,0.06714171097220857
423,1,0,1,0.07156754496870789,2.616615541073827,17.867906404183138,19.125264193365737,0.4798045958054821,0.3699552790143321,4,0.828669763576718,0.9272948931787732,0.14803481457338244,0.0,0.0,0.0,0.06799816106714329,0.08003665350623915
424,1,0,1,0.07157082072321957,2.6881863617970465,17.818842797188513,19.082671148397246,0.4683955123709787,0.3565678841276229,4,0.8331726129756072,0.9248292649387219,0.1487788699272764,0.0,0.0,0.0,0.06845450060702081,0.08032436932025559
425,1,2,1,0.006796124705507507,2.6949824865025542,17.704291024715854,18.981360395474603,0.45882658476171606,0.4883008074033864,4,0.7066753232443441,0.922537848639644,0.1276087212352569,0.6394073047657372,0.0,5.551115123125783e-17,0.05741356565557555,0.07019515557968137
426,1,1,0,-0.23320038798113488,2.4617820985214194,17.59381389760442,18.87943623439427,0.4903979231640032,0.4767196160622051,4,0.7047399973129991,0.9171412855047616,0.12709960906306866,1.2529595085702965,0.0,5.551115123125783e-17,0.057612461015980984,0.06948714804708768
427,1,1,1,0.006745932970154995,2.4685280314915743,17.50465086672363,18.795475930310772,0.48987100026172864,0.46464883157668685,4,0.7387079183356744,0.9118312532999674,0.13319870534273773,1.4423875389840188,0.0,5.551115123125783e-17,0.06077399842962828,0.07242470691310944
428,1,1,1,0.00597086979352335,2.4744989012850978,17.627613998898084,18.901796183797863,0.4839169157139633,0.4470524357419506,4,1.1367865555874044,0.90750316992586,0.20207688072463834,1.4392260015703717,0.0,5.551115123125783e-17,0.09649850571622036,0.10557837500841794
429,1,1,1,0.005942451981677663,2.4804413532667753,17.75481212018229,19.005249088728277,0.483714367231278,0.4294670094964091,4,1.1438862807820178,0.9132352545673988,0.20322635408558049,1.4035014942837796,0.0,0.0,0.09771379661233173,0.10551255747324875
430,1,1,0,-0.23406454999263201,2.2463768032741434,17.87430772360983,19.104111099944713,0.4838366481194513,0.4119355042954865,4,1.1373591448667442,0.9190015302227643,0.20216914248882795,1.4022862033876682,0.0,5.551115123125783e-17,0.09698011128329229,0.1051890312055356
431,1,2,0,-0.2334094014229147,2.0129674018512285,17.82085428874331,19.060805045767985,0.47255040648777896,0.4866490342041269,4,0.8277009815456122,0.9244604705888636,0.14782324456527224,0.971613025772919,0.0,0.0,0.06771744979003386,0.08010579477523841
432,1,1,1,0.0059282579446852095,2.0188956597959136,17.938287501685352,19.15926619683892,0.483877472979871,0.46906971457124075,4,1.137935847375764,0.9220414833627824,0.20221107991809137,1.3353024389266737,0.0,1.1102230246251565e-16,0.0967351621207739,0.10547591779731749
433,1,1,1,0.005942398517306891,2.0248380583132204,18.041906889367013,19.24972332405102,0.4841990589798977,0.45164694797455246,4,1.121515357356863,0.9274388424631069,0.19934224570074335,1.4032648378792258,0.0,0.0,0.09480564612061412,0.10453659958012926
434,1,1,1,0.0066788335311778945,2.031516891844398,17.947734062316403,19.1656262978114,0.48973132245220335,0.4393418600386832,4,0.7540209020452188,0.9322907553354508,0.13544259290199476,1.4051943538793858,0.0,5.551115123125783e-17,0.06161206528677933,0.07383052761521541
435,1,1,1,0.00588903488923121,2.0374059267336295,18.071212500546114,19.264580986817393,0.48361650730371203,0.421693444572013,4,1.1502671362389039,0.927834009003195,0.20419144897774888,1.4383879347132207,0.0,5.551115123125783e-17,0.09830095617772724,0.10589049280002161
436,1,1,1,0.005929171016124015,2.0433350977497535,18.177553242782587,19.349797900498228,0.4840246181755334,0.40437621975318083,4,1.1249524931013937,0.9333948371840878,0.19975563985979244,1.4016990438222725,0.0,5.551115123125783e-17,0.09585229094679941,0.10390334891299306
437,1,1,0,-0.23286985198233556,1.810465245767418,17.965555609559555,19.170327012372383,0.49294601595866183,0.3948025003446234,4,0.5467152572331438,0.9381837785820204,0.09976622069937283,1.4041477090532006,0.0,5.551115123125783e-17,0.042323904248028524,0.057442316451344295
438,1,1,0,-0.23273868879232693,1.5777265569750911,17.770896741283927,18.980628904067522,0.49259946872850535,0.38579172485738883,4,0.5440400889678095,0.9283970655482985,0.09846784055237498,1.4576760957519714,0.0,0.0,0.04440318762896778,0.0540646529234072
439,1,1,1,0.005968035707272519,1.5836945926823636,17.88371738319802,19.078413330951207,0.48405826696219334,0.3682679296732296,4,1.129393209931567,0.9187881411337864,0.20079316933179614,1.4555968123710321,0.0,5.551115123125783e-17,0.09565039822684022,0.1051427711049559
440,1,1,1,0.00713105415560453,1.590825646837968,17.68011596772429,18.91138094040648,0.4929324036725984,0.3585189734018626,4,0.5534194618352708,0.9240532678537308,0.10089931559261169,1.4043496017731596,0.0,5.551115123125783e-17,0.04240557796440981,0.058493737628201876
441,1,1,0,-0.23270868161681638,1.3581169652211516,17.49154253045366,18.72555689877663,0.49263548545410235,0.34955503921196446,4,0.5403899438027915,0.9147874227032693,0.09797069241477441,1.4575944220355903,0.0,5.551115123125783e-17,0.04418708727538567,0.05378360513938875
442,1,2,1,0.006776245651667731,1.3648932108728193,17.40824803610267,18.661747089799242,0.48245352905954514,0.48751364078486903,4,0.7583231824023735,0.9054274857307575,0.13600989365812924,0.5973302352717867,0.0,5.551115123125783e-17,0.061091738367343794,0.07491815529078544
443,1,0,1,0.07095921674652711,1.4358524276193465,17.5361513195531,18.776133054222818,0.4663552232524401,0.4697257512681519,4,1.1440391260215557,0.9017498781475478,0.2033171719429332,0.0,0.0,0.0,0.09658983484262994,0.10672733710030323
444,1,1,1,0.005973436926989281,1.4418258645463358,17.654698156057528,18.882648467100104,0.48407340199859145,0.45208755222233465,4,1.1328693587261072,0.907807109344398,0.20138878228335455,1.2981313395146405,0.0,5.551115123125783e-17,0.09555958800845105,0.10582919427490352
445,1,1,1,0.006693168083777151,1.448519032630113,17.57757014369786,18.82074048193467,0.48952612539537405,0.43942713272580963,4,0.7743976680538438,0.9134336655789408,0.13880576460690522,1.404440411991549,0.0,1.1102230246251565e-16,0.06284324762775526,0.07596251697915
446,1,1,1,0.0068763972243339536,1.455395429854447,17.44617184501152,18.714038400632763,0.49110553636296633,0.4280435469612566,4,0.6718573856525646,0.9099577656408133,0.12166829640952055,1.4371567523722448,0.0,5.551115123125783e-17,0.053366781822202315,0.06830151458731824
447,1,1,1,0.006967080665378362,1.4623625105198252,17.306875144737212,18.599888161582406,0.49143693249861653,0.4169990332703056,4,0.6505583168164464,0.9040052561411072,0.11764548715400688,1.4466332181777974,0.0,1.1102230246251565e-16,0.05137840500830083,0.06626708214570606
448,1,1,1,0.006040785609341685,1.4684032961291669,17.423862020425055,18.707098740682788,0.4842749529876851,0.39946184910438176,4,1.121866537446212,0.8976690826579905,0.19957338706943206,1.4486215949916992,0.0,5.551115123125783e-17,0.09435028207388926,0.1052231049955428
449,1,1,1,0.006999200895662732,1.4754024970248296,17.27285329170793,18.58723241164531,0.4917681800350211,0.3885700424802571,4,0.6323989612730911,0.9032740190276962,0.11474175953462194,1.4056497179261105,0.0,0.0,0.049390919789873686,0.06535083974474827
450,1,1,1,0.006791632185493907,1.4821941292103236,17.193304453890985,18.523902362374184,0.48987080436942804,0.3761655005813627,4,0.7536232554957669,0.8965021425838309,0.13520242517679765,1.4506090802101264,0.0,5.551115123125783e-17,0.06077517378343182,0.07442725139336584
451,1,1,1,0.006735341773364066,1.4889294709836876,17.129010393867148,18.478362683292524,0.4894791543903155,0.36327636747107245,4,0.783096431301131,0.8929301704066293,0.1404598723198489,1.4392248262165679,0.0,0.0,0.06312507365810731,0.0773347986617416
452,1,1,0,-0.23326296657532056,1.255666504408367,17.072023727519053,18.43478390968733,0.48933312323636846,0.350370488649059,4,0.7896188869756998,0.8901843269289919,0.14143653351387017,1.4368749263418925,0.0,5.551115123125783e-17,0.06400126058178923,0.07743527293208097
453,1,1,1,0.006015237718296789,1.2616817421266637,17.209165354351978,18.55443249497283,0.4838461473810431,0.33261889962041497,4,1.1444604030485834,0.8876701909301596,0.20343264988560583,1.4359987394182105,0.0,5.551115123125783e-17,0.09692311571374157,0.10650953417186429
454,1,1,1,0.007387017949448147,1.269068760076112,16.985760990150442,18.37376454864049,0.4939587952554241,0.32374050279417177,4,0.49001763569924645,0.8940899462331202,0.08951760942491452,1.4030768842862584,0.0,5.551115123125783e-17,0.03624722846745529,0.05327038095745923
455,1,1,1,0.00687685002369577,1.2759456100998077,16.896740969820492,18.303268619124687,0.4903281358318536,0.31170188336342486,4,0.7244721886240184,0.8839881384697733,0.1302629015933597,1.4637527715325447,0.0,5.551115123125783e-17,0.058031185008878515,0.07223171658448119
456,1,1,1,0.006085100691693109,1.2820307107915008,17.0307939890581,18.420304407705096,0.4840562081911733,0.2941208608673482,4,1.1310890475416457,0.8800002397236295,0.20114888582942056,1.4419688149911214,0.0,5.551115123125783e-17,0.09566275085296018,0.10548613497646037
457,1,1,0,-0.23322987423389463,1.0488008365576063,16.97837880937358,18.381702397615292,0.4892634455993509,0.28113839818826253,4,0.7952602701447556,0.8862774599190799,0.1423141024784077,1.4043372491470398,0.0,5.551115123125783e-17,0.06441932640389429,0.07789477607451342
458,1,1,1,0.006036996829481337,1.0548378333870876,17.11498424706169,18.499473495559755,0.483919788034262,0.2634884281324879,4,1.1383785658072996,0.8840020301747218,0.20238109212907565,1.4355806735961056,0.0,5.551115123125783e-17,0.09648127179442782,0.10589982033464782
459,1,1,0,-0.23394120741488938,0.8208966259721981,17.239969546509446,18.6088958645758,0.4841562211162436,0.24598161006924857,4,1.1247691120293295,0.8903614435655363,0.20010358168197417,1.4035187282055719,0.0,5.551115123125783e-17,0.09506267330253826,0.10504090837943589
460,1,1,0,-0.23312749056879267,0.5877691354034055,17.143225754160774,18.53061762938911,0.4903665680817835,0.23404676065121421,4,0.7211996077417698,0.8962216352771311,0.1294096880175048,1.4049373266974619,0.0,5.551115123125783e-17,0.0578005915092987,0.0716090965082061
461,1,1,1,0.0071139636241648475,0.5948830990275703,16.983906327798582,18.392965462268165,0.4922018111567919,0.2238894759597645,4,0.5948744911056156,0.8918460845887469,0.10773284120794707,1.4421994084907013,0.0,5.551115123125783e-17,0.046789133059248596,0.06094370814869848
462,1,1,1,0.006042457865159477,0.6009255568927298,17.12049126574216,18.50801504649115,0.4839170807873461,0.20632679939543674,4,1.1360563169182292,0.8844217947516688,0.20187357466189024,1.453210866940751,0.0,0.0,0.09649751527592355,0.1053760593859667
463,1,1,1,0.006046271863403961,0.6069718287561338,17.248105129874894,18.617824947232315,0.4840784600445603,0.18881691916863766,4,1.1281364226797304,0.8907126578058326,0.20058852109343245,1.4035024847240765,0.0,0.0,0.09552923973263816,0.10505928136079429
464,1,1,1,0.007339673649031011,0.6143115024051647,17.036792137224808,18.42727996489598,0.49357661955544424,0.18018617201524012,4,0.49479027694126454,0.8966482519276802,0.09032476558772014,1.4044707602673618,0.0,0.0,0.03854028266733467,0.05178448292038548
465,1,1,1,0.007683841642381048,0.6219953440475458,16.791414652111534,18.219123545783226,0.4947568314110978,0.17222709321189308,4,0.43306789832699044,0.8866018025530198,0.07921348435349548,1.4614597173326653,0.0,5.551115123125783e-17,0.03145901153341324,0.047754472820082244
466,1,1,1,0.006056715542283263,0.628052059589829,16.937190192865078,18.3420803822614,0.48378072821043544,0.15455377478293922,4,1.143995832179086,0.875263454947369,0.2033555413111105,1.4685409884665868,0.0,5.551115123125783e-17,0.09731563073738755,0.10603991057372293
467,1,1,1,0.006056782812883502,0.6341088424027125,17.075736109544522,18.45815596119753,0.4838827798603957,0.13700222529376851,4,1.136603259993737,0.881981764378162,0.20201261777265042,1.4026843692626123,0.0,0.0,0.09670332083762613,0.10530929693502429
468,1,1,1,0.006053233582611089,0.6401620759853236,17.206924771976276,18.569320710878998,0.4839889772288708,0.11950228986966725,4,1.130700713881769,0.8883473017685514,0.20106574917138276,1.403296679162374,0.0,5.551115123125783e-17,0.09606613662677504,0.10499961254460767
469,1,0,1,0.07105943102370137,0.711221507009025,17.33212640808956,18.67456853464605,0.4680600724983837,0.10208851338935572,4,1.1248555969517235,0.8944061370713817,0.20005608726479165,0.0,0.0,0.0,0.09557342838292254,0.10448265888186911
470,1,0,1,0.07107026593925996,0.7822917729482849,17.447445324637325,18.772091556470812,0.4523243005827006,0.0848233801824358,4,1.113009311940914,0.9001673735683904,0.19800543073561805,0.0,0.0,0.0,0.09441463149409862,0.10359079924151944
471,1,0,1,0.07171778289746417,0.854009555845749,17.394848633915487,18.725600633980303,0.44128284190560607,0.07190813673671627,4,0.8064008088153576,0.9054884220277035,0.14374021273688473,0.0,0.0,0.0,0.06624875206256746,0.07749146067431728
472,1,1,1,0.00765816323076539,0.8616677190765144,17.137994237094926,18.49649543584971,0.4948059100453986,0.06441093943965133,4,0.4170516367462398,0.9030112316973948,0.07614772350999799,1.147697051433636,0.0,0.0,0.0311645397276084,0.04498318378238957
473,1,0,0,-0.16796935963186224,0.6936983594446522,17.009853957892233,18.389716759510144,0.4860822364088402,0.053416335235245,4,0.6559432862813588,0.8908622418236158,0.11830966704578855,0.0,0.0,0.0,0.052342041819350545,0.06596762522643801
474,1,0,1,0.07228481075255533,0.7659831701972075,16.826627491094122,18.22461233208701,0.4790105104244538,0.044207954504871784,4,0.5366583737138112,0.8849892679350595,0.09768064028855761,0.0,0.0,0.0,0.04243035590631829,0.0552502843822393
475,1,0,1,0.07112886702473989,0.8371120372219474,16.955722657162514,18.30773011831672,0.4632211268728459,0.02805777610748735,4,1.0884939478776314,0.8762809955795283,0.19163737169395387,0.0,0.0,0.0,0.09473630130964733,0.10419140026807648
476,1,0,0,-0.16785831823361738,0.66925371898833,16.80751306284968,18.04442894552178,0.4552165150846788,0.023067179970147927,4,0.4700755522792083,0.8815863193869808,0.07797124755303869,0.0,0.0,0.0,0.04802767072900215,0.06212631482147003
477,1,2,1,0.0073019901956728524,0.6765557091840029,16.6353444943469,17.897015569406875,0.44799595064583886,0.2635819080037145,4,0.5517166055915999,0.8712985502092865,0.10023501843164051,0.0,0.0,0.0,0.043323386633039924,0.05691163179860059
478,1,0,0,-0.16888131490922997,0.5076743942747729,16.77114924308525,18.02643979542193,0.43217946028824045,0.2458933594786723,4,1.1285379763472485,0.8633090015938444,0.20103023329584405,0.0,0.0,0.0,0.094898942145591,0.10613129115025306
479,1,1,1,0.006094341907754073,0.5137687361825269,16.907427064957094,18.152487027362625,0.4840785589559153,0.2282210467706118,4,1.1322647797752186,0.8699397259626795,0.20156252251287135,1.0930767617294426,0.0,0.0,0.09552864626450813,0.10603387624836322
480,1,2,1,0.0060268811336291325,0.5197956173161561,17.052186800147496,18.28167385958299,0.4678110547966541,0.4546864457832453,4,1.1504444197187622,0.876497852307993,0.20467139513957586,0.03414123574019079,0.0,0.0,0.09760502495556746,0.10706637018400839
481,1,1,1,0.005996007451498867,0.525791624767655,17.190048576978704,18.408048770634878,0.4838726327455413,0.43681809113191555,4,1.1475832043763528,0.8833465164932623,0.20397433143473023,1.3068663287799245,0.0,1.1102230246251565e-16,0.09676420352675195,0.10721012790797828
482,1,1,1,0.006630520046664583,0.5324221448143195,17.150198505299773,18.384031678868944,0.48879421541646223,0.423397663139603,4,0.826085270245478,0.8899524336903395,0.1477572754551025,1.4032357964732478,0.0,5.551115123125783e-17,0.0672347075012266,0.08052256795387591
483,1,1,1,0.006927955324168693,0.5393501001384882,17.029312629846345,18.2840912772319,0.4911213709022407,0.41216674688182525,4,0.6675294775137512,0.888355754604218,0.1206572721332218,1.4327652924987733,0.0,5.551115123125783e-17,0.05327177458655591,0.06738549754666591
484,1,0,1,0.07166158577049059,0.6110116859089787,16.99031737167116,18.262482049895237,0.4800120914200798,0.39875970473253264,4,0.822230612165102,0.8828350976769562,0.14709792978872072,0.0,0.0,0.0,0.06665567689296525,0.08044225289575546
485,1,1,1,0.007193038002681546,0.6182047239116603,16.811558766535235,18.11463208474361,0.4928593838362498,0.3890767734409009,4,0.5547114152516094,0.8813199855391599,0.10094128473229196,1.3800725485204788,0.0,5.551115123125783e-17,0.04284369698250149,0.058097587749790486
486,1,1,1,0.006790154576998867,0.6249948784886591,16.74722100269185,18.074400980809365,0.4897543399716755,0.3763310489989715,4,0.7685859035043429,0.8731547712819712,0.1379483068215229,1.4571563030174985,0.0,5.551115123125783e-17,0.06147396016994665,0.07647434665157624
487,1,0,0,-0.16831072062478583,0.4566841578638733,16.714104861537226,18.059742796102007,0.4786583196186056,0.362862678497533,4,0.8227662237255475,0.8705405495875305,0.14738634512705134,0.0,0.0,0.0,0.06657612211841978,0.08081022300863157
488,1,2,1,0.006061543981029731,0.462745701844903,16.85209274200482,18.190120617600673,0.4627465295502035,0.48215169498151206,4,1.137711893407237,0.8693461914409808,0.20256057052134063,0.6771760709851978,0.0,5.551115123125783e-17,0.09547074041041287,0.10708983011092776
489,1,1,1,0.005988321403887804,0.4687340232487908,16.99832110536495,18.32271477217294,0.483776912396027,0.4641618314209703,4,1.1548778519225413,0.8760553339901374,0.20527770698708836,1.2764791773012205,0.0,5.551115123125783e-17,0.09733852562383762,0.10793918136325074
490,1,2,1,0.005973881067689719,0.4747079043164805,17.141173311312993,18.450528474365044,0.4675497026575557,0.4820585103400334,4,1.1536918050785865,0.8830258969384475,0.2050121963906275,1.2849709885258214,0.0,5.551115123125783e-17,0.09736325843082821,0.10764893795979932
491,1,1,1,0.00595967714655071,0.48066758146303123,17.27864577722349,18.57478255661391,0.48383529854747476,0.46412561308888817,4,1.1515190928013137,0.8897925446419508,0.20458559222202222,1.3052982159453341,0.0,5.551115123125783e-17,0.0969882087151509,0.10759738350687129
492,1,1,1,0.006576713784578344,0.4872442952476096,17.247353134333068,18.553392287728038,0.4884985162412079,0.4505273048322728,4,0.8436527965696458,0.896335708345935,0.1505987520924453,1.403011791284849,0.0,5.551115123125783e-17,0.0690089025527528,0.0815898495396925
493,1,2,1,0.0064971147810652455,0.49374141002867483,17.239978078868532,18.553577294679947,0.4763438233906645,0.4857405621787312,4,0.8878285870388967,0.8950186355515277,0.1584847840308728,1.2031638289936368,0.0,1.1102230246251565e-16,0.07292815710326012,0.0855566269276127
494,1,1,1,0.0068366574627286925,0.5005780674914035,17.131541355707732,18.463102257453645,0.49071283349331934,0.47413331207169235,4,0.6959271239516139,0.894838884338712,0.12536649968231703,1.358062940343987,0.0,5.551115123125783e-17,0.055722999040084015,0.069643500642233
495,1,0,1,0.07154742395299281,0.5721254914443964,17.111424393399044,18.45172297334538,0.47898677394968203,0.46031880865236063,4,0.8583698439120802,0.8898660903290345,0.15324337777781386,0.0,0.0,0.0,0.07035635726182381,0.08288702051599005
496,1,0,1,0.07164630961663072,0.6437718010610272,17.067770298592716,18.420092995009576,0.4679469412533878,0.44711625886478173,4,0.8137946110264773,0.8890786841686107,0.14545429490323863,0.0,0.0,0.0,0.0662389961777652,0.07921529872547341
497,1,2,1,0.006679075836877147,0.6504508768979043,17.019220631839953,18.385585513623194,0.45708640475884993,0.48686171359191627,4,0.8041394342009144,0.8871965823400574,0.14399293741572933,1.1826975531886907,0.0,5.551115123125783e-17,0.06516321896722703,0.07882971844850228
498,1,0,0,-0.16839733367796295,0.4820535432199413,16.995964747538192,18.371466479516613,0.44554005844593164,0.473159768510165,4,0.8477452352282338,0.8851201536365788,0.1514897483680172,0.0,0.0,0.0,0.06927807787751007,0.08221167049050714
499,1,0,1,0.07160966713341092,0.5536632103533522,16.969290454087993,18.355705973192272,0.4341093405639562,0.4595119302567432,4,0.8417509809018284,0.8841857806763702,0.15047133681238428,0.0,0.0,0.0,0.06858430729185276,0.08188702952053152
500,1,0,1,0.07105101579219394,0.6247142261455462,17.09542670841733,18.47212330631199,0.41838126499233125,0.4418856376788756,4,1.1256784981310664,0.8831249106820066,0.20012620889695526,0.0,0.0,0.0,0.09436845342974991,0.10575775546720537
501,1,0,1,0.07101626959345134,0.6957304957389975,17.22764432731373,18.586654348547917,0.40238613437511644,0.4242334321511953,4,1.1359374115005558,0.8891887503682331,0.20188401686936985,0.0,0.0,0.0,0.09597078370328825,0.1059132331660816
502,1,0,0,-0.16840854832612412,0.5273219474128734,17.202223232354704,18.56729378663897,0.39075224868815356,0.41053993978012765,4,0.8505758100285712,0.8953574668965412,0.15196426834818338,0.0,0.0,0.0,0.06980331412177729,0.08216095422640611
503,1,0,1,0.07165501365401632,0.5989769610668897,17.156547058096038,18.532842573907757,0.37971018418641617,0.3973093411144031,4,0.8141105384849613,0.8942379254748419,0.1456359790047719,0.0,0.0,0.0,0.06625238701042446,0.07938359199434747
504,1,0,1,0.07158701367456892,0.6705639747414586,17.14656640237194,18.524367022503384,0.36768854534401413,0.38332009694382196,4,0.8737785336716253,0.8922347408000949,0.15606529807789937,0.0,0.0,0.0,0.07212983305441284,0.08393546502348655
505,1,0,1,0.07100704003822449,0.741571014779683,17.283820772212856,18.635471666084,0.35149921346626106,0.3657506759240927,4,1.1401323490434119,0.8917733356218832,0.2025525173848936,0.0,0.0,0.0,0.09713599126651819,0.1054165261183754
506,1,0,1,0.07165210621417713,0.8132231209938602,17.250836357752092,18.605666605699206,0.3400327838205544,0.3523553267565547,4,0.8351928361118695,0.8979823109574214,0.14917067287946792,0.0,0.0,0.0,0.06879857787423978,0.08037209500522813
507,1,2,0,-0.23394978490009463,0.5792733360937655,17.3759779079232,18.70703119979175,0.3241082946970843,0.4826607122998922,4,1.1229187183499358,0.8964125740862825,0.19958266094146726,0.6141319605393283,0.0,5.551115123125783e-17,0.09554693474082078,0.10403572620064644
508,1,0,1,0.07097722938100443,0.6502505654747699,17.50270813733147,18.81113729447879,0.30808337384148593,0.4651658136777302,4,1.1329115517881791,0.9020752276928738,0.20111891686656214,0.0,0.0,0.0,0.09614952513358985,0.10496939173297226
509,1,0,1,0.07158222224421051,0.7218327877189804,17.470651938341092,18.781379096300334,0.2964583980941381,0.45162788851695196,4,0.8460317386264183,0.9078461357952565,0.1509774054487565,0.0,0.0,0.0,0.06974985448408692,0.0812275509646696
510,1,0,1,0.07156010992899507,0.7933928976479755,17.45000063096657,18.763887516750287,0.2845214906688934,0.43771840237276,4,0.868157888941474,0.9063007758660356,0.15507836141662015,0.0,0.0,0.0,0.07162144455146865,0.0834569168651515
511,1,1,1,0.00603027359242952,0.799423171240405,17.56807943799725,18.857567534857317,0.484151370266656,0.42049958677945076,4,1.1171060288306276,0.9053472036929215,0.1984046719599197,0.20712894401336013,0.0,5.551115123125783e-17,0.09509177840006393,0.10331289355985576
512,1,0,1,0.07131891120600987,4.0,17.601859059694814,18.877969619273554,0.47058340921839403,0.405524357271473,5,0.9648228804351622,0.9106411743213643,0.17125914333743827,0.0,0.0,0.0,0.08140776628957222,0.08985137704786608
513,1,0,1,0.07100655115445592,4.0,17.702562571720534,18.96986767214748,0.4549843635854638,0.3883582429574432,5,1.1045972818738585,0.9119957169742091,0.19659095968175985,0.0,0.0,0.0,0.09359427379758097,0.10299668588417887
514,1,0,1,0.07097787883541555,4.0,17.80752569054263,19.06186697498407,0.43919144131741406,0.3711559620848308,5,1.1137731777553825,0.9168107560967003,0.19797121884397273,0.0,0.0,0.0,0.09475753360829842,0.10321368523567434
515,1,0,1,0.07129794389891604,4.0,17.83419284122927,19.07147656138079,0.4256681592904256,0.3563791691308172,5,0.9580115537215317,0.9217348166381675,0.16980044988601203,0.0,0.0,0.0,0.08113969216193062,0.08866075772408138
516,1,1,0,-0.23370086203220308,3.766299137967797,17.85661331512474,19.077890137280008,0.4865772332868938,0.34167405250346966,5,0.9514757848599391,0.9226417350652515,0.16876730004272295,1.0540089557425538,0.0,5.551115123125783e-17,0.08053660027863736,0.08823069976408561
517,1,1,1,0.005933636638732641,3.7722327746065294,17.96353411023897,19.169565022851632,0.48405313055288485,0.324392132699172,5,1.1219582669959747,0.9233625863101188,0.19937273550847684,1.4194633997213626,0.0,1.1102230246251565e-16,0.09568121668269072,0.1036915188257861
518,1,0,0,-0.16871439623663498,3.6035183783698943,17.98479892390204,19.17519771699664,0.4705894567709506,0.3096454459815146,5,0.9552249861353399,0.928327478327265,0.16926216299754937,0.0,0.0,0.0,0.0807820426916053,0.08848012030594407
519,1,0,1,0.07127647137064264,3.674794849740537,18.007266406809716,19.179276370651742,0.45709032581818837,0.2949419581540355,5,0.9555460525852443,0.9289999160224671,0.1692157126814489,0.0,0.0,0.0,0.08099478571657406,0.0882209269648748
520,1,0,1,0.07137096469296028,3.746165814433497,18.001936866490936,19.16447310311246,0.4443581019396252,0.28077939127047413,5,0.9095307615784717,0.9296635694365365,0.16136874457274655,0.0,0.0,0.0,0.07639334327137837,0.08497540130136819
521,1,0,1,0.07095081861088806,3.8171166330443853,18.09816224126862,19.24691613584109,0.42862089324659486,0.26369715665382043,5,1.1078286567464044,0.9291602492400848,0.1969166598581045,0.0,0.0,0.0,0.09442325215818224,0.10249340769992227
522,1,0,1,0.0711630511373732,3.8882796841817586,18.153739150153406,19.269797584942758,0.4141248062189513,0.24838156653849172,5,1.0120853174141935,0.933626959427743,0.17887006285783366,0.0,0.0,0.0,0.08697652216586126,0.09189354069197239
523,1,0,1,0.07123710696274707,3.9595167911445057,18.177168064816442,19.268043361128186,0.400488054325926,0.23380648188551523,5,0.9572631092258718,0.9355884183774041,0.16927101927601043,0.0,0.0,0.0,0.08182051135815163,0.0874505079178588
524,1,0,1,0.07115573198435458,4.0,18.22890199859289,19.288057412359358,0.3860434617089188,0.21859229058670618,5,1.0078782706562324,0.9361302856486158,0.17795270349489764,0.0,0.0,0.0,0.08666755570204338,0.09128514779285428
525,1,0,1,0.07092322657984278,4.0,18.32080553763338,19.361239457733724,0.3702683466097059,0.20170668961792151,5,1.1030095696886593,0.9379239852738063,0.19596429640798535,0.0,0.0,0.0,0.09465069059527723,0.10131360581270811
526,1,0,1,0.07113266840439453,4.0,18.37305726359762,19.37769378036704,0.3557214389179865,0.186532054841044,5,1.010757173481735,0.9420511248841774,0.17832925481158166,0.0,0.0,0.0,0.08728144615031654,0.09104780866126516
527,1,1,1,0.005911121117480177,4.0,18.464083906359072,19.44566711708591,0.4841539017560183,0.1697552055994532,5,1.102768755579444,0.9437687760991165,0.19573768491343493,0.634328633507919,0.0,5.551115123125783e-17,0.0950765894638902,0.10066109544954474
528,1,1,1,0.00590012061435856,4.0,18.546784136282184,19.51828041954466,0.4843432305807156,0.15275360939193958,5,1.1030573079679846,0.9477437755861247,0.19595019376078823,1.4049234105361097,0.0,5.551115123125783e-17,0.09394061651570648,0.10200957724508174
529,1,1,1,0.00585687101388112,4.0,18.63320535382001,19.59352902228722,0.48417124790309646,0.13562972427309053,5,1.1132964341760605,0.9516266138956712,0.19771582329451529,1.4060593834842932,0.0,1.1102230246251565e-16,0.0949725125814209,0.10274331071309437
530,1,0,1,0.07118644491882806,4.0,18.643432951039895,19.577450371363646,0.4706031454397424,0.12123732577799741,5,0.9498173056989867,0.9556683594026809,0.16776300575068265,0.0,0.0,0.0,0.0814086147801241,0.08635439097055857
531,1,2,0,-0.23392565927125278,3.766074340728747,18.690255434445273,19.589367051121574,0.45599480442864754,0.35603630404598724,5,1.0142612462233958,0.9555220830600886,0.17885617645863008,0.0,0.0,0.0,0.08765004606656919,0.09120613039206091
532,1,2,0,-0.23384092280721688,3.5322334179215304,18.707450587486164,19.588072684072184,0.4421390233028994,0.48512477138635984,5,0.9728913481306695,0.9569905621391712,0.1723860584363305,0.6362178242759235,0.0,5.551115123125783e-17,0.08313468675448966,0.08925137168184084
533,1,0,1,0.07086336051311927,3.60309677843465,18.79051722908534,19.663266839127203,0.4262998646438854,0.4679124565362652,5,1.1156488784431549,0.9573880817889586,0.19830884105465157,0.0,0.0,0.0,0.0950349519540835,0.10327388910056809
534,1,0,1,0.07085582821504202,3.673952606649692,18.87466768387094,19.734546590003667,0.4103815371127522,0.45076797650084516,5,1.1167748073673758,0.9613446017053136,0.19837684539931894,0.0,0.0,0.0,0.09550996518679869,0.10286688021252023
535,1,0,1,0.07084433774735281,3.744796944397045,18.956175378696592,19.80068986550181,0.39445313491096606,0.43373415308619245,5,1.1128813271706604,0.9652303568468652,0.19777335369863386,0.0,0.0,0.0,0.09557041321071767,0.10220294048791616
536,1,0,1,0.07116566611693104,3.815962610513976,18.9562250490625,19.787383526302108,0.3808826164904941,0.4190384171356394,5,0.9556649622711698,0.9689216311049601,0.16959752622614999,0.0,0.0,0.0,0.0814231105228316,0.08817441570331841
537,1,0,1,0.0708405956157441,3.8868032061297204,19.031781823354383,19.849087583858626,0.36505651078631307,0.40209087309694563,5,1.1058510462325142,0.9685902143841154,0.19664189845724905,0.0,0.0,0.0,0.09495663422508648,0.10168526423216258
538,1,0,1,0.0708435222728489,3.9576467284025694,19.106783955283543,19.904357634358284,0.34918732524314117,0.38532435772437473,5,1.1022939176091398,0.9720217351803252,0.19581420549445663,0.0,0.0,0.0,0.09521511325903134,0.10059909223542532
539,1,0,1,0.07108044948386807,4.0,19.127423126462325,19.90082056445358,0.33496268192174633,0.37029442806186125,5,0.9923806410151288,0.9752785397410455,0.17552743790344966,0.0,0.0,0.0,0.08534785992836881,0.09017957797508083
540,1,0,0,-0.16917998129762155,3.8308200187023784,19.200071478103748,19.955161025412487,0.3190933673437987,0.3535138890586444,5,1.1026949048732275,0.9757060922728977,0.1958991214869874,0.0,0.0,0.0,0.09521588746768583,0.1006832340193016
541,1,2,1,0.006057225895558736,3.8368772445979373,19.226335206925853,19.95355910170983,0.3046557422273808,0.48489246701161726,5,1.0035426177073528,0.9788808125879059,0.17727094862880421,0.6210833343518659,0.0,0.0,0.08662575069850736,0.09064519793029685
542,1,0,1,0.07101680518665632,3.9078940497845935,19.273119500293145,19.95480026466354,0.28956977109509124,0.46969855788795317,5,1.0275228140368975,0.9794973577158921,0.18167928153572158,0.0,0.0,0.0,0.09051582679373756,0.091163454741984
543,1,0,0,-0.1691624532314474,3.738731596553146,19.33793996575451,20.001626774277376,0.27381885262051026,0.4530847968613913,5,1.092344969199121,0.9806979941239172,0.19418807700685697,0.0,0.0,0.0,0.09450551084748551,0.09968256615937143
544,1,0,1,0.07083606272218311,3.809567659275329,19.402206677949707,20.047618112155973,0.2580427438912336,0.43647394755181673,5,1.093747218574582,0.9834891685007974,0.1943217482331077,0.0,0.0,0.0,0.09465665237566018,0.09966509585744751
545,1,0,0,-0.16916518676573278,3.6404024725095963,19.459468808961162,20.08827857298693,0.2424155222594251,0.4199661399737338,5,1.0841682115950617,0.9862456197526419,0.19281017525934852,0.0,0.0,0.0,0.09376332979085084,0.09904684546849765
546,1,0,0,-0.1689311879955391,3.471471284514057,19.464998905906846,20.073408932714468,0.22836806357762462,0.4051274193248025,5,0.979354141221917,0.9886936845487024,0.17331707598439056,0.0,0.0,0.0,0.08428475209080288,0.0890323238935877
547,1,0,1,0.07084924051696749,3.5423205250310246,19.52064485288099,20.111193755156116,0.21275129795658132,0.38870337677454764,5,1.0818909653813293,0.9884601959655328,0.1922448490277887,0.0,0.0,0.0,0.09370059372625983,0.09854425530152885
548,1,0,1,0.07083062270312238,3.613151147734147,19.572962813952465,20.147418001764592,0.1971893121186036,0.3722903788410557,5,1.079338172880879,0.9907959652009277,0.1918499026288179,0.0,0.0,0.0,0.09337191502786607,0.09847798760095183
549,1,0,0,-0.16917535916257528,3.4439757885715716,19.629877793977617,20.18093689484073,0.18146475912852958,0.35596868239253526,5,1.0834433934942171,0.9930095203929266,0.19227749663156662,0.0,0.0,0.0,0.09434731794044413,0.09793017869112247
550,1,0,1,0.07115766675325605,3.5151334553248277,19.606462287284096,20.137067521458498,0.1681366256762309,0.341937564851367,5,0.9279854871447036,0.9952703672204588,0.16415550596080197,0.0,0.0,0.0,0.07996880071379228,0.0841867052470097
551,1,0,0,-0.1689782494252298,3.346155205899598,19.630050378373944,20.124971214944516,0.1534868724244249,0.3270177230518197,5,1.0050800297944313,0.9935882452185649,0.17741757030811955,0.0,0.0,0.0,0.08789851951083585,0.08951905079728369
552,1,0,1,0.07114131311313077,3.4172965190127287,19.61481135619304,20.089041922539824,0.13993694801076997,0.3128013552447304,5,0.9427072252473688,0.9938755398329615,0.16659775332446553,0.0,0.0,0.0,0.08129954648192952,0.085298206842536
553,1,0,1,0.07085171029742214,3.4881482293101507,19.66131235624116,20.118608100591373,0.12447517450454047,0.29662467786020064,5,1.0686635100679927,0.9925963319683218,0.18983070534455546,0.0,0.0,0.0,0.09277064103737707,0.09706006430717841
554,1,0,1,0.070832003350904,3.558980232661055,19.707153990959632,20.1474332499981,0.10899849813823491,0.28044920049205224,5,1.0691647955460108,0.9944980114208135,0.1899129224067244,0.0,0.0,0.0,0.09286005819783351,0.09705286420889087
555,1,0,1,0.07080476703240507,3.62978499969346,19.756727338341094,20.181576613337302,0.09339442000205572,0.2641217415283481,5,1.0800813917446026,0.9963646810239434,0.19158922259929936,0.0,0.0,0.0,0.09362446881707509,0.0979647537822243
556,1,0,1,0.07090070222220327,3.7006857019156634,19.80976879628654,20.180281561426007,0.07779555281046428,0.24888851003357723,5,1.0502040048261172,0.9984575987919598,0.18499259211817423,0.0,0.0,0.0,0.09359320314954864,0.09139938896862562
557,1,0,0,-0.16919008568396063,3.5314956162317026,19.854014939749362,20.208828514547662,0.062251679838176026,0.23271254585081927,5,1.072544355527288,0.9997512589428138,0.190319022930277,0.0,0.0,0.0,0.09326323783372953,0.0970557850965475
558,1,0,1,0.07088744646488779,3.6023830626965903,19.901832365147236,20.20793318679779,0.046745191908160004,0.21744558509643278,5,1.0484931840054283,1.0015710863574259,0.18464069210641498,0.0,0.0,0.0,0.09303892758009609,0.09160176452631888
559,1,0,1,0.07078888951229315,3.6731719522088833,19.861471784910297,20.238663779982243,0.03394187598289125,0.20118934695869153,5,0.9931141517461378,1.0027441387986258,0.1743573243780602,0.0,0.0,0.0,0.09338620929873269,0.09753742882644767
560,1,0,1,0.07079731796449125,3.7439692701733747,19.77374589774064,20.245666572106835,0.022630353706169493,0.1856748315675233,5,0.9217802940772465,1.0025033891223136,0.16095622600734,0.0,0.0,0.0,0.09705055031770021,0.09308709234700945
561,1,0,1,0.07076666547636765,3.8147359356497423,19.63593311243995,20.27430600421315,0.012651517269243712,0.16946430824115347,5,0.891311958551812,1.000485311746187,0.15713615857977348,0.0,0.0,0.0,0.09522697673620799,0.0972631399582188
562,1,2,1,0.005757632306011484,3.820493567955754,19.461136514148613,20.304086339158765,0.0038454116476670194,0.4032083161182532,5,0.8527397145706076,0.9977559779163275,0.15037258646686186,0.0,0.0,0.0,0.09610497089041228,0.0975359527374017
563,1,0,1,0.07083837710284697,3.891331945058601,19.058798659644232,20.31945556246648,0.0018408745441114564,0.3873133508114944,5,0.6071619401360191,0.9941305713326845,0.10739701446188624,0.0,0.0,0.0,0.09467052201112039,0.09536979184055286
564,1,0,1,0.07088870310986854,3.9622206481684694,18.65964542400581,20.30949066871156,0.0,0.3722417928352901,5,0.5753382261594214,0.9844563555527679,0.10147459512189455,0.0,0.0,0.0,0.09904241640491704,0.09042934785722581
565,1,2,1,0.0058761753328570535,3.9680968235013263,18.193154288405662,20.323119772813527,0.0,0.4841451236347945,5,0.5213663708197566,0.9742284023179342,0.09512925819123291,0.7334507570117406,0.0,5.551115123125783e-17,0.09686202944789722,0.09512925819123291
566,1,0,1,0.07092581698247254,4.0,17.73832543119552,20.334832802476946,0.0,0.4683202588524212,5,0.5197910239837539,0.9629068515304797,0.0949491886942403,0.0,0.0,0.0,0.09699355428466319,0.0949491886942403
567,1,0,1,0.07101569515015745,4.0,17.29486729541563,20.31127497399909,0.0,0.45361903300176093,5,0.48481299158407054,0.9518289558418116,0.08820735510396119,0.0,0.0,0.0,0.10005479824724592,0.08820735510396119
568,1,2,1,0.006027994571798907,4.0,16.86249561303024,20.290615554091776,0.0,0.4852171925598083,5,0.4871224544426638,0.940153556735368,0.08869684464115071,1.2217141980105655,0.0,0.0,0.10038633638770221,0.08869684464115071
569,1,2,1,0.006035660836434807,4.0,16.440933222704484,20.271562895155284,0.0,0.4851754899599916,5,0.48821272991580184,0.9288277791780505,0.08894706024005043,1.4113031553588493,0.0,5.551115123125783e-17,0.10270835350150195,0.08894706024005043
570,1,0,1,0.07108535119602374,4.0,16.02990989213687,20.266816019227804,0.0,0.4698317953816915,5,0.5020421964514048,0.9178124029464944,0.09206216746980078,0.0,0.0,0.0,0.0972665078611318,0.09206216746980078
571,1,1,1,0.006112542337003868,4.0,16.18635217595223,20.258232834340244,0.23383326702340138,0.4546087551670219,5,1.0552772467119103,0.9074181477841171,0.18833863914760932,0.0,0.0,0.0,0.09700039785959175,0.09133824128801755
572,1,0,1,0.07106860161615516,4.0,16.342919994390144,20.264805485407894,0.21759093031875146,0.43891490950074363,5,1.0742550947628784,0.9111146252573119,0.19161709422556888,0.0,0.0,0.0,0.09745402022789951,0.0941630739976694
573,1,0,1,0.07119023735665028,4.0,16.47837244368013,20.238266870580564,0.20199193932240642,0.42425583385209836,5,1.0241069714576077,0.915193136994951,0.18154839986994176,0.0,0.0,0.0,0.09359394597807019,0.0879544538918716
574,1,0,1,0.07107418417166401,4.0,16.618772743281582,20.242613936054866,0.18601022731066605,0.40863819662946427,5,1.062663347932271,0.9179159828565174,0.18959609540624695,0.0,0.0,0.0,0.09589027207044223,0.09370582333580474
575,1,0,1,0.0710452064143883,4.0,16.761550091678636,20.246446809911934,0.16985537238061912,0.39305557215951303,5,1.0681448892375291,0.9215346669834114,0.1904248763999893,0.0,0.0,0.0,0.09692912958028158,0.09349574681970774
576,1,0,1,0.07102239637458392,4.0,16.90310598381957,20.252030926971948,0.15363758446144912,0.37742267505078003,5,1.072339931740721,0.9251999225397642,0.19110411016741774,0.0,0.0,0.0,0.09730672751502,0.0937973826523977
577,1,0,1,0.07102227589764333,4.0,17.039448098292347,20.255763553745954,0.13747005191842246,0.36184191251482467,5,1.0689531640165661,0.9288784227697882,0.19048977047389218,0.0,0.0,0.0,0.09700519525816009,0.09348457521573213
578,1,2,1,0.006009526579802229,4.0,17.172740266183,20.257977661060778,0.12129123714715893,0.48447873144232406,5,1.0678865665064305,0.9323802913009576,0.1902004999736366,0.671051475088948,0.0,5.551115123125783e-17,0.09707288862758115,0.09312761134605546
579,1,0,1,0.07101141612816274,4.0,17.2986104755606,20.263590677505462,0.10522446571514442,0.4688305390052827,5,1.0672511740033825,0.9357679481810944,0.1902897832143357,0.0,0.0,0.0,0.09640062859208712,0.09388915462224859
580,1,0,1,0.07109203509616617,4.0,17.42500172556848,20.23899236130955,0.08919896549756172,0.45416629682838644,5,1.0408479626386153,0.9390550288266516,0.18413845436687304,0.0,0.0,0.0,0.09615300130549623,0.08798545306137684
581,1,2,0,-0.23400577991314506,3.765994220086855,17.545255629461153,20.245410949196895,0.07311949927055593,0.4843546006487817,5,1.068272343951974,0.9415998521719506,0.19034919346934448,1.224997780970319,0.0,5.551115123125783e-17,0.09647679736203468,0.0938723961073098
582,1,0,1,0.07110678513578954,3.8371010052226446,17.656273115039745,20.218266478516295,0.057348795263958585,0.4697882197020968,5,1.028639679364447,0.9447666644664513,0.18202250971969375,0.0,0.0,0.0,0.09462422403958404,0.08739828568010974
583,1,0,0,-0.16901767862873418,3.6680833265939103,17.75320361609149,20.222528477848428,0.04183932218291946,0.4542453095920895,5,1.0480559902227733,0.9468634898389012,0.1863142991462785,0.0,0.0,0.0,0.09638884860811224,0.09325746066004373
584,1,0,0,-0.16899913986798168,3.499084186725929,17.754393731893888,20.226106957806003,0.02938733483222669,0.43870785939471224,5,0.9541618981084704,0.949393302348498,0.16793662528842013,0.0,0.0,0.0,0.09558195602478466,0.09322470118426353
585,1,0,0,-0.1689348989020545,3.3301492878238745,17.676067600904755,20.20241851610198,0.019217680432099715,0.42405428980915527,5,0.8474979445493389,0.9495125172424973,0.14893934391410327,0.0,0.0,0.0,0.09719895905640637,0.08792141751334143
586,1,0,1,0.07113381373090075,3.401283101554775,17.57766811120928,20.177165511432403,0.009691406014774867,0.40944035013245533,5,0.8233096585601205,0.9469621529251684,0.1448412845641492,0.0,0.0,0.0,0.09263155110809038,0.08768363806020008
587,1,0,1,0.07102487528191208,3.4723079768366873,17.325641758558938,20.180725974614617,0.004732785504746157,0.39393474526003286,5,0.6954049510979132,0.9438708405660422,0.12278535229470709,0.0,0.0,0.0,0.09562548011056249,0.09303362923453483
588,1,0,1,0.07110599170884982,3.5434139685455373,16.996132646420765,20.153318841955734,0.0022653585565128,0.3794349617198018,5,0.5807429485322819,0.9376591933293389,0.10180326293078638,0.0,0.0,0.0,0.09825369994488442,0.08699870124138626
589,1,0,1,0.07112777341446877,3.614541741960006,16.66637438963378,20.130834344712564,0.0,0.3648058109475252,5,0.5764935331792618,0.9287362872094125,0.10136705597273617,0.0,0.0,0.0,0.09705309823535498,0.08777490463365938
590,1,0,1,0.07107651247845764,3.6856182544384635,16.24971502989294,20.13353341684629,0.0,0.3493719761766865,5,0.5059699307515408,0.9199302183586587,0.09260300862503196,0.0,0.0,0.0,0.09702477092565114,0.09260300862503196
591,1,0,1,0.07113495141150546,3.756753205849969,15.843472154145616,20.11142229486529,0.0,0.3347473905897749,5,0.48122721344015545,0.9095812111684808,0.08774751352146962,0.0,0.0,0.0,0.10059675400859923,0.08774751352146962
592,1,0,1,0.07113699336821708,3.827890199218186,15.447385350291974,20.108452577024135,0.0,0.31947781301029493,5,0.4998158395304773,0.8988723612252727,0.09161746547687996,0.0,0.0,0.0,0.09614815811049214,0.09161746547687996
593,1,0,1,0.07121969868893505,3.899109897907121,15.061200716534676,20.079453380144425,0.0,0.3050693864010958,5,0.4737121175458955,0.8888959481829029,0.08645055965519491,0.0,0.0,0.0,0.09859484033611614,0.08645055965519491
594,1,0,0,-0.1687697494117277,3.7303401484953933,14.684670698621307,20.054140894886416,0.0,0.2905567540821959,5,0.4766738492455997,0.8785163524169776,0.08707579391339944,0.0,0.0,0.0,0.0981648825534443,0.08707579391339944
595,1,0,1,0.0712164936342447,3.801556642129638,14.317553931155775,20.050134296983252,0.0,0.27535438458942707,5,0.497346924468996,0.868470289837693,0.09121421695661308,0.0,0.0,0.0,0.09574911847022327,0.09121421695661308
596,1,0,0,-0.1687521946452138,3.6328044474844243,13.959615082876882,20.046542525979234,0.0,0.2601338405272284,5,0.4976615864205642,0.8591922057034757,0.0913232643731922,0.0,0.0,0.0,0.09543947047286883,0.0913232643731922
597,1,0,1,0.07136992361614806,3.7041743711005726,13.610624705804959,20.012398973423046,0.0,0.24587225680047983,5,0.4670200105932942,0.8501539402214031,0.08556950236049105,0.0,0.0,0.0,0.09373756672084818,0.08556950236049105
598,1,2,1,0.00630687472309426,3.710481245823667,13.270359088159836,20.005369570846405,0.0,0.478717968168137,5,0.4932805717589306,0.8405755919807002,0.09067928607837053,0.01224644571568656,0.0,0.0,0.09373081650678104,0.09067928607837053
599,1,2,1,0.006385877001282059,3.716867122824949,12.93860011095584,19.98544298919014,0.0,0.4852583295702437,5,0.48020765761489614,0.831893216475156,0.08845002257853833,1.372307809008822,0.0,5.551115123125783e-17,0.09193606076298487,0.08845002257853833
600,1,0,1,0.07149845402239392,3.788365576847343,12.615135108181942,19.934459279744516,0.0,0.4715133537531706,5,0.4486523652841299,0.8231010775036495,0.08246985490243773,0.0,0.0,0.0,0.09141060006143807,0.08246985490243773
601,1,0,1,0.0715317045471753,3.8598972813945185,12.299756730477394,19.8852466293122,0.0,0.4577393355225417,5,0.44914883156129715,0.8137398596981615,0.08264410938377359,0.0,0.0,0.0,0.08999217329707376,0.08264410938377359
602,1,0,1,0.07148175553988738,3.931379036934406,11.99226281221546,19.848773162489024,0.0,0.4436279100662454,5,0.46065769890963326,0.8046250839947399,0.08466855273777824,0.0,0.0,0.0,0.09247748388680774,0.08466855273777824
603,1,2,1,0.006492685446694511,3.9378717223811006,11.692456241910074,19.8280403154466,0.0,0.4853710602511206,5,0.4754864820197973,0.7960258993676121,0.08777363849327646,1.161767460397472,0.0,5.551115123125783e-17,0.08800003933376682,0.08777363849327646
604,1,0,1,0.07153783587904769,4.0,11.40014483586232,19.80485619270354,0.0,0.4708220984136832,5,0.4725168851431033,0.7880124139339169,0.08729377102462442,0.0,0.0,0.0,0.08665591051002067,0.08729377102462442
605,1,0,1,0.07154459515103562,4.0,11.115141214965764,19.78234981106207,0.0,0.4562767816392712,5,0.4726150231761189,0.7801250257141465,0.0872719006464716,0.0,0.0,0.0,0.08675570516182271,0.0872719006464716
606,1,0,1,0.07163413309224462,4.0,10.83726268459162,19.73515721004973,0.0,0.44252504584420144,5,0.4473661442642136,0.7724372756506959,0.08251041477041905,0.0,0.0,0.0,0.08640690520101726,0.08251041477041905
607,1,2,0,-0.23337572307182297,3.766624276928177,10.566331117476828,19.695934954224892,0.0,0.4860320065009487,5,0.4541566744264056,0.7643104973660337,0.08380796099430787,1.1551502750652083,0.0,0.0,0.08604438481388034,0.08380796099430787
608,1,0,1,0.07165624480416401,3.838280521732341,10.302172839539908,19.668459039944047,0.0,0.47167368758399864,5,0.46492245957477507,0.7565566517925431,0.08614991350169994,0.0,0.0,0.0,0.08150675251853816,0.08614991350169994
609,1,0,1,0.07168586483396702,3.909966386566308,10.04461851855141,19.63972132536064,0.0,0.457367601415895,5,0.4629737614151938,0.7492657969870988,0.08583651700862191,0.0,0.0,0.0,0.07966531032732005,0.08583651700862191
610,1,0,1,0.07180065943044152,3.9817670459967496,9.793503055587625,19.58029548304974,0.0,0.4440589572059272,5,0.43156719082311806,0.7421084960978013,0.07985186525980735,0.0,0.0,0.0,0.07916670433388058,0.07985186525980735
611,1,0,1,0.07180926666449544,4.0,9.548665479197934,19.524900766249097,0.0,0.43067751411490524,5,0.43411267027560124,0.7343449634659341,0.08028865854613132,0.0,0.0,0.0,0.07854726855451444,0.08028865854613132
612,1,0,0,-0.16817238163078535,3.8318276183692146,9.309948842217986,19.469695438094224,0.0,0.4173132159167066,5,0.4329171910013559,0.7268391561361758,0.08018578918919178,0.0,0.0,0.0,0.07709683976251737,0.08018578918919178
613,1,2,1,0.006857938348483317,3.838685556717698,9.077200121162537,19.415782720633807,0.0,0.4866283683728505,5,0.4328296684919387,0.7194911070078053,0.08022978976289684,1.0038792955002398,0.0,5.551115123125783e-17,0.0757650132010043,0.08022978976289684
614,1,0,0,-0.1681612680426633,3.670524288675035,8.850270118133473,19.383117745091198,0.0,0.47260468115743226,5,0.4527295924732354,0.7123245710449086,0.08414212329250993,0.0,0.0,0.0,0.07303079734222792,0.08414212329250993
615,1,0,1,0.07186937510320057,3.7423936637782353,8.629013365180136,19.34922763776938,0.0,0.4586383970732848,5,0.45068783630546533,0.7058346965806168,0.0837977045048844,0.0,0.0,0.0,0.07205614725807084,0.0837977045048844
616,1,0,1,0.07189363088247712,3.8142872946607125,8.413288031050634,19.31311216770073,0.0,0.4447534851564001,5,0.44761522087558114,0.699456025073738,0.0833094715013076,0.0,0.0,0.0,0.07026529634150326,0.0833094715013076
617,1,1,1,0.006894827041688714,3.8211821217024013,8.605992139716816,19.27927158713669,0.23824145419140452,0.43085045351060064,5,0.8520235330709242,0.6931600049687842,0.15396946472636966,0.0,0.0,0.0,0.07055127485157264,0.08341818987479703
618,1,0,1,0.07199911389898704,3.8931812356013884,8.77930738130913,19.21944816799653,0.2269829206729863,0.41778930331519093,5,0.8106234156234907,0.6971315931713377,0.1459181022829681,0.0,0.0,0.0,0.06755120111050956,0.0783669011724585
619,1,0,1,0.0718277959268756,3.965009031528264,8.973935031624578,19.20130826321251,0.2149068468875043,0.40347126626303625,5,0.8764566342640756,0.6999688887326414,0.15836466502581964,0.0,0.0,0.0,0.07245644271289184,0.08590822231292783
620,1,0,1,0.07180033646190137,4.0,9.171078677794608,19.185920509792624,0.20260321755150576,0.38909673158093155,5,0.8861369751210677,0.7043810823709273,0.16006898410861956,0.0,0.0,0.0,0.07382177601599119,0.08624720809262837
621,1,0,1,0.07178620428541167,4.0,9.372323565060839,19.16926101670056,0.19002946975691493,0.3747818367556695,5,0.8935103738638466,0.7089249796896808,0.16133185571911796,0.0,0.0,0.0,0.07544248676754525,0.08588936895157272
622,1,0,1,0.07192520428777281,4.0,9.547661049061865,19.11888785710486,0.17815003421826617,0.3615623061703692,5,0.838503938949364,0.713539614544035,0.15059379674369394,0.0,0.0,0.0,0.07127661323189254,0.07931718351180139
623,1,0,1,0.0717425999016281,4.0,9.753476896388356,19.107847503327406,0.16516151293155135,0.34716408957573236,5,0.9114392162032027,0.7166637226541682,0.1643204272881102,0.0,0.0,0.0,0.07793112772028889,0.0863892995678213
624,1,0,1,0.07173960114521108,4.0,9.95440280744925,19.096339571776056,0.15215306658735583,0.3327919877712278,5,0.9109510895024381,0.7215331099928941,0.16428328889219987,0.0,0.0,0.0,0.07805067806517302,0.08623261082702685
625,1,0,1,0.07168922304892213,4.0,10.16375009313569,19.089637270748124,0.13876174954088663,0.3182902037324862,5,0.9289135441391436,0.7262685594806327,0.1673586065112652,0.0,0.0,0.0,0.0803479022788152,0.08701070423245
626,1,0,1,0.07181763043966422,4.0,10.360130747861014,19.048631843642333,0.1256990648276373,0.3048857443764095,5,0.8867099117166249,0.7313346840970953,0.15880286441595645,0.0,0.0,0.0,0.07837610827949609,0.08042675613646037
627,1,0,1,0.07181303055492805,4.0,10.553677323398052,19.009646525233435,0.11258182694602488,0.29145723335406865,5,0.8897803219157229,0.7352190647875837,0.15927449342371927,0.0,0.0,0.0,0.0787034272896744,0.08057106613404488
628,1,0,1,0.07165529521333067,4.0,10.759742038542079,19.007419840475396,0.09885263953636307,0.2769178594296726,5,0.9429211266017776,0.7390830962157873,0.1696113680043472,0.0,0.0,0.0,0.08237512445797095,0.08723624354637625
629,1,0,0,-0.16821973224424402,3.831780267755756,10.947895603031824,18.973043344513904,0.08559239405971798,0.2633989409195937,5,0.8979561155036889,0.7441790469754369,0.16067498392034424,0.0,0.0,0.0,0.07956147285987045,0.08111351106047378
630,1,0,1,0.07174132985272336,3.903521597608479,11.142170235264707,18.944796779153236,0.07203518264537881,0.2497214934385411,5,0.9140515405608607,0.7480234736886433,0.16340795337235037,0.0,0.0,0.0,0.08134326848603517,0.08206468488631521
631,1,0,1,0.07169094158312007,3.9752125391915993,11.313427880194329,18.9247968456582,0.05913003730216268,0.23577893795533864,5,0.9034318867950322,0.7521741753604486,0.16108620495851173,0.0,0.0,0.0,0.08346121163386772,0.08365533289921497
632,1,0,1,0.07157944747904464,4.0,11.351453283815646,18.936586833663988,0.050052072415266546,0.22089604678962557,5,0.805771009773417,0.7559556181463133,0.14376513631565524,0.0,0.0,0.0,0.08461124120498374,0.08929734699427837
633,1,0,1,0.07165207163333528,4.0,11.361386311068829,18.920741860440323,0.04180839815647961,0.20686505571080369,5,0.7512890569665093,0.7572010029369909,0.13364799202565286,0.0,0.0,0.0,0.0851878374245843,0.08418594647293126
634,1,0,1,0.0715640370657419,4.0,11.368998724920107,18.936348580395617,0.033549446042662114,0.19188867091460113,5,0.7802723380943036,0.7570532042877288,0.13941202146012044,0.0,0.0,0.0,0.08550052476658733,0.08985830877721546
635,1,0,0,-0.16845459386813808,3.831545406131862,11.37603013639625,18.952863658726976,0.0253081887230641,0.17687303351123515,5,0.7811801724403948,0.7576336826328931,0.13954136833778386,0.0,0.0,0.0,0.08574480898019017,0.09009382442019573
636,1,0,1,0.07164208182679244,3.9031874879586548,11.368029534791258,18.939126405645887,0.01768972217764837,0.16278958753159603,5,0.7364844901919972,0.7582223448780807,0.13021147515032905,0.0,0.0,0.0,0.08598428103385375,0.08450067587783472
637,1,0,1,0.07160814843880323,3.974795636397458,11.28703118256125,18.93118106098172,0.012348049920131283,0.14854435827014198,5,0.6687352016167587,0.7576788985109286,0.11752140911382669,0.0,0.0,0.0,0.08717473584640956,0.08547137556872417
638,1,0,0,-0.16841515816824115,3.806380478229217,11.133542938530384,18.927881761074225,0.009086080372840982,0.13416955192459823,5,0.5986677621502091,0.7554553060885745,0.10582065535700447,0.0,0.0,0.0,0.0877613765995771,0.08624883807326263
639,1,0,1,0.07168950842865625,3.878069986657873,10.929448717576822,18.90819984004488,0.007318357694038691,0.12029917893956364,5,0.5277594755072074,0.7515356174901153,0.09382857398302125,0.0,0.0,0.0,0.08360087952894232,0.08322223791020752
640,1,0,0,-0.16839622246876282,3.831603777531237,10.722624645035577,18.919659797623513,0.005737116136939248,0.10546950523895353,6,0.5505770989779301,0.7459412139405426,0.09846549154625739,0.0,0.0,0.0,0.08345236351373742,0.08897804220366073
641,1,0,1,0.07163319232515662,3.9032369698563936,10.520121704753677,18.92911994547763,0.0041761000454156845,0.09067444588437847,6,0.548014318638698,0.7410571110664772,0.0981364526765916,0.0,0.0,0.0,0.08230954116570897,0.08877035612745021
642,1,1,1,0.006646046825195182,3.9098830166815888,10.724415941786127,18.937857387697278,0.24059230021663627,0.07589460417524328,6,0.9492627205078756,0.7362310412557829,0.17018184922748766,0.0,0.0,0.0,0.08150279897267647,0.08867905025481115
643,1,0,0,-0.168364612460407,3.741518404221182,10.930933402122378,18.942192094743106,0.22679905042309745,0.06122343562191678,6,0.9524090006191672,0.7415568332370852,0.17078651008119175,0.0,0.0,0.0,0.08275949876123279,0.08802701131995899
644,1,0,1,0.07180808087982209,3.8133264851010042,11.10878433575419,18.907588597807376,0.21379191804814443,0.04779403379606741,6,0.8900755741177155,0.7468281374216372,0.15861920520481446,0.0,0.0,0.0,0.0780427942497182,0.08057641095509628
645,1,1,1,0.006621359525464378,3.8199478446264687,11.311343226228793,18.84229123975654,0.44983577677995173,0.035733916367406145,6,0.8876708557628115,0.7504093233390392,0.15609755218112326,0.0,0.0,0.0,0.08373684760915572,0.08797595818894258
646,1,1,1,0.006807325033647783,3.8267551696601165,11.45512177909379,18.68473608522485,0.4876966793387007,0.026885644598014933,6,0.7400642599829378,0.7538408616496335,0.12690955458414274,1.199014660679711,0.0,5.551115123125783e-17,0.07381992396779546,0.08112961867814616
647,1,0,0,-0.16850540398212513,3.6582497656779913,11.66483575474198,18.481858952758195,0.47331038319819213,0.019700932351348396,6,0.7603332897894999,0.7534964466079661,0.12942605032305093,0.0,0.0,0.0,0.08631777684305171,0.09492601107667158
648,1,0,1,0.0715266020385658,3.729776367716557,11.86502746582966,18.197235967538322,0.4590337767606925,0.01514439162388921,6,0.6692360935553114,0.7536673676875044,0.1129988829897529,0.0,0.0,0.0,0.08565963862499777,0.09476792102809202
649,1,0,1,0.07152947144457872,3.801305839161136,12.063024582928058,17.921017242824593,0.4446789069475658,0.010553238812300482,6,0.6733349782188711,0.7515565858341996,0.11367613574829223,0.0,0.0,0.0,0.08612921887875986,0.09593998432303434
650,1,2,0,-0.2332233935260792,3.568082445635057,12.203333341131643,17.937103446161537,0.4319569430173295,0.24627925118989816,6,0.9059960071843396,0.7496010456438164,0.161975709315832,0.0,0.0,0.0,0.07633178358141829,0.08564392573441373
651,1,0,0,-0.1682580239242097,3.3998244217108473,12.350034175724065,17.962814219433355,0.4189219371649788,0.2316753102407957,6,0.9259225275465733,0.7535109196823294,0.16583368080871877,0.0,0.0,0.0,0.07821003511410396,0.08762364569461481
652,1,0,1,0.07177054811392743,3.471594969824775,12.481529502119686,17.982562123791787,0.4062145493962894,0.2172167577299846,6,0.9090644406329884,0.7578212098789355,0.16299564167700265,0.0,0.0,0.0,0.07624432661213588,0.08675131506486672
653,1,0,1,0.07175104554679401,3.5433460153715686,12.612924641938708,18.002649067867914,0.39341969003476357,0.20275063383605885,6,0.9130843745429345,0.7616022906477868,0.16356589953270984,0.0,0.0,0.0,0.0767691561691552,0.08679674336355465
654,1,0,1,0.0714877918452151,3.6148338072167836,12.800490762570591,18.081308113766784,0.37881707420213373,0.18647326475579595,6,1.0316145092759192,0.7653893427451655,0.18527990947735656,0.0,0.0,0.0,0.08761569499577937,0.0976642144815772
655,1,0,1,0.07142667619241551,3.686260483409199,13.000338523083578,18.16256162840267,0.36371974167413607,0.17006776110828567,6,1.0531462470573092,0.7720449719084344,0.18901701705304733,0.0,0.0,0.0,0.09058399516798561,0.0984330218850617
656,1,0,1,0.07144570819756661,3.7577061916067658,13.18668118834268,18.23405679599464,0.3488875457090672,0.15390838080074346,6,1.0369103366382282,0.7790725037871563,0.18594945763566667,0.0,0.0,0.0,0.08899317579041355,0.09695628184525314
657,1,0,1,0.07165176834017044,3.829357959946936,13.327580842572731,18.250845406051834,0.33533991965411886,0.13942023991488967,6,0.943206713895677,0.7855184496084331,0.16821460164481286,0.0,0.0,0.0,0.08128575632969004,0.0869288453151228
658,1,1,0,-0.23361933871202412,3.595738621234912,13.519156318338139,18.32426867054241,0.4847729477318541,0.12315703355327888,6,1.054459396471594,0.7894606562156141,0.18894155177854027,0.5120395179247131,0.0,5.551115123125783e-17,0.09136231360887538,0.09757923816966488
659,1,2,1,0.006393125589090241,3.602131746824002,13.69251720468074,18.399679639391458,0.46994969574552753,0.356740043601354,6,1.0448574799136656,0.7960856247220137,0.18744145162950818,0.0,0.0,0.0,0.0889395119179592,0.09850193971154896
660,1,0,1,0.07161651022973191,3.673748257053734,13.81009076371926,18.416709756772445,0.4566917348290496,0.342057323615516,6,0.936908597521313,0.802304921101805,0.1676440854138955,0.0,0.0,0.0,0.07954776549886744,0.08809631991502805
661,1,0,0,-0.1686914121797787,3.5050568448739554,13.994014773833662,18.50164619257633,0.4413356574318341,0.3252770238193189,6,1.074530458930578,0.8056700130122927,0.1928182631604758,0.0,0.0,0.0,0.09213646438329318,0.10068179877718259
662,1,0,1,0.07165568123473731,3.5767125261086927,14.086034701700061,18.502070991810143,0.42858493118260105,0.31103408900347146,6,0.9048362512604609,0.8123915241602498,0.1619619663904828,0.0,0.0,0.0,0.07650435749539829,0.08545760889508452
663,1,0,1,0.07165127064039166,3.6483637967490843,14.173327918644901,18.499904941370204,0.41590177722464805,0.29686527015436065,6,0.8998298088426582,0.814702642337755,0.1611118368423832,0.0,0.0,0.0,0.07609892374771818,0.08501291309466504
664,1,0,1,0.07151572227825304,3.7198795190273373,14.303427908528217,18.522154101871973,0.4019527163843808,0.28200387880302674,6,0.9691799718854612,0.8168308215003777,0.17286271314960755,0.0,0.0,0.0,0.0836943650416035,0.08916834810800406
665,1,0,1,0.07125969409994552,3.7911392131272827,14.488241305563221,18.602459938986925,0.38623088626583774,0.26535117730007207,6,1.0857587844099617,0.8206395502600048,0.19424718972898591,0.0,0.0,0.0,0.09433098071125828,0.09991620901772762
666,1,0,0,-0.16846739011490158,3.6226718230123813,14.604508015831424,18.615302968652554,0.3724709988783724,0.25073039590188123,6,0.956377271047588,0.8272675311137536,0.1702840127139372,0.0,0.0,0.0,0.08255932432479221,0.08772468838914499
667,1,2,0,-0.23372948003037744,3.388942342982004,14.770196901839586,18.686656173781813,0.3570949212136815,0.46828234571327254,6,1.0675373657495228,0.8304952746120995,0.19094266601014098,0.09600210110965635,0.0,5.551115123125783e-17,0.09225646598814516,0.09868620002199582
668,1,0,1,0.07124029851264106,3.460182641494645,14.939648087010994,18.761776025667483,0.34150376441867786,0.45167217370459684,6,1.080992363947608,0.8364213268905352,0.19320797282207577,0.0,0.0,0.0,0.0935469407700215,0.09966103205205432
669,1,0,1,0.07146641488936496,3.53164905638401,15.064689162548888,18.774594177586025,0.32714713413684654,0.43691511959408286,6,0.9803948302734019,0.8425356028169618,0.17468210635407186,0.0,0.0,0.0,0.08613978169098847,0.08854232466308339
670,1,2,1,0.006429007236943044,3.538078063620953,15.198834864497616,18.79104685195493,0.31244576038790667,0.48511916886953815,6,0.9965804598210057,0.8459820835033729,0.17749322927641034,1.1214907175644975,0.0,5.551115123125783e-17,0.08820824249363907,0.08928498678277126
671,1,0,1,0.07145713014995554,3.6095351937709084,15.306958731392456,18.80225257364776,0.2983864578886655,0.47039095640133927,6,0.9690766314989803,0.8497470429113139,0.1727250898046399,0.0,0.0,0.0,0.08435581499544705,0.08836927480919288
672,1,0,1,0.07146441114496747,3.680999604915876,15.409036974469606,18.81132360334843,0.28442748356860664,0.45571700673233356,6,0.9638795554038266,0.8527302826260054,0.17179754393438756,0.0,0.0,0.0,0.08375384592035333,0.08804369801403426
673,1,0,1,0.07142295622485499,3.752422561140731,15.524084474480535,18.825568575811005,0.27002003559756904,0.4409041350156723,6,0.9848014869189543,0.8555090144454509,0.17532191812619308,0.0,0.0,0.0,0.08644468782622534,0.08887723029996775
674,1,2,1,0.006429605872447787,3.758852167013179,15.632574919674228,18.83667627900823,0.2557176855731741,0.4852927542180184,6,0.9783394746482078,0.8587413262572886,0.17405757483825898,1.1454248100940339,0.0,0.0,0.0858141001463697,0.0882434746918893
675,1,0,0,-0.1687906677402012,3.5900614992729776,15.777858865827625,18.898028138944383,0.24017627126034893,0.4690036116191118,6,1.0683670860566097,0.8617312799670616,0.1909833414703912,0.0,0.0,0.0,0.09324848587695103,0.09773485559344018
676,1,0,1,0.07118173658850435,3.661243235861482,15.92705559334007,18.962759952906552,0.22445160656595167,0.45259620511231513,6,1.0808257165939115,0.8668971751193003,0.19279242720716297,0.0,0.0,0.0,0.09434798816638346,0.09844443904077949
677,1,0,1,0.07135146014334587,3.732594696004828,16.047089551837146,18.976155731049985,0.20954625205959365,0.4377201786329266,6,1.0056751252966774,0.8722453886561654,0.17868828591447988,0.0,0.0,0.0,0.08943212703814832,0.08925615887633156
678,1,0,1,0.07119465373507707,3.803789349739905,16.180947294278177,19.029790839958032,0.1940513304368514,0.42156169308380503,6,1.0630739834212573,0.8755811320721782,0.18992044303118255,0.0,0.0,0.0,0.09296952973645348,0.09695091329472906
679,1,0,1,0.07133732335027469,3.87512667309018,16.291696047229244,19.040106953726223,0.17924342998698325,0.40676195651265834,6,1.001333320075163,0.8802684533559053,0.17764582212608943,0.0,0.0,0.0,0.08884740269920899,0.08879841942688044
680,1,0,1,0.07115134305425569,3.9462780161444355,16.426441421225668,19.09337009024055,0.16355275454247145,0.3906109587071806,6,1.071303585534642,0.8832950750238868,0.1910500394999376,0.0,0.0,0.0,0.09414405266707068,0.09690598683286691
681,1,0,0,-0.16873588106714701,3.7775421350772884,16.54880385534895,19.10728918454458,0.14824834456501854,0.37566893230118054,6,1.0242768162139666,0.8879952877866557,0.1814786183007176,0.0,0.0,0.0,0.09182645986471752,0.08965215843600007
682,1,0,1,0.07125490418151173,3.8487970392588,16.672326073360896,19.121315148762434,0.13282429988520578,0.36070333720975717,6,1.0289505082271337,0.8914023259973384,0.1823378386274166,0.0,0.0,0.0,0.09254426807887645,0.08979357054854013
683,1,0,1,0.07123686212737718,3.9200339013861774,16.798301378598058,19.134879077969988,0.11725227655507175,0.34576464962156633,6,1.0343802649978013,0.8948410305530832,0.18306426550994884,0.0,0.0,0.0,0.09343213998080417,0.08963212552914468
684,1,0,1,0.07112093793811622,3.9911548393242935,16.919044097246193,19.1827397383996,0.1016152197208459,0.32972719359015196,6,1.0669328904919446,0.8983295114142013,0.19004707719384195,0.0,0.0,0.0,0.09382234100535518,0.09622473618848676
685,1,0,1,0.07117238706933778,4.0,17.048528775697047,19.200320411884128,0.08577596647916173,0.3146430928275787,6,1.0496099478265324,0.9025445958911448,0.1855401240255446,0.0,0.0,0.0,0.09503551945010505,0.09050460457543956
686,1,0,0,-0.16892146164736382,3.831078538352636,17.128763005739287,19.24631399059418,0.07128223078767824,0.29861652177922765,6,1.0324490384418168,0.9062212296895296,0.18312184043900703,0.0,0.0,0.0,0.09403472484189085,0.09615942629010618
687,1,0,1,0.07112048040049107,3.902199018753127,17.12161696832505,19.26399599090096,0.0595676752783428,0.28347236422655,6,0.9199128878008811,0.9093769249083367,0.16115227837207857,0.0,0.0,0.0,0.09697592015993901,0.09086494531606581
688,1,0,1,0.07114119341685382,3.973340212169981,17.056886304270428,19.28117683556447,0.04948557324225792,0.2683604057038979,6,0.8620905045895388,0.9096403239806503,0.151164363352422,0.0,0.0,0.0,0.09605427610664591,0.09067175113591272
689,1,0,0,-0.1689465087500237,3.804393703419957,16.978393152785802,19.32804194414305,0.03971734506392858,0.2522651625512284,6,0.8768235355898254,0.9084515784958724,0.15518082798599328,0.0,0.0,0.0,0.09549088401483757,0.09657145891601716
690,1,0,1,0.07118391399893316,3.87557761741889,16.903496814981885,19.34051806662201,0.030026088007342976,0.23724364413051005,6,0.8452406620982746,0.9076608774232212,0.14827665286382335,0.0,0.0,0.0,0.09368934717530257,0.09012911052430975
691,1,1,1,0.006068480316001471,3.8816460977348917,17.032074177153866,19.38315123885789,0.26408047946342833,0.22124075024051712,6,1.0773109064479511,0.9061003720400975,0.19169101460344556,0.0,0.0,0.0,0.09567365126348785,0.09601736333995772
692,1,1,1,0.006206515377205783,3.8878526131120976,17.13346036350551,19.391164728168075,0.47872302712531467,0.20625791540044647,6,1.0197803110621237,0.9103806354002939,0.18031256173752636,0.1217291613315794,0.0,5.551115123125783e-17,0.09041555269710265,0.08989700904042372
693,1,0,1,0.0712187385201065,3.959071351632204,17.218143638653377,19.40317703646214,0.4640702912953197,0.19110939892509002,6,1.009811210733771,0.9131156272918396,0.1788075138321082,0.0,0.0,0.0,0.0879164149799694,0.0908910988521388
694,1,0,1,0.07098077777501823,4.0,17.342381013764076,19.469275263860233,0.4480746757185472,0.17428497579573668,6,1.1058686193866758,0.915533016877888,0.19692023223675498,0.0,0.0,0.0,0.09597369346063507,0.10094653877611989
695,1,0,1,0.0709752492647964,4.0,17.4627344477158,19.53075077490999,0.4321053116876632,0.1575543905191862,6,1.1021203519420941,0.9202914069406077,0.196199695844607,0.0,0.0,0.0,0.09581618418530409,0.1003835116593029
696,1,0,1,0.07120441174888258,4.0,17.53482281247078,19.53404532872159,0.4175868962302591,0.142584902469847,6,1.0002200491322197,0.9248371305656448,0.17692742104045983,0.0,0.0,0.0,0.08711049274442476,0.08981692829603509
697,1,0,1,0.07114539111684684,4.0,17.62016330216762,19.54567319337942,0.4026486049739631,0.12737828382231095,6,1.023690057884484,0.9267217035298092,0.18086945942299285,0.0,0.0,0.0,0.08962974753777628,0.09123971188521657
698,1,0,1,0.07117686057397048,4.0,17.68831137438625,19.54434810906809,0.38812462974583756,0.11255295173359119,6,0.9959689002959748,0.929145912388676,0.1760958439010717,0.0,0.0,0.0,0.08714385136875315,0.08895199253231853
699,1,0,1,0.07112703103794357,4.0,17.773110444227655,19.555359618897988,0.37310522340697766,0.09737677185299021,6,1.0266270667576587,0.9308164870863586,0.18117351731676481,0.0,0.0,0.0,0.09011643803315902,0.09105707928360579
700,1,0,1,0.07095671037915607,4.0,17.8780923133137,19.60856262146471,0.3572762691034408,0.0808383414934938,6,1.0913966232309082,0.9332117515781411,0.19420430797819974,0.0,0.0,0.0,0.0949737258212212,0.09923058215697853
701,1,0,1,0.07111266086965677,4.0,17.954641552024604,19.611830792597967,0.3423591386565932,0.06584468076998712,6,1.0169837832136217,0.9371663733694603,0.17946474702212578,0.0,0.0,0.0,0.08950278268108582,0.08996196434104
702,1,0,0,-0.16905049940548672,3.8309495005945133,18.055681691404153,19.660109266967652,0.32650863488665655,0.0494319648060991,6,1.088480422364798,0.9391618086155642,0.19357931840294784,0.0,0.0,0.0,0.09510302261961975,0.09847629578332814
703,1,0,1,0.07113345120288013,3.9020829517973934,18.12527357690494,19.660238662500777,0.3116712040625879,0.03450558617813198,6,1.0126160549932095,0.9428947739592952,0.17858285671221483,0.0,0.0,0.0,0.08902458494441208,0.08955827176780276
704,1,0,1,0.07093727657522295,3.9730202283726164,18.22370913546371,19.703117491768538,0.29578366446616366,0.018228785669869966,6,1.085952193811675,0.9446378059851429,0.19298604062811744,0.0,0.0,0.0,0.0953252375785454,0.09766080304957206
705,1,0,1,0.07107841396856002,4.0,18.303416513006535,19.61839580295937,0.28054980541406643,0.005845129127304304,6,0.9431563544144614,0.9481706656808063,0.16570509356797689,0.0,0.0,0.0,0.0914031543125829,0.09053844746543363
706,1,0,1,0.07092277712747982,4.0,18.396382349389725,19.268893362130008,0.26468551748273395,0.0026972717008462784,6,0.6915087034529768,0.9480453078991476,0.11407287214674328,0.0,0.0,0.0,0.09518572758799515,0.0984359603919147
707,1,0,1,0.07111215639674213,4.0,18.460433348075238,18.902785505607294,0.24977141227649444,0.00028863675229349236,6,0.6395750349507918,0.9416318927879933,0.10393644092875376,0.0,0.0,0.0,0.08948463123743705,0.0912971513133268
708,1,0,1,0.07110859391717464,4.0,18.533101925870838,18.4440704320772,0.23456586910248514,0.0,6,0.5480339756075716,0.9340804713420633,0.0929650795578167,0.0,0.0,0.0,0.09123325904405574,0.09363330851512051
709,1,0,1,0.0711379619652361,4.0,18.60511719913843,17.98296867127527,0.21931916085273784,0.0,6,0.5353428214143592,0.924429308948701,0.09148024949848382,0.0,0.0,0.0,0.09148024949848382,0.09452791215624179
710,1,0,1,0.07109520150429956,4.0,18.69117855497936,17.533394454493386,0.2036079908633569,0.0,6,0.5511892858193922,0.9147021467603424,0.09426701993628564,0.0,0.0,0.0,0.09426701993628563,0.09704050230336664
711,1,0,1,0.0710940688578863,4.0,18.748440702056364,17.095059593131054,0.18849431155933205,0.0,6,0.5245416109514899,0.9056143252368187,0.090682075824149,0.0,0.0,0.0,0.09068207582414901,0.10312294196948388
712,1,2,1,0.0060960199997486374,4.0,18.801588233102873,17.24113874008264,0.17345045090347788,0.23256683860516944,6,1.095314185377783,0.8960875073796855,0.19486213230410865,0.0,0.0,0.0,0.09026316393512517,0.1045989683689835
713,1,0,1,0.07112359174523135,4.0,18.84624101125037,17.375102800905996,0.15858641012927474,0.21534891661139458,6,1.0796850133004925,0.9010681743296379,0.19249177660786784,0.0,0.0,0.0,0.08918424464521872,0.10330753196264914
714,1,0,1,0.0711168519338511,4.0,18.92004726996014,17.48165711867744,0.14302177654088635,0.19890249258043116,6,1.08589417178512,0.9055335953039092,0.19206634571611092,0.0,0.0,0.0,0.09338780153033041,0.09867854418578052
715,1,0,1,0.07110610034358063,4.0,18.994439010495178,17.58512334742183,0.1273921727736885,0.18248854567711495,6,1.087900578995367,0.9100426097159395,0.19226130402308425,0.0,0.0,0.0,0.09377762260318724,0.09848368141989704
716,1,0,0,-0.16891067220563152,3.8310893277943685,19.068777528127292,17.68549260770733,0.11171508420165825,0.16610058262834523,6,1.08919683686554,0.9144890589479251,0.19239030972479984,0.0,0.0,0.0,0.09406253143218142,0.09832777829261843
717,1,0,1,0.07106456218145223,3.902153889975821,19.110789183813164,17.805361450367908,0.09674456158276924,0.14899737179397918,6,1.0807372517423168,0.9188567533958655,0.1924424007195304,0.0,0.0,0.0,0.0898231357133341,0.10261926500619627
718,1,1,1,0.006048263829539738,3.9082021538053606,19.187635910510267,17.90040797795804,0.33091695468268545,0.1326071499342749,6,1.0947970201417583,0.9229037658545268,0.19330697255872864,0.0,0.0,0.0,0.09496564140050281,0.09834133115822583
719,1,0,1,0.07101633355881362,3.9792184873641743,19.23181994710078,18.023713043191826,0.3158244804860208,0.11519258914387455,6,1.0946901990360092,0.9272010972117077,0.19504220992239008,0.0,0.0,0.0,0.09055484517998803,0.10448736474240203
720,1,0,1,0.07100591960879803,4.0,19.27075130365217,18.138166056888373,0.30083859929537693,0.09795227285187176,6,1.0847726950052539,0.9313883247573151,0.19335718489587989,0.0,0.0,0.0,0.08991528714386317,0.10344189775201669
721,1,0,1,0.07099336143200267,4.0,19.314830691266703,18.24931575510314,0.28569900293098316,0.0807435763284058,6,1.090452019842809,0.9352229340135138,0.19408975732715833,0.0,0.0,0.0,0.09083757818636243,0.10325217914079587
722,1,0,1,0.0710554613641065,4.0,19.37169153551258,18.324486662983038,0.2703340859137037,0.0646167210369226,6,1.0711354132850235,0.939103661159246,0.18895063385257566,0.0,0.0,0.0,0.09218950210367662,0.09676113174889905
723,1,0,1,0.07106139095937744,4.0,19.420791375870692,18.39512534940471,0.25514814117831613,0.04857809453298087,6,1.0621429817421764,0.9424044549623906,0.18734742743597615,0.0,0.0,0.0,0.09111566841232568,0.09623175902365047
724,1,0,1,0.07094438083465435,4.0,19.465039205445635,18.4998236215133,0.2398828221355445,0.03139721929096403,6,1.0943440198154153,0.9453979181318851,0.19467716570873075,0.0,0.0,0.0,0.0915919142566297,0.10308525145210104
725,1,0,0,-0.1690604398929265,3.8309395601070735,19.50584338421144,18.599987695825128,0.22468532603914768,0.014265836540737842,6,1.0900898237516037,0.9491215706739735,0.193973273079738,0.0,0.0,0.0,0.0911849765783809,0.10278829650135711
726,1,1,1,0.005980388492899694,3.836919948599973,19.539325722775395,18.535842419491946,0.4549829868991056,0.002141546404753805,6,0.9219828392316902,0.9526457770009141,0.16285599938031858,0.028103776275838377,0.0,0.0,0.09011025856441436,0.10097343912129747
727,1,0,1,0.07111651181343029,3.9080364604134035,19.550147991422925,18.17166448711471,0.44079522617523187,0.0,6,0.5985235398269796,0.9518792035566837,0.09797584277176517,0.0,0.0,0.0,0.08512656434324234,0.09433423626321753
728,1,0,0,-0.16903579932057558,3.739000661092828,19.5804138400817,17.717372874936842,0.4258640514399145,0.0,6,0.5190195484443473,0.943045311963441,0.08958704841190393,0.0,0.0,0.0,0.08958704841190394,0.10535515402931092
729,1,0,1,0.07100020317584681,3.810000864268675,19.603714312806638,17.27443855306342,0.41112042105403973,0.0,6,0.5128108187269778,0.9324446678754635,0.08846178231524887,0.0,0.0,0.0,0.08846178231524887,0.10648519645187236
730,1,0,1,0.07104480928386862,3.8810456735525434,19.620348386501995,16.842577589236836,0.39653797738258306,0.0,6,0.5067269315155223,0.9219538216467515,0.08749466202873962,0.0,0.0,0.0,0.08749466202873962,0.10622278174997543
731,1,0,1,0.07118330431360699,3.9522289778661506,19.635884556648094,16.421513149505913,0.382144887205564,0.0,6,0.5060448798086492,0.9115731493934708,0.08635854106211446,0.0,0.0,0.0,0.08635854106211446,0.09965240425404367
732,1,0,1,0.07118681459112983,4.0,19.655171717711852,16.010975320768267,0.36763416547605626,0.0,6,0.5101842749799588,0.9014349426538502,0.08706433037704664,0.0,0.0,0.0,0.08706433037704665,0.10054345906065484
733,1,0,1,0.07122217662477426,4.0,19.668595260852054,15.61070093774906,0.3532718171368589,0.0,6,0.5048028360830041,0.8916536759620028,0.08617409003518431,0.0,0.0,0.0,0.08617409003518431,0.10040299492938345
734,1,0,1,0.07117757656250558,4.0,19.696942570044676,15.220433414305333,0.33847455313231983,0.0,6,0.5200621907139213,0.881982404965028,0.08878358402723449,0.0,0.0,0.0,0.08878358402723449,0.1029989928821915
735,1,0,1,0.07121785359395176,4.0,19.691764177306823,14.8399225789477,0.32444308510402037,0.0,6,0.48724517151326446,0.8729343996087503,0.08418880816979664,0.0,0.0,0.0,0.08418880816979663,0.10635813134468222
736,1,0,1,0.0712680525327917,4.0,19.679340836535356,14.468924514474008,0.31062300985674984,0.0,6,0.4798707636612043,0.8632921689063633,0.08292045148362318,0.0,0.0,0.0,0.08292045148362316,0.10499330389033237
737,1,0,1,0.07130938012122737,4.0,19.658672674477756,14.107201401612157,0.2970500418806719,0.0,6,0.471315358855783,0.8537066337752341,0.08143780785646747,0.0,0.0,0.0,0.08143780785646747,0.10399681670554725
738,1,0,1,0.07130679020916023,4.0,19.67127420410584,13.754521366571854,0.2826911405371482,0.0,6,0.5040683464900253,0.8441468519022479,0.08615340806114219,0.0,0.0,0.0,0.08615340806114219,0.10297857039799153
739,1,0,1,0.07138481883707556,4.0,19.63993951846855,13.410658332407557,0.2694339162900405,0.0,6,0.46044716946536063,0.8356448892669424,0.0795433454826464,0.0,0.0,0.0,0.07954334548264638,0.10278650256150884
740,1,0,1,0.07141866657914765,4.0,19.607683165358907,13.07539187409737,0.25622068272977405,0.0,6,0.45874213485206833,0.8262649462719028,0.07927940136159853,0.0,0.0,0.0,0.07927940136159853,0.1023251617127697
741,1,0,1,0.07145505275174222,4.0,19.57450418974534,12.748507077244934,0.2430659244353723,0.0,6,0.4570131035204048,0.8170768759864069,0.07892854976641059,0.0,0.0,0.0,0.07892854976641059,0.10143123265521195
742,1,0,1,0.0714713430574242,4.0,19.54400277681426,12.42979440031381,0.22984938174405797,0.0,6,0.4588611918125556,0.8080752816747568,0.07929925614788604,0.0,0.0,0.0,0.07929925614788602,0.1015077891517006
743,1,0,1,0.0715054435412815,4.0,19.5079565927589,12.119049540305964,0.21681052776718723,0.0,6,0.45255388536499697,0.7993449294282018,0.07823312386122439,0.0,0.0,0.0,0.07823312386122439,0.09982311769616364
744,1,0,1,0.07154830699143798,4.0,19.468198137605572,11.816073301798315,0.2039049084794975,0.0,6,0.447940459665644,0.7906751533266216,0.07743371572613852,0.0,0.0,0.0,0.07743371572613854,0.09890591770886965
745,1,0,0,-0.1684163472754374,3.8315836527245626,19.42579263214266,11.520671469253358,0.19109550523732208,0.0,6,0.44429944797722415,0.7821067859850973,0.07685641945305222,0.0,0.0,0.0,0.07685641945305222,0.0970799690152434
746,1,0,1,0.0716151559753882,3.9031988086999507,19.38225215500916,11.232654682522025,0.17835051374140856,0.0,6,0.4421043386700668,0.7736616025349005,0.07646994897548118,0.0,0.0,0.0,0.07646994897548118,0.09675768244648533
747,1,0,0,-0.16832984980106278,3.734868958898888,19.331785836998527,10.951838315458973,0.16583159506022474,0.0,6,0.4340899858645987,0.7653726709382797,0.07511351208710301,0.0,0.0,0.0,0.07511351208710301,0.09363199320912602
748,1,0,0,-0.16844270553276694,3.566426253366121,19.339596546743568,10.678042357572497,0.15182919470698053,0.0,6,0.49110535567000224,0.7570906038114376,0.08401440211946525,0.0,0.0,0.0,0.08401440211946523,0.09595845992138019
749,1,0,1,0.07176521943822686,3.6381914728043476,19.279813402953238,10.411091298633188,0.1396084123424324,0.0,6,0.4237067698782585,0.7504409726079017,0.07332469418728879,0.0,0.0,0.0,0.07332469418728879,0.09077177614948129
750,1,0,1,0.07163146096025055,3.709822933764598,19.27888968728191,10.150814016167358,0.12588902131826996,0.0,6,0.4810716194025057,0.7422726175396606,0.08231634614497467,0.0,0.0,0.0,0.08231634614497468,0.09299896811880853
751,1,1,0,-0.2332898465428646,3.4765330872217333,19.26192430337206,9.897043665763174,0.36262761283601913,0.0,6,0.46500685827219607,0.7357425925862319,0.07956845089350498,0.0,0.0,0.0,0.07956845089350498,0.08952442480623723
752,1,1,1,0.006847753688584071,3.4833808409103173,19.212599124345815,9.649617574119095,0.48768750712790654,0.0,6,0.4322229285580581,0.7289741992283809,0.073874957232561,0.6757656770161149,0.0,1.1102230246251565e-16,0.073874957232561,0.0855417409680018
753,1,0,1,0.07195325411763166,3.555334095027949,19.12713070224362,9.408377134766116,0.47632697782104616,0.0,6,0.3948465560064488,0.7215554174616228,0.06816317584116202,0.0,0.0,0.0,0.06816317584116201,0.08510445702120933
754,1,0,1,0.07191113079889465,3.6272452258268433,19.072993522982404,9.173167706396963,0.46423980872290055,0.0,6,0.42404108829487475,0.7133876959252434,0.07252301458887372,0.0,0.0,0.0,0.07252301458887374,0.0831302574505688
755,1,2,0,-0.23312786690538706,3.394117358921456,19.033178240653807,9.412319585421894,0.4517933887466517,0.2360741716759924,6,0.9054906274308195,0.7061540307344842,0.15823348980153892,0.0,0.0,0.0,0.07467851985749326,0.08355496994404565
756,1,0,0,-0.1680167646814147,3.2261005942400414,18.966399562817912,9.636220852871693,0.44009543030008214,0.22234898301826034,6,0.8682600352657952,0.7111374456518926,0.15253888262580925,0.0,0.0,0.0,0.07018775067941671,0.08235113194639254
757,1,0,1,0.07195620956511789,3.298056803805159,18.906462900440708,9.88216090840855,0.42818665536261363,0.2078182521004507,6,0.9010689035518941,0.7150655103922402,0.15863703513166866,0.0,0.0,0.0,0.07145264962481127,0.08718438550685739
758,1,1,1,0.006878675740788948,3.3049354795459482,18.86517144631074,10.120343069723035,0.48766915652345916,0.19327425686731922,6,0.916606302405742,0.7197155952212315,0.16124903225803403,1.0691199321756817,0.0,5.551115123125783e-17,0.07398506085924496,0.0872639713987891
759,1,0,1,0.07192549776105048,3.3768609773069986,18.80990421037389,10.35089572522388,0.4757677024171143,0.17874376294426927,6,0.8999232824648444,0.7246378629008443,0.1585916881763686,0.0,0.0,0.0,0.07140872463806897,0.08718296353829967
760,1,0,1,0.07183786988507841,3.448698847192077,18.773497283790263,10.588566478606902,0.4633645472786121,0.16383327446839166,6,0.9302838251893375,0.7290199983899442,0.16388186168627947,0.0,0.0,0.0,0.07441893083101342,0.08946293085526605
761,1,0,0,-0.16824798139023905,3.2804508658018383,18.75439954525593,10.8366905510732,0.45050956732845443,0.148414523680851,6,0.963077927991894,0.734051594059929,0.16964238442618965,0.0,0.0,0.0,0.07712987970094588,0.09251250472524374
762,1,0,1,0.07174518389427088,3.352196049696109,18.73910144374993,11.08407944500329,0.43756199694143333,0.1328202362838939,6,0.9718680448323194,0.7397772524082282,0.17125114670386968,0.0,0.0,0.0,0.07768542232212694,0.09356572438174274
763,1,0,1,0.07171353046023746,3.4239095801563466,18.72715858357338,11.329193093432451,0.4245208761300734,0.11709292604942682,6,0.9787503104714429,0.7455795222188305,0.1726105862749621,0.0,0.0,0.0,0.07824672486815973,0.09436386140680234
764,1,0,1,0.07164893842348825,3.495558518579835,18.72831683965239,11.580354108518877,0.4111260707406926,0.10098771514947519,6,1.0037280630905814,0.7514087919251458,0.1770000977359942,0.0,0.0,0.0,0.08036883233628445,0.09663126539970975
765,1,0,0,-0.168248950103979,3.3273095684758562,18.68456336186501,11.816685506480455,0.39887778669279067,0.08511492072860816,6,0.9502946938784791,0.7577167737042818,0.1687264708126138,0.0,0.0,0.0,0.07348970428741154,0.09523676652520223
766,1,0,1,0.07165366130058264,3.398963229776439,18.682492614902344,12.054652590178172,0.38560712701095884,0.06900530017939503,6,0.9984275584436888,0.7625312217086366,0.17628168138627,0.0,0.0,0.0,0.07962395809099128,0.09665772329527872
767,1,0,1,0.0717045846084794,3.4706678143849183,18.647023253219402,12.287903662221916,0.37316895541346057,0.05282141486452477,6,0.9662103404878146,0.7684286301270129,0.17173234147421076,0.0,0.0,0.0,0.0746290295849892,0.09710331188922158
768,1,0,0,-0.16835135098443774,3.831648649015562,18.61835014796935,12.517302845293795,0.36054859943384326,0.03659544521594117,7,0.9740992507078543,0.7733731728860331,0.17307795376920576,0.0,0.0,0.0,0.07572213587770417,0.09735581789150158
769,1,0,1,0.071528560453923,3.903177209469485,18.641591476954453,12.75369601535152,0.3466125449063671,0.019989991523055382,7,1.0380258238744131,0.7783913248315786,0.18324904932217084,0.0,0.0,0.0,0.0836163271648561,0.09963272215731474
770,1,0,1,0.07149231589488027,3.9746695253643654,18.669680263607418,12.846036257370827,0.3325227326451225,0.007341857837507471,7,0.905311215979917,0.7848821873076495,0.16042767568075558,0.0,0.0,0.0,0.08453887356746811,0.10032803364030804
771,1,0,0,-0.16857487083414696,3.8060946545302183,18.712208083657206,12.664351514934015,0.3180059938305668,0.002169145059313013,7,0.6487359906374346,0.7878929130244561,0.11813670955650064,0.0,0.0,0.0,0.08710043288733389,0.10187170874150381
772,1,0,1,0.07161594231604358,3.8777105968462617,18.68551503446068,12.399802208484179,0.30528689511130896,0.0,7,0.49317163431841377,0.7844139899647806,0.08932946267142546,0.0,0.0,0.0,0.07631459231554737,0.09765326764254895
773,1,0,1,0.07162829305462795,3.94933888990089,18.658933257681745,12.089807153272073,0.29258225114817854,0.0,7,0.44055609908258375,0.7771329310736215,0.0762278637787826,0.0,0.0,0.0,0.0762278637787826,0.0970363911711232
774,1,0,0,-0.1683351740630865,3.7810037158378034,18.628867369635195,11.78756197444027,0.2799899833613887,0.0,7,0.436407443395491,0.7687185102738455,0.07555360672073907,0.0,0.0,0.0,0.07555360672073909,0.09601975491718265
775,1,0,1,0.0717055099514955,3.8527092257892988,18.592711793111313,11.492872925079265,0.26758800843366454,0.0,7,0.42956610771700143,0.7604107336018866,0.07441184956634489,0.0,0.0,0.0,0.07441184956634489,0.09422554856858367
776,1,1,1,0.006739653727701585,3.8594488795170006,18.559226688731826,11.205551101952281,0.4874792476036749,0.0,7,0.4313326904482929,0.7521396179547645,0.07470911066922678,0.10594345431071128,0.0,5.551115123125783e-17,0.07470911066922678,0.0933159864429715
777,1,0,1,0.07176433325327145,3.931213212770272,18.522613774468844,10.925412324403474,0.47517337550150796,0.0,7,0.42736775295531704,0.7441194447671027,0.07383523261300173,0.0,0.0,0.0,0.07383523261300173,0.09429618696242031
778,1,0,1,0.07165519432268382,4.0,18.532348012185984,10.65227701629339,0.4617050925071238,0.0,7,0.47279958207885925,0.7362006524718081,0.08080969796630426,0.0,0.0,0.0,0.08080969796630426,0.09498425987057646
779,1,0,1,0.07185567434502131,4.0,18.47602233746413,10.385970090886055,0.44997679352620373,0.0,7,0.40698302558279537,0.7296156257119844,0.07036979388552073,0.0,0.0,0.0,0.07036979388552073,0.08998110434206431
780,1,0,0,-0.16825855356771202,3.831741446432288,18.47475768711184,10.126320838613903,0.4368476052711053,0.0,7,0.4606359080843125,0.7215498107087546,0.07877512953059049,0.0,0.0,0.0,0.07877512953059049,0.09107040955557577
781,1,1,1,0.006810489090687962,3.8385519355229762,18.462519198305948,9.873162817648554,0.48718566670456,0.0,7,0.449630453371906,0.7150269631431436,0.07688599977264014,1.1210856316266318,0.0,5.551115123125783e-17,0.07688599977264014,0.08866728565355426
782,1,0,0,-0.1679100911022384,3.670641844420738,18.36021136419487,9.62633374720734,0.476809950178315,0.0,7,0.35925514584657225,0.7083920503988625,0.062254299157469634,0.0,0.0,0.0,0.06225429915746963,0.08054240909247974
783,1,0,1,0.07189694983563313,3.742538794256371,18.340458946852333,9.385675403527157,0.4642885992255606,0.0,7,0.4392528667623332,0.6996636277850554,0.07512810571652608,0.0,0.0,0.0,0.07512810571652608,0.0852123710271955
784,1,0,1,0.07204697149348273,3.814585765749854,18.27471023017057,9.151033518438979,0.45297058187626343,0.0,7,0.3927627569895454,0.6931533587594874,0.06790810409578363,0.0,0.0,0.0,0.06790810409578363,0.08174511677386391
785,1,0,1,0.0721282777047856,3.8867140434546394,18.193172185976984,8.922257680478005,0.4421383504318865,0.0,7,0.375329711560679,0.6856435937152388,0.06499338866626145,0.0,0.0,0.0,0.06499338866626145,0.07776639592612379
786,1,0,1,0.07212534179184038,3.95883938524648,18.12321178602634,8.699201238466054,0.4310473162959401,0.0,7,0.38486890469877977,0.6778857466613748,0.06654620481567836,0.0,0.0,0.0,0.06654620481567836,0.07755076890862764
787,1,0,1,0.0719717505882081,4.0,18.108037337756677,8.481721207504403,0.41856937143291556,0.0,7,0.43790584638099794,0.6705603256123098,0.07486766917814688,0.0,0.0,0.0,0.07486766917814688,0.07940153439189004
788,1,0,1,0.07198152552643924,4.0,18.096134858046575,8.269678177316793,0.4060032337115072,0.0,7,0.440798453733811,0.6647439636315271,0.07539682632845027,0.0,0.0,0.0,0.07539682632845027,0.07789081245800111
789,1,0,1,0.07232023877196699,4.0,17.99087428363196,8.062936222883874,0.39597941144779897,0.0,7,0.3471427970365514,0.6591453258840843,0.06014293358224991,0.0,0.0,0.0,0.06014293358224992,0.06759614084019504
790,1,0,0,-0.16768262995589966,3.8323173700441004,17.89874725891989,7.861362817311776,0.38565863234660247,0.0,7,0.35764483237872935,0.6513452626628958,0.06192467460717892,0.0,0.0,0.0,0.06192467460717892,0.06773346298919172
791,1,0,1,0.07236750659094199,3.9046848766350424,17.806081391796873,7.664828746878982,0.3754182410297571,0.0,7,0.35480281434998273,0.6440027519057917,0.06144234790107171,0.0,0.0,0.0,0.06144234790107171,0.06576763072689969
792,1,0,1,0.07217067291894874,3.9768555495539912,17.780495445980925,7.473208028207007,0.36345549752908046,0.0,7,0.41956608897897374,0.6367727534668964,0.07177646100406057,0.0,0.0,0.0,0.07177646100406057,0.06866037179568686
793,1,0,1,0.07247674277701716,4.0,17.672175211492267,7.286377827501831,0.3537407483169126,0.0,7,0.3361921516608627,0.6313425868546984,0.05828849527300695,0.0,0.0,0.0,0.05828849527300695,0.06078447257988481
794,1,0,1,0.07224427639124986,4.0,17.64129997161855,7.104218381814286,0.34202449241870775,0.0,7,0.4109291404135913,0.6239638259748524,0.07029753538922881,0.0,0.0,0.0,0.0702975353892288,0.06462090395636083
795,1,0,1,0.0725717024268566,4.0,17.523320296187002,6.926612922268928,0.33268702630455915,0.0,7,0.3230528238589148,0.618637958835821,0.05602479668489207,0.0,0.0,0.0,0.05602479668489207,0.05644284018124076
796,1,0,1,0.0723435521989042,4.0,17.483444081220444,6.753447599212206,0.32133563574577845,0.0,7,0.39820679243811696,0.6112483304613983,0.06810834335268429,0.0,0.0,0.0,0.06810834335268427,0.059929838654378204
797,1,1,1,0.007626281936918348,4.0,17.369183388281115,6.584611409231901,0.4906635206800924,0.0,7,0.32282540909118085,0.6059222920108163,0.05601887591944579,0.42801381447467035,0.0,0.0,0.05601887591944579,0.053923059308035204
798,1,2,1,0.007616424478470933,4.0,17.265877340893795,6.735338030200583,0.48112802939934957,0.24081336075410034,7,0.6462654435191872,0.5988448699378255,0.11233278315985434,0.0,0.0,0.0,0.05721294768445656,0.0551198354753978
799,1,0,0,-0.16739454600161663,3.8326054539983834,17.171378967485445,6.890400709177395,0.4714045632914407,0.23137304185786997,7,0.660594689845823,0.6000303842773594,0.11498271002483616,0.0,0.0,0.0,0.05834079664745372,0.05664191337738245
800,1,0,1,0.07255209220258732,3.9051575462009707,17.08864504449619,7.056275059281319,0.4614097672570268,0.22150326737681905,7,0.6846849190312424,0.6015444919165711,0.11918742309278788,0.0,0.0,0.0,0.0599687762064826,0.059218646886305265
801,1,0,0,-0.16743636894215633,3.7377211772588144,17.004262178200378,7.218218667833558,0.45151894338920195,0.2116170449532322,7,0.6811837448508654,0.6036230025944378,0.11866227774847117,0.0,0.0,0.0,0.05934494320694971,0.05931733454152146
802,1,0,1,0.07242742253765606,3.8101485997964706,16.95791288155047,7.386709690002055,0.4406876977654209,0.20137764326387889,7,0.7277037466694359,0.6055620211508486,0.1264238838788062,0.0,0.0,0.0,0.06498747374268644,0.061436410136119765
803,1,2,1,0.007337130136126597,3.817485729932597,16.9290650763616,7.569861242989005,0.42939499612532545,0.4405717567459085,7,0.762919312086891,0.6086155642888131,0.13259152894839454,0.0,0.0,0.0,0.06775620984057215,0.06483531910782239
804,1,0,1,0.07245077433987329,3.8899365042724705,16.873890909754902,7.738422369964282,0.41880253210302915,0.4299843540797203,7,0.7258601183523458,0.6124731579837651,0.12707920013090754,0.0,0.0,0.0,0.06355478413377802,0.06352441599712953
805,1,0,1,0.07240675448320584,3.962343258755676,16.830596666459478,7.931230607353076,0.40787730141257983,0.4186711854956087,7,0.7648218260863492,0.6153078319929797,0.13343039564736445,0.0,0.0,0.0,0.06555138414269576,0.06787901150466871
806,1,0,1,0.07242252485920063,4.0,16.775577770378593,8.111724813073163,0.3973107733916272,0.4075420937005987,7,0.7445209914845166,0.6190456818453138,0.130173718895777,0.0,0.0,0.0,0.06339916812571639,0.06677455077006064
807,1,0,1,0.07237766467483712,4.0,16.732301888618288,8.30077026473434,0.38644330484209366,0.396020352873477,7,0.7679521344871636,0.622182564586294,0.13433525625993126,0.0,0.0,0.0,0.06520481129720102,0.06913044496273024
808,1,0,1,0.07226939206578066,4.0,16.713015581324903,8.494985102596958,0.3749777651585866,0.3841112091959528,7,0.8007553344030541,0.6258268038338157,0.14024810016618708,0.0,0.0,0.0,0.06879323810104206,0.07145486206514501
809,1,0,1,0.07229333884017002,4.0,16.68645683993764,8.683303961178037,0.3637200060165679,0.3722313958433725,7,0.7919601342918621,0.6302000170980466,0.13882543496759436,0.0,0.0,0.0,0.06754655485211256,0.0712788801154818
810,1,0,1,0.07219133676480657,4.0,16.682938061930646,8.887632723321541,0.35184435878625364,0.35971630138897653,7,0.8350540041643988,0.634244020027892,0.14634445010826116,0.0,0.0,0.0,0.07125388338188537,0.0750905667263758
811,1,0,1,0.07215485417321746,4.0,16.684445214776744,9.096714287624025,0.3398229450248347,0.346913156616367,7,0.8498529867798869,0.6392642696313047,0.14894735120417066,0.0,0.0,0.0,0.07212848256851367,0.07681886863565698
812,1,0,0,-0.16777473353411373,3.8322252664658865,16.66317030919887,9.29901660053022,0.32837481558048603,0.3342195964474106,7,0.8255563948883387,0.6445289875600193,0.14485013767983015,0.0,0.0,0.0,0.06868877666609179,0.07616136101373837
813,1,0,1,0.07209848279521708,3.9043237492611036,16.67547366590913,9.510833278036891,0.3160624750797343,0.32100455903071384,7,0.8731747069601604,0.6490546727432273,0.15316426750469128,0.0,0.0,0.0,0.07387404300451064,0.07929022450018067
814,1,1,0,-0.23285732669646084,3.671466422564643,16.66767993322529,9.727839094430069,0.48816868837549204,0.30750300094053085,7,0.8638697573079895,0.6546576735986506,0.15199721828814533,0.3963748504784056,0.0,5.551115123125783e-17,0.07098786974704749,0.08100934854109784
815,1,0,1,0.07206656147217692,3.7435329840368197,16.678226191086793,9.95128742451487,0.47591054393128557,0.2935237670142293,7,0.8938825636376881,0.659887975691384,0.15742427022304872,0.0,0.0,0.0,0.0735488666652391,0.0838754035578096
816,1,0,1,0.07202588682005874,3.8155588708568784,16.69310673978822,10.176379962620597,0.4635229738760644,0.2793285172076884,7,0.9057109271971955,0.6657378403900416,0.15949691917057204,0.0,0.0,0.0,0.07432542033132691,0.08517149883924512
817,1,0,1,0.07206791723060862,3.887626788087487,16.685237525183403,10.397860122876734,0.45168932442167486,0.26508628013806895,7,0.88534811321154,0.6717371675602205,0.15645531914405367,0.0,0.0,0.0,0.07100189672633728,0.08545342241771638
818,1,0,1,0.07199809988419924,3.959624887971686,16.693736502943224,10.628384756038411,0.43940970424568254,0.250421094612198,7,0.916101052123002,0.6770774412015035,0.1616688342111797,0.0,0.0,0.0,0.07367772105595394,0.08799111315522574
819,1,1,1,0.0070003651162995825,3.9666252530879857,16.69667591035678,10.850857730477106,0.4878576341494231,0.2358026558306693,7,0.9084654133267919,0.6830530314745409,0.1605648277926336,1.1364582254740951,0.0,0.0,0.0728541951034613,0.08771063268917231
820,1,0,1,0.07186590678717689,4.0,16.7361983921358,11.085393296526018,0.4747687613996905,0.2205839084506028,7,0.9627463888487787,0.6886883410208472,0.16984572077879456,0.0,0.0,0.0,0.07853323649839543,0.09131248428039916
821,1,0,1,0.07181771812318292,4.0,16.780681742040315,11.32339932956025,0.461522543695929,0.2050579004596833,7,0.9780291751552908,0.6955397922165455,0.17263335416808578,0.0,0.0,0.0,0.0794773062225689,0.09315604794551688
822,1,0,0,-0.16820778939812972,3.8317922106018703,16.82914712085764,11.55779776176064,0.44812803944963625,0.18945395481812474,7,0.9854658378077326,0.7026020267900142,0.17399069932710787,0.0,0.0,0.0,0.0803670254777564,0.09362367384935145
823,1,0,1,0.07184890447449688,3.903641115076367,16.850591313023116,11.78796060707701,0.43537303532888066,0.1738127592391501,7,0.9612806595473052,0.7096736220654571,0.17037719819838162,0.0,0.0,0.0,0.07653002472453392,0.0938471734738477
824,1,0,1,0.07172595733079885,3.975367072407166,16.90638658375543,12.021086737929252,0.4217245850181834,0.157863713809373,7,1.0048851995870547,0.7159637980025033,0.17758497444284677,0.0,0.0,0.0,0.08189070186418405,0.09569427257866273
825,1,1,1,0.006711777793118405,3.9820788502002844,16.961590095346246,12.251493432237876,0.4863362218366969,0.14180240703193173,7,1.0087970389415564,0.723186833042117,0.1783505096444664,1.0303475101091,0.0,5.551115123125783e-17,0.08198266897981867,0.09636784066464774
826,1,0,1,0.07170731692250085,4.0,17.01022795700124,12.479274533726487,0.4728245422665463,0.12559542157090225,7,1.0067460513332138,0.730327088189603,0.17831199018708024,0.0,0.0,0.0,0.08107007742090347,0.09724191276617682
827,1,0,1,0.07162518465054642,4.0,17.073824691206823,12.714985619931081,0.458859632725736,0.10899251167002073,7,1.0365453826783675,0.7372375622681933,0.18340691665015085,0.0,0.0,0.0,0.08378945724486173,0.09961745940528907
828,1,0,0,-0.16828046100270705,3.831719538997293,17.088398660601623,12.933285981969906,0.44612390883644454,0.09270853619052699,7,0.9775945892120721,0.7447202577784477,0.17411819621271166,0.0,0.0,0.0,0.0764143433357492,0.09770385287696248
829,1,0,1,0.07170885512182242,3.9034283941191155,17.10697971039535,13.147383582293378,0.433254448905439,0.07637173404789065,7,0.9832207661814862,0.7505421160642882,0.1752375724418513,0.0,0.0,0.0,0.07721675958603325,0.09802081285581811
830,1,0,1,0.0715647057166617,3.974993099835777,17.17775157196469,13.367426791897564,0.41902028941246544,0.05969928534019505,7,1.0471741534907477,0.7563590823172183,0.18543964920401476,0.0,0.0,0.0,0.0854049569578412,0.10003469224617353
831,1,0,1,0.07163708412109863,4.0,17.202422318653486,13.578817099731527,0.4059089627320454,0.04310359997009907,7,0.9996905136193137,0.7636294590965564,0.1782420723030959,0.0,0.0,0.0,0.07866796008251994,0.09957411222057594
832,1,0,1,0.07158141963359066,4.0,17.239524272602445,13.675000015294778,0.3924300863292098,0.02935802966371759,7,0.9028158549718335,0.7695309854596255,0.16334668025530244,0.0,0.0,0.0,0.08087325841701362,0.10107156145684187
833,1,0,1,0.0715880547458105,4.0,17.274995794417976,13.576973848980096,0.3789840707687943,0.020408240842175834,7,0.71030846269828,0.7728631071974306,0.13437482629174333,0.0,0.0,0.0,0.08067609336249276,0.10092857279771675
834,1,0,1,0.07158960395735516,4.0,17.30868059884868,13.394775894714037,0.36556180652613407,0.014561570920194814,7,0.6227860912495989,0.7712992410849518,0.11561360498784777,0.0,0.0,0.0,0.08053358545596165,0.10081443585960131
835,1,0,0,-0.16836556391731916,3.831634436082681,17.32934316424589,13.208906866199905,0.35248033680106844,0.00904690098563442,7,0.6023799492221444,0.7675864123390681,0.11157683795775633,0.0,0.0,0.0,0.07848881835039394,0.09862863117865854
836,1,0,1,0.07154593126848456,3.9031803673511654,17.394540715242492,12.969645535827354,0.3382535396748783,0.005485432946110245,7,0.5893924713851963,0.763456250761145,0.10672959099428511,0.0,0.0,0.0,0.08536078275714007,0.09994797120777882
837,1,0,1,0.07169089064282382,3.974871257993989,17.400233864393257,12.709911877272912,0.32553647768547267,0.002797621286058534,7,0.5050641468730681,0.7591046562767463,0.09242924189674465,0.0,0.0,0.0,0.07630237193643437,0.09723015268057762
838,1,0,0,-0.1684036957170092,3.80646756227698,17.455653059658765,12.453891643852353,0.3115342180081298,0.000225639473089137,7,0.552152605386606,0.7527536435416542,0.09944544894187372,0.0,0.0,0.0,0.08401355806405734,0.09817365039479443
839,1,0,1,0.07159709950561788,3.878064661782598,17.509948029061203,12.147959700110185,0.2975235472770827,0.0,7,0.4961016432480444,0.747738617587778,0.0854178612248172,0.0,0.0,0.0,0.08406402438628238,0.09845433272915513
840,1,0,0,-0.1683868555683497,3.709677806214248,17.562884847445687,11.844260707607429,0.28351556077398077,0.0,7,0.4906855191110151,0.7414476932292847,0.0840479190186118,0.0,0.0,0.0,0.0840479190186118,0.09760844855991496
841,1,0,1,0.07179303798700686,3.781470844201255,17.553864616499883,11.548154189917245,0.271102125294013,0.0,7,0.4300518902403372,0.735178638876328,0.07448061287980655,0.0,0.0,0.0,0.07448061287980656,0.0941741891269137
842,1,0,1,0.07182083277941985,3.8532916769806747,17.53762235161655,11.259450335169312,0.2588942538045676,0.0,7,0.42260435052916523,0.7275504701604282,0.07324722893667257,0.0,0.0,0.0,0.07324722893667258,0.09214576098465062
843,1,2,1,0.0068349443251624915,3.860126621305837,17.528201381310012,11.490525723997507,0.24651338534503586,0.23454126036557624,7,0.9415812356913024,0.7199268171696467,0.167037648563733,0.0,0.0,0.0,0.07428521075719043,0.09275243780654256
844,1,0,1,0.07167766702273849,3.9318042883285758,17.571515673594526,11.733131709548932,0.23272226487829598,0.21852135278175489,7,1.011388455468627,0.7254681776326881,0.17886616830336735,0.0,0.0,0.0,0.0827467228004392,0.09611944550292816
845,1,2,1,0.006633313336176236,3.938437601664752,17.622267320604653,11.976628259132816,0.21869335974701395,0.45230019726809756,7,1.0268643811725993,0.7326161845785866,0.18150036386963542,0.0,0.0,0.0,0.08417343078769207,0.09732693308194333
846,1,0,1,0.07173852341893734,4.0,17.629145375395662,12.209371408497027,0.20574591385400498,0.4361820651682447,7,0.9795935936486556,0.7399723894934367,0.17439346795717164,0.0,0.0,0.0,0.07768467535805382,0.09670879259911783
847,1,0,1,0.07169899749410284,4.0,17.643797652223743,12.442737389803584,0.19257357163029012,0.419871632049949,7,0.9939811777319539,0.7459629195973172,0.176896652052063,0.0,0.0,0.0,0.07903405334228898,0.097862598709774
848,1,0,1,0.0716958537531001,4.0,17.653014443892097,12.66525869557507,0.17953178582434456,0.4036941388751887,7,0.9839014734905218,0.7521633760506832,0.17531567388423555,0.0,0.0,0.0,0.07825071483567354,0.09706495904856202
849,1,0,1,0.07152767332674499,4.0,17.7153850689116,12.90191613519236,0.16508177374447583,0.38693473503583337,7,1.0569848931234762,0.7579568284866792,0.18725649551534407,0.0,0.0,0.0,0.08670007247921241,0.10055642303613173
850,1,0,1,0.07153407665202115,4.0,17.772764756126072,13.129825663530703,0.15072705243388518,0.3702476846123937,7,1.0507217456554145,0.7654325301025992,0.18625063040418177,0.0,0.0,0.0,0.08612832786354396,0.10012230254063781
851,1,1,1,0.006605000299816103,4.0,17.78905310834697,13.345242281723891,0.38738918997392346,0.3537567986663621,7,1.0042697309055042,0.7725647604914194,0.17897249043595984,0.0,0.0,0.0,0.08002717475977032,0.09894531567618955
852,1,0,1,0.07152740942535137,4.0,17.831696426449312,13.569124434804852,0.373425728307492,0.3367692561473705,7,1.0448828559350731,0.7783573847517716,0.18570602511253842,0.0,0.0,0.0,0.08378076999858869,0.10192525511394976
853,1,0,1,0.07154838775767765,4.0,17.849438941205733,13.792195657416,0.3600422814934257,0.3196431337176261,7,1.0258342588989207,0.7850205215313542,0.183057415462864,0.0,0.0,0.0,0.08030068088439746,0.10275673457846654
854,1,0,1,0.07151060479879139,4.0,17.874021724238464,14.012261913357534,0.34644660115622194,0.30245806998302655,7,1.0356899039398058,0.7910408649655434,0.18468446443081996,0.0,0.0,0.0,0.081574082023223,0.10311038240759694
855,1,0,0,-0.16848866721417535,3.8315113327858246,17.911631169828595,14.20788538633397,0.3325718139037625,0.2858077744235196,7,1.0303900095064722,0.7971570909399,0.1831504968717981,0.0,0.0,0.0,0.08324872351475632,0.09990177335704178
856,1,0,1,0.07147105310277461,3.902982385888599,17.956701893827237,14.406199966914832,0.31846504192767844,0.2689367037401414,7,1.046373218483566,0.8029879139040642,0.18586705595677386,0.0,0.0,0.0,0.0846406318565045,0.10122642410026936
857,1,0,1,0.07137786487100835,3.974360250759607,18.01985112371588,14.609806225709216,0.3038257871003564,0.25178246292723655,7,1.075828035201582,0.8090725465185518,0.19076097384136143,0.0,0.0,0.0,0.08783552896393249,0.10292544487742893
858,1,0,0,-0.16859618121911105,3.805764069540496,18.071485407817434,14.79743353010031,0.2894668601850156,0.23494768792942275,7,1.055003022228275,0.8157414337356275,0.18716221147892778,0.0,0.0,0.0,0.08615356149204476,0.10100864998688303
859,1,0,1,0.07141926026412045,3.8771833298046166,18.09820509470285,14.996125354342809,0.27566010836862537,0.21761972038700808,7,1.0471344845758548,0.8217229734479436,0.18680831615282897,0.0,0.0,0.0,0.08284051089834134,0.10396780525448762
860,1,0,1,0.07138091674313679,3.9485642465477535,18.131272759449622,15.191708527496985,0.2616467987056358,0.20024888398602905,7,1.056009099127092,0.8273582612261414,0.18830487638381152,0.0,0.0,0.0,0.08407985797793731,0.1042250184058742
861,1,0,1,0.07131139421124852,4.0,18.200138647259372,15.374327439840108,0.24672330530481054,0.18314576922199857,7,1.0845593323265381,0.8330745321736652,0.19215964898913465,0.0,0.0,0.0,0.08954096040495153,0.1026186885841831
862,1,0,0,-0.1686612601756857,3.8313387398243144,18.25847279545571,15.537535254827294,0.23207003153536235,0.1664808665137604,7,1.0609036153610096,0.839361652177487,0.18790905886611825,0.0,0.0,0.0,0.08791964261668932,0.09998941624942895
863,1,0,0,-0.16866246649605318,3.662676273328261,18.29100119589882,15.714722706062911,0.21796464651505457,0.14926870216259377,7,1.0546160529358022,0.8449002012570752,0.1879052962288466,0.0,0.0,0.0,0.0846323101218467,0.10327298610699989
864,1,0,1,0.0713108908006428,3.733987164128904,18.35007271547427,15.869363855060023,0.20322394742304042,0.13259637307878783,7,1.063855766121602,0.8501430975490432,0.1884781690549205,0.0,0.0,0.0,0.08844419455208484,0.10003397450283569
865,1,0,0,-0.16871208170216528,3.565275082426739,18.387125720421462,16.04067226895618,0.18891873333747847,0.11532170279696281,7,1.0638473331067093,0.8554859142633573,0.18947930620432166,0.0,0.0,0.0,0.08583128451337162,0.10364802169095003
866,1,0,1,0.0712692464462151,3.636544328872954,18.453587807378504,16.19018736702712,0.17390116093226005,0.09858945825402532,7,1.0766721347624286,0.8606949497344409,0.19049890168893557,0.0,0.0,0.0,0.09010543443131061,0.10039346725762498
867,1,0,1,0.07125002850121519,3.707794357374169,18.51961487578894,16.33535402735496,0.1588531520536819,0.08187989422785548,7,1.0772881080984094,0.8660943793601408,0.19054543742848798,0.0,0.0,0.0,0.09028805327146894,0.10025738415701907
868,1,0,1,0.07116361453989743,3.7789579719140667,18.60207412073187,16.48583460378598,0.1432818337415779,0.06493440821513279,7,1.104314043952554,0.8713742225785974,0.19510082594895994,0.0,0.0,0.0,0.09342790987262378,0.10167291607633616
869,1,0,1,0.07117018387662899,3.8501281557906957,18.678983629196857,16.629449736730805,0.12781187280820447,0.04806869394836299,7,1.0977223595227572,0.8771977181129464,0.1940140512008595,0.0,0.0,0.0,0.0928197656002407,0.10119428560061877
870,1,0,1,0.07118105813088658,3.921309213921582,18.715307677325058,16.77763869375297,0.11329924714603368,0.030961643382909295,7,1.067223839298552,0.8827108341481917,0.18971805736574693,0.0,0.0,0.0,0.08707575397302475,0.10264230339272214
871,1,0,1,0.07114266200556224,3.9924518759271446,18.79252948079145,16.82818157415643,0.09775288947793738,0.016964741769753808,7,1.0150883431468105,0.8873236592769507,0.17725955568751067,0.0,0.0,0.0,0.09327814600857778,0.1004418459041757
872,1,0,1,0.0710820495694378,4.0,18.88190232007399,16.73488633997261,0.08180150440572205,0.006996425107255319,7,0.8865953814724155,0.8905177763736972,0.15551821040828304,0.0,0.0,0.0,0.09570831043329209,0.10203000953452979
873,1,0,1,0.07106282905209425,4.0,18.961594292827897,16.543084285398663,0.06611421296744255,0.0007289893357556605,7,0.7783096346811208,0.890419716501165,0.13172836325867493,0.0,0.0,0.0,0.09598441839577349,0.10255220894521361
874,1,0,0,-0.16897496978079282,3.831025030219207,18.91393262830475,16.164498666379966,0.05429574950153321,0.0,7,0.46136968091381836,0.887616964455664,0.07528471680999002,0.0,0.0,0.0,0.09730785600646902,0.10519741174254554
875,1,0,0,-0.16887739781983138,3.6621476323993756,18.81403087518879,15.760386199720466,0.043976108882893473,0.0,7,0.37294656259166176,0.8769607823671178,0.061917843711838394,0.0,0.0,0.0,0.09470362382514531,0.10308179915193286
876,1,0,1,0.07117441487047538,3.733322047269851,18.71007798108239,15.366376544727455,0.033830414310637165,0.0,7,0.36639787777331734,0.8643604268727315,0.060874167433537844,0.0,0.0,0.0,0.09377820830651962,0.10329732954306171
877,1,0,1,0.07128904095620239,3.8046110882260535,18.556063115981296,14.98221713110927,0.025045905753602677,0.0,7,0.31373708442596665,0.8519113631452461,0.052707051342206934,0.0,0.0,0.0,0.08532715444825294,0.10330555202742994
878,1,0,1,0.07120767173987827,3.8758187599659317,18.300813927139025,14.607661702831537,0.01964551445136606,0.0,7,0.20865238905725925,0.8384570061772642,0.03240234781341972,0.0,0.0,0.0,0.09480611965459418,0.10446035506537298
879,1,1,1,0.006403879669027354,3.8822226396349593,18.318491648320396,14.242470160260748,0.25590900315959625,0.0,7,0.4751980693598494,0.822711890749264,0.08241906775061884,0.0,0.0,0.0,0.08241906775061884,0.10084418843007062
880,1,0,1,0.07144807007368044,3.9536707097086397,18.338600453087686,13.88640840625423,0.2421238346577905,0.0,7,0.47807109597529823,0.8140240452145286,0.08271101101083438,0.0,0.0,0.0,0.08271101101083438,0.1022346071318433
881,1,2,1,0.006364595577209243,3.960035305285849,18.406668351046207,14.10350599053671,0.22709337847939437,0.23292727281733397,7,1.090790703724555,0.805625221483548,0.19261910016637282,0.0,0.0,0.0,0.0901827370703768,0.10243636309599599
882,1,0,1,0.07148216264591743,4.0,18.41169352160335,14.302432099864767,0.21363087417548035,0.2161734748017415,7,1.016705638424769,0.8127543585395731,0.18129781391703914,0.0,0.0,0.0,0.08077502582348423,0.10052278809355487
883,1,0,1,0.07133530775110941,4.0,18.47871901705173,14.510533868120813,0.1985473394118795,0.19903482147577034,7,1.09298040424113,0.817853140536703,0.19333312853743229,0.0,0.0,0.0,0.09050120858160515,0.10283191995582713
884,1,0,0,-0.16860655253916948,3.8313934474608304,18.499689723924252,14.711118496736226,0.18458104053011015,0.18193669622908148,7,1.0462866576172494,0.8247313221293137,0.18638654477074906,0.0,0.0,0.0,0.0837977932906161,0.10258875148013302
885,1,0,1,0.07129802294527651,3.902691470406107,18.568578012568516,14.908851869063355,0.1693867910180633,0.16479120840212824,7,1.096891866487898,0.830270205516512,0.1940384240340005,0.0,0.0,0.0,0.09116549707228103,0.10287292696171949
886,1,1,1,0.006356040945631835,3.909047511351739,18.59220767815674,15.10309563902225,0.4049566356082887,0.1475721432841234,7,1.0548091825879196,0.8369357470407968,0.18788735581273872,0.002007967353937934,0.0,0.0,0.08457296510470966,0.10331439070802904
887,1,1,1,0.006284464658654737,3.9153319760103935,18.645843903913438,15.29268581435976,0.48520995162363656,0.1303109387105059,7,1.0856089840236858,0.8423825829294748,0.19230751769988572,0.9297398136497322,0.0,5.551115123125783e-17,0.0887402902581806,0.10356722744170513
888,1,0,1,0.07128624862760768,3.986618224638001,18.6666864536722,15.498604566355521,0.4711829617643342,0.11234918549138677,7,1.0752245447113515,0.8484632429568301,0.19193245847052837,0.0,0.0,0.0,0.08416193915581367,0.10777051931471468
889,1,0,0,-0.16868836129796902,3.8179298633400323,18.678803110997364,15.687867245834628,0.45737728787490123,0.09472806755249262,7,1.0555116123049653,0.854132275500693,0.18856075096996308,0.0,0.0,0.0,0.08283404333659812,0.10572670763336495
890,1,2,1,0.006261896441094973,3.8241917597811272,18.703495141683334,15.879668049680856,0.44321082021626207,0.326891467340435,7,1.0756595934529964,0.8591667589207999,0.19201840722418093,0.0,0.0,0.0,0.08499880595183527,0.10701960127234564
891,1,0,1,0.07127560337876683,3.895467363159894,18.74692176160874,16.046989759993448,0.42858924172963436,0.309653062448133,7,1.075327410022102,0.8645790797841049,0.1911599002735777,0.0,0.0,0.0,0.08772947091976567,0.10343042935381205
892,1,0,1,0.07122426035219322,3.9666916235120873,18.799246859031605,16.213770975045623,0.4136958086892259,0.29232177851551366,7,1.0889541005150947,0.8698477880400548,0.19334830183816734,0.0,0.0,0.0,0.08936059824245146,0.10398770359571588
893,1,0,1,0.07117789184320174,4.0,18.838363672360547,16.397566524610525,0.39901778206012933,0.2743434546688143,7,1.0982378087457723,0.8753254458519308,0.19593810285477506,0.0,0.0,0.0,0.0880681597745788,0.10786994308019626
894,1,0,1,0.07118823857634134,4.0,18.870593058104163,16.569481545818903,0.3845120893280553,0.25656583936637917,7,1.0850426618762747,0.8808982549242768,0.19369984820705516,0.0,0.0,0.0,0.08703415639244422,0.10666569181461098
895,1,0,1,0.0712514471929777,4.0,18.90876822702751,16.699928253399783,0.36994578817445745,0.23994562265133546,7,1.0546237416023012,0.8860018650980768,0.18711910721184893,0.0,0.0,0.0,0.087397806921587,0.09972130029026194
896,1,0,1,0.07114260307520161,4.0,18.947225022136145,16.864774121892857,0.3552095718225457,0.22217779761024703,8,1.0935200756123893,0.8902174120106824,0.1950242483580012,0.0,0.0,0.0,0.08841729811147062,0.10660695024653052
897,1,0,1,0.0712062431730178,4.0,18.991644174510235,16.989084742089005,0.340419130148698,0.20553317556452655,8,1.0640297511709664,0.8952999786007251,0.18861038231740956,0.0,0.0,0.0,0.08874265004308636,0.09986773227432319
898,1,0,1,0.07114273335849396,4.0,19.021925691146468,17.137894861273118,0.3258507074669856,0.18802794187920738,8,1.0786098587353292,0.8995182229149811,0.19244193820218924,0.0,0.0,0.0,0.08741053609027465,0.10503140211191464
899,1,0,1,0.07116453472237073,4.0,19.073484016392218,17.254523234514924,0.31082099513799205,0.17143637470557882,8,1.0721822122980424,0.9039955138104898,0.18972767701573276,0.0,0.0,0.0,0.09017827397396122,0.09954940304177151
900,1,0,1,0.07108877408603412,4.0,19.11144443805102,17.397052156620532,0.2959796730568839,0.15394653375656828,8,1.0886895250370867,0.9082001812726785,0.19398697818071214,0.0,0.0,0.0,0.08904793248664887,0.1049390456940633
901,1,0,1,0.07106992790134073,4.0,19.149026363079265,17.53520762252353,0.2811121004208353,0.1364932020751508,8,1.0884498057980305,0.9127124148667889,0.19392542590479625,0.0,0.0,0.0,0.08920543581629149,0.1047199900885048
902,1,0,0,-0.16893386577699923,3.8310661342230006,19.187148356949933,17.665700310208187,0.26621213925103143,0.11917415144232762,8,1.0857205311953968,0.9171058496400699,0.19331407081576246,0.0,0.0,0.0,0.08939976701882327,0.1039143037969392
903,1,0,1,0.07105168091736339,3.902117815140364,19.224746201600432,17.79020536261307,0.25129072070686315,0.10193333235324498,8,1.0834241137343383,0.9213212166789531,0.1929734257995053,0.0,0.0,0.0,0.08952851126500946,0.10344491453449582
904,1,0,1,0.07102644255145525,3.9731442576918194,19.2674007931384,17.915035743918075,0.23621172282524075,0.0846152460530708,8,1.09285876194831,0.9253737891053376,0.19438250509077953,0.0,0.0,0.0,0.09047398728973458,0.10390851780104499
905,1,0,1,0.07102204497075051,4.0,19.30585036466489,18.03065659738875,0.22122700244292415,0.06746855035585501,8,1.0836313384235723,0.929560913426412,0.19278849647719415,0.0,0.0,0.0,0.08990832229389949,0.1028801741832947
906,1,0,1,0.07105423943983048,4.0,19.369042685679293,18.113807684899797,0.20567738462081678,0.05126221932557277,8,1.0797560825767927,0.933412674051341,0.19053569311433774,0.0,0.0,0.0,0.09329770693264425,0.09723798618169349
907,1,0,1,0.07100086755038082,4.0,19.407186602065792,18.22213935654657,0.19063090182144485,0.034199348128454966,8,1.0835468472977525,0.9370712592644773,0.19265612397893842,0.0,0.0,0.0,0.09027889679623162,0.10237722718270681
908,1,1,1,0.005981464056230585,4.0,19.446325320706727,18.31093662227242,0.4255396363330719,0.0177024522973748,8,1.0686691333320926,0.9407331489653092,0.18952896791671858,0.0,0.0,0.0,0.09054759293023756,0.10224747086503151
909,1,0,1,0.07111571595779163,4.0,19.462529551374587,18.20007369346515,0.4112788168362355,0.007308931022938103,8,0.849272850435065,0.9439315485744788,0.14792604462763878,0.0,0.0,0.0,0.08556491698101862,0.09544524633286537
910,1,0,0,-0.16902312299120642,3.8309768770087937,19.492711366210784,17.928833953605924,0.39640791499624156,0.002637175464067084,8,0.700507156097969,0.9415650811209935,0.11725594439318973,0.0,0.0,0.0,0.08922541103996362,0.1045038777625493
911,1,0,1,0.07113769676041908,3.9021145737692127,19.51691640382434,17.60263443922767,0.3818668618777537,9.506432944420458e-05,8,0.6335441562307211,0.9355386329954178,0.10249898551866406,0.0,0.0,0.0,0.08724631871092677,0.09685218304247135
912,1,0,1,0.07105429197952642,3.973168865748739,19.539137867343705,17.167131666060307,0.3671918569845904,0.0,8,0.5147074614282954,0.9279887710763003,0.08862041533564573,0.0,0.0,0.0,0.0880500293589805,0.10481998275432866
913,1,0,1,0.0711315613575085,4.0,19.574582120323015,16.737953374408796,0.35228827160326576,0.0,8,0.5239226996629045,0.9176567383351002,0.08942151228794752,0.0,0.0,0.0,0.08942151228794754,0.09958738086320532
914,1,0,1,0.07111638058768892,4.0,19.585165873958292,16.319504540048577,0.3379011144881834,0.0,8,0.4999483066433549,0.9078133873682953,0.08632294269049444,0.0,0.0,0.0,0.08632294269049444,0.10557069139006434
915,1,0,1,0.07120473896200236,4.0,19.606956419958337,15.911516926547362,0.3233524191189849,0.0,8,0.5114196928490023,0.8976167603501719,0.08729217221519087,0.0,0.0,0.0,0.08729217221519087,0.10028649162446543
916,1,0,1,0.07118893788459628,4.0,19.609073899613094,15.513729003383677,0.30918470536495085,0.0,8,0.4922913901537138,0.8879618336626426,0.08500628252420402,0.0,0.0,0.0,0.08500628252420402,0.10589419270685178
917,1,0,1,0.071174643723318,4.0,19.645011915420994,15.125885778299086,0.2942004041690041,0.0,8,0.5261648632982245,0.8780700725749194,0.08990580717568036,0.0,0.0,0.0,0.08990580717568036,0.10379841970765985
918,1,2,0,-0.2337334014305225,3.7662665985694774,19.634718642160667,15.323478737192357,0.280360184137745,0.23250579285136105,8,1.0565721279759452,0.869272442343002,0.18800656307938868,0.0,0.0,0.0,0.08304132018755497,0.10496524289183368
919,1,0,1,0.07122958370503972,3.837496182274517,19.656874784873896,15.508616039734935,0.2657125426398576,0.2152087653304143,8,1.0812483797396348,0.8739549344838257,0.19166801411300458,0.0,0.0,0.0,0.0878858489873243,0.10378216512568028
920,1,0,1,0.07123556075160943,3.9087317430261264,19.652229728769584,15.700885075951673,0.25168184636327956,0.1975433303379013,8,1.0667612507276458,0.8791372706152207,0.1901767876145462,0.0,0.0,0.0,0.08418417765946795,0.1059926099550783
921,1,0,1,0.07120784561455602,3.9799395886406823,19.64822282673019,15.884701022101513,0.2376285187597874,0.1800015978122214,8,1.0636369142284778,0.8838278701180314,0.18957036077503236,0.0,0.0,0.0,0.08431996562095298,0.10525039515407933
922,1,2,1,0.006152578509928414,3.986092167150611,19.682874601389976,16.05076067942164,0.22262031975818256,0.4128741880015974,8,1.0890345282007028,0.8883230962207926,0.19281365287337265,0.0,0.0,0.0,0.09004919400962921,0.10276445886374344
923,1,0,0,-0.16880108095565027,3.8172910861949605,19.680144004372472,16.22496000909645,0.20847199305518282,0.39530258940749935,8,1.064809614677603,0.8933408820202904,0.19031955178258705,0.0,0.0,0.0,0.08488996021799819,0.10542959156458886
924,1,0,0,-0.16879528034371127,3.6484958058512493,19.697281741866785,16.374616908175472,0.19390611928889787,0.378363080054448,8,1.0644222369100562,0.8976276003367232,0.18903229871601807,0.0,0.0,0.0,0.08739524259771013,0.10163705611830795
925,1,0,1,0.07120283839065703,3.719698644241906,19.715242298999527,16.519634162607232,0.1792965754302752,0.36146014891403205,8,1.0647752778155506,0.9017974662510565,0.18907484999423207,0.0,0.0,0.0,0.08765726315173591,0.10141758684249619
926,1,0,1,0.07117020638991929,3.7908688506318255,19.73899142909996,16.65889569387338,0.16451959223139237,0.3446345448745283,8,1.0688825729067588,0.905871911540169,0.18961552343031876,0.0,0.0,0.0,0.08866189919329681,0.10095362423702198
927,1,1,1,0.0061151574359789625,3.7969840080678043,19.776202220487082,16.802413841433705,0.3993336464227408,0.32761030319788254,8,1.0906761170217805,0.9099471780743337,0.19326112491178463,0.0,0.0,0.0,0.09111567485190983,0.10214545005987481
928,1,0,1,0.07117189863996762,3.8681559067077718,19.78370210797999,16.935831073117917,0.384997389149017,0.31068559302481696,8,1.0553825207251402,0.9144654015480198,0.18756580468073628,0.0,0.0,0.0,0.08601754364234272,0.10154826103839354
929,1,0,0,-0.16892363489668824,3.6992322718110837,19.79340950531239,17.09972974304845,0.3704712824004319,0.2927380879870169,8,1.091594396790379,0.9179883295274477,0.19484167071831032,0.0,0.0,0.0,0.08715664049150994,0.1076850302268004
930,1,0,1,0.07105384032297314,3.7702861121340567,19.807385535102476,17.26088347294945,0.35582968265047743,0.27477041692603205,8,1.0974582409001032,0.9223284812090211,0.19565562486563656,0.0,0.0,0.0,0.0878495984997275,0.10780602636590907
931,1,0,1,0.07108247564559428,3.841368587779651,19.811315915665723,17.40707126606638,0.3414455567181891,0.25711871436945694,8,1.0768248988814788,0.9267067252012982,0.19221497093318018,0.0,0.0,0.0,0.08630475559372956,0.10591021533945064
932,1,0,1,0.07100795177028879,3.9123765395499395,19.83253328551948,17.557352148138584,0.32658662039704384,0.23927561667177868,8,1.1019579314692667,0.9304596795433027,0.1962122041129415,0.0,0.0,0.0,0.08915361792687183,0.10705858618606964
933,1,0,1,0.0711445684058409,3.9835211079557804,19.841080178973343,17.653784071206086,0.31221741589947916,0.22300141762458778,8,1.0397259523628124,0.9347471358414517,0.18386042126853316,0.0,0.0,0.0,0.08621522698538782,0.09764519428314535
934,1,0,1,0.07109810850684335,4.0,19.860953750880192,17.753970626049103,0.29751888713626456,0.20654332744971335,8,1.0574317330043523,0.9373716062544858,0.18693971362853454,0.0,0.0,0.0,0.08819117257928784,0.0987485410492467
935,1,0,1,0.07105825034820978,4.0,19.890499763740983,17.852136917000095,0.2825283157762655,0.19005775346319068,8,1.0680854132350155,0.9403731094232324,0.1888568720791303,0.0,0.0,0.0,0.08994342815999418,0.09891344391913609
936,1,0,1,0.07103739801189002,4.0,19.92556242197891,17.947114866476504,0.2673593932592005,0.17360254220276475,8,1.0736065247328619,0.9435659170185269,0.18974480266494556,0.0,0.0,0.0,0.0910135351023901,0.09873126756255546
937,1,0,1,0.07103875708166403,4.0,19.95917183893037,18.03638247999603,0.25220542754925657,0.1572691562039197,8,1.0696939626823718,0.9468169322113854,0.18892411025273384,0.0,0.0,0.0,0.0909237942596634,0.09800031599307042
938,1,0,1,0.07101051621622391,4.0,19.995496103370883,18.12411041771577,0.23695591607264757,0.14092719242994334,8,1.073941060133409,0.94988885797316,0.1895488515035122,0.0,0.0,0.0,0.09149706885965408,0.09805178264385815
939,1,0,1,0.07102043707020293,4.0,20.028145756991417,18.20706947950058,0.2217813863829612,0.12465426483410517,8,1.068598878432514,0.9529901630271662,0.18868474371314728,0.0,0.0,0.0,0.09104717813811838,0.0976375655750289
940,1,0,1,0.07101146140553713,4.0,20.060383967040224,18.285777771470396,0.20659854732364435,0.10849279104077937,8,1.0668268829309262,0.9558803809123,0.18806587711585573,0.0,0.0,0.0,0.0910970343559008,0.0969688427599549
941,1,0,1,0.07097811145106667,4.0,20.097706451809948,18.36650245914738,0.19124750671877622,0.09220410598042539,8,1.0767012159094729,0.9586540434627656,0.18983835399133298,0.0,0.0,0.0,0.09210624362920901,0.09773211036212393
942,1,0,1,0.07094804014361367,4.0,20.14321621986602,18.4452544465953,0.17563114255035658,0.07591029141079027,8,1.0858669782779198,0.9616052227739332,0.1914610724283286,0.0,0.0,0.0,0.09369818501051798,0.09776288741781061
943,1,0,1,0.07090910648001136,4.0,20.15801828326072,18.54985667037885,0.1606982152078449,0.058709310549099815,8,1.0841160538397905,0.9647117666615328,0.19280344922521248,0.0,0.0,0.0,0.08959756405506973,0.10320588517014274
944,1,0,1,0.07089571003049477,4.0,20.175861035632053,18.64960592051991,0.14567856630410753,0.04158361624814943,8,1.085288876353379,0.9676968738409893,0.1928720592281267,0.0,0.0,0.0,0.09011789342242436,0.10275416580570232
945,1,0,1,0.0709064164029009,4.0,20.22721626010589,18.66435683784124,0.12983968687047162,0.02717814799322329,8,1.036742815698966,0.9706366739037992,0.18146608613137225,0.0,0.0,0.0,0.09503327660181543,0.09712347646606385
946,1,0,0,-0.16907704056506356,3.8309229594349365,20.269779085427082,18.63965659373555,0.1142212105177718,0.01413880442071936,8,0.990151908664179,0.9722893274486784,0.17194691955122263,0.0,0.0,0.0,0.09371085811619904,0.09697660597497343
947,1,0,1,0.07092819379273713,3.901851153227674,20.31033844410821,18.47470275361006,0.09863927608113138,0.005561332291508149,8,0.8483414105347078,0.9727358919790658,0.14495643939510974,0.0,0.0,0.0,0.09349160661984247,0.09691179099471627
948,1,0,0,-0.16909199854110388,3.73275915468657,20.354845173927664,18.214285767545164,0.08291063299651504,0.00019687628526344515,8,0.7537157736975177,0.9696260299429568,0.12655859454516633,0.0,0.0,0.0,0.09437185850769808,0.09817335703973365
949,1,0,0,-0.16908086156453495,3.563678293122035,20.291517841211004,17.76837868504918,0.07040336427114473,0.0,8,0.45499385832417416,0.964228273536821,0.07622487006380256,0.0,0.0,0.0,0.08910777267124737,0.10364758446627892
950,1,0,0,-0.1690463875974501,3.394631905524585,20.139464915471358,17.32416921792295,0.06048350775569237,0.0,8,0.35523502029062815,0.9514974131565047,0.059519139092714154,0.0,0.0,0.0,0.08889314608056913,0.10473710348967863
951,1,0,1,0.07106036656038112,3.4656922720849663,19.956395677743572,16.891064987474877,0.051503918154384855,0.0,8,0.32041738515899676,0.9365908533348577,0.053877537607845076,0.0,0.0,0.0,0.08569099496853422,0.10325941970906959
952,1,0,1,0.07100549742629414,3.5366977695112602,19.828942519525725,16.468788362788004,0.04121258771666018,0.0,8,0.371456733725745,0.9211865166304611,0.061747982626348105,0.0,0.0,0.0,0.09505599113564106,0.10317780327085278
953,1,0,1,0.07102717410065543,3.607724943611916,19.703372391485274,16.057068653718304,0.030952460105085025,0.0,8,0.37015343494769004,0.9074432720578434,0.06156076566945089,0.0,0.0,0.0,0.09514981523674154,0.10418768732351039
954,1,0,1,0.07106946131677727,3.678794404928693,19.56577455307874,15.655641937375348,0.02111930860568827,0.0,8,0.3549864713805965,0.8940110261300895,0.058998908996380495,0.0,0.0,0.0,0.09481647575125557,0.1044157162027227
955,1,0,1,0.07106747123969642,3.7498618761683895,19.348863030615902,15.26425088894096,0.013570638177986566,0.0,8,0.2722328413641335,0.8805354122613522,0.04529202256621026,0.0,0.0,0.0,0.09599604376387363,0.10549823109413348
956,1,0,1,0.0712138970254622,3.8210757731938516,19.071965011732736,14.882644616717439,0.00793176766841896,0.0,8,0.20682355688222745,0.8653278479889217,0.03383322305740563,0.0,0.0,0.0,0.08681180586971435,0.1045395439501043
957,1,2,1,0.006286267670299392,3.827362040864151,18.738832381166667,15.082796364863254,0.004190171708097802,0.23270464062776375,8,0.7158843582910017,0.8488652407112545,0.12622173199534448,0.0,0.0,0.0,0.08561115654374057,0.10377215623341751
958,1,1,1,0.0062134368549018985,3.833575477719053,18.82247976636329,15.277791099970184,0.23835327116392543,0.2154077315142211,8,1.1241828389543025,0.8455407186507481,0.19880285794629018,0.0,0.0,0.0,0.0950214032650343,0.10378145468125588
959,1,0,1,0.0713406174242508,3.904916095143304,18.84042820912831,15.463261834087705,0.22422161777489646,0.1981289733682663,8,1.0559259485408754,0.852506771658337,0.18846246920990242,0.0,0.0,0.0,0.08478992033417361,0.10367254887572883
960,1,0,1,0.07130969188389126,3.9762257870271953,18.861511847093382,15.64371929260848,0.21000244182692054,0.18086266381300398,8,1.0591333475662474,0.8575922510804004,0.18891291301942958,0.0,0.0,0.0,0.08531505568785575,0.10359785733157387
961,1,2,1,0.006265230065899475,3.982491017093095,18.889464553688242,15.823124455122112,0.19556734235360718,0.4135092700820953,8,1.0699886476010372,0.8626307784925467,0.1907309592253321,0.0,0.0,0.0,0.0866105968398803,0.10412036238545176
962,1,0,1,0.07124076691465288,4.0,18.94660188498649,15.987275053283849,0.1803741843744692,0.39646149513394646,8,1.089102654680247,0.8678147252202588,0.1934455975637207,0.0,0.0,0.0,0.09115894787482764,0.10228664968889305
963,1,0,1,0.0712120026278733,4.0,19.00725422933368,16.14856988823498,0.16504000520700968,0.37938391081429496,8,1.0952941027550795,0.8733469234567586,0.19447058092266636,0.0,0.0,0.0,0.0920050750047571,0.10246550591790923
964,1,0,1,0.07123759036982447,4.0,19.03639772740493,16.314090618441703,0.15045573864539621,0.36204091827176027,8,1.0735598312171886,0.8788956029392165,0.19156355462488905,0.0,0.0,0.0,0.08750559936968078,0.10405795525520825
965,1,0,1,0.07120885166077284,4.0,19.06380751819211,16.473430576728877,0.1358695891579068,0.3447696288904621,8,1.0705119577205204,0.8837622086461658,0.1911446332127257,0.0,0.0,0.0,0.08751689692493644,0.10362773628778925
966,1,0,1,0.07113958239826665,4.0,19.13237275587915,16.620743677263707,0.12025131439028391,0.3277724272683179,8,1.1043092905948941,0.8884309523730247,0.19569285833860206,0.0,0.0,0.0,0.09370964860573729,0.10198320973286476
967,1,0,1,0.07116365702484448,4.0,19.16392025724417,16.774003526561863,0.10549341255027056,0.3104651869742554,8,1.0786352614917492,0.8938279108285715,0.19239085280445534,0.0,0.0,0.0,0.08854741104008026,0.10384344176437507
968,1,0,1,0.07114789848487835,4.0,19.225044436917365,16.903065300432083,0.09001870746718672,0.29379112227791365,8,1.088634048138562,0.898448094595151,0.1928926186765535,0.0,0.0,0.0,0.09284823049850295,0.10004438817805056
969,1,0,1,0.07104180792765036,4.0,19.3084208075001,17.043167756328447,0.07385334475078024,0.2767224157244204,8,1.1266815699128356,0.9032027434337362,0.19940441561939826,0.0,0.0,0.0,0.0969921762984389,0.1024122393209594
970,1,0,0,-0.16889025755195947,3.8311097424480405,19.370070300194214,17.1630954560327,0.05827431354596202,0.26013889947947405,8,1.0903669064940837,0.9087897140957137,0.19297528469858755,0.0,0.0,0.0,0.09347418722890934,0.09950109746967822
971,1,0,1,0.07109239155254247,3.902202134000583,19.403437488039383,17.30150501057103,0.043298187177367005,0.24289239571803423,8,1.0851058862891694,0.9133291439056729,0.19333578078020913,0.0,0.0,0.0,0.08985675821157006,0.10347902256863903
972,1,0,1,0.07105593547883199,3.973258069479415,19.351790817345087,17.437183208421974,0.03106237475049811,0.22562925780991042,8,1.0016550896219085,0.9176235624652604,0.17699370200995637,0.0,0.0,0.0,0.09043435358057064,0.10357882744874294
973,1,1,0,-0.23397248636457818,3.739285583114837,19.396745419680485,17.572585601907345,0.2657765496768371,0.20828511307596687,8,1.1000813464649495,0.9197243506441766,0.19577981884562745,0.0,0.0,0.0,0.09171495044196613,0.1040648684036613
974,1,0,1,0.07107230881142387,3.810357891926261,19.42772771367669,17.701228225675173,0.25088895171792797,0.1909585988231842,8,1.08385819330372,0.9242332755396958,0.1932846732701505,0.0,0.0,0.0,0.08932558775345449,0.10395908551669601
975,1,0,1,0.07107806624503035,3.8814359581712914,19.452220913076644,17.820679004192822,0.23615120891021735,0.17381237445088837,8,1.0721678764014038,0.9282238984837965,0.1913038030800388,0.0,0.0,0.0,0.08842645684626393,0.10287734623377486
976,1,0,0,-0.16896898467477026,3.712466973496521,19.486325286399143,17.943023179261615,0.2211375876137723,0.1565041430968992,8,1.0882710463230274,0.9318224979317367,0.19393111590260503,0.0,0.0,0.0,0.09008172777867005,0.10384938812393497
977,1,2,0,-0.23395249323107414,3.478514480265447,19.511626532651647,18.053148973896402,0.2063488764991561,0.38945091169432094,8,1.071160752528808,0.935733711641519,0.19105165510316702,0.0,0.0,0.0,0.08873226668769756,0.10231938841546946
978,1,0,1,0.0711692961679283,3.5496837764333753,19.536970488745784,18.126151447542934,0.1916508796425024,0.3734491558392757,8,1.0374658174043734,0.9391193876637012,0.1841985162701938,0.0,0.0,0.0,0.088187981139922,0.09601053513027175
979,1,0,0,-0.16890315058370908,3.380780625849666,19.578876844592134,18.20403549984283,0.17645250645888025,0.35724677561441553,8,1.061368456553468,0.941578048407218,0.1884045204508935,0.0,0.0,0.0,0.09119023910173295,0.09721428134916056
980,1,0,1,0.0711646013075251,3.451945227157191,19.59996703470947,18.268916682013753,0.16184636172151826,0.3414077816374099,8,1.0305441808991294,0.9445728086108742,0.18267083228620604,0.0,0.0,0.0,0.08763686842417207,0.09503396386203397
981,1,0,1,0.0711385922180626,3.5230838193752536,19.627794786969773,18.33165770568234,0.14703126914113596,0.32559757718332705,8,1.0372908688469697,0.9467220929180807,0.18375178220679086,0.0,0.0,0.0,0.08889055548229387,0.09486122672449701
982,1,2,0,-0.2339396155044436,3.28914420387081,19.675431194381446,18.403216953118577,0.1316219957033317,0.4838675357770091,8,1.0681819671642103,0.9489863123163029,0.18925042596477074,0.4535854630999624,0.0,5.551115123125783e-17,0.09245564062682543,0.09679478533794532
983,1,2,1,0.0060410357063342595,3.295185239577144,19.716692011719754,18.47776147787948,0.11632062291165547,0.48370994350191027,8,1.0677715457867143,0.9519662036875005,0.18954857573859582,1.4032052146620546,0.0,0.0,0.09180823675005743,0.0977403389885384
984,1,0,1,0.07101086045958731,3.3661961000367313,19.744401414101844,18.571602777751345,0.10131246028099879,0.4667253420039101,8,1.0764120394939325,0.9548613372399809,0.19195658477194133,0.0,0.0,0.0,0.09004897578394,0.1019076089880013
985,1,0,1,0.07098566915712942,3.437181769193861,19.77294522377538,18.662137689943194,0.08624198580766936,0.44977442523126393,8,1.0769788266617173,0.9579001047963296,0.19212834747585344,0.0,0.0,0.0,0.09042284683997674,0.1017055006358767
986,1,2,1,0.005981751587934688,3.4431635207817957,19.804660232706254,18.74981128562085,0.07108463746808066,0.4830992204915108,8,1.0802656774514936,0.9608770728429645,0.19234876708846751,1.1986465513875837,0.0,5.551115123125783e-17,0.09094409003753214,0.1014046770509354
987,1,0,1,0.07100958930918384,3.5141731100909794,19.806364654971148,18.80313471160307,0.057056272213891944,0.46722755608572325,8,1.0188896362052948,0.9638617879581777,0.17940017795985724,0.0,0.0,0.0,0.09311764037242017,0.09522998643472494
988,1,0,1,0.07105823173233751,3.585231341823317,19.66679676786512,18.847415181428442,0.04718305882515477,0.4515955021916842,8,0.8699500668836945,0.9652374841643556,0.15303160369665758,0.0,0.0,0.0,0.09080089800142593,0.09379232336423456
989,1,0,1,0.0709837242490019,3.6562150660723187,19.509206268674028,18.920866388973117,0.037825990280075154,0.4349841138230704,8,0.8787160070859257,0.9628552987323391,0.15581074148216015,0.0,0.0,0.0,0.09122627103802788,0.09966833021168249
990,1,0,1,0.07097840000758973,3.7271934660799086,19.35293812893414,18.98795217568163,0.028505712584806664,0.4185355838818036,8,0.8715694634098085,0.9607518164411787,0.1546128458192123,0.0,0.0,0.0,0.09187465508493085,0.09869117964760131
991,1,0,0,-0.1690088170028606,3.558184649077048,19.19802694924627,19.04963001846947,0.01924908799781488,0.4021926896908455,8,0.8652889207153545,0.9585222576153944,0.1535971126676996,0.0,0.0,0.0,0.09187002924180325,0.09805736514574889
992,1,0,1,0.07103009259244514,3.629214741669493,18.947581762692128,19.083693081748606,0.013166371206455163,0.38670850204594553,8,0.7398093009178914,0.9561914241928934,0.12940142661755744,0.0,0.0,0.0,0.09548773955482104,0.09290512586939914
993,1,1,1,0.005989146573926089,3.635203888243419,19.045428272099837,19.125809327444408,0.24677050251592425,0.3709662060699093,8,1.0907446262145304,0.9507818711110185,0.1928289879994024,0.0,0.0,0.0,0.09837521214318531,0.09445377585621702
994,1,0,1,0.07111029107668451,3.7063141793201035,19.094645326647875,19.156012263486645,0.23173437304667166,0.35549978712234137,8,1.0337009305788807,0.9542809399886062,0.1830152905009238,0.0,0.0,0.0,0.09021677681551549,0.0927985136854083
995,1,0,0,-0.16891306661655214,3.5374011127035514,19.152971300854865,19.18694309826714,0.21640320037433972,0.3399970848754981,8,1.0455232487408488,0.956266439753363,0.18500324951505132,0.0,0.0,0.0,0.09198703603399197,0.09301621348105933
996,1,0,1,0.07097591112230499,3.6083770238258563,19.20899506688682,19.25419826063459,0.20096365800142849,0.32328612394250383,8,1.0817767883774565,0.9584978599780503,0.1929030198354329,0.0,0.0,0.0,0.09263725423746699,0.1002657655979659
997,1,0,1,0.07106016939569561,3.679437193221552,19.267846209194776,19.28108223982666,0.18554182729620627,0.30785779297518245,8,1.0473149546880574,0.9615798331880354,0.18510097003526144,0.0,0.0,0.0,0.09253098423133353,0.09256998580392786
998,1,0,1,0.07095683600484817,3.7503940292264004,19.321544350594436,19.342594819225383,0.17009311536591842,0.2912753823835536,8,1.07893393202392,0.963723211225536,0.19218673513150028,0.0,0.0,0.0,0.09269227158172715,0.0994944635497731
999,1,0,1,0.07092368850222593,3.8213177177286264,19.376429182187945,19.40108881572947,0.15454810311280526,0.2747556396767917,8,1.0799823073430892,0.9666034792454955,0.19238852975925086,0.0,0.0,0.0,0.09327007351867907,0.09911845624057182
1000,1,0,1,0.07092944392170789,3.8922471616503342,19.426476009613403,19.456173280544448,0.13910059738707337,0.2582932431274952,8,1.0745692421883746,0.9694379499479353,0.1914594136501702,0.0,0.0,0.0,0.09268503435439132,0.09877437929577888
1001,1,0,1,0.0709257503014776,3.963172911951812,19.47785383735454,19.508956491104435,0.12359892820055966,0.24189642442509907,8,1.0762272705550684,0.9720662322539464,0.1913909273334592,0.0,0.0,0.0,0.09301001511908243,0.09838091221437677
1002,1,0,1,0.07093181837846124,4.0,19.549381939093784,19.536263121712985,0.10765174687600211,0.22630808055355445,8,1.0735049905592684,0.9746702582114743,0.18921315117661278,0.0,0.0,0.0,0.09568308794734508,0.09353006322926771
1003,1,0,1,0.07092755751663021,4.0,19.61555197808461,19.564316758365358,0.09181452271144136,0.21066654232667445,8,1.071364802163371,0.9771411265201692,0.18887257434864435,0.0,0.0,0.0,0.09502334498736462,0.09384922936127976
1004,1,0,1,0.07086047216088377,4.0,19.66651263241928,19.61844914464628,0.07618760637229606,0.1941586181559903,8,1.0845897590268416,0.9794967184112493,0.19280904305897661,0.0,0.0,0.0,0.09376149803487176,0.09904754502410487
1005,1,2,1,0.005866409717864905,4.0,19.74711162203112,19.646906461247703,0.059844542742157274,0.4284866137816914,8,1.0911803506399025,0.9821240444266391,0.19209040802662608,0.0,0.0,0.0,0.09805838178083276,0.09403202624579332
1006,1,0,1,0.07088487686849017,4.0,19.765218764129006,19.693261014947367,0.045154687911002606,0.4121433087633842,8,1.049312147879517,0.9848504520819708,0.1861989590967715,0.0,0.0,0.0,0.09333379129487582,0.09805983010984357
1007,1,0,1,0.07090468327062521,4.0,19.677819561403464,19.70995770574429,0.03386091951690495,0.39674572044639717,8,0.9157594825482888,0.9864619944769094,0.1601481402665079,0.0,0.0,0.0,0.09691059050904409,0.09238552990192195
1008,1,0,1,0.07089363229741906,4.0,19.556218451047556,19.72560118093169,0.023581485992219823,0.38134959150216613,8,0.8787367965101838,0.984694431678694,0.15405337481349696,0.0,0.0,0.0,0.09788123318641401,0.09237677366538621
1009,1,0,1,0.07085893046514058,4.0,19.356117812953023,19.770255437765947,0.015465051302390202,0.36499182747919834,8,0.8265991095392031,0.9820454907994811,0.1468451922767846,0.0,0.0,0.0,0.09464243422476877,0.09814658413780687
1010,1,0,1,0.07086537961297494,4.0,19.05130185625191,19.81181209269673,0.010826112013573122,0.3486970634893843,8,0.7149000294976484,0.9781593312679742,0.12560221967178672,0.0,0.0,0.0,0.09545203259253596,0.09776858393888427
1011,1,0,0,-0.16908319178247705,3.830916808217523,18.769684585272323,19.820652804701933,0.0058562730169292075,0.3334265587484824,8,0.6988012897493282,0.9715778487237161,0.12144206242527425,0.0,0.0,0.0,0.10018245752962732,0.09162302844541079
1012,1,0,1,0.0709566005357123,3.9018734087532354,18.463943567976703,19.829930838931617,0.0017423550113649957,0.3181372376078392,8,0.6682954516834211,0.9647584347493563,0.11641943487724513,0.0,0.0,0.0,0.09836692709244632,0.09173592684385987
1013,1,1,1,0.005916181610259517,3.9077895903634947,18.5597925313687,19.867154116181098,0.23559060298268575,0.3019212760336936,8,1.0904191008141917,0.957346860172708,0.19420628161694897,0.0,0.0,0.0,0.09691051217207564,0.09729576944487339
1014,1,1,1,0.006127668887621361,3.913917259251116,18.60876746038194,19.857781971534983,0.4709303249807557,0.28706465468999454,8,1.0002764505558674,0.9606736661887451,0.17710139607377406,0.0,0.0,0.0,0.08796166801157987,0.08913972806219421
1015,1,1,1,0.006122042697312258,3.9200393019484285,18.64689636930165,19.85359000292805,0.48560983364964,0.27205080757048755,8,0.995600676110703,0.9616637357979231,0.17642408081920183,1.3255819498845343,0.0,0.0,0.08634099810215964,0.09008308271704218
1016,1,0,1,0.07088631540917864,3.990925617357607,18.731396138523817,19.911371848274776,0.4697181091497118,0.255092457245023,8,1.1047937738746305,0.9625121593057427,0.1971004489523571,0.0,0.0,0.0,0.0953503469995699,0.10175010195278718
1017,1,0,1,0.07085969791075586,4.0,18.816353673024448,19.968319322598237,0.45375784480006276,0.23812461242871275,8,1.1079742084940603,0.9660691996699649,0.1975686549957558,0.0,0.0,0.0,0.09576158609789406,0.1018070688978617
1018,1,0,1,0.07080708421629107,4.0,18.912208082789718,20.02570425321668,0.43742961466644603,0.22113791071411917,8,1.122856165274278,0.9696168248905672,0.199889591089262,0.0,0.0,0.0,0.09796938080170066,0.10192021028756135
1019,1,0,1,0.07081384506418945,4.0,18.995241194189685,20.079373408516965,0.42139684063569377,0.20421428157692098,8,1.110150075100412,0.9734478084001601,0.19773841900770314,0.0,0.0,0.0,0.09619664418451376,0.1015417748231894
1020,1,0,1,0.07081678757338371,4.0,19.07438890491355,20.126672510729975,0.4054191193886299,0.1874419608196631,8,1.1033121780045407,0.9768653650676663,0.19650025202593005,0.0,0.0,0.0,0.09586632748238294,0.10063392454354714
1021,1,0,1,0.07081621940017062,4.0,19.15051823240927,20.16917546181641,0.38947397517067234,0.17079147927755653,8,1.0986588139732436,0.9800265353910881,0.19557375456038456,0.0,0.0,0.0,0.09567086530774509,0.09990288925263949
1022,1,2,1,0.005791377982065705,4.0,19.226487260391828,20.212367846436834,0.373477065949445,0.4040931706519007,8,1.1021537549586258,0.982992342355642,0.19617130708129846,0.0,0.0,0.0,0.09598145532736399,0.10018985175393444
1023,1,0,1,0.0710779080472101,4.0,19.2473318089295,20.19620847515972,0.35914485576424876,0.3891764525512877,8,0.9906565549312747,0.9859713776707166,0.1754935697148558,0.0,0.0,0.0,0.08599326111117728,0.08950030860367848
1024,1,0,0,-0.16917678507523096,3.830823214924769,19.318337385186094,20.235077419448935,0.34320781712531295,0.3725755545826786,9,1.0959630276480388,0.9860885071022305,0.19522761964526986,0.0,0.0,0.0,0.09562223183361557,0.09960538781165426
1025,1,0,1,0.0711782443815114,3.9020014593062804,19.304815975356522,20.186379186026485,0.3297845847625119,0.35861232973880414,9,0.9266157268638582,0.9888353701158757,0.1643187432400534,0.0,0.0,0.0,0.08053939417680615,0.08377934906324727
1026,1,0,1,0.07109120853577129,3.9730926678420517,19.316849826475757,20.16269884419812,0.31566168145654516,0.34395731144860436,9,0.9756333883254371,0.9872798790345753,0.17266752957699832,0.0,0.0,0.0,0.0847374198358004,0.08793010974119791
1027,1,2,1,0.005978793208724006,3.9790714610507756,19.36270712217232,20.15942836207803,0.3005762384068411,0.4847834376750833,9,1.0295755303433265,0.9869887167668469,0.18181203224772427,0.5637438686916266,0.0,5.551115123125783e-17,0.09051265829822408,0.09129937394950019
1028,1,0,1,0.07106358073907582,4.0,19.385869478367724,20.146627323836526,0.2860588282657068,0.46981059079157356,9,0.9984147050601553,0.9880533871062589,0.1769415421478644,0.0,0.0,0.0,0.0871044608468062,0.0898370813010582
1029,1,0,1,0.07104712201361435,4.0,19.41061276139145,20.13471832139779,0.271479188664486,0.4548224351464294,9,1.0011467006400983,0.9883124200551062,0.17740677147818962,0.0,0.0,0.0,0.08747783760732454,0.08992893387086506
1030,1,0,1,0.0710263550328527,4.0,19.447691826301643,20.125840011985325,0.2565261379826768,0.43977012377969055,9,1.016834032567461,0.988633277069731,0.1800321722912882,0.0,0.0,0.0,0.08971830409085503,0.09031386820043316
1031,1,1,1,0.006106215903337361,4.0,19.451471635715063,20.100922341887852,0.47791449155329874,0.4251929402485844,9,0.9682004352731177,0.9893382959571743,0.17151243286869924,0.08762054689420595,0.0,0.0,0.0840493316820626,0.08746310118663665
1032,1,0,1,0.07118665755940974,4.0,19.424300283815064,20.067184228655663,0.46476264691110697,0.41083257181464944,9,0.9279003843078855,0.9888098494400729,0.16507327845676012,0.0,0.0,0.0,0.07891106785315039,0.08616221060360972
1033,1,0,1,0.07079667249619503,4.0,19.489062048003056,20.122532918418,0.44888875088627717,0.3938034385062002,9,1.1073975667620968,0.9872871128117682,0.19741817599967465,0.0,0.0,0.0,0.09524337614897915,0.10217479985069551
1034,1,0,1,0.07078386559628,4.0,19.553014399156375,20.17508192810269,0.4329975980357759,0.37683346484905966,9,1.1067912349985374,0.9902898741605265,0.19716675904585013,0.0,0.0,0.0,0.09534691710300683,0.10181984194284331
1035,1,1,1,0.005774873475714886,4.0,19.613287135399094,20.22490211194596,0.48416821888801315,0.3599013779482458,9,1.1032953282674656,0.9932024081814766,0.19658320807680454,1.0979855882146556,0.0,5.551115123125783e-17,0.09499068667192102,0.1015925214048835
1036,1,0,1,0.07105855142791033,4.0,19.611739309981907,20.20568759390583,0.4702009033484782,0.3450612250156471,9,0.9751923877263091,0.9959547311836263,0.17284481083280137,0.0,0.0,0.0,0.08380389323720987,0.08904091759559155
1037,1,0,1,0.07076687131751007,4.0,19.671991626670096,20.25705195174421,0.45433573005331135,0.32808268681931363,9,1.1070523471237625,0.9954356725971935,0.19706226894900225,0.0,0.0,0.0,0.0951910397710009,0.1018712291780014
1038,1,0,0,-0.1689802114554265,3.8310197885445736,19.68285092765884,20.241876947659115,0.4399991223865429,0.3131393577816402,9,0.9939103863640059,0.9982260894603576,0.1756796202266513,0.0,0.0,0.0,0.08601964600061099,0.08965997422604029
1039,1,2,1,0.005755869128407726,3.8367756576729812,19.738620526965565,20.29051991238243,0.42421772931707835,0.4830653046408144,9,1.1025307609129902,0.9981181968829489,0.19629653057190077,0.3788361466898411,0.0,5.551115123125783e-17,0.09468835841678698,0.10160817215511381
1040,1,0,1,0.07073939567604046,3.9075150533490217,19.80207781313465,20.340981923527394,0.40818797124133804,0.46605457583427407,9,1.1146478082977525,1.0007285109836999,0.19824292129368365,0.0,0.0,0.0,0.09617854845444228,0.10206437283924139
1041,1,0,1,0.07108923154275334,3.978604284891775,19.781676036135767,20.310710985619874,0.3946075234443996,0.4514571808320324,9,0.9529037785101444,1.0035764934165514,0.1690670567950808,0.0,0.0,0.0,0.08148268678163044,0.08758437001345037
1042,1,0,1,0.0711126674174465,4.0,19.758408491246087,20.276487607195016,0.3811193185833605,0.4369945381161406,9,0.9448187522293552,1.0023096755438912,0.16770508546158547,0.0,0.0,0.0,0.0809292291662346,0.08677585629535088
1043,1,0,1,0.07075785026755667,4.0,19.814494871299146,20.32194939499098,0.3652581620427169,0.4201419075718984,9,1.1024205703100467,1.0008724024610276,0.19628272250931467,0.0,0.0,0.0,0.09516693924386177,0.10111578326545287
1044,1,0,1,0.07074872315947509,4.0,19.871205303198824,20.36433310161661,0.34934276303464457,0.40337216491553196,9,1.1025052451825617,1.0034111066572533,0.1961108499866324,0.0,0.0,0.0,0.0954923940484339,0.10061845593819851
1045,1,0,1,0.07103337555802736,4.0,19.867188145505985,20.33658638975023,0.3352731275878229,0.38872005292851913,9,0.9741245905611692,1.005888460120386,0.17233048460300643,0.0,0.0,0.0,0.08441781268092957,0.08791267192207688
1046,1,0,1,0.0709986286229706,4.0,19.874315171792517,20.319471226380827,0.3209010613007615,0.3737788357199945,9,0.9951062262985341,1.0050943633814056,0.17587970097351646,0.0,0.0,0.0,0.08623239772236845,0.089647303251148
1047,1,0,1,0.07102722781079598,4.0,19.872312349907965,20.29532344383539,0.3067887591314923,0.3590667159748387,9,0.978694055524343,1.0048446599543337,0.1729465314865502,0.0,0.0,0.0,0.08467381301561541,0.08827271847093479
1048,1,0,1,0.07075788909964628,4.0,19.92588609574117,20.33383695086361,0.2909309415327834,0.34244659370609876,9,1.0962781477050112,1.004190894843584,0.19486763920469266,0.0,0.0,0.0,0.0951469055922533,0.0997207336124393
1049,1,0,1,0.07100592004144166,4.0,19.92772686056739,20.310889522999936,0.2766818984094943,0.32769398955346435,9,0.9853864131276578,1.0064930761651196,0.17400988365554118,0.0,0.0,0.0,0.08549425873973433,0.08851562491580683
1050,1,0,1,0.07095236949809075,4.0,19.949137808857216,20.298571257157146,0.2618753632114465,0.3126553510069819,9,1.0150580920362238,1.0059654095891832,0.17907104246718214,0.0,0.0,0.0,0.08883921118828741,0.09023183127889473
1051,1,0,1,0.07098717672752589,4.0,19.956146934998344,20.277816932886495,0.24747014409233736,0.2978690287754499,9,0.9924475285208338,1.006192726650359,0.17514924810384652,0.0,0.0,0.0,0.08643131471465441,0.08871793338919212
1052,1,0,1,0.07079329636464911,4.0,19.99872447564452,20.306861444438436,0.23185933900435032,0.28155733866487054,9,1.077471148895241,1.005849096697121,0.19153497119139784,0.0,0.0,0.0,0.09366483052792199,0.09787014066347585
1053,1,0,0,-0.169227282905978,3.830772717094022,20.041015969233293,20.335278520335294,0.21622426920455054,0.2652355607636044,9,1.0783482174877053,1.007639648002074,0.19174108620639638,0.0,0.0,0.0,0.09381041879879892,0.09793066740759744
1054,1,0,1,0.07092011949712046,3.9016928365911423,20.059353800014833,20.325519819090424,0.20144054209846507,0.25009446361958443,9,1.0179864917758805,1.0094073622392148,0.179548945500632,0.0,0.0,0.0,0.08870236263651277,0.09084658286411924
1055,1,1,1,0.005791928191832038,3.9074847647829745,20.09823114655967,20.350544068411068,0.4358680315377225,0.23389342239946795,9,1.0735234363431148,1.0096218404776314,0.19064131068515466,0.0,0.0,0.0,0.09343506336445564,0.09720624732069899
1056,1,0,1,0.0707245245103044,3.9782092892932788,20.136118739608932,20.39449049082407,0.420314181140677,0.2170167031755801,9,1.0930533958365318,1.0112193803742684,0.19458341772559962,0.0,0.0,0.0,0.09332310238227269,0.10126031534332693
1057,1,0,1,0.0709757176637704,4.0,20.129640440206853,20.366533545846494,0.4061727542696596,0.2023808013724274,9,0.9788299863811749,1.013265230760825,0.1726639720450208,0.0,0.0,0.0,0.08484856122610458,0.0878154108189162
1058,1,0,1,0.0711748765618699,4.0,20.069824960005967,20.29498733101881,0.3935472363690293,0.18901051259447854,9,0.8810426546227589,1.0124043496513337,0.1559748400714752,0.0,0.0,0.0,0.07575310740378202,0.08022173266769315
1059,1,2,1,0.006350512921286292,4.0,19.978970014352395,20.17523236061723,0.3818106039599239,0.42705858842263117,9,0.7985103912204701,1.0091203072756194,0.14213133948571632,0.0,0.0,0.0,0.070419794454632,0.07171154503108429
1060,1,0,1,0.07076064698116863,4.0,20.02743267048217,20.22655295652863,0.3660211243365277,0.410137565727766,9,1.1036383114154156,1.0038550593742406,0.19626301390956788,0.0,0.0,0.0,0.09473687774037688,0.10152613616919103
1061,1,0,0,-0.1692589190758733,3.8307410809241267,20.077236523990592,20.274228467503683,0.3501612810774661,0.3932871128810118,9,1.1038290051587443,1.00634964067527,0.1962617766348952,0.0,0.0,0.0,0.09515905955437032,0.10110271708052489
1062,1,0,1,0.07112666772492089,3.9018677486490474,20.035410479671036,20.227749267590376,0.3370142285662623,0.37922538915928455,9,0.9204813805544931,1.0087866247873571,0.16325265739758577,0.0,0.0,0.0,0.07888231506722228,0.08437034233036345
1063,1,0,1,0.07079029946473232,3.9726580481137796,20.069246236845647,20.266530007892687,0.32160093008646917,0.3626131463020091,9,1.079195491158454,1.0065789936815353,0.1921532480224126,0.0,0.0,0.0,0.0924797908787593,0.09967345714365328
1064,1,0,1,0.0707523654588439,4.0,20.11401377235557,20.305779080013906,0.30586223708196686,0.3460148311064121,9,1.0924110137496013,1.0083944061184582,0.1940220492005955,0.0,0.0,0.0,0.09443215802701371,0.0995898911735818
1065,1,0,1,0.07106204953382031,4.0,20.08807619164728,20.267140647111642,0.29226838914616965,0.33174152255848627,9,0.9459188076986841,1.0104948213092368,0.16720293890233875,0.0,0.0,0.0,0.0815630876147835,0.08563985128755525
1066,1,0,1,0.0707455070342125,4.0,20.129179198265785,20.305903312763338,0.2766181571487298,0.31511834120735144,9,1.0887460932391728,1.008880420968973,0.19364048009144774,0.0,0.0,0.0,0.09390139198463907,0.09973908810680869
1067,1,0,1,0.0707692480039774,4.0,20.164511575999022,20.338707963745158,0.26110712288260146,0.2986571076475158,9,1.0790140914907906,1.010877062775728,0.1918336069557836,0.0,0.0,0.0,0.0930662055967697,0.09876740135901388
1068,1,2,1,0.00595002780311437,4.0,20.16740287372992,20.31847715203094,0.24668133460504058,0.4851763600158938,9,0.9952409745102784,1.0125804884936045,0.17549656957000268,0.2919426458850949,0.0,5.551115123125783e-17,0.08655472966536538,0.08894183990463728
1069,1,1,1,0.005762365740644901,4.0,20.21063707036756,20.352341996359492,0.46937250958481974,0.4686878330761573,9,1.0892460416102157,1.0121470006440214,0.1935145763886913,0.06926953537105285,0.0,5.551115123125783e-17,0.09458341475027246,0.09893116163841884
1070,1,0,1,0.0711242627375696,4.0,20.157287551337895,20.307871557588903,0.4564384394266731,0.45446584978748694,9,0.9162545188679226,1.0140744766681764,0.1629363206809011,0.0,0.0,0.0,0.07760442094887937,0.08533189973202171
1071,1,0,1,0.07123050902156751,4.0,20.077062176557636,20.24127327151694,0.4443061446894107,0.44089458598799164,9,0.8648053168709441,1.01162897772317,0.1542213512205464,0.0,0.0,0.0,0.07279376842357428,0.08142758279697211
1072,1,0,1,0.07120245639506236,4.0,20.011881109501132,20.185771386241903,0.43181139400010027,0.42708031863536017,9,0.8872754338703318,1.0079583862018644,0.1578541082516517,0.0,0.0,0.0,0.07496850413586274,0.08288560411578892
1073,1,0,1,0.07075332940396327,4.0,20.05438858125558,20.237269702251265,0.41617344304766113,0.4101047848789101,9,1.0989471001573792,1.004941312393576,0.1956809082533356,0.0,0.0,0.0,0.09382770571463514,0.10185320253870045
1074,1,0,0,-0.16928282378933773,3.8307171762106624,20.100482471844195,20.289616006735233,0.4004076870527888,0.393092207050389,9,1.1057316521602545,1.0072914570876712,0.19667000294036077,0.0,0.0,0.0,0.09459453596923395,0.10207546697112682
1075,1,0,1,0.07101776262434788,3.9017349388350104,20.086912271599612,20.274802139579222,0.38646521032843406,0.3780893166842569,9,0.9813683945638945,1.0097524619644858,0.17367220254292093,0.0,0.0,0.0,0.08365486034612857,0.09001734219679235
1076,1,0,1,0.07072140663503641,3.972456345470047,20.13087630861711,20.322354905294517,0.3707384073729209,0.3611948889186209,9,1.1005596630122683,1.0090428602794708,0.19572738432689443,0.0,0.0,0.0,0.09436081773307858,0.10136656659381585
1077,1,0,1,0.0707134156583042,4.0,20.17361912594741,20.366574734062468,0.35501947601971834,0.3443603972803026,9,1.0982934264460362,1.011330780347791,0.1953205379491253,0.0,0.0,0.0,0.0943135881192154,0.10100694982990988
1078,1,0,1,0.0707241908087496,4.0,20.216090822002975,20.407239194693098,0.33928367309845325,0.3276418447213399,9,1.096641003186444,1.013504846500247,0.19472613288136614,0.0,0.0,0.0,0.09441481752759019,0.10031131535377595
1079,1,0,1,0.07098222984098822,4.0,20.204838878142173,20.379529370273723,0.3252169797822925,0.3129818344936928,9,0.9766214821372202,1.015583250417402,0.17236022126284764,0.0,0.0,0.0,0.08440015989696492,0.08796006136588272
1080,1,0,1,0.07112574947119063,4.0,20.158209354047536,20.320032800602107,0.3121646067332376,0.2992824533463762,9,0.9084831124441455,1.0146092062103973,0.1605105251782292,0.0,0.0,0.0,0.07831423829432958,0.0821962868838996
1081,1,0,1,0.07074414304617155,4.0,20.196248955656188,20.35646999360975,0.2965547187412922,0.2827104546085432,9,1.086432848482536,1.011956053866241,0.19309132037867052,0.0,0.0,0.0,0.09365932795167212,0.09943199242699839
1082,1,0,0,-0.16904747900800363,3.8309525209919966,20.197052242920897,20.336937398953097,0.28217554967558073,0.2678718514965763,9,0.9950886663397054,1.0138179737316486,0.17530663306607017,0.0,0.0,0.0,0.08627501439426905,0.08903161867180114
1083,1,0,1,0.07072815703566222,3.9016806780276587,20.234007318250963,20.3741692320298,0.26658012363016814,0.2512727167576602,9,1.087536649453618,1.01334974104685,0.19316736470597184,0.0,0.0,0.0,0.0935725562724754,0.09959480843349644
1084,1,2,1,0.0057672594892122335,3.907447937516871,20.26427970419502,20.401960186450335,0.251146416337438,0.48207941400016696,9,1.0732677541216114,1.015204413757019,0.19062642256476792,0.017135637736572562,0.0,5.551115123125783e-17,0.09260224375638083,0.09802417880838712
1085,1,0,1,0.07075216857479677,3.978200106091668,20.296827633182232,20.430071033534475,0.2356174931448182,0.4656815102622811,9,1.077314773337484,1.0166559972661338,0.19156096158303368,0.0,0.0,0.0,0.0931735391557188,0.0983874224273149
1086,1,0,1,0.0707379524446736,4.0,20.331561810336748,20.459394230373512,0.22000429522328405,0.44924789982211744,9,1.08222984066147,1.0181724666679177,0.19228085017018703,0.0,0.0,0.0,0.09367918752920497,0.09860166264098207
1087,1,0,1,0.07075897568893029,4.0,20.36112714286174,20.482918796879275,0.20450573080712553,0.43296340006662964,9,1.072863800048514,1.0197739010177564,0.19069838502987788,0.0,0.0,0.0,0.0929913864969511,0.0977069985329268
1088,1,0,1,0.07076222520122921,4.0,20.385525671667086,20.501943391425314,0.18914286455415338,0.4167792855173939,9,1.0645242718449106,1.0211011484935253,0.1892818848132475,0.0,0.0,0.0,0.09217719751783295,0.09710468729541455
1089,1,0,0,-0.16897840737953698,3.831021592620463,20.358218114184552,20.45724176609626,0.17540293755812442,0.40254612437994886,9,0.9501775437657215,1.0221867265773101,0.16783852880084368,0.0,0.0,0.0,0.08243956197617353,0.08539896682467016
1090,1,0,0,-0.16922476472553127,3.661796827894932,20.383800102505454,20.474193726655848,0.16000617726758595,0.3864620641362652,9,1.0629204458875108,1.0203864970070202,0.1888849232053331,0.0,0.0,0.0,0.09238056174323107,0.09650436146210203
1091,1,2,1,0.006131193235667203,3.6679280211305993,20.33112689744378,20.411374279536318,0.1469895159299037,0.48631612192759605,9,0.9059571935478272,1.0214498457290326,0.16020323646051698,0.8187723848175913,0.0,5.551115123125783e-17,0.07809996802609351,0.08210326843442343
1092,1,0,0,-0.16924110397088432,3.498686917159715,20.361979101498314,20.432416268444335,0.13147398248377537,0.47013849900048404,9,1.070456722387056,1.0185625294245024,0.190158938239442,0.0,0.0,0.0,0.0930932006767699,0.09706573756267209
1093,1,0,1,0.07103706007266938,3.5697239772323845,20.33654651212067,20.395770763726837,0.11768971304825966,0.4557119965444703,9,0.9577817901534247,1.0198598842485662,0.1692646313491766,0.0,0.0,0.0,0.08270561661309415,0.08655901473608248
1094,1,0,0,-0.1689539827045814,3.400769994527803,20.31195006657765,20.35770984112338,0.10388944675002297,0.4413467456045311,9,0.9556505637497119,1.0183079318961878,0.16899310342905546,0.0,0.0,0.0,0.08280159778942023,0.08619150563963524
1095,1,0,1,0.07092203632184245,3.4716920308496455,20.327887603932087,20.342841707320957,0.08892440163158631,0.4263431591848989,9,1.0178109012445438,1.016741497692526,0.17981178922841332,0.0,0.0,0.0,0.08979027071061992,0.0900215185177934
1096,1,0,1,0.0709570328060009,3.5426490636556465,20.32781308294087,20.32268621840474,0.07442067380687188,0.4115062754857939,9,0.9965382228738917,1.016768232781326,0.17604366914291605,0.0,0.0,0.0,0.08702236694828662,0.08902130219462945
1097,1,2,1,0.0058130767001212495,3.5484621403557677,20.268618741616592,20.342850274594262,0.061846562004175515,0.4839252508842356,9,0.9772321973988808,1.0162624825336404,0.17189316551076422,0.9690376529147636,0.0,5.551115123125783e-17,0.09183144058455216,0.09644849469458606
1098,1,0,1,0.07079315771584904,3.6192552980716166,20.175249444110428,20.364678358713817,0.05030777831562081,0.46778347997208175,9,0.943745512018657,1.0152867254052713,0.16608332760425162,0.0,0.0,0.0,0.09267050956575791,0.09685062547292342
1099,1,0,0,-0.1691852888968993,3.450070009174717,20.01418524565404,20.380259402238455,0.04070388192800416,0.4517988557491684,9,0.8680150401388598,1.0134981950706061,0.15353112366317995,0.0,0.0,0.0,0.09224559790727421,0.09590774533748005
1100,1,0,1,0.07082084799876949,3.5208908571734865,19.85890827225731,20.395868049193524,0.031057766956169464,0.435802537703956,9,0.8701927897556533,1.0098611161973126,0.15385459810228297,0.0,0.0,0.0,0.09315549175098357,0.09597790827127481
1101,1,0,1,0.07093061770292272,3.5918214748764092,19.707027730929973,20.377805537402722,0.02151121023605282,0.42087830805421617,9,0.8364263549181299,1.0063694080362708,0.14682471821913873,0.0,0.0,0.0,0.09182995639261982,0.08954537789843886
1102,1,0,1,0.07083545974013518,3.6626569346165443,19.559335117695653,20.390103989702602,0.011847201073789731,0.4050053450984228,9,0.8667266707738781,1.0021208317083174,0.1532218327083385,0.0,0.0,0.0,0.09454180787493949,0.09523777773475997
1103,1,0,1,0.07090859182065218,3.7335655264371965,19.35097904243773,20.374270887093267,0.004176378093625119,0.3900448024951902,9,0.7745467998176991,0.9987359776849565,0.1357881935003832,0.0,0.0,0.0,0.09647369398091805,0.08976325561939552
1104,1,0,1,0.07088593547418257,3.804451461911379,18.976496201240494,20.360330295247987,0.0015741963111558822,0.3750537547008916,9,0.6047078151957586,0.9931312482382751,0.10555937746060755,0.0,0.0,0.0,0.09845585214028305,0.08994628676579211
1105,1,1,1,0.005926184344347022,3.810377646255726,19.069410920449744,20.345860554519497,0.23531942988780466,0.36008854713769417,9,1.0618656408929719,0.9834206624122122,0.18731984391929116,0.0,0.0,0.0,0.09752859854010726,0.08979124537918391
1106,1,2,1,0.005846440364671869,3.816224086620398,19.148534831579163,20.36663291225627,0.2192590020223224,0.48387265350060144,9,1.0852780557404285,0.9853817868742311,0.19312664618928468,0.6605312828261652,0.0,5.551115123125783e-17,0.09636256719289345,0.09676407899639126
1107,1,0,0,-0.16913749052246704,3.647086596097931,19.221969281576364,20.385722488320624,0.20330180484738888,0.4677629923524567,9,1.0804032196574354,0.987879193595886,0.19240114993846968,0.0,0.0,0.0,0.09574318304960151,0.09665796688886819
1108,1,0,1,0.0710377530414153,3.7181243491393463,19.259578785792115,20.361754662661067,0.18846699371376796,0.45298419359067216,9,1.0038339728036196,0.9901922942474247,0.17768165937243305,0.0,0.0,0.0,0.08900886680172543,0.08867279257070763
1109,1,0,1,0.07084665623401822,3.7889710053733645,19.328858819361393,20.383124936920133,0.17256079528872068,0.4368082538505478,9,1.0811836440396712,0.9905333362113296,0.19249282899102974,0.0,0.0,0.0,0.09543719055028375,0.097055638440746
1110,1,0,1,0.07099896709705687,3.8599699724704215,19.37942265561755,20.36014728993659,0.15727551605347279,0.42203079737341725,9,1.0203857831796554,0.9927995939070382,0.18037641427427015,0.0,0.0,0.0,0.09171167541148723,0.08866473886278292
1111,1,0,0,-0.16914043865891704,3.6908295338115042,19.438367272068376,20.376430364104166,0.14157509404332985,0.40600530035332866,9,1.0687169392572544,0.9934892486388536,0.1903555141813894,0.0,0.0,0.0,0.09420253206085773,0.0961529821205317
1112,1,0,0,-0.16903234587190472,3.5217971879395997,19.497620008959263,20.356028392270026,0.12595562588329987,0.3911604476365706,9,1.0342207059610609,0.9953699409043135,0.18278592526072834,0.0,0.0,0.0,0.09371680896017968,0.08906911630054867
1113,1,0,1,0.07103415866420307,3.592831346603803,19.52770017480963,20.330362886951058,0.11115626637671956,0.37645957439850114,9,1.0007558705621276,0.9963412100307323,0.17700139646789853,0.0,0.0,0.0,0.08879615703948196,0.08820523942841657
1114,1,2,1,0.005856309191466918,3.5986876557952696,19.585747214739648,20.34718466284197,0.09538197652524237,0.4840217507083198,9,1.0713203923649472,0.9964515765440173,0.1905152348589444,0.758757446391007,0.0,0.0,0.0946457391088632,0.09586949575008118
1115,1,0,1,0.07084712605155595,3.6695347818468256,19.63971595411161,20.362111328602552,0.07968666325991311,0.4680551672977644,9,1.067218702072088,0.9983232969395405,0.1899713800553082,0.0,0.0,0.0,0.09417187959197548,0.09579950046333272
1116,1,0,1,0.0709850506440202,3.740519832490846,19.67941196434765,20.337996932297514,0.06449513163717858,0.45335355998179155,9,1.0156272959988546,1.000045682067854,0.17935883363224384,0.0,0.0,0.0,0.0911491897364071,0.08820964389583671
1117,1,0,1,0.07084660597155168,3.8113664384623975,19.731285857322142,20.353781776829443,0.04878915089661314,0.43739202650471815,9,1.0680939599225505,1.0004352224161293,0.19000508530583327,0.0,0.0,0.0,0.09423588444339273,0.09576920086244055
1118,1,0,0,-0.16905105878674306,3.6423153796756544,19.743103778910502,20.33724820049663,0.034483106642891795,0.42245903333790685,9,0.9974110361093375,1.0021266908537898,0.1754342245231956,0.0,0.0,0.0,0.09192056216027295,0.08959795900086753
1119,1,0,1,0.07092848873135305,3.7132438684070075,19.63782380467145,20.322151284144525,0.023708400562465076,0.40750615669661455,9,0.8816319088940197,1.0020087994851785,0.1543654963303143,0.0,0.0,0.0,0.09367476081688011,0.08971725984775397
1120,1,0,1,0.07082721023240436,3.784071078639412,19.497365652984065,20.34278317118712,0.01390292188451904,0.39144083996993045,9,0.8791731125756092,0.9989993772203993,0.15522477242778088,0.0,0.0,0.0,0.09510406827855743,0.09639190036010462
1121,1,0,1,0.07084568059288776,3.8549167592322995,19.322695794893807,20.358773897219102,0.005133219134034292,0.37549491693232223,9,0.8373245885460061,0.9960037206042796,0.1482937547285578,0.0,0.0,0.0,0.09517230344769165,0.09567553822564934
1122,1,0,1,0.0708775586480377,3.9257943178803374,18.959995462945685,20.348068052776902,0.002154506167321045,0.3604212435792376,9,0.6186305659124974,0.9920367423028229,0.10831431791878751,0.0,0.0,0.0,0.0984245335800417,0.09044204011850802
1123,1,1,0,-0.23410287651531772,3.6916914413650197,19.060646800433382,20.33754585477883,0.23569728428093825,0.3453409339178284,9,1.072830727382689,0.9827015878930647,0.18922518928675205,0.0,0.0,0.0,0.0987433313182966,0.09048185796845545
1124,1,0,1,0.07106966754686914,3.7627611089118886,19.10190178515519,20.31277697033253,0.22089151825604772,0.33063183730248763,9,1.0014409166558118,0.9849548163803054,0.17708917584138745,0.0,0.0,0.0,0.08883459614934335,0.08825457969204409
1125,1,0,1,0.07103083476530003,3.8337919436771886,19.14959399682532,20.292355430281106,0.205897096554478,0.3158206021754227,9,1.0126376405058986,0.9853669688871929,0.1788339409718081,0.0,0.0,0.0,0.08996653020941832,0.08886741076238983
1126,1,0,1,0.0710930992864355,3.904885042963624,19.172710944967996,20.254747712942116,0.19156016891874808,0.30153399118767266,9,0.9715579664813473,0.9860487356776606,0.1717412317408797,0.0,0.0,0.0,0.08602156581437946,0.08571966592650024
1127,1,0,1,0.07098358055191532,3.9758686235155394,19.2316103615275,20.24271038889239,0.17617022129871932,0.2865078573520965,9,1.0325485589575312,0.9856864664477527,0.18249648873362975,0.0,0.0,0.0,0.09233968572017265,0.0901568030134571
1128,1,0,1,0.07097626756165243,4.0,19.29180376318929,20.23060502950279,0.16071705333961037,0.27152223337394593,9,1.0349460610326893,0.9868580187604973,0.18263275162355705,0.0,0.0,0.0,0.09271900775465368,0.08991374386890338
1129,1,0,1,0.07097655911675313,4.0,19.34137492032169,20.217280286166137,0.14554832798351006,0.25658354376083325,9,1.0243066336130495,0.9880602198173021,0.18064448981527792,0.0,0.0,0.0,0.09101235213660172,0.08963213767867617
1130,1,0,1,0.07082853574726312,4.0,19.407272678840187,20.239904762740927,0.12965697317649363,0.2405089030766696,9,1.0774886152554846,0.9889663801621957,0.19179597294708037,0.0,0.0,0.0,0.09534812884209871,0.09644784410498165
1131,1,0,1,0.07082125344873601,4.0,19.474071256253502,20.26615497908881,0.11370089624990586,0.2243300600008653,9,1.084228229800725,0.991179436039528,0.19280952001435256,0.0,0.0,0.0,0.09573646155952657,0.09707305845482603
1132,1,0,1,0.07082733262918668,4.0,19.53657453112037,20.28650636677507,0.09782559432000519,0.20831114491451316,9,1.0763603184366795,0.993505655883558,0.19136530209751676,0.0,0.0,0.0,0.09525181157940395,0.0961134905181128
1133,1,0,1,0.07087676040660738,4.0,19.6102283741818,20.283787999036406,0.08177483485964034,0.19304588158123273,9,1.0665124977701568,0.9955770224473861,0.18789613676187164,0.0,0.0,0.0,0.0963045567621891,0.09159157999968252
1134,1,0,1,0.07084387786052254,4.0,19.68609722713302,20.28481744641659,0.06560826232393428,0.17767961103995245,9,1.0742487096618516,0.9973504093304553,0.18919705846191817,0.0,0.0,0.0,0.0969994352142364,0.09219762324768176
1135,1,0,1,0.07081322016389567,4.0,19.772420463925673,20.285086794390537,0.04907482793977144,0.162336119414987,9,1.0858654516053508,0.9992728668387402,0.19126155605476977,0.0,0.0,0.0,0.09920060630497701,0.09206094974979274
1136,1,0,0,-0.16917809363034178,3.8308219063696582,19.84044650719278,20.288472572745867,0.03303338239583247,0.14688998845752946,9,1.072849503080339,1.0014376814579053,0.18892545900837882,0.0,0.0,0.0,0.09627933712802692,0.09267678574474503
1137,1,1,1,0.005850417039060855,3.836672323408719,19.90435653901492,20.288467396461854,0.26705869476419664,0.1315504532320562,9,1.0671278325365907,1.0032229769984662,0.18788533714265476,0.0,0.0,0.0,0.09584812578981512,0.09203721135283961
1138,1,0,1,0.0707727507121706,3.9074450741208895,19.949429884914636,20.316940428667206,0.25138654276701095,0.11522197588679216,9,1.0783669764919865,1.0048205983869194,0.19200377605469834,0.0,0.0,0.0,0.094032911983114,0.09797086407158434
1139,1,1,1,0.005768633631680591,3.91321370775257,19.994272342468044,20.3479827739294,0.47344459667454664,0.0988184089733302,9,1.0825440606551444,1.0066592578395461,0.1924728432369183,0.07360023479863897,0.0,5.551115123125783e-17,0.0940514417561467,0.09842140148077158
1140,1,0,1,0.07115290197681652,3.9843666097293866,19.94964895780618,20.282888756779222,0.46050687967888915,0.08528560393172585,9,0.8988389760979003,1.008556377909936,0.1588231322235713,0.0,0.0,0.0,0.07762630197394509,0.08119683024962622
1141,1,0,1,0.07097954921961862,4.0,19.95496862370244,20.257000968294847,0.44615932880693854,0.07068140389006759,9,0.9852453202765206,1.005813442864635,0.17371050548165348,0.0,0.0,0.0,0.08608530523170396,0.0876252002499495
1142,1,0,1,0.07099640494200575,4.0,19.95790318025474,20.229997015745543,0.4318844224868357,0.056135772822364725,9,0.9812298438029246,1.0052992397999323,0.1729232243268342,0.0,0.0,0.0,0.08564943792061701,0.08727378640621719
1143,1,0,1,0.07074636782997448,4.0,19.999000655600003,20.27272371058705,0.4163106931353567,0.03939079729161838,9,1.0885216750867768,1.004697504900007,0.193912229293352,0.0,0.0,0.0,0.09344237610887396,0.10046985318447801
1144,1,0,1,0.07076595398564121,4.0,20.036108954262996,20.311806663967136,0.40084212425274623,0.02274191193427613,9,1.0829843611977568,1.0067931091546762,0.1927047254397158,0.0,0.0,0.0,0.09281141329566223,0.09989331214405357
1145,1,0,1,0.07089204632937161,4.0,20.063364091664134,20.285680531556757,0.38581422267764215,0.008186410940594442,9,1.0098268954465095,1.0086978904557533,0.1775004154127152,0.0,0.0,0.0,0.09016740945062511,0.09080006410308117
1146,1,0,1,0.07073319910101783,4.0,20.102490677465838,20.01671522342364,0.37023362697968615,0.0014006268269119023,9,0.7788873932491109,1.0087261155805223,0.134198278869831,0.0,0.0,0.0,0.09348357418773576,0.10004646881968912
1147,1,0,1,0.07078027696400402,4.0,20.135266046010315,19.58352743052982,0.3548098581660189,0.0,9,0.602567723172898,1.002980147522237,0.10094637384347481,0.0,0.0,0.0,0.0925426128820034,0.10013099876581023
1148,1,0,0,-0.16902501910414647,3.8309749808958538,20.147764391736704,19.093939244766574,0.340139151051192,0.0,9,0.5158799968766473,0.9929698369135034,0.08802424268896111,0.0,0.0,0.0,0.08802424268896111,0.09208675628148087
1149,1,1,1,0.006216146156346154,3.8371911270522,20.094377135593895,18.61659076364741,0.4872035913199754,0.0,9,0.4503068536506103,0.981042590912582,0.07677845208014729,0.5408349063071525,0.0,5.551115123125783e-17,0.07677845208014729,0.0856503388445355
1150,1,0,1,0.07109072801016089,3.908281855062361,20.0793987821924,18.151175994556226,0.4733374653948501,0.0,9,0.4873810749883492,0.9677741974810328,0.0831967555507519,0.0,0.0,0.0,0.0831967555507519,0.09364546535802913
1151,1,0,1,0.07107949755914658,3.9793613526215075,20.077850014816775,17.697396594692318,0.45911098479961954,0.0,9,0.5004362021791875,0.9557643694187157,0.08535888357138335,0.0,0.0,0.0,0.08535888357138335,0.09727259580015248
1152,1,0,1,0.0709714152668695,4.0,20.0852639826391,17.254961679825012,0.44442949883771904,0.0,10,0.5093602181927416,0.9443811652377274,0.08808891577140318,0.0,0.0,0.0,0.08808891577140318,0.10661496132310966
1153,1,0,1,0.07113088602484971,4.0,20.08378871828375,16.823587637829384,0.43019044728292205,0.0,10,0.5006563352106291,0.9335056415616029,0.08543430932878207,0.0,0.0,0.0,0.08543430932878208,0.09861346652733054
1154,1,2,1,0.00605261567277359,4.0,20.078721779654344,16.9871780390138,0.4158802819804659,0.23219114341254307,10,1.0812078714578373,0.9226844089028285,0.19271413133947812,0.0,0.0,0.0,0.0858609918147363,0.10685313952474178
1155,1,0,1,0.07117487566054485,4.0,20.06389494289185,17.10701731292543,0.40198727405900553,0.2156204844487726,10,1.0316599326158344,0.9266474954667038,0.18278200131138533,0.0,0.0,0.0,0.0833580475287629,0.09942395378262245
1156,1,0,0,-0.16898975150986045,3.8310102484901396,20.073576601869522,17.273162869121442,0.38725932597377133,0.19752973708890675,10,1.1051000215691213,0.9292728063954319,0.1969121726705999,0.0,0.0,0.0,0.08836768851140474,0.10854448415919514
1157,1,0,1,0.0712490886057218,3.9022593370958614,20.03630100888539,17.36636764059171,0.37402537062556424,0.18154467484335549,10,0.9895976652609096,0.9336684867747742,0.17531410556255056,0.0,0.0,0.0,0.079403732089243,0.09591037347330757
1158,1,0,1,0.07102467423161184,3.973284011327473,20.040170953374314,17.515515843334676,0.35946152404952175,0.1637537736559111,10,1.0880848634688156,0.9350667162369276,0.19412848658092066,0.0,0.0,0.0,0.08738307945625423,0.10674540712466643
1159,1,0,1,0.07099419871689301,4.0,20.049148321062077,17.66052299417747,0.3447613165629912,0.1459738404607268,10,1.0928766884482857,0.9388921699177247,0.19488084409028977,0.0,0.0,0.0,0.08820124491918403,0.10667959917110575
1160,1,0,1,0.0709462957547282,4.0,20.064990334587357,17.80394056554234,0.3298626182593017,0.12815181241078746,10,1.1020013677711373,0.9427417828809888,0.19632435812177262,0.0,0.0,0.0,0.08939218982213665,0.106932168299636
1161,1,0,0,-0.16903555414598162,3.8309644458540184,20.079483985860513,17.936344300109184,0.3149942067994249,0.11057000016379527,10,1.0936206583432417,0.9467232725032425,0.19470134224121402,0.0,0.0,0.0,0.08921046875926078,0.10549087348195321
1162,1,0,0,-0.16904673517297586,3.6619177106810428,20.0926887005567,18.062908043046704,0.30014059931190695,0.09305727169721534,10,1.0901641647829536,0.9503957071492426,0.19419801572458711,0.0,0.0,0.0,0.08912164492510745,0.10507637079947965
1163,1,0,1,0.07110320215947767,3.7330209128405203,20.093294906864852,18.140154083147152,0.28584103414629497,0.07700016873634848,10,1.0317421649986822,0.9538899185900853,0.18214000875887304,0.0,0.0,0.0,0.0857973909936719,0.09634261776520114
1164,1,0,1,0.0710913569672236,3.804112269807744,20.09367616115062,18.21235851107262,0.2715533756833933,0.061054902948637774,10,1.028421906961533,0.9558362247503002,0.18139754550367423,0.0,0.0,0.0,0.08572595077741002,0.0956715947262642
1165,1,1,1,0.006034872372283195,3.8101471421800275,20.113580493477045,18.289517584351955,0.4851404245816558,0.044926914500048966,10,1.0547142724113472,0.957650866805581,0.18592538320159743,0.12932025410036008,0.0,1.1102230246251565e-16,0.08915745251006461,0.0967679306915328
1166,1,0,1,0.0710822015852113,3.8812293437652388,20.10646295132116,18.3624335433966,0.4710533932332301,0.028822416949874228,10,1.0258758688344831,0.9600774519457251,0.18114917339160333,0.0,0.0,0.0,0.08452218809055488,0.09662698530104846
1167,1,0,1,0.07117235205277041,3.952401695818009,20.068084487217014,18.402985850509236,0.45785520485140574,0.013611063343519164,10,0.9638962553764303,0.9617224123679441,0.17045725192907615,0.0,0.0,0.0,0.07918913029094579,0.09126812163813038
1168,1,0,1,0.07110634392186835,4.0,20.05165583148715,18.286937515478073,0.4440581348616683,0.0034768368198716815,10,0.8292997676821283,0.9617767584431562,0.14358777908030967,0.0,0.0,0.0,0.0827824199384248,0.0938787200173147
1169,1,0,1,0.07107925646113569,4.0,20.048038385857733,17.967814329488192,0.4299125966598951,0.0,10,0.6357242020548333,0.9584648336741305,0.10573425012986909,0.0,0.0,0.0,0.084873229210639,0.09542271574303608
1170,1,0,1,0.07095301327245938,4.0,20.05677026003317,17.518618971250987,0.41521974509685505,0.0,10,0.5099328338218818,0.9503963178836481,0.08815710937824062,0.0,0.0,0.0,0.08815710937824062,0.1061530236774146
1171,1,0,1,0.07099567076213643,4.0,20.059159113248434,17.08065349696971,0.40071351574645836,0.0,10,0.5038081097160894,0.9393847307821038,0.0870373761023796,0.0,0.0,0.0,0.0870373761023796,0.10606162270163405
1172,1,0,1,0.07103798430497697,4.0,20.05816260633336,16.653637159545468,0.3863000478631619,0.0,10,0.500482470916143,0.9284953152554536,0.0864808072997794,0.0,0.0,0.0,0.08648080729977939,0.10631500889393755
1173,1,0,0,-0.16885411122565785,3.8311458887743424,20.065641907431626,16.237296230556833,0.37182155797483696,0.0,10,0.5089333662565956,0.9177949941469709,0.0868709393299495,0.0,0.0,0.0,0.0868709393299495,0.09997020955774479
1174,1,1,1,0.006263239444463697,3.837409128218806,20.041985573545386,15.831363824792913,0.4864076087616036,0.0,10,0.47798471379955426,0.9075734534497115,0.0815543474303784,0.7309293478490216,0.0,5.551115123125783e-17,0.0815543474303784,0.09782862591335484
1175,1,0,1,0.07114034736631651,3.9085494755851222,20.02676333767196,15.435579729173089,0.472419197786946,0.0,10,0.4858274034652065,0.8968337349584574,0.08393046584794535,0.0,0.0,0.0,0.08393046584794535,0.10846223511891742
1176,1,1,1,0.006176727826998581,3.914726203412121,20.00759795723671,15.049690235943762,0.48613504109606565,0.0,10,0.48150370300655154,0.8865585766711264,0.08318975342360573,1.3345151867216762,0.0,5.551115123125783e-17,0.08318975342360573,0.10811943881034511
1177,1,0,0,-0.16878307432684622,3.7459431290852745,19.982698596464978,14.673447980045166,0.4724408134641011,0.0,10,0.475290588159183,0.8764322048295119,0.08216536579178772,0.0,0.0,0.0,0.08216536579178772,0.1084445105646367
1178,1,0,0,-0.16873342759758983,3.5772097014876847,19.955399219936865,14.306611780544038,0.45884845694043347,0.0,10,0.472268088383512,0.8664036644127536,0.08155413914200549,0.0,0.0,0.0,0.08155413914200549,0.10748108722141222
1179,1,2,1,0.006380254300119877,3.5835899557878044,19.925420297993213,14.500800854850386,0.4455006260070797,0.23319582350338963,10,1.0207604273747217,0.8565502750120226,0.18091204457978563,0.0,0.0,0.0,0.0800869856001233,0.10082505897966233
1180,1,0,1,0.07142315234365634,3.6550131081314605,19.887674808102954,14.689832421024802,0.4323415423251709,0.21634959197979972,10,1.011941605105243,0.8606555288210901,0.1800318912329915,0.0,0.0,0.0,0.07895450209145209,0.10107738914153937
1181,1,0,1,0.07128149761898141,3.726294605750442,19.864743746269234,14.914401081835654,0.41868009014222496,0.19831385063590753,10,1.066075279705324,0.8644376807281939,0.1901831611610291,0.0,0.0,0.0,0.08196871309767595,0.10821444806335315
1182,1,0,1,0.0712212781223878,3.79751588387283,19.8582955244777,15.139727142016985,0.40457728222394884,0.18013344699507491,10,1.088356459092424,0.8694786207026222,0.19369926935465231,0.0,0.0,0.0,0.08461684750965662,0.10908242184499573
1183,1,0,0,-0.16876867808042245,3.6287472057924073,19.844216064939758,15.351545582236668,0.3906785683967515,0.16216439501281257,10,1.0726895473441043,0.8749505666623671,0.19120659485675778,0.0,0.0,0.0,0.08339228296318367,0.1078143118935741
1184,1,0,1,0.0712727268427632,3.7000199326351706,19.840514508781915,15.529810074224669,0.37663133474567306,0.14503352866912564,10,1.054456977009567,0.8798940411794106,0.1870685999685925,0.0,0.0,0.0,0.08428340190647102,0.10278519806212148
1185,1,1,1,0.006276045298088261,3.7062959779332587,19.8335049599601,15.694658733713013,0.4860614772955909,0.12816881466192623,10,1.0420972252416953,0.8842581145751646,0.18481942026965054,0.7597880084740384,0.0,1.1102230246251565e-16,0.08363113622645411,0.10118828404319641
1186,1,0,1,0.07132809579677812,3.7776240737300366,19.802340117299977,15.850032565541914,0.4728147867107366,0.11144639887607462,10,1.0124130815106094,0.8882040923418277,0.17981463822423532,0.0,0.0,0.0,0.07948014350912559,0.1003344947151097
1187,1,0,1,0.07122709549713362,3.8488511692271703,19.803736152321484,16.01116114608636,0.4586704037939493,0.09444777931837813,10,1.053833932636994,0.8913093170710473,0.18685801484690337,0.0,0.0,0.0,0.08486629750072439,0.10199171734617898
1188,1,0,1,0.07125246585505868,3.920103635082229,19.797363863965327,16.161919149421575,0.4447466606613711,0.07766711684755534,10,1.0397581474392585,0.895372432460196,0.1842264336204056,0.0,0.0,0.0,0.0835424587954689,0.10068397482493671
1189,1,0,1,0.07118661449085824,3.9912902495730873,19.804737196166258,16.314460546768068,0.4304443827008453,0.060720571027552454,10,1.058896804882094,0.8989820753346727,0.18749294268317282,0.0,0.0,0.0,0.08581366776315545,0.10167927492001735
1190,1,1,1,0.006192817850094802,3.997483067423182,19.810155072050428,16.45617699251405,0.4857545117104784,0.04401662180677277,10,1.0501142652035083,0.9029799435733581,0.18569662506180792,1.0826662962050713,0.0,1.1102230246251565e-16,0.0854729297371299,0.10022369532467804
1191,1,0,1,0.07108152739433765,4.0,19.814886342280616,16.641168407928404,0.47136906440984916,0.0258451736845671,10,1.0963809872586572,0.9066583016141119,0.19534137253700892,0.0,0.0,0.0,0.08631268380377484,0.10902868873323407
1192,1,1,1,0.00607709849127088,4.0,19.819718728501755,16.765475263012004,0.48559708945460023,0.009555458099281334,10,1.0405406100599666,0.9114013687552255,0.18415575678411322,1.3282143864590952,0.0,5.551115123125783e-17,0.0864174632723986,0.10806020625524995
1193,1,2,1,0.006146497614792855,4.0,19.830686000747498,16.898971145861445,0.47118770135904975,0.24274919604608633,10,1.0590930048830285,0.914629849787844,0.18729390089247297,0.0,0.0,0.0,0.08645632857330295,0.10083757231917008
1194,1,0,1,0.07116729164377504,4.0,19.831665710987412,17.02871039867615,0.4570133619151491,0.22590471944587612,10,1.0489603917198422,0.9182414286652236,0.1861128962646652,0.0,0.0,0.0,0.08504603666340403,0.1010668596012612
1195,1,0,1,0.07103453212396539,4.0,19.846765404140008,17.198741610396738,0.4423032849102373,0.20773349467992175,10,1.1066403076147722,0.9215094027415891,0.19728781062519687,0.0,0.0,0.0,0.0882604620294708,0.10902734859572608
1196,1,0,1,0.07101101627442391,4.0,19.86422964110305,17.363474494584562,0.42751623692470164,0.18960630598428027,10,1.1083347965142905,0.9261376753634186,0.19748542008706294,0.0,0.0,0.0,0.08872228791321393,0.10876313217384903
1197,1,1,1,0.006115440526002809,4.0,19.87439980919574,17.476000960048385,0.4855629750069794,0.17298621122125993,10,1.0533892369486997,0.9306926033921905,0.18634271853624546,1.0650974215482096,0.0,5.551115123125783e-17,0.0866221499581235,0.09972056857812192
1198,1,2,1,0.005975066271876798,4.0,19.890135432285533,17.635092919488443,0.47080165012024455,0.40478679265195866,10,1.108587601760952,0.9337600192311031,0.1977644607362165,0.0,0.0,0.0,0.08856794932040893,0.1091965114158076
1199,1,0,1,0.07099695951280675,4.0,19.909504374942948,17.78853725695196,0.45591802017322736,0.38663732515180627,10,1.1109439889152841,0.9381307087943493,0.1981985846830177,0.0,0.0,0.0,0.0893017796821031,0.10889680500091461
1200,1,2,1,0.005980648601781662,4.0,19.932203072005215,17.93408505669827,0.44092095153654776,0.4819833438447408,10,1.1106975376059487,0.9424510407973727,0.19808234875163303,0.8198239509108374,0.0,5.551115123125783e-17,0.0899824118200776,0.1080999369315554
1201,1,0,1,0.0709283850710268,4.0,19.963691479539953,18.082890932973807,0.42567018114061317,0.46377485756670683,10,1.1269514870278665,0.9466572032175872,0.200755540043811,0.0,0.0,0.0,0.09150462237560748,0.1092509176682035
1202,1,0,1,0.07122701439297974,4.0,19.930238844775715,18.149608392032732,0.41234160779596835,0.4479216558851686,10,0.9844293846075275,0.9511645603128441,0.17509065015709827,0.0,0.0,0.0,0.07997144006786866,0.09511921008922959
1203,1,0,1,0.07122721880619522,4.0,19.897995086708207,18.21271996655639,0.3990073962753446,0.43214022527500684,10,0.9828639973763613,0.9519961809202112,0.17469385278471272,0.0,0.0,0.0,0.08000526912374264,0.09468858366097008
1204,1,0,1,0.07094277510850344,4.0,19.923716632113806,18.341897656394735,0.38392935185386445,0.4142849940126437,10,1.1076671115755574,0.952767876331615,0.1975996541030602,0.0,0.0,0.0,0.09046826652888093,0.10713138757417931
1205,1,0,0,-0.16880416282126742,3.8311958371787327,19.900888961465988,18.398948012357984,0.37034266694296364,0.39857524039822506,10,0.9908630425281426,0.9566403572127136,0.17577863115191703,0.0,0.0,0.0,0.08152010946540539,0.09425852168651164
1206,1,0,1,0.07117397707309078,3.9023698142518235,19.88105022138656,18.45639778192764,0.35669444291160673,0.38280272219396666,10,0.9951069538358286,0.9574959243455992,0.1765244534136915,0.0,0.0,0.0,0.08188934418814114,0.09463510922555035
1207,1,0,1,0.07112368737693874,3.973493501628762,19.880293939052667,18.51902541502271,0.3425063158260491,0.36684572170096047,10,1.020307550844036,0.9584362000828549,0.18087076547138248,0.0,0.0,0.0,0.08512876251334558,0.0957420029580369
1208,1,0,1,0.07089794210405444,4.0,19.914016463180197,18.634637665185625,0.3272214941612425,0.34920442134435753,10,1.1093177581423272,0.9599829838518845,0.19755673212845765,0.0,0.0,0.0,0.09170892998883967,0.10584780213961797
1209,1,0,1,0.07090140905846966,4.0,19.946160847872903,18.7437855230506,0.3119529319122843,0.33168477614515063,10,1.1050085957668299,0.9637163532091456,0.19672924468899014,0.0,0.0,0.0,0.0916113734937492,0.10511787119524096
1210,1,0,1,0.07108299321844284,4.0,19.94512335532771,18.792747785242394,0.29777065220101107,0.31595629601574676,10,1.0151734289196863,0.9672486592730877,0.17946455904406258,0.0,0.0,0.0,0.08509367826763915,0.09437088077642342
1211,1,0,1,0.07104584025198506,4.0,19.95659674783749,18.844909465417448,0.28323150633838007,0.30010880584046246,10,1.0320818511990861,0.9684467785142526,0.1823198162274925,0.0,0.0,0.0,0.08723487517578632,0.09508494105170617
1212,1,0,0,-0.16897073102898952,3.8310292689710104,19.974207930012113,18.89591863082201,0.26851026623152313,0.28427300450555193,10,1.0386580029105565,0.9700376553313734,0.18334224865060433,0.0,0.0,0.0,0.08832744064114156,0.09501480800946277
1213,1,0,1,0.07108253588182088,3.902111804852831,19.969206511140488,18.936907203619214,0.25442885924780145,0.2686590801516381,10,1.0077403179464304,0.9717531640208531,0.1781719880258128,0.0,0.0,0.0,0.08448844190232964,0.09368354612348317
1214,1,0,1,0.07106601046606052,3.9731778153188917,19.971553444657793,18.97612663238955,0.2401488986679592,0.25308856956029163,10,1.0142192051566385,0.9726528428689925,0.17910282702713243,0.0,0.0,0.0,0.08567976347905398,0.09342306354807844
1215,1,0,1,0.07087372772194299,4.0,20.003020513367126,19.065477501406242,0.2248555378965383,0.23593955890791585,10,1.0945099396522089,0.9736920019261838,0.19465422854278025,0.0,0.0,0.0,0.09176016462852533,0.10289406391425487
1216,1,0,1,0.07087572049225081,4.0,20.031560395156177,19.14610482762372,0.20961817083782663,0.218979541323869,10,1.0858796583758645,0.9767124503693343,0.19318430785655116,0.0,0.0,0.0,0.0914242023522698,0.10176010550428138
1217,1,0,0,-0.16916212485282928,3.8308378751471706,20.065044962815186,19.23204788401826,0.19423269512007302,0.20182230254758352,10,1.098869254623045,0.9794416305694975,0.19525628696423436,0.0,0.0,0.0,0.09231285430652181,0.10294343265771258
1218,1,0,1,0.07101590039068263,3.901853775537853,20.076064199560918,19.263134066915043,0.17964821835957492,0.18630594719674323,10,1.02453274081335,0.9824273211708363,0.18060499266803035,0.0,0.0,0.0,0.08750686056298854,0.09309813210504182
1219,1,0,1,0.07096881715008115,3.972822592687934,20.10148691176936,19.298634861380897,0.16463169703445213,0.17064679426593674,10,1.0444034633361932,0.9834799566618991,0.1840540455355759,0.0,0.0,0.0,0.09009912795073671,0.09395491758483915
1220,1,0,1,0.07084235374037444,4.0,20.129655855139728,19.37061219765299,0.1493272759550367,0.15379852480897135,10,1.0851493239712169,0.9850030443287563,0.19291614321828474,0.0,0.0,0.0,0.09182652647649261,0.10108961674179213
1221,1,0,1,0.07091954794560959,4.0,20.16477993721023,19.408045427665122,0.13399686106804057,0.13801465150934442,10,1.0600640134024575,0.9875067013198179,0.18668572911973827,0.0,0.0,0.0,0.09198248932197668,0.0947032397977616
1222,1,0,1,0.07081958814490655,4.0,20.195949332515777,19.47847175172697,0.11856903913848353,0.12115169152431676,10,1.0909163534892745,0.989320634121884,0.19374469148750836,0.0,0.0,0.0,0.09256693157734236,0.101177759910166
1223,1,0,1,0.0708917327680662,4.0,20.231476336757733,19.512773571909868,0.10318947476025692,0.10537742463076298,10,1.0616893515309243,0.9918605271060688,0.1869229876306824,0.0,0.0,0.0,0.09227738626935972,0.09464560136132266
1224,1,0,1,0.07080922770553137,4.0,20.26203586960527,19.578500929553115,0.08773825489321845,0.08858366616450458,10,1.0898931382074684,0.99360624771669,0.1934698699997811,0.0,0.0,0.0,0.09270731920223073,0.10076255079755038
1225,1,0,1,0.07088471917164417,4.0,20.286723007510922,19.60573911267672,0.07263892563754415,0.07294698571443542,10,1.0479387410082246,0.9960134199789596,0.18441605823446078,0.0,0.0,0.0,0.09059597553404578,0.09382008270041503
1226,1,0,1,0.07084142828572089,4.0,20.336042387325335,19.638974380196885,0.05678765672146562,0.05715135067908043,10,1.0798662003392656,0.9973115530046912,0.18988142370860106,0.0,0.0,0.0,0.09510761349647118,0.09477381021212987
1227,1,0,1,0.07072361645284364,4.0,20.36921043929557,19.710097885164448,0.0412369202897511,0.04012594414403881,10,1.103666976125857,0.9993754191880555,0.1954568578005368,0.0,0.0,0.0,0.09483816389604073,0.10215243921024968
1228,1,1,1,0.005822175682433943,4.0,20.410595197967787,19.739758934044257,0.27557043280238713,0.024344118508326285,10,1.073028515663525,1.0019827081115005,0.188689878738459,0.0,0.0,0.0,0.09399892492418378,0.09469095381427521
1229,1,0,1,0.07090976847950127,4.0,20.41758398137742,19.686011561258475,0.26087553568344946,0.011013860217861672,10,0.9570002639241513,1.0037588533003012,0.16815093245641385,0.0,0.0,0.0,0.08816938271362619,0.09258347780326273
1230,1,2,0,-0.23424046933997028,3.7657595306600298,20.442276978133343,19.750032710208842,0.24546214748433878,0.24410828254298997,10,1.0913040342721874,1.0025898885658975,0.19391379524389418,0.0,0.0,0.0,0.09248032919466395,0.10143346604923022
1231,1,2,1,0.005788069407987977,3.771547600068018,20.461015192602595,19.80791689083872,0.23019766577134104,0.4745848168547229,10,1.0814301373076836,1.0048077422085546,0.19252557949727644,0.016202104910312265,0.0,0.0,0.09158689027798654,0.10093868921928992
1232,1,0,0,-0.16919304386809242,3.6023545561999253,20.481063367940703,19.864243728456035,0.21487890429057874,0.45774620800606436,10,1.0830983150414524,1.006723302086033,0.19294422197652544,0.0,0.0,0.0,0.09191256888457376,0.10103165309195168
1233,1,0,1,0.07101681362948065,3.6733713698294057,20.461604443759793,19.86740255421481,0.20080201579772375,0.44250127957138036,10,0.992332578987784,1.0086326774099184,0.17593090156523333,0.0,0.0,0.0,0.08446133095712957,0.09146957060810376
1234,1,0,0,-0.16920878577201598,3.5041625840573896,20.4854298321551,19.921151727174074,0.18537967655432339,0.42571078574232923,10,1.0857997363039364,1.0082251749493651,0.19327699843470916,0.0,0.0,0.0,0.0925340354604024,0.10074296297430677
1235,1,0,1,0.0709655888782916,3.575128172935681,20.48335107300511,19.927648658431586,0.170807908369305,0.4103561355644029,10,1.0145827110907581,1.0101645389832294,0.17955851017766816,0.0,0.0,0.0,0.08743060911011037,0.09212790106755778
1236,1,0,1,0.07083294357908683,3.645961116514768,20.49818934028659,19.970994829219862,0.1556260890735834,0.3938312612861612,10,1.0684594313556728,1.0102749932859176,0.19024016144377992,0.0,0.0,0.0,0.09109091577432943,0.09914924566945046
1237,1,0,1,0.07096765999311311,3.716928776507881,20.49471736786007,19.97140068268154,0.1411038931409993,0.3786352282979793,10,1.008663485272814,1.0117296042376616,0.17830937352459572,0.0,0.0,0.0,0.08713317559550468,0.09117619792909104
1238,1,0,1,0.07098482080811643,3.787913597315997,20.485161599718694,19.969600183171504,0.12675551869632748,0.36351122037536415,10,1.0002966836121263,1.0116529512635402,0.176834294203722,0.0,0.0,0.0,0.08609024666803086,0.09074404753569114
1239,1,0,1,0.07091082222141364,3.858824419537411,20.49835108812258,19.976818085684556,0.1117611541388388,0.3481359982717532,10,1.031776435489193,1.011369044572255,0.18221751996659782,0.0,0.0,0.0,0.08996618734493218,0.09225133262166563
1240,1,1,1,0.005892114893032659,3.8647165344304435,20.51615330192081,19.984684223772224,0.34663117342535066,0.33277311298574414,10,1.0375475812310766,1.0118792293451784,0.1829571959969835,0.0,0.0,0.0,0.09077988428092898,0.09217731171605452
1241,1,0,1,0.07103841005084208,3.9357549444812854,20.47697673451063,19.969512306839178,0.3331297671574426,0.3179937410541922,10,0.9581724537991023,1.012520938142326,0.16968466919676012,0.0,0.0,0.0,0.08100843760744843,0.08867623158931169
1242,1,0,1,0.07076856713326778,4.0,20.49333136798994,20.022434991152323,0.3179059698792789,0.3011287915575053,10,1.0804395438261971,1.0111622260337452,0.19253248064910333,0.0,0.0,0.0,0.09134278366898209,0.10118969698012124
1243,1,0,1,0.07104278732401392,4.0,20.45538563760185,19.99967780070427,0.3043940026404136,0.28656538595146935,10,0.952191238142414,1.0128941589785565,0.16845223706940754,0.0,0.0,0.0,0.08107180343319148,0.08738043363621605
1244,1,0,1,0.0707337951189714,4.0,20.47821578799844,20.054540389747537,0.28900106617701554,0.2696383104687352,10,1.0890693253975117,1.011376585957653,0.19392007167679295,0.0,0.0,0.0,0.0923576187803882,0.10156245289640478
1245,1,0,0,-0.1690307605922659,3.830969239407734,20.462157354825607,20.038089602887318,0.2748915609261562,0.25489846173371705,10,0.9808096844105941,1.0133189044436495,0.17309612391526555,0.0,0.0,0.0,0.08465703150515663,0.08843909241010892
1246,1,0,1,0.07104493851562176,3.902014177923356,20.429390533938886,20.015828483359577,0.26127298577127855,0.24032281801890584,10,0.9574782335283623,1.012506173942823,0.16916531321813258,0.0,0.0,0.0,0.08171145092926561,0.08745386228886698
1247,1,0,1,0.07091397036871301,3.972928148292069,20.436250246997915,20.020020152416297,0.24654809312094997,0.22500317073342557,10,1.02218185754821,1.0111304754324615,0.18026723961485352,0.0,0.0,0.0,0.08834935590197182,0.09191788371288168
1248,1,1,1,0.005753916097294988,3.9786820643893637,20.458609602577,20.067731990695215,0.46532661904414735,0.20831189969251593,10,1.0814779538433614,1.0114067599853551,0.19233363778764195,0.09514283291863201,0.0,5.551115123125783e-17,0.09218601154218385,0.1001476262454581
1249,1,0,1,0.07067997498024259,4.0,20.49414846721914,20.132499323873876,0.44959451734139205,0.1910443267171639,10,1.1134647376526057,1.0131585398318053,0.19799804806864293,0.0,0.0,0.0,0.09439261021653103,0.10360543785211192
1250,1,0,1,0.07093793853470778,4.0,20.48172417167911,20.1280175978074,0.43537074590741603,0.17589801174556183,10,0.9987601731708221,1.0156661947773253,0.17622051843346928,0.0,0.0,0.0,0.08534262860385668,0.09087788982961258
1251,1,0,1,0.07073067414652805,4.0,20.501818410862157,20.18015162974656,0.42005003940203434,0.1589444251678504,10,1.0874718153593659,1.015243544237163,0.19364575849855842,0.0,0.0,0.0,0.09192423903228983,0.10172151946626856
1252,1,0,1,0.07108438971397876,4.0,20.449229575301096,20.13352264612154,0.4069806487833471,0.14499379307234858,10,0.9178314318291362,1.017049251015218,0.16212013628513422,0.0,0.0,0.0,0.07841634371212335,0.08370379257301086
1253,1,0,1,0.07071704872166362,4.0,20.473821053573708,20.185685958158338,0.3915656351630761,0.1280655242857801,10,1.0913235958449756,1.014568805535566,0.1940596944410369,0.0,0.0,0.0,0.09249008172162612,0.10156961271941078
1254,1,0,1,0.07101717864161103,4.0,20.44409612491273,20.1514099707661,0.37786898026133625,0.11377558263296327,10,0.952486759240085,1.016487675293301,0.1679195793273401,0.0,0.0,0.0,0.08217992941043903,0.08573964991690108
1255,1,0,1,0.07098149945409805,4.0,20.42387718464829,20.122320582070632,0.36391695982173283,0.09936416680972533,10,0.9655793234320638,1.0148876523919705,0.1701806175770481,0.0,0.0,0.0,0.08371212263762054,0.0864684949394276
1256,1,2,1,0.00572753209236527,4.0,20.448785698128816,20.169192347200223,0.3484852645667984,0.33261484546763065,10,1.0854352227780912,1.013654944167973,0.19308609958217465,0.0,0.0,0.0,0.09259017152960636,0.10049592805256834
1257,1,0,1,0.07073434780501697,4.0,20.477592723935096,20.217810317965153,0.33292961214514766,0.3157705993354613,10,1.0928744477044345,1.015449451133226,0.19439939132292083,0.0,0.0,0.0,0.0933339145299047,0.10106547679301614
1258,1,0,0,-0.1689663646216155,3.8310336353783847,20.441344454480145,20.187688491295788,0.31937427462898227,0.30128455965631523,10,0.9510149799231957,1.0173850760475063,0.1682482631718692,0.0,0.0,0.0,0.08133202509699256,0.08691623807487664
1259,1,0,0,-0.16926820098941728,3.6617654343889674,20.467631191212412,20.2348360071947,0.3038996485149676,0.28445654020179784,10,1.0891600762755735,1.0157258236443985,0.19381587341119186,0.0,0.0,0.0,0.09284775668408794,0.10096811672710392
1260,1,0,1,0.07075123890371546,3.732516673292683,20.49112534929247,20.277427059765756,0.2884907344993662,0.2677451161369037,10,1.0836468906112935,1.0175616799601779,0.1927220284829733,0.0,0.0,0.0,0.09245348409360842,0.10026854438936486
1261,1,2,1,0.005944723179143819,3.7384613964718265,20.47750117644977,20.258315084234923,0.27429982389053065,0.4849619035505779,10,0.9864776618529191,1.0192138102264559,0.17414710093499686,0.10769763823597123,0.0,0.0,0.08514546365301327,0.08900163728198353
1262,1,0,1,0.07072554431279546,3.809186940784622,20.508927983200014,20.30195000543882,0.25865437726863255,0.4681959173105998,10,1.0934571344712603,1.0183954065171172,0.19446859717125725,0.0,0.0,0.0,0.09387267973138846,0.10059591743986877
1263,1,0,1,0.0709952305541482,3.8801821713387703,20.487617373656615,20.284739067170356,0.24462549788665103,0.45327012590163424,10,0.9817504019041097,1.020271949715971,0.17372802474568247,0.0,0.0,0.0,0.08417327629188907,0.08955474845379341
1264,1,0,0,-0.16904096788614628,3.711141203452624,20.478999788967503,20.27409252437465,0.2302400689333717,0.4381695920612929,10,1.0000447835358532,1.0193089110206743,0.17691577676172393,0.0,0.0,0.0,0.0863125737196758,0.09060320304204816
1265,1,0,1,0.0707541235536998,3.781895327006324,20.506369702756235,20.311088255594605,0.2147031467065913,0.4215989934062582,10,1.0831929528422404,1.0188273078335537,0.19264512529089062,0.0,0.0,0.0,0.09322153336068285,0.09942359193020774
1266,1,0,1,0.07076934134394566,3.8526646683502697,20.531536986644966,20.341855471062704,0.1992092679788191,0.40519982090706375,10,1.0763709483156036,1.020436448958771,0.19135830736179985,0.0,0.0,0.0,0.09296327236663285,0.098395034995167
1267,1,0,1,0.07075042841448201,3.9234150967647516,20.55606307048258,20.37110172772022,0.1837186398340883,0.3888263869979973,10,1.075607151937823,1.0218348114426918,0.1911843723227836,0.0,0.0,0.0,0.09294376886838515,0.09824060345439846
1268,1,0,1,0.0707498921037887,3.9941649888685404,20.575283105554536,20.39749799895808,0.16835220733221723,0.3725078362167837,10,1.0687954262648858,1.0231791199550702,0.1901098996985082,0.0,0.0,0.0,0.09219859501122632,0.0979113046872819
1269,1,0,1,0.07096808644550207,4.0,20.55368910755457,20.368083110915165,0.15433054052153364,0.35790366108714794,10,0.9733106415699346,1.0243195276128156,0.17175505164191562,0.0,0.0,0.0,0.08413000086410158,0.08762505077781405
1270,1,0,1,0.070751337089607,4.0,20.574764432183105,20.394205838261286,0.13891965671800513,0.34162080026247316,10,1.0702423574363957,1.0230443054617435,0.1901624677692202,0.0,0.0,0.0,0.09246530282117081,0.09769716494804942
1271,1,1,1,0.005937224015666153,4.0,20.561890812189674,20.36908094246431,0.37466086034963686,0.3269019800940847,10,0.9862257409707065,1.0242242567611097,0.17386569922053946,0.0,0.0,0.0,0.08555277821020951,0.08831292101032996
1272,1,0,1,0.07099185781775684,4.0,20.52857417390469,20.33651061338277,0.36096020676690505,0.3123897266712153,10,0.9573873264998243,1.0232742938663497,0.16927744203360776,0.0,0.0,0.0,0.08220392149639133,0.08707352053721645
1273,1,0,1,0.07069037192432444,4.0,20.556699868519587,20.383007009226752,0.34538417091880375,0.29549120381355015,10,1.0962492101410661,1.0216271196821864,0.1948473522345987,0.0,0.0,0.0,0.09345621508860727,0.10139113714599143
1274,1,0,1,0.0709997635569044,4.0,20.52336220129184,20.34516712949285,0.33169240087558133,0.28113044109649815,10,0.9523151249820122,1.0234926719436586,0.1683151965616468,0.0,0.0,0.0,0.08215062025933495,0.08616457630231186
1275,1,0,1,0.07091652358196472,4.0,20.51503525125834,20.332664838054022,0.31733539719609166,0.2660596474828085,10,1.0008839917972845,1.0217132332696175,0.17656678375907547,0.0,0.0,0.0,0.086142022076938,0.09042476168213749
1276,1,0,1,0.0707214415531788,4.0,20.536949768115285,20.37147555136302,0.3019379657466115,0.2493809005228145,10,1.0819177323987506,1.0211925022328092,0.1924570704568442,0.0,0.0,0.0,0.09238458869688011,0.10007248175996408
1277,1,1,1,0.0056812334457392215,4.0,20.569118016742053,20.41159830270459,0.4802042077691054,0.23268587072290203,10,1.0950016329552974,1.0227106329869575,0.19436616195662354,0.33620656470788846,0.0,5.551115123125783e-17,0.09419598315714865,0.1001701787994749
1278,1,0,1,0.07067316945282444,4.0,20.594877472551453,20.46105982488674,0.4646881054058274,0.21562455666184988,10,1.0997388859777177,1.0245179079861662,0.19546449854598127,0.0,0.0,0.0,0.09309661417966822,0.10236788436631306
1279,1,0,1,0.071016222934682,4.0,20.552998200015253,20.4159813585428,0.4512314491878602,0.201420698431562,10,0.9394406935558167,1.0263984324359547,0.16596308668953014,0.0,0.0,0.0,0.08073993730780298,0.08522314938172713
1280,1,0,1,0.07096551066348007,4.0,20.527274816303944,20.383203758748557,0.4373526160495929,0.1869046921241659,11,0.9657235054583968,1.0242244889639514,0.17036903667398068,0.0,0.0,0.0,0.08327299882960401,0.08709603784437667
1281,1,0,1,0.0710056651358381,4.0,20.493091241362563,20.343156618965082,0.42374224797910137,0.17263978503233432,11,0.9485312496514612,1.0227619643763126,0.1672516509739385,0.0,0.0,0.0,0.081662208422949,0.0855894425509895
1282,1,0,1,0.07100483571983222,4.0,20.46078473943392,20.302796514793542,0.4101021091792074,0.1584210438388867,11,0.9482395904079994,1.0209061965081911,0.16715327996004936,0.0,0.0,0.0,0.08184083279936354,0.08531244716068584
1283,1,1,0,-0.23428147616039316,3.765718523839607,20.483691693243042,20.344013655760143,0.4846250935833883,0.1416926776694423,11,1.0832136261314134,1.0190895313556865,0.19261963551633635,0.9606126550752445,0.0,5.551115123125783e-17,0.09224943849967009,0.10037019701666627
1284,1,0,1,0.07071876488273891,3.8364372887223457,20.506167273527804,20.390167341862153,0.46925427713514895,0.12478192202235229,11,1.0893219001118537,1.0206926337250797,0.19368943257197624,0.0,0.0,0.0,0.09222489868943622,0.10146453388254006
1285,1,1,1,0.00566321989120302,3.842100508613549,20.539063292785215,20.43936597968487,0.4843241180383739,0.10774557565474317,11,1.104503022464872,1.022408365384749,0.19627336997541112,1.3155256628108938,0.0,5.551115123125783e-17,0.09405529176975637,0.10221807820565476
1286,1,0,1,0.07068771690940938,3.9127882255229585,20.557422844161852,20.483900136274833,0.4690369032054658,0.09078879467829519,11,1.087354439778356,1.024460731811752,0.19346397485613645,0.0,0.0,0.0,0.09172328899744855,0.10174068585868792
1287,1,0,1,0.07067838461945869,3.983466610142417,20.579757187745216,20.52536250819658,0.4536273953082084,0.0739122840367749,11,1.0898297900160285,1.0260330745109172,0.1937161112326664,0.0,0.0,0.0,0.09245704738354475,0.10125906384912169
1288,1,0,1,0.07091901025008192,4.0,20.566634193151025,20.493399323010877,0.4393874049483462,0.059338091514895615,11,0.9825418126186499,1.027627992398545,0.17288509729044843,0.0,0.0,0.0,0.08543994215917276,0.08744515513127568
1289,1,0,1,0.0706769343507584,4.0,20.588213599360287,20.53161568875636,0.423988224272067,0.042570600880033865,11,1.0862966098587914,1.0265008379040474,0.1930000278668456,0.0,0.0,0.0,0.0923950840576751,0.10060494380917051
1290,1,0,1,0.07067802072674016,4.0,20.608034638616736,20.565040108361664,0.4086161431271939,0.025914931210546388,11,1.0812411910646744,1.0279957322029163,0.1921665048861638,0.0,0.0,0.0,0.09223248686923888,0.09993401801692488
1291,1,0,1,0.07095914230135669,4.0,20.583938426588304,20.51383378498715,0.3946591014023854,0.011895305900865972,11,0.9540243332715105,1.02932686867446,0.1678600022069334,0.0,0.0,0.0,0.08374225034885087,0.08444669934840063
1292,1,0,1,0.07117972408978553,4.0,20.50452398443418,20.278218641523697,0.38231124396533706,0.004014566251783283,11,0.7124147196718112,1.0274443052893862,0.12137158251678595,0.0,0.0,0.0,0.07408714462228982,0.07710163641640438
1293,1,0,1,0.07114277256171803,4.0,20.43896974231223,19.88546435596431,0.3696229229234083,0.0014874451321821996,11,0.5612600379676075,1.019568565648947,0.09129265296917873,0.0,0.0,0.0,0.07612992625157224,0.0798946656355904
1294,1,0,1,0.0707489375735117,4.0,20.459904733823876,19.45972511340995,0.35431723907839424,0.0,11,0.6033066014141995,1.0081108524569136,0.10075877386317787,0.0,0.0,0.0,0.09183410307008467,0.10145746362755914
1295,1,0,1,0.0707907193024153,4.0,20.476045371532862,18.9732319855747,0.3391371478131114,0.0,11,0.5276382560545821,0.9979907461808456,0.0910805475916972,0.0,0.0,0.0,0.0910805475916972,0.10221954051159007
1296,1,0,1,0.07101247860233667,4.0,20.464778787436767,18.49890118593533,0.3249198414856899,0.0,11,0.5006345501922268,0.9862319339276892,0.0853038379645289,0.0,0.0,0.0,0.08530383796452891,0.0939736629253492
1297,1,0,1,0.07088647154088305,4.0,20.46909426792201,18.036428656286947,0.3100716390599288,0.0,11,0.5159349501711635,0.9740919993343025,0.08908921455456692,0.0,0.0,0.0,0.08908921455456693,0.10411822224023223
1298,1,0,1,0.07090791888545124,4.0,20.472065870749873,17.58551793987977,0.295260986268735,0.0,11,0.5146989595259137,0.9626380731052242,0.08886391674716249,0.0,0.0,0.0,0.08886391674716249,0.10526264344065919
1299,1,0,0,-0.16893467927604325,3.831065320723957,20.46355343285841,17.14587999138278,0.2809716886864074,0.0,11,0.503289208877278,0.9514395952657413,0.08573578549396592,0.0,0.0,0.0,0.08573578549396592,0.09799942617076916
1300,1,1,0,-0.23385910099320142,3.5972062197307553,20.440380266203857,16.717232991598213,0.4861301727349367,0.0,11,0.4884156691669102,0.9402358356060296,0.08321896359038004,0.185830132118444,0.0,5.551115123125783e-17,0.08321896359038004,0.09751409775815457
1301,1,0,1,0.07120314149467671,3.668409361225432,20.4037491618964,16.299302166808253,0.47266000246447004,0.0,11,0.4743784023476364,0.9289403314450517,0.0808210216227997,0.0,0.0,0.0,0.0808210216227997,0.0986197118801315
1302,1,0,1,0.07117717317305884,3.739586534398491,20.385752924695282,15.891819612638049,0.4586654056017228,0.0,11,0.49209749184629603,0.9175762832176164,0.08396758117648329,0.0,0.0,0.0,0.08396758117648329,0.10141065686848813
1303,1,0,1,0.07119078306738508,3.810777317465876,20.370677181726954,15.494524122322098,0.4445897453496086,0.0,11,0.4945680801490535,0.9069393134333333,0.08445396151268543,0.0,0.0,0.0,0.08445396151268543,0.10232475513501506
1304,1,0,1,0.07115057134959736,3.8819278888154733,20.342438527306143,15.107161019264044,0.4307491607610343,0.0,11,0.481028275122365,0.8966300326012264,0.08304350753144563,0.0,0.0,0.0,0.08304350753144563,0.10812531402423621
1305,1,1,1,0.006189347686296005,3.8881172365017695,20.3096808231332,14.729481993782445,0.48630700830797097,0.0,11,0.47580325900970566,0.8862399886642549,0.0821579501521744,1.0844949645662054,0.0,5.551115123125783e-17,0.0821579501521744,0.10790139275584675
1306,1,1,1,0.006234552770404243,3.8943517892721737,20.29445008725059,14.361244943937884,0.48598795944894513,0.0,11,0.4925112846957223,0.8759790704228911,0.08407224330632931,1.4178420498478257,0.0,5.551115123125783e-17,0.08407224330632933,0.10425471384783531
1307,1,0,1,0.07125221226178813,3.9656040015339618,20.25829891148928,14.002213820339437,0.47244367084754507,0.0,11,0.4712100764199568,0.8663923757797118,0.08126573160839985,0.0,0.0,0.0,0.08126573160839985,0.10812963615057282
1308,1,0,1,0.07133443567101709,4.0,20.227535681813983,13.65215847483095,0.4589077368127168,0.0,11,0.4756942431119342,0.856512818295718,0.08121560420897032,0.0,0.0,0.0,0.08121560420897032,0.1021480263251471
1309,1,0,1,0.07133735740790371,4.0,20.181386654737494,13.310854512960177,0.44567254008512763,0.0,11,0.459539364968858,0.8469923539161234,0.07941118036553439,0.0,0.0,0.0,0.07941118036553439,0.1061647771459017
1310,1,0,0,-0.1686584390785437,3.8313415609214565,20.1619396207955,12.978083150136172,0.4318666175276021,0.0,11,0.4850876324264451,0.8373060291924417,0.08283553534515387,0.0,0.0,0.0,0.08283553534515387,0.10352020034158473
1311,1,0,1,0.0714382758668564,3.902779836788313,20.107392595304805,12.653631071382769,0.4189248414304001,0.0,11,0.44950146502919236,0.8285005692732917,0.07765065658321149,0.0,0.0,0.0,0.0776506565832115,0.10317108821799403
1312,1,0,1,0.07141298184058988,3.974192818628903,20.082250026793584,12.337290294598198,0.40532212455972877,0.0,11,0.4775422463713985,0.8190255916671894,0.08161630122402794,0.0,0.0,0.0,0.08161630122402794,0.10144285422383426
1313,1,0,1,0.0714861744436155,4.0,20.02799539904174,12.028858037233242,0.3924250767344728,0.0,11,0.4478016229179965,0.8104885080347946,0.0773822869515361,0.0,0.0,0.0,0.0773822869515361,0.10213981869571506
1314,1,0,0,-0.16846333305360128,3.831536666946399,19.967786537413943,11.728136586302412,0.37975091877388084,0.0,11,0.440491023348243,0.8014213359068745,0.07604494776355161,0.0,0.0,0.0,0.07604494776355161,0.09963846824274436
1315,1,1,1,0.0065965496430297164,3.8381332165894286,19.902477253218287,11.43493317164485,0.48750522394946477,0.0,11,0.4338853792396955,0.7923980780929087,0.07496865630321145,0.7785055126432849,0.0,5.551115123125783e-17,0.07496865630321145,0.09778336525413393
1316,1,1,1,0.006532036410125395,3.844665252999554,19.871684985466068,11.149059842353731,0.48671110660122857,0.0,11,0.466769663578238,0.7834352606215785,0.0797333603926281,1.4250313436967885,0.0,5.551115123125783e-17,0.0797333603926281,0.09819549921318586
1317,1,0,1,0.07156593218656758,3.916231185186122,19.838023597424954,10.870333346294888,0.4735285251213212,0.0,11,0.4631307365955397,0.775518620695495,0.07909548887944459,0.0,0.0,0.0,0.07909548887944462,0.09677370207425562
1318,1,0,1,0.07157328495475221,3.987804470140874,19.80729724442606,10.598575012637514,0.4602789680026282,0.0,11,0.46522423693672943,0.7677089235929961,0.07949734271215854,0.0,0.0,0.0,0.07949734271215855,0.0959522994929792
1319,1,0,1,0.07176766783240375,4.0,19.715690210487594,10.333610637321577,0.44865798322161865,0.0,11,0.4035753971721847,0.7601468064265895,0.06972590868605698,0.0,0.0,0.0,0.06972590868605698,0.0911375945039804
1320,1,0,1,0.07161920442705133,4.0,19.6875118135887,10.075270371388537,0.4354170250222363,0.0,11,0.4647138583632954,0.7512325211952293,0.07944574919629409,0.0,0.0,0.0,0.07944574919629409,0.09345358816452332
1321,1,1,0,-0.233346598944773,3.766653401055227,19.657996098419723,9.823388612103823,0.48682217137322725,0.0,11,0.4626720801707368,0.7440695546244309,0.07906697176063623,1.1125021501334178,0.0,5.551115123125783e-17,0.07906697176063623,0.09170856603873573
1322,1,0,1,0.07187659900087416,3.8385300000561013,19.567529086020585,9.577803896801228,0.4752765234693023,0.0,11,0.40098289006135623,0.7370346177630887,0.06927388742354967,0.0,0.0,0.0,0.06927388742354969,0.08739294728786923
1323,1,0,1,0.07191303505273818,3.9104430351088397,19.473474578333942,9.338358799381197,0.463890551614855,0.0,11,0.3951337194638762,0.7286333245705454,0.06831583112668406,0.0,0.0,0.0,0.06831583112668406,0.08482283573314427
1324,1,0,1,0.07194476602168323,3.982387801130523,19.384891163516883,9.104899829396668,0.45243030531919876,0.0,11,0.3982534496412846,0.7202958344428786,0.0687614777739371,0.0,0.0,0.0,0.0687614777739371,0.0837410446536032
1325,1,0,1,0.0718505124026469,4.0,19.337137883641873,8.877277333661752,0.4399856928828008,0.0,11,0.4368689992129139,0.7122447748228387,0.07466767461838798,0.0,0.0,0.0,0.07466767461838797,0.08210227164507919
1326,1,0,1,0.07191083168836246,4.0,19.282048006983082,8.655345400320208,0.42778848118912677,0.0,11,0.42833857043225615,0.7053603804325905,0.0731832701620441,0.0,0.0,0.0,0.0731832701620441,0.0793688396660747
1327,1,2,1,0.006921465410504488,4.0,19.230554894785612,8.879869293308216,0.4155183405825567,0.23698245872359425,11,0.8714656159731267,0.6984348351825822,0.15172609129785494,0.0,0.0,0.0,0.07362084363942048,0.07810524765843446
1328,1,0,1,0.07201670223895265,4.0,19.14838490479303,9.11298924865369,0.4040279649803175,0.2235162424954651,11,0.853710570055235,0.7027606047023458,0.14973955098221023,0.0,0.0,0.0,0.06894225361343524,0.08079729736877499
1329,1,0,1,0.07200929702636809,4.0,19.064063455448963,9.342866102096846,0.39263872385439874,0.20993508254447243,11,0.8520897579352555,0.7065343538361681,0.1498224064614684,0.0,0.0,0.0,0.06833544675551237,0.08148695970595601
1330,1,1,1,0.0068669316734409815,4.0,19.025594483397583,9.578068279297938,0.4874809097774726,0.1959983356035261,11,0.9069064440883556,0.7101732389386453,0.1587350229808422,0.8558323431263926,0.0,5.551115123125783e-17,0.07511454133516422,0.08362048164567797
1331,1,1,1,0.006884534210232236,4.0,18.97627419476448,9.810571430997658,0.48782124063916577,0.1819359062645848,11,0.8982744321340039,0.715091569067388,0.15744713219865314,1.4248854586648356,0.0,5.551115123125783e-17,0.07307255616500535,0.0843745760336478
1332,1,0,1,0.07179708802786608,4.0,18.94768694753349,10.055271904580541,0.47509479934439075,0.16732328066038318,11,0.9357843669959509,0.7196711406440535,0.1640344013938598,0.0,0.0,0.0,0.07635864776865016,0.08767575362520963
1333,1,1,1,0.006893184664430966,4.0,18.883425063409142,10.296046773404832,0.4881902180196243,0.15261738290974824,11,0.9015869560027927,0.7250739713028509,0.15909407838606343,1.3505687960663444,0.0,5.551115123125783e-17,0.07085869188225376,0.08823538650380969
1334,1,0,1,0.07184677075031426,4.0,18.82755957132221,10.540873786258684,0.4761867956327222,0.13758641237470493,11,0.9184483166872721,0.7294867959203494,0.16220635753167267,0.0,0.0,0.0,0.07202053432141275,0.09018582321025988
1335,1,2,1,0.00680958703564663,4.0,18.779816079211223,10.786926515566812,0.4639971228192899,0.3723209500018036,11,0.9325200711366581,0.7342108339395225,0.16473081111800222,0.0,0.0,0.0,0.07313803688059405,0.0915927742374082
1336,1,0,1,0.07176169140714263,4.0,18.75444312034194,11.03007772467825,0.45126322608343683,0.35686160207006745,11,0.9569468151116072,0.7391685648694508,0.16915946800553489,0.0,0.0,0.0,0.07640338041511795,0.09275608759041695
1337,1,0,0,-0.16825374664063228,3.8317462533593676,18.730792652236048,11.28641685921581,0.4384334677115698,0.34089820693711553,11,0.9773016875571752,0.7446130211255049,0.1727589210289137,0.0,0.0,0.0,0.07697855023120243,0.09578037079771126
1338,1,0,1,0.07171377564385507,3.903460029003223,18.71510072415414,11.5272563070676,0.4254628629507296,0.3250998781572501,11,0.9755777575561745,0.7504302377862966,0.17261360124423364,0.0,0.0,0.0,0.07782362856504112,0.09478997267919252
1339,1,0,1,0.07169858066930747,3.97515860967253,18.699200571457325,11.765091265875576,0.4125101794354636,0.30920524105415725,11,0.977993731891711,0.7560589257805435,0.1730839237101538,0.0,0.0,0.0,0.07771610109159678,0.09536782261855702
1340,1,1,1,0.006594292678144763,3.981752902350675,18.707630333576763,12.013678680081398,0.4863729211692657,0.29279558239305753,11,1.0186244722585776,0.7616072959333227,0.18022042495100446,0.9750610766127812,0.0,5.551115123125783e-17,0.081762472984406,0.09845795196659847
1341,1,0,1,0.07172442365753098,4.0,18.675466577270452,12.232578427058813,0.4738963264902561,0.2770292888577988,11,0.9547687160125591,0.7680327253414541,0.16945732928561008,0.0,0.0,0.0,0.07485956807405737,0.0945977612115527
1342,1,0,1,0.07157243481687443,4.0,18.68193788832669,12.475790990554167,0.460351078117732,0.2604008351300823,11,1.0223849996598247,0.7727011251082316,0.18104221260144338,0.0,0.0,0.0,0.08127149023514432,0.099770722366299
1343,1,0,1,0.07158394724072024,4.0,18.67428057476002,12.72382936267946,0.4471122421725457,0.24344775978493918,11,1.019324280530642,0.7789432219720215,0.18115146774197682,0.0,0.0,0.0,0.07943301567111839,0.10171845207085846
1344,1,0,1,0.07157707612980488,4.0,18.67349557129723,12.94910762622642,0.4337904000104123,0.22693431573591064,11,1.0094460085201569,0.784952748435987,0.17901171726697174,0.0,0.0,0.0,0.07993105297280047,0.09908066429417124
1345,1,0,1,0.07150465405118178,4.0,18.69022656591121,13.17936150432001,0.41997064604001116,0.2101156124722896,11,1.0375499526456604,0.7905650799380912,0.1838307434041324,0.0,0.0,0.0,0.0829185238224064,0.100912219581726
1346,1,0,1,0.07150752728768554,4.0,18.68898937364716,13.415382586052981,0.4065293613364606,0.19297303750718028,11,1.031523591224707,0.7967397017557805,0.18350315801195957,0.0,0.0,0.0,0.08064770822130327,0.10285544979065628
1347,1,0,1,0.07153169764514831,4.0,18.682240385419092,13.642762960602024,0.3932570459599747,0.17588503996692972,11,1.023240685313478,0.8026092989925037,0.18216187750041904,0.0,0.0,0.0,0.07963389225891603,0.10252798524150301
1348,1,1,1,0.0064301577613823345,4.0,18.695860753462696,13.878219822307724,0.48614533909425134,0.1583986145717585,11,1.0572023133998276,0.808125083650528,0.18804651780551945,0.8595422757598478,0.0,5.551115123125783e-17,0.08312796543449202,0.10491855237102743
1349,1,0,1,0.07140354912359267,4.0,18.711730182655355,14.113035773417508,0.4722295818586264,0.14073138518248846,11,1.065037394696702,0.8143520143942604,0.18949791974936975,0.0,0.0,0.0,0.08349454341374943,0.10600337633562029
1350,1,0,1,0.07146835143773637,4.0,18.71940892834815,14.305959292684166,0.45866084343701724,0.12407739415764103,11,1.0212214138612816,0.8206191489018215,0.1813363766787396,0.0,0.0,0.0,0.08141243052965495,0.09992394614908465
1351,1,0,1,0.07133561447417515,4.0,18.761280799245448,14.519010130228033,0.44412447175794273,0.10670430913290656,11,1.0805569139669733,0.825634205525808,0.19145674022285378,0.0,0.0,0.0,0.08721823007444698,0.1042385101484068
1352,1,0,1,0.07135830940778229,4.0,18.7781147538194,14.736263377828736,0.4301270984598837,0.08907578267283574,11,1.0660944754114878,0.8320072732368372,0.18975539854877913,0.0,0.0,0.0,0.08398423978835426,0.1057711587604249
1353,1,0,1,0.07134897716811205,4.0,18.810039911000853,14.926668819710134,0.4158427241254589,0.07203072831618444,11,1.0601900523540562,0.8378594532912035,0.18797657214645672,0.0,0.0,0.0,0.08570624600654891,0.10227032613990783
1354,1,0,1,0.07132482995735802,4.0,18.844635521291774,15.113597954924979,0.4014536427343287,0.054942918213252374,11,1.0649424637735416,0.8434177182677748,0.1888613489643738,0.0,0.0,0.0,0.08633448834678141,0.10252686061759239
1355,1,0,1,0.07129638469413713,4.0,18.86002304282299,15.314824359827329,0.38743574708853834,0.03729881653349859,11,1.0655697633389842,0.8489558369054189,0.18997198395326514,0.0,0.0,0.0,0.0841073738747424,0.1058646100785227
1356,1,0,1,0.07124489085424053,4.0,18.911964174889288,15.420296897062132,0.3725185315295163,0.022651114774460218,11,1.011784854367355,0.8543711850662581,0.17738950390836253,0.0,0.0,0.0,0.08950329335413229,0.10333728858033647
1357,1,0,1,0.07131929004147826,4.0,18.941613586144047,15.384786922072148,0.35820618671012944,0.011879146669337712,11,0.852445963063563,0.8583065267987855,0.1505058775470555,0.0,0.0,0.0,0.08587406891632045,0.10044382892197565
1358,1,0,1,0.0712710935123979,4.0,18.958640918862137,15.198476444878949,0.3440683208166007,0.005166836501715319,11,0.6888768682302955,0.858160012705405,0.12510105636690688,0.0,0.0,0.0,0.08482719536117253,0.10532510475408938
1359,1,0,1,0.07130014020254852,4.0,18.971380731363332,14.926420961148787,0.3300464172023916,0.0009850778573094042,11,0.594612262864562,0.8539279340935272,0.10922197355169046,0.0,0.0,0.0,0.08413142168525499,0.1052618482294792
1360,1,0,1,0.07135577536346725,4.0,18.974134577991965,14.576902305695493,0.31630372205897633,0.0,11,0.5006802334881415,0.847445042312803,0.08836663800434821,0.0,0.0,0.0,0.08245617086049177,0.10307072200197653
1361,1,0,0,-0.1686705200883608,3.831329479911639,19.008047640186735,14.212479748053106,0.3018228255855343,0.0,11,0.5082664266445687,0.8387759220921865,0.08688537884065192,0.0,0.0,0.0,0.08688537884065192,0.10171786102901006
1362,1,0,0,-0.1686509865576062,3.662678493354033,19.039438418242554,13.857167754351778,0.2873803224309142,0.0,11,0.506591969060489,0.8305131847059961,0.08665501892771993,0.0,0.0,0.0,0.08665501892771993,0.1021722062851207
1363,1,0,1,0.07140719760804949,3.7340856909620825,19.059092145894,13.510738560492985,0.27325364372566335,0.0,11,0.4956396881075078,0.8224151543148583,0.08476007223150579,0.0,0.0,0.0,0.08476007223150579,0.10090046761401411
1364,1,2,1,0.006454811947298593,3.740540502909381,19.049698862547174,13.74219491313114,0.2597911628020624,0.23277898091675472,11,1.0363088369510034,0.8142457676596746,0.18410100004107724,0.0,0.0,0.0,0.08077488554160549,0.10332611449947174
1365,1,0,1,0.07145786997950285,3.8119983728888838,19.039991622737304,13.962388763411859,0.24632895500505125,0.21566914715633081,11,1.0302839548628082,0.8197973443919578,0.18343224934461044,0.0,0.0,0.0,0.08077324678206715,0.10265900256254325
1366,1,0,1,0.0713865865139248,3.8833849594028087,19.063041381824483,14.17196980311897,0.2320637129670441,0.19870416463620125,11,1.0576903084480223,0.8250595096537291,0.1873813473488201,0.0,0.0,0.0,0.08559145222804271,0.10178989512077738
1367,1,0,0,-0.16864489468785332,3.7147400647149555,19.092499266909208,14.377810400249421,0.21760033517246355,0.18171172483488374,11,1.0661737618387623,0.8308752796235864,0.1887349055753886,0.0,0.0,0.0,0.0867802667674834,0.10195463880790522
1368,1,0,1,0.07138610354746468,3.7861261682624203,19.0930159609579,14.589332196263257,0.20382992576683043,0.1643716978902178,11,1.0487962317414912,0.8367577416789658,0.18666261810179416,0.0,0.0,0.0,0.08262245643379862,0.10404016166799551
1369,1,0,1,0.07135023906780733,3.8574764073302275,19.095533641289872,14.79632401852395,0.18997865528342558,0.14701613449616147,11,1.051568206523195,0.842058703930529,0.18724100326476706,0.0,0.0,0.0,0.08310762290042906,0.104133380364338
1370,1,2,0,-0.2336973088893561,3.6237790984408713,19.12936095833648,14.984774241979798,0.17539000188029644,0.38007901806094274,11,1.0695739819978018,0.8472964414953457,0.189154619030088,0.0,0.0,0.0,0.08753192041877507,0.10162269861131294
1371,1,0,1,0.0713317324676746,3.695110830908546,19.15551194006976,15.168066578003558,0.16093249252773845,0.36309806643878867,11,1.0622966977649428,0.852853380007907,0.18863076584827193,0.0,0.0,0.0,0.08674505611534783,0.10188570973292409
1372,1,2,1,0.006307869380096762,3.701418700288643,19.167816192487063,15.365100168752027,0.14676239912251168,0.48248742462268396,11,1.0674273061176054,0.858089462951833,0.19009601269525692,0.678588398632732,0.0,0.0,0.08502056043136061,0.10507545226389628
1373,1,0,1,0.07131809199696339,3.7727367922856065,19.189125206878362,15.534905729739137,0.13240727969754773,0.4655982192483063,11,1.054437484409386,0.8633229090309773,0.18746594879604958,0.0,0.0,0.0,0.08613071654978376,0.10133523224626587
1374,1,2,1,0.006281433554954148,3.7790182258405607,19.21705753530553,15.700052177742753,0.11784843035148834,0.48314117196138057,11,1.0611795498462209,0.8681007734154376,0.18850606430807282,1.2935893154898377,0.0,5.551115123125783e-17,0.08735309607635623,0.10115296823171657
1375,1,0,1,0.0712428477290966,3.850261073569657,19.237672282368937,15.882950794230453,0.10340226814660657,0.4656470522230632,11,1.0764411063773158,0.872927742826207,0.19164169165919478,0.0,0.0,0.0,0.08667697322929081,0.10496471842990399
1376,1,0,1,0.07120242611955324,3.9214634996892106,19.280644703519553,16.045960043065765,0.0883637095908602,0.44860617777601147,11,1.0839972469009136,0.8780155769149849,0.1924765980167885,0.0,0.0,0.0,0.09023135133447807,0.10224524668231047
1377,1,2,1,0.006198393582300673,3.927661893271511,19.30320040189584,16.220743254547756,0.0737971982154117,0.4824973468140669,11,1.0805040285229108,0.883165118664633,0.19241498736828966,1.191637066656069,0.0,0.0,0.0873990682526911,0.10501591911559853
1378,1,0,1,0.07118626474635266,3.998848158017864,19.32717785924396,16.391508168487764,0.05918230354121203,0.4649780331998741,11,1.0828409626992197,0.8880985914110899,0.19280524973035484,0.0,0.0,0.0,0.08768936804519793,0.10511588168515691
1379,1,0,1,0.07117063863150325,4.0,19.350137029975784,16.550875244932826,0.04455011673880705,0.44767564253535425,11,1.0752933978701762,0.8929671506932932,0.19160746480154897,0.0,0.0,0.0,0.08779312081442986,0.1038143439871191
1380,1,0,1,0.07116257880994367,4.0,19.295295090367308,16.686457609951596,0.03261297664794301,0.43096998138470705,11,0.9782657322830112,0.8975253068727153,0.17185680744906706,0.0,0.0,0.0,0.09080401447718153,0.10023396690388281
1381,1,0,1,0.07111700222856765,4.0,19.169933037484142,16.825479155762295,0.02266469290878646,0.4140806931974807,11,0.9132033104355071,0.8995438175079726,0.16102543155829768,0.0,0.0,0.0,0.09311955213765168,0.10133572912335836
1382,1,0,1,0.0711194448958252,4.0,19.042371445925323,16.95586064480498,0.012883885655550598,0.3973577928651291,11,0.9027052023150235,0.899885304831161,0.15902224551352465,0.0,0.0,0.0,0.09379780977482138,0.1003374019941095
1383,1,0,1,0.07113882435064918,4.0,18.746213835904353,17.09457145601428,0.008132169361257782,0.38028143294922595,11,0.7425090034565889,0.8999558022682577,0.1309684572611758,0.0,0.0,0.0,0.08976115713509472,0.10245815949541892
1384,1,2,1,0.006129333741154261,4.0,18.4478383110201,17.233697148281536,0.003718559669692883,0.4827935497775984,11,0.7367697996809688,0.8960196322979658,0.12972035948379848,0.7816885976953558,0.0,0.0,0.09116176764541928,0.10323870133440909
1385,1,0,1,0.07116365610544376,4.0,18.11872013303556,17.358533106509128,0.0002222410115646879,0.465895697749481,11,0.6877561667255909,0.892038386482541,0.12236502411747442,0.0,0.0,0.0,0.09157528022144731,0.10138711216870526
1386,1,0,0,-0.16882735361090603,3.831172646389094,17.673752806126,17.4762423487523,0.0,0.4491033717345713,11,0.5596732463222296,0.8869313309886173,0.1020874021588462,0.0,0.0,0.0,0.09220334566109356,0.10075395608945807
1387,1,0,0,-0.16880510355915937,3.6623675428299345,17.231908985972847,17.573292732077203,0.0,0.43286007808781485,11,0.5339564420437104,0.8787498788719575,0.09745976188053838,0.0,0.0,0.0,0.09656976404586816,0.09745976188053838
1388,1,0,1,0.07126686227301816,3.733634405102953,16.801111261323527,17.65631797402322,0.0,0.4169426075383505,11,0.5223575602479482,0.8701300429512513,0.09550482329678608,0.0,0.0,0.0,0.0948653239479808,0.09550482329678608
1389,1,0,1,0.07126405547667228,3.804898460579625,16.381083479790437,17.758187406651068,0.0,0.4003783044985762,11,0.5432773819784271,0.8614357308836688,0.099385818238646,0.0,0.0,0.0,0.09289381693051518,0.099385818238646
1390,1,0,1,0.07132248155335787,3.876220942132983,15.97155639279568,17.82883498777442,0.0,0.3846716050218169,11,0.5146022662896329,0.8534817721610377,0.0942401968605551,0.0,0.0,0.0,0.09474586119993687,0.0942401968605551
1391,1,0,1,0.07130725586386163,3.947528197996845,15.572267482975786,17.918990187579656,0.0,0.36831423164693833,11,0.5358760744995903,0.8450097845142526,0.09814424024927201,0.0,0.0,0.0,0.09295549773857761,0.09814424024927201
1392,1,0,0,-0.16871438292393054,3.7788138150729145,15.18296079590139,17.995020456661564,0.0,0.35232720498819287,11,0.5240050237714,0.8372814417638861,0.0959221599524728,0.0,0.0,0.0,0.0982242473865936,0.0959221599524728
1393,1,0,1,0.0713820251693725,3.850195840242287,14.803386776003858,18.053018807662404,0.0,0.33680703438269255,11,0.5078738624173815,0.829449531314074,0.09312102363300154,0.0,0.0,0.0,0.09503723368076376,0.09312102363300154
1394,1,0,1,0.07143006475482447,3.9216259049971116,14.43330210660376,18.099861654277625,0.0,0.3215839593410209,11,0.4981683168067833,0.8214101395916567,0.09133845025002985,0.0,0.0,0.0,0.09326818756276672,0.09133845025002985
1395,1,0,1,0.07137820940944076,3.9930041144065522,14.072469553938665,18.17383831686277,0.0,0.3054772243159675,11,0.5264732039420819,0.8133290940220348,0.09664041015032057,0.0,0.0,0.0,0.0922764555322834,0.09664041015032057
1396,1,0,1,0.07144496321534853,4.0,13.720657815090199,18.21897094963035,0.0,0.2901899042247823,11,0.4994785906891499,0.8061576967700359,0.0917239205471111,0.0,0.0,0.0,0.09372359987584733,0.0917239205471111
1397,1,0,0,-0.1685635357679697,3.83143646423203,13.377641369712943,18.28282787326016,0.0,0.2742834264431657,11,0.5193311973705679,0.7984907191180137,0.09543886668969975,0.0,0.0,0.0,0.09078099375635197,0.09543886668969975
1398,1,0,1,0.07145787521932224,3.9028943394513527,13.043200335470122,18.34491368299033,0.0,0.2583595986821419,11,0.5191565065616731,0.7915117310743276,0.09554296656614222,0.0,0.0,0.0,0.09001823903343793,0.09554296656614222
1399,1,0,1,0.07148669659244594,3.9743810360437988,12.717120327083368,18.401559237665253,0.0,0.2425593804168136,11,0.5152683967496865,0.7847028504615113,0.09480130959197042,0.0,0.0,0.0,0.08924118707513058,0.09480130959197042
1400,1,2,1,0.006510275926549281,3.980891311970348,12.399192318906284,18.45290903616136,0.0,0.47447989456097434,11,0.5113887794377351,0.7779669891187156,0.09414963192653271,0.014327283208502628,0.0,0.0,0.08835646486787634,0.09414963192653271
1401,1,0,1,0.07157375786689223,4.0,12.089212510933628,18.490286205205084,0.0,0.4591461949554055,11,0.49869989494775635,0.7713025338766912,0.09200219763341287,0.0,0.0,0.0,0.08713047550568592,0.09200219763341287
1402,1,0,1,0.071588887669989,4.0,11.786982198160285,18.52432163212979,0.0,0.4438640221278199,11,0.4962925820548381,0.7644874679034678,0.09169303696551409,0.0,0.0,0.0,0.08627222927894249,0.09169303696551409
1403,1,0,1,0.07166004948715285,4.0,11.49230764320628,18.532385719386127,0.0,0.4293771378558838,11,0.471172128059578,0.7577825957572519,0.08692130563161629,0.0,0.0,0.0,0.08668837095648957,0.08692130563161629
1404,1,0,1,0.07173154768011368,4.0,11.204999952126123,18.530743883635147,0.0,0.4151658043946349,11,0.46166780723367423,0.7506173340648101,0.08526800076749327,0.0,0.0,0.0,0.08334315723047384,0.08526800076749327
1405,1,0,1,0.0717186790262302,4.0,10.92487495332297,18.534596130596846,0.0,0.40076442492616077,11,0.4671208440525767,0.7433935958940319,0.08640827681084494,0.0,0.0,0.0,0.08364491683926985,0.08640827681084494
1406,1,0,1,0.0716959979124441,4.0,10.651753079489893,18.558830448870896,0.0,0.3857254367092891,11,0.48759922153897184,0.7364867770979954,0.09023392930123009,0.0,0.0,0.0,0.08156983588518418,0.09023392930123009
1407,1,0,1,0.07174807144397066,4.0,10.385459252502647,18.559630648743717,0.0,0.3713935907006923,11,0.46477096109459276,0.7302645882090197,0.08599107605158056,0.0,0.0,0.0,0.08225277000807679,0.08599107605158056
1408,1,0,0,-0.16826951523974218,3.831730484760258,10.12582277119008,18.58154431318303,0.0,0.3564125676887508,12,0.48590443065790756,0.7236272475311591,0.08988613807164936,0.0,0.0,0.0,0.07983096343880547,0.08988613807164936
1409,1,0,1,0.07186696899801387,3.903597453758272,9.872677201910328,18.565867782500156,0.0,0.3425500095349652,12,0.44886207714670046,0.7176841771093279,0.0831753489227131,0.0,0.0,0.0,0.07715443591960366,0.0831753489227131
1410,1,0,0,-0.16820135519643528,3.7353960985618366,9.625860271862571,18.580359244369767,0.0,0.32777003210534267,12,0.47863815643211327,0.7109636246102622,0.08867986457773556,0.0,0.0,0.0,0.0765154708524661,0.08867986457773556
1411,1,0,1,0.07193627149734302,3.8073323700591795,9.385213765066007,18.557140953069215,0.0,0.3141460624085943,12,0.44129068980869024,0.7051554879058084,0.08174381818049059,0.0,0.0,0.0,0.07373479230056683,0.08174381818049059
1412,1,0,1,0.07185008416497672,3.879182454224156,9.150583420939356,18.56749638244287,0.0,0.29949269610564566,12,0.4742839532003849,0.6985588679533805,0.08792019781769153,0.0,0.0,0.0,0.07409681878661231,0.08792019781769153
1413,1,0,1,0.07196134222981361,3.95114379645397,8.921818835415872,18.54449077928595,0.0,0.28585630611846147,12,0.44118180640415583,0.6929519950845556,0.08181833992310501,0.0,0.0,0.0,0.07190166455808998,0.08181833992310501
1414,1,0,1,0.07194650303981294,4.0,8.698773364530476,18.52796844665875,0.0,0.2720108678942928,12,0.44708993685494697,0.6866577403675456,0.0830726293450119,0.0,0.0,0.0,0.07192324464731539,0.0830726293450119
1415,1,0,1,0.0720253591181884,4.0,8.481304030417213,18.500880148354618,0.0,0.258509869231062,12,0.4361109128623361,0.6806685452797306,0.08100599197938482,0.0,0.0,0.0,0.06843426888370846,0.08100599197938482
1416,1,0,1,0.0719852771773179,4.0,8.269271429656783,18.483823045866387,0.0,0.24470438010260176,12,0.44546490122063775,0.6745546044692957,0.08283293477076153,0.0,0.0,0.0,0.06938352840882588,0.08283293477076153
1417,1,0,1,0.07199072276930314,4.0,8.062539643915363,18.468349318000854,0.0,0.23085692427418633,12,0.4466218482811266,0.6688273618880793,0.0830847349704926,0.0,0.0,0.0,0.06859252082795446,0.0830847349704926
1418,1,0,1,0.07198854434849013,4.0,7.860976152817479,18.46783584632401,0.0,0.21658386250950346,12,0.4611952612731786,0.6632722240479054,0.08563837058809726,0.0,0.0,0.0,0.0663663239433605,0.08563837058809726
1419,1,0,0,-0.16799973617912003,3.83200026382088,7.664451748997044,18.467482734389236,0.0,0.20229368529985448,12,0.46134278422332325,0.6582202999785374,0.08574106325789384,0.0,0.0,0.0,0.06512869784017863,0.08574106325789384
1420,1,0,1,0.0720986229301448,3.904098886751025,7.472840455272117,18.43924780660731,0.0,0.18883291470439154,12,0.43345214057780723,0.653298362084657,0.0807646235727778,0.0,0.0,0.0,0.063400138932599,0.0807646235727778
1421,1,0,1,0.07212410889733982,3.9762229956483646,7.286019443890313,18.40847571377807,0.0,0.17545504086917954,12,0.4302091023359429,0.6478022065469857,0.0802672430112717,0.0,0.0,0.0,0.06225780854300181,0.0802672430112717
1422,1,0,1,0.07216138719188593,4.0,7.103868957793056,18.374144822359124,0.0,0.1622050648730023,12,0.4258810014255052,0.6423623789417097,0.07949985597706363,0.0,0.0,0.0,0.06023044869877244,0.07949985597706363
1423,1,0,1,0.07211660358487476,4.0,6.926272233848229,18.362673001838274,0.0,0.1482930237143637,12,0.44788180003812794,0.6369503445038045,0.08347224695183154,0.0,0.0,0.0,0.058680801512268,0.08347224695183154
1424,1,0,1,0.07219273194926193,4.0,6.753115428002023,18.329123820524863,0.0,0.13504385564995366,12,0.42551764373254775,0.6322236308921626,0.07949500838646016,0.0,0.0,0.0,0.05770859621103475,0.07949500838646016
1425,1,0,1,0.07219625282995588,4.0,6.584287542301972,18.297067477147763,0.0,0.12178208346187169,12,0.42617175213602054,0.6270559812131722,0.07957063312849194,0.0,0.0,0.0,0.05772313808424314,0.07957063312849194
1426,1,0,1,0.07217991830712063,4.0,6.419680353744424,18.282629126183373,0.0,0.1080109585536405,12,0.44298833596430237,0.6220338754862434,0.08262674944938728,0.0,0.0,0.0,0.05532680847986858,0.08262674944938728
1427,1,0,1,0.07218745560224958,4.0,6.259188344900814,18.268771079619412,0.0,0.09423422233667877,12,0.4432076815906216,0.6175577369981948,0.08266041730177016,0.0,0.0,0.0,0.05438726633997327,0.08266041730177016
1428,1,0,1,0.07229145184696403,4.0,6.102708636278292,18.226897769936517,0.0,0.0812804972220859,12,0.41484596730759343,0.6131989856130056,0.07772235068755737,0.0,0.0,0.0,0.053153416341350346,0.07772235068755737
1429,1,0,1,0.07224819303115403,4.0,5.950140920371336,18.207153093325175,0.0,0.06771920560962612,12,0.43592776763707175,0.6082401601553703,0.08136774967475865,0.0,0.0,0.0,0.05181868951332793,0.08136774967475865
1430,1,0,1,0.07225200585661792,4.0,5.801387397362052,18.087193346209116,0.0,0.05774781070644586,12,0.3352190802170681,0.6039323503424128,0.059828369419081553,0.0,0.0,0.0,0.051285498170866875,0.08135990475538446
1431,1,0,0,-0.16766852165620733,3.8323314783437925,5.656352712428,17.911835809114834,0.0,0.049894310030067474,12,0.2768222965609482,0.5972145185892792,0.04712100405827031,0.0,0.0,0.0,0.050346722699252694,0.07836569675004039
1432,1,0,1,0.07232715039738473,3.9046586287411773,5.5149438946173,17.746236776536353,0.0,0.04195909366739272,12,0.28219686264938937,0.5892047130385709,0.04761129817604856,0.0,0.0,0.0,0.04895408109673514,0.08088729868004631
1433,1,0,0,-0.16764086836517852,3.737017760375999,5.377070297251867,17.5829778372658,0.0,0.03407602353688258,12,0.28039698014285286,0.5815295167788413,0.04729842078306085,0.0,0.0,0.0,0.04758715500527832,0.08104157448590069
1434,1,1,1,0.007397439469153215,3.744415199845152,5.507846076661011,17.303665840438914,0.24228661617526118,0.029859259684056214,12,0.42546498594520066,0.5740012033629416,0.07158088606539104,0.0,0.0,0.0,0.046280302948432855,0.08111366421691142
1435,1,1,1,0.007412605886678848,3.751827805731831,5.641274850174677,16.998305655609528,0.48440203190415126,0.02657616052703472,12,0.39835638661177686,0.5702877979274981,0.06700610056878838,0.0,0.0,0.0,0.047307505626659405,0.08095729119068183
1436,1,0,0,-0.1676875542546946,3.5841402514771366,5.7819893386300585,16.706919823849105,0.4762085439712724,0.023115319486197234,12,0.41531816933956367,0.5659895126446052,0.06992597384229858,0.0,0.0,0.0,0.0491609275972737,0.08668177645725869
1437,1,0,1,0.07233214439292814,3.6564723958700647,5.9226851398305715,16.42279150285033,0.46791006995496875,0.01966330282435798,12,0.41879020926371974,0.5622227290619791,0.07050294406885697,0.0,0.0,0.0,0.04979084409782141,0.08703078005327727
1438,1,0,1,0.0725253503309319,3.7289977462009967,6.040022432216503,16.13582049392787,0.46023650336320127,0.016447215310397927,12,0.389003199530491,0.5586369160670226,0.06533792463436504,0.0,0.0,0.0,0.04604139955060475,0.07860347078190458
1439,1,0,1,0.07250448755132326,3.80150223375232,6.159057437874551,15.85779415683627,0.45242883337406764,0.013183439990691867,12,0.39540474172005796,0.5543960731536093,0.0664286718530384,0.0,0.0,0.0,0.04684601993480203,0.07991053551152102
1440,1,0,1,0.07236663413723468,3.8738688678895548,6.301635845286119,15.595946408900033,0.443797742661771,0.009696456912943165,12,0.43115194934310386,0.5504212898677705,0.07270844274027184,0.0,0.0,0.0,0.05178654427377963,0.08754081720805863
1441,1,0,1,0.07236832481513886,3.9462371927046935,6.4437784921992325,15.334799952988062,0.43506556832788884,0.006403560992511821,12,0.4284357473557946,0.5474395563546539,0.07215042152588105,0.0,0.0,0.0,0.05239304600329298,0.08794827724166779
1442,1,0,1,0.07251737708018348,4.0,6.570429360111502,15.025446341997853,0.42672643754093503,0.004861552912626553,12,0.3617617180517434,0.5444644611296824,0.05928683320103459,0.0,0.0,0.0,0.05003478472172299,0.08100801565340945
1443,1,0,1,0.07238758604861291,4.0,6.713385738605558,14.730214253768246,0.4177703474433521,0.0031864681142862034,12,0.38762118281718083,0.5398968925527339,0.06378704937553926,0.0,0.0,0.0,0.053736540585497164,0.08774957392587132
1444,1,0,1,0.07253381969049394,4.0,6.8383617176336084,14.435778659424972,0.4092824759567309,0.001648556405933395,12,0.36663038449412405,0.5360899998093451,0.06015469916984436,0.0,0.0,0.0,0.05092722891972751,0.08130400981119393
1445,1,0,1,0.07243651358541318,4.0,6.979461990199759,14.154014900424151,0.40018875789710134,0.0,12,0.39119002299179284,0.5318535094264645,0.06445364679337731,0.0,0.0,0.0,0.05456230835777693,0.08681466221311152
1446,1,0,1,0.07244958017497351,4.0,7.117559886731046,13.800164527913548,0.39107281631305263,0.0,12,0.31258444628628057,0.5283369222655978,0.05469564950429265,0.0,0.0,0.0,0.054695649504292655,0.08663909598202195
1447,1,0,0,-0.16747470153530147,3.8325252984646987,7.247363900490147,13.455160414715708,0.3821405213339859,0.0,12,0.30774301092737816,0.5229431103661148,0.05359376987440021,0.0,0.0,0.0,0.05359376987440021,0.08307951394292572
1448,1,0,1,0.07255258462390261,3.9050778830886013,7.373838168464938,13.118781404347818,0.37320649023179886,0.0,12,0.3076583654870447,0.5175631078801465,0.053604186613122634,0.0,0.0,0.0,0.05360418661312264,0.0829356897256017
1449,1,0,1,0.07257360806032072,3.977651491148922,7.497828014959228,12.79081186923912,0.3642515617940692,0.0,12,0.30833580070591227,0.5123154893203188,0.053729570626377676,0.0,0.0,0.0,0.05372957062637768,0.08198011060947843
1450,1,0,1,0.072553295903242,4.0,7.620138959275653,12.471041572508142,0.3552061966612634,0.0,12,0.3097566446904072,0.5072159971049587,0.05427219079683497,0.0,0.0,0.0,0.05427219079683497,0.08358548498186115
1451,1,0,1,0.0725537162086344,4.0,7.744169254243989,12.159265533195438,0.3460232015148177,0.0,12,0.31453376895022556,0.502279513294595,0.05509797087867456,0.0,0.0,0.0,0.05509797087867456,0.08347302126308341
1452,1,0,1,0.07259668627333112,4.0,7.865625988209312,11.855283894865552,0.33687109933508735,0.0,12,0.31506096532142436,0.4975858696859856,0.05491261307838201,0.0,0.0,0.0,0.05491261307838201,0.08088870729729421
1453,1,0,1,0.0726001138642266,4.0,7.982706851264749,11.558901797493915,0.32771011128014543,0.0,12,0.3137215127606684,0.49302274707687166,0.05496592832965139,0.0,0.0,0.0,0.05496592832965139,0.08154046461434139
1454,1,0,1,0.0726505659279909,4.0,8.095111204994083,11.269929252556567,0.3186401342913409,0.0,12,0.31197202501095367,0.4885402162189666,0.05441986193282702,0.0,0.0,0.0,0.05441986193282702,0.07865724124975516
1455,1,0,1,0.0726756095395176,4.0,8.201734087344157,10.988181021242651,0.30961864227335245,0.0,12,0.3090006624749257,0.48412601143876627,0.054128952107930894,0.0,0.0,0.0,0.054128952107930894,0.07828194081405775
1456,1,0,0,-0.16732096383916412,3.832679036160836,8.307597943488656,10.713476495711586,0.30053611035650063,0.0,12,0.3109072083281029,0.4797478777146702,0.054495191501110665,0.0,0.0,0.0,0.054495191501110665,0.0777407223642102
1457,1,0,1,0.07270854477011052,3.905387580930946,8.408125785560756,10.445639583318794,0.29153230007460895,0.0,12,0.3082177906593161,0.47552686098000607,0.054022861691350316,0.0,0.0,0.0,0.05402286169135032,0.07667463235288283
1458,1,0,1,0.0727556116876999,3.978143192618646,8.501247337128591,10.184498593735825,0.2827032588392742,0.0,12,0.30332469620685387,0.47134413422198884,0.05297424741200836,0.0,0.0,0.0,0.05297424741200835,0.07364031562620786
1459,1,0,1,0.07276378447290849,4.0,8.597116609480555,9.929886128892429,0.27373814747339076,0.0,12,0.3084004557801777,0.4671436482716104,0.05379066819530077,0.0,0.0,0.0,0.05379066819530077,0.0723177839032125
1460,1,1,1,0.007786114728575071,4.0,8.68868178124505,9.681638975670118,0.47004604958431756,0.0,12,0.30649308700151084,0.46317506845932466,0.05347342055499832,0.2686791667794407,0.0,5.551115123125783e-17,0.05347342055499832,0.07114025882434785
1461,1,0,0,-0.16721489366817266,3.8327851063318272,8.77401619390149,9.439598001278366,0.46122125970701267,0.0,12,0.30255145718756676,0.45925801892287926,0.05294873926382926,0.0,0.0,0.0,0.05294873926382926,0.07236254588245798
1462,1,2,1,0.007838389844831055,3.8406234961766583,8.854945051817344,9.57977417605362,0.452499983200562,0.23852147579879088,12,0.6764453875706027,0.4553403548794965,0.12119880424595936,0.0,0.0,0.0,0.05232765903870472,0.06887114520725462
1463,1,0,1,0.07276570101767965,3.9133891971943378,8.94094018899823,9.743220725544862,0.4435176747851868,0.22626428063924675,12,0.7103096673689049,0.46086798069677415,0.12743702144951594,0.0,0.0,0.0,0.0538938504922511,0.07354317095726484
1464,1,0,1,0.07276253795314247,3.9861517351474802,9.021133059171705,9.894166228403638,0.4346750887162692,0.2141739688262468,12,0.6982423958958253,0.46710402286357744,0.12559738729150505,0.0,0.0,0.0,0.0530555164135052,0.07254187087799985
1465,1,0,1,0.07274185912113379,4.0,9.104877283198812,10.04398068325685,0.4256674590931995,0.20201160995083126,12,0.7064411610697029,0.47288248218938356,0.12701993099091136,0.0,0.0,0.0,0.054045777738418205,0.07297415325249312
1466,1,0,1,0.07265743932052401,4.0,9.200313679354343,10.215477154595138,0.4162235453123844,0.18914076878187833,12,0.7456543166552132,0.4787214491613916,0.133888529698608,0.0,0.0,0.0,0.05666348268489035,0.07722504701371764
1467,1,0,1,0.07263047184637927,4.0,9.295558626113456,10.387065542961636,0.4067090591808225,0.1761155271407934,12,0.752228105974346,0.48539477084873717,0.13523836663588124,0.0,0.0,0.0,0.05708691678937168,0.07815144984650954
1468,1,0,1,0.07259718775577159,4.0,9.397030526323736,10.56183269702416,0.3969437298179206,0.1628477469539946,12,0.7683046584996784,0.4920656042268774,0.13819865729820427,0.0,0.0,0.0,0.05859197617741154,0.07960668112079274
1469,1,0,1,0.07258082599246865,4.0,9.49602748685131,10.726512746684984,0.38721887364921104,0.1496702912823907,12,0.7626485907720961,0.4989715805836974,0.13741387104188063,0.0,0.0,0.0,0.058349137012257316,0.07906473402962333
1470,1,0,1,0.07252467509087304,4.0,9.601146178996459,10.904490905438022,0.37720100667578743,0.13603588996284502,12,0.7886603567365953,0.5055635058384074,0.1419136097578159,0.0,0.0,0.0,0.06010720184054175,0.08180640791727413
1471,1,0,1,0.07251050188197547,4.0,9.706214472306716,11.070889401445996,0.3671593019209538,0.12255853841581048,12,0.7841077164290918,0.5126409271108621,0.1411143378112091,0.0,0.0,0.0,0.06025022852900166,0.08086410928220744
1472,1,0,1,0.07247371551965444,4.0,9.809957865883643,11.248084449653128,0.3570228588573939,0.10865849574129487,12,0.8003660386278759,0.5194275968438178,0.14421891442845294,0.0,0.0,0.0,0.060818658381359324,0.08340025604709363
1473,1,0,1,0.07247744342777902,4.0,9.91621319068726,11.409998770818387,0.34679296197870296,0.0950258560295532,12,0.7946207038573001,0.5264510578884193,0.14317521954259546,0.0,0.0,0.0,0.06137938127214539,0.08179583827045006
1474,1,0,0,-0.16759605258224722,3.832403947417753,10.02678651605656,11.585959685226523,0.3363027683174106,0.08090600773150768,12,0.8196895388150766,0.5331552990376414,0.14766025175602754,0.0,0.0,0.0,0.06294116196775444,0.08471908978827308
1475,1,1,1,0.007432784643680316,3.8398367320614333,10.130977722851743,11.746389007979268,0.48600023061861575,0.06704096455683566,12,0.8049391845800045,0.5403186550320771,0.14521688972490004,0.5397885955159012,0.0,0.0,0.06202663067686803,0.08319025904803203
1476,1,0,1,0.07239444749127112,3.9122311795527045,10.233656918205762,11.909230798059294,0.475649770650537,0.05295048907273711,12,0.8124551537048189,0.5469341682707753,0.14664561271306387,0.0,0.0,0.0,0.06210275980847262,0.08454285290459125
1477,1,0,1,0.07229765235781829,3.9845288319105228,10.349611854873807,12.094729858804278,0.4647849435294864,0.038113595808770696,12,0.8550261903196583,0.5535721929066264,0.1542103223101018,0.0,0.0,0.0,0.0651889627263033,0.0890213595837985
1478,1,0,1,0.07232632123999228,4.0,10.458621464921293,12.259040839425786,0.4540949026965531,0.023709132261335572,12,0.8344291335109456,0.5611085428419522,0.1505670262822105,0.0,0.0,0.0,0.06414024499759978,0.08642678128461072
1479,1,0,1,0.07229299484290241,4.0,10.572486250240434,12.297884149698312,0.4431837403459448,0.012776832640300493,12,0.720649653200341,0.567941557608677,0.13106077182986056,0.0,0.0,0.0,0.0654669741036501,0.08690678220096938
1480,1,2,1,0.0072880268636108265,4.0,10.681195653717003,12.458984072983785,0.43233488732552106,0.24831618071712006,12,0.8415685867605136,0.5717592599984687,0.15185702966162493,0.0,0.0,0.0,0.06509311812254236,0.08676391153908257
1481,1,0,1,0.07223254680408632,4.0,10.795840693753203,12.628851596231005,0.4212141399980878,0.2334425095352629,12,0.863017056450939,0.5785044931675197,0.15596651105574233,0.0,0.0,0.0,0.06672448396459929,0.08924202709114303
1482,1,0,1,0.07215665635341574,4.0,10.917557327874317,12.817088449731681,0.40975376232992783,0.21795034239649427,12,0.8955707948713955,0.5856173072496053,0.16171526884157195,0.0,0.0,0.0,0.06876226600896021,0.09295300283261171
1483,1,0,1,0.07213888705195988,4.0,11.039083951002254,13.000179187251195,0.3982249178879347,0.20245884545092127,12,0.8979835050876,0.59336614444015,0.16212204832539637,0.0,0.0,0.0,0.06917306665195835,0.09294898167343801
1484,1,0,1,0.07217630743193244,4.0,11.15208573103402,13.156485459903891,0.38689799610609715,0.18757874099117033,12,0.8702896311407975,0.6009815784563362,0.1572421574495313,0.0,0.0,0.0,0.06796153069102559,0.08928062675850568
1485,1,0,1,0.07215100673288513,4.0,11.263091982558858,13.310572885680173,0.37554530236789074,0.1726389946837467,12,0.8728079570745688,0.6077142797734478,0.15775464027378003,0.0,0.0,0.0,0.06811616242923826,0.08963847784454176
1486,1,0,1,0.07203832012678475,4.0,11.392083087095966,13.492183579488294,0.3635449905031671,0.15682962884279697,12,0.9249434200512072,0.6143416217059758,0.16685806623404095,0.0,0.0,0.0,0.07200187118834235,0.09485619504569859
1487,1,0,1,0.07201784959357965,4.0,11.523382422600804,13.671507585995979,0.35137745317100766,0.1409726193120696,12,0.9327300086771277,0.6221066666646067,0.16814728117732047,0.0,0.0,0.0,0.07300522399295645,0.09514205718436403
1488,1,0,0,-0.16791473241428612,3.8320852675857138,11.639778516539526,13.815793528785758,0.3396170734399484,0.12594698938266097,12,0.8905542869434214,0.6298722502149197,0.16071605796280725,0.0,0.0,0.0,0.07056227838635536,0.09015377957645185
1489,1,0,0,-0.16794140431388532,3.6641438632718284,11.758512317292414,13.959253656635301,0.32770111951771896,0.11084583310215201,12,0.8985832297355616,0.6363893011331321,0.16210266121643022,0.0,0.0,0.0,0.07149572353337656,0.09060693768305368
1490,1,0,1,0.07207398089115001,3.7362178441629785,11.866067020080926,14.093452269520107,0.3160361512273294,0.09589253496051968,12,0.8846974650215125,0.6429441493481929,0.15970959859213138,0.0,0.0,0.0,0.06998980974233725,0.08971978884979416
1491,1,0,1,0.07204098063074457,3.808258824793723,11.979580933901607,14.228337793630507,0.3041183574957838,0.08084043150401182,12,0.8973874201711045,0.6489879822400259,0.16181938312832123,0.0,0.0,0.0,0.0715067623892741,0.0903126207390471
1492,1,0,1,0.07198513627922351,3.8802439610729467,12.103755397596863,14.368206092852272,0.291803120895549,0.0655563842498066,12,0.919240731105325,0.6551979681883029,0.16559570312663996,0.0,0.0,0.0,0.07389141960140859,0.09170428352523136
1493,1,0,1,0.07189812851631587,3.9521420895892625,12.231950495683337,14.528173904247602,0.27920786071826204,0.04961553275663075,12,0.9499619467430318,0.6617990372612284,0.17121667002277713,0.0,0.0,0.0,0.07557156106372202,0.0956451089590551
1494,1,1,1,0.006870455176240967,3.9590125447655033,12.359792433238157,14.683804742000873,0.47250506943823795,0.03368727782954215,12,0.952475885306365,0.6690031099982736,0.17165296736564384,0.2641333098770321,0.0,1.1102230246251565e-16,0.07608343780311225,0.09556952956253158
1495,1,0,0,-0.16805904688197942,3.7909534978835238,12.468928629583278,14.694915263640373,0.4603750659720625,0.022450365868320953,12,0.7963366473655973,0.6760899293809759,0.14020149256437947,0.0,0.0,0.0,0.07278002079705229,0.09150204679986305
1496,1,0,1,0.07181884292936781,3.862772340812892,12.592603819122177,14.512253711383275,0.4476780549901629,0.017671482643192286,12,0.6201097346123907,0.6790960973305913,0.10485536524216985,0.0,0.0,0.0,0.07618206589139787,0.09820886722491115
1497,1,0,1,0.07200963611934726,3.934781976932239,12.678574095272753,14.319184257531838,0.43605275810969807,0.013228512972238447,12,0.5705222605617777,0.6776214382626363,0.09640959930851224,0.0,0.0,0.0,0.06975178128278922,0.0894112335537301
1498,1,2,1,0.00685619359947503,3.9416381705317143,12.794831898617481,14.488036295130783,0.423420985613701,0.2470304413969334,12,0.960053799763787,0.6749439588201149,0.17297906442781286,0.0,0.0,0.0,0.07579063497598243,0.09718842945183043
1499,1,0,1,0.07177228166096315,4.0,12.921799074021923,14.671105805295753,0.4103741456966325,0.23026703923774217,12,0.9921083904131219,0.6820717048437066,0.1788614524575585,0.0,0.0,0.0,0.07828103950241122,0.10058041295514727
1500,1,0,1,0.07186128429777676,4.0,13.032057003667138,14.811378514580367,0.3977883357383603,0.21460078097002697,12,0.9403532609127669,0.689822621982942,0.16951240935592332,0.0,0.0,0.0,0.07551485974963221,0.09399754960629109
1501,1,0,0,-0.1681302153607984,3.831869784639202,13.137169207734537,14.94147656414436,0.38528887851277566,0.19912596758511736,12,0.9312961415875802,0.6960858879561876,0.16784562366296607,0.0,0.0,0.0,0.07499674335350838,0.09284888030945768
1502,1,0,1,0.07186835676658754,3.9037381414057895,13.237017981397724,15.06681973042248,0.372864614518193,0.18370248200427297,12,0.927158084238279,0.7019661442969725,0.1670864974525625,0.0,0.0,0.0,0.07454558396749622,0.09254091348506625
1503,1,0,1,0.0716776003321563,3.9754157417379457,13.369459507495442,15.236723446590581,0.35935582985291664,0.16693194841286263,12,1.009941185061324,0.7075959427955052,0.18167590954012022,0.0,0.0,0.0,0.08105270799165808,0.10062320154846213
1504,1,0,1,0.07167570628838717,4.0,13.498307814449358,15.39603476972196,0.3458406583280429,0.15036864191597524,12,1.0033142039374443,0.7151545738521505,0.18047086813056704,0.0,0.0,0.0,0.08109102914924265,0.09937983898132435
1505,1,0,1,0.07177167554451555,4.0,13.607984126842673,15.512944241601895,0.3328944994236052,0.1348899435810628,12,0.9489443488775354,0.7223585646042829,0.17054914343610017,0.0,0.0,0.0,0.07767695342662563,0.09287219000947458
1506,1,0,1,0.07175721775317691,4.0,13.718061898458025,15.626888604988727,0.31986414518454104,0.11942175849548659,12,0.9520453442132979,0.7280232092111143,0.17099123594784216,0.0,0.0,0.0,0.0781821254343849,0.09280911051345726
1507,1,0,1,0.0716075390505168,4.0,13.849792927771405,15.778320048767032,0.30604070437754555,0.10283125942907335,12,1.0167862356778556,0.7336237625861688,0.1824836392404527,0.0,0.0,0.0,0.08294064484197339,0.09954299439847936
1508,1,0,0,-0.16824665880312187,3.8317533411968783,13.952365007417,15.88156826539564,0.2930564496656571,0.08752306707113278,12,0.9465231206876628,0.740702824413461,0.16975468241897385,0.0,0.0,0.0,0.07790552827133047,0.09184915414764339
1509,1,0,1,0.071684460323144,3.903437801520022,14.072723409646274,15.99075852188808,0.2794999997204061,0.07195362480602402,12,0.9753969905420303,0.745848331820316,0.17475535326215874,0.0,0.0,0.0,0.08133869967150614,0.0934166535906526
1510,1,0,1,0.07156591466434299,3.975003716184365,14.201592809808218,16.129901033439893,0.2655146588838843,0.05546571537397663,12,1.019598960002115,0.7515870482883589,0.18283950161141505,0.0,0.0,0.0,0.08391204501913073,0.09892745659228429
1511,1,0,0,-0.1684716363064459,3.806532079877919,14.330474911998472,16.26966513921721,0.25143831775296316,0.0388610582399281,12,1.026933554048774,0.7582873460812027,0.18408598958981806,0.0,0.0,0.0,0.08445804678552686,0.0996279428042912
1512,1,0,1,0.07169448000545142,3.8782265598833705,14.426279284247663,16.34394184020451,0.23831075930241355,0.024224755093136232,12,0.9350845745168863,0.7650035012803921,0.16658316958404867,0.0,0.0,0.0,0.07876535070329749,0.09129928616662322
1513,1,0,0,-0.16831106209905802,3.7099154977843125,14.518092484034138,16.13571026550124,0.22524995071957524,0.019041077359738128,12,0.6528371531945083,0.7692555281113045,0.10946691789741882,0.0,0.0,0.0,0.0783648514970302,0.0910020509620166
1514,1,2,1,0.0065487134831862075,3.716464211267499,14.636568239487367,16.270443406417808,0.21126407730917182,0.2525796675529883,12,1.0195539651081797,0.7663450687383846,0.18268369930291967,0.0,0.0,0.0,0.08391524046242049,0.09876845884049919
1515,1,0,1,0.07165252600683954,3.7881167372743385,14.732491874754636,16.363929930692333,0.19791314525826328,0.23720317213345277,12,0.9620854506894244,0.7726752911476295,0.17236456482266407,0.0,0.0,0.0,0.08010559230545106,0.09225897251721304
1516,1,0,1,0.07151436706935704,3.8596311043436957,14.846787516914082,16.490083075048748,0.18386171382438568,0.2208082521354704,12,1.0178593316520343,0.7774105451361744,0.18267810859115957,0.0,0.0,0.0,0.08430858860326552,0.09836951998789403
1517,1,0,1,0.07163638275396865,3.9312674870976645,14.93719556915729,16.574369835371726,0.17052800708110158,0.2055740358795215,12,0.958116577365255,0.7834217647990708,0.17140753799539818,0.0,0.0,0.0,0.08000224045970479,0.09140529753569339
1518,1,0,1,0.07146273023896457,4.0,15.053854158948646,16.70106322191596,0.15627460059493778,0.18902299982658788,12,1.0311411114488165,0.7877891351132253,0.18482665523458447,0.0,0.0,0.0,0.08552043891698273,0.09930621631760174
1519,1,0,1,0.07154383775311093,4.0,15.157246682472586,16.788563099370208,0.14244330969511126,0.17358138560566427,12,0.9847653354998034,0.7938729345216152,0.1756374307245008,0.0,0.0,0.0,0.082987745398959,0.09264968532554176
1520,1,1,1,0.006408767543609662,4.0,15.276166450317678,16.912919086783564,0.37719469793961635,0.15696082317921128,12,1.0419209998045194,0.7986452445460699,0.18653527875655296,0.00467976633513445,0.0,0.0,0.08681190419783519,0.09972337455871778
1521,1,0,1,0.0715349351006363,4.0,15.365672639729283,16.995439695099645,0.36362589289396735,0.14147809616246795,12,0.9767539361552139,0.8047271384275311,0.17430919237435394,0.0,0.0,0.0,0.08141283027389389,0.09289636210046003
1522,1,0,1,0.07156759511348464,4.0,15.4405010724468,17.06589927056486,0.3504267303687858,0.12630748482400406,12,0.9543158165534598,0.8090278083707232,0.17021864318187296,0.0,0.0,0.0,0.07919497515108949,0.09102366803078349
1523,1,0,1,0.07134694787915251,4.0,15.555603482886232,17.188762436640978,0.33588045506356295,0.1094923463846683,12,1.050625585090838,0.8126600085752916,0.18816848246735138,0.0,0.0,0.0,0.08727765183133691,0.10089083063601445
1524,1,0,0,-0.16845770974601704,3.831542290253983,15.630236857636717,17.251709664974708,0.32255185590302476,0.09440546756905666,12,0.9561897510723945,0.8186091479881803,0.1704928678568986,0.0,0.0,0.0,0.07997159496322878,0.09052127289366983
1525,1,1,1,0.006342252696305083,3.837884542950288,15.742004110834978,17.36564680523342,0.4742207570108303,0.07773064678491508,12,1.0477530565222604,0.8220486630652857,0.18745660390707047,0.5025789141509467,0.0,0.0,0.08740767920222098,0.10004892470484948
1526,1,0,0,-0.16848405851529438,3.669400484434994,15.80700475700625,17.42915659018557,0.46105255920723437,0.06248789488880896,12,0.9562017040251318,0.82769127290171,0.17046569819821172,0.0,0.0,0.0,0.07900918682157496,0.09145651137663675
1527,1,2,1,0.00629159824202477,3.6756920826770187,15.915689806512995,17.54998465087609,0.4464619344881553,0.2954446343763199,12,1.0604171438770602,0.8309040336797955,0.18980331138940867,0.0,0.0,0.0,0.08754374831447422,0.10225956307493445
1528,1,0,1,0.07122761735074784,3.7469197000277665,16.038316670774137,17.67919130021322,0.43139375746390113,0.2780527926922453,12,1.0884753750329947,0.8366418614347273,0.1947601122499723,0.0,0.0,0.0,0.09040906214552498,0.10435105010444738
1529,1,0,1,0.07147630446286794,3.8183960044906344,16.101178707258235,17.73633857378789,0.41805640356861423,0.26276691709872896,12,0.9629470093334596,0.842937699274684,0.17173937693281968,0.0,0.0,0.0,0.08002412337172149,0.0917152535610982
1530,1,0,1,0.07151540699570677,3.889911411486341,16.141807043643833,17.777225432472793,0.40530830077175356,0.2479010881445749,12,0.9274531270966515,0.8459379320261532,0.16568359050608833,0.0,0.0,0.0,0.07648861678116375,0.08919497372492459
1531,1,0,1,0.07147262391657325,3.961384035402914,16.19991964868975,17.828157074448328,0.3920600447631207,0.23274960460361027,12,0.9570200589243638,0.8479758119029157,0.1703984372975849,0.0,0.0,0.0,0.0794895360517974,0.09090890124578754
1532,1,0,1,0.07153138926971825,4.0,16.234110663782374,17.86108524961974,0.3794494539202476,0.21806123542716707,12,0.9178211083424934,0.8507019180784519,0.1637937601158974,0.0,0.0,0.0,0.07566354505723855,0.08813021505865887
1533,1,0,1,0.07143278077798643,4.0,16.298653311421482,17.908423426551934,0.36596071547551606,0.20296100766078398,12,0.9642607224063504,0.852379897835053,0.17153379726668777,0.0,0.0,0.0,0.08093243066838898,0.09060136659829876
1534,1,0,1,0.07117724457803505,4.0,16.4172134360582,18.017334757768282,0.3507431949105279,0.18597189190188357,12,1.0826483743024056,0.8551769184493354,0.19323981794333217,0.0,0.0,0.0,0.0913051233899296,0.10193469455340255
1535,1,0,1,0.07148242230536721,4.0,16.458960199648654,18.042946399018835,0.33777827533484245,0.1713943006811299,12,0.9282221096866675,0.8608637048456622,0.16525506477863458,0.0,0.0,0.0,0.07778951745411244,0.08746554732452212
1536,1,0,1,0.07116386147099582,4.0,16.572996836554843,18.14429832748982,0.3225742892583627,0.1545507326872356,13,1.0779362303438573,0.8625476649666872,0.19228532442224433,0.0,0.0,0.0,0.09122391645887876,0.10106140796336556
1537,1,0,1,0.07118704428614167,4.0,16.678827315996173,18.235611801496066,0.3075444364708096,0.13791221479355825,13,1.0650763325486978,0.8679323791011165,0.19001022408738277,0.0,0.0,0.0,0.09017911672531866,0.0998311073620641
1538,1,0,1,0.0714520595089235,4.0,16.718801396548916,18.253917713039158,0.29445779748088835,0.12341117159710256,13,0.9311409700331389,0.872860977937306,0.16552609311826152,0.0,0.0,0.0,0.07851983393952727,0.08700625917873424
1539,1,0,1,0.07133236811108491,4.0,16.803741001726557,18.29752783677855,0.28005189035858874,0.10819383548203874,13,1.0028677066567324,0.8743179777397019,0.17773945942418085,0.0,0.0,0.0,0.08643544273379788,0.09130401669038296
1540,1,0,1,0.07133337554597077,4.0,16.88044925998011,18.335769347273345,0.265835815073726,0.09311441442969985,13,0.9924814897109814,0.8775317209626277,0.17577297802320946,0.0,0.0,0.0,0.0852964517091762,0.09047652631403325
1541,1,0,1,0.07138492763857583,4.0,16.930833025762052,18.358603214251772,0.25232698316379115,0.07844147574083772,13,0.9536230979417037,0.8804054651813366,0.16909062359278193,0.0,0.0,0.0,0.08105299145960915,0.08803763213317278
1542,1,0,1,0.07114076041531688,4.0,17.03547286948264,18.44052805142077,0.237083742877476,0.06195381320083199,13,1.0688005868899322,0.8822359060003456,0.19038541695792552,0.0,0.0,0.0,0.09145944171789112,0.0989259752400344
1543,1,0,1,0.07113317192402505,4.0,17.13855134422846,18.517462225899305,0.22181703457061816,0.04558156967127099,13,1.0669126722469424,0.8869000230225853,0.18983371101851287,0.0,0.0,0.0,0.0916002498411469,0.09823346117736599
1544,1,0,0,-0.1688958512076724,3.8311041487923276,17.242804600937855,18.48317482974914,0.20644478945468006,0.03253582968577349,13,0.9613661998124232,0.8914003392531942,0.1705079106086136,0.0,0.0,0.0,0.09223347069562851,0.09939547337166382
1545,1,0,1,0.07123732429681799,3.9023414730891455,17.327016351661765,18.2348720859474,0.1917178591870767,0.02672227016177042,13,0.729058492689344,0.8931494857671749,0.12324293874963865,0.0,0.0,0.0,0.08836158160562024,0.09208128455741396
1546,1,0,1,0.0712769040255496,3.973618377114695,17.40691235514158,17.941736067357695,0.1770641679986166,0.022747506246712634,13,0.675807195830337,0.8890472109402292,0.11177073062110723,0.0,0.0,0.0,0.08792214713076053,0.09219127982378064
1547,1,0,1,0.07114317715904947,4.0,17.496211696504535,17.617500315025353,0.16193157233466007,0.02015776355188759,13,0.648779799593096,0.8837162105624818,0.10633403015268944,0.0,0.0,0.0,0.09079557398373918,0.10077618046497974
1548,1,0,1,0.07126612390900185,4.0,17.578186933641216,17.295139341478002,0.1470911492873807,0.01769783575338173,13,0.637457063877578,0.8778428002882472,0.10380210507471141,0.0,0.0,0.0,0.08904253828367627,0.09514664894286581
1549,1,0,0,-0.1688299621046706,3.8311700378953293,17.660739420943557,16.98700333462368,0.13203090668203052,0.015109450822493669,13,0.6462496373259954,0.8718331568779805,0.10589176521742935,0.0,0.0,0.0,0.09036145563210098,0.10271148024084076
1550,1,0,0,-0.16871313353505954,3.66245690436027,17.74014804363851,16.681179876634005,0.11714702662402028,0.012633375293828651,13,0.6397787335944641,0.8661935688891809,0.10415973352005159,0.0,0.0,0.0,0.0893032803480615,0.09713252838185606
1551,1,0,0,-0.16871662739846377,3.4937402769618062,17.82327074401064,16.38416640620119,0.10209852158315065,0.010133041408765463,13,0.6466424279461255,0.8605331980068129,0.10529303355559695,0.0,0.0,0.0,0.09029103024521783,0.09884917734248616
1552,1,0,1,0.0713051148400018,3.565045391801808,17.901490094436248,16.09450917855664,0.0871268423787796,0.007634146981463864,13,0.643748051536353,0.8551859287552958,0.10482344179003594,0.0,0.0,0.0,0.08983007522622635,0.09962564500814847
1553,1,0,1,0.07129039699338266,3.6363357887951904,17.91713712847068,15.8135769749051,0.07420156100498328,0.0051043443603726495,13,0.5846148122077184,0.8498999818248222,0.09273050396932528,0.0,0.0,0.0,0.0904108997063729,0.10077605017260796
1554,1,1,1,0.006290808483503419,3.642626597278694,18.003216394050693,15.540537131270254,0.3089430097510713,0.00255643642833554,13,0.6563072745295571,0.8432678525843946,0.10683875511569434,0.0,0.0,0.0,0.09155130752347167,0.10209717991658711
1555,1,0,1,0.07141540412724745,3.714042001405941,18.053905609806826,15.266764714616038,0.2946528407602918,0.0001659986860951364,13,0.6155106372349408,0.8385938381330237,0.10008364039811932,0.0,0.0,0.0,0.0857410139446769,0.09936945584024877
1556,1,0,1,0.07139147941722276,3.7854334808231638,18.111055352122477,14.8930635336832,0.280143553556328,0.0,13,0.5164653194933907,0.8330167581105716,0.08805171534035378,0.0,0.0,0.0,0.08705572322378297,0.10085197489340686
1557,1,0,1,0.07140269750982166,3.8568361783329856,18.164956256066596,14.520736945341122,0.26569206116741334,0.0,13,0.5066772877471806,0.825102972145142,0.0867089543334878,0.0,0.0,0.0,0.0867089543334878,0.10119382163321444
1558,1,0,1,0.07146712327911979,3.9283033016121056,18.182156362496336,14.157718521707594,0.25211481674106057,0.0,13,0.47132401283140174,0.817142330035193,0.08146346655811657,0.0,0.0,0.0,0.08146346655811657,0.10120835741833815
1559,1,1,1,0.00641958175304363,3.9347228833651493,18.23806215991415,13.803775558664903,0.46611524287924544,0.0,13,0.5104597064802239,0.8084968721050982,0.08735902867726877,0.128638414493622,0.0,5.551115123125783e-17,0.08735902867726879,0.10179742472318255
1560,1,0,0,-0.168516629823968,3.7662062535411813,18.268405111830585,13.45868116969828,0.45224523626673346,0.0,13,0.48629450591428935,0.8010459429644765,0.0832200396750718,0.0,0.0,0.0,0.08322003967507181,0.10115610960963249
1561,1,0,1,0.07151322974418632,3.8377194832853676,18.297797825094587,13.122214140455823,0.4383883718069719,0.0,13,0.48610284105976764,0.7931771570382218,0.08314118675856977,0.0,0.0,0.0,0.08314118675856977,0.10062414736723799
1562,1,0,0,-0.1684848838712163,3.6692345994141515,18.327447941295056,12.794158786944429,0.4245081094960175,0.0,13,0.487095061827831,0.7855002991387604,0.0832815738657258,0.0,0.0,0.0,0.0832815738657258,0.10131690245170771
1563,1,0,1,0.07159646365061417,3.740831063064766,18.32707565361779,12.474304817270818,0.41134771903714334,0.0,13,0.45781391085510825,0.7780401682059871,0.07896234275324523,0.0,0.0,0.0,0.07896234275324523,0.10075652708976847
1564,1,1,1,0.006541705293617633,3.7473727683583835,18.358984889199675,12.162447196839047,0.48603719260739736,0.0,13,0.4900861269223337,0.7700345117722152,0.08377684435561587,0.9680863142228602,0.0,5.551115123125783e-17,0.08377684435561587,0.10041422561670277
1565,1,0,1,0.07168968455552004,3.8190624529139034,18.337682698873145,11.858386016918072,0.4734534147646363,0.0,13,0.4376724319034595,0.7630358021509681,0.07550266705656587,0.0,0.0,0.0,0.07550266705656587,0.09810047287163826
1566,1,0,1,0.07162951314091132,3.8906919660548147,18.351618709982983,11.561926366495118,0.45998735433407717,0.0,13,0.47237807858166797,0.7549017178947803,0.0807963625833551,0.0,0.0,0.0,0.0807963625833551,0.09777540940771973
1567,1,0,0,-0.1683046743894157,3.722387291665399,18.353980259335714,11.272878207332742,0.44683750677402534,0.0,13,0.461152017102303,0.7478386269119526,0.07889908536031104,0.0,0.0,0.0,0.07889908536031104,0.09530807319543541
1568,1,0,1,0.07168775567648371,3.7940750473418827,18.363320725779076,10.991056252149422,0.43349108066904457,0.0,13,0.4681899729267567,0.7406714616667114,0.08007855662988494,0.0,0.0,0.0,0.08007855662988493,0.09536644667518879
1569,1,2,1,0.0068520994162964656,3.800927146758179,18.323328885667408,11.219913049361814,0.42142648308063624,0.2348236055850699,13,0.9227243815489359,0.7338594244482124,0.16344595202003045,0.0,0.0,0.0,0.07238758553044974,0.0910583664895807
1570,1,0,1,0.07179082728843257,3.8727179740466116,18.30234815543286,11.462058047257177,0.40883172577062005,0.21906316445068538,13,0.9597453160365427,0.7385810483757306,0.17013119066640425,0.0,0.0,0.0,0.0755685438600972,0.09456264680630705
1571,1,0,0,-0.1683249668188795,3.7043930072277322,18.312636116242345,11.706453539485091,0.39545209448697366,0.20301965231054486,13,0.9987936081046537,0.7441101550672509,0.17653886054272153,0.0,0.0,0.0,0.08027778770187849,0.09626107284084304
1572,1,0,1,0.07165057350697757,3.7760435807347097,18.326971474545147,11.951152797239109,0.381954485819608,0.18676206148059968,13,1.0095118574500015,0.750477241393186,0.17853119698386508,0.0,0.0,0.0,0.08098565200419378,0.0975455449796713
1573,1,0,1,0.07163645073097501,3.8476800314656847,18.34260855272471,12.188958374419183,0.36841068356663137,0.17050998862336364,13,1.010395762154245,0.7569531067946063,0.17877525066127617,0.0,0.0,0.0,0.08126281351786002,0.09751243714341615
1574,1,1,1,0.0066856500116889315,3.8543656814773737,18.32808372597478,12.423335311809947,0.4872015725605647,0.15417039242604888,13,0.9831412838194313,0.7632891731785973,0.17482814182050055,0.7104641013997878,0.0,0.0,0.07679056463661191,0.09803757718388864
1575,1,0,1,0.07161134880268667,3.9259770302800603,18.327716103292303,12.670122656493088,0.47402861897376275,0.13727123536607558,13,1.0152051979452836,0.7687854759446182,0.18043266388065116,0.0,0.0,0.0,0.07903772152081144,0.10139494235983972
1576,1,0,1,0.07157679636305195,3.997553826643112,18.335578781036737,12.91411670269008,0.4606174262814822,0.12027648166434535,13,1.0268026929360596,0.7749459689946349,0.18243567836406446,0.0,0.0,0.0,0.08046715615368318,0.10196852221038129
1577,1,0,1,0.07148550844834398,4.0,18.369549161913177,13.15270186995986,0.4465725209923231,0.10321067069783003,13,1.0537979352393947,0.7812423870931704,0.18666429753404695,0.0,0.0,0.0,0.08426943173495506,0.1023948657990919
1578,1,2,1,0.0065621496844125785,4.0,18.363669807154107,13.378148562689756,0.43351048351411103,0.33634122662805915,13,1.0076236137676504,0.788056275796826,0.17958888928789762,0.0,0.0,0.0,0.07837222486927226,0.10121666441862537
1579,1,0,1,0.07151508220060117,4.0,18.38267238443873,13.599690080977291,0.41981154675158655,0.31936128906582345,13,1.0340895548182583,0.7935454592460967,0.1840732459485609,0.0,0.0,0.0,0.08219362057514647,0.10187962537341443
1580,1,0,0,-0.1684622349392002,3.8315377650607996,18.39639296129053,13.81084276078964,0.40625775766851424,0.30251557772610227,13,1.024432318299547,0.7995590616354007,0.18239700253676144,0.0,0.0,0.0,0.08132273449843472,0.10107426803832671
1581,1,0,1,0.07148247034260176,3.9030202354034014,18.419387854486942,14.022232921922395,0.39243359685697304,0.28549627969186636,13,1.0395659473811651,0.8051808930520044,0.18506075307466224,0.0,0.0,0.0,0.08294496486924678,0.10211578820541545
1582,1,0,1,0.07145024714466536,3.9744704825480666,18.442501488872136,14.248310054704174,0.3785043472000365,0.2679429577372092,13,1.0602312865772099,0.8110405194102334,0.1888954296695623,0.0,0.0,0.0,0.08357549794161925,0.10531993172794309
1583,1,2,1,0.006470115076123823,3.9809405976241905,18.463045046339026,14.44283002611364,0.3647326440200393,0.483151980843798,13,1.032333817465768,0.8172702885894078,0.18371833401719506,0.10765774642325532,0.0,5.551115123125783e-17,0.0826302190799832,0.10108811493721187
1584,1,0,1,0.0713997481485216,4.0,18.498889754262038,14.64653133389218,0.3504738372866016,0.4658649265375181,13,1.062192892512863,0.8226468768113169,0.1892751662383059,0.0,0.0,0.0,0.0855528404006265,0.10372232583767937
1585,1,0,1,0.0714344366308433,4.0,18.52383578280569,14.837849483241012,0.3364962370019213,0.44877878861730136,13,1.044899705096343,0.8286355272038555,0.18638242922938272,0.0,0.0,0.0,0.08386560170808181,0.10251682752130095
1586,1,0,1,0.07141020717930374,4.0,18.55147147819348,15.020498292190874,0.32242006200332496,0.43181174051761556,13,1.0443266359888206,0.8340421316511676,0.1862593385896923,0.0,0.0,0.0,0.08445704999157792,0.10180228859811437
1587,1,0,1,0.07142398567653956,4.0,18.572591440822034,15.193338803903638,0.3085175614639632,0.41499864623220994,13,1.0332597186009247,0.8392992442596089,0.18429356894860402,0.0,0.0,0.0,0.08341500323617011,0.10087856571243389
1588,1,0,1,0.07131985437754153,4.0,18.607433812485844,15.392600899641124,0.2941221500870776,0.3973333388522749,13,1.0782527235194355,0.8441482561181417,0.1923643125409236,0.0,0.0,0.0,0.0863724682613136,0.10599184427961
1589,1,0,1,0.07133130718242196,4.0,18.64741370210038,15.564683316131651,0.27964664194849004,0.380298174834689,13,1.06206317390824,0.8500008678031741,0.18906403293704135,0.0,0.0,0.0,0.0868530488315256,0.10221098410551571
1590,1,0,1,0.07130114956355284,4.0,18.67713286175666,15.75071127129123,0.2653438355324489,0.36272604850369455,13,1.0710495402716607,0.8553024254558008,0.19124959648221324,0.0,0.0,0.0,0.08581683849624681,0.10543275798596644
1591,1,0,1,0.07127589477130994,4.0,18.709306948336174,15.930276765888754,0.25094833529592314,0.3452206623357366,13,1.0724356845032341,0.8606961033261973,0.19140531842690167,0.0,0.0,0.0,0.0863730014191545,0.10503231700774719
1592,1,0,1,0.07126956996473195,4.0,18.757707803296647,16.086510571662306,0.23618496051437662,0.3282781429365363,13,1.0706242535896446,0.8659895928556232,0.19023536508448158,0.0,0.0,0.0,0.08858024868927908,0.10165511639520246
1593,1,0,1,0.07123248344373377,4.0,18.791067292484392,16.258524153072234,0.22170808839655606,0.3107499968674384,13,1.0764785299716542,0.8711054593739738,0.1920301091215104,0.0,0.0,0.0,0.08686123270692338,0.105168876414587
1594,1,0,1,0.07122522633899514,4.0,18.843843522503153,16.404918982840545,0.20676679055772165,0.29386982653736543,13,1.075410845925985,0.8762397861389157,0.19092880901344458,0.0,0.0,0.0,0.08964778703300649,0.10128102198043813
1595,1,0,1,0.07121038528040187,4.0,18.877852565930255,16.565840053975045,0.19221430829334415,0.27644371976158927,13,1.0761491771951945,0.8812190626335925,0.1918715342409218,0.0,0.0,0.0,0.08731489358626494,0.10455664065465683
1596,1,0,1,0.07117388189788912,4.0,18.912123846547324,16.72006799012341,0.17760434087144036,0.2591102350726273,13,1.0745915322630666,0.8860923154976326,0.1916607126651947,0.0,0.0,0.0,0.08765980453142272,0.104000908133772
1597,1,0,1,0.0711569942409052,4.0,18.97510207727323,16.851167488423258,0.16230099108448734,0.24237191792642312,13,1.0848825249425231,0.8908047959167684,0.19225000159894312,0.0,0.0,0.0,0.09182009872171817,0.10042990287722499
1598,1,0,0,-0.16887741134100423,3.831122588658996,19.014937829104763,17.00090935223798,0.14747878878167214,0.2249819842277366,13,1.0852343547886651,0.8956567391424124,0.1932728160090102,0.0,0.0,0.0,0.08893321381689098,0.10433960219211919
1599,1,2,1,0.006171949917071127,3.837294538576067,19.06610856800166,17.11651194676731,0.13245295821141895,0.45847951615693283,13,1.0671695129597947,0.9003961795335687,0.18898357001235927,0.0001862218339824251,0.0,0.0,0.09015498342151931,0.09882858659083997
1600,1,0,1,0.07118206357664036,3.908476602152707,19.111568040592104,17.22734582752536,0.1174954320929112,0.44201345095970507,13,1.0608588662177216,0.9045655128692243,0.18854154789441346,0.0,0.0,0.0,0.08974515671104641,0.09879639118336708
1601,1,0,0,-0.16881299838275524,3.739663603769952,19.154806841132064,17.330509310283652,0.10257980330013489,0.4257029003667559,13,1.054875130001189,0.9084728467029367,0.18735707631435258,0.0,0.0,0.0,0.08949377275665792,0.09786330355769467
1602,1,2,1,0.006152727797374113,3.745816331567326,19.205568418539077,17.43458733358481,0.08741977999539513,0.48360244270613406,13,1.0669725044935592,0.9121329037853929,0.18934548359163403,1.0542174022005355,0.0,5.551115123125783e-17,0.09096013982843858,0.09838534376319542
1603,1,0,1,0.07110539899238623,3.8169217305597125,19.239868996402368,17.560301824187235,0.07258713296969872,0.4664618190366126,13,1.0760189622688139,0.9160038938030972,0.19183962417130695,0.0,0.0,0.0,0.0889958821541784,0.10284374201712858
1604,1,1,1,0.0060752741821142224,3.822997004741827,19.277344507357988,17.687179434886023,0.3076361308250292,0.4491920895780473,13,1.0843573921691494,0.9200042705147402,0.19332438961940882,0.0,0.0,0.0,0.08970601286801703,0.10361837675139182
1605,1,0,1,0.07104720465009112,3.894044209391918,19.315347249144516,17.82079681045088,0.2926579983519269,0.4315797047605677,13,1.0957332159074848,0.9241130985561004,0.19554310374349193,0.0,0.0,0.0,0.0898687948386139,0.10567430890487803
1606,1,0,1,0.07106045387324461,3.9651046632651625,19.34747201877528,17.941996030224644,0.2778199143234523,0.414248356032147,13,1.0817275908944157,0.9284036014898851,0.1930165965413713,0.0,0.0,0.0,0.08902850417084741,0.1039880923705239
1607,1,1,1,0.006158130523649462,3.971262793788812,19.371888141149874,18.02044988921919,0.4804050059987397,0.39816309411255174,13,1.035106682594135,0.9322367012249982,0.1836725905161089,0.19732843094973818,0.0,5.551115123125783e-17,0.08716101899853752,0.09651157151757137
1608,1,0,1,0.07095487333898001,4.0,19.415310030233858,18.160786158101768,0.46521909629662983,0.3800912326140156,13,1.1185666087257884,0.9348084507592266,0.199546627203876,0.0,0.0,0.0,0.09111545821265932,0.10843116899121667
1609,1,0,1,0.07093749248129647,4.0,19.460552165205996,18.297071997903753,0.44995255682694824,0.36206119679837706,13,1.120930379482513,0.9394024047083908,0.19977945171192144,0.0,0.0,0.0,0.0915992368180899,0.10818021489383153
1610,1,0,1,0.07124930219340211,4.0,19.434251475483556,18.34639706915251,0.4368259670369336,0.34655017156055345,13,0.9669649856040613,0.9439406040777437,0.17182569016702898,0.0,0.0,0.0,0.07875953874008736,0.0930661514269416
1611,1,0,0,-0.16878479066471627,3.8312152093352836,19.41830932449156,18.40023231142718,0.4234267018331998,0.3308858483545018,13,0.9824093048985779,0.9445162136159017,0.17438153045871285,0.0,0.0,0.0,0.08039559122240308,0.09398593923630974
1612,1,0,1,0.07091948519919439,3.902134694534478,19.47007875100104,18.523242484432252,0.40797470522660095,0.3130938907793746,13,1.1202431404125184,0.9454635408979686,0.19946372509035606,0.0,0.0,0.0,0.09271197963959285,0.10675174545076316
1613,1,0,1,0.07123609400974423,3.9733707885442224,19.445262253297145,18.562759038971432,0.3948070535054396,0.2977331491164666,13,0.9645330877211221,0.9498330308858324,0.17117036030441649,0.0,0.0,0.0,0.079005910326968,0.09216444997744844
1614,1,0,1,0.07092346081991381,4.0,19.487208293304626,18.673953900259715,0.3796098782361541,0.28013149364560436,13,1.103341433602477,0.9502005323067146,0.19679298444088617,0.0,0.0,0.0,0.09118305161571286,0.10560993282517327
1615,1,1,1,0.006129048359465128,4.0,19.495942974149628,18.723206250708856,0.4858758595080606,0.26442396936221585,13,1.0120160861332512,0.9540290548391085,0.17898998865196716,0.777659269416925,0.0,5.551115123125783e-17,0.08474484295163602,0.09424514570033113
1616,1,0,1,0.07086853962515871,4.0,19.547362479021743,18.839820125824634,0.4703842690003495,0.24657995444255698,13,1.1235121106093513,0.9554787306214623,0.20001363256421995,0.0,0.0,0.0,0.0929495430462669,0.10706408951795303
1617,1,0,1,0.07121073950823989,4.0,19.51780666682663,18.85977328623931,0.45731065440307744,0.2315681562324774,13,0.9500769133407236,0.9596795651211596,0.16851247684410972,0.0,0.0,0.0,0.07844168758363218,0.09007078926047753
1618,1,0,0,-0.16884812264183807,3.831151877358162,19.50875960460057,18.894349232068528,0.4436790510436018,0.21613633191648948,13,0.9849683824298077,0.9594394988266485,0.17438056605278168,0.0,0.0,0.0,0.08178962015685423,0.09259094589592742
1619,1,0,1,0.0711476989765776,3.9022995763347397,19.497735629682452,18.924646761784864,0.43009421407450416,0.20078453022186227,13,0.9793512757149428,0.9600777209167276,0.1736198319823488,0.0,0.0,0.0,0.08150902181458565,0.09211081016776315
1620,1,0,1,0.07116983293193847,3.973469409266678,19.48045023459413,18.94603457102947,0.4167058123038063,0.18568267882657286,13,0.9646619739429694,0.960559559786683,0.17094151899592394,0.0,0.0,0.0,0.0803304106241873,0.09061110837173662
1621,1,1,0,-0.2341293154049561,3.739340093861722,19.530464554922737,19.044109582679447,0.48455380546141297,0.1682404071818213,13,1.108751452119174,0.96066212014059,0.19733079710003107,1.000234873822838,0.0,5.551115123125783e-17,0.09267716723152182,0.10465362986850926
1622,1,0,1,0.0710747084840708,3.8104148023457927,19.540675974942275,19.083871949238535,0.4703730735524949,0.15253753690105484,13,1.0143381400186793,0.9643643534400547,0.17930161313810739,0.0,0.0,0.0,0.08508439145350866,0.0942172216845987
1623,1,0,1,0.0712192245706215,3.881634026916414,19.50693083125644,19.08499618787535,0.45742483284183466,0.13790948051071464,13,0.9329927930554992,0.9656136981045202,0.16545778260600275,0.0,0.0,0.0,0.07768944426396154,0.08776833834204123
1624,1,0,1,0.07115854524230322,3.9527925721587174,19.493629410729596,19.100793336711796,0.4439423638238285,0.12289888622958589,13,0.9672939037879,0.9647981754782947,0.1709583797948091,0.0,0.0,0.0,0.08089481410803662,0.09006356568677246
1625,1,0,1,0.07119077425535474,4.0,19.47162762632467,19.103454729515555,0.43070495942420955,0.10824532687752093,13,0.9455201770848685,0.9648605686860349,0.167345782510104,0.0,0.0,0.0,0.07942442639771433,0.08792135611238969
1626,1,0,1,0.070866311916636,4.0,19.518235748461038,19.192285611845698,0.41535749749625156,0.09095431486931586,13,1.0998160633625171,0.9643770588960057,0.19583084361697842,0.0,0.0,0.0,0.09208477156774786,0.10374607204923053
1627,1,0,1,0.07121541543324836,4.0,19.48805713983742,19.18170728638284,0.40234257004424445,0.07664431081303918,13,0.9270060999211868,0.9677630340076685,0.16394958904970272,0.0,0.0,0.0,0.07808956471204276,0.08586002433765996
1628,1,0,1,0.07087441857006492,4.0,19.533037542121793,19.26230504970384,0.3870246445265592,0.059548177887761455,13,1.0923222762608824,0.9667441106555065,0.1944843506577776,0.0,0.0,0.0,0.0919075531061112,0.10257679755166642
1629,1,0,1,0.07085143903643341,4.0,19.582278566117708,19.343255412033677,0.37156425936593007,0.04242172031724714,13,1.1000749511213972,0.969883564795641,0.19552105638686063,0.0,0.0,0.0,0.09276231096377471,0.10275874542308591
1630,1,0,1,0.07083708736053977,4.0,19.6316470872801,19.41879956267268,0.35606983028984346,0.02538566752539874,13,1.0980510212551793,0.9731383494537847,0.19518289120761012,0.0,0.0,0.0,0.09296657445651975,0.10221631675109039
1631,1,0,1,0.07084097516873913,4.0,19.67849503758683,19.442222216643295,0.3406158032999767,0.010242834517718036,13,1.0465317705261603,0.9762611662488198,0.18358115998528476,0.0,0.0,0.0,0.09272416193920056,0.10140684930246918
1632,1,0,1,0.07104509686739445,4.0,19.69403318650421,19.13856452693631,0.32620580940547167,0.005454112806171949,13,0.6898983905661487,0.9780179313557532,0.11519229363630672,0.0,0.0,0.0,0.08645996336703018,0.09104034527058709
1633,1,0,1,0.07103575008498639,4.0,19.714310347793035,18.777287481536035,0.3116506047454685,0.0030127155608983287,13,0.6298150587245629,0.970814942836013,0.10197961143166057,0.0,0.0,0.0,0.08733122796001884,0.09286752862707327
1634,1,0,1,0.07106024089479082,4.0,19.731880361040577,18.425499914885933,0.29716361275919795,0.0005617859694754283,13,0.62807239233067,0.9622899457332268,0.10162752946616099,0.0,0.0,0.0,0.0869219519176236,0.09437739938009351
1635,1,0,1,0.07103712702434248,4.0,19.77027182095132,17.991828143548606,0.2820496122510562,0.0,13,0.5586541954715742,0.953934506898163,0.09405471886570294,0.0,0.0,0.0,0.09068400304885037,0.09663697701601298
1636,1,0,1,0.07098024701502083,4.0,19.79528071568048,17.54203243995989,0.2670958481344726,0.0,13,0.5192656902529471,0.9440524991124982,0.08972258469950149,0.0,0.0,0.0,0.0897225846995015,0.10383503629491778
1637,1,0,1,0.07110626902375812,4.0,19.820263674127425,17.103481628960893,0.25230948590028707,0.0,13,0.5198649763389565,0.9334328288910092,0.08871817340511345,0.0,0.0,0.0,0.08871817340511345,0.09862657143653357
1638,1,0,1,0.07108144585042085,4.0,19.855892253124864,16.675894588236872,0.23718636531043288,0.0,13,0.5311351708506192,0.9230936325772081,0.09073872353912475,0.0,0.0,0.0,0.09073872353912475,0.10039923283360058
1639,1,0,1,0.07107532800732984,4.0,19.865114958823682,16.25899722353095,0.22263762680672414,0.0,13,0.505620012026946,0.9132946710340434,0.08729243102225273,0.0,0.0,0.0,0.08729243102225273,0.10569069941487107
1640,1,2,1,0.006147074064020982,4.0,19.891540182423043,16.4084702575573,0.20774736815697223,0.23310026943152687,13,1.079001062184576,0.903102804558866,0.19073993530935002,0.0,0.0,0.0,0.08934155189851144,0.1013983834108386
1641,1,0,0,-0.16887563335080685,3.831124366649193,19.89417765932329,16.577895479429962,0.19332341681183215,0.2154593927919114,13,1.0795629597724148,0.9075002609995086,0.19238896790853344,0.0,0.0,0.0,0.08654370807084048,0.10584525983769297
1642,1,0,1,0.07111318974074368,3.9022375563899367,19.924110583035162,16.71920850641989,0.17826713694570587,0.198530916911961,13,1.0830477791706317,0.9118018284688314,0.1919085344764599,0.0,0.0,0.0,0.09033767919675746,0.10157085527970242
1643,1,0,1,0.07108160598729514,3.9733191623772317,19.928380526288937,16.882480187943543,0.16377358317358656,0.18083134830626035,13,1.083624602013803,0.9160829772363763,0.19315873426691998,0.0,0.0,0.0,0.08696132263271594,0.10619741163420404
1644,1,0,1,0.07107698258989435,4.0,19.9600072124393,17.01379326693572,0.14866654011046343,0.16401735275240484,13,1.0832112829983545,0.9202715178558121,0.19152623170187186,0.0,0.0,0.0,0.09064225837873893,0.10088397332313295
1645,1,0,1,0.07108199396409033,4.0,19.98541940470132,17.140404970303933,0.1337180047140362,0.14725407014069627,13,1.0763689076146103,0.9243450119843756,0.19027090804881464,0.0,0.0,0.0,0.08969121237856334,0.10057969567025128
1646,1,1,1,0.006029142819181122,4.0,20.0252449491259,17.266226541564567,0.36833637534479724,0.13041875196853978,13,1.0937927250603456,0.9281456093751315,0.1933016852483731,0.0,0.0,0.0,0.09228977621543398,0.1010119090329391
1647,1,2,1,0.00601092443763231,4.0,20.03324279412959,17.41835447331562,0.35368320298308614,0.3626079076808417,13,1.0924125640219984,0.9322867872672618,0.19478409989645437,0.0,0.0,0.0,0.08791903417026595,0.10686506572618841
1648,1,0,1,0.07101438887078675,4.0,20.04399901776403,17.568875151663832,0.3389447489780066,0.3447063566153381,13,1.0975668336687843,0.9362899316861302,0.19584003042349993,0.0,0.0,0.0,0.0884307240304781,0.10740930639302183
1649,1,0,1,0.0711603800363834,4.0,20.034125379869216,17.665126663655997,0.3249241502203437,0.32837307928833875,13,1.0266997283330492,0.9403218542356966,0.18212325650797265,0.0,0.0,0.0,0.08412359254597691,0.0979996639619957
1650,1,1,1,0.006107236595604473,4.0,20.03701332732299,17.76423060163048,0.48562142791918306,0.31190815130518684,13,1.0444731865163788,0.9424813010881303,0.18506100038381268,0.44954490132206226,0.0,0.0,0.08627143248490136,0.0987895678989113
1651,1,0,1,0.0709404986733352,4.0,20.05425792813289,17.915078852682715,0.47070413735003847,0.29371246106988863,13,1.1131239500859764,0.9450310982238366,0.198677884826658,0.0,0.0,0.0,0.08950374341486804,0.10917414141178991
1652,1,0,1,0.071092394330865,4.0,20.050326943166134,18.008962301496982,0.45651856186201817,0.2771859355690384,13,1.039185883367903,0.9492334195203902,0.18427260593322295,0.0,0.0,0.0,0.08511345292812211,0.09915915300510082
1653,1,0,0,-0.16886521681626265,3.8311347831837375,20.03400627922325,18.090007239024462,0.4427059642746746,0.2609890928455713,13,1.0162065047011697,0.951482231116578,0.1800566418648635,0.0,0.0,0.0,0.08287558552406044,0.09718105634080307
1654,1,0,1,0.07093132121191911,3.9020661043956566,20.05075986388288,18.22576584639053,0.4278066259242432,0.24300338229199525,13,1.1056125299818957,0.9531003379561928,0.19731029342404516,0.0,0.0,0.0,0.08939603010258916,0.107914263321456
1655,1,0,1,0.07116910288003392,3.9732352072756907,20.020423980630575,18.288614158263595,0.4144026169560148,0.22719517457485727,13,0.9894255713775922,0.9569131427568354,0.17527330011219766,0.0,0.0,0.0,0.08042405380936976,0.09484924630282787
1656,1,0,1,0.07106242745666932,4.0,20.025424491146367,18.365994093534844,0.4000073204933637,0.21094656785815705,13,1.040106399259395,0.9577259534723542,0.18386341907610856,0.0,0.0,0.0,0.0863717787759072,0.09749164030020137
1657,1,0,1,0.07111029763692801,4.0,20.011184407285988,18.430281208513854,0.3861761562191291,0.19500656118976498,13,1.0098324957356646,0.9597854646170304,0.17862702565575936,0.0,0.0,0.0,0.08298698564540687,0.0956400400103525
1658,1,0,1,0.0709097880215691,4.0,20.029978430026134,18.544007787829397,0.37122273009203716,0.1774552876128533,13,1.0935572424506819,0.9610366403949961,0.19502819822402215,0.0,0.0,0.0,0.08972055676255221,0.10530764146146991
1659,1,1,1,0.006065502244514137,4.0,20.027447716417328,18.602786007910012,0.48583766221639263,0.16157078152008755,13,1.0205971619181995,0.9643496554463883,0.18028106325823878,0.7273363805522228,0.0,5.551115123125783e-17,0.08497402670164421,0.09530703655659457
1660,1,0,1,0.07106953576225983,4.0,20.018492899210283,18.66161781795559,0.47185517764156776,0.14563001151972646,13,1.0156328359467195,0.9657558431081835,0.17953952745111598,0.0,0.0,0.0,0.08389490744894945,0.0956446200021665
1661,1,0,1,0.07087601047973519,4.0,20.042014776847935,18.773753672387947,0.4567722181529756,0.12795547458243994,13,1.1026604999991538,0.967002767929147,0.19654497855527192,0.0,0.0,0.0,0.09049775693155271,0.1060472216237192
1662,1,2,1,0.006079151561021226,4.0,20.029823900639542,18.81775970495537,0.44287851750299967,0.36234852126238165,13,1.002209367589924,0.9703942112308972,0.17700392382020547,0.0,0.0,0.0,0.08336220389985576,0.0936417199203497
1663,1,0,1,0.07116359566765998,4.0,19.993419272576848,18.851912458940763,0.42961396670857993,0.34693595033343866,13,0.9689377160625714,0.9711895901398728,0.17206273034017594,0.0,0.0,0.0,0.0795873047665179,0.09247542557365801
1664,1,0,1,0.07087371923150257,4.0,20.0234390129718,18.958185591026663,0.4143531103211628,0.3292912126013645,14,1.1074261657687887,0.9711332932879403,0.19743356471694853,0.0,0.0,0.0,0.09156513832450353,0.10586842639244498
1665,1,0,1,0.07086309192814283,4.0,20.052546469584023,19.057992483441147,0.3990933869905913,0.31175806256996297,14,1.103454964126675,0.9745406150999615,0.19675724017183757,0.0,0.0,0.0,0.09155833998342844,0.10519890018840912
1666,1,0,1,0.07108259560991669,4.0,20.036567057983277,19.08910607579073,0.38525810314794634,0.2962887552740519,14,0.9928976545744651,0.9777634738256293,0.17582754683133583,0.0,0.0,0.0,0.0830117030558695,0.09281584377546634
1667,1,1,1,0.005838357772053981,4.0,20.066418842229517,19.18325306966313,0.48470431346671955,0.27883731816647656,14,1.1021406064629904,0.9781418283443502,0.19648274184513448,0.8115486188876785,0.0,1.1102230246251565e-16,0.09177411919968256,0.10470862264545192
1668,1,0,1,0.07078118658384033,4.0,20.1032525452338,19.28576939147119,0.4692063302348417,0.2610617443493611,14,1.1205918226096592,0.9812417977973162,0.1996413422939599,0.0,0.0,0.0,0.092987899391267,0.10665344290269291
1669,1,2,1,0.005789324167677973,4.0,20.138054900173405,19.38041809790292,0.4537453853604809,0.47985274707972564,14,1.114176609788954,0.9847255484176249,0.19835977477333783,0.08165987809063913,0.0,5.551115123125783e-17,0.09276566924616464,0.1055941055271732
1670,1,0,1,0.07107306728533075,4.0,20.114680172686846,19.405176595224706,0.4400211975423638,0.4642957049676563,14,0.989345594787136,0.987961824951908,0.17568737958111988,0.0,0.0,0.0,0.08234512690870321,0.09334225267241665
1671,1,0,1,0.07117038950646153,4.0,20.066050974156358,19.4064493899849,0.427025241999591,0.44940425704383435,14,0.9406400154274956,0.9879964191977889,0.1673244207995676,0.0,0.0,0.0,0.07797573325663601,0.08934868754293157
1672,1,0,1,0.0712139701657828,4.0,20.01153545630946,19.402550019551803,0.4142364203095023,0.434665237747432,14,0.9283976208235393,0.9868125091035315,0.1651670459189469,0.0,0.0,0.0,0.07673293014053252,0.0884341157784144
1673,1,0,1,0.07110460154082919,4.0,19.986729642799236,19.421175874656853,0.4006509701895398,0.4192994182855383,14,0.9791721784913576,0.9853521368965314,0.17370761749113675,0.0,0.0,0.0,0.08151270071977461,0.09219491677136214
1674,1,0,1,0.07123208121444638,4.0,19.928621236873585,19.403570690192318,0.3880182356198468,0.40496166774870357,14,0.9094840475462145,0.9851976379364022,0.1618229106391669,0.0,0.0,0.0,0.07579640741815855,0.08602650322100831
1675,1,0,1,0.07108346311624117,4.0,19.91531872736077,19.42457659176696,0.3741713529892852,0.3895398323399049,14,0.9910081902384783,0.9833047981766477,0.1756123082361611,0.0,0.0,0.0,0.08308129578336919,0.09253101245279191
1676,1,0,1,0.07082116381717093,4.0,19.954484315666207,19.50633581069105,0.3586985806722876,0.3722318903667141,14,1.1044221902077134,0.9834973829781934,0.19668428574113073,0.0,0.0,0.0,0.09283663390198578,0.10384765183914493
1677,1,0,1,0.07080510328493256,4.0,19.9974870322341,19.584671879194197,0.3430938751937375,0.3549927598723271,14,1.1078592882299765,0.9865205031589314,0.19706301583762278,0.0,0.0,0.0,0.09362823287130079,0.103434782966322
1678,1,0,0,-0.1692026258776325,3.8307973741223673,20.0415118896587,19.65673786451668,0.3274292199642963,0.33789234813772634,14,1.1056448155327898,0.9895539727857076,0.19659040178425186,0.0,0.0,0.0,0.09398793137664746,0.10260247040760437
1679,1,0,1,0.07111845225120302,3.9019158263735703,20.012251396828546,19.64952975749698,0.31399070425275705,0.32314313430397773,14,0.9559876440045266,0.9924562438543846,0.1691263772717269,0.0,0.0,0.0,0.08063109426923509,0.08849528300249185
1680,1,0,1,0.0708019318672324,3.972717758240803,20.050272874479354,19.716521586974462,0.2984898749309681,0.3061316721049332,14,1.0965578359864303,0.9915445288581382,0.1950737491250009,0.0,0.0,0.0,0.09300497593073372,0.10206877319426716
1681,1,0,1,0.07100577942833586,4.0,20.05257984627699,19.72800406059481,0.2841643782936833,0.2908106094553203,14,1.00795930695433,0.9941698615363455,0.17787935572138708,0.0,0.0,0.0,0.08595297982370934,0.09192637589767774
1682,1,0,1,0.07079930561094841,4.0,20.091646584673747,19.78663000866048,0.2686096068790864,0.27402022518465613,14,1.0922072841342179,0.994514597671795,0.19407093411156545,0.0,0.0,0.0,0.0933286284875809,0.10074230562398453
1683,1,0,1,0.07081620001947785,4.0,20.122706730568538,19.838590821842764,0.25324936278639076,0.2573652201655499,14,1.0799778739104338,0.9969569148333556,0.19209149467081157,0.0,0.0,0.0,0.09216146455617402,0.09993003011463755
1684,1,0,1,0.0707947099515716,4.0,20.157060939063925,19.888086555551283,0.2377720347089972,0.24076035551675487,14,1.0828823810141863,0.9990324388102826,0.19249315635713152,0.0,0.0,0.0,0.09286396846436129,0.09962918789277023
1685,1,1,1,0.005783440154818286,4.0,20.190363054644287,19.937795822355152,0.47123190453985225,0.22412477628457914,14,1.0841400697496146,1.0011286873653802,0.1926575430336729,0.006396713374251628,0.0,0.0,0.09284406764061863,0.0998134753930543
1686,1,0,1,0.07069747410768837,4.0,20.232308615436956,20.00840272579214,0.4555218769111078,0.20677769062294418,14,1.1157564361546406,1.003203971924986,0.19834267974227623,0.0,0.0,0.0,0.09426016577246636,0.10408251396980986
1687,1,1,1,0.00570689283172972,4.0,20.267363127767656,20.074212295426,0.48445178481897394,0.18952673838471026,14,1.106881865495289,1.0060177835307273,0.1967950045155603,1.2331312614666468,0.0,0.0,0.09328929108615687,0.1035057134294034
1688,1,1,0,-0.23376920676040497,3.766230793239595,20.190777943823463,20.002344750563616,0.48777014690510856,0.17634580401991176,14,0.8600866567732629,1.0085393855798415,0.1524647247581394,1.406710708913843,0.0,0.0,0.07337911856934837,0.07908560618879104
1689,1,0,1,0.07127971611057314,3.8375105093501682,20.104954860443886,19.928657997785812,0.4758383473370597,0.16323442320876377,14,0.8453182312022911,1.004828067359677,0.15025908227518164,0.0,0.0,0.0,0.07159079740829362,0.07866828486688802
1690,1,0,1,0.07074921376554333,3.9082597231157115,20.139839465727597,19.992716259804155,0.4603919010349358,0.14608539335489393,14,1.0997831887578018,1.0008403214557422,0.195572856935962,0.0,0.0,0.0,0.09267867781274308,0.10289417912321891
1691,1,1,1,0.006219934398462438,3.914479657514174,20.071659117194812,19.93198737422383,0.4876215200840565,0.13265565675513122,14,0.8744046590251828,1.0033138931382939,0.15484929909423698,1.262351406209615,0.0,5.551115123125783e-17,0.07427087949566072,0.08057841959857624
1692,1,0,1,0.07073243352950884,3.9852120910436826,20.11309890260759,19.99893482174441,0.47201091157359115,0.11543345950814861,14,1.1084783952188246,1.000091162285466,0.19699683454468817,0.0,0.0,0.0,0.09366365106279255,0.10333318348189563
1693,1,0,1,0.07125857416241195,4.0,20.03629030615462,19.927058528138403,0.45990847430012427,0.10232056870830321,14,0.854115953049823,1.0028008431088,0.15129196843987336,0.0,0.0,0.0,0.07261462364080086,0.07867734479907249
1694,1,0,1,0.07127142047474595,4.0,19.96026540814993,19.8537145389761,0.4478332184542475,0.0892922832238303,14,0.8497148336903331,0.9990837208573256,0.15062124798209775,0.0,0.0,0.0,0.07245153507526028,0.07816971290683745
1695,1,0,1,0.07120862270158633,4.0,19.903638014957185,19.800559233288197,0.43525927370208667,0.07575525262013648,14,0.8855667997975017,0.9953494986781509,0.15666585213512807,0.0,0.0,0.0,0.07544366851296513,0.08122218362216295
1696,1,0,1,0.07111411788707396,4.0,19.87533777307179,19.77037596922048,0.42192233792004635,0.06160854455362994,14,0.9341214252530261,0.9926049312061346,0.164901863091281,0.0,0.0,0.0,0.0800216146922418,0.0848802483990392
1697,1,1,1,0.005774765495625554,4.0,19.92097384708558,19.835321089727955,0.4844058761634886,0.044598067568060375,14,1.1017240380785713,0.9911428435573069,0.19562760493248554,1.0315340275202782,0.0,5.551115123125783e-17,0.09356474301906816,0.10206286191341736
1698,1,0,0,-0.1689897517111801,3.8310102482888198,19.919222717312103,19.8279834078349,0.47029413625979344,0.02976726017577062,14,0.9848185617537978,0.9939073734203385,0.17365528377590958,0.0,0.0,0.0,0.08467043942217102,0.08898484435373856
1699,1,0,1,0.07109072764069839,3.902100975929518,19.89462944651908,19.76711744073332,0.4568382068899303,0.01695274042748758,14,0.908220915234078,0.993680153128675,0.157622694708877,0.0,0.0,0.0,0.08073557621917873,0.08621748366179072
1700,1,0,1,0.07076717378847043,3.9728681497179883,19.942492702612444,19.659765343513342,0.44117237755156186,0.005964063439099772,14,0.9320548310546972,0.99154367218131,0.1599270379605379,0.0,0.0,0.0,0.09399497603021106,0.10250230508048874
1701,1,0,1,0.07105755605419012,4.0,19.93498180652268,19.298309460002052,0.4272094442079201,0.0030618402514602807,14,0.6210896715520883,0.9900564511531447,0.10119093918768755,0.0,0.0,0.0,0.0837776000618506,0.08806314768286387
1702,1,2,1,0.006032428689252047,4.0,19.939212147674283,19.317269650545967,0.412907066221557,0.2378023754972275,14,1.0040228133586373,0.9808322816631183,0.177371056443575,0.0,0.0,0.0,0.08581426791817834,0.09155678852539668
1703,1,0,1,0.07102290888130744,4.0,19.941173103519233,19.345459946901045,0.3986554532037096,0.22222045545937433,14,1.0115632971555353,0.9814120449555063,0.17900119833420355,0.0,0.0,0.0,0.0855096781070846,0.09349152022711896
1704,1,0,1,0.0710495822838984,4.0,19.93649496030473,19.36985119688507,0.38460597821506365,0.20673665063208213,14,1.001878933030028,0.9821658262605071,0.17719967889562865,0.0,0.0,0.0,0.08429684993187557,0.09290282896375308
1705,1,0,1,0.07101134739330299,4.0,19.94158070470002,19.39392086143578,0.3702626517983556,0.19125526598711615,14,1.0118140628757433,0.982658653929745,0.17894826637004457,0.0,0.0,0.0,0.08605995850024852,0.09288830786979604
1706,1,0,1,0.07104499609121431,4.0,19.94301532076273,19.41351557952452,0.3560366041590433,0.17590590088582722,14,1.00441687330485,0.983387539153395,0.1774524764436065,0.0,0.0,0.0,0.08535628583587307,0.09209619060773346
1707,1,1,1,0.006066950355136291,4.0,19.93231578916975,19.42001904991131,0.4861139930281893,0.1609142235728248,14,0.9797172113009874,0.9839132725071814,0.17326610570887857,0.6362196249542602,0.0,5.551115123125783e-17,0.08331604183086404,0.08995006387801455
1708,1,2,1,0.006104026384227456,4.0,19.908953340702507,19.421166704632654,0.47258356637918736,0.39605689260625887,14,0.9615935772311268,0.9838083709770266,0.17032654569340702,0.0,0.0,0.0,0.08118255989401106,0.08914398579939598
1709,1,0,0,-0.16890824327492177,3.8310917567250784,19.890911241373985,19.43819777047499,0.45887179858972443,0.38069752867207335,14,0.9822419676471942,0.983253001133379,0.17442679034189043,0.0,0.0,0.0,0.08227060673677797,0.09215618360511246
1710,1,0,0,-0.16881835798218237,3.662273398742896,19.848472520376284,19.43968193081843,0.4458476368284776,0.3657531410067545,14,0.9422731646419621,0.9832277252962244,0.16781129655939472,0.0,0.0,0.0,0.07814497056748132,0.0896663259919134
1711,1,0,1,0.07079240900232722,3.733065807745223,19.905462044450964,19.531368915684872,0.42991848456527343,0.3480888420723396,14,1.1308803702209909,0.9822038612798679,0.2015607071857139,0.0,0.0,0.0,0.09557491357922478,0.1059857936064891
1712,1,0,1,0.07079924063770283,3.8038650483829257,19.94909111754793,19.6154957407253,0.41432319203412765,0.3306035512698804,14,1.1136766721407891,0.985920774003396,0.19848350000163048,0.0,0.0,0.0,0.09357175518687483,0.10491174481475568
1713,1,0,1,0.07107565191595396,3.87494070029888,19.935631534241466,19.624107462733345,0.40046974294158594,0.3153638031060158,14,0.9842668101584157,0.9891146714568309,0.17455918353843794,0.0,0.0,0.0,0.08312069455525026,0.09143848898318764
1714,1,0,1,0.07078976116524219,3.945730461464122,19.979765613922503,19.70171960137234,0.38484690786458314,0.2980217521513313,14,1.1107396932443998,0.9889934749243704,0.1977893161901232,0.0,0.0,0.0,0.09373701046201668,0.10405230572810652
1715,1,2,1,0.005761158790008823,3.951491620254131,20.025153083147842,19.775429661071318,0.36915220177299624,0.48271870983597776,14,1.111134659306689,0.9920371303823711,0.19785597753365478,0.28813051290798797,0.0,5.551115123125783e-17,0.09416823654952142,0.10368774098413337
1716,1,1,1,0.005775459784688674,3.95726708003882,20.071647247765092,19.845397935002005,0.48424354376612655,0.4654967641281395,14,1.1114770071534128,0.9950145686054792,0.1978704116502705,0.7149132106379777,0.0,5.551115123125783e-17,0.0945387374032407,0.1033316742470298
1717,1,0,1,0.0711796033756641,4.0,20.015391032054914,19.82060301754572,0.4714912419577147,0.45103222726509323,14,0.9168749964027156,0.9979261295691775,0.16330103202874777,0.0,0.0,0.0,0.0765138108504706,0.08678722117827714
1718,1,0,1,0.07126713723481637,4.0,19.93677498635839,19.779228566525614,0.4594016730160828,0.43704430878731887,14,0.8759093545233847,0.9958998512400159,0.15646492451643793,0.0,0.0,0.0,0.07253741364979154,0.08392751086664639
1719,1,0,1,0.07076921388988987,4.0,19.98705087169399,19.854862350684638,0.44359370898095674,0.41965312996863197,14,1.1188097583167265,0.9929000888221001,0.1991948571228783,0.0,0.0,0.0,0.09484778421075682,0.1043470729121215
1720,1,0,1,0.07128475512275759,4.0,19.90786535340288,19.805681320031038,0.43153111892195634,0.4058762874155528,14,0.8676812816147537,0.9960478305594658,0.15503659567247718,0.0,0.0,0.0,0.07237554035400218,0.08266105531847502
1721,1,0,1,0.07111046025962521,4.0,19.880833990127485,19.792772145510988,0.4180937487852883,0.3911520140249116,14,0.9528981290404009,0.992838666835848,0.1689698611638544,0.0,0.0,0.0,0.08062422082000781,0.0883456403438466
1722,1,0,1,0.07076863926181896,4.0,19.933845840533294,19.86340415702539,0.4022515883289575,0.3739273809241899,14,1.1154840153111714,0.9918401533909619,0.19840076134231502,0.0,0.0,0.0,0.09505296273798491,0.10334779860433013
1723,1,0,1,0.07109781276063527,4.0,19.90562738668671,19.844593580334756,0.38883149144282325,0.35934301234319893,14,0.9479022194017548,0.9949312499389671,0.16802679280275196,0.0,0.0,0.0,0.08052058131680587,0.08750621148594609
1724,1,0,1,0.07077797915940923,4.0,19.95348743928437,19.909549995831057,0.37311782730999243,0.34224792601956583,14,1.1065719922694948,0.9937555241755369,0.19685250273878377,0.0,0.0,0.0,0.0942819847969847,0.10257051794179906
1725,1,0,1,0.07078798929813061,4.0,19.999599054701775,19.966542735133626,0.3574220834212843,0.3253537339432598,14,1.0996802905978602,0.9965759358778857,0.195539615790085,0.0,0.0,0.0,0.09417446333224902,0.101365152457836
1726,1,0,1,0.07111086001292569,4.0,19.96478708340861,19.93723178841642,0.3441487833873975,0.3110104886408614,14,0.935030626735512,0.9991535447458849,0.16569927201771112,0.0,0.0,0.0,0.07963980020332054,0.08605947181439057
1727,1,0,1,0.07078242461519159,4.0,20.005272992070854,19.991145869472195,0.32860632983709004,0.29417202544069393,14,1.0919504615136497,0.9975504717956256,0.1942855005028496,0.0,0.0,0.0,0.09325472130184524,0.10103077920100437
1728,1,0,0,-0.16923910809450704,3.830760891905493,20.050105445393463,20.045702312462225,0.3129176742969054,0.2772947130967393,14,1.0992993678512115,0.9999104715385763,0.195395807304836,0.0,0.0,0.0,0.09413193324110752,0.10126387406372847
1729,1,0,1,0.07076134079431057,3.901522232699804,20.09341599443715,20.09477124965284,0.2972468878098624,0.26055459130220393,14,1.0947746801806986,1.0023951939463922,0.19446544968947002,0.0,0.0,0.0,0.09402471892225826,0.10044073076721172
1730,1,0,1,0.07077710553577839,3.9722993382355822,20.132971782808678,20.138576682646097,0.2816550840088467,0.2439473138387563,14,1.088065902467028,1.00470468110225,0.19319448758677987,0.0,0.0,0.0,0.09355082280609416,0.09964366478068575
1731,1,0,0,-0.1692401755561979,3.8030591626793844,20.171542955496214,20.179218299233078,0.26605718070920775,0.22740694315862456,14,1.0860015009108903,1.0067887116363692,0.19282964387862386,0.0,0.0,0.0,0.09358741979783332,0.09924222408079056
1732,1,0,1,0.0709711574686338,3.874030320148018,20.172174550445217,20.16585927017036,0.2517040986338021,0.21249468586797263,14,0.9960415972545111,1.0087690313682325,0.17559203619634556,0.0,0.0,0.0,0.08611849245243393,0.08947354374391157
1733,1,0,1,0.07096954203147254,3.9449998621794906,20.17749547471943,20.150391602886806,0.23721914454734738,0.19767147290077833,14,0.9983041025060488,1.0084508455153895,0.1758490023218945,0.0,0.0,0.0,0.08690972451872847,0.08893927780316603
1734,1,0,0,-0.16923350436809925,3.775766357811391,20.211598761746526,20.18745116308865,0.22171660724214803,0.18123044578877381,14,1.0793600241690975,1.0081971769401559,0.19166138650322315,0.0,0.0,0.0,0.09301522383119606,0.0986461626720271
1735,1,0,0,-0.16898548637423505,3.606780871437156,20.19981747329964,20.157282521473327,0.20769783739327938,0.16681686952227237,14,0.968026318058672,1.0099762481208794,0.17059407669222054,0.0,0.0,0.0,0.08411261909321202,0.08648145759900851
1736,1,0,1,0.0707775514561229,3.677558422893279,20.23179794392486,20.193784444944463,0.19224096243648311,0.15038451069129258,14,1.0774098939656787,1.0089274998693243,0.1913354027266561,0.0,0.0,0.0,0.09274124974077753,0.09859415298587859
1737,1,0,1,0.07096034288376117,3.7485187657770402,20.23642384936364,20.178264853111088,0.17774035719129974,0.13554519674425528,14,0.9997458733271383,1.0106395597217332,0.17603951515332433,0.0,0.0,0.0,0.08700363147110042,0.08903588368222393
1738,1,1,1,0.005753184246010694,3.754271950023051,20.27097544440977,20.2177734784973,0.41218241541900763,0.11903196286097299,14,1.0844274379942123,1.010367217561868,0.1924270539334465,0.0,0.0,0.0,0.09334765063375265,0.09907940329969384
1739,1,0,1,0.0711196933675875,3.8253916433906383,20.222432550411003,20.16549028825232,0.39916788531508357,0.10521667290714336,14,0.9113926388289306,1.0122187230726767,0.16097892034652228,0.0,0.0,0.0,0.07808718062354446,0.0828917397229778
1740,1,0,1,0.07107890294434784,3.896470546334986,20.18872065566368,20.123350021277513,0.38576544634851534,0.09115985644960521,14,0.9338459092444517,1.009698070966583,0.1647555325446382,0.0,0.0,0.0,0.08041463379940939,0.0843408987452288
1741,1,0,1,0.07112899251824106,3.9675995388532272,20.1446645495775,20.067047202268903,0.37266937128336686,0.0775449493685532,14,0.9074428418287376,1.0078017669235297,0.1602658928772027,0.0,0.0,0.0,0.07857645039089062,0.08168944248631209
1742,1,0,1,0.07097515361734902,4.0,20.14619051496522,20.049818879434447,0.35830680286280314,0.06285424855189496,14,0.9895904363494266,1.00529279379616,0.1743196154233317,0.0,0.0,0.0,0.08617541052338226,0.08814420489994942
1743,1,0,1,0.07075604631858226,4.0,20.181208717634156,20.095618784685406,0.3428055963153862,0.046196852507939694,14,1.085718342779888,1.0049002348599916,0.1929516155482331,0.0,0.0,0.0,0.09300723928450148,0.09994437626373162
1744,1,1,1,0.006151978631176966,4.0,20.12859488105484,20.034705759667617,0.48716414344307557,0.032739712733112415,14,0.8933938259608809,1.006920687557989,0.15775797799051025,0.5568335778923175,0.0,5.551115123125783e-17,0.07701513934154663,0.08074283864896364
1745,1,0,0,-0.16925154550490246,3.8307484544950974,20.15991808820978,20.0887098845811,0.47178451490480705,0.015811790841449597,14,1.089409848086482,1.0040825160180615,0.1938453025795879,0.0,0.0,0.0,0.092277771229611,0.10156753134997693
1746,1,0,1,0.07116789313080309,3.9019163476259004,20.103333867972665,19.90421869261235,0.45908452590884,0.006668120274434063,14,0.7651402871139112,1.006215699319772,0.13106195737789544,0.0,0.0,0.0,0.07619993397580224,0.08151723655490323
1747,1,0,1,0.07096888287944991,3.9728852305053506,20.108837074044125,19.567695746980572,0.44464625780724915,0.0027264354483165546,14,0.6691690744543074,1.0001888140146256,0.11027971756625014,0.0,0.0,0.0,0.08662960860954508,0.09077788441002671
1748,1,0,1,0.07080353339457508,4.0,20.135724583149837,19.204126890939758,0.42940493557235787,0.00010927841428109639,14,0.6552319735905172,0.9919133205256174,0.10715087561356063,0.0,0.0,0.0,0.09144793340934788,0.10229045332497191
1749,1,2,1,0.006023985565562258,4.0,20.133370928402645,19.23259196036912,0.41516702372534553,0.23462088657336333,14,1.009607701534408,0.98349628685224,0.1783578221275805,0.0,0.0,0.0,0.08542747108207396,0.09293035104550652
1750,1,0,1,0.07101983706154874,4.0,20.128029659516194,19.26666384383472,0.4009867665040496,0.21890762757312401,14,1.0128796867984449,0.9841490722192943,0.17936109732921174,0.0,0.0,0.0,0.08508154332777593,0.09427955400143584
1751,1,0,1,0.07081698602319413,4.0,20.156609454715742,19.355268080584054,0.38567236999968174,0.20145637697659816,14,1.1020513695326546,0.9848673375837729,0.19659388260536187,0.0,0.0,0.0,0.09188637902620657,0.10470750357915531
1752,1,0,1,0.07082235939997403,4.0,20.182230390693306,19.436817533029902,0.37042005281318047,0.18416773337351763,14,1.0949673268059046,0.987796938382495,0.19524576473749086,0.0,0.0,0.0,0.09151390311900763,0.10373186161848319
1753,1,0,1,0.07079440051279129,4.0,20.210676688804416,19.515391512475656,0.35506384311528527,0.16691689634170612,14,1.0974964756499452,0.9904761980930803,0.19564228037823994,0.0,0.0,0.0,0.09213725818737094,0.103505022190869
1754,1,0,1,0.07098570790866794,4.0,20.210440461061168,19.53544658908075,0.34070177383001216,0.15145247935914033,14,1.01297055389385,0.9931517050320018,0.17895891760703403,0.0,0.0,0.0,0.08617241571163915,0.09278650189539486
1755,1,0,1,0.07115231722643252,4.0,20.161735643708756,19.513384473983173,0.3277166793994605,0.1371918306778424,14,0.922880243803555,0.993647176253548,0.16347445867109736,0.0,0.0,0.0,0.07791056658330998,0.0855638920877874
1756,1,0,1,0.07106746707067271,4.0,20.139873098697663,19.50789083549139,0.31400808710519,0.1224894172377059,14,0.9645218194394288,0.9918780029422982,0.17046603440644176,0.0,0.0,0.0,0.08225155376562261,0.08821448064081913
1757,1,2,1,0.005993797963586611,4.0,20.14465207191766,19.52513949269357,0.2995631876601509,0.3571501658107093,14,1.0132217287768992,0.9911940983547265,0.17870490523221372,0.0,0.0,0.0,0.08666939667023461,0.09203550856197908
1758,1,0,1,0.07101492267424195,4.0,20.139169978010194,19.54545092015527,0.2853511274330216,0.34163686571888285,14,1.0065741226695177,0.9917447891152807,0.1783521619137352,0.0,0.0,0.0,0.08527236136277597,0.09307980055095924
1759,1,0,1,0.07107345786073281,4.0,20.122710168810205,19.553931947412067,0.2714724727480829,0.3264799707113905,14,0.9841367405109391,0.9921155224541367,0.1742132981545866,0.0,0.0,0.0,0.0832719281096324,0.09094137004495421
1760,1,0,0,-0.16894142143952245,3.8310585785604774,20.1076541527448,19.560715932372737,0.2575542546158159,0.3113663587597199,14,0.9836440218008213,0.9919160529055568,0.17419098050362578,0.0,0.0,0.0,0.08350930879360213,0.0906816717100236
1761,1,0,1,0.07082936174027987,3.901887940300757,20.1414898086512,19.625923361105823,0.24209242733730438,0.2944548860592448,14,1.0907523367674283,0.9917092521279385,0.19423979987391937,0.0,0.0,0.0,0.09277096367106893,0.10146883620285044
1762,1,0,0,-0.16896907381795206,3.7329188664828052,20.136320703793473,19.635118244485017,0.2279032544945193,0.27923975053952726,14,0.9982111077653923,0.9941853292439256,0.17642585017501586,0.0,0.0,0.0,0.08513503705671069,0.09129081311830517
1763,1,0,1,0.07094453676403074,3.803863403246836,20.162513655485093,19.660408418165417,0.2128022683195688,0.26355918588149013,14,1.0457690990789867,0.9942859737069623,0.1846893049979258,0.0,0.0,0.0,0.09060591704970268,0.09408338794822313
1764,1,0,1,0.07101420691477178,3.874877610161608,20.15985613429398,19.66929327397129,0.19852918860957017,0.2483301511773298,14,1.001800386456021,0.995573051841263,0.1770126864849538,0.0,0.0,0.0,0.08563847825999202,0.09137420822496177
1765,1,0,1,0.07095231334808687,3.9458299235096947,20.18332794178287,19.688032961175093,0.1834909087048305,0.23283921413462008,14,1.0379402298993228,0.9957287352066319,0.183175301684696,0.0,0.0,0.0,0.09022967942843779,0.09294562225625823
1766,1,0,1,0.07093422480740282,4.0,20.204884414538434,19.70788243099888,0.16850332924713718,0.2173096682020709,14,1.0381899651532995,0.9967840225739492,0.18310275234145512,0.0,0.0,0.0,0.08992547674616,0.09317727559529508
1767,1,0,1,0.07079157492077782,4.0,20.237799536353695,19.766810635452845,0.15297253169178807,0.2005294477180518,14,1.0896624974076596,0.9978191711384329,0.19386610823620948,0.0,0.0,0.0,0.09318478533209479,0.10068132290411473
1768,1,0,1,0.07089498697821875,4.0,20.27005612667908,19.787391328683675,0.13763963039579366,0.184929193622799,14,1.0529525378513802,1.0001152542951637,0.18559893234748318,0.0,0.0,0.0,0.09199740777596635,0.09360152457151683
1769,1,0,1,0.0708953018463021,4.0,20.297663182474206,19.805131404501275,0.12242920708653943,0.16941199537772467,14,1.0467833179967923,1.001436186384069,0.18436572932597134,0.0,0.0,0.0,0.0912625398555254,0.09310318947044594
1770,1,0,1,0.07078218590166009,4.0,20.327748947196138,19.86125626389598,0.1069213731773555,0.15266054123778153,14,1.0887804887910284,1.0025698646743872,0.19355572829476242,0.0,0.0,0.0,0.09304700345510344,0.10050872483965895
1771,1,0,1,0.07076021045751762,4.0,20.361675487570395,19.916031428889383,0.09128224524293216,0.13592169340240537,14,1.093426835644959,1.004725130277303,0.19426785461879714,0.0,0.0,0.0,0.09383476760654018,0.10043308701225699
1772,1,0,1,0.07071756986474916,4.0,20.39918567695494,19.969879934075042,0.07555363504721602,0.11915610281272705,14,1.0983013674816973,1.0069426729114945,0.19496520471236656,0.0,0.0,0.0,0.09437166117429682,0.10059354353806971
1773,1,1,1,0.005820399536006194,4.0,20.436926950689248,19.988693794590567,0.3099655966438384,0.10348061279806586,14,1.0657817745255822,1.0092266402757497,0.18758117050823325,0.0,0.0,0.0,0.09352823042026605,0.0940529400879672
1774,1,0,1,0.07075388242308746,4.0,20.458995398256405,20.038382996000728,0.2946037028642391,0.08672278977791549,14,1.082398167609314,1.0106405186319953,0.19271830079849786,0.0,0.0,0.0,0.09217136267759557,0.10054693812090229
1775,1,0,1,0.07072863980429987,4.0,20.484940681134844,20.088302014551793,0.27911397777331853,0.06994799991286733,14,1.0882987612859343,1.0124344598564283,0.19358708973581193,0.0,0.0,0.0,0.092938350545523,0.10064873919028894
1776,1,0,1,0.07091906856951719,4.0,20.48226797589615,20.078200589103787,0.2646435050330825,0.05501292523692549,14,1.001556936705468,1.014331067392166,0.1764332844970674,0.0,0.0,0.0,0.08682283644141645,0.08961044805565099
1777,1,0,1,0.07075846997212351,4.0,20.502697721207102,20.120085782890108,0.249295836031571,0.038462410145882545,14,1.0763266532222646,1.0140117141249987,0.19138910455532673,0.0,0.0,0.0,0.09208601400906903,0.09930309054625772
1778,1,0,1,0.07090996980930363,4.0,20.503249502853578,20.111427620231233,0.23472023088340296,0.023464775813149572,14,1.0074632065900322,1.0155695876024302,0.17743943688540587,0.0,0.0,0.0,0.08745363088900805,0.08998580599639784
1779,1,0,1,0.0709650207973226,4.0,20.48944582413224,19.973584177940086,0.22054719056175576,0.012532368426590912,14,0.8637198070646346,1.0153669280771203,0.15063268624923534,0.0,0.0,0.0,0.08503824192988335,0.08740949275371185
1780,1,0,1,0.07071767116677284,4.0,20.518315304610006,19.755888256886493,0.20495480755378911,0.004206133767152716,14,0.8227493094759816,1.011575750051808,0.14351170600442925,0.0,0.0,0.0,0.09355429804780006,0.10107468383694618
1781,1,0,1,0.0707424091181951,4.0,20.544998887556677,19.397649674493458,0.18942469432141237,0.001285603272528647,14,0.6753000895910524,1.0068550890374124,0.11070386236200473,0.0,0.0,0.0,0.09318067939426032,0.10101449463006962
1782,1,1,1,0.005778322688213286,4.0,20.566079161210908,18.9744173897125,0.42403999787084046,0.0,14,0.5964142029245209,0.9985662140512536,0.10002179833860347,0.0,0.0,0.0,0.0923081787034316,0.10250465485640518
1783,1,0,1,0.07081410117287322,4.0,20.56994402786038,18.500056954969686,0.40913269251624396,0.0,14,0.5180168456797459,0.9885124137730851,0.08944383212757864,0.0,0.0,0.0,0.08944383212757864,0.10542597655908129
1784,1,0,1,0.0709506831909631,4.0,20.57309732829669,18.037555531095443,0.39443991936678047,0.0,14,0.5174019011328173,0.9767500245707517,0.08815663889678084,0.0,0.0,0.0,0.08815663889678084,0.09892805123793685
1785,1,0,0,-0.16908999007474973,3.83091000992525,20.566487708980574,17.586616642818058,0.37983818361425464,0.0,14,0.5077178138913069,0.9652663214848034,0.08761041451515526,0.0,0.0,0.0,0.08761041451515526,0.10550481874507345
1786,1,0,1,0.071061418254399,3.901971428179649,20.557984389674125,17.146951226747607,0.3654642202064011,0.0,14,0.5056588734180638,0.953827608794966,0.08624378044712092,0.0,0.0,0.0,0.08624378044712092,0.09915971528657443
1787,1,0,1,0.07100383741685995,3.972975265596509,20.54290573652715,16.718277446078915,0.35111149885400045,0.0,14,0.4988709565948745,0.9426233904105434,0.08611632811440448,0.0,0.0,0.0,0.08611632811440448,0.1064678425380697
1788,1,0,1,0.07101631857464223,4.0,20.527450729823954,16.300320509926944,0.33676780906278997,0.0,14,0.49811763670998377,0.9315295795651517,0.08606213874726235,0.0,0.0,0.0,0.08606213874726235,0.10751030886205021
1789,1,0,1,0.07111456521136243,4.0,20.52286782689312,15.89281249717877,0.3223014378289115,0.0,14,0.5086033653147648,0.9206942809937724,0.08679822740327067,0.0,0.0,0.0,0.08679822740327067,0.1020130476511201
1790,1,2,0,-0.2338277201445758,3.7661722798554242,20.504551650631434,16.04978431730749,0.308227848349657,0.23316712244971602,14,1.0490476519688403,0.9103920081017972,0.18543880217723138,0.0,0.0,0.0,0.0844415368755275,0.10099726530170385
1791,1,0,1,0.07110336929910249,3.8372756491545266,20.481712223948875,16.239729982672923,0.2941237904360405,0.21515512188516694,14,1.080964637881342,0.9138583991984733,0.1926963508689933,0.0,0.0,0.0,0.08462434748169896,0.10807200338729434
1792,1,0,1,0.07112696552138717,4.0,20.473520931764078,16.394841432212303,0.27976092323713725,0.1980528984395197,15,1.0649562125201273,0.918036055165545,0.18879054386730287,0.0,0.0,0.0,0.08617720319341939,0.10261334067388353
1793,1,0,0,-0.16892697319739267,3.831073026802607,20.457660309557248,16.571545686966402,0.26547352127882157,0.1802096004477924,15,1.0825526916466757,0.9217090590994097,0.1927841997002578,0.0,0.0,0.0,0.08572441174989388,0.10705978795036394
1794,1,0,1,0.07108679295836334,3.9021598197609704,20.46404499605692,16.718423483860455,0.2507002547930451,0.163128676501169,15,1.078992633306819,0.9257301499130913,0.19112514259439953,0.0,0.0,0.0,0.08863959891465908,0.10248554367974042
1795,1,1,1,0.006037208069778864,3.908197027830749,20.45101457498196,16.884627402841026,0.47127494278005067,0.14535911101116875,15,1.082735209903548,0.9295617119979345,0.19284423773390985,0.09032502728405778,0.0,5.551115123125783e-17,0.0862268447939086,0.10661739294000123
1796,1,0,1,0.07110637419692106,3.97930340202767,20.4382570862505,17.021543458421988,0.4570820323509143,0.12831239346236015,15,1.0575496162950722,0.9333910494455748,0.18743776786767005,0.0,0.0,0.0,0.0851574625748183,0.10228030529285176
1797,1,0,1,0.07119521911635392,4.0,20.397133087389516,17.134102491214627,0.4437236030322591,0.11192382054001802,15,1.0079300475484683,0.9364950136168122,0.1784820134459837,0.0,0.0,0.0,0.08015057591193098,0.09833143753405275
1798,1,0,1,0.07114620714625654,4.0,20.37138919869887,17.248924181838404,0.42995424716903385,0.09540515264498793,15,1.0273586913982338,0.9382808894651036,0.1817281425495328,0.0,0.0,0.0,0.08261613517935225,0.09911200737018055
1799,1,0,1,0.07111326700617604,4.0,20.35945471156086,17.361017111498,0.4158051385715038,0.07889259616915974,15,1.0406662770350195,0.9405078345134319,0.1839699904401489,0.0,0.0,0.0,0.08489465158517973,0.09907533885496918
