trial,active,action,correct,net_energy,energy,mass_a,mass_b,store_a,store_b,resets,mass_added,mass_lost,consumed,overflow,external,balance_error,demand_a,demand_b
0,1,0,1,0.07151410719993269,4.0,16.31909570172254,24.310452086430416,0.40781959360798065,0.009279190496678595,1,0.9791815252620856,1.0166760580228427,0.1528743038230886,0.0,0.0,0.0,0.0682969691665527,0.08457733465653587
1,1,0,1,0.0714608536434239,4.0,16.31379248604228,24.088650679990643,0.3959313410538166,0.0,1,0.7886340725837936,1.0157386947038236,0.12700465830505564,0.0,0.0,0.0,0.07132951532498406,0.08559944677709976
2,1,0,1,0.07099155119645349,4.0,16.407281701323825,23.486434412990874,0.38123629455913255,0.0,1,0.5013340274326032,1.010061079150823,0.08817027896810468,0.0,0.0,0.0,0.08817027896810467,0.10538437814006224
3,1,2,1,0.005982140041618466,4.0,16.500019349602745,23.653927808234272,0.36647224325311484,0.23203156703361896,1,1.2575739463801865,0.9973429028578675,0.19639490563439216,0.0,0.0,0.0,0.0885843078361061,0.10781059779828606
4,1,0,1,0.07152637252946324,4.0,16.48319858294802,23.663494180960008,0.3547984640126008,0.21777503774274645,1,0.9965942850169331,1.0038486789459253,0.15558185118831905,0.0,0.0,0.0,0.07004267544308389,0.08553917574523517
5,1,0,1,0.07144044771490013,4.0,16.486285498382813,23.690261295620324,0.3425426942644409,0.20307179393843588,1,1.0335213491928057,1.0036673190977008,0.1617540813148233,0.0,0.0,0.0,0.07353461848895987,0.08821946282586342
6,1,0,1,0.07151762673803473,4.0,16.470818228242134,23.697202940766857,0.3308332329953576,0.1888468963126583,1,0.9958880448559345,1.0044136698500783,0.15560615336916514,0.0,0.0,0.0,0.07025676761449984,0.08534938575466526
7,1,0,1,0.071052287199582,4.0,16.546144410075954,23.838862756497853,0.3165278716587911,0.17135847107037927,1,1.2211865267900426,1.0042005292252247,0.19076271947307313,0.0,0.0,0.0,0.08583216801939865,0.1049305514536745
8,1,0,1,0.07143746367893694,4.0,16.544310400383917,23.857893172079194,0.3043582097769139,0.1567366021809831,1,1.026821585053649,1.0096251791643454,0.16074918462764018,0.0,0.0,0.0,0.0730179712912631,0.0877312133363771
9,1,0,1,0.07104744036191636,4.0,16.615127668032653,23.99167212386731,0.29011987084694896,0.13934288691692434,1,1.2146513087484347,1.0100550893115776,0.18979232516414207,0.0,0.0,0.0,0.08543003357978969,0.10436229158435238
10,1,1,1,0.006515553539836569,4.0,16.58808724701398,23.98744486547386,0.48387492136150095,0.12520159196660527,1,0.9839023153853756,1.0151699947974993,0.1535928117629035,0.26872465485169905,0.0,5.551115123125783e-17,0.06874504206098885,0.08484776970191464
11,1,0,1,0.07101833411854734,4.0,16.660774289776786,24.119041052763826,0.46960034535563394,0.1077923315274123,1,1.2186715328649667,1.014388302812196,0.19010301867036009,0.0,0.0,0.0,0.08564745603520232,0.10445556263515776
12,1,0,1,0.07147836023997362,4.0,16.635950535676017,24.113734381334574,0.45804359607656614,0.09361815819041551,1,0.9893649580334961,1.0194953835635154,0.15438553569638752,0.0,0.0,0.0,0.06934049567440681,0.08504504002198074
13,1,0,0,-0.16845776314322314,3.8315422368567766,16.600950540667966,24.09644659856091,0.4468249193937995,0.0797307121095595,1,0.9664543451435448,1.018742122925265,0.15063673658173599,0.0,0.0,0.0,0.06731206009659992,0.08332467648513604
14,1,0,1,0.0710056850091457,3.9025479218659225,16.675954588567677,24.225746285270127,0.432455333609244,0.06230702441634791,1,1.2217386630896505,1.0174349284807218,0.19075964086660266,0.0,0.0,0.0,0.08621751470733313,0.10454212615926953
15,1,0,1,0.07147037610711089,3.9740182979730334,16.653863384259502,24.21494122902775,0.4208047239730701,0.04819621813860154,1,0.9896462612953921,1.0225425218459452,0.1545684954835209,0.0,0.0,0.0,0.06990365781704268,0.08466483766647823
16,1,0,1,0.07140972691245337,4.0,16.64804666224554,24.220079017822524,0.40867327927337377,0.033692786154426405,1,1.0210411821129952,1.0217201153321813,0.1598092601032295,0.0,0.0,0.0,0.07278866819817863,0.08702059190505083
17,1,0,1,0.07147637044527999,4.0,16.6227731440582,24.212305769519546,0.3971342312389057,0.01951266884980003,1,0.988656375511384,1.0217031420017015,0.15431499203456614,0.0,0.0,0.0,0.06923428820680787,0.08508070382775826
18,1,0,1,0.07100233789069284,4.0,16.696745073397906,24.29516927362927,0.3828053383942887,0.0031043200823673424,1,1.1777124062888706,1.0208769728394436,0.1844234496722982,0.0,0.0,0.0,0.0859733570677021,0.10437761809696222
19,1,2,1,0.006420579208516163,4.0,16.682951075833063,24.29283666259895,0.3708750507799867,0.23873313047755387,1,1.0086712500805217,1.0247978586756794,0.15780886331469252,0.0,0.0,0.0,0.0715817256858117,0.0862271376288808
20,1,0,1,0.07100210865891705,4.0,16.760978578037232,24.409121857021,0.35635002149690037,0.22149175221067877,1,1.2187073900870162,1.0243946934608004,0.1905984452997692,0.0,0.0,0.0,0.08715017569851866,0.10344826960125054
21,1,0,1,0.07100119297656672,4.0,16.828434932153208,24.52354218422866,0.34206200757445604,0.20422104279569375,1,1.2111291922000937,1.0292525108764559,0.189352340024576,0.0,0.0,0.0,0.08572808353466584,0.10362425648991014
22,1,0,1,0.07102465688234669,4.0,16.889227122643835,24.62408174945272,0.3279322251466694,0.18721231785186698,1,1.195131183624236,1.0337994279095468,0.18683104422968017,0.0,0.0,0.0,0.08477869456671938,0.10205234966296076
23,1,0,1,0.07151356993705399,4.0,16.84029199175029,24.590240851977036,0.316914779744279,0.17337308038418844,1,0.9550566934331782,1.0378327218024141,0.1491400972204138,0.0,0.0,0.0,0.0661046724143428,0.08303542480607101
24,1,1,1,0.006481301998287448,4.0,16.796540447129658,24.565834265422545,0.48885152226285095,0.15933238738846994,1,0.9676051899180638,1.0357633210931831,0.15113502439720541,0.40148867846567404,0.0,5.551115123125783e-17,0.06689086642289435,0.08424415797431109
25,1,0,1,0.07096862484952257,4.0,16.868170460433028,24.676800210782616,0.4744457274496063,0.14206548383573464,1,1.2166553264772448,1.0340593678138053,0.19003619019587964,0.0,0.0,0.0,0.08643476887946791,0.10360142131641173
26,1,0,1,0.07148824806141996,4.0,16.819678153452138,24.64181329912713,0.4634086741706567,0.1282452548092526,1,0.9551450481440187,1.038624266780391,0.14914369383258994,0.0,0.0,0.0,0.06622231967369752,0.0829213741588924
27,1,0,1,0.07092049484457516,4.0,16.899099053367582,24.758986023738053,0.4487655162228134,0.11078196946602369,1,1.2331309108408428,1.036537286314482,0.19263865974643288,0.0,0.0,0.0,0.08785894768705947,0.10477971205937338
28,1,2,1,0.005920273445004433,4.0,16.973169803353986,24.867846347118082,0.4342233277382898,0.3434473335382881,1,1.2243832002940747,1.0414521269276409,0.1912609464735559,0.0,0.0,0.0,0.0872531309071419,0.10400781556641395
29,1,0,1,0.07095542281996567,4.0,17.042013742783382,24.959842428217627,0.4197532895505196,0.32644858377458724,1,1.206865424290743,1.0460254037618018,0.18881272770882648,0.0,0.0,0.0,0.08682022912662142,0.10199249858220504
30,1,0,1,0.07101290822758362,4.0,17.092319382270265,25.03586332577362,0.40579048762248976,0.3097740978067301,1,1.1763729413179,1.0500464042750253,0.18382372737532177,0.0,0.0,0.0,0.08377681156817919,0.10004691580714252
31,1,0,0,-0.16848907019306095,3.831510929806939,17.03385333537708,24.98058004484151,0.3949233954103826,0.2962081220220065,1,0.9394552398758047,1.0532045677010973,0.14659840798098345,0.0,0.0,0.0,0.06520255327264199,0.08139585470834144
32,1,0,1,0.07098709399128422,3.9024980237982234,17.089898539990315,25.063453048758582,0.3807742506648028,0.27935555063614576,1,1.1892790430357763,1.050360834505465,0.1860102967886444,0.0,0.0,0.0,0.08489486847347957,0.10111542831516482
33,1,0,1,0.07093051875395757,3.973428542552181,17.157860670339254,25.151296803399873,0.36623366001391905,0.26233194746021893,1,1.2096396747089475,1.0538337897187227,0.18938516296086289,0.0,0.0,0.0,0.08724354390530205,0.10214161905556088
34,1,0,1,0.0709304053219459,4.0,17.21848791125248,25.233445821991133,0.35186924518868734,0.24539588253320657,1,1.2005051963479678,1.0577289368434784,0.18780287851346494,0.0,0.0,0.0,0.08618648895139061,0.10161638956207432
35,1,0,1,0.07143035874597561,4.0,17.16715189635831,25.182906202534454,0.3406722703821028,0.23158094132942417,1,0.9594227089802332,1.0612983433310905,0.15007149606220152,0.0,0.0,0.0,0.06718184883950719,0.08288964722269432
36,1,0,1,0.0713870274457959,4.0,17.14131724679615,25.14474119065917,0.3287889702825662,0.2175507246907189,1,0.9947517910348811,1.058751452472319,0.1554811004294508,0.0,0.0,0.0,0.07129980059721931,0.08418129983223144
37,1,0,1,0.0709233149840862,4.0,17.20404180751239,25.229321663937462,0.3143473847189537,0.20055503617066472,1,1.2044564949309096,1.057151460936383,0.18862364450200048,0.0,0.0,0.0,0.08664951338167547,0.10197413112032504
38,1,0,1,0.07090527987362878,4.0,17.26865933221673,25.312397009130372,0.2998022051900074,0.18354339450431345,1,1.2085269566834917,1.0608340867862465,0.18934092717178522,0.0,0.0,0.0,0.0872710771736776,0.10206984999810764
39,1,0,0,-0.1691180756305356,3.8308819243694643,17.33195111361674,25.395941451225262,0.28525052616895286,0.16647238234425113,1,1.2113626320285855,1.0645264085336774,0.18973614708670114,0.0,0.0,0.0,0.08731007412632719,0.10242607296037397
40,1,0,1,0.07088840468429605,3.90177032905376,17.392041305445094,25.47368411571663,0.2707298294434537,0.14949023095933736,1,1.2060301704407734,1.0681973141210501,0.1890170886624779,0.0,0.0,0.0,0.08712418035299523,0.10189290830948267
41,1,0,1,0.07136956129134003,3.9731398903451,17.338336104199016,25.411471314416836,0.25938876493238444,0.13579341040221285,1,0.9557251329831727,1.0716431355290432,0.15022731040916237,0.0,0.0,0.0,0.06804638706641541,0.08218092334274696
42,1,0,1,0.0713636470278396,4.0,17.287957826634766,25.35638833509638,0.24798651149291603,0.12196519251300815,1,0.9632839285806893,1.0687451854653964,0.15138282797203859,0.0,0.0,0.0,0.06841352063681042,0.08296930733522816
43,1,0,1,0.07134103154303213,4.0,17.245569796571715,25.31899068973501,0.23640990786794847,0.10774781547373663,1,0.9863229786188581,1.0661086540432787,0.15476388398543467,0.0,0.0,0.0,0.06945962174980533,0.08530426223562936
44,1,0,1,0.07088233204715386,4.0,17.31043762703816,25.40323715092395,0.22182618591152972,0.09065655988955061,1,1.2132283038130534,1.0641140121576682,0.1900498652436285,0.0,0.0,0.0,0.08750233173851246,0.10254753350511601
45,1,2,1,0.006311932523368357,4.0,17.274339916348836,25.37253089906979,0.21006029737723667,0.3262530774783852,1,1.0010379069055688,1.0678418694490528,0.1570162256727505,0.0,0.0,0.0,0.0705953312057582,0.0864208944669923
46,1,0,1,0.07141307718230266,4.0,17.219531678178544,25.33061617191522,0.19894929337291264,0.31215348578390895,1,0.9694488050606029,1.0661717703854658,0.15126357419280193,0.0,0.0,0.0,0.06666602402594443,0.0845975501668575
47,1,2,0,-0.2336054635432939,3.766394536456706,17.172994214485584,25.283445936300858,0.18755883594072473,0.4860234600903402,1,0.9700459969450212,1.0637536962523442,0.15220198405108593,0.3729209147034539,0.0,0.0,0.06834274459312761,0.08385923945795833
48,1,0,0,-0.1686318384896123,3.597762697967094,17.131572873412,25.248554709074426,0.17608525910176662,0.471789449446893,1,0.9850984354696471,1.0614110037696611,0.15424552489443233,0.0,0.0,0.0,0.06884146103374848,0.08540406386068382
49,1,0,1,0.0714165936603603,3.669179291627454,17.08254812308979,25.19884471126226,0.16487587999739525,0.45792278686719473,1,0.9607684414277877,1.0595031895621607,0.15045625010441793,0.0,0.0,0.0,0.06725627462622802,0.0831999754781899
50,1,0,1,0.07139004845086996,3.740569340078324,17.037658898792984,25.171762159394092,0.15358268527726823,0.4435604519871312,1,0.9850630446938222,1.0570348208588014,0.15393317760114314,0.0,0.0,0.0,0.0677591683207621,0.08617400928038105
51,1,0,1,0.07136455105083461,3.8119338911291587,17.004351071262143,25.15518356322363,0.14201738052218588,0.4289874163448377,1,1.0053491027533765,1.0552355264546769,0.15683004238425502,0.0,0.0,0.0,0.06939182853049419,0.08743821385376081
52,1,0,1,0.07093098536391428,3.882864876493073,17.07403983121997,25.244942590739296,0.1274401549029451,0.41186300569079465,1,1.2134361533356388,1.0539883658621445,0.1902098176397033,0.0,0.0,0.0,0.08746335371544475,0.10274646392425857
53,1,0,1,0.07138063022095788,3.954245506714031,17.029889784155483,25.22105378388965,0.11614460731224269,0.397396573278346,1,0.9899357066348473,1.0579745605489816,0.15457188001890612,0.0,0.0,0.0,0.06777328554421427,0.0867985944746918
54,1,2,1,0.006353353209812495,3.9605988599238433,16.990900676705966,25.203421425538004,0.10469821586996116,0.4853931215070288,1,0.9996521233999656,1.0562735892011283,0.15631961961151672,0.8843794396700757,0.0,5.551115123125783e-17,0.06867834865368924,0.08764127095782749
55,1,0,1,0.07091046107113773,4.0,17.06442243373443,25.29273995376782,0.09002315966496983,0.4682498467417724,1,1.2176983378143784,1.0548580525560993,0.19090998582148622,0.0,0.0,0.0,0.08805033722994793,0.10285964859153827
56,1,2,1,0.005888424295403055,4.0,17.123602486693947,25.381013581582764,0.07576410453081943,0.48282969192612696,1,1.2063827404620213,1.0589290596875562,0.1885761792481406,1.3094990804506343,0.0,5.551115123125783e-17,0.08867891045607436,0.10302184844323806
57,1,0,1,0.07088315905608289,4.0,17.10543686081928,25.46579152020687,0.06403413244491522,0.46569185943320307,1,1.1292277144563543,1.062615401706918,0.1732068274729693,0.0,0.0,0.0,0.08832782157615136,0.102826994957544
58,1,1,1,0.006357066609212612,4.0,17.063985791354987,25.422066773689494,0.2976132965006618,0.4515470360728259,1,0.9791048935439871,1.064280709525654,0.15351799653230871,0.029875959295474375,0.0,0.0,0.06864905637004615,0.08486894016226258
59,1,0,1,0.07139814189526315,4.0,17.026062509094583,25.378264063210892,0.28617250935336996,0.43748033186614393,1,0.9804253213871017,1.0621513141261123,0.15304494812384253,0.0,0.0,0.0,0.06864472288375092,0.08440022524009158
60,1,0,1,0.0709567898428764,4.0,17.090404120187973,25.442480059837756,0.2717496537316002,0.4208385775577946,1,1.188665772027889,1.0601081643076369,0.18638765958071424,0.0,0.0,0.0,0.08653713373061855,0.09985052585009573
61,1,0,0,-0.1686077262402046,3.8313922737597954,17.049365341825514,25.400446171186722,0.26038210453238125,0.40670721509536145,1,0.9802494374871502,1.0633221045006431,0.15299346996991284,0.0,0.0,0.0,0.06820529519531385,0.084788174774599
62,1,0,1,0.07156279850317254,3.902955072262968,16.979803843689083,25.291237947689154,0.24982900657526488,0.39417425606471107,1,0.8824755661913115,1.0612452878253058,0.13851634192660017,0.0,0.0,0.0,0.0633185877426978,0.07519775418390238
63,1,0,1,0.07097390656852232,3.9739289788314904,17.04482000540733,25.358308969327943,0.23541555658955504,0.37751128465375555,1,1.1888632281414913,1.056776044784456,0.1864585283799923,0.0,0.0,0.0,0.0864806999142592,0.09997782846573308
64,1,0,1,0.0709373613630686,4.0,17.113401010705314,25.427052015182056,0.22083998779460887,0.3607644891870294,1,1.1974022755204778,1.060078224368382,0.1879341855700344,0.0,0.0,0.0,0.0874534127696773,0.10048077280035708
65,1,0,1,0.07139000456726166,4.0,17.073686320283528,25.390443383800466,0.20938207353634072,0.34650691238858733,1,0.987188003843809,1.0635113256471842,0.15429294634026103,0.0,0.0,0.0,0.06874748554960874,0.08554546079065226
66,1,0,1,0.07094632844772028,4.0,17.136765557471467,25.45762083790383,0.19496041040698056,0.32978056130521377,1,1.1918599338934004,1.0616032426021,0.1868880852764024,0.0,0.0,0.0,0.08652997877616099,0.1003581065002414
67,1,2,0,-0.23407503270691693,3.765924967293083,17.20107633651734,25.52306400542212,0.1804389394458694,0.4832758807691067,1,1.194613606448546,1.0648596598843825,0.18747354115202688,0.4786833678312825,0.0,5.551115123125783e-17,0.08712882576666706,0.1003447153853598
68,1,0,0,-0.16863246045254118,3.597292506840542,17.154373887527946,25.489379494890073,0.1691485696574302,0.4688930716558019,1,0.9877165490270483,1.0681035085484865,0.15403907341046383,0.0,0.0,0.0,0.0677422187306351,0.08629685467982873
69,1,0,1,0.07134737131610859,3.6686398781566507,17.11458458992374,25.45711743903955,0.15770772748410236,0.454501744016492,1,0.9940424811057242,1.0660938345604505,0.15499301887582598,0.0,0.0,0.0,0.06864505303996705,0.0863479658358589
70,1,0,1,0.07137800832210586,3.7400178864787565,17.073354127044574,25.41239386051346,0.14626956451830436,0.4403960814284988,1,0.9783385093188216,1.0642925507240824,0.15326295332274756,0.0,0.0,0.0,0.06862897779478798,0.08463397552795955
71,1,0,1,0.07094352895132178,3.810961415430078,17.136195570838268,25.482723059622607,0.13183739489913557,0.42358059166491063,1,1.1953143425917916,1.062143699688951,0.18748595629654244,0.0,0.0,0.0,0.08659301771501285,0.10089293858152962
72,1,0,1,0.07091557096161352,3.8818769863916915,17.203078386865784,25.553100890448945,0.11723899409726217,0.4067249615535098,1,1.2027336126153785,1.0654729657615218,0.18872418547964473,0.0,0.0,0.0,0.0875904048112404,0.10113378066840431
73,1,0,1,0.07088207476673743,3.952759061158429,17.271722709768532,25.62629496952786,0.10252068767929284,0.3897583757990742,1,1.2107428839145302,1.0689044819328681,0.19010935303442955,0.0,0.0,0.0,0.08830983850781596,0.1017995145266136
74,1,0,1,0.07132808476916326,4.0,17.16906575547553,25.592229143227385,0.09298614594478087,0.3752995463916733,1,0.9357276613889305,1.07245044198241,0.14396022685147747,0.0,0.0,0.0,0.06819410919682328,0.08675297644440566
75,1,0,1,0.07090248518115018,4.0,17.094863961391905,25.661747792429768,0.08278590633172848,0.3583972261487482,1,1.0643492275863287,1.069032372467573,0.16261535913586486,0.0,0.0,0.0,0.08734157697236597,0.10141392145755063
76,1,1,1,0.006329290302328244,4.0,17.05754271149275,25.6231991658302,0.2986150089708112,0.34401495618644695,1,0.9930454173468211,1.0689152938455417,0.15560377631912653,0.1357152276201845,0.0,0.0,0.06931015654531898,0.08629361977380752
77,1,0,1,0.0709188878216838,4.0,17.124604131484993,25.680414645240905,0.28409302992081475,0.3273901313687061,1,1.191295446336019,1.067018546933074,0.18688082320642396,0.0,0.0,0.0,0.08713187429997896,0.09974894890644499
78,1,0,1,0.07090800088093098,4.0,17.191036125497998,25.73688178097008,0.2695303310338777,0.31075139643811583,1,1.1930245991603292,1.0701254694181475,0.18720860290516395,0.0,0.0,0.0,0.08737619332162214,0.09983240958354178
79,1,0,0,-0.16866077286741035,3.8313392271325895,17.155440868745938,25.682615402086228,0.2578537769139471,0.29671511440100545,1,0.9833363120257875,1.073197947661702,0.1542770169422456,0.0,0.0,0.0,0.0700593247195835,0.0842176922226621
80,1,0,0,-0.16854971130511023,3.662789515827479,17.10275410646875,25.58560486687933,0.2466917433954681,0.28372347149215726,1,0.9212541092867199,1.0709514067708041,0.14492205856396323,0.0,0.0,0.0,0.06697220111087424,0.077949857453089
81,1,0,1,0.0714023266497811,3.73419184247726,17.061941748909156,25.53059617014108,0.2352854877848761,0.2697928312811372,1,0.9713879200358551,1.067208974333702,0.15202137492967266,0.0,0.0,0.0,0.06843753366355204,0.08358384126612063
82,1,0,1,0.07090633845494318,3.805098180932203,17.134128135047494,25.59692958495107,0.22058939688360793,0.253007186538882,1,1.2033332489245898,1.0648134479762559,0.18889041386114036,0.0,0.0,0.0,0.08817654540760898,0.10071386845353136
83,1,0,1,0.07092242040397406,3.8760206013361773,17.19938686899878,25.65680605022665,0.2060491421823538,0.23633357068586458,1,1.1934116422268262,1.0682764429999643,0.1872832233256289,0.0,0.0,0.0,0.08724152820752482,0.10004169511810412
84,1,0,1,0.07146259509759872,3.947483196433776,17.13925684670876,25.56072484455119,0.19504146493823557,0.2233359014584458,1,0.9151935950151534,1.0714048229806359,0.14403207882922203,0.0,0.0,0.0,0.0660460634647094,0.07798601536451265
85,1,0,0,-0.16857435219905842,3.7789088442347176,17.091937796071242,25.480533873861926,0.18376485885551117,0.2100089291979045,1,0.9399895209547185,1.0674995422814988,0.14762147005959425,0.0,0.0,0.0,0.06765963649634657,0.0799618335632477
86,1,0,1,0.07094530383036697,3.8498541480650847,17.153322627476896,25.545279585055887,0.169378860351297,0.19328860088243005,1,1.1904423343479473,1.0643117917483291,0.1866379609181315,0.0,0.0,0.0,0.08631599102528478,0.10032196989284668
87,1,0,1,0.07134397365657634,3.921198121721661,17.1135306737972,25.504263202075954,0.1578626496800564,0.17904370593211635,1,0.9866567186536854,1.0674650553133196,0.1545666337293261,0.0,0.0,0.0,0.06909726402744366,0.08546936970188246
88,1,0,1,0.0713184727712255,3.9925165944928867,17.08302649099609,25.475559930332796,0.14612966352672652,0.16453794456759768,1,1.0062373923525656,1.065444846896829,0.15743248510709115,0.0,0.0,0.0,0.07039791691997921,0.08703456818711196
89,1,0,0,-0.168644676595326,3.8238719178975606,17.04360710319073,25.432037258697388,0.13460415319836164,0.15039012851536596,1,0.9810226010924528,1.0639646605332223,0.1540399582835798,0.0,0.0,0.0,0.06915306197018954,0.08488689631339026
90,1,0,1,0.07142359526913428,3.895295513166695,16.99896512166896,25.35908653416289,0.12328767622845505,0.13696695567593645,1,0.9442984029909375,1.061891109047203,0.14843789885601644,0.0,0.0,0.0,0.06789886181943937,0.08053903703657708
91,1,0,0,-0.16908240940049762,3.7262131037661974,17.064227155806893,25.436276472883304,0.10888769737973127,0.12002301109085887,1,1.2014032642541368,1.0589512913957964,0.1880635406028081,0.0,0.0,0.0,0.08760682024396874,0.1016636675104655
92,1,0,1,0.07136668695486832,3.7975797907210658,16.9516415640056,25.39237861648157,0.09982271902664598,0.10591158655115769,1,0.9060291425142315,1.0625125907172548,0.1390584173567187,0.0,0.0,0.0,0.06914888419949448,0.08466854723820699
93,1,0,1,0.0709048131918702,3.868484603912936,16.90481869592938,25.469200077617124,0.08901530005775755,0.08896117329938595,1,1.0885990975715143,1.0586005045121794,0.16654699332396114,0.0,0.0,0.0,0.0889932062839731,0.10170247951063056
94,1,0,1,0.071421359987848,3.939905963900784,16.71017387041126,25.398478161229693,0.08235542699726486,0.07546334447295155,1,0.793983727433113,1.0593504693386628,0.12094621132156258,0.0,0.0,0.0,0.06825291199412638,0.08098697295860639
95,1,0,1,0.07139940318132589,4.0,16.44608937345017,25.35132065252774,0.07771126460591134,0.0614437920399085,1,0.741474295127977,1.0527163007910239,0.11198228894637946,0.0,0.0,0.0,0.06968665769805757,0.08411731459825833
96,1,2,1,0.006437490579100789,4.0,16.116610112122153,25.303027203696402,0.0747789075698797,0.29747792752065993,1,0.6671625404900947,1.0449352506494478,0.1013893293316813,0.0,0.0,0.0,0.0698178357632719,0.08379518711549151
97,1,0,1,0.07142753038537615,4.0,15.796624954899958,25.275979343599076,0.07182408407059088,0.28304855706707355,1,0.688457915575943,1.035490932895464,0.10430516371725126,0.0,0.0,0.0,0.0698096436843929,0.0865762227215183
98,1,1,1,0.0060306309665853364,4.0,15.915308313096736,25.34288707178319,0.2871475259688809,0.26639859856195325,1,1.2124061938433652,1.0268151074624758,0.1906730051904097,0.11728609445057203,0.0,0.0,0.09077325415968805,0.09989975103072163
99,1,0,1,0.07148572568078865,4.0,15.914826593574887,25.289137606221917,0.27540256607912333,0.25259217920969684,1,0.9772236995388801,1.0314548846219982,0.15330827545208336,0.0,0.0,0.0,0.070469759338545,0.08283851611353836
100,1,0,1,0.07100429150716023,4.0,16.028299849102638,25.356827409464486,0.2603765311276301,0.23592003975521983,1,1.2112621637652372,1.0300991049949202,0.1901890464358222,0.0,0.0,0.0,0.09015620970895989,0.10003283672686235
101,1,0,1,0.0709936717649151,4.0,16.138699206127992,25.421780859852248,0.24534616630739245,0.21927352901297678,1,1.2099809888772932,1.034628181464178,0.190061253374884,0.0,0.0,0.0,0.0901821889214258,0.09987906445345818
102,1,0,1,0.07098287193212531,4.0,16.244134186694456,25.487345548023107,0.23038228311719078,0.20257297057635193,1,1.2100116703868309,1.039012001649506,0.18998664976095908,0.0,0.0,0.0,0.08978329914120975,0.10020335061974935
103,1,2,1,0.006464117569871905,4.0,16.23171386351947,25.42236477521398,0.21871335322086694,0.438942327712367,1,0.9658858973838217,1.0432869933679392,0.15179743656185243,0.0,0.0,0.0,0.07001357937794299,0.08178385718390943
104,1,0,1,0.07144282019509676,4.0,16.21934957878023,25.375786142947447,0.2071281805586341,0.42491741190259996,1,0.9824090489625648,1.0413519659683361,0.1536605308319995,0.0,0.0,0.0,0.06951103597339711,0.08414949485860236
105,1,2,0,-0.23344258369181828,3.766557416308182,16.18486033262564,25.277414684914895,0.19615638932196763,0.48721780186588237,1,0.9070176888560448,1.039878393043192,0.14252393622470477,1.0495044714155997,0.0,5.551115123125783e-17,0.06583074741999882,0.07669318880470598
106,1,0,1,0.07102042725717288,3.837577843565355,16.282324528545196,25.34655024974712,0.18137238878766096,0.47052105587244175,1,1.203156636190307,1.0365568754385133,0.18888447916648315,0.0,0.0,0.0,0.08870400320583996,0.10018047596064322
107,1,1,1,0.006441559588394354,3.8440194031537493,16.264239406564077,25.306264239439397,0.38766798507492445,0.4563875084201962,1,0.982350737168457,1.0407218694573082,0.15358900266619305,0.19343870432369958,0.0,0.0,0.06878771795271944,0.08480128471347359
108,1,0,1,0.07103071652260125,3.9150501196763505,16.355601852972608,25.36306855657333,0.37305083633917535,0.4399752156608489,1,1.187429354692556,1.0392625911500868,0.18617664897057826,0.0,0.0,0.0,0.08770289241449433,0.09847375655608392
109,1,2,1,0.0059995081538760705,3.9210496278302265,16.447484898125353,25.422916095493616,0.35833155417266077,0.48347958397700985,1,1.1946973443116746,1.0429667602386485,0.18743818913702834,1.1398512939650933,0.0,5.551115123125783e-17,0.08831569299908781,0.09912249613794055
110,1,0,1,0.07152175720934746,3.992571385039574,16.416874734360732,25.350588677523874,0.34715264754009856,0.47008349120412385,1,0.943822443106113,1.0467600248404743,0.1474499964326893,0.0,0.0,0.0,0.06707343979537311,0.08037655663731622
111,1,2,1,0.006025239668741568,3.9985966247083153,16.499256458036136,25.40691880716811,0.33266928931084055,0.4835695388128182,1,1.1828984386167556,1.0441865852971153,0.18548291649863885,1.320500947224743,0.0,5.551115123125783e-17,0.08690014937554817,0.09858276712309069
112,1,2,1,0.006472310809022719,4.0,16.487987668381262,25.34725945764138,0.32087292946004325,0.4863522064877394,1,0.9767262424485036,1.0476543816301063,0.1526649201783477,1.4014172328769092,0.0,5.551115123125783e-17,0.0707781591047839,0.08188676107356382
113,1,0,1,0.0714265723623316,4.0,16.48224456214037,25.3018254513331,0.30893395516855443,0.47239372162652987,1,0.9947040656013906,1.0458811781505661,0.15538475491619005,0.0,0.0,0.0,0.07163384574893279,0.08375090916725726
114,1,0,1,0.07141510585513708,4.0,16.4836835174167,25.264861144910647,0.2967823117669202,0.4582532815386335,1,1.009076399190715,1.0446017503368368,0.15775250093718352,0.0,0.0,0.0,0.07290986040980532,0.08484264052737821
115,1,0,1,0.07145668397083164,4.0,16.466265970508843,25.218549794974383,0.2851675500442962,0.44434966503078016,1,0.9799847197140628,1.0437136165581837,0.153110269382864,0.0,0.0,0.0,0.06968857033574433,0.0834216990471197
116,1,0,1,0.0714918076515367,4.0,16.436950797821453,25.15935834449554,0.2738797039172542,0.43074814988665316,1,0.9536137709708495,1.042120394137081,0.1493361676270138,0.0,0.0,0.0,0.06772707676225183,0.08160909086476195
117,1,0,1,0.07151045729629155,4.0,16.407857633633693,25.109527515829,0.26264915401086053,0.4169663586132419,1,0.9609837357036236,1.039907728557925,0.15007404707882988,0.0,0.0,0.0,0.06738329943836201,0.08269074764046785
118,1,0,1,0.07099630305031157,4.0,16.499186484019774,25.186097213150234,0.2478869295720226,0.40018387885496826,1,1.2058331764438746,1.0379346287365674,0.18926822518266923,0.0,0.0,0.0,0.08857334663302749,0.10069487854964176
119,1,0,1,0.07100474280832941,4.0,16.583286736665777,25.25608411181911,0.23328132193611686,0.3835166809328065,1,1.1962192437441357,1.04213209242925,0.18763683334840492,0.0,0.0,0.0,0.08763364581543455,0.10000318753297041
120,1,1,1,0.005958600595939751,4.0,16.67291075898117,25.329073740823357,0.4355352899946683,0.366732428344974,1,1.2085979225317613,1.0459842712121221,0.18972605842025436,0.19745564875543176,0.0,0.0,0.08902054289325956,0.1007055155269948
121,1,0,1,0.07098377072347872,4.0,16.749808080301484,25.392066570442125,0.421060883331362,0.35015635185272104,1,1.1899397634341948,1.050049612495113,0.18630289893335594,0.0,0.0,0.0,0.08684643997983812,0.09945645895351783
122,1,0,1,0.0714875938644889,4.0,16.711888497950486,25.32786029948045,0.40986145430951715,0.3365933216830525,1,0.9514210129559151,1.0535468662685903,0.14857475514908053,0.0,0.0,0.0,0.06719657413106896,0.08137818101801157
123,1,0,1,0.07145087887242696,4.0,16.68222821509592,25.271728762852153,0.3984121954137306,0.3228645168696413,1,0.9652019004529114,1.0509937199357733,0.15106838225518626,0.0,0.0,0.0,0.06869555337471912,0.08237282888046715
124,1,0,1,0.07150840872723843,4.0,16.65647633974416,25.21002726890775,0.3869123963054144,0.3093512513374828,1,0.9613955551525373,1.0488489244487018,0.15007838784284824,0.0,0.0,0.0,0.06899879464989737,0.08107959319295084
125,1,1,1,0.006484664846590162,4.0,16.63036780239027,25.156123486433327,0.4885171206927455,0.2956701896236668,1,0.9666502703879889,1.0466625902162976,0.15098364612642312,0.8214743778324862,0.0,5.551115123125783e-17,0.06889727584352683,0.08208637028289628
126,1,0,0,-0.16902871769224626,3.830971282307754,16.71009022663041,25.230852195616674,0.4740173484957304,0.27891813517135505,1,1.1991134156440757,1.0446622822205902,0.18751095989596078,0.0,0.0,0.0,0.08699863318209078,0.10051232671387
127,1,0,1,0.0709668485370695,3.9019381308448233,16.789024568022203,25.30509077487247,0.45947077853018853,0.2621341777987021,1,1.2016964812037605,1.0485235605561771,0.18798316402916937,0.0,0.0,0.0,0.0872794197932512,0.10070374423591814
128,1,0,0,-0.16904385926011434,3.8309561407398856,16.862988195390223,25.377908496986333,0.4449973740503712,0.24533599067385,2,1.1991342330542545,1.0523528835723668,0.18762954962801656,0.0,0.0,0.0,0.08684042687890417,0.10078912274911245
129,1,1,1,0.0059228504310415,3.836878991170927,16.94045353933209,25.451116726565573,0.4853697945767703,0.22848466292507594,2,1.2066959908305204,1.0560224173094142,0.1888891990320228,1.1699842443022272,0.0,5.551115123125783e-17,0.08778123253937824,0.10110796649264456
130,1,1,1,0.006472936487016556,3.8433519276579435,16.893455909105977,25.388368041267057,0.4888920499600986,0.21487367751970696,2,0.9500429411228126,1.0597892566474416,0.14831361267162166,1.4122187674606217,0.0,5.551115123125783e-17,0.06664770023940784,0.08166591243221381
131,1,0,1,0.0714556743747834,3.914807602032727,16.859507204993612,25.331576868651666,0.477461719809492,0.20117869233494465,2,0.966305722031567,1.057045598759326,0.15075189201221376,0.0,0.0,0.0,0.0685819809036399,0.08216991110857383
132,1,0,1,0.07144233161075356,3.9862499336434807,16.82580847779128,25.280847003323906,0.46605343442494124,0.1873517265179567,2,0.9703485093110444,1.054777101841132,0.15141150720923197,0.0,0.0,0.0,0.06844971230730433,0.08296179490192761
133,1,0,1,0.07091952254701224,4.0,16.90840941333865,25.36072983938275,0.45130459355946756,0.1703942330557365,2,1.215150158634093,1.0526663870278798,0.19023800596616355,0.0,0.0,0.0,0.08849304519284232,0.10174496077332122
134,1,0,1,0.0714291270558728,4.0,16.880425469807744,25.309173846557446,0.4396730081379898,0.15657499021578133,2,0.9771885449618241,1.0567284813180349,0.15270496956859786,0.0,0.0,0.0,0.06978951252886681,0.08291545703973101
135,1,0,1,0.07145309686135552,4.0,16.83839932539349,25.236381187653457,0.42838893658533933,0.14325306462054974,2,0.9399211795908857,1.0547399829091297,0.14763598288729235,0.0,0.0,0.0,0.06770442931590266,0.07993155357138969
136,1,0,1,0.07144119873238741,4.0,16.802168112127838,25.190141483234683,0.41702113372332517,0.12935525864911665,2,0.9693985951417508,1.0518695128261737,0.1515936530006833,0.0,0.0,0.0,0.06820681717208482,0.0833868358285985
137,1,0,1,0.07090976777356492,4.0,16.883876970083612,25.279714855051203,0.4023054920152173,0.11221919177169387,2,1.2210899696563549,1.0498077398840633,0.1911102515131838,0.0,0.0,0.0,0.08829385024864721,0.10281640126453663
138,1,0,1,0.07141269941552518,4.0,16.849526508597897,25.22862880296085,0.3908051100701279,0.09839898234330326,2,0.9686532820523039,1.0540897956283706,0.15192354824088014,0.0,0.0,0.0,0.0690022916705364,0.08292125657034374
139,1,0,0,-0.16908440157137963,3.8309155984286205,16.932017872277633,25.31337934519418,0.3760312369025671,0.08135552878405271,2,1.219195788702029,1.0519538827889687,0.19090396036086799,0.0,0.0,0.0,0.08864323900536479,0.10226072135550321
140,1,0,1,0.07090745144150165,3.901823049870122,17.007171741506582,25.396820488782808,0.3613943743964907,0.06429170955902644,2,1.2147299432543774,1.0561349304367953,0.1902040903866163,0.0,0.0,0.0,0.08782117503645862,0.10238291535015767
141,1,0,1,0.07090345437064806,3.9727265042407702,17.079993973441084,25.477790129969854,0.34678787907649894,0.047233206869000365,2,1.2138916788787812,1.0600998057572348,0.18998998806010672,0.0,0.0,0.0,0.08763897191995026,0.10235101614015646
142,1,0,0,-0.1691092126395335,3.8036172916012365,17.151290042754404,25.551641916099207,0.33217172487209246,0.0302959007457409,2,1.2090924580279485,1.0639446025852735,0.18932076196599576,0.0,0.0,0.0,0.087696925226439,0.10162383673955679
143,1,0,1,0.07134541965147342,3.87496271125271,17.114873688122984,25.500697713588465,0.32049728249222154,0.016292394657716414,2,0.9802127418291766,1.0675732989713405,0.15406769080737245,0.0,0.0,0.0,0.07004665427922553,0.08402103652814692
144,1,0,1,0.07088332807339744,3.9458460393261077,17.184099072693705,25.443818049967888,0.30590083035060694,0.002344311529159649,2,1.0777350059929276,1.0653892850427864,0.17126721162102848,0.0,0.0,0.0,0.0875787128496879,0.10208855512203491
145,1,0,1,0.07129083263673594,4.0,17.154078725356477,24.892117813768436,0.2940437357485675,0.0,2,0.48397734452986285,1.0656979280665397,0.08520843678719392,0.0,0.0,0.0,0.07114256761223602,0.08645922262263035
146,1,0,1,0.07138050253627422,4.0,17.111724726297517,24.269814868424227,0.2825548587959715,0.0,2,0.3864979690749506,1.0511549134781228,0.06893326171557654,0.0,0.0,0.0,0.06893326171557654,0.08450053783149526
147,1,0,1,0.07140032720125468,4.0,17.07877297490139,23.66306949671362,0.2708900036571074,0.0,2,0.3948413667613143,1.0345384898680436,0.06998913083318441,0.0,0.0,0.0,0.06998913083318441,0.08697336417410914
148,1,0,1,0.07141131017643701,4.0,17.048895678501225,23.07149275929578,0.259148313891364,0.0,2,0.3970920279723668,1.0185460617903754,0.07045013859446025,0.0,0.0,0.0,0.07045013859446025,0.08904883238599506
149,1,0,1,0.07137970898480137,4.0,17.031395281132898,22.49470544031339,0.2470434743565266,0.0,2,0.4087219945942046,1.0030097109449252,0.0726290372090247,0.0,0.0,0.0,0.0726290372090247,0.09234903012848723
150,1,0,1,0.07139604437396396,4.0,17.01457650752378,21.932337804305554,0.2349278066403501,0.0,2,0.4089661084192058,0.9881525180361572,0.07269400629705897,0.0,0.0,0.0,0.07269400629705895,0.09450575743033632
151,1,0,0,-0.168919480322407,3.831080519677593,17.062480380699107,21.38402935919791,0.2210329648518122,0.0,2,0.47326828586341996,0.9736728577957333,0.08336905073122765,0.0,0.0,0.0,0.08336905073122765,0.10964370227031799
152,1,0,1,0.0714622179043612,3.902542737581954,17.04038008071735,20.849428625217964,0.2090717401927448,0.0,2,0.404461709535724,0.9611627434974256,0.0717673479544042,0.0,0.0,0.0,0.0717673479544042,0.09549417994995064
153,1,0,1,0.07152760812799921,3.9740703457099533,17.00764473558752,20.328192909587514,0.19744238685115167,0.0,2,0.3932741568880972,0.947245217648383,0.06977612004955873,0.0,0.0,0.0,0.06977612004955873,0.09507318427524947
154,1,0,1,0.07146046496991607,4.0,16.986888937432383,19.81998808684783,0.18549893321320213,0.0,2,0.4044353202345531,0.9333959411293759,0.07166072182769717,0.0,0.0,0.0,0.07166072182769717,0.10159340041724654
155,1,0,1,0.07121726532796786,4.0,17.021915861049187,19.32448838467663,0.1719972835833411,0.0,2,0.4596991470526164,0.9201719256070052,0.08100989777916646,0.0,0.0,0.0,0.08100989777916646,0.1113869040570574
156,1,2,0,-0.23374577370762512,3.766254226292375,17.04791659123766,19.61812400572432,0.15875953155888092,0.23150696277133054,2,1.2282964573793036,0.9086601061431456,0.19038473551877763,0.0,0.0,0.0,0.07942651214676073,0.11095822337201693
157,1,0,1,0.07156281285478806,3.837817039147163,17.01415920694243,19.81930030872479,0.14719695423897478,0.21505856813003335,2,1.0840699336292963,0.9166510149240494,0.16806583176721998,0.0,0.0,0.0,0.06937546391943707,0.09869036784778294
158,1,0,1,0.07155678148369628,3.9093738206308593,16.981691119084523,20.01100379717051,0.13561791228244974,0.19871554093947955,2,1.0800718884794855,0.9208364878916807,0.16753241488247314,0.0,0.0,0.0,0.06947425173915024,0.09805816314332289
159,1,0,1,0.07160197333153426,3.9809757939623935,16.943918950395847,20.179746547802168,0.12421524646348198,0.1828105307519721,2,1.0557879548493636,0.9248173729063758,0.1638460560388512,0.0,0.0,0.0,0.06841599491380645,0.09543006112504471
160,1,0,1,0.07121394390358475,4.0,16.981761034611978,20.443082964773666,0.11065338586485203,0.1645232460654668,2,1.229270138642573,0.9280916374549506,0.19109487171081138,0.0,0.0,0.0,0.08137116359177977,0.10972370811903158
161,1,2,1,0.0065271844904469245,4.0,16.95516928940881,20.617371677349677,0.09891123465375014,0.39823187861588866,2,1.0833180673574865,0.935621099984641,0.16820111196408014,0.0,0.0,0.0,0.07045290726661128,0.09774820469746884
162,1,0,1,0.07119367666076469,4.0,16.993755009616002,20.867942734265753,0.08529720112307539,0.3799934464265075,2,1.2284703012922287,0.9393135241689622,0.19111479432033535,0.0,0.0,0.0,0.08168420118404854,0.10943059313628684
163,1,0,1,0.07150861513512517,4.0,16.932334318037125,21.02442839679328,0.07472554775337162,0.3638706375510079,2,1.041607414545695,0.946542443597044,0.16016677347122057,0.0,0.0,0.0,0.07006257680852504,0.09673685325299786
164,1,0,1,0.07156999109306547,4.0,16.790211932538966,21.154893811571043,0.06662955692525076,0.3482662616634506,2,0.9372620971503631,0.9489190678707602,0.14220220029406883,0.0,0.0,0.0,0.06806984896349176,0.09362625532534369
165,1,0,1,0.07118705671326842,4.0,16.652479016941076,21.384076822253267,0.05850316462692615,0.33020831228568587,2,1.0400777386870903,0.9486276436027501,0.157106050056536,0.0,0.0,0.0,0.08269990733689495,0.10834769626658843
166,1,0,1,0.07157024413869909,4.0,16.3938240733605,21.49760430272478,0.05350938138935581,0.3147814611225584,2,0.8057864328707928,0.9509138959798586,0.1225238064041867,0.0,0.0,0.0,0.06943866035250473,0.0925611069787646
167,1,0,1,0.0711845575082958,4.0,16.159806780492293,21.71798211592614,0.04790270351598661,0.296727516253906,2,0.9336462297352869,0.9472857094021321,0.14196373645212984,0.0,0.0,0.0,0.08410732471150162,0.10832366921191461
168,1,0,1,0.07117662116527666,4.0,15.877933281933874,21.929352125367235,0.0437822145865929,0.27875411309300224,2,0.8764412332931367,0.946944722410461,0.13256335254178464,0.0,0.0,0.0,0.08607860099332301,0.10784041896542237
169,1,0,1,0.07120925528163687,4.0,15.564153769040367,22.12882724814047,0.040747739513058705,0.2609373827742311,2,0.8308777450622541,0.9451821351825279,0.12510723235383173,0.0,0.0,0.0,0.08585463460505524,0.10690038191262655
170,1,0,1,0.07120953314225652,4.0,15.209941069757981,22.3219786416232,0.03973691194358021,0.24315011325433278,2,0.7812632196298651,0.9423245254295209,0.11278858253626114,0.0,0.0,0.0,0.08703390915615011,0.10672361711939019
171,1,0,1,0.07123323920717392,4.0,14.859732116168143,22.50165141239837,0.038902479355965996,0.22556672970183536,2,0.7677618099698611,0.9382979927845295,0.11050689684067004,0.0,0.0,0.0,0.08730431240179803,0.10550030131498477
172,1,0,1,0.07125204257334511,4.0,14.5193532420999,22.6714506666075,0.038038189666078116,0.20811046672880953,2,0.7634549683550534,0.934034588214163,0.10992331597748183,0.0,0.0,0.0,0.08819556527855019,0.10473757783815456
173,1,0,1,0.07162060927852065,4.0,14.192870650268688,22.73898092825133,0.037024266354375814,0.19299604757876676,2,0.6708177675302948,0.9297700977176853,0.09677005477047072,0.0,0.0,0.0,0.07462468422696739,0.0906865149002569
174,1,0,0,-0.16828537757541343,3.8317146224245864,13.874181177729167,22.778843103531937,0.036020591528898145,0.17851467044333522,2,0.6444689922040887,0.9232962894630004,0.0929103117654552,0.0,0.0,0.0,0.07159992311107016,0.08688826281258918
175,1,0,1,0.07130964587833927,3.9030242683029255,13.559084352229721,22.929093960005332,0.03513843308601524,0.16135604663990918,2,0.7514796380054783,0.9163256070315275,0.10824469347785351,0.0,0.0,0.0,0.08974213610177265,0.10295174282055605
176,1,0,1,0.0713293449166864,3.974353613219612,13.250356699420378,23.070054172197164,0.03429817041944861,0.14432836256789178,2,0.744437017188365,0.9122044578058764,0.1072076804315043,0.0,0.0,0.0,0.08966517689463713,0.1021661044321045
177,1,0,1,0.07184429709415013,4.0,12.953692526299008,23.069465692138692,0.03333720529822252,0.13062345618780338,2,0.6107576186105985,0.9080102717904386,0.08799522900788692,0.0,0.0,0.0,0.06882664345711278,0.08222943828053036
178,1,2,1,0.006364816963705305,4.0,12.660842781877117,23.200588753118616,0.03247630061112295,0.3637452396377132,2,0.7388522720189741,0.9005789554609425,0.10643472742313831,0.0,0.0,0.0,0.08997999099450321,0.1012692993005409
179,1,1,1,0.006738822618651718,4.0,12.76546212953464,23.22537062082953,0.2701023158075349,0.349325865032202,2,1.0259370037433317,0.8965357883748933,0.16076015645459596,0.0,0.0,0.0,0.07424390882152831,0.08651624763306767
180,1,2,0,-0.2335872298273578,3.766412770172642,12.945563568698724,23.335556072194013,0.2554634022202594,0.483537075680697,2,1.1900577092876725,0.8997708187591044,0.18661102743947117,0.5959551901932117,0.0,5.551115123125783e-17,0.08783348152365301,0.09877754591581815
181,1,0,1,0.07137177239686349,3.8377845425695054,13.129627588221517,23.448964923808024,0.24056138640631886,0.4669353774359879,2,1.2045008621591227,0.9070279910223186,0.18902228435189738,0.0,0.0,0.0,0.0894120948836434,0.09961018946825398
182,1,0,1,0.07133635356360846,3.909120896133114,13.311083093992773,23.563115937255596,0.22558144908514513,0.45024654103183526,2,1.2100713320195629,0.9144648128007387,0.1900126423519577,0.0,0.0,0.0,0.089879623927042,0.1001330184249157
183,1,0,1,0.071716693579876,3.98083758971299,13.394421942453958,23.565295708363735,0.21337594961326448,0.4361821331030568,2,1.007373595350535,0.9218549757812092,0.1576194444039552,0.0,0.0,0.0,0.07323299683128386,0.08438644757267136
184,1,0,1,0.07132443516722628,4.0,13.565653101195558,23.67168335977408,0.19851713308085772,0.41961261391137095,2,1.201611751422388,0.9239929412704424,0.1885700143445559,0.0,0.0,0.0,0.08915289919444083,0.0994171151501151
185,1,0,1,0.07128249669651007,4.0,13.737621563806503,23.783870557178346,0.18349817201173868,0.4028370554821903,2,1.21508907153945,0.930933411524241,0.1907671169897979,0.0,0.0,0.0,0.09011376641471426,0.1006533505750836
186,1,0,1,0.07125872955943505,4.0,13.907783427882194,23.89241748595549,0.16840201457131196,0.3860811543600413,2,1.2167460958774612,0.9380373030246212,0.19111235137545438,0.0,0.0,0.0,0.09057694464256029,0.1005354067328941
187,1,0,1,0.07122307068403401,4.0,14.079423746024716,23.99898729938364,0.1531334340848126,0.36930687061496764,2,1.2232151544166077,0.9450050228459423,0.1922571853894381,0.0,0.0,0.0,0.09161148291899608,0.10064570247044202
188,1,0,1,0.0712212564235845,4.0,14.242320565198254,24.102203052951797,0.13799700381542368,0.3525486844027552,2,1.2180728488769073,0.9519602761352088,0.19136769888960806,0.0,0.0,0.0,0.09081858161633362,0.10054911727327442
189,1,0,1,0.07118468581257771,4.0,14.403424212630355,24.206992284795167,0.12278580197732974,0.33569125185870746,2,1.2245059697292235,0.9586130904537514,0.19241180629285037,0.0,0.0,0.0,0.09126721102856367,0.10114459526428671
190,1,0,1,0.07117561162748648,4.0,14.561116606852842,24.308420294700717,0.10755237771899633,0.3188546432726296,2,1.2243808165636758,0.9652604124356381,0.19242019706646749,0.0,0.0,0.0,0.09140054555000042,0.10101965151646708
191,1,0,1,0.07159026620620122,4.0,14.608256576476585,24.296382247840732,0.09545649563867058,0.3046973098773734,2,1.0068403453025958,0.9717384225388392,0.15751929285349142,0.0,0.0,0.0,0.07257529248195449,0.08494400037153692
192,1,0,0,-0.16885617414860057,3.8311438258513992,14.747759893117932,24.398488697485902,0.0806562864688155,0.28778565751160873,2,1.2142257368944505,0.972615970607933,0.19027116921371895,0.0,0.0,0.0,0.0912114901127914,0.10146991419458855
193,1,0,1,0.07158284986469926,3.9027266757160985,14.696712624727073,24.384096217564895,0.0715670924782403,0.2736245343681305,2,0.9132164664532284,0.9786562147650959,0.13950190280432026,0.0,0.0,0.0,0.07262020245552998,0.08496673886086907
194,1,0,1,0.07159924042150084,3.9743259161375994,14.520367165986919,24.365256106747715,0.06577351246764652,0.25958074370909573,2,0.7818346514999661,0.9770202210572994,0.11902422401777142,0.0,0.0,0.0,0.07243609742202135,0.08426274395420871
195,1,0,1,0.07160152555510034,4.0,14.289510558152685,24.349786568370742,0.061466000481724826,0.24546215116452139,2,0.7258144356071619,0.9721405818183659,0.11055662718297614,0.0,0.0,0.0,0.07284810380079532,0.08471155526744602
196,1,0,1,0.0711994519007927,4.0,14.019851236728346,24.44217186555209,0.058252470919883635,0.2287461896573804,2,0.7887084039200887,0.9659824281630858,0.11957694641389324,0.0,0.0,0.0,0.09109156206741147,0.10029576904284605
197,1,0,1,0.07118009063316667,4.0,13.752749697845895,24.53226044982107,0.055210273512296626,0.21203154312156772,2,0.7845376229435423,0.961550577557011,0.11854106366039804,0.0,0.0,0.0,0.09241559916776113,0.10028787921487602
198,1,0,1,0.07120314311584182,4.0,13.442597677567322,24.61774154804489,0.054275086785419556,0.19537088635189623,2,0.7324543316369249,0.9571252536916742,0.1055750609792914,0.0,0.0,0.0,0.09251039718965916,0.09996394061802896
199,1,0,0,-0.1682182215326759,3.8317817784673243,13.142409321283242,24.5599441157665,0.0532785149616667,0.18207698504194045,2,0.5935226920778336,0.9515084806403055,0.08574283880225193,0.0,0.0,0.0,0.06711725929821986,0.0797634078597348
200,1,0,1,0.07180834603972065,3.903590124507045,12.84978385214638,24.50137239524699,0.05228032707568842,0.16887142989686887,2,0.5913616462698705,0.9425588359262438,0.08522245818629906,0.0,0.0,0.0,0.0694188811902405,0.07923333087042944
201,1,2,1,0.006789203714653493,3.9103793282216985,12.564940459965353,24.449512511031728,0.0512691825167264,0.4055326713822615,2,0.5970756297885421,0.9337789061848343,0.08609941844141628,0.0,0.0,0.0,0.07030476356582424,0.08003255108764414
202,1,0,1,0.07174346862261673,3.9821227968443154,12.290802950957525,24.415773575096228,0.05015846022530123,0.3918034995405811,2,0.6174848793316008,0.9253613242749269,0.08903936479863321,0.0,0.0,0.0,0.07091443940644455,0.0823750310500822
203,1,0,1,0.07131239455816123,4.0,12.016800463569284,24.49656751304733,0.0492343606034763,0.37532216242286154,2,0.7244558637142059,0.9176644131513438,0.10443262043726692,0.0,0.0,0.0,0.09224954951151892,0.09888802270631736
204,1,0,1,0.07173788573885673,4.0,11.758376456885518,24.464535049192285,0.04806780491165777,0.36150039489965585,2,0.6223777288766079,0.9128341994154154,0.0899299392901452,0.0,0.0,0.0,0.07361307515546933,0.082930605139234
205,1,0,1,0.07137125549697063,4.0,11.497684059442992,24.534795866016616,0.04714372119000194,0.34523961370294515,2,0.7151412070337483,0.9055727876519453,0.10310918951019979,0.0,0.0,0.0,0.09120886980814567,0.09756468718026481
206,1,0,1,0.07177184565284615,4.0,11.249925086444069,24.49925896040883,0.04604141206535881,0.33147476040277235,2,0.6175161195297799,0.9008119981364904,0.08920297454889514,0.0,0.0,0.0,0.07303509294755453,0.0825891198010364
207,1,0,1,0.07182408096168527,4.0,11.005933900323452,24.456632568825903,0.04500649703645646,0.317904675536857,2,0.6071120234677756,0.8937296011713225,0.08762999936890618,0.0,0.0,0.0,0.0713982896341698,0.08142050919549207
208,1,1,1,0.00644579457881614,4.0,11.240715094887811,24.5176745732254,0.27668179711721946,0.3018644631837378,2,1.1823873606925916,0.8865641617287339,0.18615049141539855,0.020038982218738788,0.0,0.0,0.08990921729668304,0.09624127411871554
209,1,0,1,0.07145286715770442,4.0,11.461833698674138,24.567263209781522,0.2619748960904951,0.2860668725507039,2,1.1646669820452826,0.8939597417028302,0.183026949958549,0.0,0.0,0.0,0.08824140616034629,0.09478554379820273
210,1,0,1,0.07185735300469728,4.0,11.58428535482047,24.50121386634754,0.2500359050390624,0.2730250149091455,2,0.9571297354237387,0.9007274227113916,0.1498850921579469,0.0,0.0,0.0,0.07163394630859601,0.07825114584935089
211,1,0,1,0.0718764814622238,4.0,11.699360702988262,24.43326126669988,0.23822698024149117,0.26007427765463353,2,0.9492602290493302,0.9021374805292004,0.14855797231249915,0.0,0.0,0.0,0.07085354878542763,0.07770442352707152
212,1,0,0,-0.16858521915702296,3.831414780842977,11.915523926119384,24.489597062758016,0.2233311479269874,0.24416653255623696,2,1.1758145684314645,0.9033155492422036,0.18482146447740205,0.0,0.0,0.0,0.08937499388702244,0.09544647059037963
213,1,0,1,0.07179221304459846,3.9032069938875753,12.042268859791719,24.44183886611448,0.21090948530515274,0.2307214041598156,2,0.9891147617507363,0.910128024721935,0.1552007461095361,0.0,0.0,0.0,0.07452997573100827,0.08067077037852788
214,1,0,1,0.0714102017014233,3.9746171955889986,12.24463634273537,24.50002259109437,0.19615182652014215,0.21476599581971648,2,1.1726539010711974,0.912102693147655,0.18427840275065804,0.0,0.0,0.0,0.08854595271006332,0.09573245004059475
215,1,0,1,0.07188825613602293,4.0,12.326470193175876,24.424117142948255,0.1847918399179079,0.20200227687914482,2,0.9245448756401282,0.9186164733457436,0.14474223325683586,0.0,0.0,0.0,0.06815991961340567,0.07658231364343018
216,1,0,1,0.07135213903013436,4.0,12.534406927501564,24.48860358359093,0.16964602230259743,0.1859064317758945,2,1.1911878583714697,0.9187646834031031,0.18744997631136473,0.0,0.0,0.0,0.09087490569186292,0.09657507061950181
217,1,1,0,-0.2332738646415544,3.7667261353584456,12.644410746108353,24.45000586006705,0.37465418053591665,0.1722404270620268,2,0.9969813578602207,0.9255752627773125,0.1565671669701359,0.19537991191315496,0.0,0.0,0.07457113868692956,0.08199602828320632
218,1,0,1,0.0713110473595998,3.8380371827180455,12.842691544383786,24.520459165327203,0.359603679348699,0.15600337359135177,2,1.1960945186899716,0.9273604151543853,0.1877253279473556,0.0,0.0,0.0,0.09030300712330565,0.09742232082404997
219,1,0,0,-0.16823857895763808,3.6697986037604076,12.926794979914408,24.461607859814443,0.34773318150480387,0.14285259756411597,2,0.9593308977606363,0.9340787677427749,0.15012764322678598,0.0,0.0,0.0,0.0712229870633711,0.07890465616341488
220,1,0,1,0.07129672290707768,3.741095326667485,13.118949170248213,24.53512735803374,0.33264500657562496,0.12652800706954823,2,1.2003837595463216,0.9347100709932213,0.18847659254247998,0.0,0.0,0.0,0.0905290495750734,0.09794754296740657
221,1,0,1,0.07175679869130386,3.812852125358789,13.198218532845011,24.475243179660637,0.3207276779227001,0.11338110307278597,2,0.9607370974307466,0.9413519132070489,0.1503853958981223,0.0,0.0,0.0,0.07150397191754886,0.07888142398057348
222,1,0,1,0.07124753467704383,3.884099660035833,13.390882857451151,24.554327761671985,0.3054203985289588,0.09691716495519337,2,1.2135854494301284,0.9418365428126414,0.19062730506800354,0.0,0.0,0.0,0.09184367636244795,0.0987836287055556
223,1,0,1,0.07121368101755211,3.9553133410533854,13.577374676780932,24.636459565536267,0.2901478234681347,0.08033399760132238,2,1.2172538886721378,0.9486302654780785,0.1911344544881706,0.0,0.0,0.0,0.09163545036494473,0.09949900412322588
224,1,0,1,0.07118698887395729,4.0,13.76205112671149,24.719217045167557,0.27478115324925373,0.0636848275163588,2,1.222779785619782,0.9553458560579299,0.19209504182306728,0.0,0.0,0.0,0.09220002131328568,0.09989502050978157
225,1,2,1,0.006156314684816859,4.0,13.946506572441773,24.80081987336559,0.25928338377505855,0.2970146597327529,2,1.2280899782252894,0.9620317042969764,0.19300762354680642,0.0,0.0,0.0,0.09298661684517089,0.10002100670163555
226,1,0,1,0.07179157390293703,4.0,13.96880218170954,24.718469389368423,0.24837199962861398,0.28421187161380157,2,0.9086282864157809,0.9686831611451843,0.1422850335923759,0.0,0.0,0.0,0.06546830487866785,0.07681672871370802
227,1,0,1,0.0717501896558016,4.0,14.012514411250265,24.650771353242384,0.23683845669238388,0.2711408651340021,2,0.9431959826916371,0.9671817892769491,0.1476272964961771,0.0,0.0,0.0,0.06920125761738057,0.07842603887879651
228,1,0,1,0.07120997166972981,4.0,14.176978234060996,24.719449216981996,0.221730673053113,0.2548180600138668,2,1.1997238306626619,0.9665821441123162,0.188583532556437,0.0,0.0,0.0,0.09064670183562515,0.09793683072081187
229,1,0,1,0.07119163684895947,4.0,14.33661940518558,24.788485353512506,0.20663723457480887,0.23844102009085524,2,1.2010879939311654,0.9724106862760749,0.18882287040789394,0.0,0.0,0.0,0.0905606308698248,0.09826223953806912
230,1,0,1,0.07171467338882871,4.0,14.3589452811384,24.72479916349472,0.19544291346091877,0.2252026975257961,2,0.9367673049024854,0.9781276189674522,0.14659586207369574,0.0,0.0,0.0,0.06716592668334072,0.079429935390355
231,1,0,1,0.07115746877181495,4.0,14.516031197360782,24.800420877283965,0.18027612684523528,0.20866894726365962,2,1.2098012411274564,0.9770936111158279,0.19020322126691958,0.0,0.0,0.0,0.0910007196941008,0.09920250157281875
232,1,0,1,0.07114779689447225,4.0,14.6711476038742,24.871898162772254,0.16504994015829963,0.19218644452441988,2,1.209504993867829,0.9829113018661186,0.19025213655705267,0.0,0.0,0.0,0.09135712012161401,0.09889501643543863
233,1,0,1,0.07166994107514169,4.0,14.683553042743169,24.811396024503395,0.15385786984099203,0.17881477298005657,2,0.94047944476627,0.9885761441661614,0.14738245117002505,0.0,0.0,0.0,0.0671524219038454,0.08023002926617966
234,1,0,0,-0.1683534797442257,3.831646520255774,14.70057956579725,24.760962912400803,0.14253641341828652,0.16524997403761799,2,0.9539671376326527,0.9873737266811642,0.14931753219086502,0.0,0.0,0.0,0.06792873853623335,0.08138879365463167
235,1,0,0,-0.16888297500827923,3.6627635452474947,14.85472085705583,24.84105029547448,0.12718847215103388,0.14858869405675804,2,1.220767236287207,0.9865385619549514,0.19205532748867557,0.0,0.0,0.0,0.09208764760351582,0.09996767988515977
236,1,0,1,0.07165756325919692,3.734421108506692,14.86126505919679,24.78988415360824,0.11604405745262743,0.13501881767219484,2,0.947772339087982,0.9923942788132578,0.14828574649781753,0.0,0.0,0.0,0.0668664881904385,0.08141925830737903
237,1,0,1,0.07109455433703579,3.8055156628437277,15.000799712539163,24.874530641437225,0.10104212875444711,0.11823054857183202,2,1.2154598714914777,0.9912787303201259,0.19074118679125893,0.0,0.0,0.0,0.09182272533141402,0.10072961460217694
238,1,0,1,0.07112005605587511,3.876635718899603,15.031317624136317,24.94921896404817,0.08947766545534475,0.10162750948205529,2,1.1020894930575116,0.9968832588494096,0.16900501433327467,0.0,0.0,0.0,0.08981522881382675,0.09961823453866049
239,1,0,1,0.07160669296812655,3.9482424118677293,14.854798051512647,24.892036533130916,0.08350199019251962,0.08811041901293222,2,0.765811411163689,0.9995134147046123,0.11695659439168918,0.0,0.0,0.0,0.06839141112489473,0.08110254281473836
240,1,0,1,0.07109207755882933,4.0,14.671610281827725,24.97296832138127,0.07749499480010247,0.07134952687855046,2,0.891414883181523,0.9936708646160892,0.13660732516079344,0.0,0.0,0.0,0.09157892478440674,0.10056535280629053
241,1,0,1,0.07158282248826851,4.0,14.456102778359082,24.927642765831788,0.07266393913626472,0.05754225252180031,2,0.7302814060620968,0.991114465080225,0.11182998012352736,0.0,0.0,0.0,0.06953220560984058,0.08284364614050095
242,1,0,1,0.07169306336160763,4.0,14.241853330105226,24.84776792253126,0.06798920292652039,0.044572803521561954,2,0.6904693470503857,0.9845936386047718,0.10586511125989606,0.0,0.0,0.0,0.06729467784117778,0.0778166940014301
243,1,0,1,0.07163108906652678,4.0,13.977774648292538,24.80497267541184,0.0647587862732604,0.030811456737118003,2,0.6703666023838052,0.9772405313159122,0.10195058062622372,0.0,0.0,0.0,0.07086190406057619,0.08256808070666374
244,1,0,1,0.0716553994961427,4.0,13.709497288048853,24.740945428157694,0.06185943700421801,0.017637827854717892,2,0.637264075594779,0.9695686830926096,0.09643786890865497,0.0,0.0,0.0,0.06924720329541864,0.08252194794052439
245,1,0,0,-0.168319681112276,3.831680318887724,13.45016073923526,24.6012553318469,0.05888715760102964,0.006557139109609499,2,0.5622344227807776,0.9612610679051637,0.0843178088897806,0.0,0.0,0.0,0.06992400539158099,0.08213429241456087
246,1,0,1,0.07179815194137092,3.903478470829095,13.194641725156647,24.247298113069114,0.056002482513504676,0.0003867030592505233,2,0.3418091689206531,0.9512854017770541,0.05433066682730357,0.0,0.0,0.0,0.06692531003009965,0.0795254643509028
247,1,0,1,0.07123618837631249,3.9747146592054077,12.950850663326792,23.657357188730906,0.052860501662652604,0.0,2,0.10231650978758436,0.9360484959556441,0.02117210346061558,0.0,0.0,0.0,0.09311337815092155,0.1012138740515488
248,1,0,1,0.0718250045839778,4.0,12.662795212105873,23.065923259012635,0.051868395680367885,0.0,2,0.03571581536224992,0.9152051963014426,0.00595263589370832,0.0,0.0,0.0,0.06905391637333491,0.08120768060377086
249,1,1,1,0.006775158442053534,4.0,12.763218695176223,22.489275177537323,0.2793862461274819,0.0,2,0.4169933633729972,0.8932179617779628,0.07368252323510853,0.06121037408220731,0.0,0.0,0.07368252323510853,0.08578533618281543
250,1,0,1,0.07136466983499361,4.0,12.951111290938762,21.927043298098887,0.2645385338664704,0.0,2,0.5069730631419459,0.8813123468178388,0.08908627356606914,0.0,0.0,0.0,0.08908627356606916,0.1036354797788161
251,1,0,1,0.07172039498935738,4.0,13.05842926428948,21.378867215646416,0.2518918567809983,0.0,2,0.4310957556241863,0.8719538647259413,0.0758800625128325,0.0,0.0,0.0,0.0758800625128325,0.0904709849197995
252,1,1,1,0.006724232453821409,4.0,13.161196707562812,20.844395535255256,0.4505531352085203,0.0,2,0.4292281748805711,0.8609324119983974,0.07558603503465189,0.23244629440021636,0.0,5.551115123125783e-17,0.07558603503465189,0.09220796331780653
253,1,1,1,0.006430114050290998,4.0,13.320515119724902,20.323285646873874,0.48574063236822207,0.0,2,0.4883483298511583,0.8501398060704518,0.08555620579066714,1.2033188112511215,0.0,5.551115123125783e-17,0.08555620579066715,0.10548734063459235
254,1,2,1,0.0065976924616001804,4.0,13.441760661477504,20.50682241488308,0.47241817780083073,0.23354445491934717,2,1.145877328926778,0.8410950191649695,0.17866799788826507,0.0,0.0,0.0,0.07993472740434794,0.09873327048391711
255,1,0,1,0.07145383833675892,4.0,13.586608576201762,20.72789343981799,0.4583702413881847,0.21606039521385959,2,1.214633516568182,0.8487145769090148,0.1891919767088018,0.0,0.0,0.0,0.0842876184758766,0.10490435823292521
256,1,0,1,0.07142019476785465,4.0,13.733661274234288,20.94406678833832,0.4441490190757396,0.1985639585330046,3,1.2210885969533471,0.8578625504004939,0.19030595395980077,0.0,0.0,0.0,0.08532733387467069,0.10497862008513012
257,1,0,0,-0.16860254556536913,3.8313974544346308,13.879728859477378,21.157773014565404,0.42984870482254406,0.18100852379032972,3,1.2267170130344915,0.8669432015643151,0.19113449397522236,0.0,0.0,0.0,0.0858018855191732,0.10533260845604916
258,1,0,1,0.07159787196631506,3.902995326400946,13.980920684804463,21.299926958732183,0.41667910946594294,0.16503057148525702,3,1.119283316344934,0.8759375468510695,0.17488528597004288,0.0,0.0,0.0,0.07901757213960643,0.09586771383043645
259,1,0,1,0.07135793577808466,3.9743532621790307,14.122504368537964,21.50559550155208,0.4023177341646005,0.14745424213874259,3,1.2292734176418143,0.8820211910884161,0.1916262278871412,0.0,0.0,0.0,0.08616825180805467,0.10545797607908654
260,1,2,1,0.006577080882475284,3.980930343061506,14.214336212268279,21.631247142894473,0.38925909344634396,0.38167409842430144,3,1.1081859818249584,0.8907024967522511,0.17303270659618603,0.0,0.0,0.0,0.07835184430953934,0.09468086228664666
261,1,0,1,0.07158699377279569,4.0,14.306883447909842,21.745425131890833,0.37610758130623445,0.3660829699963261,3,1.1028648085169963,0.8961395838790688,0.17245584340850903,0.0,0.0,0.0,0.07890907284065697,0.09354677056785207
262,1,0,1,0.0713306635752878,4.0,14.440264927845234,21.928075696317684,0.361738374794675,0.34878593494609206,3,1.217339758857258,0.9013077144950169,0.1899974493707607,0.0,0.0,0.0,0.08621523906935642,0.10378221030140426
263,1,1,1,0.006312156080386096,4.0,14.571093827000192,22.109122250464928,0.485592147292714,0.33141679832861975,3,1.2210839689062742,0.9092085156040729,0.1906619359485501,0.6704302487680505,0.0,0.0,0.08644711624371598,0.10421481970483414
264,1,0,1,0.07155912069263687,4.0,14.647403341567093,22.197110684748452,0.472650921621665,0.3161581957515975,3,1.0813033507870524,0.917005401936628,0.16919896948842744,0.0,0.0,0.0,0.0776473540262939,0.09155161546213351
265,1,1,1,0.006273361340303445,4.0,14.77204467539371,22.37364041872483,0.4856427982767734,0.2987344529214644,3,1.2222839184608842,0.9211128506578886,0.19068566732015826,1.33590552972999,0.0,1.1102230246251565e-16,0.08614321033935987,0.10454245698079837
266,1,2,1,0.006451951454064327,4.0,14.861309153399471,22.478627314564903,0.4721722473943661,0.48418495049360205,3,1.1228935011988002,0.9286421273529636,0.17571360233283162,0.29240671752878644,0.0,5.551115123125783e-17,0.08082330529444391,0.09489029703838772
267,1,0,1,0.0712513161334474,4.0,14.97977182835257,22.642877762517465,0.4578314543687631,0.4668779598687869,3,1.2162115346047686,0.9334984116991094,0.1898867019025083,0.0,0.0,0.0,0.08604475815361748,0.1038419437488908
268,1,0,1,0.0712729377340807,4.0,15.088711480173805,22.793810887807155,0.44368529623331593,0.4497845672323129,3,1.2004390168826753,0.9405662397717509,0.187437304631527,0.0,0.0,0.0,0.08487694881268323,0.10256035581884378
269,1,0,1,0.07122761500905128,4.0,15.203506783968994,22.946108016218894,0.42928715441269927,0.4325877784494731,3,1.214155491406453,0.947063059199524,0.18956958362073892,0.0,0.0,0.0,0.08638885092369952,0.10318073269703937
270,1,0,0,-0.16877079552032165,3.8312292044796785,15.310606997998445,23.093118775299544,0.4150092245120572,0.4154193384803484,3,1.2078513431147953,0.9537403700046972,0.1886782192186003,0.0,0.0,0.0,0.08566757940385265,0.10301063981474762
271,1,0,0,-0.16878352466603816,3.6624456798136404,15.416602648316701,23.23222840281845,0.4006806505859191,0.39835721576505323,3,1.205198422169616,0.9600931443324497,0.18834417984860016,0.0,0.0,0.0,0.08597144355682872,0.10237273629177146
272,1,0,0,-0.16849753445273494,3.4939481453609056,15.467872047608346,23.279817242968427,0.3878248066640597,0.3834013519735477,3,1.0650790157199979,0.9662207762783788,0.16687024628018973,0.0,0.0,0.0,0.07713506353115647,0.08973518274903329
273,1,1,1,0.0062157557294746976,3.5001639010903802,15.567949526212626,23.411645047106703,0.48571641616381683,0.36640066951604044,3,1.2005975150069768,0.9686922322644194,0.1877055977621419,0.8269488399843581,0.0,5.551115123125783e-17,0.0857015030170985,0.10200409474504338
274,1,0,1,0.07117167941157387,3.571335580501954,15.665740600978832,23.547958051300267,0.4714544249016088,0.34920970888409286,3,1.2085939432927542,0.9744898643329832,0.18871771136493412,0.0,0.0,0.0,0.08557194757324851,0.1031457637916856
275,1,0,1,0.07119415088467633,3.6425297313866305,15.753930648012798,23.671325197541798,0.45740367318556024,0.33223791070468156,3,1.1918996595824733,0.9803424663069775,0.18613529937275874,0.0,0.0,0.0,0.0843045102962913,0.10183078907646748
276,1,1,0,-0.2334934196868998,3.409036311699731,15.786264467342328,23.692432210667242,0.4874668986692264,0.3176670299057775,3,1.0390722285938416,0.985631396138865,0.16262389277806605,1.2444220391133616,0.0,5.551115123125783e-17,0.07519860798464145,0.0874252847934246
277,1,0,1,0.07163730550681234,3.480673617206543,15.78821027463653,23.68749458018493,0.4758229132055037,0.3037310043155969,3,0.9839755937621281,0.9869674169502394,0.15348006632341935,0.0,0.0,0.0,0.0698639127823362,0.08361615354108316
278,1,0,1,0.07112759802025902,3.551801215226802,15.88474214196213,23.817097120700712,0.46142904466877205,0.28654457634219216,3,1.2130270292119203,0.9868926213705367,0.18948177906081856,0.0,0.0,0.0,0.08636321122038998,0.10311856784042858
279,1,0,1,0.07157524443057982,3.623376459657382,15.894012809413145,23.82020104610494,0.44949697586890863,0.27233400693319654,3,1.0049205744218108,0.992545981566571,0.1568558292531548,0.0,0.0,0.0,0.071592412799181,0.08526341645397378
280,1,0,1,0.07110029296050717,3.694476752617889,15.989673561706338,23.948253611585343,0.43504386423862984,0.25510371695551065,3,1.2165686641615532,0.9928553463879521,0.19010040964778713,0.0,0.0,0.0,0.08671866978167193,0.10338173986611521
281,1,0,0,-0.1689117583067836,3.5255649943111056,16.082812971224556,24.071975129551248,0.4205958699677232,0.23789848325986443,3,1.215309106816409,0.9984481793322921,0.18991936779931745,0.0,0.0,0.0,0.08668796562544008,0.10323140217387738
282,1,0,1,0.0710668329205479,3.5966318272316533,16.176086623278927,24.192942424074026,0.40606075700851546,0.2206843712693003,3,1.2181106490965472,1.003869702519395,0.1904953496986313,0.0,0.0,0.0,0.0872106777552465,0.10328467194338475
283,1,0,1,0.07107065731745094,3.667702484549104,16.264861766773294,24.30696909000283,0.3915858332936544,0.20356208448115662,3,1.2120275356069952,1.009225726183824,0.18958326301802841,0.0,0.0,0.0,0.08684954228916632,0.10273372072886208
284,1,0,1,0.07103155275236075,3.738734037301465,16.35374759481936,24.42170852030089,0.3770492727801829,0.1863548306473816,3,1.2179210297635332,1.0142957714194032,0.19046288608347914,0.0,0.0,0.0,0.08721936308082893,0.1032435230026502
285,1,2,0,-0.23396809540808394,3.504765941893381,16.436337873154685,24.5318494496678,0.36263163520520153,0.41918604707389223,3,1.2121176105802385,1.0193864028780064,0.1895185268908242,0.0,0.0,0.0,0.08650582544988829,0.10301270144093591
286,1,0,1,0.0715918417491655,3.5763577836425466,16.407620814441803,24.487443458536937,0.35138854597312097,0.4056839970764026,3,0.9510816332268179,1.024204683070562,0.1484708353774209,0.0,0.0,0.0,0.06745853539248325,0.08101229998493764
287,1,0,1,0.07107933669610329,3.6474371203386498,16.485882471784404,24.57734042721651,0.33704268600967185,0.3889574432142746,3,1.1905352328466399,1.0223766068244686,0.18643448295346302,0.0,0.0,0.0,0.0860751597806946,0.1003593231727684
288,1,0,1,0.07156717631056626,3.719004296649216,16.467681647036976,24.53937432219569,0.3254648415483848,0.37527547303324765,3,0.9704136427067718,1.026580572475023,0.1515588878538844,0.0,0.0,0.0,0.06946706676772281,0.0820918210861616
289,1,2,0,-0.2339151459442075,3.4850891507050084,16.53809036805549,24.62800836129079,0.3112866926101356,0.4832708982077903,3,1.1842191593444322,1.0251763992308167,0.18544350438275342,0.751652838199486,0.0,5.551115123125783e-17,0.08506889362949534,0.1003746107532581
290,1,0,1,0.07160854256373883,3.556697693268747,16.49886757116958,24.580407421117062,0.300253399786103,0.4697854661459666,3,0.9423287311740196,1.029152468233657,0.14711234931513792,0.0,0.0,0.0,0.06619975694419543,0.0809125923709425
291,1,0,1,0.07104969247262158,3.6277473857413685,16.576457288531305,24.673704795668833,0.2858285127119751,0.4529207253163606,3,1.1978689667206615,1.026981874807166,0.187737767422403,0.0,0.0,0.0,0.08654932244476739,0.10118844497763561
292,1,0,1,0.07104423685115828,3.698791622592527,16.651165382042215,24.76252016792371,0.271440225104102,0.4361059553151234,3,1.1947775178707893,1.0312540521050035,0.1872183456546623,0.0,0.0,0.0,0.08632972564723895,0.10088862000742335
293,1,0,1,0.07102777972349278,3.7698194023160196,16.723068857226348,24.852048941539824,0.2570686571746536,0.4192235155524333,3,1.1967743875493977,1.0353421387491482,0.18752404615283058,0.0,0.0,0.0,0.08622940757669001,0.1012946385761406
294,1,2,0,-0.2339985185462194,3.5358208837698,16.793363780046896,24.938718567220736,0.24270055535398863,0.4831286129188619,3,1.196342493470609,1.0393779449691545,0.18743693341081824,1.0153410933145999,0.0,5.551115123125783e-17,0.08620861092399001,0.10122832248682824
295,1,0,1,0.07150682456751321,3.6073277083373134,16.744860534691796,24.899588409390397,0.23177243005605977,0.4692170603062012,3,0.9556686554962499,1.0433020586816908,0.1490380674635372,0.0,0.0,0.0,0.06556875178757293,0.08346931567596429
296,1,0,1,0.07148205489808737,3.678809763235401,16.708600592375824,24.87011070151548,0.2205224021987322,0.455123882050676,3,0.9753735734111666,1.0411112236020548,0.1520592366771173,0.0,0.0,0.0,0.06750016714396569,0.08455906953315162
297,1,0,1,0.07102052593238745,3.749830289167788,16.78077489103943,24.95324152944189,0.20609191577864008,0.4383259869271034,3,1.194772908937299,1.0394677823472827,0.18737028926198818,0.0,0.0,0.0,0.08658291852055262,0.10078737074143555
298,1,0,1,0.07098300590685683,3.820813295074645,16.85555707593509,25.03840702576151,0.19153056125848753,0.42142751084315755,3,1.2032980917273164,1.043350410512033,0.18875898362459037,0.0,0.0,0.0,0.08736812712091555,0.10139085650367483
299,1,0,1,0.07140034954732218,3.8922136446219673,16.824992730068562,25.017991089087516,0.18000878643773957,0.40703160101652963,3,0.9963688200018908,1.047349102542415,0.15550610788425542,0.0,0.0,0.0,0.06913064892448749,0.08637545895976792
300,1,0,1,0.07140758041264186,3.963621225034609,16.793545393642624,24.99952873692944,0.16855301456880847,0.3925818299972532,3,0.9961649068948892,1.046074595478902,0.1554332573292444,0.0,0.0,0.0,0.06873463121358639,0.086698626115658
301,1,1,1,0.005967615772666461,3.9695888408072753,16.868131029655245,25.08567198034882,0.38939479464318616,0.37562928653651584,3,1.2055557326963053,1.0448268532643017,0.18906862773515154,0.08759595258300679,0.0,0.0,0.08735336697072708,0.10171526076442447
302,1,0,1,0.07141828547288995,4.0,16.85328658378951,25.052649112271013,0.3774149575176627,0.3615282934011553,3,1.0009777613065576,1.0488450752501017,0.15648498156530416,0.0,0.0,0.0,0.07187902275314093,0.08460595881216323
303,1,1,1,0.005993690164698716,4.0,16.917496003759826,25.127293293392277,0.485746261858409,0.3448301583385643,3,1.1865019934930954,1.0476483924015132,0.18571123922509133,0.7644897451059762,0.0,5.551115123125783e-17,0.08552242884954582,0.10018881037554553
304,1,0,1,0.070969918251972,4.0,16.982914046842247,25.20439558707364,0.471433404247476,0.32803677288009087,3,1.193640069192586,1.0511197324288029,0.18663745841643906,0.0,0.0,0.0,0.085877145665598,0.10076031275084107
305,1,0,1,0.0714356997728466,4.0,16.952893847599128,25.15421384208419,0.45983531048797616,0.31427668865359687,3,0.9744807966153278,1.0546827408478971,0.15214906791596347,0.0,0.0,0.0,0.06958856255699938,0.0825605053589641
306,1,0,1,0.0714602108992285,4.0,16.91963153100501,25.1046872550094,0.4483423681617788,0.3005361692141684,3,0.9698887885731703,1.052677692242083,0.15140077059375467,0.0,0.0,0.0,0.06895765395718387,0.08244311663657082
307,1,0,1,0.07147187864357771,4.0,16.89014542053382,25.055964166138615,0.43677141184467666,0.28681625576489533,3,0.9723987703083852,1.05060796965036,0.15174521859825124,0.0,0.0,0.0,0.06942573790261275,0.08231948069563849
308,1,0,0,-0.16854556752083436,3.8314544324791657,16.863456030808393,25.009633876904193,0.42513045133990995,0.273064927402811,3,0.975633060706969,1.0486527396668108,0.1523537332011058,0.0,0.0,0.0,0.06984576302859996,0.08250797017250582
309,1,0,1,0.07095583692198992,3.9024102694011558,16.932834207675,25.096674441161504,0.41073756969459185,0.2560962780612619,3,1.2032459888167302,1.0468272476928147,0.18816918592120407,0.0,0.0,0.0,0.08635728987190924,0.10181189604929484
310,1,0,1,0.07142768570631541,3.973837955107471,16.90481063410934,25.057003375607316,0.3990718416179135,0.24215043727939303,3,0.9830430771010609,1.0507377162209126,0.1536694131512828,0.0,0.0,0.0,0.06999436846007004,0.08367504469121279
311,1,0,1,0.07094640385419629,4.0,16.974928715775526,25.14373036668404,0.38460428672966446,0.22515900966874738,3,1.2058904229858243,1.0490453502429165,0.1887538949933679,0.0,0.0,0.0,0.08680532932949397,0.10194856566387392
312,1,0,1,0.0714123821151199,4.0,16.93731311268534,25.09920317525698,0.3731615740586734,0.21124779922279502,3,0.970823682544254,1.052966477061489,0.1521235387016606,0.0,0.0,0.0,0.06865627602594612,0.0834672626757145
313,1,0,0,-0.1685659514169728,3.831434048583027,16.897360424044507,25.055391719645,0.3617949116260614,0.1973558859544414,3,0.967148762945739,1.0509129071985583,0.15155145420579416,0.0,0.0,0.0,0.06819997459567251,0.08335147961012165
314,1,0,0,-0.16903403442276083,3.662400014160266,16.963604090512874,25.140810885775405,0.3474603672460355,0.1803939551229473,3,1.2004816361910065,1.0488188035922377,0.1877788512691194,0.0,0.0,0.0,0.08600726628015483,0.10177158498896453
315,1,0,1,0.07145484034371011,3.7338548545039765,16.920534065400307,25.09489238928895,0.3361952091683922,0.16652637966755088,3,0.9636218528081896,1.052610374407207,0.1507964011982387,0.0,0.0,0.0,0.0675909484658602,0.08320545273237849
316,1,0,0,-0.16906554527973933,3.564789309224237,16.995302882718335,25.18235861320076,0.3215691742084153,0.14948709581480518,3,1.2126207025970608,1.0503856613672315,0.1899919128763359,0.0,0.0,0.0,0.08775620975986163,0.10223570311647429
317,1,0,1,0.07093601363564023,3.6357253228598774,17.063146603353687,25.265999010132695,0.307084515089408,0.13248931637365738,3,1.2059256549652684,1.0544415373979772,0.18889463136093065,0.0,0.0,0.0,0.08690795471404392,0.10198667664688676
318,1,0,1,0.0713675442704992,3.7070928671303767,17.030023235445015,25.22861947246571,0.2954344426448035,0.11832857378118328,3,0.9877257347615036,1.0582286403371595,0.15486489022247127,0.0,0.0,0.0,0.06990043466762666,0.08496445555484461
319,1,1,1,0.006426176390527145,3.713519043520904,16.987320998825027,25.185530741269314,0.48863572036841946,0.10433243220703663,3,0.9706750998813837,1.0564660676977682,0.15216252723436333,0.27260665586882094,0.0,0.0,0.06818567778948346,0.08397684944487988
320,1,0,1,0.07144411254872604,3.78496315606963,16.948176524419374,25.140862364290374,0.47726935945542803,0.09044601780765776,3,0.9705084421177692,1.0543212935023587,0.15151665187422148,0.0,0.0,0.0,0.0681981654779483,0.08331848639627316
321,1,0,1,0.0709185612871604,3.8558817173567905,17.018709030128583,25.22989063890516,0.4627869533018232,0.07335773764860627,3,1.211786752541733,1.0522259722177436,0.18942411787593824,0.0,0.0,0.0,0.08689443692162922,0.102529680954309
322,1,0,1,0.07155112075497075,3.9274328381117614,16.946536227386144,25.12862842120905,0.4523012008197201,0.06078261340037163,3,0.8827799712872988,1.0562149917258437,0.13836526038202646,0.0,0.0,0.0,0.06291451489261862,0.07545074548940783
323,1,0,1,0.07138295648699992,3.9988157945987615,16.916033623900585,25.097534052422986,0.4406969461607993,0.046597873904213966,3,0.9902821439432581,1.05187911621488,0.15473396493047045,0.0,0.0,0.0,0.06962552795352447,0.08510843697694596
324,1,0,1,0.07090975831147442,4.0,16.989905821762722,25.192250873014498,0.4261409386406591,0.029396130382167974,3,1.2189282103617376,1.0503391919080893,0.19054650625311725,0.0,0.0,0.0,0.0873360451208413,0.10321046113227596
325,1,0,1,0.07135977348915143,4.0,16.959093538019907,25.154866268491595,0.41442735168072414,0.015298563293911457,3,0.9863570291037131,1.0545539173694305,0.1548669242891491,0.0,0.0,0.0,0.07028152175961001,0.0845854025295391
326,1,0,1,0.0714324517191884,4.0,16.916633511243855,25.042442572301866,0.4030915722332709,0.0029648915584912054,3,0.8979652721970048,1.0528489951627877,0.14201670709724024,0.0,0.0,0.0,0.06801467668471872,0.08154795838426647
327,1,0,1,0.07137362257331012,4.0,16.88367340885355,24.52952810415902,0.3915583320166957,0.0,3,0.5031023315554937,1.048976902088643,0.08698879065039883,0.0,0.0,0.0,0.0691994412994516,0.0857089323641255
328,1,2,0,-0.2340901577044675,3.7659098422955326,16.9623290397151,24.654067093190704,0.37687719427943356,0.2324365431478136,3,1.2385246577185507,1.035330037825314,0.19346756753669125,0.0,0.0,0.0,0.088086826423573,0.10538074111311825
329,1,0,1,0.07095591491142993,3.8368657572069624,17.033008023285312,24.75884044966017,0.36236004501736385,0.2152656503597987,3,1.2158622433623205,1.040409903322645,0.19012825230050798,0.0,0.0,0.0,0.08710289557241835,0.10302535672808963
330,1,0,1,0.07137303803566399,3.9082387952426263,17.021120245947387,24.744543451667752,0.3501352556590283,0.20091135905716928,3,1.0186114364933003,1.0447962118236371,0.1594744839657892,0.0,0.0,0.0,0.07334873615001297,0.08612574781577623
331,1,0,1,0.07146229336461123,3.9797010886072375,16.98654044824297,24.713781514147854,0.33860851075663123,0.18697251627225628,3,0.9787998572160579,1.0441415924403787,0.15279352612386055,0.0,0.0,0.0,0.06916046941438249,0.08363305670947807
332,1,0,1,0.07147871913873613,4.0,16.93896402013977,24.68351688211572,0.32745207502730583,0.17300133804587792,3,0.9646669889244297,1.0425080490597707,0.1507656837342226,0.0,0.0,0.0,0.06693861437595226,0.08382706935827035
333,1,1,1,0.005937684183800711,4.0,17.011749209681746,24.7926221847243,0.4854283227901141,0.15569828239063777,3,1.2224525147069514,1.040562022556387,0.19124839719075643,0.4647124501638351,0.0,0.0,0.08743006325931542,0.10381833393144098
334,1,0,1,0.07093812712437611,4.0,17.080956857743267,24.891658339178925,0.4709708123736252,0.138587463248774,3,1.2133530873762979,1.0451092848601513,0.18940997735011592,0.0,0.0,0.0,0.08674506249893335,0.10266491485118255
335,1,0,1,0.07089575523184731,4.0,17.153575573784053,24.99444420199793,0.45633128123382694,0.12132771816999965,3,1.2247199587828472,1.049315379923055,0.19139565731143582,0.0,0.0,0.0,0.08783718683878976,0.10355847047264605
336,1,0,1,0.07143805776598254,4.0,17.107996396636445,24.958006670756554,0.445020046833982,0.10736305883576956,3,0.971683786005563,1.0537004943945498,0.15165536240445018,0.0,0.0,0.0,0.06786740639906952,0.08378795600538068
337,1,0,1,0.07137293310365611,4.0,17.072337992086545,24.929356751305782,0.4333911187408959,0.09320181795253889,3,0.9873417526841521,1.0516500766848251,0.1547410138579004,0.0,0.0,0.0,0.06977356855851649,0.08496744529938392
338,1,0,1,0.07142230962577413,4.0,17.034689158877004,24.89940691885034,0.4219173335590227,0.07912582913200336,3,0.9824437029198261,1.0500423685848084,0.15329864401445226,0.0,0.0,0.0,0.06884271109123913,0.0844559329232131
339,1,0,0,-0.16909057603897348,3.8309094239610264,17.10525969117197,25.003453861084836,0.407368875505464,0.06182295938425684,3,1.2229698764726433,1.0483524019431836,0.1911079668078317,0.0,0.0,0.0,0.08729074832135256,0.10381721848647914
340,1,0,1,0.07139500076977735,3.902304424730804,17.077081386890058,24.97358233174966,0.39557079641101067,0.04771056177676452,3,0.9946680051893348,1.0527178388064202,0.15546286021167408,0.0,0.0,0.0,0.07078847456672005,0.084674385644954
341,1,0,1,0.07137314308057403,3.973677567811378,17.043874386520436,24.948636314564883,0.38389877431259195,0.03345436207130719,3,0.9931135754115904,1.051266592965993,0.15556933082325575,0.0,0.0,0.0,0.07003213259051182,0.08553719823274393
342,1,0,1,0.07088618351706903,4.0,17.120808253842046,25.054416176176993,0.3691440038855127,0.016077921442918603,3,1.2325264964608516,1.049812767527133,0.1927872663328073,0.0,0.0,0.0,0.08852862256247576,0.1042586437703315
343,1,0,0,-0.16911600109915645,3.8308839989008434,17.19193219408617,25.046128911582514,0.354504077999271,0.001254240595644979,3,1.1172172864001306,1.054380610750476,0.17678164040109226,0.0,0.0,0.0,0.08783955531745045,0.10383851132275537
344,1,0,1,0.07134455197126878,3.9022285508721124,17.157459395778297,24.46512835023617,0.3427564882586738,0.0,3,0.44047816798749667,1.0559515276417173,0.0780109820174531,0.0,0.0,0.0,0.07048553844358324,0.08591171896505241
345,1,0,0,-0.169097199747706,3.733131351124406,17.226898992485292,23.853500141480268,0.3281373379105174,0.0,3,0.4983760816014545,1.0405646936503619,0.08771490208893817,0.0,0.0,0.0,0.08771490208893815,0.1057893677055817
346,1,0,1,0.07093929878097519,3.8040706499053814,17.28762128272172,23.25716263794326,0.31371055293757194,0.0,3,0.4913947650485571,1.027009978349139,0.08656070983767303,0.0,0.0,0.0,0.08656070983767303,0.10711188980798558
347,1,0,1,0.07097660463667632,3.8750472545420576,17.340331128733865,22.675733571994684,0.29948483114262,0.0,3,0.48490037808019293,1.0136195980166245,0.08535433076971169,0.0,0.0,0.0,0.08535433076971168,0.1082696195209868
348,1,0,1,0.07099553526344679,3.9460427898055044,17.388179472687526,22.108840232694813,0.2853650471551484,0.0,3,0.4813566221720028,1.0004016175182138,0.0847187039248294,0.0,0.0,0.0,0.0847187039248294,0.10943678193832486
349,1,0,0,-0.1689479007014164,3.777094889104088,17.421738627932548,21.556119226877442,0.27162644208003967,0.0,3,0.4682636420622081,0.9874254926345585,0.08243163045065235,0.0,0.0,0.0,0.08243163045065235,0.10998336889342047
350,1,0,0,-0.1688868109636467,3.6082080781404415,17.443378453740706,21.017216246205507,0.25820638656130307,0.0,3,0.4571832915064774,0.9744464463702498,0.08052033311241985,0.0,0.0,0.0,0.08052033311241985,0.10948777029543857
351,1,0,1,0.0710891828129643,3.679297260953406,17.47396561769753,20.49178584005037,0.24449405245190126,0.0,3,0.4666716253003356,0.9615148674986554,0.08227400465641076,0.0,0.0,0.0,0.08227400465641076,0.11189605424776253
352,1,0,1,0.0714588591976335,3.7507561201510393,17.43136862749443,19.97949119404911,0.23285559910653195,0.0,3,0.39425215023933746,0.9491437864436975,0.06983072007221597,0.0,0.0,0.0,0.06983072007221597,0.1005731292204026
353,1,0,0,-0.1684722540299756,3.5822838661210636,17.380894978519585,19.480003914197884,0.22144607035740818,0.0,3,0.3853105667125204,0.9352714955385885,0.06845717249474216,0.0,0.0,0.0,0.06845717249474216,0.09661105175246823
354,1,0,1,0.0712241740239288,3.6535080401449926,17.392342103011437,18.993003816342934,0.20835728969552617,0.0,3,0.4459694989548437,0.9215224723179367,0.07853268397129232,0.0,0.0,0.0,0.0785326839712923,0.11135891694248909
355,1,0,1,0.07152336102557531,3.725031401170568,17.345069803351876,18.518178720934365,0.1969043448932941,0.0,3,0.38753625291572247,0.9096336479838594,0.06871766881339265,0.0,0.0,0.0,0.06871766881339265,0.10179204198636001
356,1,0,1,0.07129592211357019,3.796327323284138,17.35029553453068,18.055224252911003,0.18403330702648288,0.0,3,0.43885247626259805,0.896581213107156,0.07722622720086705,0.0,0.0,0.0,0.07722622720086704,0.11117839813287977
357,1,0,1,0.07133889955732307,3.867666222841461,17.349436224251647,17.60384364658823,0.17132758916513724,0.0,3,0.43289807808423963,0.8851379946860419,0.07623430716807392,0.0,0.0,0.0,0.07623430716807392,0.11049717613911636
358,1,0,1,0.07135158609901072,3.9390178089404717,17.34501469957963,17.163747555423523,0.15872603492529422,0.0,3,0.4293143809342729,0.873831996770997,0.07560932543905813,0.0,0.0,0.0,0.07560932543905813,0.11030126673359109
359,1,0,1,0.07135953005591951,4.0,17.342793739277347,16.734653866537933,0.14606574875929457,0.0,3,0.43140440718720807,0.8627190563750788,0.07596171699599781,0.0,0.0,0.0,0.07596171699599781,0.11030521835834411
360,1,0,1,0.07159592829788641,4.0,17.294029285970876,16.316287519874486,0.13469403465925023,0.0,3,0.3848053901754601,0.8519361901453821,0.06823028460026612,0.0,0.0,0.0,0.06823028460026612,0.10392654569870148
361,1,0,1,0.07143275867346445,4.0,17.28483723276021,15.908380331877622,0.1222806829864335,0.0,3,0.4231586789386079,0.8402579201461341,0.07448011003690036,0.0,0.0,0.0,0.07448011003690036,0.10865096775099048
362,1,2,1,0.006446670728719912,4.0,17.27596019208999,16.271402565922674,0.10986935297067686,0.2318945047006057,3,1.1839756324907733,0.8298304391159459,0.18310095189090522,0.0,0.0,0.0,0.07446798009453977,0.10863297179636544
363,1,0,0,-0.16838055280459469,3.8316194471954055,17.2346024565934,16.58583144897272,0.0983395271863024,0.21473687136520236,3,1.1117552165037736,0.8386840689503166,0.17212475471866712,0.0,0.0,0.0,0.06917895470624677,0.10294580001242036
364,1,0,1,0.07145793362120723,3.9030773808166126,17.223068288330907,16.925269291441147,0.08600828698047784,0.19678624139583453,3,1.173414521845087,0.845510847639153,0.1816912210511543,0.0,0.0,0.0,0.07398744123494742,0.10770377981620685
365,1,0,1,0.07143873592642186,3.9745161167430343,17.15102354607865,17.26141329536526,0.07571526349504891,0.17870842838420073,3,1.117807701166157,0.8537084394943013,0.17022501898237652,0.0,0.0,0.0,0.07444079531472801,0.10846687806980293
366,1,0,1,0.07138082282061207,4.0,17.007987790878012,17.59755376513195,0.06751368097760764,0.16043294163036267,3,1.0534156356021511,0.8603109210360976,0.15886241562767595,0.0,0.0,0.0,0.07668202176361506,0.10965292052302833
367,1,0,1,0.0713653393160897,4.0,16.807181193306718,17.925964728693216,0.06086384243703787,0.14213743641687243,3,0.9927429048902213,0.865138538900249,0.14967206252436005,0.0,0.0,0.0,0.07769970780502836,0.10977303128094146
368,1,1,0,-0.23362486845525493,3.766375131544745,16.82693151519137,18.245306659838324,0.2919072088590833,0.12385689608770171,3,1.2074209010797565,0.8683286480499984,0.18740513269358888,0.03601791074916316,0.0,0.0,0.07772189071856446,0.10968324197502441
369,1,0,0,-0.16863597213976222,3.597739159404983,16.8445014982929,18.558513304699304,0.27904627957321926,0.1055401647126521,3,1.2075825823382536,0.8768059543757423,0.18706596396548159,0.0,0.0,0.0,0.0771655757151839,0.10990038825029766
370,1,2,1,0.00636058899104804,3.6040997483960306,16.861568325964495,18.858630147395253,0.2661792624561264,0.337349425862258,3,1.202259040442347,0.8850753700748052,0.18634653580492158,0.0,0.0,0.0,0.07720210270255728,0.10914443310236435
371,1,0,1,0.07156951323362082,3.6756692616296514,16.841749696064216,19.08105913175581,0.25433071002171953,0.320838607164943,3,1.0956153162942786,0.8930049618339937,0.17015622679033093,0.0,0.0,0.0,0.07109131460644094,0.09906491218388998
372,1,2,1,0.006330041960194562,3.681999303589846,16.863747067596044,19.363593794189388,0.24129740514763257,0.4819130388960288,3,1.2026022546609016,0.8980702206955009,0.18672159586834902,0.42503164298965823,0.0,5.551115123125783e-17,0.07819982924452186,0.10852176662382716
373,1,0,1,0.07152313874424242,3.7535224423340883,16.850924677030147,19.57826248902122,0.22921411504584768,0.4652861437568497,3,1.1075298258105684,0.9056835215446359,0.1722611114457837,0.0,0.0,0.0,0.07249974061070932,0.09976137083507436
374,1,0,1,0.07130020479509332,3.8248226471291815,16.87837319672926,19.845334425295444,0.21600265868843868,0.4472760681315458,3,1.20525013512463,0.910729679151284,0.1873291918962777,0.0,0.0,0.0,0.07926873814445437,0.10806045375182335
375,1,2,1,0.0062406991020758145,3.8310633462312573,16.912400830066566,20.115826344990996,0.20257322961846272,0.48174683804023033,3,1.2226122435834725,0.9180926905506177,0.1900955461784735,1.183656408789275,0.0,5.551115123125783e-17,0.08057657441985563,0.10951897175861787
376,1,0,1,0.07150633724774452,3.902569683479002,16.892254630553396,20.298546982571068,0.1906904276257284,0.4654353313154405,3,1.08828011744334,0.9257056793764391,0.16916585230514472,0.0,0.0,0.0,0.07129681195640578,0.09786904034873893
377,1,0,1,0.07121623306929935,3.973785916548301,16.929276195441496,20.55871359250484,0.17715948964371256,0.44715909935286796,3,1.2269582151499843,0.9297700403281116,0.19084301966753073,0.0,0.0,0.0,0.08118562789209507,0.10965739177543565
378,1,0,1,0.07152830918307065,4.0,16.902457236415845,20.718503589252165,0.1654597588303053,0.4311326197283585,3,1.0701707824203293,0.9371997446986585,0.16635726262750056,0.0,0.0,0.0,0.07019838488044362,0.09615887774705695
379,1,0,1,0.07118244345525704,4.0,16.943203215798295,20.966292407772578,0.15180502944767116,0.41289627762245407,3,1.2290588185445617,0.9405240206417003,0.191346428931231,0.0,0.0,0.0,0.08192837629580486,0.10941805263542612
380,1,1,1,0.00615954785206884,4.0,16.98903378835741,21.207325309719423,0.35800828400897927,0.3946742488438206,3,1.2346008650952367,0.9477373905892719,0.1923031082580275,0.17980953704592517,0.0,0.0,0.08297093558622601,0.10933217267180148
381,1,0,1,0.0711868109894955,4.0,17.021487458819436,21.42975002360695,0.3445800686693128,0.3767558817649508,3,1.2097873618014683,0.954908977451921,0.18807949451121705,0.0,0.0,0.0,0.08056929203799888,0.10751020247321819
382,1,0,1,0.07115833125950725,4.0,17.05917139622251,21.649421660456056,0.3309713638493651,0.35876778254119474,3,1.2186365113128403,0.9612809370606596,0.1895808242622229,0.0,0.0,0.0,0.08165222891968639,0.10792859534253646
383,1,0,1,0.07142371626828886,4.0,17.04657487915032,21.781165627912053,0.31876897073157456,0.342760983744794,3,1.0868622768007774,0.9677148264169642,0.16925515148514747,0.0,0.0,0.0,0.07321435870674327,0.0960407927784042
384,1,0,1,0.07113700079864713,4.0,17.085342841544843,21.986991395022265,0.3051105186612099,0.32488910251448117,4,1.2152872421812893,0.9706935126765595,0.1891819998040645,0.0,0.0,0.0,0.08195071242218767,0.10723128738187677
385,1,0,1,0.07152445347859103,4.0,17.04882941432482,22.077518246267374,0.29359938930585444,0.30966709022634037,4,1.0308217799392643,0.9768083559141778,0.16039884986097813,0.0,0.0,0.0,0.06906677613213275,0.09133207372884536
386,1,0,1,0.07111087776601399,4.0,17.088854179600524,22.27661805267536,0.27989756283541745,0.29177940007651587,4,1.2172832631984896,0.9781586915148048,0.1895370997215691,0.0,0.0,0.0,0.08221095882262236,0.10732614089894675
387,1,0,1,0.07146633323266405,4.0,17.058992895378758,22.363129218467506,0.2681653178872539,0.2764876630794942,4,1.040786687377281,0.9841368058068971,0.1621438916711113,0.0,0.0,0.0,0.07039346968898104,0.09175042198213024
388,1,0,1,0.07147184527518378,4.0,17.02591126197198,22.443336112441767,0.2565444491442698,0.2612981222246737,4,1.0326783134136404,0.9855530528461567,0.16086245758682777,0.0,0.0,0.0,0.06972521245790461,0.09113724512892313
389,1,0,0,-0.1685133953770558,3.831486604622944,16.99978778063029,22.52526921871784,0.2447695724385305,0.2460089178105261,4,1.0425408092947244,0.9867311843603437,0.16238448671932063,0.0,0.0,0.0,0.07064926023443542,0.0917352264848852
390,1,0,1,0.07109796871103824,3.902584573333982,17.04474093276538,22.7077875243775,0.23095810629684976,0.22824121228730554,4,1.2155978827784528,0.9881264249837032,0.18947502998940863,0.0,0.0,0.0,0.08286879685008507,0.10660623313932356
391,1,0,0,-0.1689304095972034,3.733654163736779,17.092974289411472,22.88768293880902,0.21701068637334445,0.21042895605483927,4,1.2219419825061917,0.9938132114285719,0.19055805693582903,0.0,0.0,0.0,0.08368451954103148,0.10687353739479755
392,1,0,0,-0.16893212213084888,3.56472204160593,17.137088401494456,23.06236014806657,0.20314325079963322,0.19263190403444194,4,1.2183077520460426,0.9995164307055124,0.1899869255646516,0.0,0.0,0.0,0.08320461344226764,0.10678231212238395
393,1,0,1,0.07160077620600214,3.6363228178119322,17.06485541656124,23.08293382798569,0.19259537166324528,0.1784144947290237,4,0.9533269087249294,1.0049862137390257,0.1485917306508368,0.0,0.0,0.0,0.06328727481832738,0.08530445583250942
394,1,0,1,0.07105223942929331,3.7073750572412254,17.114273624855898,23.247694280059584,0.17858979058989763,0.16073879584930986,4,1.2178733914822226,1.0036947311136732,0.19008767971836896,0.0,0.0,0.0,0.0840334864400861,0.10605419327828287
395,1,0,1,0.07102148597210038,3.7783965432133257,17.167922165358362,23.41247167415125,0.16441251174852173,0.14296405735993542,4,1.2274751322170165,1.009049197622887,0.19171210398450214,0.0,0.0,0.0,0.0850636730482553,0.10664843093624685
396,1,0,1,0.07149065208432046,3.8498871952976463,17.111145792729914,23.44594700538638,0.15340313489930862,0.12826025766634364,4,0.9912088045944267,1.0145098459877402,0.1542790592568292,0.0,0.0,0.0,0.06605626109527861,0.08822279816155058
397,1,1,1,0.005993996979586965,3.8558811922772334,17.16951344176718,23.608950736743065,0.36507992332287137,0.11040605014037151,4,1.235298700346855,1.0139273199529073,0.19299113768828974,0.14407337692616684,0.0,0.0,0.08586589253245691,0.10712524515583284
398,1,1,1,0.005980125986382784,3.861861318263616,17.220810243444298,23.76571843934461,0.4859127477602671,0.0926140943272319,4,1.2275261087414222,1.019461604462756,0.19127524831723525,0.690479539937228,0.0,5.551115123125783e-17,0.08452351343839766,0.10675173487883757
399,1,0,1,0.07097974179954952,3.932841060063166,17.26412538869298,23.914231719218776,0.47202340659324155,0.07493368361354634,4,1.216491642192568,1.024663217069723,0.18941851128426632,0.0,0.0,0.0,0.08333604700215293,0.1060824642821134
400,1,0,0,-0.16866357219977665,3.7641774878633893,17.245444656968882,23.944785873698002,0.45981646956460226,0.06001339205543744,4,1.041332350452925,1.029458927697794,0.16276337152048928,0.0,0.0,0.0,0.07324162217183584,0.08952174934865344
401,1,0,1,0.07148215895267986,3.8356596468160693,17.186545459462764,23.94890031078194,0.4488284780106961,0.04570752186336411,4,0.9749710028444893,1.0297557632666723,0.15176317047587734,0.0,0.0,0.0,0.06592794932343735,0.08583522115244
402,1,0,1,0.07097140551748492,3.9066310523335543,17.23369049921132,24.091351679636617,0.43484760062559763,0.028060286857579327,4,1.2179825528593526,1.0283861442561177,0.189768674345299,0.0,0.0,0.0,0.08388526431059032,0.10588341003470869
403,1,0,1,0.07092826231373216,3.9775593146472863,17.28492910248149,24.233829560532495,0.42070674292552684,0.010327771955329492,4,1.2268425386372441,1.0331260544711984,0.191240235613924,0.0,0.0,0.0,0.08484514620042506,0.10639508941349901
404,1,0,1,0.0708892565809861,4.0,17.343532792472857,24.04415224176803,0.4063156646300681,0.0002672020325187845,4,0.9068953378022513,1.0379689665753498,0.14670988930961673,0.0,0.0,0.0,0.0863464697727525,0.10692279476334564
405,1,0,1,0.07139686059647292,4.0,17.295677864437003,23.454270921089616,0.39491403383570955,0.0,4,0.3969558771417599,1.0346921258560222,0.07001299696126372,0.0,0.0,0.0,0.068409784766151,0.08762807490766379
406,1,0,1,0.07143684548724709,4.0,17.248209698926555,22.86791414806238,0.383544729743522,0.0,4,0.3849237811004757,1.0187487196381657,0.06821582455312517,0.0,0.0,0.0,0.06821582455312517,0.08792446376424606
407,1,0,1,0.07099716333614625,4.0,17.292637772710776,22.296216294360818,0.3695993831412801,0.0,4,0.4756333162573848,1.0029030961747234,0.08367207961345113,0.0,0.0,0.0,0.08367207961345115,0.10880233905391404
408,1,1,1,0.0060308677254835834,4.0,17.330972698805553,21.738810887001797,0.4862048149161433,0.0,4,0.4706508704125425,0.98972135167679,0.08277111050314004,0.717596298847681,0.0,5.551115123125783e-17,0.08277111050314005,0.1098075862601802
409,1,0,1,0.07137934440129634,4.0,17.303400769846537,21.195340614826755,0.47420940954942054,0.0,4,0.40570238851112594,0.9767445896451837,0.07197243220033632,0.0,0.0,0.0,0.07197243220033632,0.0963412195416761
410,1,0,0,-0.1686013011207588,3.8313986988792412,17.275133017039323,20.665457099456084,0.4622492225436185,0.0,4,0.4043172664389493,0.9624685346168323,0.07176112203481247,0.0,0.0,0.0,0.07176112203481247,0.09715855564150186
411,1,0,1,0.07145481732876413,3.9028535162080056,17.24306713302839,20.14882067196968,0.4504364175259454,0.0,4,0.3998124414150492,0.9485147529123853,0.07087683010603905,0.0,0.0,0.0,0.07087683010603905,0.09735484638342529
412,1,0,1,0.07118873822593724,3.9740422544339427,17.260299130948027,19.64510015517044,0.4373209130970299,0.0,4,0.44830867624534565,0.9347971951249519,0.07869302657349236,0.0,0.0,0.0,0.07869302657349235,0.11100067952711898
413,1,0,1,0.07143060564912357,4.0,17.233120546521217,19.153972651291177,0.4253819385020626,0.0,4,0.40432889384689263,0.9226349821529618,0.07163384756980432,0.0,0.0,0.0,0.07163384756980432,0.10296761228999154
414,1,0,0,-0.16876939238561695,3.831230607614383,17.24851804172991,18.6751233350089,0.41231864843611743,0.0,4,0.4462255088717212,0.90967732994531,0.07837974039567064,0.0,0.0,0.0,0.07837974039567064,0.11162642663121124
415,1,0,1,0.07128586853817533,3.902516476152558,17.255012299653025,18.208245251633677,0.39950486291691173,0.0,4,0.4377072089663658,0.8980910344184703,0.07688271311523466,0.0,0.0,0.0,0.07688271311523466,0.11089542872203999
416,1,0,1,0.0714463793255333,3.9739628554780912,17.23241477245343,17.753039120342834,0.3874249828997493,0.0,4,0.4087777802917284,0.8865814387821677,0.07247928010297412,0.0,0.0,0.0,0.07247928010297412,0.10632446117443489
417,1,0,1,0.07131389485125614,4.0,17.239282325713273,17.309213142334265,0.37461784637748446,0.0,4,0.43767792257118,0.8746363473199066,0.07684281913358922,0.0,0.0,0.0,0.07684281913358922,0.1111655944200467
418,1,0,0,-0.16865045608406926,3.831349543915931,17.23965659677716,16.876482813775908,0.3619820657140511,0.0,4,0.4313563292067143,0.8637123867011886,0.07581468398059976,0.0,0.0,0.0,0.07581468398059976,0.11079176609120975
419,1,0,1,0.07140913317908386,3.9027586770950147,17.23256793107798,16.45457074343151,0.34957019334262895,0.0,4,0.42390274922025106,0.8529034852638266,0.07447123422853302,0.0,0.0,0.0,0.07447123422853302,0.10939667783104559
420,1,2,0,-0.23356299436072447,3.66919568273429,17.22247428482483,16.8047904726685,0.33724809307237646,0.2318841907720196,4,1.1823045498465838,0.8421784668627372,0.18262745698939745,0.0,0.0,0.0,0.07393260162151484,0.10869485536788259
421,1,0,0,-0.16839527452046388,3.500800408213826,17.186407050067707,17.101846530834475,0.3256106019146923,0.2148262960483296,4,1.1116704423461827,0.8506816189373334,0.17217231528824492,0.0,0.0,0.0,0.06982494694610503,0.1023473683421399
422,1,0,0,-0.16836305563728132,3.332437352576545,17.142195287171283,17.379924547151603,0.31422738079201346,0.19803897259962266,4,1.0910725929432543,0.8572063395225547,0.16902326742831478,0.0,0.0,0.0,0.06829932673607322,0.10072394069224153
423,1,0,1,0.07161636173066481,3.4040537143072096,17.106901999035856,17.658576657384096,0.30261419012685176,0.1810739607335432,4,1.1064118179551414,0.863052995858072,0.1714692151874468,0.0,0.0,0.0,0.0696791439909702,0.1017900711964766
424,1,2,1,0.006528573644356805,3.4105822879515664,17.092107390764877,17.94811011699608,0.29043584690950786,0.41368550236108015,4,1.1438758177515058,0.8691369664104989,0.17740080953884185,0.0,0.0,0.0,0.07307005930406309,0.10433075023477877
425,1,0,1,0.07140859828581027,3.4819908862373765,17.092027721750323,18.254991515725806,0.2778612795699829,0.3956993852598676,4,1.1828071674091896,0.8760054376940241,0.1833641066444248,0.0,0.0,0.0,0.07544740403714982,0.10791670260727497
426,1,0,1,0.07155288700849473,3.5535437732458712,17.068886918522043,18.506984023436534,0.2659317040059742,0.3788448892680583,4,1.1125271854193555,0.8836754809369032,0.17270442933490796,0.0,0.0,0.0,0.07157745338405207,0.1011269759508559
427,1,0,1,0.07136695859471563,3.6249107318405867,17.07660527297596,18.80245983445173,0.25315752412926895,0.36079812956101187,4,1.1925909390180798,0.8893967735489645,0.18492563750251018,0.0,0.0,0.0,0.07664507926023173,0.10828055824227846
428,1,0,1,0.07131577594258783,3.6962265077831744,17.09138228462168,19.09681376046788,0.24016953605386818,0.34260150171915166,4,1.2061075653475635,0.8969766276856923,0.18710769550356593,0.0,0.0,0.0,0.0779279284524046,0.10917976705116134
429,1,1,0,-0.2337090439470072,3.4625174638361673,17.108854707274837,19.382224053078218,0.457081009943028,0.324438741243612,4,1.2075876163907324,0.9047049011272392,0.1874272056065658,0.12008051391171315,0.0,5.551115123125783e-17,0.07845064275332768,0.10897656285323809
430,1,0,1,0.07130148752571881,3.5338189513618863,17.118075408549867,19.66109930170887,0.44427327306222736,0.3062620531644597,4,1.2003729189145074,0.9122769690088266,0.18590654975971788,0.0,0.0,0.0,0.0768464212848042,0.10906012847491367
431,1,0,1,0.07150350906197614,3.6053224604238623,17.096671739342238,19.862805087774987,0.43229259500196565,0.28976199187218216,4,1.0997814846149536,0.9194793677564685,0.17088443611523543,0.0,0.0,0.0,0.07188406836156987,0.09900036775366555
432,1,0,1,0.0712479819394154,3.6765704423632775,17.115036787706018,20.133543673902587,0.4192258787041106,0.27149749719451716,4,1.2130905551693072,0.9239869206779308,0.18798726585312087,0.0,0.0,0.0,0.07840029778713059,0.10958696806599029
433,1,0,1,0.07122211013083926,3.7477925524941167,17.13909381532123,20.39763642802103,0.405978894834557,0.25323153203410875,4,1.219364293273878,0.9312145115402151,0.189077694179772,0.0,0.0,0.0,0.07948190321732186,0.10959579096245015
434,1,0,1,0.07146557391461063,3.8192581264087275,17.117796049015595,20.581335830726875,0.3939715851162225,0.23673072976207502,4,1.1008198924837647,0.9384182560835567,0.17104867194220913,0.0,0.0,0.0,0.07204385831000687,0.09900481363220225
435,1,2,1,0.006492172539062031,3.8257502989477894,17.089103120455746,20.748276173151318,0.3822005099735684,0.4705188790682356,4,1.0807257108581578,0.9424782969935618,0.16789755501896128,0.0,0.0,0.0,0.07062645085592434,0.09727110416303693
436,1,0,1,0.07143133123100893,3.8971816301787983,17.079610440077662,20.920927924841067,0.3698732102475915,0.45406668050011484,4,1.1090935536518378,0.9459344823401767,0.17267698976458576,0.0,0.0,0.0,0.07396379835586145,0.09871319140872431
437,1,0,1,0.07117368082481293,3.968355311003611,17.111993941348647,21.157112282192976,0.3563689910788282,0.43599454716273695,4,1.2185813177458638,0.9500134591229683,0.1894581150368471,0.0,0.0,0.0,0.08102531501258,0.1084328000242671
438,1,0,1,0.07116237026827302,4.0,17.144083653799548,21.384094435546494,0.3428701306433997,0.41799771612845243,4,1.2157995213929595,0.9567276555885407,0.188974148818278,0.0,0.0,0.0,0.08099316261257068,0.10798098620570731
439,1,2,0,-0.2334864001436093,3.7665135998563906,17.107532824815426,21.50225768308544,0.3313182219232262,0.48447079016595057,4,1.0448168707884717,0.9632044522336511,0.1624867113253383,1.0079862967707145,0.0,1.1102230246251565e-16,0.06931145232104156,0.09317525900429671
440,1,0,1,0.07118480328986736,3.8376984031462578,17.132981739961718,21.71268256149152,0.3180043910620069,0.4666616924502904,4,1.2011185562498936,0.9652447626975216,0.18673757146127745,0.0,0.0,0.0,0.07988298516731605,0.10685458629396138
441,1,0,1,0.07136350803367837,3.9090619111799363,17.13351913570535,21.855885776120523,0.30534906296410536,0.450339429448028,4,1.1148822179089655,0.9711416075363308,0.17386554660098255,0.0,0.0,0.0,0.07593196858740886,0.09793357801357368
442,1,0,1,0.07114818840214507,3.9802100995820813,17.166283421318113,22.055963867676176,0.29178720624124366,0.4325604259860602,4,1.2075774999640656,0.9747351227956468,0.18804516110897693,0.0,0.0,0.0,0.08137114033717015,0.1066740207718068
443,1,1,1,0.006531410062486415,3.9867415096445677,17.12536937901744,22.13743871196899,0.48576559273315456,0.4175276174283325,4,1.021116984216996,0.9805561822248572,0.15897349380619036,0.2673530385887106,0.0,0.0,0.06877664245982404,0.09019685134636632
444,1,0,1,0.07140729206425174,4.0,17.112750234591363,22.239463326579376,0.47351625084731325,0.40192257434485995,4,1.0709756724589723,0.9815702022746609,0.16712630981588342,0.0,0.0,0.0,0.073496051315048,0.09363025850083541
445,1,0,1,0.0715012811319377,4.0,17.083555643126658,22.32136382532314,0.461775919135982,0.386754603523973,4,1.036511246308327,0.9838053390292685,0.16144981519330853,0.0,0.0,0.0,0.0704419902679872,0.0910078249253213
446,1,0,1,0.07110722995573386,4.0,17.124087127333112,22.508210250070654,0.4480675073816449,0.3690211156714847,4,1.2125008956652166,0.9851229867112451,0.18865139764095218,0.0,0.0,0.0,0.08225047052602244,0.10640092711492972
447,1,0,1,0.07144943832988467,4.0,17.098992830744287,22.586985035218177,0.4362019546859876,0.3537621455829207,4,1.044487922993787,0.9908074344350943,0.16274713670532842,0.0,0.0,0.0,0.07119331617394398,0.09155382053138446
448,1,0,1,0.07148348979124998,4.0,17.072789669780448,22.65409709669998,0.42437322407068495,0.3387442340631037,4,1.033058347167025,0.9921494466490617,0.16107985281071796,0.0,0.0,0.0,0.07097238369181633,0.09010746911890162
449,1,0,1,0.07107929811044421,4.0,17.116648141737222,22.832763262709726,0.4105654969145944,0.32100510938012217,4,1.2156968071285337,0.9931721691620108,0.18928111103443265,0.0,0.0,0.0,0.08284636293654334,0.10643474809788933
450,1,0,0,-0.16893446794668676,3.831065532053313,17.160698202297887,23.005244446426317,0.3967208997097882,0.3033051841465675,4,1.215266529388424,0.9987352851111739,0.18926713463016492,0.0,0.0,0.0,0.08306758322883673,0.1061995514013282
451,1,0,0,-0.16896330976373056,3.6621022222895827,17.209658412817106,23.175089091141967,0.38269003548601127,0.28556244112448376,4,1.222953421452977,1.004148566218105,0.19064164347516338,0.0,0.0,0.0,0.08418518534266142,0.10645645813250199
452,1,0,1,0.07105539181704891,3.7331576141066316,17.24852173274043,23.334802853884,0.3689174394292542,0.26795979705668904,4,1.2081957702643351,1.009618687598977,0.18825144074731165,0.0,0.0,0.0,0.08263557634054305,0.10561586440676857
453,1,0,1,0.07145854507283035,3.804616159179462,17.21345189684682,23.367995248029416,0.35722816273886254,0.25331873139384514,4,1.0127056729174155,1.0145831146656108,0.15798205411941252,0.0,0.0,0.0,0.07013566014234944,0.08784639397706306
454,1,0,1,0.07105328690717731,3.875669446086639,17.250562617984087,23.519586284249378,0.34350593858180795,0.2357939769112215,4,1.2032379359791379,1.0145361786219058,0.18748187183806972,0.0,0.0,0.0,0.08233334494232787,0.10514852689574185
455,1,0,1,0.07103021242678306,3.946699658513422,17.29256869076785,23.668316849201414,0.32960254318314586,0.21824303009236887,4,1.2099903602916315,1.0192537225558367,0.18872605330508863,0.0,0.0,0.0,0.08342037239197256,0.1053056809131161
456,1,0,0,-0.16854930107405294,3.7781503574393693,17.248693798004958,23.687354321503378,0.31816373588557234,0.20375260032855924,4,0.9991847180383018,1.0240221384992316,0.15557542236829855,0.0,0.0,0.0,0.06863284378544092,0.08694257858285762
457,1,0,1,0.07154284048804758,3.849693197927417,17.182342103815056,23.69058883999752,0.3073922282312404,0.18960347522258933,4,0.9602840272919511,1.0234012029877084,0.14952379656181125,0.0,0.0,0.0,0.0646290459259918,0.08489475063581946
458,1,0,1,0.0714677391685031,3.92116093709592,17.13747653826094,23.70641662833459,0.2960378404311899,0.17516937582115133,4,0.9927854963782664,1.0218232735953143,0.15473092320893062,0.0,0.0,0.0,0.06812632680030256,0.08660459640862808
459,1,0,1,0.07098030394658267,3.9921412410425026,17.194602939101458,23.85687779834998,0.28177371557155445,0.15745908668442513,4,1.2286849000207969,1.0210973291648884,0.19184648397817014,0.0,0.0,0.0,0.0855847491578128,0.1062617348203573
460,1,0,1,0.07146067553013928,4.0,17.14739731054687,23.86936036837126,0.27046134840169417,0.1430106375115423,4,0.9915639599029846,1.026287018436286,0.1545648980564585,0.0,0.0,0.0,0.06787420301916153,0.08669069503729698
461,1,1,1,0.00642817736496781,4.0,17.11282955266747,23.888298029858888,0.4815872604300988,0.12838732748557471,4,1.009788845581176,1.0254189419729536,0.1576345705764056,0.16334981740897203,0.0,5.551115123125783e-17,0.06989471042060016,0.08773986015580543
462,1,0,1,0.07096871819414151,4.0,17.166859576415533,24.03059287252966,0.4674877041827034,0.1107785971218116,4,1.2213530559819976,1.025028189563159,0.19024971966695137,0.0,0.0,0.0,0.08459733748437268,0.10565238218257868
463,1,0,1,0.0709567369480087,4.0,17.21940787004176,24.1702472873099,0.45337160879265886,0.093142024101317,4,1.2221390196300916,1.02993631122363,0.19051601046323516,0.0,0.0,0.0,0.08469657234026749,0.10581943812296768
464,1,2,1,0.005935433501465639,4.0,17.276350630721193,24.30534813934078,0.4390788481068904,0.3255360799911533,4,1.2267849916441038,1.0347413789337914,0.1913922287755928,0.0,0.0,0.0,0.08575656411461056,0.10563566466098223
465,1,0,1,0.07096736631873578,4.0,17.324881701325292,24.42342185170251,0.42498921695160724,0.30825195753155005,4,1.20614725221738,1.0395424692515494,0.18824252168931863,0.0,0.0,0.0,0.08453778693169886,0.10370473475761977
466,1,0,1,0.07146036245743914,4.0,17.27388907885515,24.402466609153986,0.41374594725415265,0.29426915757075883,4,0.9717597238070279,1.0437075888256953,0.15135641794947458,0.0,0.0,0.0,0.06745961818472732,0.08389679976474723
467,1,0,0,-0.16862097662053646,3.8313790233794633,17.252188115441655,24.40631711324699,0.40167853127938674,0.2796760384491485,4,1.0240584328797353,1.0419088922002284,0.15996321057825744,0.0,0.0,0.0,0.07240449584859557,0.08755871472966185
468,1,0,1,0.07147954429435878,3.9028585676738223,17.199259042131743,24.384952679965643,0.39052536528721987,0.2657024707708871,4,0.9671691241259579,1.0414626307172161,0.15076040202257004,0.0,0.0,0.0,0.06691899595300148,0.08384140606956855
469,1,0,1,0.0714289808088573,3.9742875484826796,17.167250258862786,24.376413175679943,0.3787836074794641,0.25143628670575335,4,0.999057005497783,1.0396052930524347,0.15604765123733672,0.0,0.0,0.0,0.07045054684653461,0.08559710439080208
470,1,0,1,0.07145409476932131,4.0,17.13232678533699,24.358447989152353,0.36718434782633885,0.23740111750060156,4,0.9857029258101792,1.0385915858635686,0.15380657314966184,0.0,0.0,0.0,0.06959555791875086,0.08421101523091101
471,1,0,1,0.07095093122555343,4.0,17.189265172173933,24.480835585732713,0.3529503768543562,0.21997163584357615,4,1.2165953527795301,1.0372693693622335,0.18998071577404912,0.0,0.0,0.0,0.08540382583189651,0.10457688994215261
472,1,0,1,0.07150285607204208,4.0,17.1270335284381,24.456901665505196,0.34210027894137546,0.20598139641368385,4,0.9555869549843253,1.041752518947666,0.14904202405723788,0.0,0.0,0.0,0.06510058747788425,0.08394143657935363
473,1,0,1,0.07137402601525385,4.0,17.109014403408047,24.455567219845395,0.3299865952928819,0.19148359525904765,4,1.0202448091587284,1.0395983798485826,0.15966890881877904,0.0,0.0,0.0,0.07268210189096172,0.08698680692781732
474,1,1,1,0.005958677450111379,4.0,17.16938252654993,24.571083220326056,0.48566939013262855,0.17415901426604166,4,1.2149986642038817,1.0391145405813362,0.18993114516226406,0.4799195717572913,0.0,5.551115123125783e-17,0.08598365920422832,0.10394748595803574
475,1,0,1,0.07096190225533344,4.0,17.218412651336706,24.682025432829704,0.4716690148204106,0.15688584080065296,4,1.203483980962318,1.0435116436718999,0.18764129266563997,0.0,0.0,0.0,0.08400225187330773,0.10363904079233224
476,1,0,1,0.07092348989580652,4.0,17.275415529507704,24.791987165194314,0.45738206997637065,0.13956760927088585,4,1.2144755626397676,1.0475109521041603,0.18963105824284265,0.0,0.0,0.0,0.08572166906423989,0.1039093891786028
477,1,0,1,0.07093269693017457,4.0,17.322745574377713,24.89432903099849,0.4433396376545898,0.1223655167227226,4,1.2013569780417375,1.0516850673675504,0.1874671492196646,0.0,0.0,0.0,0.08425459393068517,0.10321255528897945
478,1,0,1,0.07089192574770278,4.0,17.3776203285813,25.000091536965023,0.42903412302865324,0.10502089703151056,4,1.2160641253045255,1.0554268651344052,0.18990080590289138,0.0,0.0,0.0,0.08583308775561911,0.10406771814727225
479,1,1,1,0.005881520926501668,4.0,17.432326025535957,25.102183877202556,0.4856392920362122,0.08769940164194047,4,1.2162408338308492,1.0594427966386584,0.19009322012014748,1.0742047381719195,0.0,5.551115123125783e-17,0.08616424778272702,0.10392897233742045
480,1,0,0,-0.169112611511665,3.830887388488335,17.479814355996503,25.19671848347575,0.4714874618250626,0.07050031950475467,4,1.2053856843022035,1.0633627475684628,0.18810547409001188,0.0,0.0,0.0,0.0849109812668971,0.1031944928231148
481,1,1,1,0.006368755452504185,3.8372561439408392,17.42979754328728,25.163125581052732,0.4885690674778664,0.05634189706459267,4,0.9833036058545639,1.0669133209868065,0.1535361297737735,1.3289247709503758,0.0,5.551115123125783e-17,0.06858559513280155,0.08495053464097199
482,1,0,1,0.07137475005359949,3.9086308939944385,17.37547810933649,25.1303457537049,0.4773035068072897,0.0421757316784833,4,0.9777238168098825,1.0648230781085004,0.15259035634011625,0.0,0.0,0.0,0.06759336402345999,0.08499699231665624
483,1,0,1,0.07086579553643067,3.979496689530869,17.43271571217214,25.229692168483844,0.4628918937073323,0.024846603458359734,4,1.2192296141906191,1.062645596576035,0.19044444792048587,0.0,0.0,0.0,0.08646967859974446,0.10397476932074139
484,1,0,1,0.07137726292264893,4.0,17.37497934967551,25.192152922610433,0.45169429884628115,0.010746245419776979,4,0.9712845886463641,1.0665601970163996,0.15178771739780364,0.0,0.0,0.0,0.06718556916630711,0.08460214823149655
485,1,0,1,0.07085428566078837,4.0,17.435146759014074,24.92288417045795,0.4371990605776082,0.0018625185067324055,4,0.8550769639932303,1.0641783068071486,0.14027379109030516,0.0,0.0,0.0,0.08697142961203774,0.10382207781432334
486,1,0,1,0.07135908088411363,4.0,17.386429513070134,24.366862732438868,0.4257704911473732,0.0,4,0.4542120892737765,1.0589507732368006,0.07974652762180444,0.0,0.0,0.0,0.06857141658141001,0.08587875756276726
487,1,1,1,0.006396330694334813,4.0,17.33215203280836,23.7576911641279,0.4887180047586365,0.0,4,0.38038325756497754,1.043832306137725,0.06769197144818055,1.0546229468842392,0.0,5.551115123125783e-17,0.06769197144818055,0.08636711393589273
488,1,0,1,0.0709459849726686,4.0,17.38040908211618,23.1637488850247,0.47461510791015854,0.0,4,0.48156085012803385,1.0272460799234064,0.08461738109086801,0.0,0.0,0.0,0.08461738109086801,0.10694754675127872
489,1,0,1,0.07096708257308451,4.0,17.42440096624307,22.584655162899082,0.460593454946586,0.0,4,0.4785021111797905,1.0136039491785223,0.08412991778143551,0.0,0.0,0.0,0.08412991778143551,0.1086334526686023
490,1,0,1,0.07096235675729864,4.0,17.47250199981552,22.020038783826603,0.44641714240927993,0.0,4,0.48371105772853185,1.0002264032285537,0.08505787522383632,0.0,0.0,0.0,0.08505787522383632,0.11083304080250904
491,1,0,1,0.07104674180418473,4.0,17.50100669305407,21.46953781423094,0.4327902797428738,0.0,4,0.465317243233933,0.9873135195910532,0.08176117599843669,0.0,0.0,0.0,0.08176117599843667,0.10982994505254083
492,1,0,0,-0.1689374508634756,3.8310625491365244,17.52432604662078,20.932799368875166,0.41928188925501675,0.0,4,0.4608445208930636,0.9742636126821252,0.08105034292714222,0.0,0.0,0.0,0.08105034292714222,0.1112182312272704
493,1,0,1,0.07109142247871976,3.902153971615244,17.545817693553943,20.409479384653288,0.40580658815401455,0.0,4,0.4595997980986807,0.9614281353873986,0.08085180660601304,0.0,0.0,0.0,0.08085180660601306,0.11189969589041072
494,1,0,1,0.07142867504459367,3.9735826466598376,17.50397211843538,19.899242400036954,0.394066832972026,0.0,4,0.3967998672202902,0.9488824269551808,0.07043853109193149,0.0,0.0,0.0,0.07043853109193147,0.10039380758961651
495,1,0,1,0.07139423645015532,4.0,17.47351999865557,19.401761340036032,0.38204431539345934,0.0,4,0.40714718318107,0.9350803629618086,0.07213510547140004,0.0,0.0,0.0,0.07213510547140005,0.1036042790950401
496,1,0,0,-0.1688001658143101,3.83119983418569,17.483982321721236,18.91671730653513,0.3689389882074063,0.0,4,0.4473003230320584,0.9218820334672899,0.07863196311631822,0.0,0.0,0.0,0.07863196311631822,0.1117813153372802
497,1,0,0,-0.16873579165013078,3.6624640425355595,17.482502767006963,18.443799373871748,0.35615361492748465,0.0,4,0.43562000332875894,0.9100174907064092,0.07671223967953011,0.0,0.0,0.0,0.07671223967953011,0.11126555218919712
498,1,0,1,0.07148852344470613,3.7339525659802657,17.44310332515586,17.982704389524958,0.3443946249721548,0.0,4,0.39766312732406794,0.8981575535219679,0.07055393973197874,0.0,0.0,0.0,0.07055393973197874,0.10441556735830229
499,1,0,1,0.07132442867750656,3.8052769946577722,17.43807167840467,17.533136779786833,0.33176877440670466,0.0,4,0.43104593637770483,0.8856451928670204,0.0757551033927006,0.0,0.0,0.0,0.07575510339270061,0.110591484038221
500,1,1,1,0.006357195792983161,3.8116341904507554,17.42740520118928,17.094808360292163,0.4875281076409297,0.0,4,0.4252853147447305,0.8742802114547875,0.0748313541544217,0.49061264644022806,0.0,0.0,0.0748313541544217,0.11027568312415229
501,1,0,1,0.07149333148149949,3.8831275219322547,17.394802064371458,16.66743815128486,0.47561655620317245,0.0,4,0.4030819932119083,0.8630553390370361,0.07146930862654371,0.0,0.0,0.0,0.07146930862654373,0.1065401917602458
502,1,0,1,0.07153780894055739,3.954665330872812,17.35713513220222,16.250752197502738,0.46389752081986985,0.0,4,0.3972031194400494,0.851556005391408,0.07031421229981584,0.0,0.0,0.0,0.07031421229981584,0.10533779700732045
503,1,0,1,0.07151274403387987,4.0,17.32816325943339,15.84448339256517,0.4519416780555486,0.0,4,0.4049565055362261,0.8401971832426239,0.07173505658592724,0.0,0.0,0.0,0.07173505658592726,0.10713177227627046
504,1,0,1,0.07145833116551734,4.0,17.308676840628983,15.44837130775104,0.4398365548127638,0.0,4,0.41371766268142823,0.829316166299964,0.07263073945670828,0.0,0.0,0.0,0.07263073945670828,0.10834481125596264
505,1,2,1,0.0065470364268084315,4.0,17.279668743755245,15.812791328193143,0.42791713073123955,0.23215430302268372,4,1.1543381272778628,0.8189262037095006,0.17859072635304302,0.0,0.0,0.0,0.07151654448914556,0.10707418186389742
506,1,0,1,0.07148906038436746,4.0,17.261114238978728,16.166864552040373,0.41580827757245437,0.21431888419922707,4,1.162830220869427,0.8273115017987097,0.17966563189345108,0.0,0.0,0.0,0.07265311895271112,0.10701251294073999
507,1,2,1,0.0065589071733095985,4.0,17.23139955665209,16.49818236892732,0.40395350111989187,0.4468247088452457,4,1.1373026043357861,0.8356994697754776,0.17609371083926362,0.0,0.0,0.0,0.07112865871537548,0.10496505212388815
508,1,0,1,0.0715391249894093,4.0,17.212429277395586,16.813570701318866,0.3918205751848987,0.4295066249539879,4,1.139657601274528,0.8432395481394853,0.1767060589575057,0.0,0.0,0.0,0.07279755560995874,0.10390850334754698
509,1,0,1,0.07143625918998314,4.0,17.20412932291304,17.14607724751444,0.37944191787120535,0.41158724158105026,4,1.1748565911808873,0.8506499994678614,0.18178824411978586,0.0,0.0,0.0,0.07427194388216019,0.10751630023762569
510,1,0,0,-0.1685991516174844,3.8314008483825157,17.202286328426396,17.47628875812736,0.36688701553718167,0.3935313329320697,4,1.1871236803869665,0.8587551642606871,0.18366486589802536,0.0,0.0,0.0,0.0753294140041419,0.10833545189388342
511,1,0,1,0.07152502018373087,3.9029258685662467,17.182690848833868,17.76539041274242,0.3547912624425725,0.37625992821796483,4,1.1364705521863774,0.866964377163844,0.17620294685228458,0.0,0.0,0.0,0.07257451856765508,0.10362842828462951
512,1,0,1,0.07151696095403864,4.0,17.16491969308173,18.045028391505532,0.34266625331524186,0.35904153367682295,5,1.1355688545503722,0.8737020315394074,0.17606042201083513,0.0,0.0,0.0,0.07275005476398408,0.10331036724685108
513,1,0,0,-0.16849023405487593,3.8315097659451243,17.147648937013358,18.31529532543074,0.3305226607212796,0.34188020318932866,5,1.1332448799715213,0.8802487021146814,0.17582953848873875,0.0,0.0,0.0,0.07286155556377297,0.10296798292496578
514,1,0,1,0.07153765272724764,3.903047418672372,17.122979195782378,18.56630661075699,0.3185976044247554,0.3250161866360682,5,1.1129151506563724,0.8865736065611025,0.17273443709870864,0.0,0.0,0.0,0.07155033777914559,0.10118409931956303
515,1,2,1,0.00632819725482337,3.9093756159271953,17.13383515459215,18.8646101359822,0.30570952053136907,0.48185117659212784,5,1.201391629198468,0.8922321451634841,0.18622144380755087,0.4500971198164089,0.0,0.0,0.07732850336031781,0.10889294044723308
516,1,0,1,0.07146348839057913,3.9808391043177744,17.124909050072027,19.113693746746712,0.29334004616085485,0.4647039058967371,5,1.1401186385087418,0.8999611322643588,0.1771004703954294,0.0,0.0,0.0,0.07421684622308526,0.10288362417234413
517,1,0,1,0.07131816801453485,4.0,17.137335898102315,19.393804851796048,0.28037464732021117,0.4466640669002195,5,1.198503023000094,0.9059650699204684,0.18603142702296807,0.0,0.0,0.0,0.07779239304386203,0.10823903397910603
518,1,0,1,0.07127215696626628,4.0,17.15405070016036,19.672975197084106,0.26728388620533083,0.4284763976344244,5,1.2091636660935672,0.913278518747459,0.18767058228405228,0.0,0.0,0.0,0.07854456668928222,0.10912601559477006
519,1,0,1,0.07147462861981234,4.0,17.1359918543901,19.881370116475537,0.2551580584966026,0.4118178649804252,5,1.1110117210522774,0.9206756474311117,0.17270616217636453,0.0,0.0,0.0,0.07275496625236931,0.0999511959239952
520,1,0,1,0.07155616549142606,4.0,17.09934084569283,20.05588196813434,0.24361005855966536,0.3958376067443934,5,1.0632948922331789,0.9254340492716409,0.16516954903781464,0.0,0.0,0.0,0.06928799962162338,0.09588154941619123
521,1,0,0,-0.16876092863584663,3.8312390713641533,17.12525723906944,20.31570117745619,0.2302763315481973,0.3777078034244951,5,1.2146161730441387,0.9288805703456794,0.18878118198819796,0.0,0.0,0.0,0.08000236206880863,0.10877881991938934
522,1,2,1,0.0065841020068606515,3.8378231733710138,17.081464580765918,20.47030373571544,0.21894758302361927,0.4842373001893609,5,1.0468338603688694,0.9360239604131407,0.1625486900113023,0.7662468205469708,0.0,0.0,0.06797249114746806,0.09457619886383427
523,1,0,1,0.07122464825814623,3.90904782162916,17.107701341676965,20.717928183747023,0.20559454131413704,0.46615574965498024,5,1.2126554168546675,0.938794207912034,0.1886075534631776,0.0,0.0,0.0,0.08011825025689345,0.10848930320628417
524,1,0,1,0.07119193745855278,3.9802397590877128,17.13972057387546,20.96058355227386,0.19206097357916327,0.4480453245747967,5,1.22031533886093,0.9456407381355999,0.18986395689094424,0.0,0.0,0.0,0.08120140640984276,0.10866255048110146
525,1,0,1,0.07150053922884259,4.0,17.10882084696324,21.104385159038294,0.1803408923985245,0.4321563866692873,5,1.0654094830059486,0.9525076031537332,0.1656541145168886,0.0,0.0,0.0,0.07032048708383239,0.09533362743305623
526,1,0,1,0.07114086532644269,4.0,17.146508787717096,21.343024002061846,0.1666366659883842,0.41390789330244093,5,1.2316569339274401,0.9553301501500385,0.19171631866191996,0.0,0.0,0.0,0.08222535846084178,0.10949096020107818
527,1,0,0,-0.1684734548377192,3.831526545162281,17.106358239912986,21.464975501168063,0.15517878713832067,0.39831782369225915,5,1.044039271046584,0.9622383197444736,0.1622876907614721,0.0,0.0,0.0,0.06874727310038124,0.09354041766109088
528,1,0,1,0.07114685296005192,3.902673398122333,17.142492466566615,21.68608001143672,0.1415219960396937,0.3802681928652043,5,1.2215220804493097,0.9642833435270263,0.19023853155409087,0.0,0.0,0.0,0.08194074659176173,0.10829778496232914
529,1,0,1,0.07113427277380929,3.973807670896142,17.17929817078576,21.899897882317624,0.12781927484207323,0.36226016966062646,5,1.2213378870501348,0.9707143119500833,0.19026446641318953,0.0,0.0,0.0,0.08221632718572285,0.10804813922746667
530,1,0,1,0.07149270739375437,4.0,17.140517679096362,22.002373214733574,0.11629259248068648,0.3467941944777266,5,1.0406747420541351,0.9769799013275846,0.1619559452657202,0.0,0.0,0.0,0.06916009416832052,0.09279585109739966
531,1,0,1,0.07109808994794785,4.0,17.181886552652514,22.21057345108926,0.10245650018729667,0.3287296327506945,5,1.228141382257589,0.9785722723457484,0.1914039241225314,0.0,0.0,0.0,0.08301655376033892,0.10838737036219245
532,1,0,1,0.07109609090544246,4.0,17.220712847027265,22.409027538771376,0.08866670555220803,0.31077114746041773,5,1.2220918821504112,0.9848115000935445,0.19048967955219226,0.0,0.0,0.0,0.08273876781053174,0.10775091174166049
533,1,0,1,0.0710677350752383,4.0,17.259246959313963,22.606128583742077,0.0748475027336536,0.2927256626980146,5,1.226378666902367,0.990743509644966,0.19118812548574554,0.0,0.0,0.0,0.08319968486678536,0.10827290857441894
534,1,0,1,0.07107143519417994,4.0,17.165624086527195,22.790969131598725,0.06516028208003537,0.2748547418187101,5,1.087852063646284,0.9966343885764011,0.16534884919753634,0.0,0.0,0.0,0.08280586107754807,0.1072255252758269
535,1,2,1,0.00607605348059343,4.0,17.02318090380598,22.966696996200064,0.05688383423032823,0.48223443347277134,5,1.0321995123332677,0.9989148304531483,0.15625208626161494,0.14912845091226057,0.0,5.551115123125783e-17,0.08373330027294858,0.10659339916337207
536,1,2,1,0.0060280458698175774,4.0,16.745828741664745,23.150223789745194,0.0520318326955036,0.4819487605007409,5,0.9059215789040469,0.9997469475001511,0.137419446204502,1.3934066008366277,0.0,5.551115123125783e-17,0.08550995059211411,0.1083074369955542
537,1,0,1,0.07102187506740373,4.0,16.417660565471675,23.32592356213006,0.04874814865301145,0.46397481431256477,5,0.8449329094770432,0.9974013132852486,0.12754578138401018,0.0,0.0,0.0,0.08719623773799877,0.10784367712905735
538,1,0,1,0.07102749686840715,4.0,16.09803309875193,23.4961393054095,0.045450245647085157,0.44602578716855046,5,0.8441778797497375,0.9935896031900434,0.12748158089964307,0.0,0.0,0.0,0.08823399850834913,0.10769416286408529
539,1,0,1,0.0715406668758422,4.0,15.77615853272086,23.529030059763024,0.04260103623103617,0.4312726209021533,5,0.7008704984264889,0.9898543101040358,0.10561425409467726,0.0,0.0,0.0,0.06692843609015685,0.08851899759838336
540,1,0,1,0.0715178426385808,4.0,15.436098301579236,23.564769039378746,0.04087741599762428,0.4164529308617051,5,0.6783084632861978,0.982629714812097,0.0992598616431603,0.0,0.0,0.0,0.07079697946862133,0.08891814024268897
541,1,0,1,0.07109237741902422,4.0,15.082706209138262,23.715432534475223,0.039974350300443544,0.3988224350379905,5,0.7722930861794531,0.9750216835239496,0.11120136912537253,0.0,0.0,0.0,0.09043172396740327,0.1057829749422881
542,1,0,0,-0.16888647715706856,3.8311135228429314,14.738948312744833,23.854829068356864,0.0390490792216928,0.38136919525736185,5,0.7655921060785476,0.9699534685903372,0.11027106515627653,0.0,0.0,0.0,0.09157465369357902,0.10471943868377206
543,1,0,1,0.07114725683115027,3.902260779674082,14.403557257015361,23.982009650951635,0.03813011666366086,0.36412243388473436,5,0.7566339613928438,0.9648444345275425,0.10899434358395636,0.0,0.0,0.0,0.09128799775483916,0.10348056823576472
544,1,1,1,0.006707055726561566,3.9089678354006434,14.417275348839535,23.967703564125518,0.2771185117215819,0.3501698205869019,5,0.9590511776972315,0.9596391726991749,0.14978530943946866,0.0,0.0,0.0,0.0660696296524736,0.08371567978699508
545,1,0,1,0.07121420402089183,3.980182039421535,14.565249945848986,24.06861075978248,0.2621998913973644,0.3334861206381127,5,1.2085062654905396,0.9596244728241264,0.18961392163803997,0.0,0.0,0.0,0.08951172194530535,0.10010219969273464
546,1,0,1,0.07118410710187456,4.0,14.711940983453925,24.170654360897583,0.24721461045316206,0.3167142626442905,5,1.2145811563608284,0.9658465176407867,0.19054283362814714,0.0,0.0,0.0,0.08991168566521374,0.1006311479629334
547,1,0,0,-0.16832566793161693,3.831674332068383,14.741798812670728,24.141113599172407,0.23553300655181733,0.3030719706504768,5,0.9723819511004119,0.9720648836087877,0.15194337537095057,0.0,0.0,0.0,0.07008962340806842,0.08185375196288214
548,1,0,1,0.07170584696170773,3.9033801790300906,14.761786075905697,24.10551105601953,0.22411348404631837,0.2895696772097982,5,0.9564575303781687,0.9720728102960784,0.14953089567706543,0.0,0.0,0.0,0.06851713503299393,0.08101376064407151
549,1,0,1,0.07176111690371773,3.9751412959338084,14.763977438410818,24.060481218599833,0.21319787718514785,0.27629562298123816,5,0.9288439533835579,0.9716824282981307,0.1451379665383832,0.0,0.0,0.0,0.06549364116702307,0.07964432537136013
550,1,0,1,0.07117640094719327,4.0,14.903389496829718,24.164992498287848,0.19825478682277212,0.259467315916668,5,1.2145348045321813,0.9706114664252663,0.19062838456167525,0.0,0.0,0.0,0.08965854217425433,0.10096984238742093
551,1,0,1,0.07171079918852943,4.0,14.905080133882556,24.11968263943763,0.1871936337162998,0.24615536476455982,5,0.9330903280805586,0.9767095498779392,0.14623862555148284,0.0,0.0,0.0,0.06636691863883391,0.07987170691264894
552,1,0,1,0.07167441126713632,4.0,14.915493614802386,24.094265031293716,0.1759258758767767,0.23241552681261993,5,0.9606149421089176,0.9756190693330047,0.15004557474877817,0.0,0.0,0.0,0.06760654703713861,0.08243902771163958
553,1,0,1,0.07161474235955671,4.0,14.94932589664838,24.080309733113733,0.16395516741654736,0.21843075598144593,5,0.9951209498184198,0.9752439661524026,0.15573287574841976,0.0,0.0,0.0,0.0718242507613758,0.08390862498704396
554,1,0,1,0.07164439847585302,4.0,14.971827394748184,24.063906618975274,0.15229372979163,0.20451529028431922,5,0.9818392747053952,0.9757408907440529,0.15346141993226456,0.0,0.0,0.0,0.06996862574950441,0.08349279418276014
555,1,0,1,0.07113875337101085,4.0,15.111019820337528,24.17595555791703,0.13719977692360016,0.18750391933025656,5,1.2271347148741878,0.9758933503430866,0.19263194293255503,0.0,0.0,0.0,0.09056371720817899,0.10206822572437606
556,1,0,1,0.07170605872947834,4.0,15.105040811591543,24.14454755214057,0.12624358167235014,0.17386355429924819,5,0.9447873699339182,0.982174384456364,0.14757936169355018,0.0,0.0,0.0,0.0657371715075,0.08184219018605018
557,1,0,1,0.07163978303380675,4.0,15.116793329527871,24.123768804814556,0.11478393047076142,0.16000763437781404,5,0.9722134797036155,0.9812397090933028,0.15189342673813705,0.0,0.0,0.0,0.06875790720953222,0.08313551952860485
558,1,0,1,0.07166259255055545,4.0,15.118625381203127,24.102107787007586,0.10359068356576369,0.1461630820608749,5,0.9611850872268471,0.9810140533585607,0.15022679533162148,0.0,0.0,0.0,0.06715948142998646,0.08306731390163503
559,1,0,0,-0.168870849461782,3.831129150538218,15.249577254226427,24.21607359071583,0.08862294883578957,0.12908003237640664,5,1.2254360059368148,0.9805183292052678,0.19230470648665415,0.0,0.0,0.0,0.08980640837984485,0.1024982981068093
560,1,0,1,0.07110794909016632,3.9022370996283846,15.294868801986954,24.327532557705137,0.07632056968709439,0.11198975363649165,5,1.1433917858733884,0.9866412711235566,0.17635594733166118,0.0,0.0,0.0,0.09054669233652489,0.10254167243949011
561,1,0,1,0.07110634846132276,3.9733434480897074,15.126154420381997,24.43139407841143,0.06972999053311317,0.09501570280866227,5,0.9257071730936371,0.9905600339923024,0.1413877798908636,0.0,0.0,0.0,0.09006125290584552,0.10184430496697622
562,1,0,1,0.0711055551568758,4.0,14.935060801494052,24.53272928519258,0.06376999600316698,0.07803855702153646,5,0.8991803003630388,0.9889387124698358,0.13762284190243185,0.0,0.0,0.0,0.09044193806414215,0.10186287472275474
563,1,0,1,0.07161672911597548,4.0,14.649477342489535,24.50092080347464,0.0606920979012705,0.06417058053013987,5,0.6693028114447096,0.9866947521671658,0.10167524755975836,0.0,0.0,0.0,0.06914475107133286,0.08320785894837958
564,1,0,1,0.07162362049070933,4.0,14.33660485174567,24.46734239218719,0.058936211002891585,0.05036080881292181,5,0.6323090516177894,0.9787599536491044,0.09339395169358197,0.0,0.0,0.0,0.06936097522475046,0.08285863030330841
565,1,2,1,0.006687669419105084,4.0,14.012826430818604,24.422573375471913,0.05797408043715339,0.28683418929861254,5,0.6015512434559791,0.9700986810983215,0.08693250048028471,0.0,0.0,0.0,0.0689087266027958,0.08115971708585555
566,1,0,1,0.07166099328093987,4.0,13.700831823214504,24.39798087157734,0.05690946784919879,0.2728916339793872,5,0.6242978836585868,0.9608849951572629,0.09004300744307978,0.0,0.0,0.0,0.07070799218722823,0.08365533191535218
567,1,0,1,0.07122306527490722,4.0,13.389313925155097,24.488276859391046,0.0560482762513945,0.2561969400728674,5,0.7312484071240993,0.9524703173697961,0.10533531302594439,0.0,0.0,0.0,0.09189422205651013,0.1001681634391186
568,1,0,1,0.0718061339521307,4.0,13.090657771155518,24.431323434286966,0.05504614585891395,0.2429539670315971,5,0.5913301905099935,0.9469397696136536,0.08547062060250521,0.0,0.0,0.0,0.06617234810772216,0.07945783824762195
569,1,2,1,0.006264024860778218,4.0,12.795964732618256,24.51337686074436,0.05414132903275768,0.47642932532834203,5,0.7254099180561905,0.9380495301360621,0.10457675117646734,0.0,0.0,0.0,0.09264807429506418,0.09914785021952971
570,1,0,1,0.07164803565648686,4.0,12.516015012565225,24.496936148465586,0.05303162352546812,0.46223536468350296,5,0.6363431075022647,0.9327335398340653,0.09182199691277258,0.0,0.0,0.0,0.07457747576617142,0.08516376386903521
571,1,0,1,0.07129805152961112,4.0,12.23494512655041,24.577044551314234,0.05214744326715378,0.4457259702025604,5,0.7243622958596038,0.9253237790257703,0.10436144843554171,0.0,0.0,0.0,0.09194054037393679,0.09905636688565564
572,1,1,0,-0.23321760338100941,3.7667823966189906,12.325039949522486,24.53091429689053,0.28007804799810465,0.4322111633998656,5,0.9642643104949886,0.9202997419466161,0.1506205528275407,0.06288465960292267,0.0,0.0,0.06953171201137202,0.08108884081616868
573,1,0,1,0.071369731563359,3.8381521281823496,12.52880988248397,24.586966464160977,0.265071509627509,0.4162601684063341,5,1.181220956392258,0.9213988561603256,0.18574520018476215,0.0,0.0,0.0,0.09003923022357356,0.0957059699611886
574,1,2,1,0.006804328691345392,3.844956456873695,12.620585801888643,24.527582162505514,0.25323654613161756,0.4868103324305029,5,0.9602860264153288,0.9278944086661238,0.1501477863923312,0.9975610104380048,0.0,5.551115123125783e-17,0.07100978097534902,0.07913800541698221
575,1,2,1,0.00632141506620842,3.8512778719399035,12.821207763596954,24.59412075246775,0.23807532137178022,0.48380003818336764,5,1.1958647507804037,0.9287041991098539,0.18816711945881773,1.4208619945830177,0.0,5.551115123125783e-17,0.09096734855902405,0.09719977089979367
576,1,0,1,0.07130669808138851,3.922584570021292,13.016404793329855,24.662003834050353,0.22292416701540538,0.4675286986484914,5,1.1984633242171205,0.9353832129016175,0.188534963347507,0.0,0.0,0.0,0.090906926138249,0.097628037209258
577,1,2,1,0.006756188965544354,3.9293407589868363,13.097657439253918,24.60450179032691,0.2110184094487448,0.4867182277026303,5,0.9657108178851281,0.9419602156845053,0.1511251791841816,1.3051721918909482,0.0,0.0,0.0714345453999634,0.0796906337842182
578,1,0,1,0.07128594514664509,4.0,13.283402162060614,24.672481838590148,0.19595756263135686,0.470436004738679,5,1.196278751809456,0.9425539807395208,0.18805841868803552,0.0,0.0,0.0,0.09036508090432774,0.0976933377837078
579,1,0,1,0.07164095406965658,4.0,13.376566580800294,24.64248640360541,0.18348886858040184,0.456476753095707,5,1.0120660837712148,0.9488971000162691,0.15856767416356254,0.0,0.0,0.0,0.0748121643057302,0.08375550985783234
580,1,0,1,0.0712121896398618,4.0,13.570070661427195,24.71863256912141,0.16797153903056536,0.43997885613481214,5,1.2201265707530404,0.9504763246101428,0.19209135906438785,0.0,0.0,0.0,0.09310397729901883,0.09898738176536905
581,1,0,1,0.07124584007718247,4.0,13.74513044980869,24.78771837457213,0.15285140962931135,0.4236052074141128,5,1.2013631745959303,0.9572175807637153,0.18896266873172013,0.0,0.0,0.0,0.09072077640752407,0.0982418923241961
582,1,0,1,0.07170590700276787,4.0,13.79171085921946,24.734378361625474,0.1413853670567382,0.4101303008761789,5,0.9565616170736313,0.9633212206095206,0.14964569466304203,0.0,0.0,0.0,0.06879625543543867,0.08084943922760335
583,1,0,1,0.07173200403285487,4.0,13.824998249859108,24.679192867882378,0.13027110094333902,0.39672122871602594,5,0.9412541274176764,0.9631522305211233,0.14714002964131262,0.0,0.0,0.0,0.06668559668039532,0.08045443296091731
584,1,0,1,0.07117944971041625,4.0,14.004009762369238,24.76067916277306,0.11485522960555984,0.38007122275205923,5,1.2231025853443456,0.9626047779435373,0.1923952638104757,0.0,0.0,0.0,0.09249522802667498,0.0999000357838007
585,1,0,1,0.07165343548259001,4.0,14.054166000702823,24.718059829663975,0.10310378686015072,0.36637581551994963,5,0.9766541283530583,0.9691172231285575,0.15268109986511202,0.0,0.0,0.0,0.07050865647245456,0.08217244339265745
586,1,0,1,0.07169532128180951,4.0,14.084960284828043,24.67041683523899,0.09184453905648367,0.3527891483358563,5,0.9524569354594037,0.96930564575917,0.14907548992656217,0.0,0.0,0.0,0.06755548682200234,0.08152000310455983
587,1,0,0,-0.16829152394223512,3.8317084760577647,14.086524808809443,24.62285672513645,0.08153121329662107,0.3392341151387992,5,0.9228888418805383,0.9688844280016757,0.14321015374151846,0.0,0.0,0.0,0.06711516237129343,0.0813301991823428
588,1,0,1,0.07118899135545363,3.902897467413218,13.95760374215569,24.704348760203487,0.07463692633033661,0.322616541492713,5,0.9203055067619312,0.9677345383486473,0.1410711636742238,0.0,0.0,0.0,0.091384982235357,0.09970544187651703
589,1,0,1,0.07175170056892635,3.9746491679821445,13.747941733458358,24.64825404160544,0.07018320165598871,0.30923148194386324,5,0.7007920852636027,0.9665488125589795,0.1070327053391859,0.0,0.0,0.0,0.06523291686931278,0.0803103572930985
590,1,0,1,0.07170009939431903,4.0,13.534348899642039,24.6076801825333,0.06593035207993209,0.2955295059499273,5,0.7057382014881339,0.9599048943765951,0.10772895341995621,0.0,0.0,0.0,0.06930210772081105,0.08221185596361644
591,1,0,1,0.07123538504021927,4.0,13.284665062709013,24.683778120609112,0.06271188722353371,0.2790461645645063,5,0.7799648281971712,0.9535507270543835,0.11821083745091561,0.0,0.0,0.0,0.09212339931522462,0.09890004831252538
592,1,0,1,0.07121705904516415,4.0,12.983837004597822,24.763397004714296,0.06184276032196332,0.26243430795914113,5,0.7280019055769432,0.9492110795829531,0.1048859010416134,0.0,0.0,0.0,0.09311922549686995,0.09967113963219106
593,1,0,1,0.07126278372428746,4.0,12.691803702955776,24.830503101726563,0.06093824300327169,0.246069577422059,5,0.7187536456030257,0.943680850232803,0.10361548713464275,0.0,0.0,0.0,0.09292913824206712,0.09818838322249299
594,1,0,1,0.07186979978014411,4.0,12.409820853559875,24.748316744614392,0.05995734735943858,0.23321725946729396,5,0.5738884636089852,0.9380576701170585,0.082999281591589,0.0,0.0,0.0,0.06515918328194598,0.07711390772859028
595,1,0,1,0.07185601367368255,4.0,12.133845430335224,24.679171422356433,0.0590054001895956,0.22010802943968896,5,0.5838326944717456,0.9289534399543566,0.08436706318468795,0.0,0.0,0.0,0.06538854606169214,0.0786553801656301
596,1,0,1,0.07134018684294484,4.0,11.863238967838347,24.739734213392087,0.05809596482122048,0.20394699323975238,5,0.7102817498560725,0.9203254213172913,0.1024228294098701,0.0,0.0,0.0,0.09188432576654475,0.09696621719961937
597,1,0,1,0.07136824955882197,4.0,11.598326630715658,24.793636894897563,0.05721628045807418,0.1879100974972369,5,0.7040646739135441,0.915074329530761,0.1014994806339704,0.0,0.0,0.0,0.09148934513527807,0.09622137445509256
598,1,0,1,0.07185538347028785,4.0,11.344651443650971,24.72526255087995,0.05620841993854068,0.17479146222161213,5,0.5877495570580331,0.9097990881403306,0.08475897477094983,0.0,0.0,0.0,0.06913150995625852,0.07871181165374884
599,1,0,1,0.0719888082337174,4.0,11.095250670419974,24.63451894447733,0.05525798902575518,0.1622150568456688,5,0.561603470229656,0.901747849863273,0.081161017732373,0.0,0.0,0.0,0.06384312075473547,0.07545843225566001
600,1,0,1,0.07145328003992067,4.0,10.848471811780524,24.681858654369947,0.05440792213350384,0.14639340476921262,5,0.6938050916255953,0.8932442403724326,0.10003031381224535,0.0,0.0,0.0,0.08950332592019133,0.09492991245873725
601,1,0,1,0.07196285758983086,4.0,10.612421409980211,24.597453782659915,0.05343121675866491,0.1337175696294946,5,0.5678029881434212,0.8882582616537618,0.08191524308734151,0.0,0.0,0.0,0.06721444190687541,0.07605501083830797
602,1,0,1,0.07195672067122597,4.0,10.382426745955541,24.524586715908924,0.052450220335752834,0.12081087581437966,5,0.5773851490403431,0.8802468798160032,0.08332614142816204,0.0,0.0,0.0,0.06783370352390744,0.07744016289068958
603,1,0,1,0.07193327132325938,4.0,10.157361093742743,24.460457522781155,0.051492025434750316,0.10772241686150937,5,0.5834804912060441,0.8726753365466116,0.08427992312323684,0.0,0.0,0.0,0.0691850224522205,0.07853075371722174
604,1,0,0,-0.16844731642246172,3.8315526835775384,9.933196817586392,24.505589888058026,0.05066508790177204,0.0920529797595996,5,0.6864135545336181,0.8654454654130974,0.09897824780932818,0.0,0.0,0.0,0.08622632332247393,0.09401662261145857
605,1,0,1,0.07160426524233611,3.9031569488198747,9.714212812859943,24.54143575602792,0.0498499235764051,0.07657552474860119,5,0.6778315308845542,0.8609696676411105,0.09775571601819223,0.0,0.0,0.0,0.08495693238336242,0.09286473006599055
606,1,0,1,0.07159741277777673,3.9747543615976513,9.499772399164424,24.57793229738357,0.04906062061457229,0.061063158944062335,5,0.6784473418823269,0.8563912142221964,0.09781001259822987,0.0,0.0,0.0,0.08481823652432025,0.09307419482723303
607,1,1,1,0.00710265995281247,3.981857021550464,9.624534786019488,24.479507410046963,0.28109246040258085,0.048772899896571326,5,0.8782801169321601,0.8519426174136999,0.13718679186946103,0.04436372368743369,0.0,0.0,0.06344523758451498,0.07374155428494605
608,1,0,1,0.07156361286105745,4.0,9.865528711235788,24.524732070034382,0.26702940319124147,0.03310345155241739,5,1.1388196401053778,0.8526010549016614,0.1783950333329596,0.0,0.0,0.0,0.08437834326803598,0.09401669006492362
609,1,0,1,0.0720049071860154,4.0,10.000332505405247,24.444179898635266,0.25592981979607987,0.020434812474647734,5,0.9140081423020981,0.8597565195317542,0.1426093348375876,0.0,0.0,0.0,0.06659750037096966,0.07601183446661795
610,1,0,0,-0.167977979544533,3.832022020455467,10.118255038023834,24.32760377143756,0.24520412594052743,0.008800597916851307,5,0.862459215521894,0.8611128101010128,0.1341594504800932,0.0,0.0,0.0,0.06435416313331464,0.07536255965539274
611,1,0,1,0.07151628396605159,3.9035383044215184,10.358884033104278,24.09957012550184,0.2307684264401035,0.0,5,0.8737418193812634,0.8611464702365348,0.1394177845036514,0.0,0.0,0.0,0.08661419700254358,0.09596437240438532
612,1,0,1,0.07151732271979822,3.9750556271413164,10.59296893261817,23.4970808723643,0.21635048297873596,0.0,5,0.4930570003414993,0.8614613539651531,0.08650766076820518,0.0,0.0,0.0,0.08650766076820518,0.0962138861956774
613,1,0,1,0.07152961684918786,4.0,10.817716783196389,22.90965385055519,0.20204055416352526,0.0,5,0.4895720738936724,0.8522512451245617,0.08585957289126449,0.0,0.0,0.0,0.0858595728912645,0.09758722778283939
614,1,0,1,0.07154140339442036,4.0,11.039264685062026,22.336912504291313,0.18764837766248302,0.0,5,0.49199082144554707,0.8431842658437895,0.08635305900625324,0.0,0.0,0.0,0.08635305900625324,0.09861899887859778
615,1,0,1,0.07196041349910844,4.0,11.161057492228236,21.778489691684026,0.17600378264215052,0.0,5,0.39777442429276144,0.8344044297338336,0.06986757012199504,0.0,0.0,0.0,0.06986757012199504,0.0823416716204018
616,1,0,0,-0.16803305399448235,3.8319669460055175,11.277045535201186,21.234027449391927,0.16443670782961275,0.0,5,0.3950144802786564,0.8234886795978067,0.0694024488752265,0.0,0.0,0.0,0.0694024488752265,0.0841456919553144
617,1,0,1,0.07192662473998482,3.9038935707455025,11.403606161176967,20.70317676315713,0.1524707331779537,0.0,5,0.4084867643558113,0.8127768246148279,0.07179584790995439,0.0,0.0,0.0,0.07179584790995439,0.0875344531420013
618,1,1,1,0.006845473795471705,3.910739044540974,11.546832929132183,20.1855973440782,0.3584515938773741,0.0,5,0.4283169219846401,0.8026695731083525,0.07525130882334141,0.18886352698013642,0.0,5.551115123125783e-17,0.07525130882334141,0.09264421579818184
619,1,1,1,0.006790024093909326,3.917529068634883,11.696951206997694,19.680957410476246,0.4871630416631542,0.0,5,0.43878910109381547,0.7933107568302596,0.07702175002107482,0.6507095632642443,0.0,5.551115123125783e-17,0.07702175002107482,0.09546572779917273
620,1,1,0,-0.23339592260161854,3.6841331460332647,11.877868891532867,19.18893347521434,0.48620557464653497,0.0,5,0.47334146471011557,0.7844477154368485,0.08276655212079041,1.422978249978925,0.0,0.0,0.08276655212079041,0.10387924428321069
621,1,2,1,0.006647951938833795,3.6907810979720983,12.045146569804103,19.432611782928024,0.47268169276907407,0.23276504838308387,5,1.1876260451536038,0.7766700591686804,0.1845530009662616,0.0,0.0,0.0,0.08114329126476477,0.10340970970149681
622,1,0,1,0.07166506358525616,3.7624461615573543,12.202421608868327,19.657592522862565,0.4593177670991156,0.215819566566349,5,1.1691997378170667,0.7869439588183034,0.18185644492016034,0.0,0.0,0.0,0.08018355401975122,0.10167289090040912
623,1,0,1,0.07162015637713295,3.834066317934487,12.364686655118732,19.881879217710036,0.4456927890123918,0.19875958921633066,5,1.1830520943911478,0.7965003532932724,0.1841097326204531,0.0,0.0,0.0,0.08174986852034298,0.1023598641001101
624,1,0,0,-0.16825064194057496,3.6658156759939122,12.495920868987536,20.053370253335665,0.4328009574966143,0.18282946704688108,5,1.1088893963151472,0.8061641468207192,0.17293172211136237,0.0,0.0,0.0,0.07735098909466484,0.0955807330166975
625,1,0,1,0.07171138185559958,3.737527057849512,12.633071084506891,20.228228848530584,0.41963851155045145,0.1667200488506696,5,1.1257410887723605,0.8137322780580799,0.17563118485424606,0.0,0.0,0.0,0.07897467567697712,0.09665650917726896
626,1,0,1,0.07171437720431305,3.809241435053825,12.763293174847567,20.395325366902956,0.4065752239740877,0.15069543674290006,5,1.118851107038983,0.821532498325937,0.17452739810479986,0.0,0.0,0.0,0.07837972545818275,0.09614767264661711
627,1,0,0,-0.1683311247641851,3.64091031028964,12.89884215279671,20.56465966279986,0.39326238198223495,0.1345203052497127,5,1.1338487373898092,0.8289654635437632,0.17692784091024052,0.0,0.0,0.0,0.07987705195111656,0.09705078895912395
628,1,1,0,-0.2334648631832626,3.4074454471063773,13.047302805428899,20.771630060515186,0.4862446385657082,0.11734654480272531,5,1.1920185957374283,0.8365875453899143,0.18557473128767488,0.8595742918934094,0.0,0.0,0.08253216860575031,0.10304256268192455
629,1,2,1,0.006475859738546273,3.4139213068449235,13.201944094582764,20.979578538144388,0.47219972618528633,0.3500232875617382,5,1.2080630884316683,0.8454733216486021,0.18820901772845477,0.0,0.0,0.0,0.08426947428253184,0.10393954344592292
630,1,0,1,0.07162261793023207,3.4855439247751554,13.330420656450716,21.122964569437062,0.4587616117914677,0.33410081486150167,5,1.1264006589788074,0.8545380658181788,0.17616352256433046,0.0,0.0,0.0,0.08062868636291146,0.09553483620141898
631,1,0,1,0.07145881444690037,3.557002739222056,13.477978865115283,21.313452669359343,0.44470566243835435,0.3169736255019659,5,1.1993809392340413,0.8613346306471945,0.1870988322758947,0.0,0.0,0.0,0.0843356961186801,0.10276313615721458
632,1,0,1,0.07164035561235586,3.6286430948344117,13.58718275181475,21.434471929751187,0.4316176252123755,0.30139851858873096,5,1.100008935453176,0.8697857883618657,0.17197886483528238,0.0,0.0,0.0,0.07852822335587308,0.09345064147940933
633,1,0,1,0.07143961685939859,3.70008271169381,13.72740120161843,21.61469768046833,0.4175886163553242,0.2843378382335097,5,1.1959855675599718,0.8755413670391484,0.18653813527363577,0.0,0.0,0.0,0.08417405314230815,0.10236408213132761
634,1,0,1,0.07163860808631166,3.771721319780122,13.825128086855521,21.719966593108857,0.4046477993247664,0.268964730292143,5,1.0865482699297884,0.883552472052169,0.16988354983154633,0.0,0.0,0.0,0.07764490218334645,0.09223864764819989
635,1,0,1,0.07161571093851522,3.843337030718637,13.920896100575826,21.830175816905594,0.391700612232561,0.2534215336990163,5,1.0946046045161473,0.8886273669991094,0.17094230211199332,0.0,0.0,0.0,0.07768312255323293,0.0932591795587604
636,1,0,1,0.07135573536706832,3.914692766085705,14.062980838669844,22.007891096062025,0.37737210356818757,0.2361935871543408,5,1.2135768151874864,0.8937767979370355,0.18933873125429326,0.0,0.0,0.0,0.08597105198624014,0.10336767926805314
637,1,0,1,0.07170614054075368,3.9863989066264587,14.128528950388088,22.074883839197053,0.3651363417529185,0.2215094742729878,5,1.0343126532215692,0.9017717983682968,0.16151924817973318,0.0,0.0,0.0,0.07341457089161499,0.0881046772881182
638,1,0,1,0.07168912463299686,4.0,14.19390543945013,22.143262439811878,0.3528528392817367,0.206754065961842,5,1.0388404094164976,0.9050853197396285,0.16223346469396524,0.0,0.0,0.0,0.0737010148270906,0.08853244986687463
639,1,0,1,0.07129975613888433,4.0,14.335969811420876,22.317481048837145,0.33830626893376353,0.18941622137630107,5,1.2247121779775612,0.9084291969815503,0.19130648960108454,0.0,0.0,0.0,0.08727942208783869,0.10402706751324584
640,1,0,0,-0.1684284040676312,3.8315715959323686,14.417498031657068,22.408231538984655,0.32539523564523887,0.17398445876129554,6,1.0886149818901536,0.9163362715064506,0.17005677542118122,0.0,0.0,0.0,0.0774661997311481,0.09259057569003311
641,1,1,1,0.006263106056806926,3.8378347019891756,14.55865432826594,22.577692271615852,0.4852947162163616,0.15660233091102646,6,1.2312602685061071,0.9206432392660432,0.19252446980344456,0.4523714138714333,0.0,5.551115123125783e-17,0.08823170270183009,0.10429276710161445
642,1,0,1,0.07161294085453883,3.9094476428437144,14.620214062163267,22.635407667330966,0.47279240648725823,0.14180340170731404,6,1.0476837946094903,0.9284086649970448,0.1638074335968946,0.0,0.0,0.0,0.07501385837462017,0.08879357522227442
643,1,1,0,-0.23376110231306702,3.6756865405306476,14.749436340265472,22.798665807080866,0.48551805761854866,0.12444535853210013,6,1.2238709610894611,0.9313905432373559,0.1910399133399918,1.3367544389235495,0.0,0.0,0.08689165428870828,0.10414825905128353
644,1,0,1,0.07159171145379147,3.747278251984439,14.805585850238089,22.84948591604045,0.47303429410489356,0.10968071505992012,6,1.0456721726158573,0.9387025536836586,0.1634904419150105,0.0,0.0,0.0,0.07490258108193049,0.08858786083308
645,1,0,1,0.07120786766581384,3.818486119650253,14.930827397401746,23.008731735729974,0.45853839815203984,0.09228935597340497,6,1.2258641610101428,0.9413767941569636,0.1913235302362132,0.0,0.0,0.0,0.08697537571712219,0.10434815451909102
646,1,0,0,-0.16844566796201482,3.650040451688238,14.9850382528907,23.055809407093772,0.44595637420515444,0.07749726823464108,6,1.0497775051810436,0.948488978328293,0.16424467011389565,0.0,0.0,0.0,0.07549214368131231,0.08875252643258331
647,1,0,1,0.07117495423986185,3.7212154059281,15.111307386323524,23.21254679977482,0.4312861404334527,0.06004267242724961,6,1.2340277176134864,0.9510211914996117,0.19274897747455907,0.0,0.0,0.0,0.08802140263021027,0.1047275748443488
648,1,0,1,0.07115496371151572,3.792370369639616,15.231732618374048,23.364703292313422,0.4166861586936623,0.04260030823638042,6,1.230678079241586,0.9580963546524588,0.19225407558395785,0.0,0.0,0.0,0.08759989043874275,0.10465418514521513
649,1,2,1,0.006596193646908259,3.798966563286524,15.2595373230981,23.38021484012795,0.40463674906061914,0.2783538659218206,6,1.0082271503057676,0.9649108977671869,0.15777511168561725,0.0,0.0,0.0,0.07229645779825866,0.08547865388735859
650,1,0,1,0.07155336479054868,3.870519928077073,15.301206623742917,23.40795035858251,0.3922062139248925,0.2637975400932861,6,1.035398623180025,0.9659938040806514,0.16192116578556717,0.0,0.0,0.0,0.07458321081435998,0.08733795497120724
651,1,0,0,-0.1688606649619596,3.701659263115113,15.417793701004335,23.54975626006693,0.377568139655254,0.24647846892742428,6,1.2261219033039727,0.9677289245581358,0.19174287261300194,0.0,0.0,0.0,0.08782844561783086,0.10391442699517106
652,1,0,1,0.07160981153514183,3.773269074650255,15.444492008692654,23.55577457071042,0.36545069950263365,0.23234199322998206,6,1.0069053673585886,0.9741887490267818,0.15752349510037558,0.0,0.0,0.0,0.07270464091572235,0.08481885418465322
653,1,0,1,0.07117267011717562,3.8444417447674306,15.54942261638312,23.681988724169372,0.3510524005788325,0.215304717692119,6,1.206151425634494,0.9750066644850768,0.18861344676998507,0.0,0.0,0.0,0.08638979354280668,0.10222365322717841
654,1,0,1,0.07112172949249206,3.9155634742599226,15.660121888421003,23.814686348191696,0.33639403223857145,0.19803824754197744,6,1.2241821795740253,0.9807852835138123,0.19154903094241593,0.0,0.0,0.0,0.08795021004156678,0.10359882090084914
655,1,1,1,0.006107348491516668,3.921670822751439,15.764584579423449,23.940682054233317,0.4854526013420051,0.1808538992305391,6,1.2173286029593795,0.9868702059153176,0.19039048181659976,0.5183641934314285,0.0,5.551115123125783e-17,0.08728439194796955,0.10310608986863018
656,1,0,1,0.07151243136001176,3.993183254111451,15.78506942712312,23.941746318632696,0.4732631498146859,0.16661283932337645,6,1.0141807779404715,0.9926316658414192,0.15858306860689056,0.0,0.0,0.0,0.07313670916391452,0.08544635944297602
657,1,0,1,0.07157214050138788,4.0,15.785307380030353,23.929969124847123,0.461644252742365,0.1526988413985986,6,0.9816311527655521,0.9931703936438956,0.1531973699825929,0.0,0.0,0.0,0.0697133824339259,0.083483987548667
658,1,0,1,0.07148715409687458,4.0,15.809766366165647,23.939837884027376,0.4493020241047933,0.13825003463399643,6,1.027209657937489,0.9928819126219369,0.16074621241304282,0.0,0.0,0.0,0.07405337182542977,0.08669284058761305
659,1,0,1,0.07153030385448564,4.0,15.820054222551557,23.938324517774408,0.4373491939700264,0.12408267599992834,6,1.0025145963877624,0.9937401062548257,0.1567211326130103,0.0,0.0,0.0,0.07171698080860175,0.08500415180440854
660,1,0,1,0.07106386920698034,4.0,15.921572487496666,24.06747230656649,0.4227975806044277,0.10675349330237242,6,1.2246255222453415,0.9939594685081491,0.19128477637892838,0.0,0.0,0.0,0.08730968019359282,0.10397509618533557
661,1,2,1,0.006486351515360863,4.0,15.934716090070696,24.06674415885967,0.410665235407556,0.3424863523904127,6,1.0121415747187898,0.9997261198515789,0.15839691665298788,0.0,0.0,0.0,0.0727940711812296,0.08560284547175828
662,1,0,1,0.07155712927479044,4.0,15.940588787653855,24.05216973261107,0.3987704135664858,0.3285501090951949,6,0.9913347775578215,1.0000365062232592,0.1549863908177281,0.0,0.0,0.0,0.07136893104642138,0.08361745977130673
663,1,0,1,0.07109204725008092,4.0,16.034401109165834,24.16412377257442,0.38434022453823485,0.3115565361618265,6,1.2055853244819523,0.9998189630066232,0.1885425717697163,0.0,0.0,0.0,0.08658113416950555,0.10196143760021073
664,1,0,1,0.07165239213893952,4.0,16.009923537687786,24.127129778998714,0.37326420867714455,0.2980985341939832,6,0.943491556989756,1.0049631220435065,0.14720410697360092,0.0,0.0,0.0,0.06645609516654163,0.08074801180705932
665,1,0,1,0.07107120195340697,4.0,16.10566089044326,24.23809781069024,0.3587162719298063,0.28108378197070266,6,1.2101317173641521,1.0034263329171627,0.18937613382371246,0.0,0.0,0.0,0.08728762048402926,0.10208851333968318
666,1,0,1,0.07163229359185795,4.0,16.071302746605703,24.200887942104416,0.34786539084190116,0.26757179196791736,6,0.9370259551049589,1.0085939675283375,0.1461772265441434,0.0,0.0,0.0,0.06510528652743125,0.08107194001671213
667,1,0,1,0.07106761176873479,4.0,16.167309393488733,24.310298986400515,0.333249138140333,0.25054804709295214,6,1.2122224583968833,1.006804767217753,0.1898399854592,0.0,0.0,0.0,0.08769751620940877,0.10214246924979126
668,1,0,1,0.07147628848683324,4.0,16.1742780983559,24.30001504541427,0.32111284260671547,0.23635249852051657,6,1.0086249733781503,1.0119402094972312,0.1579910646363188,0.0,0.0,0.0,0.07281777320170535,0.08517329143461344
669,1,0,1,0.0710515209299479,4.0,16.264170737872767,24.408606543252496,0.3066021305981194,0.21928681646978485,6,1.2103414659493517,1.0118573285942543,0.18945836435596713,0.0,0.0,0.0,0.0870642720515766,0.10239409230439053
670,1,0,1,0.07150043065992667,4.0,16.258316292403475,24.391688962228226,0.2947663519809676,0.20519428191293212,6,0.994047405534567,1.0168194320281319,0.15556987904402653,0.0,0.0,0.0,0.07101467170291047,0.08455520734111607
671,1,0,1,0.0715365244397757,4.0,16.245225946294994,24.364977984687187,0.28317759368639434,0.1913544257850249,6,0.9764488077162756,1.0162501313657923,0.15257168653488326,0.0,0.0,0.0,0.06953254976743978,0.08303913676744347
672,1,0,1,0.07102855342100904,4.0,16.33746388446316,24.47475496602901,0.26852944344878105,0.1742158869418863,6,1.2172700177845388,1.0152550982745545,0.19072013448451122,0.0,0.0,0.0,0.08788890142567968,0.10283123305883152
673,1,0,1,0.07153623110098153,4.0,16.306926786548452,24.445665401716344,0.2573634697558483,0.16035125850175416,6,0.960678809034933,1.0203054712623043,0.15018361279838913,0.0,0.0,0.0,0.06699584215759657,0.08318777064079255
674,1,0,1,0.07099429907632485,4.0,16.403048203667588,24.55655197001298,0.24253533982141487,0.14313793297524494,6,1.2258227901223924,1.01881480470662,0.19224873276565618,0.0,0.0,0.0,0.0889687796066006,0.1032799531590556
675,1,1,1,0.0064856578389279,4.0,16.377723974897147,24.541304823359354,0.46211479450230347,0.1288874422543681,6,0.9834186289179498,1.0239900043420143,0.15365762481223266,0.1143685914276964,0.0,0.0,0.06815468048697168,0.08550294432526098
676,1,0,1,0.07099583076166456,4.0,16.463736736901144,24.649050279458248,0.4475962589146449,0.11170852055010531,6,1.2167339380593,1.0229757199564127,0.190184743751529,0.0,0.0,0.0,0.08711121352595223,0.10307353022557679
677,1,0,1,0.07150059107309462,4.0,16.445295013118532,24.617926571042595,0.4360121154382745,0.09783110463143511,6,0.9782542432107196,1.0278196754089848,0.15276935637024275,0.0,0.0,0.0,0.06950486085822158,0.08326449551202116
678,1,0,0,-0.1690172772725184,3.8309827227274815,16.528792139482448,24.725677529747827,0.4215103518247357,0.08060291995023415,6,1.217828624673172,1.0265805396040282,0.1903796897684389,0.0,0.0,0.0,0.08701058168123313,0.10336910808720576
679,1,0,1,0.07149135150064194,3.9024740742281234,16.49534177045785,24.6862022793213,0.4102256685774615,0.06683898348362437,6,0.9584361222796337,1.0313617417307568,0.15029171828330357,0.0,0.0,0.0,0.06770809948364484,0.08258361879965871
680,1,0,1,0.0714950207871061,3.9739690950152293,16.46553931647268,24.656647327287146,0.39892565591928236,0.0528822624492049,6,0.9701811952251569,1.0295386012444787,0.1515404021555918,0.0,0.0,0.0,0.06780007594907504,0.08374032620651675
681,1,0,1,0.07156222608289382,4.0,16.419516762342408,24.59151747829715,0.38805328080146834,0.03976424363661713,6,0.9169022629737227,1.0280546660939955,0.1439423635824105,0.0,0.0,0.0,0.06523425070688381,0.07870811287552666
682,1,1,1,0.0059755563209639,4.0,16.50516379762687,24.705415254900906,0.4854634034718943,0.022401687934238593,6,1.2248206679042175,1.025275856015989,0.19139491338290512,0.8283196848088104,0.0,5.551115123125783e-17,0.08721957916863389,0.1041753342142712
683,1,0,1,0.07093865356140573,4.0,16.593564410345166,24.817637205818052,0.47079040979251513,0.0050194402292941115,6,1.2308870399486298,1.0302644763131945,0.192331448305942,0.0,0.0,0.0,0.08803796207627511,0.10435856500628662
684,1,0,0,-0.16854540915527613,3.8314545908447237,16.567018222848574,24.36236316448896,0.4593219980477154,0.000817351019740324,6,0.5534598115783951,1.0352800404040805,0.09402300572612143,0.0,0.0,0.0,0.0688104704687987,0.08417170507774206
685,1,0,1,0.07150109965170531,3.902955690496429,16.531866043957233,23.782728722087384,0.44808768969002016,0.0,6,0.4084479133905269,1.0232345346834384,0.07230995626461362,0.0,0.0,0.0,0.06740585014617166,0.08325780713074063
686,1,0,1,0.07100568010603732,3.973961370602466,16.612032058523837,23.188160504035203,0.4336329440355707,0.0,6,0.49346266566552954,1.0078648691511156,0.086728473926696,0.0,0.0,0.0,0.08672847392669601,0.10564076344419214
687,1,1,1,0.0060163223521048515,3.979977692954571,16.687183287822595,22.608456491434325,0.485621913915188,0.0,6,0.49045203076185706,0.9950048140639759,0.08626851650887192,1.1017976642134244,0.0,5.551115123125783e-17,0.0862685165088719,0.1076739001973887
688,1,1,1,0.006375655735940939,3.986353348690512,16.694534700073273,22.043245079148463,0.4874861675880881,0.0,6,0.4245309944462411,0.982390994481423,0.0750829944714712,1.4137314834911279,0.0,5.551115123125783e-17,0.07508299447147121,0.09455681319203846
689,1,1,1,0.006079015369470911,3.9924323640599826,16.755518634153855,21.49216395216975,0.48600320311076467,0.0,6,0.47834730158241356,0.9684444944805435,0.0839807813354119,1.4249170055285285,0.0,5.551115123125783e-17,0.08398078133541191,0.10936269555542767
690,1,2,1,0.006134469709758917,3.9985668337697415,16.805729081592936,21.71981487833887,0.47227822182739704,0.23180267237814287,6,1.2340534382662938,0.9561920646580901,0.19153385343134852,0.0,0.0,0.0,0.08234988770020558,0.10918396573114295
691,1,0,0,-0.16858731473502261,3.829979519034719,16.805815807182988,21.850624652965273,0.45988471016057075,0.21577947548362766,6,1.0940350992147483,0.9631385989982953,0.17050025136804903,0.0,0.0,0.0,0.07436107000095767,0.09613918136709133
692,1,1,1,0.006530176050936526,3.8365096950856556,16.78535393838824,21.940089789340604,0.48819336029501165,0.2006727466939563,6,1.0354142790842882,0.9664110115037067,0.16148021096795828,1.2593082609634245,0.0,0.0,0.07083983822993026,0.09064037273802802
693,1,0,1,0.07114594496653784,3.9076556400521936,16.83101595774675,22.142619745431887,0.47457429908550686,0.18279386397337807,6,1.2163280686430138,0.9681360931932212,0.18898766358049782,0.0,0.0,0.0,0.08171436725702869,0.10727329632346909
694,1,0,1,0.07111213064457275,3.9787677706967663,16.883134405200465,22.340425538977634,0.4607164965731218,0.16491111636554276,6,1.2242651335789252,0.9743408925794659,0.19044330072132282,0.0,0.0,0.0,0.08314681507431065,0.10729648564701219
695,1,0,0,-0.16853162726348378,3.8102361434332828,16.86459313750437,22.42356166089244,0.4487886918449033,0.14966492977834378,6,1.0451838528231656,0.9805889986044525,0.1630439478925047,0.0,0.0,0.0,0.0715668283693109,0.09147711952319379
696,1,0,0,-0.16892162824938745,3.6413145151838955,16.921841284055013,22.61645700148908,0.4347577144158899,0.13173328824288277,6,1.2323473571072086,0.9822038699599203,0.19177571378684588,0.0,0.0,0.0,0.0841858645740799,0.10758984921276599
697,1,0,0,-0.16846050611989233,3.472854009064003,16.887830391483575,22.666847031944286,0.4232566619859,0.11712170124384198,6,1.0048365950223632,0.9884574571386024,0.1566758365741843,0.0,0.0,0.0,0.06900631457993951,0.08766952199424478
698,1,0,1,0.07149607905878486,3.544350088122788,16.86819117359275,22.735031024785762,0.4113734068365171,0.10203355533993198,6,1.03741171053635,0.9888669355856965,0.1618284063197577,0.0,0.0,0.0,0.07129953089629767,0.09052887542346003
699,1,0,1,0.0710638112612754,3.6154138993840634,16.925988853069686,22.92112771894746,0.3973088665616578,0.08406986575395148,6,1.2339749285980939,0.9900805549594629,0.19216937916503873,0.0,0.0,0.0,0.08438724164915566,0.10778213751588309
700,1,2,1,0.0065299793666791315,3.6219438787507428,16.890941732005327,22.957769460414703,0.38583633272686085,0.3195962196491885,6,0.9977725347033127,0.9961779143004286,0.1556770796373597,0.0,0.0,0.0,0.06883520300878183,0.08684187662857785
701,1,0,1,0.07143068199975636,3.6933745607504993,16.888137174504394,23.02825622453285,0.3734904843820603,0.30427036362220283,6,1.0638999864277168,0.9962177798105007,0.16603022623071764,0.0,0.0,0.0,0.07407509006880356,0.0919551361619141
702,1,0,1,0.07152351876513738,3.764898079515637,16.86309856420228,23.06761859680494,0.36176642656770985,0.28965769526796636,6,1.0122335969459075,0.9979098349759312,0.15802035701152134,0.0,0.0,0.0,0.07034434688610275,0.08767601012541862
703,1,0,1,0.0711305927726533,3.83602867228829,16.906414588729472,23.220801687659186,0.348128372041239,0.2722733947937846,6,1.1947670444066176,0.9982679290251806,0.18613413000391552,0.0,0.0,0.0,0.08182832715882468,0.10430580284509083
704,1,0,1,0.07144105639502063,3.907469728683311,16.89484822466112,23.276878765964096,0.336026597828701,0.25713913359527,6,1.0476911211462756,1.0031804069097165,0.16341621246631508,0.0,0.0,0.0,0.07261064527522787,0.09080556719108722
705,1,0,1,0.07150426532501847,3.9789739940083293,16.867688753956838,23.306067035511546,0.32434204610865014,0.24262025258798336,6,1.006321973608797,1.0042931747656305,0.15722059636402522,0.0,0.0,0.0,0.07010731032030539,0.08711328604371983
706,1,0,0,-0.1684787487498913,3.810495245258438,16.83957386660564,23.332281283746106,0.31271265672824394,0.2281495369918811,6,1.0024432556200684,1.0043438947367096,0.15660062985905118,0.0,0.0,0.0,0.06977633628243715,0.08682429357661402
707,1,0,1,0.07106785490298541,3.8815631001614235,16.900101524173316,23.483151674951518,0.29857125816102587,0.2106573066606576,6,1.2156944275318842,1.0042963787587935,0.1898017733906491,0.0,0.0,0.0,0.08484839140330828,0.10495338198734086
708,1,0,1,0.07155054459404357,3.953113644755467,16.855273359526294,23.492398092717416,0.2874257259510875,0.1965083543354611,6,0.9739995830969927,1.0095813299781211,0.15176690721080913,0.0,0.0,0.0,0.06687319325963025,0.08489371395117892
709,1,0,1,0.0714414753697667,4.0,16.834335904261415,23.526169712294354,0.27558341023192445,0.18175213773449903,6,1.0215259506181578,1.0086917863060927,0.1595911939207513,0.0,0.0,0.0,0.07105389431497863,0.08853729960577263
710,1,0,1,0.07102526233752032,4.0,16.901425869224745,23.678250277914376,0.2612480279988177,0.1641121792496847,6,1.2281831709972413,1.0090126404138942,0.19185204430752636,0.0,0.0,0.0,0.08601229339864042,0.10583975090888594
711,1,0,1,0.07149210007838812,4.0,16.865697207806488,23.6952357668173,0.2498177603327302,0.14965296144093554,6,0.9957487311631513,1.0144919036784779,0.15533691284901996,0.0,0.0,0.0,0.06858160599652514,0.0867553068524948
712,1,0,1,0.07102056332280818,4.0,16.92844105279527,23.840296746316298,0.23558533046524888,0.13207516636186803,6,1.2218281488533758,1.0140233243655947,0.19086134967929322,0.0,0.0,0.0,0.08539457920488813,0.10546677047440506
713,1,0,1,0.07100775958294492,4.0,16.9911298606105,23.980007777293235,0.22130156761143605,0.11453866147070639,6,1.22161828376995,1.0192184449777892,0.19092160646984674,0.0,0.0,0.0,0.08570257712287677,0.10521902934696994
714,1,0,1,0.07098078095401267,4.0,17.05398767059078,24.116574784324932,0.20696765466881292,0.09699495405132698,6,1.2237032579595732,1.0242784409475933,0.19126572217201537,0.0,0.0,0.0,0.08600347765573893,0.10526224451627646
715,1,1,1,0.005963578987527341,4.0,17.116150199308077,24.251697117278823,0.42623801502038483,0.07940561879547532,6,1.2265489230440818,1.029264061372893,0.1916815306041743,0.0982323188215033,0.0,5.551115123125783e-17,0.08614551906906448,0.10553601153510983
716,1,0,1,0.07140747179422795,4.0,17.08262186367506,24.25280378463942,0.4145941228568149,0.06499575962985708,6,1.0017745146422525,1.0341961829146724,0.15632250797512942,0.0,0.0,0.0,0.06986335298141999,0.08645915499370942
717,1,2,1,0.005941462144766468,4.0,17.143377309712456,24.383072710374197,0.4003018126354874,0.2974535613151053,6,1.224410012980036,1.033385641207862,0.1910070512164757,0.0,0.0,0.0,0.08575386132796504,0.1052531898885107
718,1,0,1,0.07096128055514161,4.0,17.201423961117417,24.49845200131757,0.3860184833968352,0.28018350216044186,6,1.2115871928505009,1.0381612505021665,0.18932033035989396,0.0,0.0,0.0,0.08569997543191323,0.10362035492798072
719,1,0,1,0.07144340371850587,4.0,17.16741652678664,24.481469899781793,0.37434285522258576,0.26605945268973313,6,0.991507363194319,1.0424968990608747,0.1547980658697485,0.0,0.0,0.0,0.07005376904549675,0.08474429682425177
720,1,0,1,0.07095371904647112,4.0,17.226777049161974,24.593920681119187,0.36000034159758737,0.2487977852261949,6,1.2130334643769385,1.041222160664211,0.1896250865312203,0.0,0.0,0.0,0.08605508174999046,0.10357000478122981
721,1,0,1,0.07143602017342636,4.0,17.18502372253794,24.573448567275026,0.34853962442124536,0.23469904281806564,6,0.983292002788833,1.045517443257029,0.15335675750682706,0.0,0.0,0.0,0.06876430305805153,0.08459245444877553
722,1,0,1,0.07093619916031209,4.0,17.246550186314337,24.68532904387814,0.33411245146016194,0.21739392361983043,6,1.2173687476248367,1.043961807245324,0.19039375295591204,0.0,0.0,0.0,0.08656303776650046,0.1038307151894116
723,1,2,1,0.005908030728082094,4.0,17.306798942801024,24.79854198066331,0.3196825656377682,0.4499867068614396,6,1.2217586740266688,1.048296980754812,0.1910226154847072,0.0,0.0,0.0,0.08657931493436283,0.10444330055034437
724,1,0,1,0.0714763675131728,4.0,17.242873982471558,24.764457068322194,0.3088041707330335,0.43605943958782617,6,0.9546236504160296,1.0526335230866084,0.1488339730700883,0.0,0.0,0.0,0.06527036942840772,0.08356360364168058
725,1,0,1,0.07138822512920158,4.0,17.216450506345073,24.75622929980178,0.2968932858003938,0.42153671037092155,6,1.0155320316229413,1.050183276269844,0.15860168489726592,0.0,0.0,0.0,0.07146530959583831,0.08713637530142761
726,1,0,1,0.0709578490655307,4.0,17.273193425293506,24.84967796737093,0.282560734638599,0.404558518525404,6,1.1995085816712563,1.0493169951536712,0.1878644580438749,0.0,0.0,0.0,0.08599530697076913,0.10186915107310575
727,1,0,1,0.07145439758768636,4.0,17.214104159977758,24.817234581009732,0.2715484213083918,0.39055510096296087,6,0.9615391331396607,1.053071784816611,0.150094385355902,0.0,0.0,0.0,0.06607387998124321,0.08402050537465879
728,1,0,1,0.0714493991672637,4.0,17.15684657878657,24.79118545029371,0.26053636322725165,0.37641660033101143,6,0.9674767566174824,1.0507834685246873,0.15090335227853724,0.0,0.0,0.0,0.06607234848684077,0.0848310037916965
729,1,0,1,0.07148188259477016,4.0,17.099340450826077,24.75965317105354,0.24956902761840727,0.3624231600018937,6,0.9596623935263415,1.048700800727007,0.149764655627773,0.0,0.0,0.0,0.06580401365306635,0.08396064197470665
730,1,0,1,0.07096667904031724,4.0,17.161159503122907,24.85219651091756,0.23517505280887288,0.345460673598545,6,1.2008372327078451,1.0464748405469906,0.1881387672772983,0.0,0.0,0.0,0.08636384885720637,0.10177491842009195
731,1,0,1,0.07142045295167271,4.0,17.118784028593318,24.82724144868035,0.22376197734238298,0.331306776055695,6,0.9830033635842101,1.050333900351012,0.15340183805603935,0.0,0.0,0.0,0.06847845279893927,0.08492338525710011
732,1,0,1,0.07142553673465052,4.0,17.083181186696173,24.80440928520646,0.21218888398926514,0.31711718374149916,6,0.9902156315608103,1.0486506369318418,0.15457611400388174,0.0,0.0,0.0,0.06943856011870693,0.08513755388517483
733,1,0,1,0.07142906052070605,4.0,17.03665719905893,24.775238960854832,0.20088333887797707,0.30303191672929874,6,0.9714954498086947,1.047189761797566,0.1523448727409312,0.0,0.0,0.0,0.06783327066772854,0.08451160207320267
734,1,1,1,0.005987071347856169,4.0,17.098048475524024,24.866499333008147,0.41596911497301337,0.28608768167022197,6,1.1979490526162493,1.0452974039978442,0.18772830642327648,0.12342244736096641,0.0,0.0,0.08606289606881606,0.10166541035446039
735,1,0,1,0.07094974626567607,4.0,17.156631197235658,24.960419058236745,0.40170913427342786,0.2690374989471434,6,1.2016161421535374,1.0491136952133044,0.1878609805359846,0.0,0.0,0.0,0.08555988419751309,0.10230109633847151
736,1,0,1,0.07092696103688398,4.0,17.217624432904838,25.05086609596308,0.38734202079557006,0.2520181132850428,6,1.2043665297823218,1.0529262563868103,0.18831899483974995,0.0,0.0,0.0,0.08620268086714629,0.10211631397260368
737,1,2,1,0.006434647602239116,4.0,17.176750510414006,25.0099248532183,0.3758410674127064,0.48314123092393374,6,0.9748970979860849,1.0567122632216979,0.15228310541638507,0.029983909047451296,0.0,0.0,0.06900572029718235,0.0832773851192027
738,1,0,1,0.07097028466984981,4.0,17.231703738305015,25.08804074964138,0.3616216530287215,0.46638299003220024,6,1.1877360084048951,1.0546668840908078,0.18586593165431048,0.0,0.0,0.0,0.08531648630390898,0.10054944535040151
739,1,1,1,0.006486172838750973,4.0,17.17527864738493,25.038996803113267,0.488965174638151,0.4526543905188914,6,0.9525245747504658,1.0579936121986597,0.14858054925094658,0.6697299181723294,0.0,5.551115123125783e-17,0.06620895217109365,0.08237159707985293
740,1,0,1,0.07150831803603065,4.0,17.126103697190768,24.981204190042114,0.47779774368847444,0.4391851857608753,6,0.9483893229971379,1.055356886262455,0.1478198142461561,0.0,0.0,0.0,0.06700458569805925,0.08081522854809682
741,1,0,0,-0.16904387976419383,3.8309561202358062,17.184437748008875,25.065282989154447,0.4635447603074962,0.4223062228321098,6,1.1950955471112632,1.0526826971808219,0.1867916778584619,0.0,0.0,0.0,0.08551790028586943,0.10127377757259243
742,1,0,1,0.07150377675586944,3.9024598969916755,17.146405268817492,25.00880545889985,0.4520426635594057,0.4087913140166746,6,0.9617330089831052,1.056243018429083,0.15010203338115405,0.0,0.0,0.0,0.069012580488543,0.08108945289261106
743,1,0,1,0.07097592402245982,3.973435821014135,17.201455870086022,25.088453681785087,0.4378671933548985,0.39199868159223294,6,1.1885790923467008,1.0538802681929336,0.18580861577369365,0.0,0.0,0.0,0.08505282122704366,0.10075579454665003
744,1,0,1,0.07096801509524579,4.0,17.255214746868223,25.16382629458955,0.4236767808289576,0.3752616114609497,6,1.1863792283834411,1.0572477387967778,0.18556489594334483,0.0,0.0,0.0,0.0851424751556455,0.10042242078769929
745,1,0,1,0.07091891548595132,4.0,17.31430076410198,25.245671341755255,0.4092784049311997,0.3583231212624743,6,1.2014070904359053,1.0604760260364443,0.1880211965773992,0.0,0.0,0.0,0.08639025538654643,0.10163094119085282
746,1,0,1,0.07094041737673107,4.0,17.36659990699208,25.316998359375354,0.3950335896109179,0.3415852770394219,6,1.1876254631566345,1.063999302646431,0.18589595726000582,0.0,0.0,0.0,0.08546889192169138,0.10042706533831446
747,1,1,1,0.00645920283699173,4.0,17.303626286673897,25.256716853328907,0.489004580276825,0.3279687026272571,6,0.943834830294553,1.067089956659186,0.14767196481203917,0.8702015376655073,0.0,5.551115123125783e-17,0.0659725183390502,0.08169944647298898
748,1,0,1,0.07144772415507869,4.0,17.24888018456539,25.202857203385772,0.4778802417480177,0.314260304679945,6,0.9554028264484269,1.0640085785000701,0.14899641885671583,0.0,0.0,0.0,0.06674603117284336,0.08225038768387247
749,1,0,1,0.0709061961969638,4.0,17.30978335546355,25.285126860844276,0.463442008915998,0.2972936609945091,6,1.2044662630554446,1.061293434698779,0.1884292591047337,0.0,0.0,0.0,0.08662939699211837,0.10179986211261534
750,1,0,1,0.07090601104280005,4.0,17.367292157448112,25.363459397325077,0.4490457633537157,0.2803681436181387,6,1.20071409387306,1.0648727554076958,0.18793057763191587,0.0,0.0,0.0,0.08637747337369368,0.10155310425822218
751,1,0,1,0.07147691827775936,4.0,17.301973553846455,25.293323121797805,0.4381027573501224,0.26697263312213476,6,0.9328139097403996,1.0682687888693296,0.1460310989975835,0.0,0.0,0.0,0.0656580360215596,0.08037306297602388
752,1,0,0,-0.16856494962081045,3.8314350503791896,17.251651157424085,25.2432386584022,0.4268285401149526,0.2531591476195367,6,0.964475557073129,1.0648824168911064,0.15052621642660713,0.0,0.0,0.0,0.06764530341101888,0.08288091301558824
753,1,1,1,0.006425579256487818,3.8378606296356774,17.215460499967946,25.195133683362997,0.48836991122416434,0.23934246080143484,6,0.9780766129003169,1.062372245395657,0.15268065356362504,1.0609712406897158,0.0,5.551115123125783e-17,0.06978053265501392,0.08290012090861111
754,1,1,0,-0.2340812874643071,3.60377934217137,17.274373142995703,25.27732677656504,0.4856650286924343,0.22237484363861007,6,1.2013705908130738,1.0602648545832736,0.187815530822343,1.430219467344986,0.0,5.551115123125783e-17,0.08600982784539438,0.1018057029769486
755,1,2,1,0.005949174556050625,3.609728516727421,17.324301388293026,25.351636300461507,0.4715335433679249,0.45555109641608055,6,1.188030267182809,1.0637924979890188,0.18573139528223273,0.0,0.0,0.0,0.08478891194705553,0.10094248333517714
756,1,0,1,0.07150930384194935,3.68123782056937,17.2799935860731,25.280453172791464,0.4601189260599809,0.44222012677046507,6,0.9514075123288939,1.0668984422188634,0.1484735217213574,0.0,0.0,0.0,0.06848770384766459,0.07998581787369281
757,1,0,1,0.07157582033709688,3.752813640906467,17.20674734987892,25.198770033736942,0.44954300682780274,0.4291437905825349,6,0.9090817937229163,1.0640111689716143,0.14191353252064992,0.0,0.0,0.0,0.06345551539306882,0.07845801712758109
758,1,0,1,0.07093405207603624,3.8237476929825034,17.26675397515406,25.276464537050543,0.43514188846651186,0.41228387002408046,6,1.1978390631791358,1.0601379345903967,0.1875662335184716,0.0,0.0,0.0,0.08640671016774523,0.10115952335072642
759,1,2,1,0.006484245595844743,3.8302319385783483,17.21522232923638,25.213056829352926,0.42395675005437444,0.4865084169395418,6,0.9486411091898153,1.063580462805115,0.1480603288355735,0.9737032201444829,0.0,5.551115123125783e-17,0.06711083047282465,0.08094949836274883
760,1,0,1,0.07098727172440068,3.901219210302749,17.266627217753427,25.27902573730993,0.4098068707938649,0.4699188449273372,6,1.1780807754387808,1.0607069789647328,0.18443670763628478,0.0,0.0,0.0,0.08489927556305693,0.09953743207322785
761,1,0,1,0.07096181175151443,3.9721810220542637,17.319021098814442,25.34351000371646,0.39558063934062443,0.4533230952189348,6,1.1805194713441334,1.0636413238765838,0.1849318869698575,0.0,0.0,0.0,0.08535738871944312,0.09957449825041438
762,1,0,1,0.07148709708991449,4.0,17.25918057659883,25.27873703901222,0.384587756466618,0.4398037780941242,6,0.9419497906434187,1.0665632775632727,0.14707319999290192,0.0,0.0,0.0,0.06595729724403819,0.08111590274886371
763,1,0,1,0.07095385105095481,4.0,17.31333158345535,25.342624587053855,0.3703382405178046,0.4232196938123782,6,1.1814864952884385,1.0634479403902761,0.18500160138335658,0.0,0.0,0.0,0.08549709569288035,0.09950450569047625
764,1,0,1,0.07145000997228552,4.0,17.256317137457316,25.285221993531206,0.35924310620921246,0.40953256848342545,6,0.9519818647420375,1.0663989042627304,0.14869355782526925,0.0,0.0,0.0,0.06657080585155305,0.0821227519737162
765,1,0,1,0.07096644310600676,4.0,17.310765867660706,25.34831749666829,0.3449625892492471,0.39296224308115085,6,1.181082711615193,1.063538478274713,0.18510505417343978,0.0,0.0,0.0,0.08568310175979225,0.0994219524136475
766,1,0,1,0.07145892014346718,4.0,17.253312438680783,25.288439627094604,0.3338787183062741,0.37930620382697117,6,0.9491457855546128,1.066477084108225,0.14843946118291607,0.0,0.0,0.0,0.06650322565783795,0.08193623552507813
767,1,0,1,0.07141352361483956,4.0,17.21339960564943,25.24319206457742,0.32235042759892596,0.36536605785836085,6,0.9783834060958466,1.0635438016443848,0.15281062005575077,0.0,0.0,0.0,0.06916974424408891,0.08364087581166185
768,1,0,1,0.07091716396325184,4.0,17.278961459673546,25.31928701532886,0.3077646448542341,0.3485052089889864,7,1.203071596531229,1.0614147917556713,0.18867978968439797,0.0,0.0,0.0,0.08751469646815119,0.10116509321624675
769,1,0,0,-0.16907932341869905,3.830920676581301,17.33990142508062,25.392955689329835,0.2932674284863817,0.33165818611398157,7,1.1995648512831059,1.0649562118750602,0.18806543545714297,0.0,0.0,0.0,0.08698329820711412,0.10108213725002885
770,1,0,1,0.07142754977195928,3.9023482263532605,17.285208659158027,25.343135521347747,0.2820836124347186,0.31774189538164815,7,0.9638084939555833,1.0683214278602613,0.15060064070397966,0.0,0.0,0.0,0.06710289630997886,0.08349774439400079
771,1,0,1,0.0709140819331009,3.9732623082863614,17.34545039347816,25.415744972156325,0.2676022487603703,0.30090679348309196,7,1.1985597896413536,1.0657086045126445,0.18789879343742663,0.0,0.0,0.0,0.08688818204608967,0.10101061139133696
772,1,0,1,0.07094615306429172,4.0,17.396331617575846,25.479955914670878,0.25334235738529204,0.284226306326057,7,1.184122050753103,1.069029884140862,0.18564227119267915,0.0,0.0,0.0,0.08555934825046953,0.1000829229422096
773,1,2,1,0.006393784289453103,4.0,17.34258433518604,25.418665866128883,0.24199688611148043,0.4862807218258082,7,0.9568698573743643,1.071907188306168,0.15038849668802085,0.2053578379563421,0.0,5.551115123125783e-17,0.06807282764286973,0.08231566904515109
774,1,0,1,0.07132681309347627,4.0,17.30416711124644,25.38979431193991,0.2303523714767777,0.47185415862495067,7,1.0017424769043015,1.0690312550328729,0.1564264670133615,0.0,0.0,0.0,0.06986708780821645,0.08655937920514506
775,1,0,0,-0.16910685739405026,3.83089314260595,17.369288230695297,25.465453178274338,0.2157050933680719,0.45491770909355234,7,1.2081290213629385,1.0673490355796589,0.18950236584062427,0.0,0.0,0.0,0.08788366865223476,0.10161869718838948
776,1,0,1,0.07141067974470817,3.902303822350658,17.312362901610854,25.39468658052666,0.20453842327345537,0.4414195807395796,7,0.9431766083921244,1.0708685352242406,0.14798879069153598,0.0,0.0,0.0,0.06700002056769933,0.08098877012383666
777,1,0,1,0.07138338867606292,3.973687211026721,17.261238560898473,25.34846496685333,0.19321793223411976,0.4273855652991407,7,0.9703302826677315,1.0676762370534378,0.15212703887864726,0.0,0.0,0.0,0.0679229462360136,0.08420409264263369
778,1,0,0,-0.16863372292918588,3.805053488097535,17.215698434126026,25.31206946178207,0.18178542737394107,0.4131463289397925,7,0.9833069563500849,1.065242588193795,0.15403044731716162,0.0,0.0,0.0,0.06859502916107243,0.08543541815608917
779,1,1,1,0.006355759723178334,3.811409247820713,17.176109544824595,25.28852115282727,0.4072844312132784,0.39863111000640555,7,1.000056999141468,1.0631941973977024,0.15622314524464256,0.07787414531965431,0.0,1.1102230246251565e-16,0.06913183164432116,0.08709131360032141
780,1,0,0,-0.1684419195248903,3.642967328295823,17.10763007015851,25.191153107531697,0.39656858137273704,0.3859034933967145,7,0.895768247479638,1.0616157674412965,0.14066079870139525,0.0,0.0,0.0,0.06429509904324858,0.07636569965814669
781,1,0,1,0.07151561467936834,3.7144829429751915,17.055238459071816,25.124433694647717,0.38548334665800293,0.3725041731605237,7,0.9383585554715886,1.0574695794422553,0.14690732970554882,0.0,0.0,0.0,0.06651140828840461,0.08039592141714419
782,1,0,1,0.0709727791559785,3.78545572213117,17.11961229490513,25.19868447001176,0.3710722581045678,0.3557705233023279,7,1.193116415040346,1.0544918038429885,0.1868684304697854,0.0,0.0,0.0,0.08646653132061076,0.10040189914917465
783,1,0,1,0.07147284832961633,3.8569285704607865,17.07176593138938,25.136016267414714,0.35981334040952445,0.34226152163416074,7,0.9474428530101227,1.0579574191229226,0.14860751617926363,0.0,0.0,0.0,0.06755350617026037,0.08105401000900324
784,1,2,1,0.005968908023298613,3.862897478484085,17.13604085496047,25.21062023458758,0.34539693009538114,0.4832483220717784,7,1.1940734457140545,1.0551945549701025,0.18700852945418936,0.5535691298049644,0.0,5.551115123125783e-17,0.0864984618848598,0.10051006756932955
785,1,0,1,0.07151323336955183,3.9344107118536367,17.075750369394736,25.123777698761355,0.33447157795642274,0.4703108269618204,7,0.9115335058467445,1.0586665272387012,0.14317708349349773,0.0,0.0,0.0,0.06555211283375029,0.07762497065974745
786,1,0,1,0.0709795596666976,4.0,17.13848184659779,25.195939413678058,0.3200809696361558,0.4536276265315269,7,1.1898813938236619,1.0549882017039023,0.18644285250336307,0.0,0.0,0.0,0.08634364992160148,0.10009920258176158
787,1,0,1,0.07096805729577176,4.0,17.196562539573925,25.266225819241754,0.30579158972576687,0.43694523398403634,7,1.1867276300467287,1.0583605315068962,0.1858306347472767,0.0,0.0,0.0,0.08573627946233343,0.10009435528494326
788,1,0,1,0.07092676731301989,4.0,17.259529062988953,25.3384915757493,0.291308809607273,0.42017308561434236,7,1.196801988892961,1.0615697089703922,0.18752957092912723,0.0,0.0,0.0,0.08689668071096328,0.10063289021816395
789,1,0,1,0.07091323309606819,4.0,17.32394548157295,25.410275534838295,0.27671938258511686,0.4033693704808364,7,1.201150893641447,1.0649505159684565,0.18835885293397286,0.0,0.0,0.0,0.08753656213293697,0.10082229080103589
790,1,0,1,0.07086996509967708,4.0,17.39260559165224,25.48832185275907,0.26195246625757196,0.3863733931588153,7,1.2150619534103488,1.068355525410281,0.19057736189739616,0.0,0.0,0.0,0.0886014979652694,0.10197586393212676
791,1,0,1,0.0709202819650873,4.0,17.44619666981336,25.550716225473884,0.24758143857517775,0.36969918022612086,7,1.1880086369862195,1.072023186110283,0.18627144369053167,0.0,0.0,0.0,0.08622616609436523,0.10004527759616644
792,1,0,1,0.07151358939712686,4.0,17.36380487574757,25.441956772803053,0.2370603305640008,0.3570674340668563,7,0.883771575645556,1.074922822382181,0.1389171250226488,0.0,0.0,0.0,0.06312664806706177,0.07579047695558704
793,1,2,1,0.005917174429096956,4.0,17.42088403900778,25.50596870838577,0.22260613811549845,0.483317729303838,7,1.191235140056691,1.0701440412137657,0.1868187788679864,0.6424046044011379,0.0,0.0,0.08672515469101409,0.1000936241769723
794,1,1,1,0.005874168163671908,4.0,17.479864034039345,25.58032064337989,0.43299537056068615,0.4663551866537903,7,1.2065032487105258,1.0731713186848388,0.18917615881687308,0.15026370241228681,0.0,0.0,0.08740090291658671,0.10177525590028637
795,1,0,1,0.07145509342678547,4.0,17.418947614344795,25.500741734931992,0.42185873408975594,0.4530456294657205,7,0.9360092887930366,1.0765046169354808,0.1466771619540003,0.0,0.0,0.0,0.06681981882558176,0.07985734312841852
796,1,0,1,0.0714702286165701,4.0,17.353815627518415,25.413812054167582,0.41087255051173216,0.43994497152545625,7,0.9209305661411278,1.0729922337319198,0.14452104910972782,0.0,0.0,0.0,0.0659171014681425,0.07860394764158532
797,1,0,0,-0.1691141740449656,3.8308858259550345,17.414984523521262,25.484755964869457,0.39633068922945,0.42312732529851366,7,1.2013034987468716,1.06919069204215,0.1881570450553488,0.0,0.0,0.0,0.0872511676936931,0.10090587736165574
798,1,0,1,0.07092160594143956,3.901807431896474,17.46627169330801,25.546097709058326,0.38203582830492766,0.4064937598827036,7,1.1851224261853912,1.072493512209768,0.18557055804199404,0.0,0.0,0.0,0.08576916554713371,0.09980139249486034
799,1,0,1,0.0713836599137436,3.9731910918102176,17.41588612793552,25.4904507370442,0.3706225371939696,0.3926258493022093,7,0.9692766976725357,1.0753092350591587,0.1516872101487139,0.0,0.0,0.0,0.06847974666574824,0.08320746348296565
800,1,0,1,0.07139164240913566,4.0,17.363869611569232,25.438627440371906,0.3592939952023031,0.3787052710717956,7,0.9688186085859132,1.0726584216244932,0.1514947213324812,0.0,0.0,0.0,0.06797125194999924,0.08352346938248195
801,1,0,0,-0.16904674660437308,3.8309532533956268,17.41208961235238,25.497120386624847,0.34514183948439275,0.3621600774857638,7,1.1767753733346151,1.0700624262985285,0.1841840958236533,0.0,0.0,0.0,0.08491293430746212,0.09927116151619118
802,1,1,1,0.005928248323046807,3.8368815017186737,17.46158883510616,25.559499248815897,0.4857767313791077,0.34548937197461277,7,1.1846083349192649,1.0727302499744304,0.18536384479225976,0.5708510369063564,0.0,5.551115123125783e-17,0.08533961172535395,0.10002423306690583
803,1,0,1,0.07140329266257589,3.9082847943812498,17.407092471810707,25.48600915469575,0.4744496894173758,0.33204036917141216,7,0.9475407446824444,1.0755272020980513,0.14865626858959505,0.0,0.0,0.0,0.06796225177039121,0.08069401681920381
804,1,0,1,0.07149612352741215,3.979780917908662,17.339342145721034,25.4153180786402,0.4636299252322535,0.3185846437528993,7,0.9338861385174475,1.0723275406626613,0.1456529376218109,0.0,0.0,0.0,0.06491858511073391,0.080734352511077
805,1,0,1,0.071479025582519,4.0,17.273573330693843,25.325479742002763,0.4527248613418464,0.3056199724675941,7,0.9132593539443984,1.068866505609031,0.1432184110542735,0.0,0.0,0.0,0.06543038334244214,0.07778802771183137
806,1,0,0,-0.16907271764289863,3.8309272823571012,17.33075079601793,25.397672046910976,0.43839406264369485,0.28882219270091397,7,1.1943460970497164,1.064976326817415,0.18677147078899042,0.0,0.0,0.0,0.08598479218890985,0.10078667860008053
807,1,2,1,0.005914517548004708,3.836841799905106,17.385480769906344,25.469733555864778,0.4240836551001417,0.4831635944358941,7,1.19500205391544,1.0682105710732226,0.18688087864595423,0.23293315620548394,0.0,5.551115123125783e-17,0.08586244526131885,0.10101843338463537
808,1,0,1,0.07095283475272611,3.907794634657832,17.43284515464955,25.5237523912385,0.40994027971720354,0.4667154929825419,7,1.1727635782612056,1.0713803581442782,0.18354886101774154,0.0,0.0,0.0,0.08486025229762856,0.09868860872011298
809,1,0,1,0.07144750904222551,3.9792421437000574,17.374061278318962,25.455883921043487,0.3988270397750388,0.4531593361356235,7,0.9472625921216007,1.0739149386472013,0.14801638073449913,0.0,0.0,0.0,0.06667943965298881,0.08133694108151031
810,1,0,1,0.07165727528724376,4.0,17.26778648883552,25.31643854121552,0.3890984346856436,0.44132424444210755,7,0.8250284606726498,1.0707486299840612,0.1293821806974671,0.0,0.0,0.0,0.05837163053637128,0.07101055016109581
811,1,0,1,0.07148284347224663,4.0,17.208827269100162,25.254302261703874,0.37813069426737184,0.4277581866538444,7,0.9435101265042741,1.064605625751276,0.14720278923920993,0.0,0.0,0.0,0.06580644250963084,0.08139634672957911
812,1,1,1,0.006456449879176261,4.0,17.15884546772492,25.189867965213438,0.48873455526216797,0.41426643846689215,7,0.9471621404044224,1.061578238270101,0.14854315754870587,0.7687841656042306,0.0,0.0,0.06759266842699255,0.08095048912171329
813,1,0,1,0.07096936232850545,4.0,17.213383653325455,25.259795646541498,0.47457689633300765,0.3976078563744758,7,1.1831837027520553,1.058717835823459,0.1848974461294602,0.0,0.0,0.0,0.0849459535749619,0.0999514925544983
814,1,0,1,0.07149109450633183,4.0,17.156716839324872,25.192214224661946,0.46354740025281443,0.384206752844205,7,0.9375812466165367,1.0618294824966739,0.14658359766278367,0.0,0.0,0.0,0.06617697648115904,0.08040662118162463
815,1,0,0,-0.1685007444483532,3.831499255551647,17.100186899030934,25.133471051339598,0.4525939053964437,0.37065118784753687,7,0.9434501629833829,1.0587232765996706,0.1470543591182336,0.0,0.0,0.0,0.0657209691382243,0.08133338998000933
816,1,0,0,-0.16901557847257598,3.662483677079071,17.15605407442444,25.20670739700321,0.43842185667970673,0.35394202588223095,7,1.1849449698163848,1.0558414487592633,0.18528726409225743,0.0,0.0,0.0,0.08503229230042203,0.10025497179183536
817,1,0,1,0.071496474821632,3.733980151900703,17.119502010138646,25.146623797917346,0.4268924430035948,0.34043097586565146,7,0.9624333734140302,1.0590690367856914,0.15024278215614795,0.0,0.0,0.0,0.06917648205667107,0.08106630009947689
818,1,0,0,-0.16905980957834366,3.564920342322359,17.18520896842795,25.22506408689315,0.4124151552238599,0.32358885417442235,7,1.2008003924665092,1.0566531452013996,0.1879164568257843,0.0,0.0,0.0,0.08686372667840994,0.10105273014737434
819,1,0,1,0.07156127590730439,3.6364816182296638,17.11692674911337,25.12875113395719,0.40168854547248906,0.31088742189178975,7,0.8956616541324951,1.0602568263830277,0.14056825220402064,0.0,0.0,0.0,0.06435965850822467,0.07620859369579598
820,1,2,1,0.005985253283813452,3.642466871513477,17.1747813351779,25.20283654387326,0.3874350644909393,0.4832686171682033,7,1.1880819430573581,1.0561419470767643,0.18590918288007913,0.3653245313507386,0.0,5.551115123125783e-17,0.08552088588929892,0.1003882969907802
821,1,0,1,0.07143881560948535,3.7139056871229625,17.15192167257635,25.161070697892324,0.37549641106862125,0.4692965977600552,7,0.9948149383937922,1.059440446976279,0.1554640369827962,0.0,0.0,0.0,0.07163192053390785,0.08383211644888834
822,1,0,0,-0.1685176583510097,3.545388028771953,17.111690716396296,25.10562340720779,0.3640689871789409,0.4556869834221477,7,0.9621465623971315,1.0578248092617168,0.15022222936552787,0.0,0.0,0.0,0.06856454333808253,0.08165768602744532
823,1,0,1,0.0715110613541074,3.61689909012606,17.069827249740207,25.04845142854783,0.35271546304333024,0.44214912917317145,7,0.9563974077740491,1.0554328530901023,0.1493482703075209,0.0,0.0,0.0,0.06812114481366376,0.08122712549385716
824,1,0,1,0.0714957595215387,3.6883948496475987,17.023221663511364,24.99759325919684,0.34150777391483617,0.4284588534179851,7,0.9554932113773672,1.052956966957201,0.1493877893020824,0.0,0.0,0.0,0.06724613477096428,0.08214165453111813
825,1,0,1,0.07149011687515787,3.7598849665227565,16.985152090197694,24.949786673499972,0.330106312103922,0.41476883842047957,7,0.9646442140571665,1.050520373067705,0.15054886085051822,0.0,0.0,0.0,0.06840877086548545,0.08214008998503278
826,1,1,1,0.0065341084042224605,3.766419074926979,16.93414218845078,24.898940606340965,0.48899563481941133,0.4011361743832406,7,0.9465175001865216,1.0483734690924416,0.1478221753069664,0.48063787262353175,0.0,5.551115123125783e-17,0.066026191083532,0.0817959842234344
827,1,0,1,0.0710117266563609,3.8374308015833396,16.995817700990212,24.979682276074435,0.474794869001214,0.384377484268052,7,1.188244252142694,1.0458270698697936,0.1857567356003157,0.0,0.0,0.0,0.08520459490918422,0.10055214069113147
828,1,2,1,0.006005010167550327,3.84343581175089,17.05405488968296,25.05672459739696,0.46064215224383226,0.4832891068154481,7,1.1846670094418918,1.0493874994266161,0.18518165965160163,0.8062649056083119,0.0,0.0,0.08491630054429021,0.10026535910731144
829,1,0,1,0.07101665612667306,3.914452467877563,17.107614564455325,25.126662543581084,0.4465606647666729,0.46669285070179783,7,1.1762671081334886,1.052769487176998,0.1840664615448574,0.0,0.0,0.0,0.08448892486295607,0.09957753668190132
830,1,0,1,0.07098174878672414,3.985434216664287,17.166928020508042,25.1984096485878,0.4322905401200228,0.45001983748551466,7,1.1869174887603418,1.0558569277009102,0.18565882717760018,0.0,0.0,0.0,0.08562074787990054,0.10003807929769963
831,1,0,1,0.07144946818860702,4.0,17.130132047867864,25.143935863235562,0.420740713400408,0.43637077057227375,7,0.9678636837349758,1.059133441727396,0.15119336179713394,0.0,0.0,0.0,0.0692989603176891,0.08189440147944482
832,1,0,1,0.07160900796297652,4.0,17.054379592860627,25.030009081850825,0.41028705061710863,0.42413964511781166,7,0.8671724613856165,1.0568516977775857,0.13610872942656818,0.0,0.0,0.0,0.06272197669979573,0.07338675272677243
833,1,1,1,0.006016087740889793,4.0,17.109140644393097,25.101714542755495,0.48587256292976005,0.40752227262565693,7,1.1785762293049222,1.0521097168677864,0.18446885737436775,0.9617223037026519,0.0,5.551115123125783e-17,0.08476462242143937,0.09970423495292839
834,1,1,1,0.005977214864625807,4.0,17.16566108038323,25.17516756103256,0.48580126722269784,0.39082441361699966,7,1.1852448339459216,1.0552713796787148,0.18537955071575632,1.4152353775785604,0.0,5.551115123125783e-17,0.08519239666381251,0.10018715405194385
835,1,0,1,0.07095560051196612,4.0,17.225367880864184,25.249115536520467,0.4714807497122934,0.3740701975361944,7,1.1921754920042502,1.0585207160353949,0.18644840154725847,0.0,0.0,0.0,0.08592310506242687,0.10052529648483162
836,1,2,1,0.006362642716043684,4.0,17.212277424072994,25.212177155438578,0.45919741578908496,0.48588489851807254,7,1.0118332475615355,1.0618620854346164,0.15839061243081592,0.7444211852171664,0.0,5.551115123125783e-17,0.0737000035392511,0.0846906088915648
837,1,0,1,0.07149903085471017,4.0,17.168755103093552,25.147677859640236,0.4478373194482809,0.4724596904497331,7,0.952589747710005,1.0606113644877893,0.14871182645486036,0.0,0.0,0.0,0.06816057804482406,0.0805512484100363
838,1,0,1,0.07096751467602494,4.0,17.22803949904895,25.21990798073883,0.4334911324288056,0.4557652405766961,7,1.1894253411223445,1.0579108240683448,0.18624382135507442,0.0,0.0,0.0,0.08607712211685187,0.10016669923822255
839,1,0,0,-0.16848684621189156,3.8315131537881086,17.17084514842218,25.15674655589406,0.42250880136287217,0.44228035758940304,7,0.9408429115231499,1.0611986869946946,0.14680328431935918,0.0,0.0,0.0,0.06589398639560101,0.08090929792375817
840,1,0,1,0.0714537291480665,3.902966882936175,17.14314450767566,25.10526402829108,0.4107044930348626,0.42858981221694287,7,0.979006624258407,1.058189792607906,0.152969122202818,0.0,0.0,0.0,0.07082584996805705,0.08214327223476095
841,1,0,1,0.07098481770150405,3.973951700637679,17.200060432581566,25.176711707310034,0.3964586715493168,0.411931938234547,7,1.184573817324027,1.0562102133991687,0.18542217280765008,0.0,0.0,0.0,0.08547492891327499,0.0999472438943751
842,1,0,1,0.07143984849704113,4.0,17.162743762452912,25.126686501604638,0.38489965393300357,0.39817487780732685,7,0.9720774276632366,1.05941930349729,0.15189646826120032,0.0,0.0,0.0,0.0693541056978795,0.08254236256332081
843,1,0,1,0.07152003134113379,4.0,17.11102317033324,25.06698251690931,0.3737965650884833,0.3846732401183403,7,0.9458111797864388,1.0572357566014388,0.147628359201041,0.0,0.0,0.0,0.06661853306712162,0.0810098261339194
844,1,0,1,0.07097194389031206,4.0,17.17515943908615,25.1444742133705,0.3593451147657892,0.367886772183952,7,1.1960781073951707,1.054450142181064,0.18742750954249449,0.0,0.0,0.0,0.08670870193616449,0.10071880760633
845,1,2,1,0.005942792538796329,4.0,17.239299999744464,25.221656996630692,0.34485730142168386,0.483177338091945,7,1.199314185229916,1.0579908413114165,0.1878628515129622,0.7073206331037116,0.0,5.551115123125783e-17,0.08692688006463191,0.10093597144833029
846,1,0,1,0.07146877700662342,4.0,17.184021013902846,25.167168743419143,0.3337629535949316,0.4694761942275796,7,0.9517566858562125,1.0615239249093789,0.1487729501467065,0.0,0.0,0.0,0.06656608696051405,0.08220686318619244
847,1,0,1,0.0709483249560119,4.0,17.248728849692014,25.240972689380506,0.3192205919444742,0.4527209011679357,7,1.19729152568358,1.0587797439330497,0.18778592826060705,0.0,0.0,0.0,0.08725416990274373,0.10053175835786336
848,1,2,0,-0.23406114212649343,3.7659388578735067,17.309899819260018,25.313070013373043,0.3047456354513635,0.4832396856898719,7,1.1955108320373569,1.062242538476813,0.18741162481943316,1.2163254070076142,0.0,5.551115123125783e-17,0.0868497389586646,0.10056188586076854
849,1,0,1,0.07145849315333909,3.837397351026846,17.25326600839442,25.258775025641352,0.2936812444508433,0.469464159096985,7,0.9546454472185333,1.0655742458158266,0.14903950556044213,0.0,0.0,0.0,0.06638634600312093,0.08265315955732119
850,1,0,1,0.07147558557533853,3.9088729366021844,17.198653633367023,25.180642354644302,0.2825174868346039,0.45627924650430113,7,0.930055979826447,1.0628010258508942,0.14609202125353896,0.0,0.0,0.0,0.06698254569743613,0.07910947555610284
851,1,0,1,0.07091077376752279,3.9797837103697074,17.26839561416572,25.264619590294085,0.26780835099069195,0.4392746235511138,7,1.213201616148765,1.0594823997002831,0.1902825527825964,0.0,0.0,0.0,0.08825481506347209,0.1020277377191243
852,1,0,1,0.07089860413005632,4.0,17.336581972297097,25.345391358819416,0.25308506593841334,0.4222926799926982,7,1.2122835067682023,1.063325380111495,0.19023137166416546,0.0,0.0,0.0,0.08833971031367177,0.10189166135049368
853,1,0,1,0.07137279245753954,4.0,17.290607306994342,25.310168307177932,0.24167805414041324,0.4080449725296817,7,0.9858516163336746,1.0670493332779127,0.15392831556609962,0.0,0.0,0.0,0.06844207078800058,0.08548624477809906
854,1,0,1,0.07092819056787977,4.0,17.350681660374427,25.37986710708647,0.22719123252580897,0.3913004029435327,7,1.1947925436429294,1.0650193903543068,0.18738834720451958,0.0,0.0,0.0,0.08692092968762538,0.1004674175168942
855,1,1,1,0.006391818217050973,4.0,17.30091154163024,25.333963298273115,0.44901589310435597,0.37727727365922403,7,0.9725897916289794,1.0682637191865227,0.15239993578063493,0.10079087645393514,0.0,5.551115123125783e-17,0.06826116007478279,0.08413877570585217
856,1,0,1,0.07144975569066436,4.0,17.250380073497897,25.277049117183317,0.4377616913358324,0.36359307810979224,7,0.9584262217754427,1.0658718709975838,0.1496303839077314,0.0,0.0,0.0,0.06752521061114136,0.08210517329659002
857,1,0,1,0.07143572729811656,4.0,17.200648613555444,25.222242865161824,0.426505031279278,0.34986754095519634,7,0.9586480178030832,1.0631857297670304,0.1498931832669018,0.0,0.0,0.0,0.06753996033932616,0.08235322292757563
858,1,0,1,0.07147280787667068,4.0,17.156613542918894,25.166009820931585,0.41515491486320233,0.3362375628556494,7,0.9603041721011474,1.0605722869679317,0.14988056709373634,0.0,0.0,0.0,0.06810069849645424,0.08177986859728209
859,1,0,1,0.07146371642175395,4.0,17.108894391208832,25.10917453655241,0.4038773060923991,0.32261666631169544,7,0.9535111480070237,1.058065584096262,0.14939103188854297,0.0,0.0,0.0,0.06766565262481959,0.0817253792637234
860,1,0,1,0.07147031384822551,4.0,17.06458924369196,25.059731260382886,0.3925889925801313,0.30887483529391985,7,0.9617032995076322,1.055451723194031,0.15018086718026089,0.0,0.0,0.0,0.06772988107360703,0.08245098610665387
861,1,0,1,0.07094420245342764,4.0,17.13528984471132,25.143834729160044,0.37799512582470424,0.2919420829981085,7,1.207912082398392,1.053108012601871,0.18915971430743023,0.0,0.0,0.0,0.08756320053256239,0.1015965137748678
862,1,0,1,0.07091537537662786,4.0,17.203979076033498,25.230157885133867,0.3634109520919237,0.2749028859543358,7,1.2119905016427848,1.056978114346784,0.18974022465931892,0.0,0.0,0.0,0.087505042396683,0.10223518226263595
863,1,0,1,0.07146598197987868,4.0,17.1466682820644,25.157546295113004,0.3523565652328288,0.2616047994669313,7,0.9309310400392222,1.0608534240291843,0.14611484007899644,0.0,0.0,0.0,0.06632632115456964,0.07978851892442679
864,1,0,1,0.07089670845164193,4.0,17.220860344637256,25.243983004536748,0.3375824688624102,0.2445560330925758,7,1.218234136426037,1.0576053644294352,0.19093717646864497,0.0,0.0,0.0,0.08864457822251154,0.10229259824613345
865,1,0,1,0.07090015456990413,4.0,17.29120794994524,25.327803888141773,0.3228701967762265,0.22751526775543088,7,1.2157895726423533,1.0616210837293503,0.19051822453997141,0.0,0.0,0.0,0.08827363251710192,0.10224459202286951
866,1,0,1,0.07088732142002636,4.0,17.359466290802214,25.40821343581508,0.3081617672240174,0.21050826801004854,7,1.2141431844824626,1.0654752959521754,0.19029257578554865,0.0,0.0,0.0,0.08825057731325466,0.10204199847229403
867,1,0,1,0.07087955205763206,4.0,17.42549443316963,25.486126007343277,0.29345640078689467,0.19351113086986907,7,1.2131327070610411,1.0691919931654326,0.19021502146381333,0.0,0.0,0.0,0.08823219862273651,0.10198282284107679
868,1,0,1,0.07087241836698284,4.0,17.484637152667975,25.56150863681314,0.2789308537919914,0.17653153945122738,7,1.207315859981034,1.0727905110128226,0.18903083048126976,0.0,0.0,0.0,0.08715328196941959,0.10187754851185013
869,1,0,1,0.07086076400300143,4.0,17.544782582427224,25.634520579522388,0.26431574342672387,0.15955985177786333,7,1.2093110172055217,1.0761536447370281,0.18952078823178936,0.0,0.0,0.0,0.0876906621916051,0.10183012604018427
870,1,0,1,0.07085488141661445,4.0,17.60279762868774,25.705686330206966,0.24969666037402474,0.1425896951441256,7,1.2086633759938357,1.0794825790487403,0.18953543811862122,0.0,0.0,0.0,0.08771449831619477,0.10182093980242643
871,1,0,1,0.07128922319833471,4.0,17.55952038119848,25.66496067727177,0.23796895475426974,0.12823995632537197,7,0.9987091985479107,1.0827120989723678,0.15646466663105163,0.0,0.0,0.0,0.0703662337185299,0.08609843291252173
872,1,0,1,0.07084981564455943,4.0,17.61480994218622,25.735187829237102,0.2234222731135125,0.11127568937276792,7,1.2061287394148252,1.0806120264617565,0.18906569156016767,0.0,0.0,0.0,0.08728008984454348,0.10178560171562417
873,1,0,0,-0.1691367837772814,3.8308632162227187,17.66222220541554,25.79814551672621,0.20908779753380644,0.09443744013958962,7,1.1941198950040122,1.0837499442855831,0.1870363488773063,0.0,0.0,0.0,0.08600685347823639,0.10102949539906995
874,1,0,0,-0.16915256880325383,3.661710647419465,17.711164002158256,25.861964122410804,0.1946546641426058,0.07754689099078564,7,1.1992695954808537,1.0865091930535438,0.18794209524002803,0.0,0.0,0.0,0.08659880034720413,0.1013432948928239
875,1,0,1,0.07084071698273268,3.7325513644021977,17.761819083450128,25.9215338619724,0.18012214778507185,0.060718640621139276,7,1.1995530239676941,1.0893282031142264,0.18816460036308158,0.0,0.0,0.0,0.08719509814520342,0.10096950221787812
876,1,0,0,-0.16867806427616105,3.5638733001260365,17.698154964123383,25.848048766640265,0.16876652566477038,0.047019079120028846,7,0.9549346089766827,1.0920838236355632,0.15033110172847158,0.0,0.0,0.0,0.06813373272180898,0.0821973690066626
877,1,0,0,-0.1687254307691083,3.3951478693569284,17.65198767971899,25.797800358101796,0.1569705767071126,0.032808079699196614,7,0.9922394003262305,1.0886550932690913,0.15604169027093995,0.0,0.0,0.0,0.0707756937459466,0.08526599652499334
878,1,1,1,0.005826133214529725,3.400974002571458,17.706927251171873,25.867621006797684,0.3763675812835329,0.015778341742859175,7,1.2110049210942895,1.0862447009455196,0.1897953605938211,0.09600103968568174,0.0,0.0,0.0876169328557964,0.10217842773802469
879,1,0,1,0.07146158499908073,3.472435587570539,17.614814571182148,25.676077507939752,0.3658909349501897,0.005178739916699371,7,0.8057075276015807,1.089363706449239,0.1264574889570183,0.0,0.0,0.0,0.06285987800005947,0.07554154809654154
880,1,2,1,0.006742019885970515,3.4791776074565095,17.469357039983322,25.468070788881672,0.3569642407153572,0.24476442360228493,7,0.7288080517211418,1.0822723019780474,0.11604606329548155,0.0,0.0,0.0,0.05356016540899473,0.06248589788648681
881,1,0,1,0.0709049503985993,3.550082557855109,17.523040220743866,25.53882290357498,0.3425680801169862,0.2279122285349874,7,1.1978709911754835,1.0734356957216247,0.18749013399401113,0.0,0.0,0.0,0.08637696359022604,0.10111317040378509
882,1,0,1,0.0709008853340322,3.6209834431891412,17.57197504677911,25.606617931164998,0.32827520412710737,0.2110862479997774,7,1.193276431733228,1.0765465781079713,0.18671313915053275,0.0,0.0,0.0,0.08575725593927304,0.10095588321125973
883,1,0,1,0.07088389243578239,3.6918673356249236,17.619975189685228,25.673343852826218,0.31396088890049595,0.1942454298179199,7,1.1941908890159383,1.079464824448603,0.18693080045081398,0.0,0.0,0.0,0.08588589135966843,0.10104490909114552
884,1,1,1,0.0058581794295311015,3.697725515054455,17.67001773591748,25.74053029869393,0.48296226906961937,0.1773506783447426,7,1.1995619681627518,1.0823329760627862,0.18781490672871287,0.39954532109561014,0.0,5.551115123125783e-17,0.08644639788964947,0.1013685088390634
885,1,0,1,0.07085264267006465,3.7685781577245194,17.714323195662963,25.806701604408985,0.4687094618127854,0.16045407550238688,7,1.195740466325824,1.0852637008652852,0.18689646059513837,0.0,0.0,0.0,0.08551684354100392,0.10137961705413444
886,1,0,1,0.07085855354449329,3.8394367112690126,17.756130265661767,25.86735929840023,0.4545004793116921,0.14364966376672947,7,1.1904903839918526,1.0880256200017988,0.18608036542050377,0.0,0.0,0.0,0.08525389500655932,0.10082647041394441
887,1,0,1,0.0714364190472689,3.9108731303162814,17.671110038212433,25.757563952902988,0.44383724608619657,0.13089329334849278,7,0.8957716661549666,1.0905872391015503,0.14051762186239353,0.0,0.0,0.0,0.06397939935297339,0.07653822250942016
888,1,0,1,0.07079562717806485,3.9816687574943463,17.72668350575402,25.831880629282676,0.42924401668814854,0.1137863620450721,7,1.2156069936991654,1.0857168497778855,0.19020096420881225,0.0,0.0,0.0,0.08755937638828824,0.10264158782052402
889,1,2,1,0.00581347129664279,3.9874822287909892,17.774252094861996,25.901025488152342,0.414857243923562,0.34676092336282444,7,1.205677551353555,1.0889641033759174,0.18847326868100495,0.0,0.0,0.0,0.0863206365875192,0.10215263209348575
890,1,0,0,-0.16848685378153014,3.818995375009459,17.672986225179336,25.766077105045362,0.40468100084940123,0.33456037913749553,7,0.8556676867857186,1.0918819395753583,0.13426072379693876,0.0,0.0,0.0,0.06105745844496471,0.07320326535197404
891,1,1,1,0.00646880470698712,3.8254641797164464,17.589229567166992,25.655554499655228,0.48936323031773304,0.32187502312774224,7,0.8916973198531379,1.0859765832556176,0.1399327541521211,0.9280860050964074,0.0,5.551115123125783e-17,0.06382061809360173,0.07611213605851938
892,1,1,1,0.006600943272806757,3.832065122989253,17.479271800808498,25.50946177339844,0.49017908200084426,0.3100617908299144,7,0.8250691090552738,1.0811196016705553,0.12980490178190152,1.4361793819063982,0.0,5.551115123125783e-17,0.05892550799493429,0.07087939378696724
893,1,0,1,0.07089432321315367,3.9029594462024066,17.528799166334284,25.575945249358337,0.4759243154746247,0.29329898949080957,7,1.1907291808408593,1.0747183393551736,0.1861054071919459,0.0,0.0,0.0,0.085528599157317,0.1005768080346289
894,1,1,1,0.006417850600599037,3.909377296803006,17.471807372840786,25.512262606244107,0.48879049675092645,0.2796377954008343,7,0.9569441737845882,1.0776186103923155,0.14922418403429252,1.3555458928477488,0.0,5.551115123125783e-17,0.06725701949444102,0.0819671645398515
895,1,0,1,0.07088597821880174,3.9802632750218074,17.521623235317957,25.580749467428404,0.4745443111433682,0.26282191485382833,7,1.1929044731385878,1.0746017494771225,0.18637239692738566,0.0,0.0,0.0,0.08547711364534963,0.10089528328203606
896,1,0,0,-0.1684822876747987,3.8315177123252013,17.43182366049618,25.460020673419326,0.46423437401862716,0.2504548770505867,8,0.867030948737802,1.077559317568659,0.1360618495678957,0.0,0.0,0.0,0.061859622748446,0.07420222681944968
897,1,0,1,0.0715721125678021,3.9030898248930033,17.33888296291571,25.337393312843545,0.4540547380849084,0.2381985867683495,8,0.8567280501916368,1.0722961083478877,0.13461555729573593,0.0,0.0,0.0,0.06107781560231282,0.0735377416934231
898,1,0,1,0.07136767943150439,3.9744575043245076,17.295561320430004,25.28895591291926,0.4425300983500334,0.22427243873227512,8,0.9751478644839892,1.0669069068939816,0.15270472662569612,0.0,0.0,0.0,0.0691478384092499,0.08355688821644625
899,1,1,1,0.005903892448162628,3.98036139677267,17.35257208363337,25.37047471611892,0.4856592368676997,0.20727044536265915,8,1.2031424972367586,1.0646129308337315,0.18805653901149816,1.1551805901002004,0.0,5.551115123125783e-17,0.08604457879380231,0.10201196021769585
900,1,0,1,0.07085392213478663,4.0,17.417815178598943,25.455662190393536,0.4710320755187676,0.1901424272644998,8,1.2185067392339963,1.068076169993807,0.19053107668254843,0.0,0.0,0.0,0.08776296809359212,0.10276810858895634
901,1,2,1,0.006391869551907884,4.0,17.36340311933771,25.407308210860137,0.45980457731435026,0.42618845457858234,8,0.9690708954301854,1.071836934224812,0.1510888253420085,0.0,0.0,0.0,0.06736498922650362,0.08372383611550484
902,1,0,1,0.07095311474628956,4.0,17.407968832119746,25.46557653973101,0.4457845401921598,0.40967368384420366,8,1.172101824907852,1.0692677832549464,0.18320884713941582,0.0,0.0,0.0,0.08412022273314364,0.09908862440627218
903,1,0,1,0.07136366989906291,4.0,17.376378074300263,25.413221515238654,0.43391581629626946,0.39581816661247754,8,0.9878928519844317,1.071838634296269,0.1543454467656975,0.0,0.0,0.0,0.07121234337534126,0.08313310339035626
904,1,0,1,0.07092945137273098,4.0,17.42710637160514,25.47676939970978,0.4196870000072586,0.37917269694159406,8,1.1840161715144746,1.0697399897384732,0.18524571575936635,0.0,0.0,0.0,0.08537289773406495,0.0998728180253014
905,1,0,1,0.07140963743429439,4.0,17.380744610226415,25.41795456484634,0.40823957746841666,0.36544857782376766,8,0.967420298040707,1.072596894282873,0.15102924994001096,0.0,0.0,0.0,0.06868453523305243,0.08234471470695853
906,1,0,0,-0.16858656081874515,3.831413439181255,17.335927117770428,25.36072946801873,0.3967787730235206,0.3517238060462891,8,0.9679248900932189,1.0699674793768188,0.15111345733424653,0.0,0.0,0.0,0.06876482666937563,0.08234863066487091
907,1,0,1,0.07092678639625218,3.902340225577507,17.38972428837599,25.42889252021388,0.38248185634508675,0.33499502646416596,8,1.189376637445445,1.067416414644729,0.18615417756334285,0.0,0.0,0.0,0.08578150007060344,0.10037267749273937
908,1,1,1,0.006399851504705029,3.908740077082212,17.340599247587235,25.375881091219906,0.48864212078436436,0.3211443612370854,8,0.9683289504320142,1.0704654202147468,0.1512512666562966,0.7948911380705207,0.0,5.551115123125783e-17,0.06814727529381365,0.08310399136248295
909,1,0,1,0.07089752042636949,3.9796375975085816,17.398706981437652,25.451191572505884,0.47422478419919495,0.30424753819842587,8,1.201330223606576,1.0679120084701785,0.1878849577429735,0.0,0.0,0.0,0.08650401951101619,0.1013809382319573
910,1,0,0,-0.1685572811185054,3.8110803163900764,17.338876662754863,25.388042573389075,0.4631544596427435,0.2906326767765277,8,0.948268146048993,1.0712474638485885,0.14811111587009773,0.0,0.0,0.0,0.06642194733870908,0.08168916853138866
911,1,2,1,0.006412724036745774,3.817493040426822,17.302031347218893,25.33250846997063,0.4514990620470227,0.486284372342851,8,0.975793561949182,1.0681729809035985,0.1522261515172184,0.24379606065916637,0.0,0.0,0.06993238557432442,0.08229376594289398
912,1,0,1,0.07093557548093768,3.8884286159077597,17.36077809044093,25.39947549545581,0.4370862666248682,0.46960712656670517,8,1.1915772641369562,1.0658634954297381,0.18654024718980278,0.0,0.0,0.0,0.0864767725329275,0.10006347465687528
913,1,0,1,0.07093210158929543,3.9593607174970553,17.41401736632374,25.46339757744125,0.422773555296817,0.4529598788142253,8,1.1861676975156659,1.0690063396474185,0.18575975448318655,0.0,0.0,0.0,0.0858762679683073,0.09988348651487927
914,1,1,1,0.006479554911151609,3.965840272408207,17.353278303102975,25.382483650880587,0.48892548817043907,0.4397385682194937,8,0.9302823838127,1.0719353735941248,0.14577493454575496,1.0366413317809016,0.0,0.0,0.0664470709773658,0.07932786356838918
915,1,0,1,0.0715163905578806,4.0,17.286025316797136,25.312606854268694,0.4781349614882335,0.4263276642842666,8,0.9312642659318532,1.068394048849589,0.14520858370459586,0.0,0.0,0.0,0.06474316009323364,0.08046542361136223
916,1,0,1,0.0715123608794332,4.0,17.22147132583204,25.21977736653764,0.46722488631811543,0.4134962783511438,8,0.9075823255804996,1.0649658042766457,0.14244876661944503,0.0,0.0,0.0,0.06546045102070785,0.0769883155987372
917,1,2,0,-0.23346207263084737,3.7665379273691526,17.157982170494563,25.149663603226273,0.45641234465040253,0.4867045271105046,8,0.9274282986603968,1.061031217309242,0.14464808734324977,0.9809776701068629,0.0,5.551115123125783e-17,0.06487525000627742,0.07977283733697234
918,1,0,1,0.07097603913230358,3.837513966501456,17.218275910783454,25.220609875613828,0.4420527689277283,0.4700390984919789,8,1.1889311570194687,1.057691144343021,0.18615002604719955,0.0,0.0,0.0,0.08615745433604514,0.09999257171115442
919,1,2,1,0.006345162058810548,3.8438591285602666,17.21358865823645,25.193108303397707,0.42952838325152953,0.4856687853792654,8,1.0287833198968026,1.0609721446599323,0.1611336017816009,1.3202345909518731,0.0,0.0,0.07514631405719296,0.08598728772440795
920,1,0,0,-0.16848108781771065,3.675378040742556,17.16549550361377,25.12538025279526,0.4182707909872279,0.4723416048642222,8,0.9443462188157271,1.0601674240408538,0.1475086366760684,0.0,0.0,0.0,0.06754555358580969,0.07996308309025871
921,1,2,1,0.006522978370322711,3.6819010191128787,17.12665826796215,25.061122746226513,0.4068063005154063,0.4866384788513302,8,0.9541771516898564,1.057271893910226,0.14895606972294873,1.3340496291853334,0.0,5.551115123125783e-17,0.06878694283092981,0.08016912689201891
922,1,0,1,0.07099429187592927,3.752895310988808,17.183973681423744,25.132979153972894,0.3925569613766933,0.46999512922999354,8,1.1838663465626944,1.0546945253547166,0.1853561325602975,0.0,0.0,0.0,0.08549603483227759,0.09986009772801993
923,1,0,1,0.07098998855241209,3.82388529954122,17.238380005480227,25.203146067874723,0.37834959432821097,0.45335086825859877,8,1.1824970588432269,1.057923820884916,0.18510976811926222,0.0,0.0,0.0,0.08524420229089387,0.09986556582836836
924,1,1,1,0.005980730620008465,3.8298660301612286,17.291429325662833,25.271669633890767,0.4857702969677309,0.43670352193602424,8,1.1826110380325237,1.0610381518338738,0.18526229612906236,0.7700975659692663,0.0,5.551115123125783e-17,0.08537821819361502,0.09988407793544733
925,1,2,1,0.006470925029517531,3.8363369551907462,17.2522061243058,25.210939237030196,0.47423031082977646,0.48646995175559377,8,0.9641238757712409,1.06407747398884,0.15042020629416356,1.1202211316161454,0.0,5.551115123125783e-17,0.0692399168277262,0.08118028946643738
926,1,0,1,0.07098800025525685,3.9073249554460032,17.302863965849973,25.27639323965937,0.4600932569338559,0.46988590873467717,8,1.1776904782067483,1.0615786340334001,0.1843265815010228,0.0,0.0,0.0,0.0848223233755232,0.09950425812549958
927,1,2,1,0.005938051153610462,3.913263006599614,17.360135392860222,25.34585183463453,0.44572183330506815,0.4832955373913155,8,1.1912114521231412,1.0644814301377337,0.18645531742483354,1.319315452408063,0.0,0.0,0.08622854177272621,0.10022677565210729
928,1,0,1,0.07091133710908087,3.9841743437086947,17.420179340144923,25.416596893068956,0.43120897075422754,0.46651805719467515,8,1.1984386864064922,1.067649680687369,0.18774205648488584,0.0,0.0,0.0,0.08707717530504407,0.10066488117984176
929,1,2,1,0.006364919550918326,3.990539263259613,17.39998526952323,25.37292258564178,0.4190284907838053,0.4859488828818876,8,1.007051027781479,1.070919405830347,0.15738958253120872,1.2991083431680508,0.0,0.0,0.07308287982253378,0.08430670270867495
930,1,0,1,0.07096405547845956,4.0,17.447793419889884,25.430667820873463,0.40484436008864616,0.46945464584616253,8,1.1748760819774606,1.0693226963791254,0.18407020638530425,0.0,0.0,0.0,0.08510478417095443,0.09896542221434981
931,1,2,1,0.006430069646576254,4.0,17.390548635939176,25.359348830642027,0.39359898675616484,0.4865732336884104,8,0.9433977568369425,1.0719615310190838,0.14803283786442556,1.3167278750769753,0.0,5.551115123125783e-17,0.06747223999488812,0.08056059786953745
932,1,0,1,0.07093999841987603,4.0,17.441763810800584,25.423955705533874,0.3793285352205818,0.4699284532164552,8,1.1845694864177847,1.0687474366645302,0.18549139204522935,0.0,0.0,0.0,0.08562270921349806,0.09986868283173127
933,1,0,1,0.07140993959996242,4.0,17.389740193595372,25.36842317190162,0.3680165002111391,0.4561288347470313,8,0.9640868370708974,1.0716429879083615,0.1506699208731995,0.0,0.0,0.0,0.0678722100566565,0.082797710816543
934,1,0,1,0.07094559963797299,4.0,17.438640617603067,25.431378069712142,0.353804182142294,0.4395148929280189,8,1.180809405955639,1.068954084137425,0.18495755932714558,0.0,0.0,0.0,0.08527390841307078,0.09968365091407479
935,1,0,1,0.07145128163006735,4.0,17.378234693678422,25.35120460406492,0.3426520231016534,0.4262844832851029,8,0.9311710776110136,1.0717504671828804,0.14629541210133917,0.0,0.0,0.0,0.06691295424384312,0.07938245785749604
936,1,0,1,0.07094975907786603,4.0,17.426682330433827,25.415005243321758,0.32847112046216304,0.4096554009757463,8,1.1804842584558264,1.0682359824435836,0.18485990969308164,0.0,0.0,0.0,0.08508541583694218,0.09977449385613944
937,1,0,1,0.07091682400577608,4.0,17.479861563916927,25.47974269966054,0.3140976334749486,0.3929666146049872,8,1.188958879165774,1.0710421893438897,0.1863736401478413,0.0,0.0,0.0,0.08624092192328656,0.10013271822455473
938,1,0,1,0.07164908665860355,4.0,17.367772035661865,25.33694180444293,0.3044759379334535,0.38119991011137594,8,0.819099683116767,1.0739901065894368,0.12833040021063818,0.0,0.0,0.0,0.05773017324897062,0.07060022696166754
939,1,0,1,0.07091132686563963,4.0,17.42638038527723,25.409561823765372,0.2899681689081744,0.36437304204781656,8,1.1988462149404213,1.06761784600262,0.18800782253303067,0.0,0.0,0.0,0.08704661415167445,0.10096120838135621
940,1,0,1,0.07138895142471097,4.0,17.374763095603853,25.354395017117696,0.27858760173275604,0.3505426082019804,8,0.9641144589050141,1.070898555226065,0.15126600612752727,0.0,0.0,0.0,0.06828340305251021,0.08298260307501705
941,1,0,1,0.0714293061753115,4.0,17.31803585740225,25.28299206035973,0.26738304131778684,0.3371279854821396,8,0.9400987578584716,1.0682289528180389,0.14771509880885972,0.0,0.0,0.0,0.06722736248981508,0.08048773631904464
942,1,0,1,0.0713618628428136,4.0,17.27622205293966,25.24357123181992,0.25580144705166097,0.32300254363223185,8,0.9837910649416429,1.0650256979440496,0.15424221669620208,0.0,0.0,0.0,0.06948956559675533,0.08475265109944675
943,1,1,1,0.005920778399067016,4.0,17.340142437989165,25.31763379798327,0.4698400093461586,0.30619481797268905,8,1.2009777833318498,1.0629948321189895,0.18832773839717248,0.1282872417930988,0.0,0.0,0.08748138443991572,0.10084635395725679
944,1,2,1,0.005888059125606119,4.0,17.399854302798797,25.396729937215362,0.45538254994719435,0.48304591365003907,8,1.2052524099410333,1.066444405899311,0.18846927449355091,0.3371689078361342,0.0,5.551115123125783e-17,0.08674475639378543,0.1017245180997655
945,1,0,1,0.07149797412631,4.0,17.337244101529706,25.319932237419636,0.44440485504072275,0.4697833377906053,8,0.9305067049355386,1.0699146060003542,0.1454416245954323,0.0,0.0,0.0,0.06586616943882967,0.07957545515660265
946,1,0,1,0.07093858041307327,4.0,17.391556458354373,25.385389544335666,0.43009958338658977,0.45315059216630055,8,1.1861990722144296,1.0664294084737336,0.18562810367062638,0.0,0.0,0.0,0.08583162992479769,0.09979647374582871
947,1,0,1,0.07094916912537542,4.0,17.441578246464452,25.444941386028816,0.41587899697354863,0.4366186473577707,8,1.1789972798704806,1.069423650067251,0.18451518732942515,0.0,0.0,0.0,0.08532351847824636,0.0991916688511788
948,1,0,1,0.07149222249670993,4.0,17.37740878312692,25.35800026005756,0.4048539104396991,0.42355834250934504,8,0.9210524015035423,1.0721629908123318,0.14451234829365137,0.0,0.0,0.0,0.06615051920309761,0.07836182909055375
949,1,0,1,0.07093832750622042,4.0,17.42905623333477,25.42367814966687,0.39060611242723936,0.4068939663092544,8,1.185710565896772,1.068385226079612,0.18547304527530226,0.0,0.0,0.0,0.08548678807475817,0.09998625720054406
950,1,0,1,0.07143216674597004,4.0,17.375519623190534,25.36205925161162,0.37934515633737337,0.3932382495048447,8,0.9561628513755545,1.071318359575041,0.1495000373656545,0.0,0.0,0.0,0.06756573653919659,0.08193430082645792
951,1,1,1,0.005907479662453808,4.0,17.43444864741619,25.43140217085039,0.48551950464270893,0.3764813847502637,8,1.1967114153344767,1.0684394718700538,0.18742416067123313,0.77607093802424,0.0,5.551115123125783e-17,0.08688297214374645,0.1005411885274867
952,1,1,1,0.006444890751335113,4.0,17.37773140270758,25.3702416599171,0.4888428512721728,0.3628425605170378,8,0.953768514814769,1.0716462704566645,0.14877583776631814,1.4131170278562535,0.0,5.551115123125783e-17,0.06694289236696294,0.08183294539935522
953,1,0,0,-0.16858305396788545,3.8314169460321144,17.325620629011414,25.312512964086118,0.47755810520984254,0.3491346492780973,8,0.9588598570384659,1.0686993265656173,0.14995594380762436,0.0,0.0,0.0,0.06770847637398152,0.08224746743364283
954,1,2,1,0.006490563284385605,3.8379075093165,17.26381423200897,25.247304683944066,0.46658910563572736,0.48652229654043927,8,0.9389386626829416,1.0659533398274383,0.14668021820205598,0.5948078956685837,0.0,5.551115123125783e-17,0.06581399744469148,0.08086622075736451
955,1,0,1,0.07095833206345831,3.908865841379958,17.317107516582148,25.31331530902836,0.45236849384686506,0.4699183793427135,8,1.1820818825562998,1.0627779728988258,0.18494717391952767,0.0,0.0,0.0,0.0853236707331736,0.09962350318635406
956,1,2,1,0.005961163481037853,3.914827004860996,17.37017675041507,25.37470075662125,0.4381289699285555,0.4834668913413475,8,1.1802152520660714,1.0657605706402626,0.1846357954617721,1.3195102760562811,0.0,5.551115123125783e-17,0.08543714350985712,0.09919865195191499
957,1,0,1,0.07089837536012937,3.985725380221125,17.43299204346382,25.445617755619125,0.4235257177931184,0.4666735242625204,8,1.2023542297225354,1.068621937675908,0.18837971528558584,0.0,0.0,0.0,0.08761951281262323,0.10076020247296258
958,1,0,1,0.07091820034162886,4.0,17.487857579104706,25.508347112078408,0.40910751377077986,0.4500288080940414,8,1.1895601370772426,1.0719652449770736,0.18637752114490472,0.0,0.0,0.0,0.08650922413403088,0.09986829701087382
959,1,0,1,0.07140973329434538,4.0,17.436337649101574,25.443530585614806,0.3976961266006043,0.4363921491780647,8,0.9585686608128419,1.0749051172795778,0.15028827651691384,0.0,0.0,0.0,0.06846832302105346,0.08181995349586038
960,1,0,1,0.0714158129414747,4.0,17.389463267360156,25.386814593272142,0.38624923493955077,0.4226304673253592,8,0.9684063317838263,1.0719967058679094,0.15125144108255392,0.0,0.0,0.0,0.06868134996632091,0.08257009111623301
961,1,1,1,0.0064287699330967465,4.0,17.335493531111915,25.330283056696825,0.4887624133401109,0.4088830107103641,8,0.9589056736922523,1.0694069465158074,0.14991025964930524,0.8174954096373046,0.0,0.0,0.06742551995933481,0.08248473968997043
962,1,0,1,0.07143408468520925,4.0,17.296817894496947,25.272940298039888,0.4771591289748843,0.39522652650975276,8,0.9706260194233092,1.0666444146952185,0.15155861139502813,0.0,0.0,0.0,0.06961970619135951,0.08193890520366862
963,1,0,1,0.07093508669047328,4.0,17.352283125570374,25.344198008653024,0.4628496979374738,0.3784819586236255,8,1.1909668964999902,1.0642439548134208,0.1863239935412255,0.0,0.0,0.0,0.08585658622446252,0.10046740731676296
964,1,0,1,0.07142284182380115,4.0,17.31085268324407,25.28863690827516,0.45130567515807224,0.36476323556686224,8,0.9704204856514131,1.067412028355585,0.15157647501698948,0.0,0.0,0.0,0.06926413667640978,0.08231233834057972
965,1,0,1,0.07093402519405298,4.0,17.36682582231108,25.358806222214582,0.43696166056354985,0.3480346834495612,8,1.1911296927944102,1.0649872397879807,0.18643540027093997,0.0,0.0,0.0,0.0860640875671339,0.10037131270380607
966,1,0,0,-0.16860436586235186,3.8313956341376483,17.334194870185936,25.306530776352396,0.4251520941577743,0.33424146324502174,8,0.9832344031258147,1.0681408011131415,0.15361671966189053,0.0,0.0,0.0,0.07085739843465394,0.08275932122723657
967,1,2,1,0.00592774808568342,3.8373233822233317,17.39149302994837,25.378262965112235,0.41075457374922797,0.4832200310374115,8,1.1950484896857312,1.0660181411634584,0.1870649362268088,0.5054487794701307,0.0,0.0,0.08638512245127798,0.10067981377553081
968,1,0,1,0.0709916741511521,3.9083150563744837,17.435383232455628,25.434651729282457,0.39669307070723736,0.46676110059372283,8,1.1695228665539958,1.0692438998765152,0.1831226009140755,0.0,0.0,0.0,0.08436901825194328,0.09875358266213223
969,1,0,1,0.07141767002684693,3.9797327264013305,17.395361923217287,25.375512025070897,0.38506052645431027,0.45309943020107274,8,0.9725898605935505,1.071750874043452,0.15176528787346322,0.0,0.0,0.0,0.06979526551756284,0.08197002235590038
970,1,0,1,0.07150750456110885,4.0,17.333217315846166,25.30533150564705,0.3740813985202254,0.43969788951680394,8,0.9369467219122376,1.0692718487072046,0.1462840117101221,0.0,0.0,0.0,0.0658747676045091,0.08040924410561301
971,1,0,1,0.07139211626572058,4.0,17.304429834214403,25.260910994400803,0.3621734699049058,0.42574597951268606,8,0.9927557276593217,1.0659637205373305,0.15515903171662512,0.0,0.0,0.0,0.0714475716919177,0.08371146002470743
972,1,0,1,0.0714338350343569,4.0,17.253522370386587,25.205502457575054,0.35088835315194483,0.4120384042449778,8,0.9578175200618129,1.0641335207153801,0.14995615212401536,0.0,0.0,0.0,0.06771070051776584,0.08224545160624952
973,1,0,1,0.07146453364432384,4.0,17.20026702311408,25.130573761483554,0.3396666288780352,0.39881269457173124,8,0.9332915773350344,1.0614756206990412,0.1466846036829367,0.0,0.0,0.0,0.06733034564345773,0.07935425803947899
974,1,0,1,0.07144638266104664,4.0,17.153463830352695,25.081676703053372,0.328352468739127,0.385017769485741,8,0.9625707684233759,1.0582710196149407,0.15065451134939079,0.0,0.0,0.0,0.06788496083344932,0.08276955051594148
975,1,0,1,0.07098572530200833,4.0,17.215098725241514,25.153847391927194,0.3139451467139934,0.3683489791378382,8,1.1896840970977909,1.0558785133351516,0.18645667423821846,0.0,0.0,0.0,0.08644393215080165,0.10001274208741683
976,1,0,1,0.07143772243650179,4.0,17.168856455884892,25.10975176761879,0.3026160175827424,0.35443234017517894,8,0.9688857592641931,1.0592236529292176,0.15147460856346115,0.0,0.0,0.0,0.06797477478750544,0.0834998337759557
977,1,0,1,0.07141773211741964,4.0,17.128228363217296,25.068896304988023,0.29112906445983455,0.3404514430928196,8,0.975481650289232,1.0569652055875922,0.15280710123160374,0.0,0.0,0.0,0.06892171873744754,0.08388538249415618
978,1,0,1,0.07093014895345053,4.0,17.200216837892313,25.15200303541427,0.2764316840967402,0.32352960777650597,8,1.210023321806394,1.0549281167051332,0.18971529407644774,0.0,0.0,0.0,0.08818428217856623,0.10153101189788154
979,1,0,1,0.07144934781968927,4.0,17.153294584804083,25.10655811137083,0.26511113011213366,0.30963797658759756,8,0.9664383197009951,1.0588054968326648,0.15127311104108973,0.0,0.0,0.0,0.06792332390763928,0.08334978713345044
980,1,0,1,0.07141475886397387,4.0,17.11477730473928,25.073719207870912,0.25360938943739497,0.2954896951543777,8,0.9851401338396472,1.056496317404373,0.1539001326477512,0.0,0.0,0.0,0.06901044404843198,0.08488968859931922
981,1,0,1,0.0709533588366226,4.0,17.183051443942396,25.15588420190689,0.23902745511411438,0.2785873063622441,8,1.2051515460543505,1.0547124128152547,0.18890593869248537,0.0,0.0,0.0,0.08749160593968364,0.10141433275280172
982,1,0,1,0.07096105082909997,4.0,17.245541388157474,25.23184948192034,0.2245533180832633,0.261779665154452,8,1.1969286153747625,1.058473391146232,0.1876906694318592,0.0,0.0,0.0,0.08684482218510645,0.10084584724675275
983,1,0,1,0.0709121612821613,4.0,17.311160435845984,25.312650594920378,0.20995345804060472,0.24481236773681594,8,1.2083549324404914,1.0619347717519454,0.1894029447617673,0.0,0.0,0.0,0.08759916025595127,0.10180378450581606
984,1,0,1,0.07090119885990985,4.0,17.377046697345648,25.392227518899315,0.19528948337338037,0.22782732392966962,8,1.2110584612477546,1.0655952757691591,0.18989411084622393,0.0,0.0,0.0,0.0879838480033461,0.10191026284287787
985,1,0,1,0.07088590530400914,4.0,17.442272086115757,25.469310662726166,0.18058950203472937,0.21085458609813254,8,1.21154038800309,1.069231855406124,0.19003631502112855,0.0,0.0,0.0,0.08819988803190591,0.10183642698922266
986,1,0,1,0.0713248793251072,4.0,17.399974524459516,25.43890538993728,0.16893538120783202,0.19639687557258903,8,1.0000867342759192,1.0727895687210482,0.15667098811464528,0.0,0.0,0.0,0.0699247249613843,0.08674626315326096
987,1,0,0,-0.16869766434669012,3.83130233565331,17.364100557374783,25.40702545636845,0.15707496541244667,0.18199057763832782,8,1.003218097206355,1.07097199785992,0.15760028237787937,0.0,0.0,0.0,0.07116249477231203,0.08643778760556738
988,1,1,0,-0.23410502476037293,3.597197310892937,17.42777836049121,25.483138570435493,0.3830946175726722,0.1650350846488501,8,1.2090690675270523,1.0692781503435809,0.18968073627522555,0.05593430870028748,0.0,5.551115123125783e-17,0.0879477783383593,0.10173295793686622
989,1,0,1,0.07145907402346531,3.6686563849164027,17.36003082801298,25.393341163142463,0.3721483761179188,0.15201190054842031,8,0.9152279835019079,1.0727729232731675,0.14381655333109913,0.0,0.0,0.0,0.06567744872852038,0.07813910460257875
990,1,2,1,0.005887153712712829,3.6745435386291154,17.421651830399185,25.473600900340834,0.35760916097980194,0.38497317750418514,8,1.2107150393634636,1.068834299778886,0.1894676290941123,0.0,0.0,0.0,0.08723529082870146,0.10223233826541081
991,1,0,1,0.07144430982281577,3.7459878484519313,17.36483310682791,25.413161161075053,0.3464868427365531,0.37126203354456583,8,0.9551228554314463,1.0723813182685005,0.14900077321720814,0.0,0.0,0.0,0.06673390945949251,0.08226686375771566
992,1,0,1,0.07093873421754567,3.816926582669477,17.422331788192402,25.47533680682742,0.33204662948893593,0.35464448787149894,8,1.189124183814429,1.0694498566975743,0.18634655352410526,0.0,0.0,0.0,0.08664127948570341,0.09970527403840188
993,1,0,0,-0.16858524646488965,3.6483413362045876,17.36762961436159,25.419134719741074,0.3208096880085895,0.34083296477258357,8,0.9615374539583416,1.0724417148754957,0.1502907874755709,0.0,0.0,0.0,0.06742164888207865,0.08286913859349222
994,1,0,1,0.07092886018023578,3.7192701963848234,17.42623825383299,25.48366557070194,0.30631808056729254,0.324151722643598,8,1.1928085987848356,1.0696691083525667,0.18703709742169464,0.0,0.0,0.0,0.08694964464778138,0.1000874527739132
995,1,2,1,0.006425465023080278,3.7256956614079035,17.36923066028646,25.40756377084117,0.2950760666105844,0.4866282114073049,8,0.9396382022060668,1.0727475956133734,0.14768281529641986,0.4449103358615881,0.0,0.0,0.06745208374024923,0.08023073155617062
996,1,0,0,-0.168501951935313,3.5571937094725907,17.30249875555132,25.311751293219366,0.2841810885545732,0.47377448411891904,8,0.9068754784212482,1.0694198607781908,0.14249223206638265,0.0,0.0,0.0,0.06536986833606737,0.0771223637303153
997,1,0,1,0.07145417311582107,3.6286478825884116,17.248341264288776,25.259163727928943,0.27305599098773153,0.4599810145665359,8,0.9586111946662971,1.0653562512192671,0.14951140271534835,0.0,0.0,0.0,0.06675058540104964,0.08276081731429871
998,1,0,0,-0.16903699709660644,3.4596108854918053,17.30583373643249,25.330181670020757,0.25866832269062373,0.44324044062163237,8,1.1911980390409722,1.0626876248054429,0.1867694534520677,0.0,0.0,0.0,0.08632600978264655,0.10044344366942112
999,1,0,1,0.07143901515315165,3.531049900644957,17.252643091094164,25.26681261261399,0.24744622218545187,0.42965883281097517,8,0.9493406824162413,1.0659003851613311,0.1488222498949751,0.0,0.0,0.0,0.06733260303103168,0.08148964686394344
1000,1,0,1,0.07143246414471083,3.602482364789668,17.204462616343044,25.20683897796267,0.23611220236924713,0.41603607157011163,8,0.95483228319026,1.0629863925927039,0.1497406863424095,0.0,0.0,0.0,0.06800411889722828,0.08173656744518121
1001,1,0,1,0.07143778972203943,3.6739201545117073,17.153432867366362,25.160097371231956,0.224913667279904,0.4021366310473851,8,0.9625111841502523,1.060282539857643,0.15058785367241798,0.0,0.0,0.0,0.06719121053605871,0.08339664313635929
1002,1,0,1,0.07097187010722905,3.7448920246189363,17.21465271181153,25.23459677719965,0.2104902488628553,0.3853727249066545,8,1.1935575063778183,1.057838255964958,0.1871239473466761,0.0,0.0,0.0,0.08654051050229221,0.10058343684438392
1003,1,0,1,0.07092031515869593,3.8158123397776325,17.283363001036726,25.312756343140414,0.1958067365144199,0.3684775314374997,8,1.208101092391238,1.0612312372252797,0.18947223490554127,0.0,0.0,0.0,0.08810107409061275,0.10137116081492853
1004,1,2,1,0.0059215919127809805,3.8217339316904133,17.345817164125286,25.387400643122305,0.18125386733392782,0.4831406004589514,8,1.2020014466748814,1.0649029836044286,0.18847361232924315,0.7108651886249983,0.0,5.551115123125783e-17,0.0873172150829521,0.10115639724629104
1005,1,0,1,0.07088095088774958,3.892614882578163,17.410392458934847,25.46961122046166,0.1665787892619164,0.4660612498882781,8,1.215116317330103,1.06833044518119,0.19052657185610916,0.0,0.0,0.0,0.08805046843206868,0.10247610342404045
1006,1,0,1,0.07132117048966369,3.963936053067827,17.36234504914465,25.442684573115677,0.15516272675424278,0.45153159281404615,8,0.9970260348487336,1.0720000919849126,0.15567431749143332,0.0,0.0,0.0,0.06849637504604172,0.08717794244539158
1007,1,0,1,0.07086728142488512,4.0,17.42916834586829,25.5220861896267,0.1404093257554153,0.43448222685862686,8,1.2163506537911768,1.070125740556508,0.19081660172548068,0.0,0.0,0.0,0.088520405992965,0.1022961957325157
1008,1,0,1,0.07085093839399552,4.0,17.49600319487785,25.600658317548067,0.12561240332373744,0.4174063266389844,8,1.219188340318294,1.073781363387375,0.19123693590792196,0.0,0.0,0.0,0.0887815345900671,0.10245540131785486
1009,1,1,1,0.005843480795016389,4.0,17.557753155153215,25.67843859947859,0.34268985124970247,0.4003036448708986,8,1.216946780016539,1.077416537810648,0.19094508748895947,0.10920631556376492,0.0,0.0,0.08832899688044489,0.10261609060851459
1010,1,0,1,0.07139590927339864,4.0,17.49807606689751,25.59266931426646,0.33143687816007156,0.3870618505130066,8,0.935458420397956,1.0809047938657952,0.14696860468513726,0.0,0.0,0.0,0.06751783853778552,0.07945076614735173
1011,1,0,1,0.07132861454708367,4.0,17.45365421319955,25.539921167199076,0.3198360695837676,0.3730786582673465,8,0.9800986337637627,1.0772686345290992,0.1535040049317846,0.0,0.0,0.0,0.0696048514578236,0.08389915347396101
1012,1,0,1,0.0714356541718743,4.0,17.391380582648722,25.454226140334608,0.308732606433417,0.3599149494802089,8,0.9268707270946669,1.074839384509966,0.1456030316249296,0.0,0.0,0.0,0.06662077890210402,0.0789822527228256
1013,1,0,1,0.07090746847184141,4.0,17.445777400240026,25.51932302364684,0.29435736953204233,0.3432054951455617,8,1.190633868978116,1.0711401680745833,0.18650814741613048,0.0,0.0,0.0,0.08625142140824754,0.10025672600788293
1014,1,0,1,0.07090666195814144,4.0,17.49761819722758,25.583704604736326,0.28002115160633473,0.32647441622321227,8,1.190349888674215,1.0741275105971717,0.18640378108834302,0.0,0.0,0.0,0.08601730755424587,0.10038647353409713
1015,1,0,1,0.0713832379206506,4.0,17.439897616820616,25.51021750393804,0.26877238447562607,0.312981729282769,8,0.9458253888438483,1.0770330700490978,0.1484487244269112,0.0,0.0,0.0,0.06749260278425177,0.08095612164265942
1016,1,0,1,0.07136459315587099,4.0,17.392777444581704,25.455789741497018,0.2572647489950574,0.2990851745297099,8,0.9722049433390301,1.0737528780189667,0.15242514140176724,0.0,0.0,0.0,0.06904581288341227,0.08337932851835497
1017,1,0,1,0.07089862442128073,4.0,17.450012530542164,25.526270815206445,0.2428043483650857,0.28224365415239566,8,1.1989303393218573,1.071214179651968,0.18781152604371523,0.0,0.0,0.0,0.08676240377983019,0.10104912226388507
1018,1,0,1,0.07134935074197904,4.0,17.400368981013994,25.474492578860637,0.2313621202181387,0.26826497592964677,8,0.9729852977697351,1.0744070836437154,0.15252543821817538,0.0,0.0,0.0,0.06865336888168212,0.08387206933649326
1019,1,0,1,0.07133792883312365,4.0,17.356302606075687,25.442468572458147,0.21983800864619607,0.25387736198714755,8,0.9957811576560666,1.0718715389968656,0.15547035308665139,0.0,0.0,0.0,0.06914466943165586,0.08632568365499553
1020,1,0,1,0.07131822951111302,4.0,17.31771096827232,25.41177264866259,0.2081326850167741,0.23945703981737468,8,1.0006817178644263,1.0699692794633457,0.15675387479516878,0.0,0.0,0.0,0.07023194177653182,0.08652193301863693
1021,1,2,1,0.006445602000139493,4.0,17.25673248803961,25.3293627111817,0.19707535431174528,0.47628090203856205,8,0.9248486727097753,1.0682370904233727,0.14540081090304924,0.0,0.0,0.0,0.06634398423017282,0.07905682667287642
1022,1,0,0,-0.1686476185558182,3.831352381444182,17.214290169383474,25.30516849463501,0.18562713039886913,0.46180387236700043,8,0.9980158447777019,1.064652379980533,0.15555152150662607,0.0,0.0,0.0,0.0686893434772568,0.0868621780293693
1023,1,1,1,0.005885812345143653,3.8372381937893256,17.285876585983203,25.38857014479039,0.3943542067151921,0.44474696459198615,8,1.2179745333555703,1.0629864666004623,0.19102353427978022,0.15895545447236725,0.0,0.0,0.08868208762969461,0.10234144665008559
1024,1,2,1,0.005974702394352723,4.0,17.330119772268226,25.44472320313335,0.38039575719045665,0.4835527717508719,9,1.1672574128973237,1.0668611682693399,0.1824340666431809,1.168481787551917,0.0,1.1102230246251565e-16,0.08375069714841277,0.09868336949476812
1025,1,1,1,0.006443233146133922,4.0,17.272398339204425,25.387435380314468,0.4889653148180437,0.46979664755800715,9,0.9543618185023524,1.0693710743850395,0.14874485624892653,0.7823745431427404,0.0,5.551115123125783e-17,0.06620811109173763,0.0825367451571889
1026,1,0,1,0.07151049598561901,4.0,17.20960563950076,25.31308729919097,0.4781004738193208,0.4565078548110608,9,0.929355062160813,1.0664958429879723,0.14492180247401454,0.0,0.0,0.0,0.06518904599233714,0.07973275648167742
1027,1,0,1,0.07093234467125589,4.0,17.27014270694694,25.38123752284205,0.4637209325962632,0.43982374280566944,9,1.1917546145645548,1.0630673234672934,0.1863819193706952,0.0,0.0,0.0,0.08627724733834631,0.10010467203234887
1028,1,2,1,0.006435585621144434,4.0,17.2360214418537,25.324031378154597,0.45202437397965917,0.48632261017440387,9,0.9749570959640355,1.0662845057447248,0.15224369065320043,1.1389424568340167,0.0,5.551115123125783e-17,0.07017935169962414,0.08206433895357627
1029,1,0,1,0.07097808573229765,4.0,17.283874117136264,25.382908644885084,0.43798733283061364,0.4698465846700027,9,1.1707312625132555,1.0640013205002077,0.1830783999206805,0.0,0.0,0.0,0.08422224689427293,0.09885615302640754
1030,1,0,0,-0.1684656149109616,3.8315343850890384,17.21621735191364,25.30687586656849,0.427262711621103,0.45658848612314107,9,0.922980025511315,1.066669569050534,0.14389631853823368,0.0,0.0,0.0,0.06434772725706367,0.07954859128117
1031,1,0,1,0.07095114669692336,3.902485531785962,17.27516817376935,25.372268261757604,0.41290132814912894,0.4399708067881413,9,1.1874205475068809,1.0630773304620533,0.18587437684184271,0.0,0.0,0.0,0.08616830083184464,0.09970607600999808
1032,1,0,1,0.07146654733169386,3.9739520791176557,17.219611530456646,25.306065620440656,0.4018197206953875,0.42646119875156,9,0.9444266262585165,1.0661859108881742,0.1475472929419364,0.0,0.0,0.0,0.06648964472244857,0.08105764821948781
1033,1,0,1,0.07151977339357755,4.0,17.155951406650942,25.23580352626245,0.3910340155084773,0.41309905554903487,9,0.9292197107885279,1.0631419287724326,0.14488709033661193,0.0,0.0,0.0,0.06471423112146124,0.08017285921515069
1034,1,0,1,0.07094412868596348,4.0,17.215440967068105,25.307073673529192,0.37671414423335187,0.39637142620049487,9,1.1905535810067358,1.059793873322835,0.18628500374199314,0.0,0.0,0.0,0.08591922765075265,0.10036577609124049
1035,1,0,0,-0.16853640212807253,3.8314635978719274,17.16339340081013,25.251365521208328,0.3655891883835281,0.38265903107270133,9,0.9553071474360968,1.0630628660149324,0.14902410586570364,0.0,0.0,0.0,0.06674973509894226,0.08227437076676135
1036,1,0,1,0.07095579899226467,3.9024193968641923,17.223366555270328,25.323231140978038,0.351225740075003,0.3659076475064194,9,1.1922077472803656,1.0603689730504615,0.1866889912488412,0.0,0.0,0.0,0.0861806898511504,0.1005083013976908
1037,1,2,1,0.0065383090268910215,3.9089577058910834,17.15308001664743,25.22293885681347,0.3405493807755115,0.4873137874517656,9,0.8930861196187417,1.0636649424062092,0.14017543108635588,0.6954458850385168,0.0,5.551115123125783e-17,0.06405815579694951,0.07611727528940639
1038,1,0,0,-0.1685367059490987,3.7404209999419846,17.118413883895837,25.17344131076791,0.32896367704380786,0.4735346497221147,9,0.9752367930393695,1.0594004718365226,0.15218904876812667,0.0,0.0,0.0,0.06951422239022143,0.08267482637790523
1039,1,0,1,0.07096576898181572,3.8113867689238003,17.18349110853383,25.244664185579616,0.31447073344106946,0.45684370335773955,9,1.1935964793162905,1.0572963798665937,0.18710333980268068,0.0,0.0,0.0,0.08695766161643037,0.10014567818625032
1040,1,0,1,0.07145385016468944,3.8828406190884897,17.131969960741348,25.1774435256009,0.3032852089333639,0.44340635310127946,9,0.9419620745816437,1.060703882352836,0.14773724858499507,0.0,0.0,0.0,0.06711314704623335,0.08062410153876172
1041,1,0,1,0.07144865317422938,3.954289272262719,17.084037309622442,25.131289569102357,0.29207131318514085,0.42952183200689414,9,0.9636487295411057,1.0577353371585563,0.15059050105565,0.0,0.0,0.0,0.06728337448933833,0.08330712656631166
1042,1,0,1,0.0709833036091366,4.0,17.142744048686758,25.20434537315986,0.27777887286074415,0.41280677808595817,9,1.187145715089939,1.0553831719681201,0.18604496547199514,0.0,0.0,0.0,0.08575464194638008,0.10029032352561508
1043,1,0,1,0.07144051992205402,4.0,17.09771556895757,25.1440280684782,0.2664412964619265,0.39922503678831284,9,0.9533314511353213,1.0586772355461656,0.14951590617877866,0.0,0.0,0.0,0.0680254583929061,0.08149044778587258
1044,1,0,1,0.07093977594626007,4.0,17.16714356290609,25.22295288533331,0.2518406896097973,0.38236435302649024,9,1.2043964017395172,1.0560435909358943,0.18876774368371052,0.0,0.0,0.0,0.08760364111277515,0.10116410257093536
1045,1,0,1,0.07093492455717613,4.0,17.231820102688324,25.298343032471656,0.23732162077680583,0.36553517981680117,9,1.1998190981265693,1.0597524112059848,0.1880894522560834,0.0,0.0,0.0,0.08711441299794903,0.10097503925813436
1046,1,0,1,0.0713783298572983,4.0,17.18979867018885,25.261217267155097,0.22583682679540906,0.3513537951723574,9,0.9841068805629635,1.0632540783789997,0.15399707175504324,0.0,0.0,0.0,0.06890876388838033,0.08508830786666287
1047,1,0,1,0.07094018202541744,4.0,17.25371117919942,25.332768609345784,0.2113184062905975,0.33459801203081013,9,1.1967392496348566,1.0612753984335987,0.18764522187815286,0.0,0.0,0.0,0.08711052302886957,0.10053469884928329
1048,1,0,1,0.07092609860777642,4.0,17.31670073951866,25.40322186099089,0.1967717907243277,0.31782217442220134,9,1.1981048066779787,1.0646619947136302,0.18793471904927156,0.0,0.0,0.0,0.08727969339761871,0.10065502565165285
1049,1,0,1,0.07135491884313012,4.0,17.27412636805584,25.37289468865262,0.18527857604321699,0.30342489851510435,9,0.9950965212116452,1.067998065012739,0.15534294352924657,0.0,0.0,0.0,0.06895928808666424,0.08638365544258234
1050,1,0,1,0.07090827088268187,4.0,17.33619973744085,25.445795768098538,0.17073489259242594,0.28656987735276257,9,1.20114997524864,1.0661755264177115,0.18839222767879674,0.0,0.0,0.0,0.08726210070474619,0.10113012697405056
1051,1,0,1,0.07151155491618132,4.0,17.258710778275955,25.346887118995678,0.1601580830815046,0.27375527946174344,9,0.8931522793707269,1.0695498876384848,0.14034844441164276,0.0,0.0,0.0,0.06346085706552823,0.07688758734611455
1052,1,2,1,0.005910037095866324,4.0,17.325947654339092,25.419641645626402,0.14548718991917958,0.48316349509618445,9,1.2051313501256586,1.0651399474317906,0.18904438839684312,0.14253167677046086,0.0,5.551115123125783e-17,0.08802535897394995,0.10101902942289313
1053,1,2,0,-0.23415088682662386,3.7658491131733762,17.397805008179844,25.505356423607736,0.13060912689298884,0.4828161350540205,9,1.226211864321218,1.0686397324991375,0.19237156783302184,1.3989809705771068,0.0,0.0,0.08926837815714446,0.10310318967587738
1054,1,0,1,0.07087907015585186,3.836728183329228,17.46002672320258,25.58224518194897,0.11595164240833271,0.46579058319616684,9,1.2116895091586626,1.0725790357946896,0.19009821805505825,0.0,0.0,0.0,0.08794490690793692,0.10215331114712134
1055,1,0,1,0.07085918936225916,3.9075873726914874,17.521882050822,25.656414021959492,0.10127058278673397,0.4487859179872555,9,1.2120809652587323,1.0760567976287887,0.19011434898306087,0.0,0.0,0.0,0.08808635772959236,0.10202799125346848
1056,1,0,1,0.07133136982811358,3.978918742519601,17.464788618978417,25.596918397696264,0.09001602032437811,0.4348985703970681,9,0.9628683457127244,1.0794574018195373,0.15085146031525917,0.0,0.0,0.0,0.06752737477413523,0.08332408554112394
1057,1,0,1,0.07130581635754905,4.0,17.412070413512033,25.553101884423207,0.07865401669268555,0.420677008746039,9,0.9800079566774245,1.0765426754168672,0.15350139169632968,0.0,0.0,0.0,0.06817202179015529,0.0853293699061744
1058,1,0,1,0.07141340646260054,4.0,17.315832719673075,25.480541201243632,0.06867179582675027,0.40716048368875835,9,0.9053309304298491,1.074129307448381,0.14099247553929603,0.0,0.0,0.0,0.06430680513823628,0.0810991503436844
1059,1,0,0,-0.1691253794267089,3.830874620573291,17.21882567218072,25.56118254667628,0.05900228348667521,0.39006184629007534,9,1.0535436459632166,1.0699093480229178,0.16060889843254816,0.0,0.0,0.0,0.0878103514504492,0.10259182439209773
1060,1,0,1,0.07127825567793172,3.9021528762512228,17.024095870439552,25.5470655811857,0.05209855960556747,0.37517094396439904,9,0.8606534382396696,1.0695002054714253,0.13076775724070472,0.0,0.0,0.0,0.06975448526458056,0.08934541395405818
1061,1,0,1,0.07138419759544988,3.9735370738466727,16.698977971028654,25.490941173776367,0.048742433570170385,0.36126723907567393,9,0.6830367294704017,1.0642790362906314,0.10355898554473314,0.0,0.0,0.0,0.06786185170342125,0.08342222933235065
1062,1,0,1,0.07136782508232437,4.0,16.362509297073263,25.45705646814013,0.04587601791317606,0.34687705318040113,9,0.6843945990285007,1.0547479786201255,0.10353960931360244,0.0,0.0,0.0,0.06951833476205466,0.08634111537163652
1063,1,0,1,0.07096538499448346,4.0,16.04467879087402,25.52747863727504,0.0425561361059198,0.33003400347431217,9,0.7980808070659962,1.045489144130335,0.12097758908007118,0.0,0.0,0.0,0.0901618140129814,0.10105829823653367
1064,1,0,1,0.07094887052364739,4.0,15.731484868377509,25.598286375524722,0.039365958977164404,0.31313873573637085,9,0.7969177514568981,1.0393039357037266,0.1205126692001807,0.0,0.0,0.0,0.09222060846096222,0.10137160642764831
1065,1,0,1,0.07148442634882027,4.0,15.37473072320216,25.53719782950064,0.03835115407343969,0.29932242084868554,9,0.6154015898981269,1.0332442810975557,0.08898671874845986,0.0,0.0,0.0,0.06956237672420724,0.08289788932611154
1066,1,0,1,0.07102083262043418,4.0,15.02351865639971,25.596835050328945,0.03743014848239512,0.28268596585789596,9,0.7312233678434232,1.0227982138175702,0.10534476349100529,0.0,0.0,0.0,0.0925144868307095,0.09981872994473788
1067,1,1,1,0.006598482192079278,4.0,15.03245753557491,25.50318582329251,0.27607334623988805,0.2696419357380653,9,0.9307984948069813,1.0155088426682164,0.14640499417402644,0.0,0.0,0.0,0.06814081345504251,0.07826418071898392
1068,1,0,1,0.07155894130551645,4.0,15.05602424894111,25.429525002810777,0.2643234097947161,0.25620944327925727,9,0.9632969768561546,1.0133910839716855,0.1510945734238796,0.0,0.0,0.0,0.07049961867103183,0.08059495475284778
1069,1,2,1,0.006556474329917841,4.0,15.081468200714184,25.359622402504023,0.2525078569403479,0.4851841688317126,9,0.9676800827601165,1.0121387312937973,0.15174509109682055,0.045299872714656186,0.0,0.0,0.07089331712620875,0.08085177397061176
1070,1,0,1,0.07110024587802878,4.0,15.217261975754507,25.411227574114907,0.23745673245179497,0.4688558472774707,9,1.1984262117316602,1.0110272650804553,0.18827667625676933,0.0,0.0,0.0,0.09030674693131817,0.09796992932545114
1071,1,0,1,0.07103479391747729,4.0,15.359040768733028,25.471263215184862,0.22210658900380556,0.45229435383207806,9,1.2175266727952123,1.0157122387467354,0.19146982136029267,0.0,0.0,0.0,0.09210086068793606,0.09936896067235657
1072,1,0,1,0.07163180453587811,4.0,15.352185203914885,25.364875616742747,0.21099746113774379,0.4396480226454214,9,0.9075144363376895,1.0207575995979474,0.1425327543163102,0.0,0.0,0.0,0.06665476719637067,0.07587798711993954
1073,1,0,1,0.07103506513274731,4.0,15.48939329222026,25.426053176585064,0.19566840731941068,0.4230873286302379,9,1.2163121686641398,1.0179265205164407,0.19133848700109923,0.0,0.0,0.0,0.09197432290999856,0.09936416409110065
1074,1,0,1,0.07155409260633588,4.0,15.487275167641542,25.34882216021103,0.1843139213633421,0.4097705368128259,9,0.9435370207673716,1.0228861617201335,0.14802766664088435,0.0,0.0,0.0,0.0681269157364118,0.07990075090447256
1075,1,0,1,0.07151459779735556,4.0,15.493643564400854,25.28681520242971,0.17271863402071808,0.39613651058409577,9,0.9652638721743109,1.0209024331963144,0.15137588142812416,0.0,0.0,0.0,0.06957172405574398,0.0818041573723802
1076,1,2,1,0.006502457460458702,4.0,15.502683456909727,25.24199290644209,0.161065254030165,0.4860140904647136,9,0.9837290656920158,1.019511469170764,0.15383573715503682,0.876819063504575,0.0,5.551115123125783e-17,0.06992027994331851,0.0839154572117183
1077,1,0,1,0.07149588520271824,4.0,15.506514802962725,25.199222833771415,0.14955361943457718,0.4719957044760383,9,0.9796781824661194,1.0186169090837955,0.15318012350557922,0.0,0.0,0.0,0.06906980757352693,0.08411031593205227
1078,1,0,1,0.0710126041334317,4.0,15.644154152244909,25.274530049959154,0.1340991141782901,0.4551967647093698,9,1.2305900063882742,1.0176434409183535,0.19352067013773325,0.0,0.0,0.0,0.09272703153772242,0.10079363860001084
1079,1,0,0,-0.1685512756681004,3.8314487243318998,15.650490913878079,25.242976543994352,0.12241744401067267,0.44089908937881345,9,0.9977503607234679,1.0229671050551015,0.15587607298904219,0.0,0.0,0.0,0.07009002100570452,0.08578605198333766
1080,1,0,1,0.07099159207794549,3.9024403164098453,15.78293571155569,25.323069899534072,0.10699327457257822,0.4239563638968509,9,1.2348748396641456,1.0223366864468109,0.1942013695203424,0.0,0.0,0.0,0.09254501662856679,0.10165635289177562
1081,1,0,1,0.07148197943829374,3.9739222958481393,15.776016065505674,25.26932307118628,0.09556237059964834,0.41013507476127936,9,0.9669836658794351,1.027650140277244,0.151513158651008,0.0,0.0,0.0,0.06858542383757922,0.08292773481342881
1082,1,0,1,0.0714507509987981,4.0,15.772917971970656,25.236334892959313,0.08405632603925729,0.39586815939266723,9,0.990047206655315,1.0261334784172988,0.1546377595740191,0.0,0.0,0.0,0.07000196103756343,0.08560149221167292
1083,1,1,1,0.00644691622923089,4.0,15.772971259479528,25.210075759917288,0.3022133235336763,0.38146823007081615,9,0.9990254760900958,1.0252313216232491,0.15578121433774975,0.12167637662684272,0.0,0.0,0.0693816384066435,0.08639957593110625
1084,1,2,1,0.006041839280489646,4.0,15.889791738297086,25.273340421021913,0.28719266575691327,0.48348060815362603,9,1.2046613154071055,1.0245761754849205,0.18924029773882137,0.7888093804248972,0.0,5.551115123125783e-17,0.09012394666057791,0.09911635107824346
1085,1,0,1,0.07154120005018921,4.0,15.875747358294793,25.207356046911187,0.27594444141845254,0.4700023719775996,9,0.9490495498699558,1.029078303982975,0.148358763086924,0.0,0.0,0.0,0.06748934603076466,0.08086941705615934
1086,1,0,1,0.07103613170712954,4.0,15.987999749565128,25.271960417399576,0.2609893950697734,0.45346012617613635,9,1.2039343468888757,1.0270775851301497,0.18898375290085348,0.0,0.0,0.0,0.08973027809207432,0.09925347480877918
1087,1,0,1,0.07150156979083658,4.0,15.979569883425885,25.22247281095798,0.2495085949132979,0.4396193083249857,9,0.9735815315932764,1.0314990041741177,0.15192970804575714,0.0,0.0,0.0,0.06888480093885316,0.08304490710690399
1088,1,0,1,0.07154122192643494,4.0,15.96338578701982,25.15425539532506,0.23819126389356324,0.42622315460232824,9,0.9456495553206102,1.0300510673595966,0.1482809084543527,0.0,0.0,0.0,0.06790398611840796,0.08037692233594472
1089,1,0,0,-0.16852079803330802,3.831479201966692,15.958723983931728,25.110381851472972,0.22659193688445542,0.41229429901055953,9,0.9794056826184423,1.027941029558622,0.15316909560526001,0.0,0.0,0.0,0.06959596205464741,0.08357313355061263
1090,1,0,1,0.07100624617621094,3.902485448142903,16.072473133701564,25.187227948325727,0.2115020625283076,0.39550829403792265,9,1.2173228925077075,1.0267276458851176,0.1912552759727072,0.0,0.0,0.0,0.09053924613688669,0.10071602983582051
1091,1,0,1,0.07145629788348676,3.97394174602639,16.063128292196936,25.148827417248533,0.1999399669092312,0.3814244592845397,9,0.9837471544688603,1.0314925270506823,0.15387558223475625,0.0,0.0,0.0,0.0693725737144587,0.08450300852029756
1092,1,0,0,-0.16898229436751772,3.8049594516588723,16.16574844165794,25.22078485621548,0.18510458441142078,0.36473443527518706,9,1.20487648116409,1.0302988927361367,0.18915243904297835,0.0,0.0,0.0,0.08901229498686215,0.10014014405611621
1093,1,0,0,-0.16897693675104522,3.635982514907827,16.265099272186774,25.287140426787293,0.17027216533638367,0.34813470176649514,9,1.2003697335474777,1.0346633324468355,0.18859291550237384,0.0,0.0,0.0,0.08899451445022269,0.09959840105215118
1094,1,0,1,0.07100497934118279,3.7069874942490095,16.363142293128373,25.35542331298896,0.1554062039132431,0.3314475338401003,9,1.205131899617623,1.0388059924743516,0.18931877609721276,0.0,0.0,0.0,0.08919576853884337,0.10012300755836935
1095,1,0,1,0.07098871999631771,3.777976214245327,16.459040398706932,25.4217493173146,0.1405270860282465,0.31476587071977485,9,1.2051882500571258,1.0429641401529335,0.18936468603193213,0.0,0.0,0.0,0.08927470730997968,0.10008997872195244
1096,1,2,1,0.005968243218484749,3.7839444574638117,16.55190973990669,25.487754358672472,0.12567126449478577,0.48328606094874665,9,1.205894125458171,1.0470197429005381,0.18941856350828434,0.38859522431864935,0.0,5.551115123125783e-17,0.08913492920076431,0.10028363430752
1097,1,0,1,0.07138465142820337,3.855329108892015,16.528977172635102,25.45850345266747,0.11419372275584742,0.46881318569668456,9,0.998808129187887,1.050991602464479,0.15570250194600305,0.0,0.0,0.0,0.0688652504336301,0.08683725151237293
1098,1,2,1,0.006423623555266089,3.861752732447281,16.48585019044284,25.395148624952014,0.10333665727582896,0.4863219470494366,9,0.9432052057248479,1.0496870156325642,0.14721071058349128,1.3128791141801068,0.0,0.0,0.06827719988914265,0.08206831770338041
1099,1,0,1,0.07137401952058144,3.9331267519678628,16.402068252866897,25.3670433229687,0.09394550070927798,0.47186263410043083,9,0.93513773082562,1.0470249703848715,0.14310281709334013,0.0,0.0,0.0,0.06967637703219577,0.08675587769403435
1100,1,0,1,0.07137620261235966,4.0,16.322043133718168,25.346683702805006,0.08450533005656236,0.45724986880614077,9,0.9438430500834631,1.0442277893958902,0.14431761568203408,0.0,0.0,0.0,0.06955544980987713,0.08767659176574041
1101,1,0,1,0.07138011557191996,4.0,16.185005648309023,25.323217735740094,0.0766503551221306,0.44274459421116535,9,0.881214718439024,1.0417181709130794,0.13416149717644343,0.0,0.0,0.0,0.07189632966067641,0.08703164756985284
1102,1,0,0,-0.16858174732204326,3.8314182526779565,15.936026756041638,25.281091059604037,0.0717232199405025,0.42864587633958373,9,0.7466000161977819,1.0377055846012282,0.11415511831925823,0.0,0.0,0.0,0.06971282593829342,0.08459230722948963
1103,1,0,0,-0.16855250147281464,3.6628657512051417,15.61898184960452,25.245326017325286,0.06886140302558198,0.4144274867999387,9,0.6776179966752764,1.0304279453911418,0.1024812387273932,0.0,0.0,0.0,0.06926720310786766,0.08531033723787013
1104,1,0,1,0.07146659591356996,3.7343323471187118,15.31290300084334,25.21868031418034,0.06588459616324062,0.40001980423220557,9,0.6888831447671167,1.0216076966732452,0.10430693658044683,0.0,0.0,0.0,0.06988287951878647,0.08644609540639869
1105,1,0,1,0.07105374689682054,3.805386094015532,15.021018965111256,25.290960156015828,0.06256377367749631,0.38327577644524885,9,0.7936853889789947,1.0132895828755921,0.12038910163620636,0.0,0.0,0.0,0.09178260043165797,0.10046416672174047
1106,1,1,1,0.006589636874912963,3.811975730890445,15.0321599481318,25.22124652181037,0.28378246406744695,0.3698479486210573,9,0.9492268268432675,1.007799478028177,0.14891383310463027,0.1043409915008151,0.0,5.551115123125783e-17,0.06834686615948132,0.08056696694514894
1107,1,0,1,0.07164326569108376,3.8836189965815286,15.047377499972328,25.148898257083047,0.27229947442279284,0.3565751895862219,9,0.949204448861759,1.0063351617485545,0.14853449207693675,0.0,0.0,0.0,0.0688979378679246,0.07963655420901217
1108,1,0,1,0.07112193547843715,3.954740932059966,15.181816712409713,25.205728742234186,0.25729885995148744,0.3402480327249242,9,1.1961765915149067,1.0049068939263845,0.18796662799561917,0.0,0.0,0.0,0.09000368682783241,0.09796294116778678
1109,1,0,0,-0.16840699078109198,3.786333941278874,15.195069515362063,25.130550769790116,0.24570553338292886,0.3270224870601523,9,0.9477634668743771,1.0096886363660975,0.1489132333999828,0.0,0.0,0.0,0.06955995941135144,0.07935327398863136
1110,1,0,1,0.07159180590004792,3.8579257471789217,15.208337283222573,25.075654620959664,0.23416596828333333,0.3133757573255023,9,0.9665121261588623,1.0081405071288043,0.15111776900547275,0.0,0.0,0.0,0.06923739059757314,0.08188037840789962
1111,1,0,1,0.07110043668254502,3.929026183861467,15.340503087329049,25.14140938717056,0.21911473682570537,0.29687409225234324,9,1.205020367921932,1.007099797604556,0.18931737918472222,0.0,0.0,0.0,0.09030738874576773,0.09900999043895448
1112,1,0,1,0.0715016607691368,4.0,15.37199442974206,25.102639427475737,0.2069043559531303,0.28287151468155325,9,1.0047691945806725,1.0120478118624905,0.15727775066019045,0.0,0.0,0.0,0.0732622852354504,0.08401546542474005
1113,1,0,1,0.0715887440461008,4.0,15.376442271616035,25.04735090085721,0.19543755815619815,0.26924441145479233,9,0.9610251616858976,1.0118658464304449,0.15056340614215802,0.0,0.0,0.0,0.0688007867815926,0.08176261936056539
1114,1,0,1,0.07107864882995854,4.0,15.504862081543383,25.115421191983806,0.18035494637565908,0.25270254281254617,9,1.2070849303657718,1.0105948293118312,0.1897468825367117,0.0,0.0,0.0,0.09049567068323465,0.09925121185347703
1115,1,0,1,0.0716047317834027,4.0,15.497843111039517,25.034250446662934,0.16907470070930594,0.23966403634883038,9,0.9273173660134439,1.0155070818381797,0.14591251278041395,0.0,0.0,0.0,0.06768147399811889,0.07823103878229506
1116,1,0,1,0.07155411553351103,4.0,15.503433243749798,24.975641937868495,0.15743832652059792,0.22613444063493784,9,0.9602839628584028,1.0133023389425615,0.1509958194156031,0.0,0.0,0.0,0.06981824513224806,0.08117757428335508
1117,1,0,1,0.07108008779922963,4.0,15.624061295410446,25.050056690064665,0.14248001061990692,0.20948342680372325,9,1.2070196833972724,1.0119768795404573,0.18965597839143333,0.0,0.0,0.0,0.08974989540414588,0.09990608298728747
1118,1,0,1,0.07150532292368923,4.0,15.632563138013113,25.0091272857371,0.13070184356198994,0.1955334874355271,9,0.9844253879119805,1.0168529496368777,0.15436863855667926,0.0,0.0,0.0,0.07066900234750204,0.08369963620917721
1119,1,0,1,0.07104317340819026,4.0,15.755878578712117,25.088126425762578,0.11557549525608246,0.1787521901705212,9,1.2183568413182377,1.0160422605937554,0.19144587342547983,0.0,0.0,0.0,0.09075808983544476,0.10068778359003508
1120,1,0,1,0.0714945993063049,4.0,15.756693379265332,25.054278799444397,0.10394821974231284,0.16461340335909527,9,0.9880672993469015,1.0211001251118674,0.15459637395117337,0.0,0.0,0.0,0.06976365308261782,0.08483272086855553
1121,1,0,1,0.07104088328137453,4.0,15.848170219781856,25.13224060947767,0.08975278445609695,0.14783044204160367,9,1.1897129550175354,1.0202743044677431,0.1858703796222451,0.0,0.0,0.0,0.08964361984483017,0.10069776790494972
1122,1,0,1,0.07101668281124378,4.0,15.82875805445984,25.208427931107703,0.07897898824848129,0.13104509667691838,9,1.0812854270395111,1.0245102707314881,0.16535484943380555,0.0,0.0,0.0,0.0901124427432562,0.10071207218811161
1123,1,0,1,0.07103047780875082,4.0,15.637923351679497,25.279468957674432,0.07260851821351573,0.11433318125404246,9,0.9061359734255711,1.0259296496391888,0.1384943127470489,0.0,0.0,0.0,0.09019934797735327,0.10027149253725556
1124,1,0,1,0.07151824604306463,4.0,15.328906128289532,25.219371955663668,0.06969090634901533,0.10068921734015217,9,0.6538205823331233,1.0229348077338483,0.09936945467034428,0.0,0.0,0.0,0.07030204047774863,0.0818637834833418
1125,1,0,0,-0.16895845608173346,3.8310415439182663,15.034601349292439,25.291938050250188,0.06645164163407198,0.08393591112724214,9,0.7919682676882533,1.01370695209883,0.1199554255671201,0.0,0.0,0.0,0.09188263235790833,0.10051983727746011
1126,1,1,1,0.006063178641414666,3.837104722559681,15.180527288239169,25.35795200809504,0.27957310563756366,0.06729569371109942,9,1.22010338178015,1.0081634849885657,0.19191276473255067,0.12919975574335563,0.0,0.0,0.09207146023569436,0.09984130449685633
1127,1,0,0,-0.16843310045792395,3.668671622101757,15.188792187646033,25.275074752333964,0.2680596669942134,0.05416392849732928,9,0.9388496260541455,1.0134619824083553,0.14787122314272225,0.0,0.0,0.0,0.0690806318601014,0.07879059128262085
1128,1,1,0,-0.23347154237143347,3.4352000797303237,15.210636803191807,25.21449877184643,0.4663583779205453,0.04054841764429567,9,0.972865308557734,1.0115966734995,0.15312503915917353,0.2387757604010372,0.0,0.0,0.07143197404097186,0.08169306511820162
1129,1,0,1,0.07159211343230186,3.5067921931626254,15.217174973386598,25.15386937580213,0.45497349200055776,0.027015767675554025,9,0.956537163526453,1.010628389375956,0.14950521533237432,0.0,0.0,0.0,0.0683093155199245,0.08119589981244982
1130,1,2,1,0.006564425609404642,3.51335661877203,15.22741699647792,25.0955567960153,0.4434115496226834,0.2634507068568364,9,0.9612055520342073,1.0092761087297184,0.15076201917955154,0.0,0.0,0.0,0.06937165426724605,0.08139036491230547
1131,1,0,1,0.0710941066286642,3.584450725400694,15.358069203207236,25.16213980157437,0.42843173507989557,0.24693670599700326,9,1.2053095571007182,1.0080743448123306,0.1889628924157266,0.0,0.0,0.0,0.08987888725672738,0.09908400515899927
1132,1,0,1,0.071637629857918,3.6560883552586123,15.356941198821774,25.09150653972592,0.41718482023110975,0.2336636386835166,9,0.9412439588856287,1.0130052251195403,0.14711989297363506,0.0,0.0,0.0,0.06748148909271501,0.07963840388092003
1133,1,0,1,0.07104575792302262,3.727134113181635,15.491199085151653,25.166342997538024,0.4020015299578786,0.2169488777296987,9,1.2203055376056726,1.0112111934636925,0.19138830736229423,0.0,0.0,0.0,0.09109974163938693,0.10028856572290729
1134,1,0,1,0.07106051492541987,3.798194628107055,15.614759280076946,25.235408526147086,0.387024599757299,0.2003274366812691,9,1.2090642756016015,1.016438552067242,0.18959022749405485,0.0,0.0,0.0,0.08986158120347727,0.09972864629057761
1135,1,0,1,0.07156921283900926,3.869763840946064,15.612124024172171,25.175612337043887,0.375620877640871,0.1867524190220292,9,0.9588227501476223,1.021254195155601,0.14987243865400798,0.0,0.0,0.0,0.06842233269856844,0.0814501059554395
1136,1,0,1,0.07152287878443511,3.9412867197304995,15.617676445514137,25.120426736106495,0.36393151339056495,0.17308542112711545,9,0.9700602294349765,1.0196934090304015,0.15213817287131862,0.0,0.0,0.0,0.07013618550183612,0.08200198736948247
1137,1,2,1,0.006492130951760408,3.9477788506822598,15.645340256911238,25.0735461683839,0.3516332721515187,0.4092994036635358,9,0.9992358232150244,1.018452579540516,0.1565055522157555,0.0,0.0,0.0,0.07378944743427776,0.08271610478147771
1138,1,2,1,0.006549255364935952,3.9543281060471958,15.668902605116362,25.01984353403269,0.3394720861974012,0.4863992288188694,9,0.9878318744862905,1.0179721606323786,0.1545717428114881,0.955796421981215,0.0,5.551115123125783e-17,0.0729671157247046,0.0816046270867835
1139,1,0,1,0.07109012702613611,4.0,15.781512188089938,25.084185668839083,0.32466960566195846,0.4699700196989391,9,1.1941703712586926,1.0172186534787264,0.18739013793223858,0.0,0.0,0.0,0.08881488321265667,0.09857525471958191
1140,1,0,1,0.07156000442303959,4.0,15.795458361798412,25.028204075504593,0.3126807122039064,0.45642320920524626,9,0.9796070267972117,1.0216424464232254,0.1532142237104687,0.0,0.0,0.0,0.07193336074831205,0.08128086296215666
1141,1,0,1,0.0710612520411079,4.0,15.908795558061014,25.098436629076872,0.2977508751222302,0.43984413112925375,9,1.2041613107674554,1.0205915609325753,0.18905349094601287,0.0,0.0,0.0,0.08957902249005767,0.09947446845595523
1142,1,0,0,-0.1684932213214558,3.8315067786785444,15.913707158023435,25.04968427084811,0.2859140969808311,0.4261046984482999,9,0.9813400464121111,1.0251808046784472,0.15345726493411738,0.0,0.0,0.0,0.07102066884839434,0.08243659608572307
1143,1,0,0,-0.1689288783834431,3.6625779002951013,16.0155034390204,25.11593306808782,0.27124495069660465,0.4096083814553943,9,1.1921298639584617,1.0240847857217887,0.18699277966279243,0.0,0.0,0.0,0.08801487770535904,0.0989779019574334
1144,1,0,1,0.07157039501057468,3.734148295305676,16.013311039443238,25.05725593075291,0.2595419248472255,0.39610005498032824,9,0.9674163757656271,1.0282859126777057,0.1512681139466706,0.0,0.0,0.0,0.07021815509627449,0.08104995885039612
1145,1,0,1,0.07103771062415364,3.80518600592983,16.117335128698056,25.12880152985094,0.24472766444773222,0.37946747624022165,9,1.2023338626077578,1.0267641742549036,0.1886810348376002,0.0,0.0,0.0,0.08888556239695997,0.09979547244064023
1146,1,0,1,0.07100788685343765,3.8761938927832675,16.22399353370368,25.200613730026674,0.22974314667976306,0.362784060732809,9,1.2096240216450824,1.031153416463725,0.19000759965229017,0.0,0.0,0.0,0.08990710660781477,0.10010049304447542
1147,1,1,1,0.005977500398054022,3.8821713931813218,16.330561232755638,25.278807419237324,0.4442159100207954,0.3459064217111428,9,1.2203765698558688,1.035615181593259,0.19177662052562588,0.12265263355817724,0.0,0.0,0.0905107863956287,0.10126583412999718
1148,1,0,1,0.07154287406888608,3.953714267250208,16.31011347570847,25.213005116720947,0.43281734318548987,0.33247572471048653,9,0.9539841567362712,1.0402342162998242,0.1489755830157709,0.0,0.0,0.0,0.06839140101183332,0.0805841820039376
1149,1,2,1,0.006547967488563469,3.9602622347387713,16.281546260279463,25.149893223442408,0.42165234323752393,0.48651689053498254,9,0.9463988561031926,1.0380779648107354,0.1478886564779004,0.4948543482629193,0.0,5.551115123125783e-17,0.06698999968779558,0.08089865679010481
1150,1,0,1,0.07102974682891425,4.0,16.374343319403586,25.214193090044937,0.40699402062978257,0.47001569834505447,9,1.1928829128196996,1.0357859870930468,0.18695708878601713,0.0,0.0,0.0,0.08794993564644851,0.0990071531395686
1151,1,0,1,0.07099385274296059,4.0,16.468335157867283,25.280386885720127,0.39221911859135417,0.453433048103705,9,1.1998990443751019,1.0397134102362133,0.18814531367866683,0.0,0.0,0.0,0.08864941223057037,0.09949590144809643
1152,1,0,1,0.07154578482261348,4.0,16.431669160403068,25.21200819635694,0.38116537838062087,0.4400368600230618,10,0.9386733642622803,1.0437180510896855,0.14669956974825882,0.0,0.0,0.0,0.06632244126439976,0.08037712848385907
1153,1,0,1,0.07157114392990195,4.0,16.397226684792034,25.13181556289373,0.37004453918267494,0.426946345096765,10,0.9264568248447567,1.0410919339190001,0.1452681247454564,0.0,0.0,0.0,0.06672503518767545,0.07854308955778094
1154,1,2,1,0.006505517935308982,4.0,16.39045185513708,25.081746366942337,0.35819254182742766,0.48628899785816887,10,0.981382030585798,1.0382260561921441,0.15337799698247048,1.06167807058059,0.0,0.0,0.07111198413148401,0.08226601285098645
1155,1,0,0,-0.16898527362586377,3.831014726374136,16.479681485304372,25.15169818109259,0.3435418749185062,0.46968687875685305,10,1.1959863998695275,1.0368049555519854,0.18751671606142406,0.0,0.0,0.0,0.08790400145352861,0.09961271460789542
1156,1,0,1,0.07100645185638063,3.9020211782305165,16.566353979762024,25.220952434194967,0.3288879940406478,0.4530567995683923,10,1.1967112392199553,1.040784491659924,0.18770376039791484,0.0,0.0,0.0,0.08792328526715051,0.09978047513076432
1157,1,0,1,0.07150984504303959,3.973531023273556,16.53483020946176,25.162881912227057,0.31763367782491875,0.4394329643420429,10,0.9550883680807463,1.044682660348925,0.14926890865247044,0.0,0.0,0.0,0.06752589729437396,0.08174301135809649
1158,1,0,1,0.07152308953029504,4.0,16.5094594489695,25.10543533940416,0.3062196675205389,0.4258521118676358,10,0.9596254697270699,1.0424428030422204,0.14996917667272178,0.0,0.0,0.0,0.06848406182627886,0.08148511484644293
1159,1,0,1,0.0714876565199898,4.0,16.484223821712842,25.06071902289629,0.2948139101875516,0.41199453400317115,10,0.9704204259448109,1.0403723697093414,0.15158001118471154,0.0,0.0,0.0,0.06843454399792366,0.08314546718678786
1160,1,0,1,0.07151961689741926,4.0,16.453064287044597,25.011980890685486,0.283617484426014,0.39823763903453263,10,0.9587259042361777,1.0386235711152283,0.14971992438105694,0.0,0.0,0.0,0.06717855456922621,0.08254136981183077
1161,1,0,1,0.07100015061303279,4.0,16.544041216674785,25.09114266141681,0.26885199241089713,0.38145027090684275,10,1.2067648298047633,1.0366261294432522,0.18931716085684042,0.0,0.0,0.0,0.08859295209070078,0.10072420876613963
1162,1,0,1,0.0709860319593749,4.0,16.631962865309937,25.168176074017488,0.2541014290647046,0.3646673932276159,10,1.2058346581881227,1.0408795969522897,0.18920064615251578,0.0,0.0,0.0,0.08850338007715511,0.10069726607536067
1163,1,0,1,0.07135613574217445,4.0,16.63917951507696,25.145520655613335,0.24162789398006287,0.3502519865552609,10,1.0295647048460592,1.0450034734831857,0.1613336505419806,0.0,0.0,0.0,0.07484121050785068,0.08649244003412991
1164,1,0,1,0.07146200745818114,4.0,16.6087087663677,25.106101290632125,0.23027401126164015,0.33621970991282146,10,0.974727390576789,1.0446175042672576,0.15231695616517346,0.0,0.0,0.0,0.06812329631053628,0.0841936598546372
1165,1,0,1,0.07155512799299696,4.0,16.56316560914656,25.02668838965431,0.2192993060119002,0.32314748209551386,10,0.9179141932260326,1.0428702514249957,0.14428159840228486,0.0,0.0,0.0,0.06584823149843955,0.0784333669038453
1166,1,0,1,0.07149338570434703,4.0,16.5303715261847,24.983751596566197,0.2080032250277394,0.3092621978655699,10,0.964015473920054,1.0397463499700217,0.15108819128462825,0.0,0.0,0.0,0.06777648590496475,0.08331170537966351
1167,1,0,1,0.0709987725840387,4.0,16.618515168926997,25.06474192943768,0.19326245976173284,0.29244360808816894,10,1.2069870536825529,1.0378530780687725,0.1893561302604454,0.0,0.0,0.0,0.08844459159603937,0.10091153866440603
1168,1,0,1,0.07148586138952015,4.0,16.585453926078987,25.0094438715453,0.18193382851230835,0.27881639871285885,10,0.9537221267187241,1.042081427459117,0.14973504374840763,0.0,0.0,0.0,0.06797178749654692,0.08176325625186069
1169,1,0,1,0.0714596256867213,4.0,16.556216976725608,24.97632645885512,0.17053436519116535,0.2647050715678136,10,0.9775180828970493,1.0398724449406074,0.1530647427971293,0.0,0.0,0.0,0.06839677992685789,0.08466796287027144
1170,1,0,1,0.07170949496033062,4.0,16.47804129007646,24.855836893637566,0.16059851794683266,0.25269802773663197,10,0.8396483340228202,1.0383135858895183,0.13165734645308605,0.0,0.0,0.0,0.05961508346599645,0.07204226298708961
1171,1,0,1,0.071006941481051,4.0,16.564724188753303,24.943791684272277,0.14592929250204098,0.23578978305957776,10,1.207984643904398,1.0333469545928509,0.18946482073107512,0.0,0.0,0.0,0.08801535266875012,0.10144946806232502
1172,1,2,0,-0.23353403458339483,3.766465965416605,16.535748004409903,24.916328309737203,0.13457432156729923,0.47158482555279574,10,0.9812733379471733,1.0377128968256395,0.15335957064914263,0.0,0.0,0.0,0.06812982560845021,0.08522974504069239
1173,1,2,1,0.005946781712310578,3.7724127471289157,16.633301413260845,25.017167386752885,0.11951459642901156,0.4827539473599005,10,1.2346943937202994,1.0363019078536777,0.19383466667032284,1.3295089533167745,0.0,5.551115123125783e-17,0.0903583508297262,0.10347631584059667
1174,1,0,1,0.07094762661608031,3.843360373744996,16.724423794084377,25.112298913174122,0.10456835457121345,0.46558455484048383,10,1.2275156272451135,1.0412617200003433,0.19269380626328833,0.0,0.0,0.0,0.0896774511467886,0.10301635511649973
1175,1,0,1,0.07144978039753623,3.914810154142532,16.642519342031513,25.06740320319056,0.09477866340056584,0.45168038802137644,10,0.9191179056450363,1.0459180676814626,0.1421631479385304,0.0,0.0,0.0,0.06711385190082735,0.08342500091464465
1176,1,0,1,0.0714012672032609,3.986211421345793,16.509558318749768,25.045273624099817,0.08663149508295358,0.43726768515929226,10,0.8876574612580623,1.042748063630552,0.13535922707817838,0.0,0.0,0.0,0.06915440376332911,0.08647621717250481
1177,1,0,1,0.07094212877916262,4.0,16.40540957071711,25.139818937549606,0.07772596292776392,0.42009321243503184,10,1.0292673639883656,1.0388707985712395,0.15648002927670107,0.0,0.0,0.0,0.0901998951498172,0.10304683634556314
1178,1,0,0,-0.16857729698272045,3.8314227030172794,16.208972358433346,25.120858700705114,0.07137713071131552,0.40556984434846194,10,0.8232332635784142,1.0386307127066678,0.1252332018181094,0.0,0.0,0.0,0.06871268277857377,0.08714020851941894
1179,1,0,1,0.0709869343302142,3.9024096373474935,15.994260818763179,25.206356433895763,0.06528747980699319,0.3885641297591131,10,0.9040319699989485,1.0332457764784615,0.1385721929620272,0.0,0.0,0.0,0.09026431995950653,0.10203428753609332
1180,1,2,1,0.006446578056925476,3.908856215404419,15.746102714471837,25.182252686036556,0.0604352382980936,0.48557662517639927,10,0.7577535791659222,1.0300154313164736,0.11565369799500205,0.8313847785546784,0.0,5.551115123125783e-17,0.07071445698968243,0.08654024894160442
1181,1,0,0,-0.16902525855999934,3.7398309568444197,15.50284636094289,25.2739839023008,0.055442576132310205,0.46838734228654477,10,0.8716837477480068,1.02320888501271,0.1330916703338274,0.0,0.0,0.0,0.09256439756188493,0.10313569733912703
1182,1,0,0,-0.168986327019971,3.5708446298244487,15.207546216022848,25.354690523627987,0.05207230439510433,0.45140675710798345,10,0.8048272329882359,1.0194207565810922,0.12210514149460303,0.0,0.0,0.0,0.09241979701804978,0.10188351107136781
1183,1,0,1,0.07153197916753855,3.642376608991987,14.907356655604364,25.298869685492633,0.04927145881491971,0.43760883285173674,10,0.6580455199374324,1.014055918491271,0.09959261901858737,0.0,0.0,0.0,0.06908929026283522,0.08278754553747962
1184,1,0,1,0.07164965472033881,3.714026263712326,14.607050121294595,25.206162027023005,0.04674158075948304,0.4247187854920271,10,0.6121414657480296,1.0051556585274248,0.09251955249087884,0.0,0.0,0.0,0.0655853470263411,0.07734028415825879
1185,1,0,0,-0.16891609128958743,3.5451101724227385,14.332967409590161,25.280873611139214,0.043415066497276465,0.4079198451155632,10,0.7959591761197113,0.99533030370794,0.12075272783202277,0.0,0.0,0.0,0.09352997561327289,0.10079364225878334
1186,1,0,1,0.07111819327847475,3.6162283657012133,14.06348537765194,25.347657451127496,0.04018625662162666,0.391266716694973,10,0.7876478335682982,0.9903460255182344,0.11929162977743989,0.0,0.0,0.0,0.09380003850647961,0.09991877052354108
1187,1,0,1,0.07113518761083522,3.6873635533120486,13.745257866240383,25.408684290324413,0.039259600426356074,0.37470810678833993,10,0.7280778985048448,0.9852785707194859,0.10491159661142199,0.0,0.0,0.0,0.09381410979976479,0.09935165943979848
1188,1,0,1,0.07114112957324407,3.7585046828852926,13.435685073549404,25.466408134563988,0.038313526705105176,0.3581924392632634,10,0.726999605462719,0.97884855391412,0.10477044747796418,0.0,0.0,0.0,0.09464354625922962,0.09909400515045877
1189,1,0,1,0.07117279374247182,3.8296774766277646,13.132106785275553,25.518114028357022,0.03741592007830285,0.34178439680947964,10,0.7206799357220172,0.9725523302028349,0.10383389448351672,0.0,0.0,0.0,0.09432399113891013,0.09844825472270277
1190,1,0,1,0.07119574844902302,3.9008732250767877,12.835932276302794,25.563372312703546,0.03652347117110479,0.3254980859765863,10,0.7153392957145764,0.9662555203408145,0.10307255844054802,0.0,0.0,0.0,0.09423636299902907,0.09771786499735971
1191,1,0,1,0.07178532638672158,3.972658551463509,12.550577989652899,25.460829387296915,0.0355361372750583,0.312684487248843,10,0.5720854026686321,0.9599826147251584,0.08280559574273921,0.0,0.0,0.0,0.06703814630844536,0.07688159236646025
1192,1,0,1,0.07124646026759358,4.0,12.269512372839456,25.501107321737912,0.03462783636039495,0.2965483086436945,10,0.7094975020513007,0.9502851844237453,0.10226687711887106,0.0,0.0,0.0,0.09411050432545948,0.09681707163089096
1193,1,0,1,0.0712867811324175,4.0,11.994729046124691,25.533291595041412,0.033740211843555475,0.28057762682231685,10,0.7016664389531713,0.9442654923644342,0.10114983802930227,0.0,0.0,0.0,0.0930274310056268,0.09582409092826541
1194,1,0,1,0.07175279807720034,4.0,11.731514243806894,25.45250073499528,0.032722061181463265,0.2673193750238805,10,0.5941948536652213,0.9382005160291526,0.08565841476317176,0.0,0.0,0.0,0.07211735472848287,0.07954951079061848
1195,1,0,1,0.07132304304219388,4.0,11.470215005060957,25.483932988310045,0.031833488477317776,0.25139553176130985,10,0.6997333890388867,0.9296003744700544,0.10087449580029688,0.0,0.0,0.0,0.09319262335892652,0.09554305957542396
1196,1,0,1,0.07200640567064184,4.0,11.218410996070679,25.33778599850346,0.03086261719575545,0.2396558194120936,10,0.5259027010374068,0.9238536998342752,0.07626350178467127,0.0,0.0,0.0,0.061776221769174605,0.07043827409529729
1197,1,0,1,0.07140717882617025,4.0,10.969445081330946,25.36319376604799,0.02998777385792119,0.22394232675961576,10,0.6903467776691529,0.9139049248643534,0.09953001594187272,0.0,0.0,0.0,0.0910159417256575,0.0942809559148672
1198,1,0,1,0.07201762748595587,4.0,10.7303119633293,25.228272234585276,0.029012690273709296,0.2120104196699624,10,0.5342613217201159,0.9083159711844734,0.07744194404319144,0.0,0.0,0.0,0.061879550567057365,0.07159144253792003
1199,1,2,1,0.006448097320966633,4.0,10.493280774298892,25.252204577716213,0.028145284438908593,0.44639649219340855,10,0.6858657590483916,0.8989646049478646,0.09888799986812691,0.0,0.0,0.0,0.0899370622597738,0.09368356485932271
1200,1,0,1,0.07141697697333817,4.0,10.264426776294476,25.28616526598137,0.027215339401323674,0.4305352272018323,10,0.6987438240611202,0.8936371338003777,0.10074726017496737,0.0,0.0,0.0,0.09071431145338804,0.09516758994945784
1201,1,0,0,-0.16809623064520013,3.8319037693548,10.046317260594282,25.19860452763391,0.026145862909457907,0.4175698873523442,10,0.583094547009241,0.8887648010568963,0.08420889804812365,0.0,0.0,0.0,0.06693752153282895,0.07779203909692906
1202,1,0,1,0.07192768783378638,3.9038314571885864,9.83447854212053,25.11128413859151,0.02505366254720497,0.40465432768585113,10,0.5819639371895576,0.8811230447057048,0.08404656017247604,0.0,0.0,0.0,0.06684945327514497,0.07749335799895841
1203,1,0,1,0.07197823259976045,3.975809689788347,9.626219774826454,25.01898057183966,0.024009129317790076,0.39190067449927574,10,0.57308173297187,0.8736440670178013,0.0827891184959411,0.0,0.0,0.0,0.06482828136527465,0.07652191911945173
1204,1,0,1,0.07190885382879496,4.0,9.424641352330276,24.94926020266653,0.0229236550990544,0.3786581930926018,10,0.594831216997348,0.8661300086666529,0.08596773375245798,0.0,0.0,0.0,0.06863330645985258,0.0794548884400439
1205,1,0,1,0.07200285000012346,4.0,9.225952112755525,24.864971660225855,0.02189791081479034,0.3658208418129578,10,0.5763697568594913,0.8593475388749202,0.0831785733834484,0.0,0.0,0.0,0.0650535659952937,0.07702410767786405
1206,1,1,1,0.006600393520139001,4.0,9.47086531263946,24.89361269313297,0.25791404506675075,0.35030783271769356,10,1.125827327115584,0.8522730943245346,0.17698124905982315,0.0,0.0,0.0,0.08390319448823752,0.09307805457158559
1207,1,0,1,0.07207531030565859,4.0,9.605233055034198,24.78529591398185,0.2471101046410715,0.3380897486681247,10,0.8851629133879296,0.8591119501443106,0.13813214685148875,0.0,0.0,0.0,0.06482364255407579,0.07330850429741295
1208,1,2,1,0.006962875070455768,4.0,9.769134355104654,24.705012814564817,0.2353164153386564,0.4871540484772372,10,0.9433814248788238,0.8597632242254014,0.14783784495106653,0.5285384920087484,0.0,5.551115123125783e-17,0.07076213581449033,0.07707570913657619
1209,1,0,0,-0.16841092622282972,3.8315890737771703,10.005863087524322,24.732897951416394,0.22122419225061515,0.47176736561725785,10,1.126467548512983,0.8618536792417368,0.17687343568812391,0.0,0.0,0.0,0.08455333852824742,0.09232009715987649
1210,1,0,1,0.07155812710018043,3.903147200877351,10.242966481386844,24.762487540771794,0.20694574946981706,0.45631690708289985,10,1.1351620091914376,0.868469025973518,0.17837340789093648,0.0,0.0,0.0,0.08567065668478864,0.09270275120614782
1211,1,0,1,0.07182320862132702,3.974970409498678,10.417364568080945,24.7105968159021,0.19434565727705444,0.4428023337377958,10,0.9976437123783737,0.875136350553966,0.15668799322720006,0.0,0.0,0.0,0.07560055315657571,0.08108744007062432
1212,1,0,1,0.07183293778391303,4.0,10.579722082440156,24.6602789332972,0.1819843170488971,0.4292764446254809,10,0.9902386663538905,0.8781990345995763,0.15532337604283347,0.0,0.0,0.0,0.07416804136894409,0.08115533467388937
1213,1,0,1,0.07149567225154617,4.0,10.818177246938347,24.70212868040558,0.16723343715587136,0.4135810647087057,10,1.1613049369999993,0.881000025393434,0.18267755885880615,0.0,0.0,0.0,0.08850527935815455,0.0941722795006516
1214,1,2,0,-0.2331355231571594,3.7668644768428408,10.94967694035002,24.642898394654377,0.15551153716587962,0.48670583833207187,10,0.9602770558440668,0.8880076481835982,0.15009636994751913,0.981486388252234,0.0,5.551115123125783e-17,0.07033139993995022,0.07976497000756894
1215,1,2,0,-0.2335439419634787,3.533320534879362,11.181266942745548,24.693125762389833,0.14069018435464162,0.48411507937012827,10,1.1716317535060954,0.8898143833751099,0.18423764064665865,1.420235029992431,0.0,5.551115123125783e-17,0.0889281168674283,0.09530952377923037
1216,1,0,1,0.07187782334097398,3.6051983582203357,11.306427298860948,24.626394558574596,0.12886732677355794,0.4710060849551548,10,0.9552889699285481,0.8968598176283845,0.14959111197634284,0.0,0.0,0.0,0.07093714548650194,0.07865396648984088
1217,1,0,1,0.07143307391882349,3.676631432139159,11.531955121729144,24.68051623957461,0.11394659206609926,0.45503834346388494,10,1.1779700503041015,0.8983205464358887,0.185330857192371,0.0,0.0,0.0,0.08952440824475201,0.09580644894761897
1218,1,0,1,0.07181834001326971,3.748449772152429,11.651922526802572,24.626049271019898,0.10199928767834344,0.4416453929547954,10,0.9708122205513126,0.9053117840325939,0.15204152938107246,0.0,0.0,0.0,0.07168382632653503,0.08035770305453745
1219,1,0,1,0.07186740022028125,3.82031717237271,11.754740942802,24.560746618049045,0.09048448789073012,0.4285638804403224,10,0.9444650579741308,0.906949294945562,0.14757787381251802,0.0,0.0,0.0,0.06908879872567988,0.07848907508683813
1220,1,1,1,0.006956096912498461,3.8272732692852087,11.820660894959946,24.48040790715583,0.32262374493833584,0.4158369150224515,10,0.8934684302860085,0.9078871890212762,0.1395378752854273,0.043988374936163144,0.0,0.0,0.06317608277820244,0.07636179250722486
1221,1,0,1,0.07143446358497589,3.8987077328701845,12.02639586173229,24.527445343350088,0.30794738792687554,0.4001356003832593,10,1.1602991230194974,0.9075267200528945,0.1822660299039155,0.0,0.0,0.0,0.0880581420687619,0.09420788783515358
1222,1,0,1,0.07139929937014715,3.970107032240332,12.235870170913298,24.578259926668714,0.29298150658399075,0.384312927874078,10,1.1741349226266964,0.9138460301270594,0.1847313231123963,0.0,0.0,0.0,0.08979528805730852,0.09493603505508778
1223,1,0,1,0.0713623931477482,4.0,12.444034751932241,24.63221892010455,0.2779132342597053,0.36838680611262503,10,1.1824768268943253,0.9203532524395505,0.18596636451443088,0.0,0.0,0.0,0.09040963394571291,0.095556730568718
1224,1,0,0,-0.16813487742496772,3.8318651225750324,12.528182261899198,24.55128455388885,0.2663825440941991,0.35568997151284304,10,0.9301194855521735,0.9269063418009198,0.1453651485917288,0.0,0.0,0.0,0.06918414099303699,0.07618100759869183
1225,1,0,1,0.07187928602334105,3.9037444085983735,12.604711743724259,24.471646099313098,0.2549879799415835,0.3430037523995166,10,0.9238776976440158,0.9269866703947012,0.14448469959565247,0.0,0.0,0.0,0.06836738491569358,0.07611731467995891
1226,1,1,1,0.006329449409434497,3.910073858007808,12.806525044884538,24.535810759585303,0.45286667166541034,0.3268953743235207,10,1.1928869075084196,0.926908946075934,0.18769441106165946,0.22168370705135476,0.0,0.0,0.09104414260568422,0.09665026845597524
1227,1,0,1,0.07177135864616811,3.981845216653976,12.900244244657944,24.478264127939454,0.44079873404348646,0.31371065645634233,10,0.9697309632392968,0.9335583951117461,0.15151593293461355,0.0,0.0,0.0,0.07240762573154332,0.07910830720307022
1228,1,2,1,0.006307558099909831,3.988152774753886,13.089409914260596,24.544773926623883,0.4258329919377679,0.48384174030696186,10,1.1901381776020183,0.9344627093149349,0.18674401079253988,0.382263938738054,0.0,5.551115123125783e-17,0.08979445263431111,0.09694955815822874
1229,1,0,1,0.07166900404460431,4.0,13.202819021045093,24.504061619407047,0.41293296097729293,0.47023287975724576,10,1.013551395589774,0.940854596022112,0.1590533490611465,0.0,0.0,0.0,0.07740018576285018,0.08165316329829633
1230,1,0,0,-0.16868221024335875,3.8313177897566413,13.375828817035663,24.56521540989378,0.3981885394424558,0.4541808075005911,10,1.1768356024886073,0.9426720160113036,0.1847789627489508,0.0,0.0,0.0,0.0884665292090226,0.09631243353992822
1231,1,0,1,0.07127153211918395,3.9025893218758254,13.55676783520003,24.63050301598082,0.3830786750383432,0.43799682352159364,10,1.1947527299246443,0.9485261056732361,0.18776309029866065,0.0,0.0,0.0,0.0906591864246758,0.09710390387398488
1232,1,0,1,0.07126772859514595,3.973857050470971,13.727655938497639,24.690618116404757,0.36813448411182664,0.42189986549738906,10,1.1856849750010636,0.9546817712795213,0.18624689370432662,0.0,0.0,0.0,0.08966514555909905,0.09658174814522755
1233,1,0,1,0.0712292951316893,4.0,13.899242041545968,24.7549925220434,0.35303252753567455,0.40566288920058907,10,1.1964173600595316,0.96045685137256,0.18803359723771285,0.0,0.0,0.0,0.09061173945691257,0.09742185778080023
1234,1,2,0,-0.23324236985181515,3.766757630148185,13.951465112916186,24.680911970242917,0.3413313818678505,0.48707422198391176,10,0.9444983836594697,0.9663558640897342,0.1477615421034737,0.933977335203534,0.0,0.0,0.07020687400694436,0.07755466809652932
1235,1,0,1,0.07121521717870953,3.8379728473268946,14.117964108268104,24.747200120067006,0.3261949880584711,0.470794838179246,10,1.1985965722549827,0.9658094270789777,0.18849466568427092,0.0,0.0,0.0,0.09081836285627642,0.0976763028279945
1236,1,0,0,-0.16832920039448,3.6696436469324145,14.17723518967529,24.69651493511767,0.31411078544766147,0.4573021350253615,10,0.9802150021662303,0.9716291057083777,0.1534614345881649,0.0,0.0,0.0,0.07250521566485794,0.08095621892330693
1237,1,0,1,0.07164725862661417,3.741290905559029,14.243354161698399,24.65558775373159,0.30176531116383165,0.44359460661343175,10,0.9970355437568577,0.971843753119824,0.15631801617455732,0.0,0.0,0.0,0.07407284570297873,0.08224517047157859
1238,1,1,1,0.006212042517962339,3.747502948076991,14.400247288317843,24.72430197232577,0.48420172627102803,0.42727027473615803,10,1.198080893099371,0.9724735478857498,0.18841616137800843,0.31491133924245596,0.0,5.551115123125783e-17,0.0904701701143659,0.0979459912636425
1239,1,1,1,0.006161623694356115,3.7536645717713473,14.551962335491275,24.796669328342944,0.4850034880131961,0.41083128718006257,10,1.202196134706694,0.9781137315160904,0.18861299725739591,1.405210357626168,0.0,5.551115123125783e-17,0.0899790719208234,0.09863392533657253
1240,1,1,1,0.006143760955116364,3.7598083327264638,14.701130550345592,24.867683672412305,0.48497547587438605,0.3943740229840424,10,1.2038983505195338,0.9837157915958554,0.18889072992980516,1.4100209280791764,0.0,5.551115123125783e-17,0.09014714475368366,0.09874358517612151
1241,1,1,1,0.006162779780209072,3.765971112506673,14.837455119333244,24.93230664364215,0.48522799254280535,0.3780282554635503,10,1.1901678957864474,0.9892203555689474,0.18670664986612032,1.4098528552463163,0.0,5.551115123125783e-17,0.08863204474316803,0.0980746051229523
1242,1,2,1,0.006125243523328381,3.7720963560300014,14.976821672958039,24.998892848230113,0.4702723421041522,0.4835756062708598,10,1.2001968022871377,0.9942440440743849,0.1882802650067593,0.7681695327813016,0.0,5.551115123125783e-17,0.08973390263191858,0.0985463623748407
1243,1,0,1,0.07144911716413217,3.8435454731941334,15.053175168701806,24.966225335167557,0.45704566747159653,0.46949432742600994,10,1.043078845710918,0.9993928630297038,0.1638477208644334,0.0,0.0,0.0,0.07936004779533415,0.08448767306909927
1244,1,0,0,-0.16836220343396568,3.6751832697601676,15.086035619037778,24.90192817336566,0.44506275667939876,0.45621812041661686,10,0.9690483011308106,1.0004850125967342,0.1515547068095462,0.0,0.0,0.0,0.07189746475318706,0.07965724205635916
1245,1,2,1,0.006562741326281964,3.6817460110864495,15.137609835064248,24.85452434126886,0.4324828462475825,0.4863476840138489,10,1.003869478739756,0.9996990948100859,0.15739335850780362,1.2373087224997008,0.0,5.551115123125783e-17,0.07547946259089704,0.08191389591690658
1246,1,0,1,0.07113415863081399,3.7528801697172636,15.263028593899191,24.922326659495432,0.4176909566967241,0.4699371442535582,10,1.1930244314698442,0.9998033544083278,0.18721457586689488,0.0,0.0,0.0,0.08875133730515043,0.09846323856174446
1247,1,0,0,-0.1683267927553228,3.584553376961941,15.280105230362128,24.851303114764328,0.40600746261357396,0.4568471055891988,10,0.9506869730666908,1.0046338813348656,0.14864119648505691,0.0,0.0,0.0,0.0701009644989008,0.07854023198615613
1248,1,0,1,0.07115812940162573,3.655711506363567,15.394543941427566,24.91401104354159,0.39141751589327756,0.4405547525867664,10,1.1804318484708674,1.0032852086281614,0.18529379833637244,0.0,0.0,0.0,0.0875396803217784,0.09775411801459408
1249,1,0,1,0.07111129237592871,3.7268227987394953,15.514597842364351,24.98140123728824,0.37659305943181165,0.42411308496975914,10,1.1951579693076622,1.007713874624229,0.18759674447083885,0.0,0.0,0.0,0.08894673876879522,0.09865000570204362
1250,1,0,1,0.07111433002205618,3.7979371287615513,15.626710602357736,25.046025022784423,0.3619032657091514,0.4076956910154503,10,1.1891365224808825,1.0123999769913148,0.18664312606181496,0.0,0.0,0.0,0.08813876233596189,0.09850436372585306
1251,1,0,1,0.07166149115706227,3.8695986199186136,15.618794354826349,24.969174031956904,0.35066242760662414,0.3946425482144165,10,0.9320511522696474,1.016818390628554,0.1457638854213666,0.0,0.0,0.0,0.0674450286151636,0.07831885680620296
1252,1,0,1,0.07106985247460794,3.9406684723932215,15.735207291277753,25.041445894103234,0.3357632155986858,0.37804934539008855,10,1.2033840082673208,1.0146992096695815,0.18895448899359749,0.0,0.0,0.0,0.08939527204762986,0.0995592169459676
1253,1,0,1,0.07163092863970677,4.0,15.722818137330766,24.971754490811872,0.32455434052484944,0.364822767857179,10,0.9373357723961703,1.0194163296345249,0.14661271564047573,0.0,0.0,0.0,0.06725325044301836,0.07935946519745739
1254,1,0,1,0.07105835447137679,4.0,15.834302624151029,25.047601838102207,0.3097227726364534,0.34813586383928735,10,1.204696149814164,1.0173643157035661,0.1891108314377257,0.0,0.0,0.0,0.08898940733037611,0.10012142410734956
1255,1,0,1,0.07156654534656003,4.0,15.822118679899,24.990155100258576,0.2984163238320161,0.33459156288194136,10,0.9524169294606752,1.0220476115563308,0.14910449857069993,0.0,0.0,0.0,0.06783869282662386,0.08126580574407608
1256,1,1,1,0.006562907383683483,4.0,15.815151001652055,24.937956148999067,0.4885694311037081,0.32096784359668845,10,0.9611402149974826,1.0203068445039394,0.1503257290892688,0.2904979429920965,0.0,5.551115123125783e-17,0.06858341337775128,0.08174231571151754
1257,1,0,1,0.07102741915744748,4.0,15.928207432971274,25.015922764135983,0.47366363893756275,0.30426922815225743,10,1.2098507252224135,1.018827678766278,0.18962644566345818,0.0,0.0,0.0,0.08943475299687209,0.10019169266658609
1258,1,1,1,0.006026293213657106,4.0,16.032585622917168,25.091823286844264,0.48528086889690886,0.28757224182426694,10,1.2038819675818573,1.0236032549276817,0.18849670458648934,1.3419818336253768,0.0,5.551115123125783e-17,0.0883147866185463,0.10018191796794303
1259,1,0,0,-0.16899295228793887,3.831007047712061,16.136634084831137,25.166915831799752,0.4704776711852004,0.27085066074192476,10,1.2072512296134932,1.028110222744036,0.18914867276430475,0.0,0.0,0.0,0.08881918627025145,0.10032948649405327
1260,1,2,1,0.00703530328855319,3.838042351000614,16.009698937522785,24.952916463996708,0.46226878938556126,0.49012545795488444,10,0.6916542328043722,1.0325887479157725,0.10850054306852817,0.12510396445154848,0.0,0.0,0.049253290797834755,0.059247252270693426
1261,1,0,1,0.07102670387998732,3.9090690548806015,16.114640197589996,25.029192761993258,0.44743011438717734,0.4734578293820115,10,1.2052829431017513,1.0240653850379873,0.189037821427541,0.0,0.0,0.0,0.0890320499903034,0.10000577143723764
1262,1,0,1,0.07164613177638639,3.980715186656988,16.086011837531665,24.951084114099586,0.4364096014573276,0.46046692553798274,10,0.9218588160375785,1.0285958239895814,0.14406850064327054,0.0,0.0,0.0,0.0661230775790984,0.07794542306417213
1263,1,0,1,0.07159338103468373,4.0,16.076440012065802,24.887285042291225,0.4248785304356424,0.44718974834307446,10,0.9525565015165578,1.0259273987907813,0.1488494892995613,0.0,0.0,0.0,0.06918642613011126,0.07966306316945002
1264,1,1,1,0.0065834526109714245,4.0,16.06617809153592,24.82817244433985,0.4884845283181564,0.4338374581382347,10,0.9547186078776669,1.0240931263589257,0.1492065713201002,1.0492711826138543,0.0,5.551115123125783e-17,0.06909283009106147,0.08011374122903875
1265,1,0,1,0.07105969266523413,4.0,16.15946007585609,24.90556165642802,0.4739718582720967,0.4172077283574918,10,1.1930299598052383,1.0223587633968942,0.18685439896081513,0.0,0.0,0.0,0.08707602027635816,0.09977837868445695
1266,1,0,1,0.07101061600957594,4.0,16.258653361518743,24.986708343326335,0.4592259414287656,0.4004497546149038,10,1.2069655158680674,1.026625543307103,0.1890233435155148,0.0,0.0,0.0,0.08847550105998642,0.10054784245552836
1267,1,0,1,0.07155642451942167,4.0,16.250183277453633,24.927853640017847,0.44754053761085943,0.3870346875045658,10,0.9638092552475316,1.0311340426211268,0.15060282556946522,0.0,0.0,0.0,0.07011242290743755,0.08049040266202766
1268,1,0,1,0.071003613865389,4.0,16.347414728432298,25.008929122198726,0.43275948057181557,0.3702600865484442,10,1.2077578560963307,1.0294509229367872,0.1893339479709929,0.0,0.0,0.0,0.08868634223426325,0.10064760573672964
1269,1,0,1,0.07103999427280971,4.0,16.42963274218806,25.079617716484172,0.4183488703308104,0.3536823386746022,10,1.186815204306985,1.0339085962657757,0.18593014868908297,0.0,0.0,0.0,0.08646366144603056,0.09946648724305245
1270,1,0,0,-0.1690167193287927,3.8309832806712074,16.520174697576554,25.157209972283944,0.4036349671177144,0.3368945794680868,10,1.2058654726550677,1.037731261466806,0.18900997451766857,0.0,0.0,0.0,0.08828341927857619,0.10072655523909241
1271,1,0,1,0.07102193444289782,3.902005215114105,16.597246005783276,25.223809709941374,0.3892479095928946,0.32032941555401456,10,1.1856056626106657,1.0419346167465124,0.18571332863335194,0.0,0.0,0.0,0.08632234514891868,0.09939098348443323
1272,1,0,1,0.07142611039299536,3.9734313255071005,16.5961253536975,25.178569843777126,0.37707374022485585,0.3064376077438558,10,0.9991658746430854,1.0455263928931164,0.1563958630691853,0.0,0.0,0.0,0.07304501620823263,0.08335084686095262
1273,1,0,1,0.07151709248904181,4.0,16.558866482401136,25.112688374763312,0.3658949884899804,0.2930205564652756,10,0.9412270396266933,1.0443673799368656,0.14757481808073372,0.0,0.0,0.0,0.06707251040925231,0.0805023076714814
1274,1,0,1,0.07148924847026832,4.0,16.52831585266425,25.04985555135454,0.3545311286561576,0.2795619255794946,10,0.9484054182834583,1.0417888714291113,0.14893494431762244,0.0,0.0,0.0,0.06818315900293696,0.08075178531468546
1275,1,0,1,0.07099017155610533,4.0,16.611812339255508,25.131284994805704,0.339935502794922,0.2626973300772679,10,1.2043802151428893,1.03945428510047,0.1887613281807741,0.0,0.0,0.0,0.08757375516741371,0.1011875730133604
1276,1,1,1,0.005964398698635127,4.0,16.69600053556613,25.210468689225873,0.485322465555865,0.24583768098424452,10,1.2069493240823248,1.0435774333515304,0.1892231012229502,0.5396130167695319,0.0,5.551115123125783e-17,0.08806520666480992,0.1011578945581403
1277,1,0,1,0.0714320878209881,4.0,16.68453365128324,25.165981066523926,0.47338113425167383,0.2319478997856453,10,0.9917072236349597,1.0476617306198002,0.15498667501674243,0.0,0.0,0.0,0.07164798782514703,0.08333868719159541
1278,1,0,1,0.0715148703510334,4.0,16.641453787544712,25.10984245715669,0.4623514712725225,0.21833678755336802,10,0.9470443948394133,1.0462628679451793,0.1478446512685714,0.0,0.0,0.0,0.06617797787490777,0.08166667339366367
1279,1,0,1,0.0715021112891145,4.0,16.608294523879884,25.057727641105647,0.45107091715718317,0.2046737741844823,10,0.9585083264016657,1.0437824061175351,0.1496614049053511,0.0,0.0,0.0,0.06768332469203671,0.08197808021331439
1280,1,0,0,-0.16903484206271463,3.8309651579372854,16.692201570907905,25.141127611396826,0.4364401992762172,0.18776078307810964,11,1.2089575714438354,1.0416505541246384,0.18926225392403134,0.0,0.0,0.0,0.0877843072857955,0.10147794663823585
1281,1,0,1,0.07146531946588507,3.9024304774031706,16.66570593125579,25.09524948037914,0.4249251206793991,0.17392807613503003,11,0.9734594588878231,1.0458332295576183,0.15208671323938588,0.0,0.0,0.0,0.06909047158090839,0.08299624165847748
1282,1,0,1,0.0709622657209971,3.9733927431241676,16.74370257122179,25.180958228483195,0.410408974567776,0.15694136466657738,11,1.207729273360925,1.0440238852908734,0.18901714548045465,0.0,0.0,0.0,0.08709687666973853,0.10192026881071611
1283,1,0,1,0.07144323197882511,4.0,16.709474690991506,25.135943150589817,0.39905208170130213,0.1430413133156999,11,0.9688735618689646,1.0481165199926248,0.15154166530410818,0.0,0.0,0.0,0.06814135719884323,0.08340030810526496
1284,1,0,1,0.0714188055643277,4.0,16.69941166787095,25.098030153171393,0.38701226296109786,0.12902315074037904,11,0.9981594255005507,1.0461354460395333,0.15634788789315102,0.0,0.0,0.0,0.0722389124412259,0.08410897545192511
1285,1,0,1,0.0714279300712832,4.0,16.67097872047942,25.052874261266695,0.37547871139038663,0.11514799896903709,11,0.9713472062298325,1.0449360455260586,0.1524522200523188,0.0,0.0,0.0,0.06920130942426714,0.08325091062805165
1286,1,0,1,0.07145562751705789,4.0,16.641230752512673,25.00505519747971,0.36399733951096996,0.10137208247235562,11,0.9655292927899217,1.0430963245436529,0.1515437302565886,0.0,0.0,0.0,0.06888823127649965,0.08265549898008893
1287,1,0,1,0.07144002751485078,4.0,16.61063434767169,24.973066069073333,0.3526168655741367,0.08725117008449883,11,0.9785716155024478,1.0411571487498097,0.1530083179481403,0.0,0.0,0.0,0.06828284362099957,0.08472547432714074
1288,1,0,0,-0.16852979454731642,3.8314702054526837,16.57579742843054,24.9174669686496,0.3413173123397764,0.07370395922465357,11,0.9491564907537396,1.0395925104186257,0.1490805845652332,0.0,0.0,0.0,0.06779731940616182,0.08128326515907136
1289,1,0,1,0.07146290333330893,3.9029331087859926,16.54889550444042,24.872705148149016,0.3298066410855507,0.05993174396249904,11,0.9656678654362976,1.0373316099270036,0.15169731909828163,0.0,0.0,0.0,0.06906402752535439,0.08263329157292723
1290,1,0,1,0.0714871638925362,3.974420272678529,16.514297809274495,24.814525570313677,0.31854907044055786,0.04649780003917506,11,0.9427627433134733,1.035540016314736,0.14814908740990096,0.0,0.0,0.0,0.06754542386995706,0.08060366353994394
1291,1,0,1,0.07095511053029446,4.0,16.606242151011905,24.916652755993052,0.3037345628194837,0.029282528449873113,11,1.2272921119064861,1.0332205844897042,0.19217867526225652,0.0,0.0,0.0,0.08888704572644487,0.10329162953581165
1292,1,0,1,0.07090190464086557,4.0,16.704399946847126,25.023649658159606,0.2886625963160316,0.011885569906507005,11,1.2432270706769006,1.0380723726751238,0.19481355028090955,0.0,0.0,0.0,0.09043179902071286,0.10438175126019666
1293,1,0,1,0.07140172284031145,4.0,16.676338294300532,24.836144314946353,0.2770752063800004,0.0012957555342660593,11,0.8276342443653188,1.0432012401251682,0.13306322584963268,0.0,0.0,0.0,0.06952433961618701,0.08376025263940337
1294,1,0,1,0.07141892998136179,4.0,16.65191259765774,24.262287731650627,0.2654802013146198,0.0,11,0.43952978529265946,1.0378120652311722,0.07734456359787993,0.0,0.0,0.0,0.06957003039228357,0.0858075357649813
1295,1,0,1,0.0714796410263021,4.0,16.61632284805878,23.65573053835936,0.2541670774555463,0.0,11,0.38070806534247914,1.0228550082327093,0.067878743154441,0.0,0.0,0.0,0.067878743154441,0.08400244797840348
1296,1,2,1,0.006523792369453557,4.0,16.58050457925075,23.667970835030246,0.24295067247013646,0.23565179489340374,11,0.9832233625233129,1.0068013346604534,0.15338766055203645,0.0,0.0,0.0,0.06729842991245896,0.0860892306395775
1297,1,0,0,-0.16895257168286168,3.8310474283171385,16.65884267360048,23.807971748812562,0.2284595847075986,0.21821907588650236,11,1.224550893489067,1.006211885357025,0.19154284061663576,0.0,0.0,0.0,0.08694652657522732,0.1045963140414084
1298,1,2,1,0.006599010084204644,3.837646438401343,16.605822850317452,23.800142162974026,0.21773198991400491,0.4542463274378022,11,0.9508209514387697,1.011670360560326,0.14820205945376264,0.0,0.0,0.0,0.0643655687615618,0.08383649069220082
1299,1,0,1,0.07103152620020922,3.9086779646015524,16.685748372211773,23.936937582865504,0.20315694299804865,0.43681527038171414,11,1.2268700671180774,1.0101491253322872,0.19203662383226644,0.0,0.0,0.0,0.08745028149573768,0.10458634233652875
1300,1,0,1,0.07100125286641791,3.9796792174679703,16.76932379187806,24.06913043665305,0.1884138162976429,0.41941167171125243,11,1.2313354223307684,1.015567148876932,0.19288035222520444,0.0,0.0,0.0,0.08845876020243466,0.10442159202276977
1301,1,0,1,0.07146529735307705,4.0,16.738876553691785,24.07784929228223,0.17696658062311632,0.4049263666717498,11,0.9992329731561842,1.0209613557132777,0.15559524428417543,0.0,0.0,0.0,0.0686834140471595,0.08691183023701592
1302,1,0,1,0.071523004029622,4.0,16.69213205265458,24.073358541496575,0.1660426544006771,0.3907027737614186,11,0.9691828943264786,1.0204181461493504,0.1508851147966226,0.0,0.0,0.0,0.06554355733463543,0.08534155746198717
1303,1,0,1,0.0715100811304299,4.0,16.649054614397464,24.07915648272162,0.1550159236092324,0.37625226178424037,11,0.9818577678217151,1.0191372648537786,0.1528634566117374,0.0,0.0,0.0,0.06616038474866803,0.0867030718630694
1304,1,0,1,0.07152444097167616,4.0,16.611581776756772,24.07748525616229,0.1438553730228739,0.36198761789038697,11,0.9790612132279586,1.018205277427977,0.15255116688127152,0.0,0.0,0.0,0.06696330351815104,0.0855878633631205
1305,1,0,1,0.07104330787901236,4.0,16.690692458278072,24.198481824083633,0.12928478079622863,0.3447605204153137,11,1.2173339252656168,1.0172266758229767,0.19078613821031137,0.0,0.0,0.0,0.08742355335987152,0.10336258485043984
1306,1,0,1,0.07150521829893759,4.0,16.64629839166068,24.20018312320706,0.11828921156612009,0.33031889006901644,11,0.9795365895650746,1.0222293570590426,0.15262319745843458,0.0,0.0,0.0,0.06597341538065127,0.08664978207778332
1307,1,0,0,-0.16857745169966512,3.831422548300335,16.633104769745636,24.214886118401473,0.10641048711452909,0.31559673156781537,11,1.0226714111510709,1.0211620378716935,0.1596052977167523,0.0,0.0,0.0,0.07127234670954592,0.08833295100720637
1308,1,0,1,0.07152779829807654,3.9029503465984114,16.58892967817914,24.2123728140911,0.09546741479702453,0.3012382916365887,11,0.9745113763268082,1.0211997722036779,0.1518090734923874,0.0,0.0,0.0,0.06565843390502739,0.08615063958736001
1309,1,0,1,0.07101971483720435,3.9739700614356157,16.671501181785015,24.332766723757512,0.08081647434943502,0.2839396818752635,11,1.222997975579039,1.0200325623067563,0.19169730125348805,0.0,0.0,0.0,0.08790564268553705,0.10379165856795099
1310,1,0,1,0.07100578211313321,4.0,16.681827844608915,24.449485309229438,0.06850967500508266,0.2666588188488938,11,1.1521519459343903,1.0251066976385632,0.1775259742243326,0.0,0.0,0.0,0.08832982665434701,0.10368517815821846
1311,1,0,1,0.07149895159443273,4.0,16.541709796576328,24.438547496018987,0.06053598854227682,0.25235265328491713,11,0.877226967602918,1.028282828845959,0.1336791121606951,0.0,0.0,0.0,0.06647852697494401,0.08583699338386004
1312,1,0,1,0.07148461120500925,4.0,16.35060064161134,24.424494015798015,0.05399295819575837,0.23811036477071393,11,0.8193437971289246,1.0245064323148827,0.12471191316433,0.0,0.0,0.0,0.06834556785440896,0.0854537310852193
1313,1,0,1,0.07153988310761873,4.0,16.093130502207437,24.405492221328796,0.049175185306956325,0.22400203714489123,11,0.7429054325621125,1.0193773664352341,0.11355660308774831,0.0,0.0,0.0,0.06699019122705528,0.084649965754936
1314,1,1,0,-0.23345381582512395,3.766546184174876,16.07246247897709,24.380609617884552,0.28783307751643394,0.2100397810792618,11,0.9669149414138145,1.0124655680884058,0.15182618313691082,0.0,0.0,0.0,0.06805264674313405,0.08377353639377677
1315,1,0,0,-0.1689220445214322,3.597624139653444,16.167966943785977,24.483498281693386,0.2732248923541974,0.1930663404094848,11,1.2097199310392637,1.0113268024215412,0.18948975499208148,0.0,0.0,0.0,0.08764911097341972,0.10184064401866177
1316,1,0,1,0.07105782285812659,3.6686819625115707,16.26175390458807,24.585841883026518,0.25858285835453754,0.17604202642913203,11,1.2124171927722038,1.0162866306369842,0.1899980878800754,0.0,0.0,0.0,0.08785220399795877,0.10214588388211668
1317,1,0,0,-0.16900505134316776,3.499676911168403,16.362871497739086,24.692324250315032,0.2436458956232096,0.1588597329568242,11,1.2287898551298988,1.0211898946903646,0.19271553722181461,0.0,0.0,0.0,0.08962177638796769,0.10309376083384693
1318,1,0,1,0.0716079060379447,3.571284817206348,16.318833117291952,24.619646583292333,0.2327974461736607,0.1458831371391954,11,0.9096638462315195,1.0263798937013529,0.14295027160306648,0.0,0.0,0.0,0.06509069669729348,0.077859574905773
1319,1,0,0,-0.16896368905914547,3.4023211281472023,16.407578950622785,24.72092179542655,0.21817706616985535,0.128806893523817,11,1.2134830379796542,1.0234619925146071,0.19017974171510205,0.0,0.0,0.0,0.08772228002283176,0.10245746169227027
1320,1,2,1,0.0064932952496411485,3.4088144233968434,16.384381619156905,24.696212129158223,0.20676947220128036,0.3646836272521831,11,0.9803055209170264,1.0282125186512334,0.1531851614412539,0.0,0.0,0.0,0.06844556381145028,0.0847395976298036
1321,1,0,1,0.07105498918189268,3.479869412578736,16.4674057530992,24.785343552000334,0.19226623485091943,0.3478479621339677,11,1.1991704004922834,1.027014843707878,0.18803341481145777,0.0,0.0,0.0,0.08701942410216568,0.10101399070929211
1322,1,0,1,0.07103846024320602,3.550907872821942,16.549233264395763,24.872336656858707,0.17772614104713447,0.3310116692830263,11,1.2001393487824266,1.0313187326274882,0.18825831992835865,0.0,0.0,0.0,0.08724056282270966,0.10101775710564899
1323,1,0,1,0.07147850883517895,3.6223863816571207,16.521236381507624,24.848541917411517,0.1663727023911504,0.31676927697941565,11,0.9837476256960345,1.0355392480313619,0.15357498575756792,0.0,0.0,0.0,0.06812063193590437,0.08545435382166354
1324,1,0,1,0.07150652209444001,3.6938929037515607,16.49752795209968,24.814905215209066,0.15490223075151777,0.3028069896546251,11,0.9768993258625827,1.0342444574729788,0.15259655378653855,0.0,0.0,0.0,0.06882282983779565,0.0837737239487429
1325,1,0,1,0.07147568570954517,3.7653685894611058,16.476134602352623,24.793563944600386,0.14338523070826212,0.2885494192755961,11,0.9900762088269854,1.032810829182719,0.15464742253370858,0.0,0.0,0.0,0.06910200025953406,0.08554542227417455
1326,1,0,1,0.07100477554816369,3.8363733650092695,16.563444693956825,24.886830240019272,0.12868499001249128,0.27155364711216473,11,1.2123188506969114,1.0317424636738255,0.19017607715521295,0.0,0.0,0.0,0.08820144417462489,0.1019746329805881
1327,1,0,0,-0.1685353889742018,3.667837976035068,16.534743947629806,24.852434196279994,0.117254236173782,0.257536289990364,11,0.9731600832830994,1.0362568733494024,0.15268866576306045,0.0,0.0,0.0,0.06858452303225585,0.0841041427308046
1328,1,0,1,0.07099668513664299,3.738834661171711,16.619052682041225,24.942248381847072,0.10258592819374279,0.2405888608770139,11,1.2088023735762492,1.034679453597745,0.1896944225603359,0.0,0.0,0.0,0.0880098478802353,0.1016845746801006
1329,1,0,0,-0.16899791960073604,3.569836741570975,16.639035482794192,25.026504884049547,0.08999747059308437,0.2237210241198433,11,1.143271829552646,1.0390325265972078,0.17673776614697384,0.0,0.0,0.0,0.08774891016418905,0.10120702054302341
1330,1,0,1,0.07146325477277152,3.6412999963437462,16.497648866158812,24.992292710838342,0.08208927115822519,0.20961849691968723,11,0.8660397193245063,1.0416385091710936,0.13206435981009143,0.0,0.0,0.0,0.06811797107194097,0.08461516320093636
1331,1,2,1,0.006015426616859657,3.647315422960606,16.309911827054833,25.073555810186633,0.0752396265472191,0.44279223923832295,11,0.9307745996692426,1.037248539424929,0.14205541375422273,0.0,0.0,0.0,0.08783425418238201,0.10095754608818612
1332,1,0,1,0.07096555614327144,3.7182809791038776,16.038001003809903,25.167216983417536,0.07067082467558555,0.42562714994845113,11,0.856337040917013,1.0345866909310366,0.13040334696903177,0.0,0.0,0.0,0.09013398578424177,0.10299053573923055
1333,1,0,1,0.07098353111829157,3.789264510222169,15.727918048054647,25.253909795385304,0.06736120381187087,0.40857199865478594,11,0.8067403058931941,1.0301304496806862,0.12218863294427958,0.0,0.0,0.0,0.09062453503241823,0.10233090776199148
1334,1,0,1,0.07144048530586139,3.8607049955280304,15.419045343317483,25.221093525737814,0.06440744645807688,0.39434946598566506,11,0.682856721701348,1.0245456960859989,0.10305774013748885,0.0,0.0,0.0,0.07314702437615743,0.08533519601472485
1335,1,0,1,0.07153328803383835,3.9322382835618686,15.109698449415285,25.169966883237638,0.061756822983031125,0.38051871023525696,11,0.6555299353240088,1.0160034717263826,0.0988882753527236,0.0,0.0,0.0,0.06788373306047135,0.08298453450244904
1336,1,0,1,0.07151719769086055,4.0,14.775650354623522,25.13970992006686,0.060445325260802235,0.366241053122394,11,0.6426865753537796,1.0069916333163231,0.09353492901055094,0.0,0.0,0.0,0.0694647977714103,0.08566594267717759
1337,1,0,1,0.07108941712289918,4.0,14.440832424376257,25.212804023696634,0.05948495502140442,0.34952185370662825,11,0.7361601802497686,0.9978840068672595,0.10607741793098133,0.0,0.0,0.0,0.09301706208419258,0.10031519649459444
1338,1,0,1,0.07161064138552,4.0,14.116686205257547,25.157416157245542,0.05846066081332952,0.33580909747901283,11,0.6118068256320207,0.9913409112018223,0.0884223026141419,0.0,0.0,0.0,0.06899982038276897,0.0822765373656925
1339,1,0,1,0.07168798723979806,4.0,13.798719376709744,25.09168661042749,0.05748981840822853,0.32237791673062977,11,0.5981561836967243,0.9818525590625773,0.08641213892090467,0.0,0.0,0.0,0.0665001742242789,0.08058708449029875
1340,1,2,1,0.006666718179814993,4.0,13.491263605695707,25.0377153875733,0.0564478124803478,0.486349332396689,11,0.6108331558102029,0.9722601496784309,0.08815604118715002,0.4342675003837785,0.0,5.551115123125783e-17,0.06915839691690805,0.08190400561986565
1341,1,0,1,0.07160260027213777,4.0,13.195767126110288,25.000804560549614,0.05528711496487629,0.4723435431077904,11,0.6308171682226211,0.9632244748317254,0.09099892082622082,0.0,0.0,0.0,0.07354106574596228,0.08403473573339171
1342,1,0,0,-0.1683503889437978,3.831649611056202,12.907618603913075,24.95694741934858,0.054127513410555654,0.45853710748057436,11,0.6229086287682477,0.9549142921664977,0.08979622308922046,0.0,0.0,0.0,0.07249802246976716,0.08283861376329663
1343,1,2,1,0.006719200658268321,3.8383688117144703,12.623222103105295,24.902098636786576,0.053063792180276494,0.48647447518514797,11,0.6073688672117583,0.9466141505815414,0.08753547627078667,1.251222644883446,0.0,5.551115123125783e-17,0.07043370946547708,0.08115314888911175
1344,1,0,1,0.07125774584172073,3.909626557556191,12.342249177153885,24.96907994480872,0.05210246921843704,0.4700357306516842,11,0.7241414005680331,0.9381330184972969,0.10440040497181965,0.0,0.0,0.0,0.09319003793325757,0.09863246720078292
1345,1,0,1,0.07127780787721569,3.9809043654334064,12.067789812862227,25.029778573617236,0.05115533407573732,0.4537075673650455,11,0.7190224925659203,0.9327832280490653,0.10365179057603022,0.0,0.0,0.0,0.09338682483942652,0.0979689797198319
1346,1,0,1,0.07129669619092271,4.0,11.799128385715282,25.086469995653523,0.050237741904220395,0.4374366156303877,11,0.7154692045513268,0.9274392096619867,0.10313126343704883,0.0,0.0,0.0,0.09320417724607497,0.09762571040794725
1347,1,0,1,0.0713244415319094,4.0,11.537340023670222,25.136568903116085,0.04931580169316979,0.42128651900221387,11,0.7104505049517245,0.9221399595342202,0.10243222103534642,0.0,0.0,0.0,0.09251653917833867,0.09690057976904283
1348,1,0,1,0.07186204116207291,4.0,11.287372477051175,25.053527564003232,0.04824730297170568,0.4082861427293277,11,0.5838388374377554,0.9168477231696577,0.0844132499661022,0.0,0.0,0.0,0.06649835823157375,0.0780022576373175
1349,1,0,1,0.07186338209334017,4.0,11.042427323922368,24.977155713470207,0.0472128818939981,0.39518680186863203,11,0.587205497364529,0.9085225010263602,0.08480257163041925,0.0,0.0,0.0,0.06671237741848735,0.07859604516417378
1350,1,0,1,0.07189322204364432,4.0,10.805122299467456,24.89817220715971,0.04613633582057732,0.3821947241136714,11,0.5842010451694095,0.9004895759348144,0.08441174297028844,0.0,0.0,0.0,0.06650756680569633,0.07795246652976379
1351,1,0,1,0.0719719779904347,4.0,10.572268609958755,24.808960912226045,0.04510093671007773,0.3694776807506919,11,0.5705173782233104,0.8925823626656794,0.08251465484087503,0.0,0.0,0.0,0.06381343794385044,0.07630226017787746
1352,1,0,1,0.07147929698751099,4.0,10.33893868308494,24.85098627919305,0.04424047036632342,0.35368100457802104,11,0.6932261781478135,0.8845307380546201,0.0999428550985505,0.0,0.0,0.0,0.0889193805249955,0.09478005703602468
1353,1,0,1,0.0714919740663488,4.0,10.111706395811783,24.89168336345933,0.04337265981621328,0.3378879439655993,11,0.6932129210500653,0.8797481240569499,0.09996522697519139,0.0,0.0,0.0,0.08822766343854793,0.09475836367453055
1354,1,0,1,0.07152579338757642,4.0,9.890354095707014,24.92463952776719,0.042499316488698695,0.32225680760277936,11,0.6866886081848712,0.8750847439817778,0.09902687814200727,0.0,0.0,0.0,0.08724736314151815,0.09378681817691971
1355,1,2,1,0.006564155264432796,4.0,9.674299158704681,24.950149041834067,0.04163254106118917,0.48452688403204713,11,0.6798294176513996,0.8703748405868551,0.09803934837277424,0.4335408456166757,0.0,0.0,0.0854558336304638,0.0928386958077171
1356,1,0,1,0.07156965121830995,4.0,9.463532098876676,24.97579294880901,0.04076891830731105,0.46903709517970876,11,0.6804880521604068,0.8656112050134688,0.09812046963729873,0.0,0.0,0.0,0.08517630428347674,0.09293873311403003
1357,1,0,0,-0.16843718028922025,3.8315628197107796,9.257410846953448,25.00405487551545,0.039922611347625245,0.45346587621491724,11,0.683123800975356,0.8609831261921421,0.0985051555468644,0.0,0.0,0.0,0.08513903944064946,0.09342731378874954
1358,1,0,1,0.07161807919764863,3.9031808989084285,9.056584800933159,25.020659267358948,0.039072355093360066,0.43815736208991507,11,0.672314988884929,0.8565366430617225,0.09695262227560422,0.0,0.0,0.0,0.08300923254026395,0.09185108475001313
1359,1,0,1,0.071921758493466,3.9751026574018944,8.870307915568645,24.95355656955734,0.037957418019504106,0.4248367289396995,11,0.5985515185411803,0.8519311017073028,0.08661342134442886,0.0,0.0,0.0,0.06945691563240437,0.07992379890129314
1360,1,0,0,-0.1680028613727035,3.807099796029191,8.685369874418235,24.876911774436387,0.03693464977675947,0.4117904474228153,11,0.5840137758567858,0.8455966121281497,0.08441429855777309,0.0,0.0,0.0,0.06487763269165954,0.07827768910130528
1361,1,0,1,0.07168355051396015,3.8787833465431514,8.499324647112424,24.89172814556882,0.036071065900241554,0.39659592817916695,11,0.6678281850479918,0.8390570412213656,0.09634861872099777,0.0,0.0,0.0,0.08047516842173902,0.09116711546189027
1362,1,0,1,0.07203515489088648,3.950818501434038,8.32530329535995,24.816031553290202,0.03500268355509334,0.38356294305017974,11,0.5850583757859358,0.8347763198170313,0.08460820484481266,0.0,0.0,0.0,0.06383177950258452,0.07819791077392338
1363,1,0,1,0.07213076638190433,4.0,8.153885680008573,24.720292304726883,0.033982823359742724,0.3710641461308148,11,0.5613765073015593,0.8285333712162538,0.08111194268829328,0.0,0.0,0.0,0.06064291913632905,0.0749927815161896
1364,1,0,1,0.07177588046441681,4.0,7.979981531051761,24.729936211238645,0.033151073552981546,0.35608555364363864,11,0.6575942071733367,0.8218544496183864,0.09486205376362396,0.0,0.0,0.0,0.07549328108569973,0.08987155492305689
1365,1,1,1,0.006785534607912834,4.0,8.21107379749809,24.73683885708122,0.270556424169849,0.34116275440878135,11,1.0557428558461643,0.8177479435572602,0.16510469170793937,0.0,0.0,0.0,0.07556789629879565,0.08953679540914374
1366,1,0,1,0.07178510633404338,4.0,8.43639622696212,24.733106856349774,0.25798856394143604,0.32650360000488565,11,1.0452882450970664,0.8236978163644828,0.16336208779385122,0.0,0.0,0.0,0.07540716137047733,0.08795492642337391
1367,1,1,1,0.0067601884456486155,4.0,8.662398085065234,24.732520276924713,0.4638872441287986,0.31177318839134244,11,1.0546528557608512,0.8292375770827973,0.16491355549121442,0.18807683306586953,0.0,5.551115123125783e-17,0.07653108580995499,0.08838246968125943
1368,1,2,1,0.006680262647558166,4.0,8.894406661551226,24.741072726814842,0.4508082318934734,0.485055743680723,11,1.0754339854258657,0.8348729590497488,0.16813961132761288,0.3706391303480545,0.0,5.551115123125783e-17,0.07847407341195117,0.08966553791566169
1369,1,2,1,0.006816908272431729,4.0,9.105507723487396,24.69006857512599,0.4381191124301465,0.48645742016840327,11,1.0009838949564718,0.8408869847091516,0.15739019576954202,1.410334462084338,0.0,5.551115123125783e-17,0.07613471677996189,0.08125547898958015
1370,1,0,1,0.07166047717062647,4.0,9.337207325156312,24.699308953195803,0.4247155656598471,0.4715246385505987,11,1.0858293872040639,0.8448894074653346,0.17001797032862428,0.0,0.0,0.0,0.08042128062179667,0.08959668970682762
1371,1,2,1,0.0066291566651361525,4.0,9.56957079354408,24.712003759545865,0.41112867946660764,0.4849786663382001,11,1.0959711816966324,0.8509129069588028,0.17164931913023546,1.329147831303592,0.0,5.551115123125783e-17,0.08152131715943585,0.09012800197079958
1372,1,0,1,0.07162860335386423,4.0,9.79828729971897,24.72254472355901,0.39748206678189785,0.4699979756009766,11,1.096296834015284,0.8570393638272487,0.1717638205316002,0.0,0.0,0.0,0.08187967610825911,0.08988414442334106
1373,1,2,1,0.0068562301217126405,4.0,9.983016025190619,24.65408356396949,0.38493669300030536,0.48691483787229006,11,0.9792883664640784,0.8630208005819495,0.1537832154558149,1.3199878536058591,0.0,0.0,0.07527224268955496,0.07851097276625996
1374,1,0,1,0.07158106403359282,4.0,10.21543259188804,24.671856024709413,0.37085926150623133,0.47180519411866273,11,1.116116517166347,0.8659274897290028,0.17512245148620798,0.0,0.0,0.0,0.08446458896444434,0.09065786252176364
1375,1,2,0,-0.23318975414414211,3.766810245855858,10.400150161398788,24.618602247010735,0.3580122343442893,0.48658744186285136,11,1.0036460072270028,0.8721822154149363,0.15755751179454386,1.3308311647119764,0.0,5.551115123125783e-17,0.07708216297165206,0.08047534882289178
1376,1,0,1,0.07155043687903047,3.8383606827348884,10.626247811933737,24.642920159138228,0.3438183929114156,0.47134566701455816,11,1.1258843728726875,0.875468810210238,0.17661369768700177,0.0,0.0,0.0,0.08516304859724254,0.09145064908975925
1377,1,0,0,-0.16814447269242305,3.670216210042465,10.79046214815033,24.577984831397615,0.33127379231183957,0.458243514003738,11,0.9810082077527731,0.8817291992767993,0.1538805216623772,0.0,0.0,0.0,0.07526760359745598,0.07861291806492124
1378,1,0,1,0.07153440271296423,3.741750612755429,11.009516271672005,24.608144758199934,0.3169852143642606,0.4428862113979939,11,1.1334252248126926,0.8842111744886987,0.17787528331993793,0.0,0.0,0.0,0.085731467685474,0.09214381563446394
1379,1,0,1,0.07152009577241107,3.81327070852784,11.225015414625918,24.637696432471564,0.30263602600267797,0.4275232752210665,11,1.1354923429723423,0.8904415257467984,0.17827274723106054,0.0,0.0,0.0,0.08609513016949562,0.09217761706156492
1380,1,0,1,0.07177414654869077,3.885044855076531,11.384064142575708,24.589141605641373,0.2897945009431412,0.41402300126042174,11,1.0070616972970352,0.896567796177437,0.15805079412108908,0.0,0.0,0.0,0.07704915035722083,0.08100164376386819
1381,1,0,1,0.0717931000870591,3.95683795516359,11.53133956338936,24.538037424922777,0.2771774688499912,0.40060940514718363,11,0.9955013838004858,0.8993301437054271,0.15618376923832838,0.0,0.0,0.0,0.07570219255889957,0.08048157667942882
1382,1,0,1,0.07187184305695887,4.0,11.650504360762364,24.473908507674807,0.26529196679593564,0.38755065245105264,11,0.9567703048328353,0.9017344247078036,0.1496655285011196,0.0,0.0,0.0,0.07131301232433387,0.07835251617678576
1383,1,0,1,0.0714396321705847,4.0,11.861534035233731,24.520686589713073,0.25059865881017135,0.3718557078329572,11,1.1609180782205606,0.9031103217109293,0.1823295156231587,0.0,0.0,0.0,0.08815984791458553,0.09416966770857313
1384,1,0,1,0.07200305273369766,4.0,11.921015807187594,24.419297911093,0.24018758031518583,0.35966533180250804,11,0.8676486089574609,0.9095555156236701,0.13560872715260752,0.0,0.0,0.0,0.062466470969912875,0.07314225618269465
1385,1,0,1,0.07143476190188856,4.0,12.122483425468182,24.470488739557368,0.22556862047200488,0.3438936466936764,11,1.1611662897019732,0.9085078429570148,0.18234386971207597,0.0,0.0,0.0,0.08771375905908599,0.09463011065298998
1386,1,0,1,0.071681090009798,4.0,12.26760620039426,24.448258112354402,0.21246217068210027,0.32985830265927546,11,1.0377164518487487,0.9148243041256389,0.16285076294583276,0.0,0.0,0.0,0.07863869873942739,0.08421206420640537
1387,1,0,1,0.07186956807572599,4.0,12.355061177168473,24.37928336566235,0.20092609935617145,0.3169756621670112,11,0.9363768379008772,0.9178966078187165,0.14651227090915875,0.0,0.0,0.0,0.06921642795557302,0.07729584295358571
1388,1,0,0,-0.16821767947590366,3.831782320524096,12.452615290360606,24.335019573855792,0.18900875791514904,0.30352643973881627,11,0.9716489349563471,0.9183586135707705,0.15219938321530388,0.0,0.0,0.0,0.07150404864613441,0.08069533456916946
1389,1,0,1,0.07138271505400101,3.9031650355780974,12.647701759862471,24.398963151002853,0.17416194594779066,0.2874978649809546,11,1.178720918254336,0.91969087160541,0.18525232035132067,0.0,0.0,0.0,0.0890808718041505,0.09617144854717016
1390,1,1,1,0.00635929650054546,3.909524332078643,12.839262572562973,24.461990392713858,0.39148471711192623,0.27145355405942123,11,1.180754677183139,0.9261666227716332,0.18553809074491612,0.10679114779947041,0.0,0.0,0.08927222521571611,0.0962658655292
1391,1,0,1,0.07183838206668032,3.981362714145323,12.909161542822535,24.391772607832916,0.38008152236502574,0.2586121529852221,11,0.932212509510542,0.9325313241319207,0.1454675749265976,0.0,0.0,0.0,0.0684191684814028,0.07704840644519481
1392,1,2,0,-0.233254614826591,3.748108099318732,13.002692815047503,24.342448959471543,0.3679318035186872,0.48667715244033766,11,0.9767309776299845,0.9325233537663863,0.15283539843600513,0.05167291791133266,0.0,5.551115123125783e-17,0.07289831307803125,0.07993708535797385
1393,1,0,1,0.07132835539421593,3.8194364547129482,13.18416753955572,24.40927667257236,0.35310257794929023,0.47059260437083766,11,1.1819309819720076,0.9336285443629763,0.185482641833382,0.0,0.0,0.0,0.08897535341638176,0.09650728841700026
1394,1,2,0,-0.23315487592942583,3.5862815787835225,13.24570403046426,24.34011380221798,0.34167283386239516,0.48716579819180095,11,0.9322097258573637,0.939836105303202,0.14558367537056421,1.3235556262250259,0.0,5.551115123125783e-17,0.06857846452137033,0.07700521084919387
1395,1,0,1,0.07183611766875898,3.6581176964522815,13.308478897585463,24.27481175874942,0.33014692872946944,0.4742762790295048,11,0.9371182694696922,0.9396454458170561,0.14649254577133158,0.0,0.0,0.0,0.0691554307975546,0.07733711497377699
1396,1,0,1,0.07133954529198855,3.72945724174427,13.477514931632344,24.342644439574077,0.3154336400701332,0.4582006637171925,11,1.176450981279915,0.939582266408372,0.1847334238298916,0.0,0.0,0.0,0.08827973195601768,0.09645369187387388
1397,1,1,0,-0.2332418974232498,3.49621534432102,13.547835491953668,24.296728552136315,0.4880755663261571,0.4448290221298616,11,0.9699086571637207,0.9455039842801607,0.15177645156704295,0.39260184042079893,0.0,5.551115123125783e-17,0.07154660204305754,0.0802298495239854
1398,1,0,1,0.07129939494480102,3.567514739265821,13.706578971510536,24.369143452983685,0.4735110278289775,0.42862760696048546,11,1.1772724815064919,0.9461141011022496,0.18459572199933433,0.0,0.0,0.0,0.08738723098307737,0.09720849101625696
1399,1,0,1,0.07125920871491907,3.63877394798074,13.868660324578808,24.44484831900708,0.4587223261564061,0.4123106862980906,11,1.1896792797040197,0.9518930606123557,0.18663373400979782,0.0,0.0,0.0,0.08873221003542874,0.09790152397436912
1400,1,0,1,0.07188591501459606,3.7106598629953362,13.878974255529663,24.353656771356125,0.44826619813924456,0.39995780493505656,11,0.8769600993895457,0.9578377160896473,0.1368540562811727,0.0,0.0,0.0,0.06273676810296884,0.07411728817820386
1401,1,2,1,0.006247722231397708,3.716907585226734,14.036128666217598,24.43014014631816,0.4335143385561297,0.4836822467132686,11,1.189453561322118,0.9558157756721446,0.18641767721907795,0.8997468296103395,0.0,0.0,0.08851115749868921,0.09790651972038872
1402,1,0,1,0.07172284022531779,3.7886304254520518,14.097928660016725,24.37580455329139,0.4214372581989676,0.47047795717827934,11,0.9691211210857502,0.9616567203133941,0.15168821935290844,0.0,0.0,0.0,0.07246248214297296,0.07922573720993548
1403,1,0,1,0.07124824728035198,3.8598786727324037,14.248760930759062,24.449650072895768,0.4066776835398833,0.45420074065999394,11,1.186521120679416,0.961843330332703,0.1862207470642181,0.0,0.0,0.0,0.08855744795450553,0.09766329910971261
1404,1,0,1,0.07177722943983865,3.9316559021722424,14.284460213112922,24.380405103617996,0.39519357663217763,0.4413492288983967,11,0.9339145881674631,0.9674602750913708,0.14601371201581687,0.0,0.0,0.0,0.06890464144623391,0.07710907056958298
1405,1,0,1,0.07122458385176847,4.0,14.430866833751121,24.45864658514974,0.3804250991686051,0.42496407963886945,11,1.1912697350882104,0.9666216329182731,0.18692176033859864,0.0,0.0,0.0,0.08861086478143503,0.09831089555716366
1406,1,0,1,0.07155036149070322,4.0,14.510540611829269,24.44004192792581,0.3675044151602565,0.4108663093294418,11,1.033306956326744,0.9722378354725215,0.1621107259066578,0.0,0.0,0.0,0.07752410405009157,0.08458662185656622
1407,1,0,0,-0.1687938156971654,3.8312061843028347,14.649410591034576,24.51612399818256,0.35279264409077765,0.39449776592864155,11,1.1887166129559334,0.973764563493877,0.18648188682167477,0.0,0.0,0.0,0.08827062641687347,0.09821126040480128
1408,1,0,0,-0.168816145317731,3.831183854682269,14.789631964103233,24.59253096338118,0.33793356403035063,0.37807535323033026,12,1.1957667029977015,0.9791383647304285,0.18768895655242976,0.0,0.0,0.0,0.08915448036256216,0.09853447618986763
1409,1,0,1,0.07163935462264914,3.9028232093049184,14.830018072051056,24.546372035948966,0.32590574324129773,0.3645615135540639,12,0.97878125370272,0.9845540731871103,0.15324996279191513,0.0,0.0,0.0,0.07216692473431724,0.08108303805759788
1410,1,0,0,-0.16821317815499592,3.7346100311499226,14.82192508844187,24.462005600303122,0.3151862640815113,0.3519627146070789,12,0.8919503334449734,0.9844097527000006,0.1399096686406289,0.0,0.0,0.0,0.06431687495871861,0.07559279368191027
1411,1,0,1,0.07166004516252296,3.8062700763124457,14.85775328544515,24.416988562170957,0.3032468918514488,0.33849809663591984,12,0.972909426089741,0.9820982672186249,0.1524239412073292,0.0,0.0,0.0,0.07163623338037498,0.0807877078269542
1412,1,0,1,0.07169669271330356,3.877966769025749,14.880638622864186,24.365057906759983,0.29165995334369005,0.32523897693929077,12,0.9528232281984673,0.9818685461904028,0.1490763492263276,0.0,0.0,0.0,0.06952163104655282,0.07955471817977477
1413,1,0,1,0.07118376082340457,3.949150529849154,15.014670633809097,24.44770600387605,0.27680841181472754,0.3087479758452749,12,1.1978225213015816,0.9811424132406044,0.18805525573786977,0.0,0.0,0.0,0.08910924917377505,0.09894600656409468
1414,1,0,1,0.07157913718029095,4.0,15.052766489323036,24.42338243777852,0.2646319678371862,0.2947931846660403,12,1.000331705358534,0.9865594159421287,0.15678741094065618,0.0,0.0,0.0,0.07305866386524829,0.08372874707540787
1415,1,0,1,0.07112069677152388,4.0,15.187206279805306,24.5158879210929,0.2496064600152423,0.2780308239810742,12,1.2138489969741901,0.9869037231775389,0.19072721104145923,0.0,0.0,0.0,0.09015304693166273,0.10057416410979651
1416,1,0,1,0.0711356331139,4.0,15.311301962201442,24.602468672188984,0.23478602860585174,0.2613550346784617,12,1.203253788514676,0.9925773550224553,0.18897732427201877,0.0,0.0,0.0,0.08892258845634363,0.10005473581567514
1417,1,0,0,-0.16843761276586228,3.8315623872341376,15.33410358205182,24.57058544723319,0.22283933716181456,0.24750198477201027,12,0.9887626607543438,0.9978442658597607,0.15479844810293156,0.0,0.0,0.0,0.07168014866422301,0.08311829943870855
1418,1,0,1,0.07110109694977212,3.90266348418391,15.459422005867872,24.660296546138515,0.20786513382192262,0.23071954671131126,12,1.2126467484535004,0.9976172257321252,0.19053984840354596,0.0,0.0,0.0,0.08984522003935178,0.10069462836419418
1419,1,0,1,0.07160109857356756,3.9742645827574776,15.452180661137874,24.620757794465952,0.19667147471871926,0.21697131821375848,12,0.9562128673975974,1.0029929638001596,0.1496513256045368,0.0,0.0,0.0,0.06716195461922012,0.08248937098531671
1420,1,0,1,0.07107308856996436,4.0,15.572837171399726,24.711294580747772,0.18175193718655325,0.20014034837565828,12,1.2130167579337734,1.0018234613900956,0.19050304422159714,0.0,0.0,0.0,0.08951722519299593,0.10098581902860122
1421,1,0,1,0.07158499424404853,4.0,15.564542354017725,24.65674460738381,0.17043710732394227,0.18670415462119838,12,0.9442585030577226,1.0071032938036877,0.14850614170242535,0.0,0.0,0.0,0.06788897917566591,0.08061716252675945
1422,1,0,1,0.0714700567765246,4.0,15.593917737580728,24.64258601710263,0.1580856043505827,0.17237317221778736,12,1.0207489673168606,1.0055321740350385,0.16009491226062392,0.0,0.0,0.0,0.07410901784015766,0.08598589442046622
1423,1,0,0,-0.16893851997216258,3.8310614800278375,15.712090298795573,24.735951331628588,0.14314723803333138,0.15545961599464767,12,1.2174504696078854,1.005912593867084,0.19111153524234592,0.0,0.0,0.0,0.08963019790350785,0.10148133733883812
1424,1,2,1,0.0066216405604806305,3.837683120588318,15.692789788372433,24.666221291971322,0.13204626841157385,0.3923720825076213,12,0.9221704906802007,1.011201040760604,0.14513101865270311,0.0,0.0,0.0,0.06660581773054508,0.07852520092215803
1425,1,0,1,0.0710667941776671,3.9087499147659854,15.805045740658773,24.759243410959662,0.117166995416835,0.37545888431227986,12,1.2142533482832716,1.008975277008594,0.1907548271404818,0.0,0.0,0.0,0.08927563796843317,0.10147918917204862
1426,1,0,1,0.07151107858437268,3.9802609933503583,15.803065346500105,24.738714841683986,0.10556828604403255,0.36122667102572237,12,0.9915982653561193,1.014107228790461,0.1549855359561596,0.0,0.0,0.0,0.06959225623681467,0.08539327971934493
1427,1,0,0,-0.16844404557970966,3.8118169477706485,15.787403773064266,24.690617337204102,0.0943338978966627,0.3476164859851593,12,0.9497854267888797,1.0135445047046026,0.14906743912759743,0.0,0.0,0.0,0.06740632888421907,0.08166111024337834
1428,1,0,1,0.07153335865780132,3.88335030642845,15.77081737415866,24.668588380730636,0.08321863686216692,0.3334516441443393,12,0.9733351723776413,1.0119505277567091,0.15168061725189483,0.0,0.0,0.0,0.06807391560360548,0.0849890510449201
1429,1,0,1,0.07164294262949104,3.954993249057941,15.661462382139582,24.600367731903408,0.07504032368354126,0.3203596376488829,12,0.8334095030259229,1.0109851438722326,0.12762191804449183,0.0,0.0,0.0,0.06378110668632445,0.07855203897273787
1430,1,0,1,0.0710702857607245,4.0,15.606085886117413,24.698762602775048,0.06536719022424091,0.30335593886834483,12,1.049564127700546,1.0065457528510748,0.16006099343903116,0.0,0.0,0.0,0.08931761507875169,0.10202219268322898
1431,1,0,0,-0.168936260673003,3.831063739326997,15.417988482379082,24.79143153068477,0.05900055649534922,0.2864282242386495,12,0.9121927363937026,1.0076212122223116,0.1397660901515219,0.0,0.0,0.0,0.0902880953991998,0.10156628777817182
1432,1,0,1,0.07108190495391117,3.902145644280908,15.20498060960633,24.87833020989362,0.05341748579165767,0.2695812392870141,12,0.8791263067626924,1.0052355003265965,0.13458033393196162,0.0,0.0,0.0,0.09051382603562841,0.10108190970981228
1433,1,0,1,0.07156405084394052,3.9737096951248487,14.908108551113973,24.850017705478262,0.05047353300884503,0.2554353087683386,12,0.676898207579782,1.0020827704874988,0.10253929980892917,0.0,0.0,0.0,0.0688591589338555,0.08487558311205334
1434,1,0,1,0.07111693226024113,4.0,14.624295838554662,24.92941444180477,0.047206781400179004,0.23873013489561576,12,0.789537180182005,0.9939531564148059,0.119831552888333,0.0,0.0,0.0,0.09144991212987444,0.10023104323633683
1435,1,0,1,0.07112388101088057,4.0,14.347766684496575,25.005439247095072,0.04393296117884395,0.22205886343881578,12,0.7883384082412024,0.9888427570089858,0.11967055006881032,0.0,0.0,0.0,0.09223715434378138,0.1000276287408
1436,1,0,1,0.07116302399600771,4.0,14.047998482125243,25.071511447520884,0.041929292244652895,0.2055796725189978,12,0.7501341463442672,0.9838301482897912,0.11089715912405367,0.0,0.0,0.0,0.09208818848578301,0.09887514551890739
1437,1,0,1,0.07116191761879118,4.0,13.72750467977103,25.135680746730728,0.04107634336412738,0.1891071002849978,12,0.7216632450967824,0.9779877482411532,0.10395312668715337,0.0,0.0,0.0,0.0926753890562862,0.09883543340400028
1438,1,0,1,0.07167600540763593,4.0,13.421294013389048,25.076604305047262,0.04004920584711923,0.17552511490692932,12,0.6062925275971003,0.9715796356625439,0.08765473737045971,0.0,0.0,0.0,0.0695968574876546,0.08149191226841083
1439,1,0,1,0.07176743260353978,4.0,13.1190233924678,24.99408308225619,0.03912526891896703,0.1625278701686292,12,0.5776556142485864,0.9624474579609079,0.08352708999871392,0.0,0.0,0.0,0.06674367318892307,0.0779834684298007
1440,1,0,1,0.07124631596289303,4.0,12.821621729685452,25.050529480590416,0.038275993307040755,0.14628365827708567,12,0.7118723974199759,0.9528276618680998,0.10256092502081894,0.0,0.0,0.0,0.09282539882574549,0.09746527134926124
1441,1,0,1,0.07126961448791874,4.0,12.530813112222859,25.100923694692067,0.037450106479831234,0.130149378728615,12,0.7063893768959578,0.9468037802568968,0.10176099825408093,0.0,0.0,0.0,0.09250714578652784,0.09680567729082383
1442,1,0,1,0.07130301118652539,4.0,12.246574417880524,25.146037804358777,0.0366436722169635,0.11410940363915838,12,0.7016688354972482,0.9407934201728732,0.10107845611394628,0.0,0.0,0.0,0.09204474738331615,0.09623985053673988
1443,1,1,1,0.006326532137189916,4.0,12.462582321598365,25.18417984479387,0.27128234739614365,0.09820931302321984,12,1.188965249708917,0.9348153055559825,0.18756849262055023,0.0,0.0,0.0,0.09216794892491903,0.09540054369563122
1444,1,2,1,0.006773064900022002,4.0,12.555836502852317,25.100191284757614,0.25942620734589666,0.33524897702849765,12,0.9504346753775006,0.9411690541598059,0.14889885626981503,0.0,0.0,0.0,0.07113684030148211,0.0777620159683329
1445,1,0,1,0.07182004474153501,4.0,12.639922822967414,25.01227987573743,0.247785466313414,0.32243424815835486,12,0.937575605785162,0.9414006946902483,0.14673281941575314,0.0,0.0,0.0,0.06984444619489592,0.07688837322085723
1446,1,0,1,0.07187567044422985,4.0,12.697018747924835,24.91362198076854,0.23685603467460106,0.30989133523787776,12,0.899743097456152,0.9413050674676211,0.1408340673557404,0.0,0.0,0.0,0.06557658983287773,0.07525747752286263
1447,1,0,1,0.0718011501434639,4.0,12.778519898157324,24.83564150214827,0.22518520399033468,0.29692986639707347,12,0.9437866898295513,0.9402660182173344,0.14779379715042332,0.0,0.0,0.0,0.07002498410559788,0.07776881304482544
1448,1,0,1,0.07178658162069432,4.0,12.861728746350856,24.763145541930996,0.2133981117012486,0.2839048435413455,12,0.951066922983902,0.9403540350076398,0.14887269086888436,0.0,0.0,0.0,0.07072255373451652,0.07815013713436784
1449,1,0,1,0.07163760126428345,4.0,12.981155110156143,24.726309567070697,0.2004598869263884,0.2700346325651208,12,1.0232122461520352,0.9406218572070464,0.1608506145065097,0.0,0.0,0.0,0.07762934864916127,0.08322126585734843
1450,1,0,1,0.07167167701188257,4.0,13.088325529604873,24.684292715012873,0.18778519503094585,0.2563058854653979,12,1.0078401843215703,0.9426866169306711,0.15842063397099276,0.0,0.0,0.0,0.0760481513726555,0.08237248259833725
1451,1,0,1,0.07180837592160888,4.0,13.152591012169015,24.615651062197532,0.17629690022887679,0.24325640287322206,12,0.9399392858642489,0.9443154561154435,0.1472266643654691,0.0,0.0,0.0,0.0689297688124143,0.07829689555305482
1452,1,0,0,-0.16875383142356998,3.83124616857643,13.35096697536937,24.688403902869368,0.16080963840753823,0.22684992350090474,12,1.2153348557313566,0.9442060518591637,0.19136244716193557,0.0,0.0,0.0,0.09292357092803134,0.09843887623390422
1453,1,2,0,-0.23375842489000415,3.597487743686426,13.539872631267809,24.75695286607931,0.14544971057190761,0.46049931962908447,12,1.2084388910643482,0.9509842719559686,0.1902631902447051,0.0,0.0,0.0,0.09215956701378364,0.09810362323092141
1454,1,0,1,0.0712189980455763,3.6687067417320023,13.727196901518225,24.82858762537196,0.12997970668861095,0.44404090590385675,12,1.21637966697674,0.957420637433678,0.1915705056511468,0.0,0.0,0.0,0.09282002329978006,0.09875048235136677
1455,1,2,1,0.006659940030821632,3.675366681762824,13.796604978200136,24.786640349387472,0.1178586481354278,0.48623520607729337,12,0.991355413869682,0.9638946131722547,0.15531511485533858,1.1642454354231404,0.0,5.551115123125783e-17,0.07272635131909888,0.0825887635362397
1456,1,0,1,0.07120925699239776,3.7465759387552215,13.970835138490042,24.85806209247059,0.10258686372453557,0.46976581702337117,12,1.2102330365627145,0.9645811331896904,0.1904470407888862,0.0,0.0,0.0,0.09163070646535335,0.09881633432353287
1457,1,0,1,0.07116181494975025,3.817737753704972,14.145086192188408,24.935688807799238,0.0871851804605767,0.4531041669272418,12,1.2226001998010307,0.9707224307740159,0.1923800001605296,0.0,0.0,0.0,0.09241009958375329,0.09996990057677634
1458,1,0,1,0.07115886690430002,3.888896620609272,14.22166023276732,25.00974644384984,0.07466114484828344,0.43648313947093825,12,1.1276510516292042,0.9770193749996912,0.17487037841158085,0.0,0.0,0.0,0.092196916976192,0.09972616473782138
1459,1,0,0,-0.16838582216043826,3.7205107984488337,14.014972633574924,24.968697893544164,0.069902623656232,0.42256991169865504,12,0.733049017417358,0.9807851669154292,0.11203049378600792,0.0,0.0,0.0,0.06927156983411292,0.08347936663369923
1460,1,2,0,-0.2332895098802752,3.4872212885685583,13.812167958649061,24.901175371198896,0.06521785982820129,0.48671785166625603,12,0.7042645659068474,0.9745917631779775,0.10780147297064781,1.0354194701919304,0.0,5.551115123125783e-17,0.06687675605992369,0.07969289000246353
1461,1,1,1,0.006162410364495968,3.4933836989330542,13.996447201240867,24.981153555685534,0.28160360491540454,0.46997577439185617,12,1.232091010324641,0.967833583246199,0.19403828041670945,0.10809971270647045,0.0,5.551115123125783e-17,0.09358581677030998,0.10045246364639948
1462,1,0,1,0.07119621519308429,3.5645799141261385,14.1659743759839,25.03930430231629,0.2663401153704984,0.45371006975373734,12,1.2021179402969477,0.9744400189231601,0.18917516509814936,0.0,0.0,0.0,0.09158093726943689,0.0975942278287125
1463,1,0,1,0.07164718449301925,3.6362270986191576,14.226494609218136,24.984141442787955,0.25418970647666367,0.44015071711799586,12,0.9854893406634072,0.9801319669575048,0.15425856917745823,0.0,0.0,0.0,0.07290245336300843,0.08135611581444978
1464,1,1,0,-0.23330532237743007,3.4029217762417274,14.268516265036023,24.919633730522218,0.45398550646294117,0.4268527188090308,12,0.9577798448523005,0.9802659013001523,0.14970755485140105,0.23130563508472313,0.0,5.551115123125783e-17,0.0699195649976117,0.07978798985378932
1465,1,0,1,0.0712007232231292,3.4741224994648565,14.42149495428787,24.976395280862153,0.4390450525259518,0.41066717615589815,12,1.1894439894807398,0.9797037498889559,0.18675597954073278,0.0,0.0,0.0,0.0896427236219363,0.09711325591879649
1466,1,0,0,-0.1687752101140877,3.305347289350769,14.562516058253276,25.0283155635956,0.4243474109772373,0.3945605643443086,12,1.1778886425776034,0.9849472558787506,0.1848255201618244,0.0,0.0,0.0,0.08818584929228672,0.09663967086953769
1467,1,0,1,0.07118249760791878,3.3765297869586877,14.703822784821035,25.084032680793193,0.4095409990401458,0.3783351501782515,12,1.1867946343115725,0.989770790546222,0.18619095661889115,0.0,0.0,0.0,0.0888384716225491,0.09735248499634207
1468,1,0,1,0.07118317924547228,3.44771296620416,14.840951665402173,25.135313254264638,0.39472865369970295,0.36217905668942546,12,1.18310584069294,0.9946963866403558,0.18581063297561332,0.0,0.0,0.0,0.08887407204265724,0.09693656093295608
1469,1,0,1,0.07115679101786972,3.5188697572220295,14.97447822968482,25.18739520005054,0.3799445673764839,0.34597387487963105,12,1.1850151330602183,0.9994066229916703,0.1859356087980807,0.0,0.0,0.0,0.0887045179393142,0.0972310908587665
1470,1,0,1,0.07166843786609485,3.5905381950881243,14.998071867519357,25.1079031373636,0.3682816653933827,0.3329114459268873,12,0.948148410890984,1.004046835743384,0.14835198561507007,0.0,0.0,0.0,0.06997741189860746,0.07837457371646264
1471,1,0,0,-0.16833431966400136,3.422203875424123,15.008699141656763,25.033293984035048,0.35696797729697066,0.3197606427956146,12,0.9386674959309252,1.002649375122074,0.14678694736610776,0.0,0.0,0.0,0.06788212857847198,0.0789048187876358
1472,1,0,1,0.07165937948735948,3.4938632549114828,15.035298806681233,24.963621239841657,0.34518453551276135,0.3065606570398734,12,0.9579767489733766,1.0010498281422953,0.14990056523970371,0.0,0.0,0.0,0.0707006507052559,0.0791999145344478
1473,1,0,1,0.07170865672896425,3.565571911640447,15.033864685974436,24.886022028884565,0.3341780061205933,0.2935513217648553,12,0.9209396694991832,0.9999730011630723,0.14409518800311655,0.0,0.0,0.0,0.06603917635300838,0.07805601165010814
1474,1,0,1,0.07171184385940561,3.6372837554998525,15.029954718561326,24.81254530727377,0.3232483561009655,0.2804891150609808,12,0.9206104788475667,0.9979971678714751,0.14395114034101422,0.0,0.0,0.0,0.06557790011776665,0.07837324022324758
1475,1,0,1,0.07113502147664533,3.708418776976498,15.162406877598213,24.88753517018482,0.3083089430055286,0.2639230899104615,12,1.203504522593815,0.9960625006458774,0.18903262947573699,0.0,0.0,0.0,0.08963647857262128,0.09939615090311575
1476,1,0,1,0.0716160355224029,3.7800348124989007,15.185706065644794,24.8292453054882,0.29648237575644215,0.2505388607632046,12,0.966257874544537,1.0012485511945757,0.15126477837806027,0.0,0.0,0.0,0.07095940349451889,0.08030537488354139
1477,1,0,0,-0.16888880313956997,3.611146009359331,15.309313189913443,24.906646806763142,0.2817060123731809,0.23390039189012304,12,1.2013824098219126,1.000373784278325,0.18848899353805687,0.0,0.0,0.0,0.08865818029956786,0.09983081323848902
1478,1,0,1,0.07111858876950734,3.682264598128838,15.430015203579915,24.977777880589215,0.2669124690185605,0.2173703047493599,12,1.1972320874094633,1.0053989999169146,0.18794178297230094,0.0,0.0,0.0,0.08876126012772205,0.09918052284457887
1479,1,0,1,0.07108575502774182,3.7533503531565797,15.551641849657058,25.05262370824172,0.25198688796036134,0.2007064151514114,12,1.2066673008338742,1.0101948271042283,0.18953682393688565,0.0,0.0,0.0,0.08955348634919465,0.099983337587691
1480,1,1,1,0.006554331612441183,3.7599046847690207,15.556700637148918,25.000178620975078,0.4605019828670081,0.1870525630934641,12,0.967720339172687,1.0151066389474694,0.15159624932865354,0.1792362935791495,0.0,0.0,0.06967313698096983,0.08192311234768371
1481,1,0,0,-0.16897464793003833,3.5909300368389823,15.680279607430693,25.086082197688697,0.44546605981987525,0.1701266811089862,12,1.2234045284484982,1.0139219814530998,0.19177083018966473,0.0,0.0,0.0,0.09021553828279757,0.10155529190686718
1482,1,0,1,0.07179218685966915,3.662722223698651,15.623204169018983,24.956192803344997,0.4355685616825424,0.15831445491967264,12,0.8321942123725742,1.019159045127985,0.13025834595987867,0.0,0.0,0.0,0.05938498882399706,0.07087335713588158
1483,1,0,1,0.07156868478917978,3.734290908487831,15.62758678234413,24.903580694629344,0.4239411977237783,0.14475638764484294,12,0.9662554289185963,1.0144849243090994,0.15111258740156255,0.0,0.0,0.0,0.06976418375258445,0.08134840364897812
1484,1,0,1,0.07102904761023274,3.8053199560980637,15.74661306797972,24.99218187669235,0.4089983954814029,0.12781693813229714,12,1.2209066546229266,1.0132791869243372,0.19129351052952773,0.0,0.0,0.0,0.08965681345425265,0.10163669707527506
1485,1,0,1,0.07102959720995151,3.8763495533080152,15.858475164983007,25.075255507529928,0.39417148818205855,0.11095866304003989,12,1.213405601457669,1.0184698736168016,0.19011109434960946,0.0,0.0,0.0,0.08896144379606617,0.10114965055354332
1486,1,0,0,-0.16846568594409753,3.707883867363918,15.843838667279917,25.020741931804004,0.38289280601677717,0.09733597005432937,12,0.9541931933838075,1.0233432668128233,0.1494082509059512,0.0,0.0,0.0,0.06767209299168803,0.08173615791426317
1487,1,0,1,0.07102393806044938,3.7789078054243674,15.951363885398557,25.105208858598374,0.3681201789191079,0.08042127489675313,12,1.2136066598901092,1.0216145149770979,0.19012393353147317,0.0,0.0,0.0,0.08863576258601577,0.10148817094545741
1488,1,0,1,0.07156734986044742,3.8504751552848147,15.925419435389529,25.01994302119858,0.35706372072945286,0.06750736608653655,12,0.915204031191099,1.0264143185999233,0.1438222019992295,0.0,0.0,0.0,0.06633874913793009,0.07748345286129943
1489,1,0,1,0.07100444487764404,3.9214796001624586,16.0346511818639,25.10719520736211,0.3421644042945296,0.05053141211167337,12,1.2201179940526041,1.0236340614147026,0.1912516224587184,0.0,0.0,0.0,0.08939589860953932,0.10185572384917904
1490,1,1,1,0.006448713709000737,3.927928313871459,16.030939864398583,25.066687921227796,0.4882307552543382,0.036549970394049086,12,0.9843275561310212,1.0285461597306502,0.1545041187797164,0.5529864257671779,0.0,0.0,0.07061546847397066,0.08388865030574573
1491,1,0,1,0.07092079357158791,3.9988491074430472,16.145358665783426,25.17048867327535,0.47313410328197447,0.019159940482748553,12,1.2456602480730572,1.0274406946406596,0.1949200913019859,0.0,0.0,0.0,0.09057991183418265,0.10434017946780323
1492,1,2,1,0.006452963435189193,4.0,16.133363938330533,25.123198619123187,0.46153447532032077,0.2553168393709235,12,0.9736114018714132,1.0328961834764696,0.1526563744408725,0.0,0.0,0.0,0.06959776776992192,0.08305860667095057
1493,1,2,0,-0.2340135453318712,3.7659864546681288,16.233824609096946,25.20025690946961,0.44675962709287576,0.48321246752104036,12,1.2089330250491765,1.031414063936343,0.18937428423842714,0.03190103622554086,0.0,5.551115123125783e-17,0.08864908936466998,0.10072519487375717
1494,1,0,1,0.07104450098455262,3.8370309556526814,16.322357489861176,25.261762651049843,0.4322471598201199,0.4667486358236566,12,1.185890660308631,1.035852037964164,0.18585779382083828,0.0,0.0,0.0,0.0870748036365355,0.09878299018430278
1495,1,0,0,-0.16838161495151938,3.6686493407011618,16.280294958188787,25.16203571600741,0.42142814902472475,0.45409823472461963,12,0.8978135368079506,1.0396030035227755,0.1408164713665926,0.0,0.0,0.0,0.06491406477237072,0.07590240659422189
1496,1,0,1,0.07160503255819407,3.740254373259356,16.245744321168186,25.085638933008482,0.4104741837530071,0.44094503445446814,12,0.9251108468353745,1.036058266854905,0.14464299325121488,0.0,0.0,0.0,0.0657237916303057,0.07891920162090918
1497,1,0,1,0.0710430056680728,3.8112973789274287,16.332925421756293,25.15187409398897,0.39598840478805714,0.4244327100899479,12,1.1867008429230084,1.0332845813544167,0.1859886199768214,0.0,0.0,0.0,0.08691467378969972,0.09907394618712165
1498,1,0,1,0.07104656531082482,3.8823439442382535,16.416710444354543,25.215675999184334,0.38153899537839425,0.4079345810265616,12,1.18470691568725,1.0371199878936315,0.18568523083829505,0.0,0.0,0.0,0.08669645645797776,0.09898877438031728
1499,1,0,1,0.07097931057506437,3.9533232548133177,16.50975393169769,25.287744423872304,0.36672824497620876,0.3912007420236627,12,1.2059215731195903,1.0408096610884718,0.18926753643050714,0.0,0.0,0.0,0.08886450241311311,0.10040303401739402
1500,1,0,1,0.07098252284063583,4.0,16.593881639783515,25.35444340766342,0.352124388848748,0.3745533366686904,12,1.195764150766189,1.04493745888925,0.18750756889459783,0.0,0.0,0.0,0.08762313676476426,0.09988443212983354
1501,1,0,1,0.07148558830409714,4.0,16.559801028450803,25.294167139411712,0.3409248582736124,0.36090624506703084,12,0.9543512466017544,1.0487081261861735,0.14907973306077066,0.0,0.0,0.0,0.06719718345081362,0.08188254960995706
1502,1,0,1,0.07097296345155538,4.0,16.64288425789541,25.36201800645515,0.32632231172707604,0.3442258610585149,12,1.197283300684601,1.046349204196563,0.18769758333031442,0.0,0.0,0.0,0.08761527927921833,0.10008230405109608
1503,1,0,1,0.07095998458051248,4.0,16.727167630859178,25.426084838094052,0.3116280481995456,0.3275950019543922,12,1.1984727612114394,1.050122556608764,0.18795073578991842,0.0,0.0,0.0,0.08816558116518233,0.09978515462473607
1504,1,0,1,0.07095853537213652,4.0,16.8039681525649,25.490156355695504,0.2970705174021036,0.31092266792954415,12,1.1947033510310043,1.053831311723831,0.1873791889337401,0.0,0.0,0.0,0.08734518478465206,0.10003400414908803
1505,1,0,1,0.07092112804154019,4.0,16.885537923428103,25.556991909030778,0.2823223800836758,0.2941466740062867,12,1.2057584369049887,1.0573531127065101,0.18914478745011243,0.0,0.0,0.0,0.08848882391056745,0.100655963539545
1506,1,0,1,0.07092343265797181,4.0,16.96122198962813,25.6194103423149,0.26766877878393586,0.2774321836324423,12,1.1991657452956237,1.061063245811472,0.1882085500415055,0.0,0.0,0.0,0.08792160779843931,0.10028694224306618
1507,1,0,1,0.07092092569807723,4.0,17.03355596704158,25.679923206458458,0.2530695182815202,0.2607302628416482,12,1.1973626498555787,1.064515808298576,0.18780708775925875,0.0,0.0,0.0,0.08759556301449371,0.10021152474476502
1508,1,0,1,0.07136877698259399,4.0,16.99885333900172,25.623665033236882,0.2414588685220963,0.24677069896308468,12,0.9768761780760671,1.0678369793375009,0.153421281827924,0.0,0.0,0.0,0.06966389855654342,0.08375738327138058
1509,1,0,1,0.07142059811996151,4.0,16.95759325206903,25.544672363210744,0.23004449537462554,0.23337764241778314,12,0.9453102023471384,1.0655629593059652,0.1488445781566342,0.0,0.0,0.0,0.06848623888482482,0.08035833927180938
1510,1,2,1,0.006368950429568062,4.0,16.925251242065457,25.492934697078304,0.21841889804302642,0.46938887735757073,12,0.9784769642459761,1.0625566403819944,0.15368617435086895,0.0,0.0,0.0,0.06975358398959443,0.08393259036127451
1511,1,0,0,-0.16861103374000644,3.8313889662599934,16.884762206336372,25.446573158289045,0.20709044660079093,0.4553078012911213,12,0.9736040739602547,1.060454648478594,0.15245716505210954,0.0,0.0,0.0,0.06797070865341305,0.0844864563986965
1512,1,0,1,0.07091017974071868,3.902299146000712,16.965357818384035,25.51915359168217,0.19228262933915566,0.43842308178260186,12,1.2114594295564174,1.0582833841156354,0.19015522062092785,0.0,0.0,0.0,0.08884690356981158,0.10130831705111629
1513,1,0,1,0.07092701014586114,3.9732261561465734,17.037695643171688,25.58329378145018,0.1776689807149676,0.42169514631192934,12,1.1985907998073293,1.0621127852516552,0.18804950456916408,0.0,0.0,0.0,0.08768189174512858,0.10036761282403547
1514,1,0,1,0.07149644202887333,4.0,16.975566572344388,25.48436108379698,0.16685521607348563,0.4088029287689415,12,0.9044629671350443,1.0655247356155468,0.14223589310681842,0.0,0.0,0.0,0.06488258784889168,0.07735330525792673
1515,1,1,1,0.005900866747964281,4.0,17.050697977094895,25.55697084670902,0.3872949169128513,0.39189375011397787,12,1.2092393590660815,1.0614981914035342,0.18970460124338542,0.08911226565020236,0.0,5.551115123125783e-17,0.08824952931360348,0.10145507192978191
1516,1,0,0,-0.16907776458105722,3.8309222354189427,17.11831508702671,25.61661557932053,0.37279640252009605,0.37526186421053814,12,1.1924535631384179,1.065191720595098,0.18678240177716973,0.0,0.0,0.0,0.08699108635653156,0.0997913154206382
1517,1,0,1,0.0714093199757924,3.9023315553947353,17.07812643668128,25.552246132671023,0.3613485097765568,0.36155520991595586,12,0.96381516966375,1.068373266658681,0.15092728222872903,0.0,0.0,0.0,0.06868735646123536,0.08223992576749366
1518,1,0,0,-0.16858367985089479,3.7337478755438407,17.03401607689019,25.483265662940134,0.35000507662008795,0.34798818527056147,12,0.9526684847118267,1.0657593142338078,0.1494627468111805,0.0,0.0,0.0,0.0680605989388137,0.0814021478723668
1519,1,0,1,0.07152930255796365,3.805277178101804,16.97149006545511,25.381448702303747,0.3392326730529398,0.33524268506934723,12,0.8985890714242898,1.062932043495758,0.14110742261017387,0.0,0.0,0.0,0.06463442140288861,0.07647300120728524
1520,1,0,1,0.0716030888600115,3.8768802669618156,16.895831201094243,25.26355432329322,0.3288991435883682,0.322952240973612,12,0.8652702258225747,1.0588234691939715,0.13574384136184067,0.0,0.0,0.0,0.06200117678742959,0.07374266457441107
1521,1,2,1,0.006432370969627842,3.8833126379314433,16.862366792365478,25.217473372113055,0.317455520870136,0.48608210849121475,12,0.9744392782007633,1.0539846381096865,0.15216908536210433,0.43771344584167227,0.0,5.551115123125783e-17,0.06866173630939325,0.08350734905271107
1522,1,0,1,0.07098945095864659,3.9543020888900897,16.931635380646235,25.286443844475873,0.30302333910428286,0.46942635170175273,12,1.1902350647555329,1.0519960041119636,0.18652763133189132,0.0,0.0,0.0,0.08659309059511885,0.09993454073677248
1523,1,0,1,0.07142007983021413,4.0,16.894104433650146,25.24701973233055,0.2916859338285533,0.4553225140135488,12,0.9784969214866432,1.0554519806280527,0.1526474577836007,0.0,0.0,0.0,0.06802443165437733,0.0846230261292234
1524,1,0,1,0.07096629100088496,4.0,16.963054418382995,25.316826878827005,0.277252814635897,0.4386272007995289,12,1.1922852353788227,1.0535281041495175,0.18677059444005764,0.0,0.0,0.0,0.08659871515593776,0.10017187928411986
1525,1,0,1,0.07094092181939296,4.0,17.0342406103917,25.385965790013394,0.2626976178226119,0.4219023580618145,12,1.1973221356253387,1.05699703243025,0.18768023730599676,0.0,0.0,0.0,0.0873311808797104,0.10034905642628636
1526,1,0,1,0.07090604822919969,4.0,17.10741708463256,25.45993557603826,0.2480131222843753,0.4050179838720754,12,1.2076514202758564,1.0605051600101274,0.18941321836785416,0.0,0.0,0.0,0.08810697322941978,0.10130624513843438
1527,1,0,1,0.07091440198323419,4.0,17.171336261203365,25.528554795098763,0.23354298932038628,0.38822025463446974,12,1.1967222121480774,1.0641838165167705,0.1876071732095684,0.0,0.0,0.0,0.0868207977839343,0.10078637542563412
1528,1,0,1,0.07091022217968626,4.0,17.23543389459205,25.59340452823902,0.21901459208684684,0.3714702930620426,12,1.1964446429364899,1.0674972764075532,0.18767015283579963,0.0,0.0,0.0,0.0871703834012368,0.10049976943456283
1529,1,0,0,-0.16909027468912183,3.830909725310878,17.29566553223625,25.653814085482587,0.2045649257214012,0.35478616123256185,12,1.1913621554585505,1.0707209605707766,0.18680278916955817,0.0,0.0,0.0,0.08669799819267376,0.1001047909768844
1530,1,0,1,0.07091206825176327,3.9018217935626414,17.3518729085878,25.710846825293082,0.19018047483213937,0.33814686733786287,12,1.1869771066050194,1.073736990442971,0.18614246870376527,0.0,0.0,0.0,0.08630670533557105,0.0998357633681942
1531,1,0,0,-0.16864550765663977,3.7331762859060014,17.30267728798259,25.650324788258626,0.1787718840405433,0.32425957697090696,12,0.9668503357073488,1.0765679933470222,0.15177528695131112,0.0,0.0,0.0,0.0684515447495762,0.08332374220173494
1532,1,0,1,0.07149987005278197,3.8046761559587834,17.226337576729463,25.547723181905532,0.1682201048302234,0.31140525816889925,12,0.8948837342998152,1.0738250519060304,0.14043658807396572,0.0,0.0,0.0,0.0633106752619195,0.07712591281204623
1533,1,0,1,0.0714287696049228,3.8761049255637063,17.169856324178852,25.477186749475177,0.15713145222875632,0.29785143404274544,12,0.9423338339849066,1.0693515189658749,0.14785486036572537,0.0,0.0,0.0,0.06653191560880248,0.08132294475692287
1534,1,0,1,0.07092808527502861,3.947033010838735,17.230551852228544,25.542875867970167,0.14270732132892322,0.28110918895941484,12,1.1925607233860287,1.0661760768413509,0.1869982558989826,0.0,0.0,0.0,0.08654478539899849,0.1004534704999841
1535,1,0,1,0.07133430196654986,4.0,17.189235987671715,25.507122749181793,0.1311591304256017,0.26674047096187514,12,0.9922667096597708,1.0693356930049678,0.15550145340516727,0.0,0.0,0.0,0.06928914541992925,0.086212307985238
1536,1,1,1,0.005906823323089538,4.0,17.253487687769557,25.57342225599771,0.34747925319674183,0.24996593308877657,13,1.197960175335093,1.0674089684213377,0.18799474433476188,0.11473174627698879,0.0,0.0,0.0873475170961704,0.10064722723859147
1537,1,0,1,0.07089569283716604,4.0,17.314192585558615,25.6400578096449,0.33304047626885097,0.23315370230591703,13,1.198013200030433,1.0706727485941818,0.18750604626450249,0.0,0.0,0.0,0.08663266156734545,0.10087338469715702
1538,1,2,0,-0.23411789609762151,3.7658821039023787,17.37562783600807,25.703572654591945,0.31852181679487246,0.4663745043209752,13,1.1988063552765902,1.073856259880088,0.18778714475352187,0.0,0.0,0.0,0.08711195684387099,0.10067518790965088
1539,1,0,1,0.07091058075760823,3.836792684659987,17.424373595986747,25.755596893171386,0.3043115227654604,0.4498350872754641,13,1.1777500108231116,1.0769800122650004,0.18449826644953898,0.0,0.0,0.0,0.08526176417647224,0.09923650227306674
1540,1,0,1,0.07087155362667727,3.907664238286664,17.477973866487307,25.811480975751394,0.28990790598651045,0.4331711964101874,13,1.1889836153095241,1.0794992622289534,0.18640504586535983,0.0,0.0,0.0,0.08642170067370003,0.09998334519165977
1541,1,0,1,0.07087766345632834,3.9785419017429926,17.53004256079572,25.862732926689638,0.27552601770553237,0.41658222417464125,13,1.1855570163026203,1.0822363710559677,0.18582516309914573,0.0,0.0,0.0,0.08629132968586849,0.09953383341327726
1542,1,0,1,0.07132377947661837,4.0,17.47964666527224,25.808448269913345,0.2640898519231943,0.4024794871245139,13,0.9801388348873699,1.0848193871871339,0.15323341699479248,0.0,0.0,0.0,0.06861699469402843,0.08461642230076402
1543,1,0,1,0.07087278309838234,4.0,17.531892622692595,25.861865067723343,0.24970126509223314,0.3858390418883703,13,1.1878651286099877,1.0822023733796398,0.1861741924026284,0.0,0.0,0.0,0.0863315209857666,0.09984267141686176
1544,1,0,1,0.07087875878560546,4.0,17.579379262303156,25.911010970649365,0.23540854149641818,0.3692636974446171,13,1.1814764847969816,1.0848439422603984,0.18520840823740875,0.0,0.0,0.0,0.08575634157488994,0.0994520666625188
1545,1,0,0,-0.16870890482999534,3.8312910951700045,17.527451088729293,25.855175798911965,0.22392467655405446,0.35515593993787714,13,0.9794964105125504,1.0872597558238133,0.1535497346946223,0.0,0.0,0.0,0.06890318965418214,0.08464654504044014
1546,1,0,1,0.07158171424942934,3.902872809419434,17.42415010802477,25.69390520476211,0.21396929848662902,0.34355723735773314,13,0.8199940973366511,1.0845656721910315,0.1293244838854167,0.0,0.0,0.0,0.059732268404552764,0.06959221548086393
1547,1,0,0,-0.1684601310237598,3.734412678395674,17.329012536379153,25.57303140895682,0.2038628671356663,0.33113240144862277,13,0.8619400153687651,1.077951382819672,0.13518760356043824,0.0,0.0,0.0,0.060638588105776256,0.07454901545466201
1548,1,0,1,0.07089994613704136,3.8053126245327156,17.384174857535605,25.636706067798876,0.18949835481825902,0.3143865031164055,13,1.1913880786319102,1.0725510986333995,0.18666246389774765,0.0,0.0,0.0,0.08618707390444376,0.10047538999330391
1549,1,0,1,0.07164081054035523,3.8769534350730708,17.27090321166998,25.491195200877513,0.17992152441597664,0.3025666330619025,13,0.8167395103463774,1.0755220231333622,0.12838020274071202,0.0,0.0,0.0,0.05746098241369421,0.07091922032701779
1550,1,0,1,0.07092048534955062,3.947873920422621,17.325338538129998,25.555099260422892,0.16560294071026146,0.28586351657025716,13,1.187391846319084,1.0690524603136875,0.1861302011841635,0.0,0.0,0.0,0.08591150223429118,0.10021869894987233
1551,1,0,1,0.0709049642048791,4.0,17.38148392204881,25.620908487742863,0.15120081021008372,0.26907579220086125,13,1.1939655562026052,1.0720109449638224,0.18713912921744147,0.0,0.0,0.0,0.08641278300106628,0.10072634621637515
1552,1,0,1,0.07088248072155141,4.0,17.436575392727143,25.6830722715427,0.1367953469419967,0.25233556533081813,13,1.1923150647229612,1.0750598102447921,0.1868741408287805,0.0,0.0,0.0,0.08643277960852225,0.10044136122025828
1553,1,0,1,0.07089986518618777,4.0,17.430132319938465,25.74182060723885,0.12436020990148881,0.23563812286711705,13,1.1302964545142145,1.0779911916067462,0.17479547702525391,0.0,0.0,0.0,0.08540351287488328,0.10018465478220673
1554,1,0,1,0.07085050026046863,4.0,17.399211252473506,25.805050935886044,0.11279153052900927,0.21879994402739844,13,1.1116080843616691,1.079298823179433,0.17044114927318912,0.0,0.0,0.0,0.08751898922183463,0.10102907303831184
1555,1,0,1,0.07136722427300943,4.0,17.269465884774014,25.729300249536607,0.10395928735265834,0.20521898663596838,13,0.8746105006600593,1.0801065547089888,0.1344792034066857,0.0,0.0,0.0,0.06790008462762857,0.0814857443485801
1556,1,0,1,0.07089457015413832,4.0,17.172598167139796,25.789913154190938,0.09431829322551495,0.1884474418258468,13,1.0387143403778807,1.0749691533577657,0.1584752336235899,0.0,0.0,0.0,0.08724881983905894,0.10062926886072965
1557,1,0,1,0.0709040621789326,4.0,17.041818073133996,25.84346443326323,0.08569925356662321,0.17181052301399738,13,0.9968339680997562,1.0740627830332685,0.15153575082444698,0.0,0.0,0.0,0.08774169704469802,0.09982151287109639
1558,1,0,1,0.07088907538002556,4.0,16.846719415031764,25.8984484776609,0.0789553601515564,0.15510702423894013,13,0.9320174489553663,1.0721320626599307,0.1406843531407444,0.0,0.0,0.0,0.08847817235745185,0.10022099265034362
1559,1,0,0,-0.16834266153775435,3.8316573384622457,16.544897834829452,25.741635076014973,0.07526838955106115,0.1433960660517093,13,0.6099942154690845,1.0686291973173165,0.09238757272635657,0.0,0.0,0.0,0.05916981678743333,0.07026574912338504
1560,1,0,1,0.07094392144349355,3.9026012599057394,16.217720290455386,25.7979080865468,0.07210287199588339,0.12672231639979872,13,0.786258788928869,1.0571633227711108,0.11903560324252979,0.0,0.0,0.0,0.08901446996981298,0.10004249791146325
1561,1,2,1,0.006707982279912324,3.909309242185652,15.885101274727994,25.63973962195619,0.06955026022194934,0.36512564363658734,13,0.5596032291070459,1.0503907094250549,0.08489570722287257,0.0,0.0,0.0,0.0599817501119027,0.06958003657926824
1562,1,0,1,0.07146663633754402,3.980775878523196,15.56791125284533,25.5771281248283,0.06673770629932482,0.35132464326875185,13,0.6583195034065541,1.0381210224171045,0.09968132574275994,0.0,0.0,0.0,0.0691790480301911,0.08280600220701285
1563,1,0,1,0.07144765312782547,4.0,15.264364306555123,25.537587034526375,0.06371760281745366,0.3370274031315372,13,0.6855379478497132,1.0286259844418408,0.1039040617145156,0.0,0.0,0.0,0.07059128241096456,0.08578344082328866
1564,1,0,1,0.07181683544315084,4.0,14.952219963971439,25.382253699685144,0.06130004273193879,0.3255021012843315,13,0.5525711061021195,1.0200487835270375,0.08365717159632291,0.0,0.0,0.0,0.05828053322127731,0.06915181108323368
1565,1,0,0,-0.16894548339366608,3.831054516606334,14.667533929893477,25.44697519847184,0.05804067132001569,0.30883972336185567,13,0.7883973063001471,1.0083618415914146,0.1195304960063937,0.0,0.0,0.0,0.09288781920192675,0.09997426753485508
1566,1,0,1,0.07111126465113672,3.902165781257471,14.387912958013658,25.500030221277733,0.05486068943992672,0.29241372710245905,13,0.7762967791352111,1.002862728209133,0.11763586883691339,0.0,0.0,0.0,0.09182240884310573,0.09855597755637957
1567,1,0,1,0.07109966367167546,3.9732654449291465,14.11741009827209,25.552834515639304,0.0516114448194429,0.2759614600963913,13,0.7795000141022856,0.9971985794822849,0.11820906975930941,0.0,0.0,0.0,0.0937959189807329,0.0987136020364065
1568,1,0,1,0.07164992865695351,4.0,13.801155852859901,25.475304678582553,0.05059252795709252,0.26257185922278364,13,0.5979720328788451,0.9917561153477849,0.08645110641574834,0.0,0.0,0.0,0.06896162116683147,0.08033760524164607
1569,1,0,0,-0.16885231647618165,3.8311476835238185,13.488474926626335,25.524506506785,0.04969397323242777,0.24622103394841832,13,0.7184324152549401,0.9819115132860614,0.10349627999418057,0.0,0.0,0.0,0.0943701773956815,0.09810495164619201
1570,1,0,1,0.07171119945465564,3.902858882978474,13.187818497110507,25.439293618801784,0.04867854424215468,0.23303150781786583,13,0.5894552183362403,0.9753245358352833,0.08522973072495349,0.0,0.0,0.0,0.06854669460729544,0.07913715678331501
1571,1,0,1,0.07122520158818452,3.9740840845666585,12.889436069812616,25.478992722758463,0.04780873771076936,0.21692672807179555,13,0.7069944795565983,0.9656778028978074,0.10184751766473342,0.0,0.0,0.0,0.09315781288502781,0.09662867847642148
1572,1,0,1,0.07174753265908143,4.0,12.605044592898913,25.39472699430457,0.046757503687669046,0.20374123198056426,13,0.5905535144466766,0.9592107198142771,0.0854203806859898,0.0,0.0,0.0,0.06857986025767636,0.07911297654738794
1573,1,0,1,0.0712746950611101,4.0,12.323081015652726,25.42958455410349,0.045836322088327795,0.18777755471915525,13,0.7028882722328212,0.949994289680087,0.1013091531645014,0.0,0.0,0.0,0.09309595918125103,0.0957820635684539
1574,1,0,1,0.07179069929514079,4.0,12.051014614080788,25.342631649155845,0.04483602698223388,0.17470876670211663,13,0.5847973327243234,0.9438166392439054,0.08441449873879517,0.0,0.0,0.0,0.06955312467161812,0.07841272810223167
1575,1,0,1,0.07133233159000255,4.0,11.7781367274435,25.372160920929176,0.04404720812904688,0.15890060527826347,13,0.691492541716955,0.9348411565809158,0.09958188166224109,0.0,0.0,0.0,0.0920705817525201,0.0948489685431191
1576,1,0,1,0.07194446532564425,4.0,11.518399084990099,25.248348946108653,0.043082881025361126,0.14670537564867686,13,0.5452078239353967,0.9287574412093169,0.07895734039963415,0.0,0.0,0.0,0.06443579461400999,0.07317137777751963
1577,1,0,1,0.07189067207617202,4.0,11.265067263128728,25.153098149564343,0.04212098782360055,0.13393245915749097,13,0.5705860823717875,0.9191687007774689,0.08240885815767887,0.0,0.0,0.0,0.06739473691301696,0.07663749894711538
1578,1,0,1,0.0713907908949884,4.0,11.015405000850762,25.18527455455729,0.04123308728748248,0.11817286072511769,13,0.6929682780323035,0.9104541353173268,0.09988499381094793,0.0,0.0,0.0,0.09212060756368819,0.09455759059423954
1579,1,0,1,0.07202824332127981,4.0,10.772653590385943,25.05579880896093,0.04032659521646993,0.10622343138576096,13,0.5327898328240295,0.9050169888852011,0.07713552846221583,0.0,0.0,0.0,0.062452503564428656,0.07169657603614055
1580,1,0,1,0.07186877342577103,4.0,10.538403378861123,24.977539622292525,0.039352536098835794,0.09316245611756087,13,0.583201911790442,0.895711309983672,0.08421020631500535,0.0,0.0,0.0,0.071394327748776,0.07836585160920051
1581,1,0,1,0.0714848857826772,4.0,10.30500656720579,25.00909546401082,0.03851744518727485,0.07751904535548439,13,0.6860576050918034,0.8878985750288412,0.09887101004182448,0.0,0.0,0.0,0.08908620535870827,0.09386046457245885
1582,1,2,1,0.006493255377311191,4.0,10.077866880645121,25.03649163426352,0.03767062636451161,0.3119555061696387,13,0.6831090344724497,0.8828525507804152,0.09846214805165351,0.0,0.0,0.0,0.08890195754911766,0.09338123511507401
1583,1,1,1,0.007102199270446466,4.0,10.16586094711465,24.906875977930156,0.2777093495683911,0.3000947123598739,13,0.8362373730088776,0.8778589628727161,0.13093242363531205,0.0,0.0,0.0,0.05976766077672312,0.07116476285858894
1584,1,0,1,0.07155166983446865,4.0,10.399817945281574,24.924385060531264,0.2634074955309565,0.2848375290628589,13,1.1282845038941511,0.8768184231261202,0.1773542240066974,0.0,0.0,0.0,0.0858111242246076,0.09154309978208977
1585,1,0,1,0.07150307458672597,4.0,10.637189194990434,24.94929953327876,0.24882820464068287,0.2693931283012898,13,1.14539079760168,0.883105075145321,0.18014214991105668,0.0,0.0,0.0,0.0874757453416418,0.09266640456941486
1586,1,0,0,-0.16851495163220367,3.8314850483677962,10.87204365751239,24.973096552490606,0.23415107173862118,0.25396328572359056,13,1.1483136999405297,0.88966221820673,0.18064185287856485,0.0,0.0,0.0,0.08806279741236986,0.092579055466195
1587,1,2,1,0.006942589157121275,3.8384276375249176,10.986260698667207,24.874444616914648,0.2228907460317414,0.4809641772685282,13,0.9116936108289376,0.8961285052500749,0.14261322836613857,0.06294337660551574,0.0,5.551115123125783e-17,0.06756195424127918,0.07505127412485939
1588,1,0,1,0.07189957886230217,3.91032721638722,11.103543676343136,24.7963124552769,0.21144731483772683,0.46804058399548837,13,0.9356684489277265,0.8965176328895466,0.1462021468023258,0.0,0.0,0.0,0.06866058716408706,0.07754155963823874
1589,1,0,1,0.0714437141606253,3.981770930547845,11.33576852306555,24.837874191369746,0.1964740041993234,0.45227751098263463,13,1.1712829861057572,0.8974964032905008,0.18441830190754308,0.0,0.0,0.0,0.0898398638304207,0.09457843807712238
1590,1,0,0,-0.1680975120943187,3.813673418453526,11.44388999952599,24.756852453392398,0.18502978784251004,0.4394468087739167,13,0.9314408063439781,0.9043410678608823,0.1456495113931873,0.0,0.0,0.0,0.06866529814088015,0.07698421325230713
1591,1,0,1,0.07179401891223001,3.8854674373657563,11.572664962133665,24.704938048930387,0.17288734241660145,0.42595740511457736,13,0.9818791194686229,0.9050185613229599,0.1537910945114881,0.0,0.0,0.0,0.0728546725554516,0.08093642195603651
1592,1,2,1,0.00638712957949064,3.891854566945247,11.800758162724161,24.75512163988713,0.15769297160961307,0.48408051250429945,13,1.1852168668238343,0.9069400752766014,0.18668314981613351,1.0557444306874637,0.0,5.551115123125783e-17,0.0911662248419303,0.09551692497420326
1593,1,0,1,0.0717989172976966,3.963653484242944,11.913518495398947,24.696828322445842,0.14576290715963214,0.47076071359966426,13,0.9683640102987838,0.9138969950652822,0.15149918012769692,0.0,0.0,0.0,0.07158038669988548,0.07991879342781148
1594,1,0,1,0.07136702567361514,4.0,12.129315552050704,24.752361183411956,0.1306950776037471,0.45472270018644917,13,1.1865885880639937,0.9152586704461197,0.18663505781460069,0.0,0.0,0.0,0.09040697733531049,0.09622808047929021
1595,1,0,1,0.07184657021515267,4.0,12.21036610129897,24.682978707047564,0.11943247116583716,0.44164211844266776,13,0.9337099912704346,0.9220419183865666,0.1460591290901482,0.0,0.0,0.0,0.06757563862745955,0.07848349046268864
1596,1,0,1,0.0718240131551416,4.0,12.296571313615475,24.621157801565385,0.10794614970564596,0.4284324821124575,13,0.9467179270429933,0.9223336202086633,0.14817574674240788,0.0,0.0,0.0,0.06891792876114716,0.07925781798126073
1597,1,0,1,0.07132185768826275,4.0,12.511509407360357,24.688046740277027,0.0926060764838179,0.4121689717846834,13,1.2047702603360484,0.9229432278795215,0.18962150129761338,0.0,0.0,0.0,0.09204043933096845,0.0975810619666449
1598,1,0,1,0.07175083364123067,4.0,12.59699702158771,24.643138820699257,0.08090338524501255,0.3985522432669735,13,0.9705685983405108,0.9299889036909347,0.15191651853909163,0.0,0.0,0.0,0.07021614743283205,0.08170037110625959
1599,1,0,1,0.0717365996880622,4.0,12.50989032232249,24.60027160311965,0.07391817864781257,0.3849187608707683,13,0.801029479212354,0.9310033960571741,0.12371213396043104,0.0,0.0,0.0,0.07076355609534865,0.0818008943772312
1600,1,0,0,-0.16869647810579183,3.831303521894208,12.388961251680147,24.6712350237404,0.0678144263760112,0.3685654460026271,13,0.8777883981144621,0.9277540481360536,0.13474240283965583,0.0,0.0,0.0,0.09209771643326378,0.09811988920884765
1601,1,0,1,0.07176916330976485,3.903072685203973,12.226844137986415,24.624373276122412,0.0630677406523343,0.355018484356189,13,0.7175260455737946,0.9265049068855139,0.1097618842206899,0.0,0.0,0.0,0.0712743232335011,0.08128176987862842
1602,1,0,1,0.07177194150995915,3.9748446267139323,12.008410022961606,24.580865920795482,0.06001449650571162,0.34141295878184796,13,0.6593389650009795,0.9212804353527209,0.09995261832578196,0.0,0.0,0.0,0.07175604154899462,0.0816331534460459
1603,1,0,1,0.07183685409487241,4.0,11.774716268627783,24.528335351461813,0.05776644317453027,0.32802873971793867,13,0.6285075749264355,0.9147318985939272,0.0937936343705442,0.0,0.0,0.0,0.06838209305392322,0.08030531438345613
1604,1,0,1,0.07137141972722562,4.0,11.511805356457598,24.598179721888847,0.056892637770488336,0.3117403433600307,13,0.7145097487590831,0.90757629050224,0.10297321057169931,0.0,0.0,0.0,0.09157428224961026,0.09773037814744769
1605,1,0,1,0.0713911206665048,4.0,11.25755731875898,24.658135262309692,0.055960773986798856,0.2956467082896141,13,0.7084571296808942,0.902749626958661,0.10215299312463655,0.0,0.0,0.0,0.09154044233543861,0.09656181042249964
1606,1,0,1,0.07142091430741339,4.0,11.006891896434354,24.711900357655274,0.05510595424667806,0.27966282474581333,13,0.7009919875476727,0.8978923145267169,0.10103221970352935,0.0,0.0,0.0,0.0905311925044351,0.09590330126280458
1607,1,2,0,-0.23353953369405459,3.7664604663059453,10.762683799360705,24.75868535336486,0.05424583757064447,0.48415026941538325,13,0.6955467049881748,0.8929698063522408,0.10025908356390177,0.17797694847487988,0.0,5.551115123125783e-17,0.08961077173288601,0.09509838350770024
1608,1,1,1,0.006920336518811608,3.773380802824757,10.873090893016998,24.685678340724454,0.2805628888682459,0.47115137345033214,13,0.9254343098340274,0.8880342288181391,0.14461604258083213,0.07547502542386675,0.0,0.0,0.06662266679052474,0.0779933757903074
1609,1,0,1,0.07150416886781755,3.8448849716925744,11.09851364496492,24.720100791469534,0.2659850098826332,0.45562114209749743,13,1.148814433536538,0.8889692308435363,0.18064866203068364,0.0,0.0,0.0,0.08746727391367613,0.09318138811700753
1610,1,0,1,0.07146440608823731,3.916349377780812,11.325384304291472,24.758615927009476,0.2511884390231525,0.43997717327845304,13,1.1608511557773538,0.8954653609108615,0.18264323807115093,0.0,0.0,0.0,0.0887794251568841,0.09386381291426683
1611,1,0,1,0.0714159017876917,3.9877652795685035,11.553900006665817,24.801551365827244,0.23616357175176353,0.4242045249050615,13,1.1735511469746394,0.9021000057825237,0.18478509386868283,0.0,0.0,0.0,0.09014920362833365,0.09463589024034919
1612,1,0,1,0.07182930894202921,4.0,11.674149313009206,24.737600157829686,0.22418798757487401,0.41098916779645883,13,0.9651843826581537,0.9088862843123268,0.1511456477129532,0.0,0.0,0.0,0.07185350506133747,0.07929214265161573
1613,1,0,1,0.07139342607658133,4.0,11.895865155402431,24.78440518398937,0.20912206289891935,0.3951336710087081,13,1.1788146053238806,0.9102937367709723,0.18552852878223225,0.0,0.0,0.0,0.09039554805572758,0.09513298072650465
1614,1,1,1,0.006770995617499566,4.0,12.01839448125872,24.731330847082944,0.4111595999178806,0.38166171973185636,13,0.986461747434661,0.917006758484795,0.15461108616012487,0.21399539938721823,0.0,0.0,0.0737793784990143,0.08083170766111056
1615,1,0,1,0.07135324037130777,4.0,12.231930677547856,24.780430550934426,0.3961180585631634,0.3657717294092009,13,1.1813790333491605,0.9187431332085416,0.18558919006423596,0.0,0.0,0.0,0.09024924812830343,0.09533994193593255
1616,1,0,1,0.07133710085688501,4.0,12.441259231746578,24.829225263195756,0.3810316001365977,0.3498537246796622,13,1.1834322971721063,0.9253090307120572,0.18602677893662628,0.0,0.0,0.0,0.09051875055939405,0.0955080283772322
1617,1,0,1,0.0717410529559307,4.0,12.557589590939003,24.767981050859735,0.36853415831148156,0.3365714267447431,13,0.9868482592299629,0.9317621123735583,0.15467843856021135,0.0,0.0,0.0,0.07498465095069703,0.07969378760951432
1618,1,0,1,0.07188617839738981,4.0,12.625588076406695,24.674203037407835,0.3573733540195543,0.3240843208853919,13,0.9073597380607646,0.9331392660449686,0.1418874609076707,0.0,0.0,0.0,0.06696482575156353,0.07492263515610716
1619,1,0,1,0.07130776202192604,4.0,12.824923462447298,24.73306920799884,0.3422910175831905,0.30798652299692936,13,1.1906963344769694,0.9324947778453634,0.18708080594895812,0.0,0.0,0.0,0.0904940186181825,0.09658678733077561
1620,1,0,1,0.07129603597309074,4.0,13.020636201368644,24.7905741972122,0.32715459132908775,0.29188308711920913,13,1.1921675448958622,0.9389498167611535,0.18743917279093789,0.0,0.0,0.0,0.09081855752461651,0.09662061526632135
1621,1,0,1,0.07170802007465561,4.0,13.122136385296127,24.730528476796078,0.31465581963841555,0.27858297393375975,13,0.9867347234758771,0.9452802599645213,0.1547933092567296,0.0,0.0,0.0,0.07499263014403348,0.07980067911269612
1622,1,0,1,0.07128191548840333,4.0,13.308306938820886,24.788274620267863,0.2995836581371914,0.26247306056755276,13,1.1902333185488492,0.9463166215523051,0.18709244920458643,0.0,0.0,0.0,0.09043296900734482,0.09665948019724158
1623,1,1,1,0.006738468771998398,4.0,13.387300828954864,24.718812504469913,0.48793841777630087,0.2493971006022858,13,0.9619463133132464,0.9524145389772187,0.15082525313379677,0.2975019488231484,0.0,1.1102230246251565e-16,0.07236949334219474,0.07845575979160203
1624,1,0,1,0.07164495929770258,4.0,13.48191353778093,24.674600499168086,0.4753758876454317,0.2357800558665014,13,1.003053536859863,0.9526528333356195,0.15707744919992142,0.0,0.0,0.0,0.07537518078521474,0.08170226841470665
1625,1,0,1,0.07118480286578818,4.0,13.668527391141726,24.753989152488526,0.46005165631931155,0.21920624901738786,13,1.2199153576049584,0.9539128509237255,0.19138822905140193,0.0,0.0,0.0,0.09194538795672094,0.09944284109468102
1626,1,0,1,0.07170356813081342,4.0,13.730995928958642,24.691640379777326,0.44821976885475384,0.20601955751777704,13,0.9606826786964705,0.9605629135907563,0.15011147378501088,0.0,0.0,0.0,0.07099132478734613,0.07912014899766476
1627,1,0,0,-0.16836606867692552,3.8316339313230743,13.813825971809045,24.64958463693935,0.4357466926348555,0.1923689475624657,13,1.0013402077308262,0.9605659077183991,0.1567421170512583,0.0,0.0,0.0,0.0748384573193901,0.08190365973186821
1628,1,2,0,-0.23380872730544297,3.5978252040176315,13.986711807304685,24.729066580356257,0.4205755985756565,0.4257988007751565,13,1.2139530441312594,0.9615852652187098,0.19044744507904973,0.0,0.0,0.0,0.09102656435519418,0.09942088072385555
1629,1,0,1,0.07176472661142834,3.66958993062906,14.04156362207196,24.654940639820254,0.4087700192968704,0.41289621123451176,13,0.948620333922793,0.9678944596915237,0.14824901291658532,0.0,0.0,0.0,0.0708334756727168,0.07741553724386852
1630,1,2,1,0.006760415680898,3.676350346309958,14.091132369480539,24.587431175216544,0.3970498408390733,0.4869855791586584,13,0.9494718893521774,0.9674126065473054,0.14840759579483145,0.9773772674070703,0.0,5.551115123125783e-17,0.0703210707467822,0.07808652504804924
1631,1,0,1,0.07126963900970734,3.7476199853196652,14.241150999400915,24.649408679957677,0.3823217941792602,0.47085846257361935,13,1.1789602232789367,0.9669640886174272,0.18513097946911353,0.0,0.0,0.0,0.08836827995887885,0.09676269951023465
1632,1,0,1,0.07122377714238516,3.8188437624620506,14.392486969303592,24.71399500376083,0.36743379696773965,0.4546357230427194,13,1.1881862856897902,0.9722639919839648,0.1866644204545234,0.0,0.0,0.0,0.08932798326912365,0.09733643718539978
1633,1,1,1,0.006552517031666465,3.825396279493717,14.478419914315323,24.685776511309765,0.4869179249938,0.4406171916173706,13,1.0353765018872814,0.9776620493266106,0.16260363858929328,0.7046027818064378,0.0,5.551115123125783e-17,0.07849245003720018,0.08411118855209314
1634,1,0,1,0.07147481752002909,3.8968710970137463,14.574161705978586,24.66598905135559,0.4734738551056103,0.4263991548802479,13,1.055059242349718,0.9791049106406273,0.16597263975187385,0.0,0.0,0.0,0.08066441932913793,0.08530822042273592
1635,1,0,1,0.0711583465139669,3.9680294435277133,14.72201071559398,24.738974765273177,0.45846586479971413,0.40997582088342827,13,1.2018384924663332,0.9810037689333545,0.18858794581629515,0.0,0.0,0.0,0.09004794183537758,0.09854000398091758
1636,1,0,1,0.07114588787973032,4.0,14.864352697105375,24.81285468942958,0.44350707212580825,0.39348807297632726,13,1.2027465426894763,0.9865246370216791,0.18867924348604123,0.0,0.0,0.0,0.08975275604343491,0.09892648744260632
1637,1,2,1,0.006182007401977937,4.0,14.990887837416288,24.875657478640793,0.42891308212482776,0.4837236906915609,13,1.1812681141854997,0.991930184663374,0.18522179585651724,0.8609284378579635,0.0,5.551115123125783e-17,0.0875639400058825,0.09765785585063474
1638,1,2,1,0.006578972931035642,4.0,15.037649613024897,24.828863278362093,0.41655480709025533,0.4863409731334684,13,0.9966312082313347,0.996663632901427,0.1561038114066247,1.4023421441493653,0.0,5.551115123125783e-17,0.07414965020743532,0.08195416119918938
1639,1,0,1,0.07157830267755345,4.0,15.085940928944279,24.783513522985896,0.4041033648626806,0.47267780659027364,13,0.999604382827861,0.9966628222846747,0.15668765262461692,0.0,0.0,0.0,0.0747086533654479,0.08197899925916903
1640,1,2,1,0.00614696249407243,4.0,15.213439678123372,24.853850026339792,0.3892847396005777,0.4835657609687441,13,1.1945716138312439,0.9967363612982544,0.18751718576015222,1.3360668395416417,0.0,5.551115123125783e-17,0.08891175157261726,0.09860543418753498
1641,1,2,1,0.0065786278477381905,4.0,15.245753677110155,24.809437582538735,0.3771638276326082,0.4862985445184144,13,0.9895837977973072,1.0016822426115792,0.1549342046973308,1.4013945658124647,0.0,0.0,0.07272547180781741,0.08220873288951341
1642,1,2,1,0.006484562806469353,4.0,15.302131705256137,24.785501513124423,0.3643235017304329,0.4858294433075186,13,1.033821740222892,1.0013797814912224,0.16206529556794044,1.4177912671104864,0.0,0.0,0.0770419554130518,0.08502334015488863
1643,1,0,1,0.07114615269370601,4.0,15.417556928028667,24.852787661268525,0.349708511006994,0.4694589836349364,13,1.1849022013761457,1.0021908304595142,0.18591270237612595,0.0,0.0,0.0,0.08768994434063299,0.09822275803549296
1644,1,0,1,0.07152242788233572,4.0,15.455330414104889,24.821178124813976,0.337277408280251,0.45544385908947277,13,1.0129225643540993,1.00675861473243,0.15867736363324003,0.0,0.0,0.0,0.07458661636045842,0.08409074727278161
1645,1,0,1,0.07111295959770493,4.0,15.574382332958375,24.893858091919398,0.3224288083412937,0.4389231491227224,13,1.1986445994318815,1.0069127134729716,0.18821585943424538,0.0,0.0,0.0,0.08909159963374313,0.09912425980050225
1646,1,0,1,0.07166253905121604,4.0,15.56185165121882,24.827472584224708,0.3113489800894334,0.42570374455430565,13,0.9327898211877015,1.0117060106219444,0.1457953969216627,0.0,0.0,0.0,0.06647896951116214,0.07931642741050056
1647,1,0,1,0.07161565255882417,4.0,15.553640292046321,24.764169307865444,0.30012041651306604,0.4124269639986093,13,0.9382184703543247,1.0097331058860886,0.14703206479238243,0.0,0.0,0.0,0.0673713814582045,0.07966068333417795
1648,1,2,0,-0.23332866447207395,3.766671335527926,15.534541810119162,24.701941189482525,0.289233494603035,0.48674912718295266,13,0.9266186396877164,1.0079452399977942,0.14482676836247033,0.9745617839916559,0.0,5.551115123125783e-17,0.06532153146018618,0.07950523690228412
1649,1,0,1,0.071119772826276,3.837791108354202,15.649100562888618,24.781770434924102,0.2744381608620623,0.4701296084216829,13,1.2003000732010727,1.0059120749900423,0.1884891150134543,0.0,0.0,0.0,0.088772002445836,0.09971711256761831
1650,1,0,1,0.07163659304561339,3.909427701399815,15.631954605565218,24.72320362632937,0.263422269711621,0.4567688523531399,13,0.9350590090271855,1.010771774945318,0.146259883313906,0.0,0.0,0.0,0.06609534690264757,0.08016453641125841
1651,1,0,1,0.07109397245983484,3.98052167385965,15.745939561583466,24.804012488258635,0.2485655163698648,0.4401112606057644,13,1.203672773744877,1.008878955797365,0.18908607053479007,0.0,0.0,0.0,0.08914052005053733,0.09994555048425273
1652,1,0,1,0.07103799666878309,4.0,15.864805299400206,24.88989135019278,0.2334856964312042,0.4232864732085991,13,1.218493400996942,1.0137488012460525,0.19142764401495577,0.0,0.0,0.0,0.09047891963196357,0.10094872438299218
1653,1,0,1,0.07101867853871922,4.0,15.982156438527502,24.975658853539997,0.2183485439610309,0.4064104652066429,13,1.2219860587143307,1.0188674162398248,0.19207896283277634,0.0,0.0,0.0,0.09082291482103987,0.10125604801173649
1654,1,0,0,-0.16896786349241016,3.8310321365075897,16.090012797245052,25.052425365080197,0.20342343619438893,0.38969669950532676,13,1.2085682525594375,1.0239453823016875,0.18983324080774908,0.0,0.0,0.0,0.08955064659985182,0.1002825942078973
1655,1,0,1,0.07104020121413203,3.9020723377217217,16.188574548089502,25.126046683116538,0.18867591689781557,0.37301263679686203,13,1.200744022938924,1.028560954058131,0.18858949203022862,0.0,0.0,0.0,0.0884851157794403,0.10010437625078834
1656,1,0,1,0.0714804368088784,3.9735527745306003,16.17450448948083,25.085005771023795,0.17714508924590103,0.3590155428379604,13,0.9777545600787385,1.032865530780151,0.153167529664897,0.0,0.0,0.0,0.0691849659114872,0.0839825637534098
1657,1,0,1,0.07099864581096799,4.0,16.27574983298124,25.163818700423363,0.16224281496152074,0.3421869674791089,13,1.2115460294125924,1.031487756512616,0.19038509785939034,0.0,0.0,0.0,0.08941364570628169,0.10097145215310867
1658,1,0,1,0.07099656690143627,4.0,16.37382269477968,25.23686038511729,0.14736956822279593,0.3254510703642393,13,1.2071037598274779,1.0359892133351152,0.18965486312156676,0.0,0.0,0.0,0.08923948043234897,0.10041538268921779
1659,1,0,0,-0.169010678250697,3.830989321749303,16.467174701175814,25.307332236883582,0.1325611805943759,0.30873349825255875,13,1.2040909351598539,1.0402670769974243,0.18915575844060328,0.0,0.0,0.0,0.08885032577052007,0.10030543267008324
1660,1,0,1,0.07142392822272778,3.9024132499720308,16.447209221074605,25.27243163649496,0.12098580783549069,0.2944793783420473,13,0.9894965929616536,1.0443626734514848,0.15497695601637979,0.0,0.0,0.0,0.06945223655331109,0.08552471946306871
1661,1,0,1,0.07143731700230775,3.9738505669743387,16.42636068798455,25.229459701774353,0.10942081636122264,0.2804300065199908,13,0.9791705536285775,1.042991021439239,0.1536861797779475,0.0,0.0,0.0,0.06938994884560847,0.08429623093233904
1662,1,1,1,0.0059769279979067875,3.9798274949722456,16.51949527600848,25.30289453488791,0.33518176402146116,0.26364446581500317,13,1.2079649308814566,1.0413955097439727,0.18972368228524672,0.05642387598324783,0.0,0.0,0.089010438055321,0.10071324422992574
1663,1,0,0,-0.1690316881234528,3.810795806848793,16.60791714955401,25.3740235664617,0.32044134183811374,0.2468805695057574,13,1.2051106503917377,1.0455597452724097,0.18902591095555915,0.0,0.0,0.0,0.08844253310008436,0.10058337785547479
1664,1,0,1,0.07141875611007345,4.0,16.589260309623075,25.324780755748183,0.30875043503167593,0.2329467318051055,14,0.9816488672559368,1.049548517900393,0.15374846704253856,0.0,0.0,0.0,0.07014544083862724,0.08360302620391132
1665,1,0,1,0.07151129522300041,4.0,16.549514445265245,25.24586478839708,0.29760382188934403,0.21974415358662927,14,0.9291891949253462,1.0478510266342815,0.14609514816484834,0.0,0.0,0.0,0.06687967885399117,0.0792154693108572
1666,1,2,1,0.006456208017243298,4.0,16.52608663752175,25.19863706521244,0.2860826904685588,0.45584872145380445,14,0.9742289499134298,1.0448844808415583,0.15249938132166074,0.0,0.0,0.0,0.06912678852471149,0.08337259279694924
1667,1,0,1,0.07144728449048991,4.0,16.516430188404623,25.156010910521914,0.27422269166136815,0.44191862396150067,14,0.9908354887606957,1.043118092568355,0.15474057779696654,0.0,0.0,0.0,0.0711599928431438,0.08358058495382273
1668,1,0,1,0.07098364639344887,4.0,16.606235423282065,25.229204686659344,0.2594296728103572,0.4251907648070175,14,1.2048100384880325,1.0418110274731636,0.18912526803296403,0.0,0.0,0.0,0.08875811310606549,0.10036715492689856
1669,1,0,1,0.07143086345060459,4.0,16.582457887991758,25.187846920007036,0.24788385952241868,0.41114843475577384,14,0.9807507008059206,1.045886002748535,0.1535288600350934,0.0,0.0,0.0,0.06927487972763126,0.08425398030746217
1670,1,2,1,0.0064481970715031,4.0,16.555988936885992,25.148424144262307,0.2364565045185846,0.4859497735852929,14,0.978365893349478,1.0442576201999698,0.15286548851124687,0.966890608534643,0.0,5.551115123125783e-17,0.06856413002300449,0.08430135848824237
1671,1,0,1,0.07132365517050526,4.0,16.567291455766156,25.13665345021053,0.22395150012780204,0.47128956650910947,14,1.0421421518570964,1.0426103270287075,0.16299126880179587,0.0,0.0,0.0,0.07503002634469515,0.08796124245710073
1672,1,0,1,0.07096096659755152,4.0,16.658359974394795,25.217189182475657,0.20907864704907522,0.45439722515101594,14,1.2142028735431816,1.0425986226494173,0.19059116662092193,0.0,0.0,0.0,0.08923711847236104,0.10135404814856087
1673,1,2,1,0.005947674962947562,4.0,16.747844905371597,25.294633365887893,0.19418520961282368,0.48313161954544875,14,1.2138178433107965,1.0468887289217614,0.19057090734481688,1.2263833509060955,0.0,0.0,0.0893606246175093,0.10121028272730757
1674,1,0,1,0.0713890605335947,4.0,16.71827811003071,25.266334355861808,0.1827155489439911,0.46874390999656695,14,0.9931961514145192,1.0510619567814872,0.15514422130628647,0.0,0.0,0.0,0.06881796401299543,0.086326257293291
1675,1,0,1,0.07094410606774343,4.0,16.80456921201841,25.346183962751432,0.1678523796443001,0.45178986530776877,14,1.2157560205246347,1.049615311647313,0.19090328393093456,0.0,0.0,0.0,0.08917901579814591,0.10172426813278868
1676,1,0,1,0.07093337084644034,4.0,16.884530029678857,25.42448549906693,0.1531192192667615,0.43482776647505145,14,1.2120311833451933,1.053768829369246,0.19017155526153628,0.0,0.0,0.0,0.08839896226523183,0.10177259299630445
1677,1,2,1,0.0063535783080881985,4.0,16.851557442721905,25.403478729652356,0.14165184753277496,0.4853677380583683,14,1.0037460318471163,1.0577253882186448,0.15659780205370907,1.1089665988503083,0.0,5.551115123125783e-17,0.06880423040391896,0.08779357164979011
1678,1,0,1,0.07136648525580401,4.0,16.81802460191889,25.364656277119522,0.1301818641422943,0.4711444837221048,14,0.9840206109735092,1.0563759043093566,0.1541594263604646,0.0,0.0,0.0,0.06881990034288417,0.08533952601758041
1679,1,0,1,0.07090403073973166,4.0,16.903862084117783,25.447630216260404,0.11525357746733662,0.45405788372165895,14,1.2233784433157309,1.0545670219759604,0.19208932005242135,0.0,0.0,0.0,0.08956972004974599,0.1025196000026754
1680,1,0,0,-0.1691112724420797,3.8308887275579204,16.954284027829118,25.5268623964144,0.10145210801722909,0.4370109476148462,14,1.1884414313747889,1.0587873075094545,0.18509043334152256,0.0,0.0,0.0,0.08948373576044533,0.10228161664087723
1681,1,0,1,0.07133243420573757,3.902221161763658,16.86079172122288,25.50385970705997,0.09196808510083003,0.4223569605684852,14,0.9455336646454233,1.062028660606088,0.14482805977656008,0.0,0.0,0.0,0.069785826802676,0.08792392227816566
1682,1,0,1,0.071332804097283,3.973553965860941,16.723204779648807,25.48209342711698,0.08379956977227344,0.40768370928947734,14,0.8997630641899986,1.0591162857070713,0.13705059964538652,0.0,0.0,0.0,0.06994583625581757,0.08803950767404708
1683,1,1,1,0.0059249024135456605,3.9794788682744864,16.81223730763677,25.555112948054628,0.30070587460344994,0.3907618319839119,14,1.217184504094766,1.0551324551691446,0.1913354617932267,0.10875797305310653,0.0,0.0,0.08980419795983428,0.10153126383339237
1684,1,0,0,-0.16907417249045276,3.8104046957840336,16.895939004935475,25.61574212482148,0.28585397043913635,0.3741018173479275,14,1.2035146304578381,1.059183756392285,0.1890715128017882,0.0,0.0,0.0,0.08911142498588157,0.09996008781590662
1685,1,0,1,0.07095853756869254,3.8813632333527264,16.970238572031317,25.667585292682276,0.27122970084812403,0.3576104718854596,14,1.1889347632005616,1.062792028243924,0.18669369032088134,0.0,0.0,0.0,0.08774561754607406,0.09894807277480729
1686,1,0,0,-0.16860548607083034,3.7127577472818962,16.94041653428825,25.6142970201498,0.2596040298563373,0.3436186843899142,14,0.9828352863422984,1.06594559661784,0.15370475092399286,0.0,0.0,0.0,0.06975402595072046,0.08395072497327243
1687,1,1,1,0.006720007479647011,3.7194777547615434,16.838206035547454,25.45995524620026,0.4550885826546122,0.3320100093179112,14,0.8073155661706152,1.0638678388609515,0.1269733348446385,0.2697713987977295,0.0,5.551115123125783e-17,0.057321284412620715,0.06965205043201775
1688,1,2,1,0.005976719707632127,3.7254544744691755,16.906856392027244,25.519133286362127,0.4407190407248087,0.4834365703066374,14,1.1852824286853454,1.057454032043693,0.18559782973899724,0.49206005590746726,0.0,5.551115123125783e-17,0.08621725157882114,0.09938057816017612
1689,1,0,1,0.07152558970705773,3.7969800641762332,16.86136168401952,25.442587052138265,0.4296217948755552,0.47009305634062865,14,0.9386087997281484,1.0606497419597343,0.1466445588915737,0.0,0.0,0.0,0.06658347509552126,0.08006108379605242
1690,1,0,1,0.0709847516200006,3.867964815796234,16.931529797736708,25.49734613767821,0.41517402258188546,0.45364444278885013,14,1.1825259176610836,1.0575987184039446,0.1853783150726895,0.0,0.0,0.0,0.08668663376201827,0.09869168131067124
1691,1,0,1,0.07096336405604435,3.938928179852278,17.000645156843373,25.5526696245881,0.40069564913063416,0.43714845228123056,14,1.1851607444019252,1.0607218983853732,0.18584618375322534,0.0,0.0,0.0,0.08687024070750828,0.09897594304571708
1692,1,0,1,0.07092768820782273,4.0,17.07212376922554,25.61181716805754,0.38610386451948964,0.42052700207961663,14,1.1944590253873963,1.063832869535787,0.18727940887654937,0.0,0.0,0.0,0.08755070766686653,0.09972870120968284
1693,1,0,1,0.0709757765279493,4.0,17.12930949056269,25.66127480037084,0.3718749288229157,0.40409894943958014,14,1.1737418770825196,1.0670985234320771,0.18394193001966336,0.0,0.0,0.0,0.08537361417944414,0.09856831584021922
1694,1,1,0,-0.23356537170988778,3.766434628290112,17.081721371858357,25.57760178048432,0.4887421998856329,0.3908094864804487,14,0.9385034686824875,1.0697646072733382,0.14728357844099182,0.7312495729374939,0.0,5.551115123125783e-17,0.06754680068620297,0.07973677775478885
1695,1,1,1,0.006492610921330967,3.7729272392114432,17.03127585979159,25.503823261426795,0.4889380274462649,0.3773677273567047,14,0.942259047684282,1.066483078808567,0.14702239006487475,1.432453199313797,0.0,5.551115123125783e-17,0.06637183532241069,0.08065055474246405
1696,1,0,1,0.0709569558470656,3.843884195058509,17.091955077248098,25.561092325502344,0.47466059947180095,0.36082848764196157,14,1.18132575956251,1.0633774780304597,0.18490000613524243,0.0,0.0,0.0,0.0856645678467838,0.09923543828845863
1697,1,0,1,0.07143121399037242,3.9153154090488815,17.05755803714406,25.498711891146563,0.46310077288927504,0.3471525043397797,14,0.9695487106089433,1.0663261850687609,0.15141485930824714,0.0,0.0,0.0,0.06935895949515551,0.08205589981309162
1698,1,0,1,0.07091325967003032,3.986228668718912,17.127586506784212,25.56418697220265,0.44853172458968515,0.33041584934100526,14,1.1994102989035038,1.0639067482072657,0.1878342197901856,0.0,0.0,0.0,0.08741428979753912,0.1004199299926465
1699,1,2,1,0.006372494734603832,3.9926011634535157,17.095138912522522,25.509946342472308,0.4368563821454933,0.4860904208397698,14,0.9806061129826423,1.0672943369746717,0.15350952962653217,0.48249509604603136,0.0,5.551115123125783e-17,0.07005205466515105,0.08345747496138113
1700,1,0,1,0.07142251672402604,4.0,17.06583496919837,25.449511412285798,0.42516176515110776,0.4723882069264011,14,0.9753882578642055,1.065127131374871,0.1523809854465257,0.0,0.0,0.0,0.0701677019663133,0.08221328348021241
1701,1,0,1,0.07143854012806564,4.0,17.047387913499776,25.38916038283395,0.4131732422225813,0.4587270177650442,14,0.9840855743866639,1.0628836595371043,0.15389827253930044,0.0,0.0,0.0,0.07193113757115888,0.08196713496814156
1702,1,0,0,-0.16903095473496169,3.8309690452650385,17.109850990090195,25.44795827462374,0.3988322637524699,0.44221063067189714,14,1.1821746757885534,1.0609137074083432,0.18514419337955082,0.0,0.0,0.0,0.0860458708206686,0.0990983225588822
1703,1,1,1,0.0064821287646214636,3.8374511740296597,17.069556876683798,25.37904580014662,0.48860516535697474,0.42874697042827387,14,0.9547386437343305,1.0639452316178486,0.14915096931989125,0.8929935825148191,0.0,5.551115123125783e-17,0.0683690078581517,0.08078196146173956
1704,1,0,1,0.0715298740590771,3.908981048088737,17.010886455165174,25.30283421366804,0.4777443019628138,0.4154810816708953,14,0.9263330589235551,1.0612150669207605,0.1447605129092367,0.0,0.0,0.0,0.06516518036496509,0.07959533254427159
1705,1,0,1,0.07150617534028679,3.9804872234290234,16.965121236994033,25.23853941806586,0.46657321054041606,0.40198688969110585,14,0.9477830029475103,1.0578430167208304,0.14799170041312276,0.0,0.0,0.0,0.06702654853438644,0.08096515187873633
1706,1,0,0,-0.16903079977803873,3.8114564236509847,17.032892096765796,25.307937713779253,0.4521387382158058,0.3853078228675812,14,1.192260671861653,1.0550915163764976,0.18668123488880986,0.0,0.0,0.0,0.0866068339476617,0.10007440094114818
1707,1,0,1,0.07097442772190249,3.882430851372887,17.093988358206495,25.373135387702447,0.43785989243780915,0.3686881786414071,14,1.1848146806275204,1.0585207452636265,0.18539094002502476,0.0,0.0,0.0,0.08567307466798008,0.09971786535704466
1708,1,0,1,0.07097316284181153,3.9534040142146987,17.150960719947008,25.43413966423231,0.4236583488082056,0.3521266256903328,14,1.1796547319180988,1.0616780936477237,0.18457857948406675,0.0,0.0,0.0,0.08520926177762118,0.09936931770644555
1709,1,0,0,-0.16907602107591532,3.7843279931387834,17.216420488652336,25.500095561135176,0.40915014928014726,0.33540618456966204,14,1.1960431752126748,1.064627509604483,0.18737184389237477,0.0,0.0,0.0,0.08704919716835018,0.10032264672402458
1710,1,0,1,0.070939194608234,3.8552671877470175,17.27427539778833,25.563303786852636,0.39481871618510045,0.318713283671712,14,1.1889760360981452,1.0679129012446877,0.18614600395798117,0.0,0.0,0.0,0.08598859857028082,0.10015740538770036
1711,1,0,1,0.07140644788346664,3.9266736356304843,17.22834133705985,25.493073152703516,0.38338955785246104,0.3051604568544321,14,0.9547747847384259,1.0709394796160243,0.14989191089951628,0.0,0.0,0.0,0.06857494999583669,0.08131696090367958
1712,1,0,1,0.07146116215367691,3.9981347977841613,17.172955058383188,25.40881382493867,0.37223984803173044,0.2919888300454248,14,0.9283897558025669,1.0680353622440844,0.1459280197784268,0.0,0.0,0.0,0.06689825892438318,0.0790297608540436
1713,1,0,1,0.07143289744101648,4.0,17.136225743366683,25.35270801582578,0.3606642442417624,0.2782383579835603,14,0.9717090979536556,1.0645442220830463,0.15195645511099573,0.0,0.0,0.0,0.06945362273980844,0.08250283237118727
1714,1,0,1,0.07140622560043015,4.0,17.097618440813203,25.306949809636997,0.34915995756908497,0.2642370191270355,14,0.9778578352375522,1.0622233439798117,0.1530337531752128,0.0,0.0,0.0,0.06902572003606434,0.08400803313914847
1715,1,0,1,0.0709210663293859,4.0,17.16703360140258,25.382977753705536,0.3345704339612212,0.24734802950636484,14,1.2055573109191702,1.0601142062612552,0.18887107937120634,0.0,0.0,0.0,0.08753714164718249,0.10133393772402385
1716,1,0,1,0.07138430663616503,4.0,17.129598236538996,25.331123791599214,0.3229219369084086,0.2334703853599935,14,0.9744609569078009,1.0637502838777029,0.15315684719510408,0.0,0.0,0.0,0.06989098231687589,0.0832658648782282
1717,1,0,1,0.0709450411882542,4.0,17.193170323043827,25.401841011597345,0.3084682894087549,0.21669349878543684,14,1.1958073572064125,1.0615180507034554,0.18738320444526219,0.0,0.0,0.0,0.0867218849979221,0.10066131944734007
1718,1,0,1,0.0713907451999925,4.0,17.148795864410044,25.343613638169444,0.2969796869073719,0.2029465656173193,14,0.9622734513043416,1.0648752833660293,0.1514132140170031,0.0,0.0,0.0,0.06893161500829809,0.08248159900870503
1719,1,0,1,0.07088627311735848,4.0,17.22065530297447,25.42446375462774,0.282264127800457,0.1859228969075489,14,1.215019792587214,1.062310237564487,0.19043536690011176,0.0,0.0,0.0,0.08829335464148909,0.10214201225862271
1720,1,0,1,0.07139342672201912,4.0,17.174616868789066,25.363307980887082,0.2708293113911544,0.17222670478469074,14,0.9589337685139906,1.0661279764400553,0.1507860511929647,0.0,0.0,0.0,0.06860889845581584,0.08217715273714889
1721,1,0,1,0.0713304065440265,4.0,17.144318531877737,25.32896634376896,0.25900100877225846,0.1579305764769595,14,0.9988081472124517,1.0634481212419038,0.15674658555976329,0.0,0.0,0.0,0.07096981571337582,0.08577676984638746
1722,1,0,1,0.07133712186168642,4.0,17.115567369612165,25.296548574877335,0.2471702133056932,0.14361324347853796,14,1.0006631907339707,1.0618321218911677,0.15688877078992053,0.0,0.0,0.0,0.07098477279939139,0.08590399799052911
1723,1,0,0,-0.16911516617169498,3.8308848338283052,17.188962344233538,25.38426849934073,0.23243726158289724,0.1264512522624602,14,1.221417797697007,1.0603028986122376,0.19136965763324243,0.0,0.0,0.0,0.08839771033677576,0.10297194729646665
1724,1,0,1,0.07144577114838299,3.9023306049766884,17.129147497204787,25.303528566324935,0.22141947956776523,0.11325118310913297,14,0.9237759910448111,1.0643307710893568,0.14530710701075533,0.0,0.0,0.0,0.06610669209079202,0.07920041491996332
1725,1,0,1,0.07132831806452206,3.9736589230412105,17.100389064494944,25.277606975327714,0.20958304465406552,0.0987897021133431,14,1.0061368778811814,1.0608169015882432,0.15778749545693763,0.0,0.0,0.0,0.07101860948219849,0.08676888597473914
1726,1,0,1,0.07088282087862204,4.0,17.17695823207444,25.365018335151987,0.1947730203216427,0.08164931497944039,14,1.2234304283993305,1.0594499009955665,0.19170246879795302,0.0,0.0,0.0,0.08886014599453661,0.1028423228034164
1727,1,0,1,0.07088391606324027,4.0,17.24717709601019,25.44853044267463,0.18007386738762687,0.06454839285914461,14,1.2172803856390613,1.0635494141806605,0.19080045032586979,0.0,0.0,0.0,0.0881949176040951,0.10260553272177468
1728,1,0,1,0.07131974143440756,4.0,17.21130030105197,25.401533762942023,0.1682985873121654,0.05049891735405007,14,0.9845192137762885,1.0673926884671208,0.15494853348333607,0.0,0.0,0.0,0.07065168045276889,0.0842968530305672
1729,1,0,1,0.07085966241810387,4.0,17.28067160612231,25.490174858779568,0.1535915213108028,0.0332575874184871,14,1.2233332525077343,1.06532085159985,0.1916903756215533,0.0,0.0,0.0,0.08824239600817547,0.10344797961337786
1730,1,0,1,0.0708837476999881,4.0,17.344562860082192,25.566387037253413,0.13899678718389075,0.016256219588510767,14,1.2093745940562735,1.069271161622547,0.18957661174133034,0.0,0.0,0.0,0.08756840476147235,0.10200820697985798
1731,1,2,1,0.005851882363608945,4.0,17.407397415840165,25.64703030709032,0.12439268864005232,0.2491053788151442,14,1.21625157302827,1.07277374743339,0.19052963590323013,0.0,0.0,0.0,0.08762459126303056,0.10290504464019959
1732,1,0,1,0.07131361441305287,4.0,17.3598115900891,25.603619945722514,0.11287258014684004,0.2348484104270199,14,0.9853645059543974,1.076360693073262,0.15466246128801905,0.0,0.0,0.0,0.06912065095927368,0.08554181032874537
1733,1,0,1,0.07148681185510006,4.0,17.285319143917715,25.50378089609881,0.10215678756215389,0.2219618847043442,14,0.8997542926002021,1.0740857883952906,0.14161390984417146,0.0,0.0,0.0,0.06429475550811693,0.07731915433605455
1734,1,0,1,0.07091113981736172,4.0,17.34428794775002,25.571432752189043,0.0876969437840051,0.2051553319512124,14,1.1963481609229452,1.0697275010004135,0.18759837918768332,0.0,0.0,0.0,0.08675906266889283,0.10083931651879048
1735,1,0,1,0.07091547394879652,4.0,17.32886678066309,25.635037611985233,0.07565243076040896,0.18840373246256972,14,1.1210767102077366,1.0728930174984765,0.1727766750734329,0.0,0.0,0.0,0.08621823922012323,0.10050959693185618
1736,1,0,1,0.07133262211958506,4.0,17.211254891155086,25.591054093452115,0.06654089827155597,0.17416505428255427,14,0.9125022017750843,1.074097609816208,0.14010126401321052,0.0,0.0,0.0,0.06943108867873488,0.08543206908009252
1737,1,0,1,0.07135092850211901,4.0,17.050710513737876,25.542279938742624,0.05871099128971589,0.16006511883400934,14,0.8607391924884776,1.0700577246151801,0.13157905458231015,0.0,0.0,0.0,0.06954724478378901,0.08459961269126968
1738,1,0,1,0.07089944675804688,4.0,16.89081350077699,25.612320683329273,0.05096243323697321,0.1431779843836815,14,0.9749684929377788,1.0648247613120123,0.14781415501842313,0.0,0.0,0.0,0.08867910565639511,0.10132280670196708
1739,1,0,0,-0.16857778186360375,3.8314222181363964,16.55172888902709,25.540569717091227,0.04800105204794385,0.12961350772352953,14,0.6517427766147109,1.0625783546026568,0.09915514709508805,0.0,0.0,0.0,0.06893300582015534,0.08138685996091186
1740,1,0,0,-0.1686407300967586,3.662781488039638,16.225849217629538,25.51069854791494,0.04485257841155457,0.11510602258274692,14,0.6965566245791213,1.052307465152958,0.10593575266303137,0.0,0.0,0.0,0.07202174808427438,0.08704491084469572
1741,1,0,1,0.0715114219447703,3.734292909984408,15.900647029003569,25.43290575587291,0.041984362959284705,0.1017462584894855,14,0.6404187134706066,1.043413694138612,0.09736787727318776,0.0,0.0,0.0,0.06882634606331975,0.08015858455956851
1742,1,0,0,-0.16898849846512679,3.5653044115192816,15.548642742302185,25.49554191586433,0.04052751714728527,0.08510061359502763,14,0.7439706929119505,1.033338819621912,0.1086149442387438,0.0,0.0,0.0,0.09062332905488789,0.09987386936674722
1743,1,0,1,0.07167630578180162,3.6369807173010833,15.194213644542845,25.374994625323005,0.03957510129177932,0.07277816069518815,14,0.5511282281534942,1.026104616454163,0.0796492125320726,0.0,0.0,0.0,0.06511187319765646,0.07393471739903688
1744,1,0,1,0.07106371850627041,3.708044435807354,14.84550833245884,25.436421351452363,0.03870982270762466,0.056196461418925724,14,0.7269516207920015,1.014230206746646,0.10468186716250252,0.0,0.0,0.0,0.0918783327926187,0.09949019565757458
1745,1,0,1,0.071078113687131,3.7791225494944847,14.504865238960647,25.49337212755448,0.037862750073922424,0.03968498621136637,14,0.7233559247017083,1.0070482420977802,0.1041512870475695,0.0,0.0,0.0,0.09277650561987677,0.09906885124535608
1746,1,0,1,0.07108460530323271,3.8502071547977175,14.177244853946686,25.546274244254885,0.03689049324169879,0.023235202828994325,14,0.7252376658493178,0.9999559341628783,0.10453224128757412,0.0,0.0,0.0,0.09430570638287078,0.09869870029423229
1747,1,0,1,0.07179586221088485,3.922003017008602,13.857202215618315,25.34875990695513,0.035935257602246085,0.01292541861725075,14,0.47553100182691566,0.9930879774550393,0.06759011910717766,0.0,0.0,0.0,0.06426859758505747,0.07089819005510357
1748,1,0,1,0.07112853774766545,3.9931315547562676,13.541646473237066,25.200895149169366,0.035077637796434726,0.0014966353811338713,14,0.5167285528973222,0.9801490530643362,0.07371841825156941,0.0,0.0,0.0,0.09444843119265156,0.09890179969062263
1749,1,0,0,-0.16830455250592574,3.8248270022503417,13.23896754652143,24.633731456447755,0.03408146459878773,0.0,14,0.09872092112291467,0.9685635405601609,0.014956851472685242,0.0,0.0,0.0,0.06932836117266175,0.08030598211572548
1750,1,2,1,0.006799150780185898,3.831626153030528,12.942060850052984,24.573246232350204,0.033135145371160295,0.2367619343061221,14,0.5894255545082278,0.9468174750742298,0.08510630952903198,0.0,0.0,0.0,0.06751596811694165,0.07942839416326741
1751,1,0,1,0.07188333978169681,3.9035094928122245,12.65336912006488,24.49470817704958,0.032166817836070775,0.22396778111913504,14,0.5706528917713583,0.9378826770600797,0.0825748843324595,0.0,0.0,0.0,0.06467299192670696,0.07676491912192236
1752,1,0,1,0.0718263799225403,3.9753358727347647,12.374323449914417,24.43848976269355,0.031131024562427487,0.21073047266039904,14,0.5934378479213693,0.9287019324278616,0.08563861039427577,0.0,0.0,0.0,0.06967063205156998,0.07942385075241604
1753,1,0,1,0.07193801957086102,4.0,12.098795479773667,24.36135275238425,0.030191299115007786,0.19798878578181542,14,0.567655349865144,0.9203203303151992,0.08208847395602009,0.0,0.0,0.0,0.06414948099122558,0.07645012127150191
1754,1,0,1,0.07187138602817154,4.0,11.832014313473117,24.308072572492986,0.029199945762402462,0.1847605524667342,14,0.591442359612134,0.9115037058039479,0.085317520006119,0.0,0.0,0.0,0.0683818174495757,0.07936939989048707
1755,1,0,1,0.07187314786624516,4.0,11.571496818881373,24.256171625189722,0.02821986622781678,0.17152572738458874,14,0.591083730254145,0.9035021721491525,0.08528942770038682,0.0,0.0,0.0,0.06985131275482118,0.07940895049287275
1756,1,0,1,0.07142899054627512,4.0,11.313455464460183,24.325819480997357,0.02735191994862661,0.15539541545688154,14,0.707298212488225,0.8956917111017773,0.10198954924138418,0.0,0.0,0.0,0.0901729908468325,0.09678187156624316
1757,1,0,1,0.07146396833093382,4.0,11.05985691167479,24.38914291229293,0.026539757897901278,0.13937155359073514,14,0.7007067521466207,0.8909818736364387,0.10101614350123049,0.0,0.0,0.0,0.08867382206988775,0.0961431711968785
1758,1,0,1,0.0714611022633737,4.0,10.81313399362707,24.447754055382624,0.025712716099452772,0.12342443356648504,14,0.698113220641162,0.8862249955991932,0.10064497093619164,0.0,0.0,0.0,0.0896100440876732,0.09568272014550058
1759,1,0,1,0.07203585595028551,4.0,10.577084551323686,24.360442387490934,0.024760524223416847,0.1109396227154522,14,0.5581610910301679,0.8815222012252424,0.08062201636241269,0.0,0.0,0.0,0.06448636099800549,0.07490886510619715
1760,1,0,1,0.07152218937138936,4.0,10.344069083824598,24.412159030124066,0.023887978493305567,0.09517120152947876,14,0.6921393486044131,0.8734381734703655,0.0998458014965082,0.0,0.0,0.0,0.08832504635367469,0.09461052711584055
1761,1,0,0,-0.16844366886607604,3.831556331133924,10.114877740124571,24.458028834190653,0.02307102339898368,0.07950979611836605,14,0.6855841632152762,0.8689057028487167,0.09887016303260762,0.0,0.0,0.0,0.08642792925223097,0.0939684324666763
1762,1,0,1,0.07158169809542948,3.9031380292293534,9.889493312616963,24.497759101423934,0.022307481287997418,0.06396955792531554,14,0.6786685040835527,0.8643226643578805,0.09782268182422058,0.0,0.0,0.0,0.08586461279654184,0.09324142915830298
1763,1,0,1,0.07215008580969699,3.97528811503905,9.675185210223715,24.390495489632414,0.021392780442936982,0.05190719956302891,14,0.538109596166255,0.8596813103510226,0.07786235524408247,0.0,0.0,0.0,0.06008460657951452,0.07237415017371987
1764,1,0,1,0.07161724017502938,4.0,9.463125925115207,24.430974536287824,0.02056443752218459,0.036388366432970685,14,0.6800617790433039,0.8516420174964033,0.09808305630486372,0.0,0.0,0.0,0.08448974613106855,0.09311299878034933
1765,1,0,1,0.07164501749644864,4.0,9.254364564136194,24.46632197170543,0.019791748990271616,0.0209666048759498,14,0.6739385859736682,0.8473525115350757,0.09716670053360314,0.0,0.0,0.0,0.0829719340569564,0.09253056934212532
1766,1,0,1,0.07210853879762118,4.0,9.057874386616124,24.329438467012196,0.018823167418512348,0.009845817131101128,14,0.5096434811827317,0.8430171633960406,0.07253621589964762,0.0,0.0,0.0,0.0635412979890828,0.07471295287271529
1767,1,0,1,0.07226094759688653,4.0,8.863176784296506,24.071879874354213,0.01794124360335163,0.0017261633563055788,14,0.3824266263631103,0.8346828213407078,0.05400946553973762,0.0,0.0,0.0,0.05587836823180413,0.06996277079678785
1768,1,1,0,-0.23282564429759142,3.7671743557024087,8.99375254261857,23.542581738460193,0.25767382545568096,0.0,14,0.4246540388943108,0.823376416466268,0.07196148902385721,0.0,0.0,0.0,0.06160450888602374,0.07432120130948983
1769,1,2,1,0.007205631713500028,3.7743799874159087,9.112363160602793,23.467202414605204,0.24768265475502518,0.23779475836107522,14,0.8566396511562062,0.813408357026969,0.1331784740374835,0.0,0.0,0.0,0.05994702420393498,0.0732314498335485
1770,1,0,1,0.07176997750111125,3.84614996491702,9.331094469905693,23.521929033120543,0.23465866469755717,0.22248803158700656,14,1.0879470671984353,0.8144891393802001,0.16998430098922018,0.0,0.0,0.0,0.07814394034480797,0.09184036064441224
1771,1,0,0,-0.16790026144513756,3.6782497034718826,9.47537981411631,23.47061621065827,0.22367416589681208,0.20969948180384804,14,0.9142981093240046,0.8213255875756558,0.14263829150342147,0.0,0.0,0.0,0.06590699280447046,0.076731298698951
1772,1,0,1,0.07172473417594749,3.74997443764783,9.694437770947198,23.531477670096137,0.2103548384376257,0.19424384648042245,14,1.1035693168881213,0.8236499006193646,0.17264977669567222,0.0,0.0,0.0,0.07991596475511853,0.09273381194055369
1773,1,0,1,0.07169033384744049,3.8216647714952705,9.917072983646044,23.592892931233944,0.196777855760111,0.17873929373698827,14,1.114698359862733,0.8306478860260835,0.1744892125256929,0.0,0.0,0.0,0.08146189606508808,0.09302731646060483
1774,1,0,1,0.07212113829996468,3.893785909795235,10.040517971551324,23.526605256409482,0.1859913828278097,0.16627884239545962,14,0.8949064609528155,0.8377491478719998,0.13948154564298007,0.0,0.0,0.0,0.06471883759380803,0.07476270804917201
1775,1,0,1,0.07200052928644823,3.965786439081683,10.183713002960321,23.494212361777052,0.17450456385368365,0.15302233735423934,14,0.9499802174755891,0.8391780806990201,0.14845994409207788,0.0,0.0,0.0,0.06892091384475618,0.07953903024732172
1776,1,0,1,0.07201343521614137,4.0,10.31806911576727,23.456878969109564,0.16317258717266153,0.13990951777181124,14,0.9389708542578961,0.8419481341184343,0.14666877758070102,0.0,0.0,0.0,0.06799186008613253,0.0786769174945685
1777,1,0,0,-0.1679835146745647,3.8320164853254353,10.447543507764937,23.41951743252283,0.1518768755453195,0.12682341261438043,14,0.9364865575328559,0.8443737021219209,0.1462909007086373,0.0,0.0,0.0,0.06777426976405236,0.07851663094458493
1778,1,0,1,0.0720359160152377,3.9040524013406728,10.573046726845504,23.37991265146468,0.14060133527862842,0.11381878415825236,14,0.9325749615296105,0.8466765235071942,0.14568101233691477,0.0,0.0,0.0,0.06765324160014634,0.07802777073676842
1779,1,0,1,0.0715891142925992,3.975641515633272,10.792985908297162,23.464578836278257,0.12643571960506222,0.09785256751848943,14,1.1534293507229885,0.8488239844577546,0.18079099387997485,0.0,0.0,0.0,0.08499369404139735,0.0957972998385775
1780,1,0,0,-0.16804027089153944,3.8076012447417327,10.921481222627854,23.437047275839184,0.11479351097908237,0.08451953147061719,14,0.9574028725060043,0.8564391186143856,0.14985146804311247,0.0,0.0,0.0,0.069853251755879,0.07999821628723344
1781,1,0,1,0.07190336903821436,3.879504613779947,11.05312715844709,23.424172809515603,0.10296000246956921,0.07084797118738152,14,0.9777346819573288,0.8589632124616761,0.15303041275649296,0.0,0.0,0.0,0.07100105105707884,0.08202936169941409
1782,1,0,0,-0.1684614060282063,3.711043207751741,11.267587110377573,23.513966337916607,0.08858359710386744,0.054734810471871426,14,1.1661859795305543,0.8619324991990673,0.18293739648727125,0.0,0.0,0.0,0.0862584321942107,0.09667896429306055
1783,1,0,0,-0.16807227796134538,3.5429709297903953,11.387476751439245,23.488260882768138,0.07682317680055488,0.041328463096836104,14,0.9637230221205573,0.8695388362073544,0.1510006060700874,0.0,0.0,0.0,0.07056252181987542,0.08043808425021196
1784,1,0,1,0.07200218801658735,3.614973117806983,11.48453121583213,23.441337078015565,0.06566278454734793,0.028463236732906683,14,0.9220241004954958,0.8718934408551845,0.14415371170281832,0.0,0.0,0.0,0.06696235351924176,0.07719135818357653
1785,1,2,0,-0.23349771974554887,3.381475398061434,11.484243945428332,23.53692678534754,0.05690361804696836,0.2622037272680675,14,0.9684491442743725,0.8731467073461924,0.15011205579131248,0.0,0.0,0.0,0.08716587808826864,0.09755705678903513
1786,1,0,1,0.0715088328984099,3.452984230959844,11.374889322825553,23.62702137301833,0.051250096491927244,0.24602149145788688,14,0.856269233337404,0.8755292682693969,0.1310145441913307,0.0,0.0,0.0,0.08741738767516694,0.09709341486108394
1787,1,0,0,-0.16848667887411373,3.28449755208573,11.240457996413753,23.711552917533268,0.046351351483078986,0.22991431052598862,14,0.8251479854992396,0.875047767396097,0.12603555564447896,0.0,0.0,0.0,0.08806928636852746,0.0966430855913894
1788,1,0,1,0.07153323064848209,3.356030782734212,11.041229076318125,23.791552424763083,0.0433426076470941,0.21386523163016044,14,0.754570859982857,0.8738002728486757,0.11434693639087842,0.0,0.0,0.0,0.08750887847062783,0.0962944733749691
1789,1,0,1,0.07154707759055087,3.427577860324763,10.847415514460042,23.86341051939697,0.04033083185061228,0.1979637152018003,14,0.7488640703028429,0.8708195375270302,0.11347975334905167,0.0,0.0,0.0,0.08720911223955347,0.09540909857016079
1790,1,0,1,0.07153583275148684,3.4991136930762496,10.635457793239855,23.937052035247156,0.038262887053891026,0.18197487238913657,14,0.7294544454764196,0.8677706508464256,0.10834072565631003,0.0,0.0,0.0,0.08746244089530726,0.0959330568759825
1791,1,0,1,0.07156553710368409,3.570679230179934,10.397274478741709,24.001824133908592,0.03749335565575635,0.1661561213137504,14,0.6909015298754633,0.8643127457121753,0.09952969484112498,0.0,0.0,0.0,0.08659519922121887,0.09491250645231691
1792,1,2,1,0.007033000264388083,4.0,10.17315636390279,23.938880492105355,0.03649852934660012,0.4033770458683314,15,0.5729157086741076,0.8599774653162575,0.08264341052745164,0.0,0.0,0.0,0.06605237156034643,0.07667445267251427
1793,1,0,1,0.07154947011597758,4.0,9.950959249021519,24.013266954937315,0.03560597950725851,0.38732916280855917,15,0.7049902693508839,0.8528009214002039,0.10164259739468232,0.0,0.0,0.0,0.0868621861893875,0.09628729835863264
1794,1,0,1,0.0719601068449892,4.0,9.739003828537626,23.974277672490633,0.034583241708879435,0.3739537878758452,15,0.5981609521684004,0.8491056550989708,0.08638867638655828,0.0,0.0,0.0,0.0677361877124716,0.08025224959628385
1795,1,0,1,0.07160072900060988,4.0,9.526505063210324,24.040855651122044,0.03372278808704226,0.3580677804800026,15,0.6969112508298143,0.8428320375257066,0.10047876610607913,0.0,0.0,0.0,0.08513374902764967,0.09531604437505604
1796,1,0,0,-0.16836010347016944,3.8316398965298304,9.32011277486603,24.0957484825524,0.03284027869159881,0.34242015116653723,15,0.687684560944372,0.8391840178583092,0.09918083225345321,0.0,0.0,0.0,0.08359692820713219,0.09388577588079253
1797,1,0,1,0.07205167374057223,3.9036915702704027,9.122107115499517,24.040054384013498,0.03186813535812282,0.32939632790976714,15,0.5816967735300447,0.8353965314354609,0.08397579954147628,0.0,0.0,0.0,0.06475637517229572,0.07814293954062032
1798,1,0,0,-0.16832446241374907,3.7353671078566535,8.923822586867526,24.09258447177595,0.031041242323247852,0.3138018361500456,15,0.683299596618287,0.8290540374878252,0.09852830876757898,0.0,0.0,0.0,0.08205245974446437,0.09356695055832918
1799,1,0,1,0.07205210682047675,3.80741921467713,8.73558697848248,24.04457308904664,0.030072910204174446,0.30057486230042424,15,0.5891631853517324,0.8254101764660869,0.08517183581216836,0.0,0.0,0.0,0.06542090148104517,0.07936184309772791
