trial,active,action,correct,net_energy,energy,mass_a,mass_b,store_a,store_b,resets,mass_added,mass_lost,consumed,overflow,external,balance_error,demand_a,demand_b
0,1,0,1,0.07062676378617638,4.0,18.092702323593777,26.420393159874532,0.30492844723474954,0.4190936025745466,1,1.1824516368504359,1.111042149913279,0.18916347630468835,0.0,0.0,0.0,0.09087272599870466,0.09829075030598369
1,1,0,1,0.0706166433165914,4.0,18.13305218077199,26.45203972576729,0.28979491246072747,0.40263231340047634,1,1.1848238101576736,1.1128273870867078,0.1895689436885534,0.0,0.0,0.0,0.09080120864413235,0.09876773504442107
2,1,0,1,0.07060524865281109,4.0,18.17314195413042,26.489488171422884,0.27465191514597503,0.3860020345488011,1,1.192165516677506,1.114627297663482,0.19063965699856633,0.0,0.0,0.0,0.09085798388851493,0.0997816731100514
3,1,0,1,0.07084555527442467,4.0,18.153737099336556,26.477706243813444,0.2616219229808512,0.37049535326131494,1,1.0853789707355292,1.1165657531388327,0.17122004071565997,0.0,0.0,0.0,0.07817995299074286,0.09304008772491713
4,1,1,1,0.005629384010822084,4.0,18.185345279295788,26.506438220582616,0.4658897378832676,0.3540633676570959,1,1.1761262403071564,1.11578608357875,0.188025751538472,0.18495927267234336,0.0,5.551115123125783e-17,0.08943383791315782,0.09859191362531419
5,1,2,1,0.005978890559976508,4.0,18.130760669361806,26.446743809364385,0.4538813304444189,0.4855747525900656,1,1.0030155663447438,1.1172945874969602,0.15860192909269893,0.6243802059425754,0.0,0.0,0.0720504446330925,0.08655148445960643
6,1,0,1,0.07078349907756791,4.0,18.127441925543387,26.43660200740959,0.44043461958417024,0.4700387977302196,1,1.1009770661949458,1.114437611968155,0.17389599432056801,0.0,0.0,0.0,0.0806802651614922,0.09321572915907583
7,1,0,1,0.07081853337603196,4.0,18.118590514519138,26.41608064207317,0.42712397136321095,0.4547463399368221,1,1.0847283219631478,1.1141010983238246,0.1716186360861401,0.0,0.0,0.0,0.07986388932575514,0.0917547467603849
8,1,0,1,0.0707742955484648,4.0,18.11557353050518,26.41227549196903,0.4136462970114491,0.4390853465926843,1,1.1065446447967138,1.1133667789148076,0.17483200617539796,0.0,0.0,0.0,0.08086604611057097,0.09396596006482703
9,1,0,1,0.0705933620106006,4.0,18.16074836981705,26.44858143033634,0.3983357849068086,0.4225158813098231,1,1.1946770032410323,1.1131962255618553,0.19127986432501037,0.0,0.0,0.0,0.09186307262784324,0.09941679169716713
10,1,2,1,0.005578504543509833,4.0,18.205862728999314,26.490522711667218,0.3830302060283885,0.4832654528807306,1,1.202288885516982,1.115233245003835,0.19224075598613743,1.0350952878589386,0.0,0.0,0.09183347327052077,0.1004072827156167
11,1,0,0,-0.16923139417732053,3.8307686058226795,18.19849819345529,26.486018901899115,0.36963256195816446,0.46757756276958573,1,1.105541290704538,1.1174096360166634,0.17451320508821266,0.0,0.0,0.0,0.08038586442134393,0.09412734066686872
12,1,0,1,0.07059725115908784,3.9013658569817675,18.236258750720843,26.515276019119,0.35447190434208037,0.4511499278678703,1,1.1841306018692959,1.1171129273838605,0.1895297551067975,0.0,0.0,0.0,0.09096394569650486,0.09856580941029267
13,1,0,1,0.07079415494159665,3.972160011923364,18.22530450953068,26.50582113618961,0.3411550112372288,0.43556397462591673,1,1.0983792451264427,1.1187883692459961,0.1734170780808308,0.0,0.0,0.0,0.07990135862910928,0.0935157194517215
14,1,0,1,0.0705942325447241,4.0,18.262402144552055,26.538185362712518,0.32600121632024864,0.4190362604481488,1,1.1877400026872933,1.1182781411430072,0.19008905456848843,0.0,0.0,0.0,0.09092276950188091,0.09916628506660752
15,1,0,0,-0.16941413962846716,3.830585860371533,18.297783668362378,26.571883047546848,0.31086422800473384,0.4024537286513897,1,1.1890938963262665,1.1200146876816144,0.19031712067364281,0.0,0.0,0.0,0.09082192989308854,0.09949519078055427
16,1,0,1,0.07059776110479281,3.9011836214763256,18.329878950904458,26.602791026747767,0.29582303062184495,0.38591617532317685,1,1.1847449296407295,1.1217416678977308,0.18947250426661105,0.0,0.0,0.0,0.09024718429733361,0.09922531996927744
17,1,0,0,-0.16922075519627386,3.731962866280052,18.313817932557257,26.5940337855126,0.2825579277178811,0.37025172332828826,1,1.0984984898589367,1.1233167494413057,0.17357732939311485,0.0,0.0,0.0,0.07959061742378366,0.09398671196933121
18,1,0,1,0.07060153884807832,3.8025644051281304,18.342871958619615,26.62165606109506,0.26757626396544515,0.35377160355151505,1,1.1793725945965665,1.1226962929517463,0.188770701175255,0.0,0.0,0.0,0.08988998251461539,0.0988807186606396
19,1,0,1,0.07059802527228044,3.873162430400411,18.370770319414905,26.652886626901335,0.2526142658008426,0.33719197971256465,1,1.1832421270944293,1.1241132004928671,0.18924973202131767,0.0,0.0,0.0,0.08977198898761536,0.0994777430337023
20,1,0,1,0.0705856533345471,3.9437480837349583,18.400447132156117,26.683078263715046,0.23757941212700495,0.3206139258317959,1,1.1854598732128285,1.125591423657906,0.18967744532763844,0.0,0.0,0.0,0.09020912204302566,0.09946832328461279
21,1,0,1,0.07086829203623596,4.0,18.35934073676397,26.652330556275356,0.2249723183357638,0.3053988078719524,1,1.05523403206494,1.1270881348967792,0.1669332705065077,0.0,0.0,0.0,0.07564256274744695,0.09129070775906074
22,1,0,1,0.0709407852566394,4.0,18.30495380981508,26.6123769569583,0.21276935921728543,0.29043215380336,1,1.0309512560600422,1.125291782325983,0.16301767912242437,0.0,0.0,0.0,0.07321775471087022,0.08979992441155417
23,1,0,1,0.0708962808507241,4.0,18.26126339412694,26.58652258301943,0.2002597922060754,0.2751555418196748,1,1.0533884795423258,1.1229332691693346,0.16671707396937152,0.0,0.0,0.0,0.07505740206726005,0.09165967190211145
24,1,0,1,0.07059702969386275,4.0,18.293064093471777,26.62276387460419,0.18525144052390918,0.25846592974654853,1,1.1892366403582555,1.1211946494286593,0.1901877825317549,0.0,0.0,0.0,0.09005011009299743,0.10013767243875746
25,1,0,0,-0.16916235873876076,3.830837641261239,18.263949309018205,26.60889196614116,0.1724095637769193,0.24288965728326242,1,1.0799090062852987,1.1228956992018992,0.170508895261656,0.0,0.0,0.0,0.07705126048193929,0.09345763477971672
26,1,0,0,-0.16936379595295134,3.661473845308288,18.29293621781562,26.63777704352001,0.15750847222820555,0.2263662420245648,1,1.1796930180552454,1.121821031878984,0.18854704084446822,0.0,0.0,0.0,0.08940654929228238,0.09914049155218584
27,1,0,1,0.07104733794017061,3.7325211832484584,18.229325081983898,26.568535586450558,0.1456173102693948,0.21210170498123926,1,0.9904152386322187,1.1232678315333908,0.15693419401281766,0.0,0.0,0.0,0.07134697175286453,0.0855872222599531
28,1,0,1,0.0709600868711181,3.8034812701195766,18.185284082772085,26.523167148799864,0.13323409464761057,0.19730621612315816,1,1.0305370798483564,1.1199465167108613,0.1630722268791921,0.0,0.0,0.0,0.07429929373070555,0.08877293314848655
29,1,0,1,0.07066172669180783,3.8741429968113845,18.213416075084922,26.552766224478976,0.11842400558697554,0.18080628881417427,1,1.1754423487812429,1.1177112807892988,0.18786009821771354,0.0,0.0,0.0,0.08890750985045846,0.09899956385390346
30,1,0,1,0.07065233172243537,3.9447953285338198,18.13478328038841,26.581246234419787,0.10655079839870918,0.16430853259296238,1,1.0690017727333938,1.1191545574890975,0.1702257804568695,0.0,0.0,0.0,0.088967351973851,0.09898653732727122
31,1,0,1,0.07065269691374848,4.0,18.05697537377953,26.609725109422115,0.09472396266277651,0.14779840279227274,1,1.068571706263656,1.117900737870205,0.17002179321973376,0.0,0.0,0.0,0.08932444316307117,0.09906077880413781
32,1,0,1,0.07098186541449912,4.0,17.924375016883566,26.571766768902084,0.08490373390175421,0.13279244582491012,1,0.9461088146640471,1.1166675120800411,0.1489571143703097,0.0,0.0,0.0,0.07433358834673529,0.09003574180417588
33,1,0,1,0.07069323982400384,4.0,17.850445889556305,26.593819273943076,0.07311670236034493,0.11644743225508758,1,1.060526922358372,1.1124035446446412,0.16879227066739091,0.0,0.0,0.0,0.09003119195042321,0.09807008141893525
34,1,0,1,0.07102580141043784,4.0,17.712596145923154,26.556437754257928,0.06362126546068066,0.10145022529045122,1,0.9358753657691896,1.1111066290874845,0.1469558631858036,0.0,0.0,0.0,0.07326631019555445,0.089983241787818
35,1,0,1,0.07069375975791825,4.0,17.51208879461709,26.577957083344995,0.05626222032508951,0.08511258021939827,1,0.9277378252855278,1.1067258475045274,0.14218014123986472,0.0,0.0,0.0,0.09130765910821598,0.09802587042631784
36,1,0,1,0.07073496519020842,4.0,17.28129710458959,26.592275050676456,0.05018187469492144,0.06893406878632437,1,0.8857774242530096,1.1022511469490521,0.13355314237945168,0.0,0.0,0.0,0.0910178363437282,0.0970710685984433
37,1,0,1,0.07103606891342155,4.0,16.957459460293933,26.554355477857264,0.04686396862591389,0.05394125537947849,1,0.735082086766802,1.096839303881651,0.10986431685512055,0.0,0.0,0.0,0.07617378236885348,0.08995688044107526
38,1,2,1,0.0057692386972803536,4.0,16.559636812923,26.56771566869459,0.045786891430943416,0.28780328978063524,1,0.7033329169201746,1.08779537345378,0.10329025676288263,0.0,0.0,0.0,0.09320782592587534,0.09682779359305975
39,1,0,1,0.07090229235163835,4.0,16.167398435027103,26.570895529565558,0.04488053549647774,0.27191769242357455,1,0.6891252950155127,1.07818381204044,0.10075171974915792,0.0,0.0,0.0,0.08372209395765216,0.09531358414236385
40,1,0,1,0.07094311225745911,4.0,15.785029553037287,26.566824038823302,0.04397153220956679,0.25619388275443633,1,0.6820169763827444,1.0684573491148166,0.09979687773629518,0.0,0.0,0.0,0.08445380933602305,0.09434285801482949
41,1,0,1,0.07096576603443011,4.0,15.410016107795489,26.561120426600684,0.04315435331022788,0.24050528383446776,1,0.6780792823320994,1.0587963397965148,0.09903466691584512,0.0,0.0,0.0,0.0847465476564378,0.09413159351981165
42,1,0,1,0.07097302980206033,4.0,15.048134675311696,26.519344774639677,0.04218064621809895,0.22568908948252886,1,0.6456213289151017,1.0492784133599045,0.09473940866440671,0.0,0.0,0.0,0.09345148922873411,0.08889716611163315
43,1,0,1,0.07097756643225067,4.0,14.694422176381337,26.487803250541738,0.04124352672008091,0.21064386050238793,1,0.653932963220486,1.0391869862487844,0.09589409086895409,0.0,0.0,0.0,0.09463295472091528,0.09027137388084583
44,1,0,1,0.07107501143552213,4.0,14.35031920650651,26.43088176959407,0.040274460697801516,0.1962396174349803,1,0.6285311848505816,1.0295556356730768,0.09223985453812193,0.0,0.0,0.0,0.09274668706210082,0.08642545840444556
45,1,1,1,0.0060694510490372205,4.0,14.50621503207778,26.38860296552695,0.2746136897008059,0.1815026249168703,1,1.1331470459066657,1.0195300244025145,0.18238658109063338,0.0,0.0,0.0,0.09396462598197362,0.08842195510865981
46,1,0,0,-0.16877421408268856,3.8312257859173116,14.594965365657034,26.32528663169251,0.2612220000938414,0.1672409911371109,1,1.0478044496849326,1.0223704499401183,0.16591994032034374,0.0,0.0,0.0,0.08035013764178736,0.08556980267855638
47,1,0,1,0.07094024578168698,3.9021660316989983,14.764332841606821,26.324301132084607,0.24496861336066655,0.15158651448997537,1,1.1913882762756183,1.0230062999337388,0.19144718028186236,0.0,0.0,0.0,0.097520320399049,0.09392685988281335
48,1,2,0,-0.23408397620128465,3.6680820554977136,14.927266852197555,26.329104127137285,0.22878973676457445,0.38578708287698554,1,1.1949528549857003,1.0272158493422858,0.19186984925449135,0.0,0.0,0.0,0.09707325957655247,0.09479658967793893
49,1,0,1,0.07093774068622044,3.739019796183934,15.080946665748247,26.31100584799764,0.212705557755015,0.3705697053200756,1,1.166990808894422,1.031409274483371,0.18780933939881633,0.0,0.0,0.0,0.09650507405735642,0.09130426534145994
50,1,0,1,0.0709958833353242,3.8100156795192586,15.185904226086713,26.30940115060743,0.19834995153953547,0.35493476396504947,1,1.1381516757919032,1.0347988128436474,0.17994328542303414,0.0,0.0,0.0,0.08613363729287746,0.09380964813015666
51,1,0,1,0.07088903899535652,3.880904718514615,15.336297189724716,26.309952320918825,0.18217883716101269,0.33926665587333765,1,1.188326768366747,1.0373826344173538,0.19103533482140764,0.0,0.0,0.0,0.09702668627113677,0.0940086485502709
52,1,0,1,0.070907431831392,3.951812150346007,15.473961224266262,26.30465998374874,0.16628375692465147,0.32375290379748883,1,1.1735279351375494,1.0411562377660886,0.18845299387326034,0.0,0.0,0.0,0.09537048141816727,0.09308251245509305
53,1,0,1,0.07104538803745875,4.0,15.550917361950429,26.290525776748407,0.1524475182553567,0.30842270718850373,1,1.1072874608842111,1.044465530200375,0.1749986116696788,0.0,0.0,0.0,0.08301743201576858,0.09198117965391023
54,1,0,1,0.07097493153774002,4.0,15.637361387680246,26.295590561093704,0.1382526167077002,0.2926370544043627,1,1.137544888542583,1.046036078467471,0.17988332599078533,0.0,0.0,0.0,0.08516940928593902,0.09471391670484627
55,1,0,1,0.07087800957826385,4.0,15.767613915110083,26.300865403034305,0.12232623834905941,0.27686232174154507,1,1.1838511680897894,1.0483237987193488,0.1902066661287504,0.0,0.0,0.0,0.09555827015184479,0.09464839597690562
56,1,0,1,0.07101830742253427,4.0,15.836377584520138,26.292843081797614,0.10849575564710355,0.2613749784197738,1,1.112453331126972,1.0517119829536097,0.17590695614236304,0.0,0.0,0.0,0.08298289621173513,0.09292405993062791
57,1,0,1,0.0709193331360337,4.0,15.936004654361065,26.279145609475954,0.09330904163518834,0.24604943329163786,1,1.1391601141772112,1.0532305166579439,0.18307355484030652,0.0,0.0,0.0,0.09293978727625489,0.09195327076881538
58,1,0,1,0.07101946227200177,4.0,15.900672865355673,26.272675193448638,0.082238742902106,0.23054107090960593,1,1.0135765515632191,1.0553787565959256,0.15947196669068572,0.0,0.0,0.0,0.08306087657848257,0.09305017429219173
59,1,0,1,0.07090557419166071,4.0,15.823179600771764,26.2745526421536,0.07179021405149598,0.21485216359883577,1,0.9787178855911612,1.054333701470108,0.1568246169682811,0.0,0.0,0.0,0.09359636773862046,0.0941334438646209
60,1,0,1,0.07088075945342939,4.0,15.599621145716455,26.283606794540542,0.0666865299248652,0.19898997194725743,1,0.8379390034047638,1.0524433060731342,0.1257952546692547,0.0,0.0,0.0,0.09455934115556132,0.09517314990947004
61,1,0,1,0.0710571616376547,4.0,15.230649388426336,26.269589380286767,0.06581074778516553,0.18364653396362476,1,0.664091526962528,1.047080698506425,0.0973153207399938,0.0,0.0,0.0,0.08283749734445636,0.09206062790179578
62,1,0,1,0.07107404279169369,4.0,14.870025123012175,26.260478558102527,0.06497149906447809,0.1682035782951747,1,0.6677708816194293,1.0375059692178277,0.09769322633482534,0.0,0.0,0.0,0.08360342312158699,0.09265773401070067
63,1,1,0,-0.23403494717157583,3.7659650528284243,15.022105766747552,26.25610954195729,0.2757158778502456,0.15266086453958025,1,1.1759742196180119,1.0282625920278674,0.18896101543209304,0.13982899438686847,0.0,0.0,0.09570473289852643,0.09325628253356662
64,1,2,1,0.005903317146589312,3.7718683699750137,15.177430273213048,26.263279196736377,0.25957481188605214,0.38683860763986705,1,1.1944495439622054,1.031955382717621,0.19177993718343986,0.0,0.0,0.0,0.09684639578516067,0.09493354139827918
65,1,0,1,0.07099341697406861,3.8428617869490824,15.281362318272532,26.25889021977591,0.24520145783000347,0.3712902919523824,1,1.1355608048477506,1.0360177367487355,0.17953001846119987,0.0,0.0,0.0,0.08624012433629198,0.09328989412490789
66,1,0,1,0.07085423518860356,3.913716022137686,15.434199063846826,26.27164861182065,0.2289071709570034,0.3553599105470031,1,1.204101451070245,1.0385063134512111,0.1933480096702767,0.0,0.0,0.0,0.09776572123800076,0.09558228843227598
67,1,0,1,0.07096285848524567,3.9846788806229316,15.530318716053522,26.27440000135804,0.21454273884252373,0.3396437759862862,1,1.1415172336357704,1.042646191891687,0.1804834000511794,0.0,0.0,0.0,0.08618659268687782,0.09429680736430159
68,1,0,1,0.07093049764407107,4.0,15.625951425708998,26.28666792480692,0.200133667301864,0.3236835478673344,1,1.1530186010396468,1.045117967935289,0.18221579795766873,0.0,0.0,0.0,0.0864544292439585,0.09576136871371023
69,1,0,1,0.07094024694437331,4.0,15.716405914133802,26.29739377167662,0.1857973136003482,0.3077540602865005,1,1.1489958190574023,1.0478154837628981,0.18159504769409818,0.0,0.0,0.0,0.0860181222090947,0.09557692548500349
70,1,0,1,0.07085634049137057,4.0,15.845270131017738,26.305201370063358,0.1698549871838114,0.2919238461000027,1,1.1870168074159348,1.0503449921452606,0.19063524361820744,0.0,0.0,0.0,0.09565395849922073,0.09498128511898665
71,1,0,1,0.0708463978697233,4.0,15.96979471588488,26.316287673524776,0.15395162800888343,0.27599530627731,1,1.1893726758555843,1.0537617875270273,0.19099139398572412,0.0,0.0,0.0,0.0954201550495678,0.09557123893615632
72,1,0,1,0.07084770848985046,4.0,16.08693987287557,26.32568715182216,0.13816272843690966,0.2601048098529251,1,1.1836966950233132,1.0571520597352415,0.1900763759781519,0.0,0.0,0.0,0.0947333974318427,0.09534297854630923
73,1,0,1,0.07084433014289757,4.0,16.198746857797367,26.331628562072495,0.12244367100854336,0.2442816338665219,1,1.1780640707895755,1.0603156756174432,0.18925340048861702,0.0,0.0,0.0,0.09431434457019765,0.0949390559184194
74,1,0,1,0.07084343446721615,4.0,16.305435768827827,26.340577372618206,0.10680435524706045,0.22838285370884168,1,1.17889710707292,1.0632593854967465,0.189228575514979,0.0,0.0,0.0,0.09383589456889753,0.09539268094608147
75,1,0,0,-0.1691991153121617,3.8308008846878385,16.37737253294145,26.361034058586952,0.09206188669254105,0.2122068338951187,1,1.158543778618522,1.0661503285361509,0.18551093020945397,0.0,0.0,0.0,0.09451674341385619,0.09705611888233762
76,1,0,0,-0.16913260553788315,3.6616682791499553,16.348126849519453,26.357873338430885,0.08010471363264,0.19658362892475592,1,1.0360537612101477,1.0684601647882102,0.1654822681815831,0.0,0.0,0.0,0.09183818256522493,0.09373922982217679
77,1,1,1,0.006018051670040018,3.667686330819995,16.394583656026004,26.34458351304055,0.2882222738320623,0.18117966713962078,1,1.100816985814972,1.0676500046987587,0.1740892668259869,0.16962914268829044,0.0,0.0,0.08166549611517597,0.09242377071081097
78,1,1,1,0.005781037927427433,3.6734673687474224,16.50317625957394,26.36482949617827,0.4782611060368964,0.1649972497471439,1,1.1973177659123209,1.068479179226664,0.19200499347714964,0.2648565176487069,0.0,0.0,0.09491048912228836,0.09709450435486125
79,1,2,1,0.005743503758648688,3.6792108725060713,16.61097625882202,26.380417820852458,0.46238204189664894,0.3989090420125732,1,1.1950884678160758,1.0717001438938052,0.19180363124890915,0.0,0.0,0.0,0.09527438484148508,0.09652924640742402
80,1,0,1,0.0706831919411597,3.749894064447231,16.728968088844987,26.40724463026334,0.44610194497863626,0.38257047023807456,1,1.2196034914257043,1.0747848519918621,0.19571201215506767,0.0,0.0,0.0,0.09768058150807568,0.09803143064699198
81,1,0,1,0.07102990218249078,3.8209239666297217,16.756396139972512,26.349042305032235,0.43277738006551997,0.368168534679562,1,1.0476310438741367,1.0784053179777082,0.16635900282977337,0.0,0.0,0.0,0.07994738947869802,0.08641161335107535
82,1,0,1,0.07105488306174823,3.89197884969147,16.770379040941222,26.29122790868486,0.41979773991326647,0.3538037381942263,1,1.0338044657464516,1.077635961125119,0.1640666198255349,0.0,0.0,0.0,0.07787784091352036,0.08618877891201453
83,1,0,0,-0.16931735542769202,3.722661494263778,16.877223670406565,26.32784966926048,0.40372864322932916,0.33728198179810676,1,1.2200065637816115,1.0765401737406524,0.19554511848034067,0.0,0.0,0.0,0.09641458010362383,0.09913053837671684
84,1,0,1,0.07105902907675515,3.793720523340533,16.887584996006872,26.268646922391746,0.39079264475913916,0.3229345465477344,1,1.0312854122232458,1.0801268334916763,0.16370060232337497,0.0,0.0,0.0,0.07761599082114068,0.08608461150223425
85,1,0,1,0.07106453223383379,3.864785055574367,16.89332927542464,26.215928027429385,0.37797980393733144,0.30850402071015315,1,1.0319311824153787,1.0789057979599654,0.16346019995633349,0.0,0.0,0.0,0.07687704493084604,0.08658315502548743
86,1,0,1,0.07070712668675641,3.935492182261123,16.98784835584777,26.253967715821513,0.36217382949990173,0.29199179638031386,1,1.210290201386607,1.0777314325713507,0.19390919260361367,0.0,0.0,0.0,0.09483584662457807,0.09907334597903565
87,1,0,1,0.07104008564821242,4.0,16.990916631801134,26.212742456811597,0.34936640271155533,0.2772871901198359,1,1.0428884187351812,1.0810454017917321,0.16507219829294617,0.0,0.0,0.0,0.07684456073007839,0.08822763756286778
88,1,0,1,0.07070509691308786,4.0,17.078518911727095,26.24970259531866,0.33368028028807967,0.2608008306070092,1,1.2046538956483408,1.0800914772153183,0.19303489161781423,0.0,0.0,0.0,0.09411673454085398,0.09891815707696026
89,1,0,0,-0.16931346500313926,3.8306865349968606,17.16441872936545,26.290090071053932,0.31797647430057246,0.24421172626946985,1,1.2094928310497721,1.083205537676144,0.19375746195027946,0.0,0.0,0.0,0.09422283592504324,0.09953462602523622
90,1,0,1,0.07114631661627852,3.9018328516131393,17.136488791255573,26.221278020812147,0.30591651256120417,0.23014834067998438,1,0.989620731658823,1.0863627200104848,0.1567400839731226,0.0,0.0,0.0,0.07235977043620984,0.08438031353691276
91,1,0,1,0.0707153635822519,3.972548215195391,17.21474085067119,26.254356969289578,0.290393490365268,0.21374059384935018,1,1.195275178194739,1.083944170301693,0.19158461415942277,0.0,0.0,0.0,0.0931381331756173,0.09844648098380543
92,1,0,1,0.07111463549628633,4.0,17.190525352906903,26.200063578903674,0.27816981133357926,0.199346500002205,1,1.0082185573488265,1.0867274454990192,0.15970663727300355,0.0,0.0,0.0,0.07334207419013251,0.08636456308287105
93,1,1,1,0.005717391126090227,4.0,17.264212830999227,26.237408551958506,0.477191424292803,0.18285817262071516,1,1.195797174442425,1.0847647232952644,0.19147015514052626,0.21333013139307022,0.0,0.0,0.0925401908515874,0.09892996428893888
94,1,0,0,-0.16876945637143853,3.8312305436285614,17.213269644826067,26.135465293467675,0.465756804922182,0.16964398219603305,1,0.9346540899099486,1.0875405345739435,0.14789285877181851,0.0,0.0,0.0,0.06860771622372576,0.07928514254809277
95,1,0,1,0.07069870186964877,3.90192924549821,17.287631305306125,26.170977054665876,0.45028921719961795,0.15324147579292816,1,1.193591795135603,1.0837183734573435,0.19122056475401344,0.0,0.0,0.0,0.09280552633538404,0.09841503841862939
96,1,2,1,0.006286491199004259,3.9082157366972146,17.22849825025538,26.057826526036767,0.439083734896677,0.3903485414141703,1,0.9141816253194507,1.0864652089993,0.14459050009019292,0.0,0.0,0.0,0.06723289381764576,0.07735760627254713
97,1,0,0,-0.16933838788030478,3.7388773488169096,17.31463766645549,26.10933133784106,0.4232781493297295,0.3736166540275836,1,1.219802347411702,1.0821581194073038,0.19522483772120514,0.0,0.0,0.0,0.09483351340168497,0.10039132431952019
98,1,0,1,0.07065585239737388,3.8095332012142835,17.39380490529013,26.158198255774558,0.40761228240184727,0.3569158056517215,1,1.2136333818755558,1.0855992251074138,0.19420029182246587,0.0,0.0,0.0,0.09399520156729338,0.1002050902551725
99,1,0,1,0.07065100084563503,3.8801842020599184,17.471235223086744,26.205464323199806,0.39193928486192225,0.34021501032765816,1,1.213496464248479,1.0888000790266172,0.19424275718393047,0.0,0.0,0.0,0.09403798523955019,0.1002047719443803
100,1,1,1,0.005643661346192242,3.8858278634061105,17.54391750651028,26.250482470804474,0.48439648542870534,0.32354060759678177,1,1.2096179196853656,1.0919174886571636,0.19366750381302583,0.8516357091715336,0.0,5.551115123125783e-17,0.09362108742776801,0.10004641638525782
101,1,0,1,0.07062629914834961,3.95645416255446,17.614325634114167,26.292301538165333,0.4688184233440151,0.3069000839781823,1,1.2070871943976154,1.094859999432869,0.19331151421973855,0.0,0.0,0.0,0.09346837250814174,0.09984314171159679
102,1,0,1,0.07107447102269233,4.0,17.573749584766706,26.228295719074836,0.456816165457741,0.2927200269016591,1,0.9930838108690292,1.0976656793069874,0.15709388977678346,0.0,0.0,0.0,0.07201354731764409,0.08508034245913937
103,1,0,1,0.0710500009780308,4.0,17.541186217482366,26.173716059740716,0.4445990825471433,0.2783416877910258,1,1.0079081059775772,1.0950511325960386,0.1595725321273866,0.0,0.0,0.0,0.07330249746358669,0.08627003466379989
104,1,0,1,0.07064018819904565,4.0,17.608694414916368,26.21964921994651,0.42909554743550254,0.26165380947994105,1,1.2063139145703774,1.092872556930577,0.19314848053635253,0.0,0.0,0.0,0.09302121066984405,0.1001272698665085
105,1,0,1,0.07063000831441722,4.0,17.674069196012603,26.26512961905059,0.4136182277928642,0.24494873850888196,1,1.2065637710718882,1.0957085908715722,0.19309434368218453,0.0,0.0,0.0,0.09286391785582995,0.10023042582635458
106,1,0,1,0.07108336863151643,4.0,17.630627872404105,26.196602160585286,0.40170123401327623,0.23089873772950184,1,0.9865111883027693,1.0984799703765802,0.15580196735380877,0.0,0.0,0.0,0.07150196267752786,0.08430000467628088
107,1,0,1,0.07111978061863121,4.0,17.58644751809051,26.126293833354886,0.3898481392549173,0.21695064980088355,1,0.9811920692807394,1.0956807508247348,0.1548070961218634,0.0,0.0,0.0,0.07111856855015372,0.08368852757170968
108,1,0,1,0.07114242288202022,4.0,17.53446471957057,26.05679944960524,0.37819174882955614,0.20303883636758527,1,0.9713413515165514,1.092818533786135,0.15340922315195613,0.0,0.0,0.0,0.06993834255216655,0.08347088059978956
109,1,2,1,0.005690202280657551,4.0,17.594630947329666,26.10282654396766,0.36290139855392983,0.4364236358957127,1,1.1959749263509083,1.0897816042293953,0.191433304484994,0.0,0.0,0.0,0.09174210165375818,0.09969120283123578
110,1,0,1,0.07087975467576947,4.0,17.598681959503452,26.104611251607185,0.34963136971254355,0.420830888212703,1,1.0982721570957463,1.0924364372824331,0.17317665914637556,0.0,0.0,0.0,0.0796201730483178,0.09355648609805776
111,1,0,0,-0.16935670632513936,3.8306432936748607,17.66465522391062,26.154556402030657,0.3340883586057936,0.40412695120902237,1,1.2085007451084104,1.0925823302777657,0.19348168866258356,0.0,0.0,0.0,0.09325806664049956,0.10022362202208399
112,1,0,1,0.07086227181037964,3.90150556548524,17.67199891640162,26.161139899567278,0.320692076999284,0.3883945951574297,1,1.1094074806761496,1.0954802906485321,0.17477182594861418,0.0,0.0,0.0,0.08037768963905795,0.09439413630955623
113,1,0,1,0.0706510600573841,3.9721566255426244,17.730729820068916,26.206443259055977,0.30533302471954105,0.3717535478914343,1,1.1998627335552179,1.0958284703992225,0.19200059727442997,0.0,0.0,0.0,0.09215431367845764,0.09984628359597233
114,1,0,1,0.07084867999324386,4.0,17.732874698308,26.21535547899219,0.29200748311087854,0.35592134553069155,1,1.1094864251534131,1.0984293269781222,0.1749464638164315,0.0,0.0,0.0,0.07995324965197514,0.0949932141644564
115,1,2,1,0.005642948152020821,4.0,17.789105660051707,26.26205304726148,0.2766673323164404,0.48328741706939554,1,1.2016342844455101,1.0987057544325047,0.19231640235025482,0.6355280731841493,0.0,5.551115123125783e-17,0.09204090476662855,0.10027549758362628
116,1,0,0,-0.1692021589591554,3.8307978410408445,17.79744922609576,26.282018149576714,0.2631248536366451,0.46718766129621353,1,1.1295876360421153,1.1012789676828298,0.17785340671786448,0.0,0.0,0.0,0.08125487207877177,0.09659853463909271
117,1,0,0,-0.16920882151657912,3.6615890195242655,17.804966960411853,26.304203208123788,0.24957122610165408,0.45101357374098927,1,1.1316894772549793,1.1019866843918118,0.17836629054129127,0.0,0.0,0.0,0.08132176520994637,0.0970445253313449
118,1,0,1,0.07066975285914671,3.732258772383412,17.85304225641361,26.33692255998277,0.23441135173300284,0.4345993921918554,1,1.183523902074128,1.1027292542133913,0.1894443355067108,0.0,0.0,0.0,0.09095924621190736,0.09848508929480347
119,1,0,1,0.07067062372792393,3.802929396111336,17.898070028770416,26.364216301381397,0.21929946167949907,0.41829309868653114,1,1.1770706341653407,1.1047491204099096,0.18850910135296797,0.0,0.0,0.0,0.09067134032102267,0.0978377610319453
120,1,0,1,0.07084263874483825,3.873772034856174,17.89227051893714,26.37244768513169,0.2060695837877633,0.4023939641887797,1,1.108989032170812,1.1065571582537954,0.1747740743369237,0.0,0.0,0.0,0.0793792673504144,0.09539480698650932
121,1,0,1,0.0706758657539809,3.944447900610155,17.93522666054703,26.39399029695372,0.19099214476763662,0.3862058961062342,1,1.1711167085336445,1.1066179551017208,0.18759304261603316,0.0,0.0,0.0,0.09046463412076018,0.09712840849527299
122,1,0,1,0.0706735845988033,4.0,17.977075459457417,26.419300799848358,0.17592047402870178,0.36991728517981265,1,1.1753897257425399,1.108230423937519,0.1881616899921381,0.0,0.0,0.0,0.09043002443360897,0.09773166555852912
123,1,0,1,0.07081581527400937,4.0,17.969163227853407,26.43200143665861,0.16268404393193667,0.353879028978648,1,1.1146978116888846,1.1099094064826445,0.17564811778757833,0.0,0.0,0.0,0.07941858058059059,0.09622953720698776
124,1,1,0,-0.23418996116482135,3.7658100388351787,17.96280843653977,26.446728738969373,0.3833947313293524,0.33777605875465205,1,1.1184016276099307,1.1100291166128005,0.1763332936033023,0.09602040335617912,0.0,0.0,0.07971547225932628,0.09661782134397603
125,1,0,1,0.07105206033510401,3.8368620991702826,17.90832448344461,26.37948489819245,0.3715199715027451,0.3235983239677716,1,0.988510635515649,1.1102384293877288,0.1563149676809262,0.0,0.0,0.0,0.07124855895964384,0.08506640872128235
126,1,0,1,0.0709951625276927,3.907857261697975,17.869112589460393,26.332049681855704,0.3591957700105765,0.3089550668146317,1,1.0205481242199632,1.1071952345409266,0.16180475187185195,0.0,0.0,0.0,0.07394520895301224,0.08785954291883973
127,1,0,1,0.07104237738509313,3.9788996390830684,17.823404344110916,26.27567205976699,0.34711059053691734,0.29453899218974755,1,1.002943189344709,1.1050290567829024,0.15900752459125914,0.0,0.0,0.0,0.07251107684195462,0.08649644774930454
128,1,0,1,0.07092907830173949,4.0,17.806393343875726,26.252244497817976,0.3342635472394629,0.2794006222137527,2,1.062038347912745,1.1024769100969478,0.16791247964069547,0.0,0.0,0.0,0.07708225978472674,0.09083021985596876
129,1,0,1,0.07105332030620412,4.0,17.762129713259746,26.19952279238702,0.3222030228793796,0.2649715138077217,2,1.0044806099954062,1.1014659460423428,0.158937796596686,0.0,0.0,0.0,0.07236314616049978,0.08657465043618622
130,1,0,0,-0.16934304561798222,3.8306569543820177,17.81323161342542,26.248906734582324,0.30700081225925524,0.24819908427340442,2,1.1995271550021402,1.099041312641169,0.19184784092664975,0.0,0.0,0.0,0.09121326372074581,0.10063457720590394
131,1,0,1,0.07066685174293372,3.9013238061249513,17.859435419129397,26.291313062960633,0.2918844949005206,0.23156231218082787,2,1.1901635927824872,1.1015534587001936,0.1905185367078673,0.0,0.0,0.0,0.09069790415240805,0.09982063255545924
132,1,0,1,0.0706721426934696,3.971995948818421,17.90168853718189,26.33007117346868,0.27687732620568767,0.21498707684598953,2,1.184779940612792,1.103768712052251,0.18949442417802773,0.0,0.0,0.0,0.09004301216899772,0.09945141200902999
133,1,0,1,0.07110140964330544,4.0,17.84403098528513,26.263780005827492,0.26509784056361857,0.20082666431447396,2,0.9818452732283133,1.1057939927662646,0.15563938904150781,0.0,0.0,0.0,0.07067691385241427,0.08496247518909356
134,1,0,1,0.07108975664096012,4.0,17.792504701479004,26.204415194923826,0.25323060715636725,0.18653385337710995,2,0.991804180068018,1.1026952747778156,0.15696026606769214,0.0,0.0,0.0,0.07120340044350823,0.08575686562418396
135,1,0,1,0.07105622129746723,4.0,17.74808714724378,26.162440115895002,0.24117208187141506,0.17184839931202345,2,1.013530364146027,1.0999229974100708,0.1604638761002319,0.0,0.0,0.0,0.07235115170971293,0.08811272439051897
136,1,0,1,0.07070295707577898,4.0,17.79216704483659,26.206270635910293,0.22619181782432976,0.15522785591095173,2,1.1856735991865683,1.0977631815784696,0.18960484468894231,0.0,0.0,0.0,0.089881584282512,0.09972326040643031
137,1,1,1,0.005688115753315107,4.0,17.836222437795158,26.249441991109205,0.4326663638180696,0.13858130501076618,2,1.1871876901761553,1.099960942018672,0.18990175795193256,0.17113027148674154,0.0,0.0,0.09002245255081923,0.09987930540111334
138,1,0,1,0.07067439875740754,4.0,17.877929449773312,26.282292973969323,0.41765366851762736,0.12216794874456537,2,1.1766996055608767,1.1021416107226092,0.18855630939985846,0.0,0.0,0.0,0.09007617180265352,0.09848013759720492
139,1,2,0,-0.2337272097213341,3.766272790278666,17.793780141066957,26.149698272177787,0.4067286643545338,0.3596998419948485,2,0.8872615500956764,1.1040055605935657,0.14035866547686254,0.0,0.0,0.0,0.06555002497856127,0.07480864049830124
140,1,0,0,-0.16937025098286726,3.5969025392957987,17.85143859984039,26.200774197919845,0.3913064205130163,0.3429225010865727,2,1.2073213448466114,1.0985869603311185,0.19319750849875997,0.0,0.0,0.0,0.09253346304910526,0.10066404544965471
141,1,0,1,0.07062907243441748,3.667531611730216,17.90542214597145,26.24997261481439,0.3759555304909239,0.3261612579738851,2,1.204487282969611,1.101305319944006,0.19267279880867966,0.0,0.0,0.0,0.092105340132554,0.10056745867612565
142,1,0,1,0.07063299599160042,3.7381646077218167,17.953703249334364,26.293612824950287,0.36075095964217047,0.3094890518024944,2,1.1958061825184578,1.103884869019646,0.19126066212086498,0.0,0.0,0.0,0.09122742509252069,0.10003323702834427
143,1,0,1,0.0706104305624232,3.80877503828424,18.004386445503787,26.339284474281406,0.34539844966880234,0.2927455484874544,2,1.2025377473576553,1.1061829018571163,0.19257607973044857,0.0,0.0,0.0,0.0921150598402087,0.1004610198902399
144,1,0,1,0.0706468866085492,3.8794219248927893,18.044633407531887,26.37665898406373,0.3303416062204936,0.27618654486033095,2,1.1862132448050513,1.1085917729946297,0.18969508245259337,0.0,0.0,0.0,0.09034106068985258,0.0993540217627408
145,1,0,1,0.07063206745635354,3.950053992349143,18.084729223325276,26.416180102909376,0.31525783422280546,0.2595446719220554,2,1.1901492444289326,1.1105323097898903,0.19035386961578243,0.0,0.0,0.0,0.09050263198612911,0.0998512376296533
146,1,0,1,0.07062358391121361,4.0,18.123397771051774,26.456495463891194,0.30019801211161795,0.24285753195912096,2,1.1915066418641775,1.1125227331558665,0.19048177244473116,0.0,0.0,0.0,0.09035893266712457,0.10012283977760657
147,1,0,1,0.07061193330635429,4.0,18.161261118949195,26.492632799185714,0.28511897215934223,0.2262424037086084,2,1.1884980140655135,1.1144973308735744,0.19016500921672966,0.0,0.0,0.0,0.09047423971365436,0.09969076950307526
148,1,0,1,0.07061431527970362,4.0,18.195518185643287,26.5308767293834,0.2701259307914776,0.20955556378195098,2,1.1888483448451561,1.1163473479533725,0.19007928776713245,0.0,0.0,0.0,0.08995824820718797,0.10012103955994449
149,1,0,0,-0.1693737301522401,3.83062626984776,18.225862900059216,26.56285328299193,0.25524110265640565,0.19299827496105423,2,1.1804811409001235,1.1181598728756672,0.1886527017358124,0.0,0.0,0.0,0.08930896881043167,0.0993437329253807
150,1,0,1,0.07064441008933568,3.9012706799370953,18.251332131800403,26.587533462086043,0.2404839210812585,0.17658394560120114,2,1.1698673154115795,1.1197179045762788,0.18702906561000157,0.0,0.0,0.0,0.08854308945088296,0.09848597615911862
151,1,0,1,0.07101564410532012,3.9722863240424156,18.18843685643029,26.52185477708796,0.2286796732653842,0.16224739936288965,2,0.9923976794789654,1.1209716398471614,0.156844764325115,0.0,0.0,0.0,0.07082548689524605,0.08601927742986896
152,1,2,1,0.006038320380186338,3.9783246444226017,18.124183776419788,26.453789680815294,0.2169173896804871,0.39802298035616873,2,0.9854391145547856,1.1177572908379563,0.15592021554970767,0.0,0.0,0.0,0.07057370150938233,0.08534651404032535
153,1,0,1,0.07078773166083523,4.0,18.11501057994775,26.46657890023395,0.20364798591820013,0.3819639620025325,2,1.1180653593775005,1.114449336430877,0.1759705326955387,0.0,0.0,0.0,0.07961642257372151,0.0963541101218172
154,1,0,1,0.07081097800839076,4.0,18.1019309897891,26.472531929388037,0.19050051658173775,0.3660579004774604,2,1.1074131759999788,1.1145397370045425,0.17432118516920764,0.0,0.0,0.0,0.07888481601877456,0.09543636915043306
155,1,0,1,0.07084507028838763,4.0,18.083045632475446,26.474811705797933,0.17752030895853443,0.35024945283950365,2,1.0977559920756708,1.1143615729794285,0.17273193156696018,0.0,0.0,0.0,0.07788124573922013,0.09485068582774007
156,1,0,1,0.07064966196366695,4.0,18.12020738630401,26.50441665319835,0.1624937699083077,0.3337978238128752,2,1.1807131346858155,1.1139464334568348,0.18886900846113125,0.0,0.0,0.0,0.09015923430136033,0.09870977415977089
157,1,0,1,0.07080198509001101,4.0,18.106950693743627,26.51418883185847,0.1493207754494886,0.31777363230842054,2,1.1121310870872962,1.1156156009875593,0.17518311577964238,0.0,0.0,0.0,0.07903796675291427,0.0961451490267281
158,1,0,1,0.07065731460099567,4.0,18.141204120553976,26.539390252055234,0.1343570433541732,0.30138981438058493,2,1.1749833351471657,1.1155284881400525,0.18808530013890618,0.0,0.0,0.0,0.08978239257189252,0.09830290756701367
159,1,0,0,-0.1691070645888517,3.8308929354111485,18.11101888719318,26.528365739337328,0.12161637351253278,0.2858329940419349,2,1.0758051132365223,1.1170148593152303,0.16978494108174272,0.0,0.0,0.0,0.07644401904984251,0.09334092203190023
160,1,0,1,0.07065086322490087,3.9015437986360495,18.061773629191503,26.556940713529972,0.10897220852446392,0.2693731958859546,2,1.0953143318542335,1.1159846156632627,0.17462377886429492,0.0,0.0,0.0,0.08977586874103614,0.0987587889358816
161,1,0,0,-0.1690604764358777,3.7324833222001716,17.931752402536862,26.53310455704301,0.09910605631374181,0.25406914609381476,2,0.9616104754264323,1.1154678585680369,0.1510212120171717,0.0,0.0,0.0,0.074735952482816,0.09182429875283914
162,1,0,1,0.07092104538253258,3.8034043675827043,17.811426521456973,26.519946276679633,0.08905929317584933,0.2385538823354586,2,0.9781372625462346,1.1116214239894968,0.153372161377492,0.0,0.0,0.0,0.07642323484034698,0.09309158255013714
163,1,1,1,0.005681317853492478,3.8090856854361967,17.863731689925064,26.542892776310072,0.31044417339601016,0.2222196584552062,2,1.1835359880519438,1.1082843199534151,0.18960532629343302,0.08009073566711633,0.0,0.0,0.09159998301191861,0.09800534328151442
164,1,2,1,0.00608802265653355,3.8151737080927304,17.807625661620285,26.464819002261848,0.2987230612821587,0.45824032833501044,2,0.9759858093028713,1.1101656116558785,0.15420265340428344,0.0,0.0,0.0,0.07032667268310895,0.08387598072117446
165,1,0,0,-0.16936914508648668,3.645804563006244,17.865054786448695,26.49684980901008,0.2832898490820849,0.4417528551012615,2,1.1962710481736973,1.1068111165970533,0.19152411260293611,0.0,0.0,0.0,0.09259927320044271,0.09892483940249341
166,1,0,1,0.07064968590187605,3.71645424890812,17.914447638222224,26.518483714240105,0.2680617952222517,0.42549697048184093,2,1.1800743718900222,1.1090476148864694,0.18890363087552284,0.0,0.0,0.0,0.09136832315899902,0.0975353077165238
167,1,0,1,0.07081610022930387,3.7872703491374238,17.9144700842287,26.518487356377104,0.2546896406229973,0.40970298919245685,2,1.1108493719550347,1.1108232838115581,0.17499681533183056,0.0,0.0,0.0,0.08023292759552629,0.09476388773630429
168,1,0,1,0.0706482304703668,3.8579185796077904,17.95958055435,26.539123705715703,0.23954982532826485,0.3934518346084828,2,1.1765707554750469,1.1108239360151453,0.1883458192722389,0.0,0.0,0.0,0.09083889176839487,0.09750692750384403
169,1,0,1,0.0708013298689043,3.928719909476695,17.958253158849107,26.547268127608124,0.22612750693135078,0.3774507393701542,2,1.11928463289317,1.1124676065016428,0.17654048181145654,0.0,0.0,0.0,0.08053391038148443,0.09600657142997214
170,1,0,1,0.0707986182704425,3.9995185277471372,17.954240317110255,26.55221106824314,0.2128306836280018,0.36152258556296585,2,1.1135681310575898,1.1126380321614309,0.1753498626632242,0.0,0.0,0.0,0.07978093982009396,0.09556892284313022
171,1,0,1,0.07085687842607971,4.0,17.945203598796166,26.54348801791135,0.1996341117711901,0.3459014626861577,2,1.094901515987961,1.1126612846338348,0.1729061684017186,0.0,0.0,0.0,0.07917943114087027,0.09372673726084835
172,1,0,1,0.07067492975068101,4.0,17.98716795681347,26.556651515945887,0.1845429804522496,0.3298021445744715,2,1.1673451464695255,1.112217290417688,0.18714269658376034,0.0,0.0,0.0,0.09054678791364283,0.09659590867011748
173,1,0,1,0.07081122125070155,4.0,17.981485718323963,26.560970968001506,0.1712481964836536,0.3138727026837038,2,1.112232700385099,1.113595486818984,0.17534535515618171,0.0,0.0,0.0,0.07976870381157587,0.09557665134460586
174,1,0,1,0.07090098307089475,4.0,17.959747594652484,26.545443537568914,0.15843011362934667,0.2984005446670318,2,1.076295863054066,1.1135614171581367,0.16974144522587378,0.0,0.0,0.0,0.07690849712584175,0.09283294810003202
175,1,2,1,0.005885929794089822,4.0,17.94328894457543,26.535786525730245,0.14544194951709746,0.48441804687044016,2,1.0865141163898078,1.1126297783055352,0.1714207034508543,0.29040326800219085,0.0,5.551115123125783e-17,0.07792898467349521,0.09349171877735907
176,1,0,1,0.07074945651177066,4.0,17.96890667554317,26.517650259578218,0.13085018640719914,0.4690993564850388,2,1.119458351573358,1.1119768867576418,0.17946272097179794,0.0,0.0,0.0,0.08755057865938987,0.09191214231240807
177,1,0,1,0.07076561723623506,4.0,17.929582893025724,26.493388768919253,0.11803714474775535,0.4539389327763514,2,1.048578650201624,1.1121639233780347,0.16784079220878748,0.0,0.0,0.0,0.08720787604140819,0.09096254225212463
178,1,0,1,0.07075167038862815,4.0,17.846094609335644,26.471849624792426,0.10647723084557947,0.4387237401800954,2,1.0055468637317255,1.1105742915486243,0.16065063899059087,0.0,0.0,0.0,0.0882500878711252,0.0912911555775357
179,1,0,1,0.07071308752761858,4.0,17.77019321483489,26.470719609429572,0.09478690228280802,0.42302334819934284,2,1.0309171959895833,1.107948605853202,0.16434432326114395,0.0,0.0,0.0,0.08962375517521502,0.09420235188451528
180,1,0,0,-0.16923853487565374,3.8307614651243465,17.638962894444486,26.500907403765247,0.08490851511509313,0.4065511247758096,2,1.0049802945518844,1.1060228206066114,0.15810366354748892,0.0,0.0,0.0,0.08171755791930986,0.09883334054119958
181,1,0,1,0.07080104086666929,3.901562505991016,17.446026907033087,26.519107638890212,0.07657652227129584,0.3903500203405945,2,0.9287610051688067,1.1034967574552432,0.14719858367407473,0.0,0.0,0.0,0.08158043175927432,0.09720662661129087
182,1,0,1,0.07080552362765248,3.9723680296186683,17.225194900130916,26.53622786353923,0.07002088875564011,0.37414549714648415,2,0.8954165813949302,1.0991283636480824,0.13656094025859622,0.0,0.0,0.0,0.08244223517653017,0.09722713916466183
183,1,0,1,0.07082888578535179,4.0,16.966505617072418,26.50759204839075,0.0649210562610837,0.3590582330365198,2,0.8067104708847785,1.0940355690917536,0.1211225796271245,0.0,0.0,0.0,0.08964234046493433,0.09052358465978602
184,1,0,1,0.07082080771164496,4.0,16.655820487242735,26.52753414383888,0.06145510438896284,0.34277409078021637,2,0.7961094072550248,1.0868524416365792,0.11850056477054607,0.0,0.0,0.0,0.08415864406133579,0.09770485353782091
185,1,0,1,0.07091526179228318,4.0,16.294538005148294,26.52340837335163,0.059613688166017496,0.32705095557608044,2,0.7141756131953467,1.0795838657770405,0.10538730856248715,0.0,0.0,0.0,0.08295606145546083,0.0943388112248151
186,1,0,1,0.07087475944986961,4.0,15.909957169244084,26.50293680434342,0.058664412573330105,0.31175257003307094,2,0.665396254550082,1.0704486594624982,0.09748596681418142,0.0,0.0,0.0,0.09252918904623436,0.09179031325805712
187,1,0,1,0.07088363691133114,4.0,15.53609728427428,26.488640570143165,0.05766903572910928,0.29630741932905663,2,0.6721662301696291,1.0603223493396876,0.09864316528941076,0.0,0.0,0.0,0.0943105993919664,0.09267090422408582
188,1,0,1,0.07094362773998437,4.0,15.169729086303159,26.492289465379024,0.05675094264012035,0.28042665509436154,2,0.6878991436251721,1.0506184463604362,0.1007931439421037,0.0,0.0,0.0,0.08689928541280471,0.09528458540817017
189,1,0,1,0.07102425581794211,4.0,14.811041665824124,26.482419469380602,0.055894450695180974,0.2648599136244993,2,0.672993047314596,1.0415504637920547,0.09853940048881055,0.0,0.0,0.0,0.08528946890199238,0.09340044881917427
190,1,0,0,-0.16895919576356055,3.8310408042364394,14.46240523949486,26.43433092117269,0.054992800057000295,0.25022818337322444,2,0.6356115538429445,1.0323365283801182,0.09320028533673269,0.0,0.0,0.0,0.0930341954516734,0.08779038150764862
191,1,0,1,0.07105094188278335,3.902091746119223,14.124034640264522,26.39252911578126,0.05402656956712387,0.23548818183100703,2,0.6422459993949194,1.0224184040166888,0.09423739219256325,0.0,0.0,0.0,0.09427563626590026,0.08844000925330472
192,1,2,1,0.006090047377500378,3.9081817934967233,13.79093385799138,26.379014114631488,0.05319323274489593,0.47005076725907075,2,0.6662983104782272,1.0129140939011445,0.09762450836498517,0.0,0.0,0.0,0.086971901891591,0.09262448743161751
193,1,0,0,-0.1686767332149564,3.739505060281767,13.466870189011377,26.253708227171487,0.052330329516988294,0.45724050768518615,2,0.554879142875573,1.0042486993155717,0.08203897681075373,0.0,0.0,0.0,0.08333328851727138,0.07686155744330793
194,1,0,1,0.07125524311511025,3.810760303396877,13.151154345450031,26.16000838080813,0.05145716655182426,0.44386604557783654,2,0.5835987704798625,0.9930144604045718,0.08548575043508148,0.0,0.0,0.0,0.08869272933781776,0.0802467726440973
195,1,0,1,0.07111533215177414,3.8818756355486514,12.84116319537083,26.16728270823721,0.050674345361947155,0.42810252665503884,2,0.6800622455063359,0.982779068156454,0.0992780406760487,0.0,0.0,0.0,0.08849986330162088,0.09458111353678605
196,1,0,1,0.07134627132650906,3.9532219068751604,12.540640321633017,26.065150760507684,0.04981992010584471,0.4149657694283789,2,0.5725563261228663,0.9752111475902011,0.08394709489657465,0.0,0.0,0.0,0.08726162691357664,0.07882054335995994
197,1,0,1,0.0711491127989682,4.0,12.24527846034031,26.073908690181526,0.04906349732467313,0.39919717436479235,2,0.6785408454346462,0.9651447770535176,0.09915010706854888,0.0,0.0,0.0,0.08889900990973901,0.09461157038151943
198,1,0,1,0.07118827771860367,4.0,11.95712272881065,26.077898574886582,0.048314487742221184,0.3835425852625824,2,0.6738138319384414,0.9579796787630459,0.09842159210797113,0.0,0.0,0.0,0.08805970023155948,0.09392753461325945
199,1,0,1,0.07122140884608719,4.0,11.677253643642645,26.07244803501961,0.04752036344837687,0.3681076448867718,2,0.6655559075574576,0.9508755325924307,0.09737438801792962,0.0,0.0,0.0,0.08789921839278042,0.09260964225486379
200,1,0,1,0.07123711699634527,4.0,11.40369806437197,26.06815158539996,0.0467547067058607,0.35263530316002023,2,0.6658905130762298,0.9437425419665564,0.09742799081560646,0.0,0.0,0.0,0.08746712373478521,0.09283405036050943
201,1,0,0,-0.1687231436209343,3.831276856379066,11.136229736232455,26.059065606720722,0.046020368227953,0.3373031484176421,2,0.6602419344255481,0.9367962412442983,0.0963989593217149,0.0,0.0,0.0,0.08651820785582753,0.09199292845426874
202,1,0,0,-0.1683541002355869,3.662922756143479,10.87681825879585,25.90739734655081,0.04522894047923601,0.32534710791319593,2,0.5188026459673101,0.9298823835738295,0.07648480951897932,0.0,0.0,0.0,0.07769526691475531,0.0717362430266773
203,1,0,1,0.07138488016696898,3.734307636310448,10.621617353053237,25.88840364951737,0.04453229253226592,0.3103382581417283,2,0.6454107873576176,0.9196053901336666,0.09423298631062582,0.0,0.0,0.0,0.08299890783417263,0.09005309862880528
204,1,0,1,0.07138090154429948,3.805688537854748,10.372655681097031,25.870997798052976,0.04384151078767734,0.29529977910214383,2,0.6463830016436647,0.9127505250642652,0.09437556470503836,0.0,0.0,0.0,0.08368578339360463,0.09023087423750689
205,1,0,1,0.0714153739437778,3.8771039117985255,10.129556284582968,25.850247975876954,0.043165802641287325,0.2803480844419879,2,0.6422421182886605,0.9060913369787503,0.09376441683927603,0.0,0.0,0.0,0.08231407524582735,0.0897101679609359
206,1,0,1,0.07146108287405264,3.9485649946725783,9.891137744594992,25.82366929583538,0.04254828734434566,0.2655373133345126,2,0.6344978864819502,0.8994951065114981,0.09256971842650143,0.0,0.0,0.0,0.08062636214594641,0.08886462664485148
207,1,0,1,0.07164866409988078,4.0,9.66275496887237,25.712451634020862,0.04176096784883517,0.2527926603211943,2,0.553269738473617,0.8928701760107595,0.08119183505297266,0.0,0.0,0.0,0.07924405285394666,0.0764679180799097
208,1,0,1,0.07179676247535882,4.0,9.439800749975722,25.56276684515938,0.0409853572102867,0.2410335081198983,2,0.5117411573142028,0.8843801650723307,0.0752085770390669,0.0,0.0,0.0,0.07447101278485013,0.0705549132077761
209,1,0,1,0.0715676474238291,4.0,9.219721555161303,25.532517128447882,0.04032219787966275,0.22648443668667087,2,0.6247352783524612,0.8750641898783776,0.09127338458310831,0.0,0.0,0.0,0.07796097937042108,0.08729442859936462
210,1,0,0,-0.16821799279444855,3.8317820072055513,9.0078352867134,25.41678188664723,0.0395469157783658,0.21402731579599124,2,0.5411844568416733,0.8688059670902297,0.07939441795185953,0.0,0.0,0.0,0.07494926546485321,0.07474272534407783
211,1,0,1,0.07162514224414279,3.903407149449694,8.797974006889145,25.386863350416885,0.03890797401404992,0.19955665354964414,2,0.6208356132794146,0.8606154293340158,0.09065762406397784,0.0,0.0,0.0,0.07573019428604408,0.08682397347808257
212,1,0,1,0.071664993148977,3.975072142598671,8.593498057596891,25.350407952743808,0.0382632489773843,0.18526854700178064,2,0.6136895869673267,0.8546209339326507,0.0895969895071747,0.0,0.0,0.0,0.07453771223184968,0.08572863928718095
213,1,0,1,0.07171532477716684,4.0,8.394550305432873,25.306288870221202,0.037601178174221726,0.1711891725898185,2,0.6055308155718842,0.8485976502585176,0.08844867129074828,0.0,0.0,0.0,0.07317773859898226,0.08447624647177283
214,1,0,1,0.07174044070999878,4.0,8.199853768074519,25.262850784617147,0.036969210662660464,0.15710968777016235,2,0.604386356428949,0.8425209793913517,0.08826871398730442,0.0,0.0,0.0,0.07157669612072803,0.08447690891793685
215,1,0,1,0.071749800761501,4.0,8.009627673911197,25.221702441029215,0.036353783577721274,0.1430006324618519,2,0.6051931760660361,0.8365676138172917,0.0883468943594978,0.0,0.0,0.0,0.07122859531426298,0.08465433184986265
216,1,0,1,0.07178390369333758,4.0,7.824274275431719,25.176668520928537,0.03573347968737537,0.12903113156270982,2,0.6003959342933538,0.8307832528735103,0.08753882873692799,0.0,0.0,0.0,0.07028142184697012,0.08381700539485255
217,1,1,1,0.00702517135504252,4.0,7.992621635017214,25.03929282461018,0.27489642629172967,0.11729086490945295,2,0.8559952331761427,0.8250235699090065,0.13546392029341559,0.0,0.0,0.0,0.06502232037387438,0.07044159991954119
218,1,0,1,0.07179092219408892,4.0,8.179356867847297,24.992233553992254,0.26344459509255846,0.10347306511801052,2,0.9654738237028424,0.8257978614906849,0.15161778594368175,0.0,0.0,0.0,0.06871098719502719,0.08290679874865457
219,1,2,1,0.006684354572462256,4.0,8.409445437839672,24.958610176453522,0.25055207197499185,0.33936300527005253,2,1.0257549529996322,0.8292897605459888,0.16201549779314717,0.0,0.0,0.0,0.07735513870539942,0.08466035908774772
220,1,0,1,0.07172796147926414,4.0,8.62346467500804,24.896995290159765,0.23791978188658347,0.3259544325092611,2,0.9866057412319454,0.8342013903573298,0.15624517709519942,0.0,0.0,0.0,0.07579374053045049,0.08045143656474894
221,1,1,1,0.006697150959222741,4.0,8.843128128362043,24.848024032336095,0.4424246951032876,0.3122989774741835,2,1.008703694659526,0.8380114991291953,0.1595614925577968,0.19534175835244294,0.0,0.0,0.07762876234733179,0.08193273021046499
222,1,0,1,0.07155603355503784,4.0,9.089569765139856,24.83485688563148,0.42855161381962326,0.29780083800386253,2,1.0755532940906543,0.8422788040174536,0.17022732452391276,0.0,0.0,0.0,0.08323848770198644,0.08698883682192632
223,1,0,1,0.07161549749726456,4.0,9.289734659446946,24.81421786676041,0.41593272128825,0.28346149321439246,2,1.027636541705299,0.8481106662692836,0.16174942392505962,0.0,0.0,0.0,0.07571335518823957,0.08603606873682003
224,1,0,1,0.07163724081319509,4.0,9.481454203911222,24.789081777815277,0.4034418983313981,0.2692497120906564,2,1.019182268674327,0.8525988131551839,0.16021562448352777,0.0,0.0,0.0,0.07494493774111126,0.08527068674241653
225,1,0,1,0.07162760192241802,4.0,9.67029335070658,24.76313296894105,0.39089830796714437,0.2550632382846444,2,1.0196537374642953,0.8567633995431627,0.16038038502159502,0.0,0.0,0.0,0.07526154218552272,0.0851188428360723
226,1,0,0,-0.16854628685431106,3.831453713145689,9.917430777074776,24.77373224518778,0.37640734544439464,0.24005380344210944,2,1.118572360606113,0.8608356579911909,0.17700238419170736,0.0,0.0,0.0,0.08694577513649787,0.09005660905520949
227,1,2,0,-0.2334090127173757,3.5980447004283134,10.103875131367966,24.75273594313939,0.3636155120508535,0.4684285927752549,2,1.0327271278013648,0.8672790755565639,0.16253506728835312,0.04396719707402075,0.0,5.551115123125783e-17,0.07675100036124696,0.08578406692710615
228,1,0,0,-0.16855492593797122,3.4294897744903423,10.312572705932176,24.772922244139043,0.34999111743575545,0.45320374454771306,2,1.1002991524265493,0.8714152768626839,0.17309545705583995,0.0,0.0,0.0,0.08174636769058839,0.09134908936525157
229,1,0,1,0.0714581947876182,3.5009479692779606,10.540606520880894,24.76580497279648,0.33554340619007167,0.43864537793295266,2,1.0980539173579338,0.8771373737517805,0.1740364671626649,0.0,0.0,0.0,0.08668626747410299,0.08735019968856195
230,1,0,1,0.07142001578934574,3.5723679850673062,10.770637079775813,24.76840416119572,0.32088340799010745,0.42385485920998,2,1.115290034636092,0.8826602873419345,0.17670310153762117,0.0,0.0,0.0,0.08795998919978501,0.08874311233783616
231,1,0,0,-0.16859740275848228,3.403770582308824,10.998953459606344,24.772403887425092,0.3060754522862497,0.40902957294255754,2,1.1207921370841905,0.8884760310242883,0.17779945182768142,0.0,0.0,0.0,0.08884773422314639,0.08895171760453503
232,1,0,1,0.07137280510189564,3.4751433874107196,11.227290555355665,24.786571430853854,0.2910929981398897,0.3939514227558257,2,1.1367885728538727,0.894283933675786,0.18036362599855107,0.0,0.0,0.0,0.08989472487816008,0.090468901120391
233,1,0,1,0.07140160141162064,3.5465449888223404,11.41368136196105,24.809214155983067,0.2773265506647621,0.3786328649497171,2,1.1093800813898345,0.9003465496552381,0.17451003168741727,0.0,0.0,0.0,0.08259868485076581,0.09191134683665148
234,1,0,1,0.07140315602270818,3.6179481448450486,11.594791734913056,24.82430361248172,0.263559454264988,0.3634787794100258,2,1.101772217399264,0.9055723879486031,0.17352709163679275,0.0,0.0,0.0,0.08260257839864463,0.09092451323814814
235,1,0,1,0.07132071106033416,3.689268855905383,11.809153879793032,24.842660062400995,0.2485174157993771,0.34826116824402337,2,1.143195978484115,0.9104773836848695,0.18155789778967943,0.0,0.0,0.0,0.09025223079366526,0.09130566699601417
236,1,0,1,0.07135249772304617,3.7606213536284288,11.985578933337349,24.86532502399094,0.2346151483037593,0.3328847316003568,2,1.1153853636891156,0.9162953485548506,0.17567222483570666,0.0,0.0,0.0,0.08341360497370692,0.09225861986199974
237,1,0,1,0.07129488599193576,3.8319162396203645,12.192540474678893,24.884994712157944,0.21945898671494524,0.31761143245276724,2,1.1479038284417604,0.9212725989332072,0.1825767644184218,0.0,0.0,0.0,0.0909369695328844,0.0916397948855374
238,1,1,1,0.006282634789750257,3.8381988744101148,12.392738811273585,24.902690114878137,0.42703989393749603,0.3023744735265378,2,1.1448321189858048,0.926938379670921,0.1821295120289135,0.16380679819315813,0.0,0.0,0.09070775847153668,0.09142175355737679
239,1,0,1,0.07116930339731967,3.9093681778074343,12.612679515506407,24.94379470800522,0.41120633384410904,0.28654903012437455,2,1.1934310205137,0.9323857231537931,0.18995402097330089,0.0,0.0,0.0,0.09500136056032207,0.0949526604129788
240,1,0,1,0.07135780546029637,3.980725983267731,12.757869675729388,24.9400692002436,0.3976734468686398,0.27173489414058927,2,1.0803765080491488,0.9389118555877908,0.17008213775552788,0.0,0.0,0.0,0.08119732185281564,0.08888481590271224
241,1,0,1,0.0713396150456162,4.0,12.89993386290181,24.941300129558336,0.38409958261732874,0.25681324646745957,2,1.0857435883864799,0.9424484718993248,0.17097307154664426,0.0,0.0,0.0,0.08144318550786629,0.089529886038778
242,1,0,1,0.07134863708627942,4.0,13.032894265796,24.938606062171573,0.3706351111236259,0.24197996980094497,2,1.0762971853189303,0.9460308498115035,0.16978648896130524,0.0,0.0,0.0,0.08078682896221737,0.08899965999908786
243,1,0,0,-0.16862264815081174,3.8313773518491883,13.15460710685601,24.928641125624686,0.35744033625801297,0.22731660564006365,2,1.0610354127123136,0.9492875081991894,0.16714883415896548,0.0,0.0,0.0,0.07916864919367768,0.08798018496528778
244,1,0,1,0.07138626154695987,3.9027636133961483,13.270335633954438,24.91903992727756,0.3442873334118966,0.21268610089943327,2,1.058208534563318,0.9520812058120174,0.16670104552048032,0.0,0.0,0.0,0.07891801707669795,0.08778302844378237
245,1,0,1,0.0711320556009865,3.9738956689971348,13.459153750989099,24.969642649390696,0.3287002025070381,0.19661729257773705,2,1.1941552281785963,0.9547343890308,0.18993563535932845,0.0,0.0,0.0,0.09352278542915123,0.09641284993017722
246,1,2,1,0.0061009223885764696,3.9799965913857114,13.647785230902839,25.01937921367034,0.3129262527053585,0.4305457079863417,2,1.199087954202883,0.9607199100094949,0.19107320635844982,0.0,0.0,0.0,0.09464369881007757,0.09642950754837223
247,1,1,1,0.006193755338179062,3.9861903467238906,13.784296792959893,25.052519544163612,0.4855081641430554,0.4148659467752147,2,1.1363310036646552,0.9666791111143295,0.17896784215512188,0.3796192564854586,0.0,5.551115123125783e-17,0.08488927488835987,0.09407856726676203
248,1,0,1,0.07100335315943541,4.0,13.977485750098918,25.108338904684487,0.4692718861937241,0.3986277055816394,2,1.2199287260879852,0.9709204084280877,0.19484711485743944,0.0,0.0,0.0,0.09741766769598756,0.09742944716145191
249,1,0,1,0.07098806804621838,4.0,14.16634888320305,25.16767699176711,0.4530464913748906,0.3822635113783515,2,1.225346836556339,0.9771456163695852,0.19553753413272773,0.0,0.0,0.0,0.09735236891300085,0.09818516521972684
250,1,1,1,0.0062240986440579415,4.0,14.27260719266123,25.166522832791465,0.4864136838095952,0.36726687276394293,2,1.0884547973567944,0.9833506468742541,0.17149772882888098,1.2182789482493437,0.0,0.0,0.08151789714242891,0.08997983168645209
251,1,0,1,0.0712008993783778,4.0,14.378989462582192,25.16889775405562,0.47275370187758065,0.35217634399233866,2,1.0947354418214306,0.9859782506363175,0.17250306422171274,0.0,0.0,0.0,0.08195989159208732,0.09054317262962544
252,1,0,1,0.07095683731564745,4.0,14.553799395462484,25.226475234346793,0.45663163663804157,0.3358014003821584,2,1.2210845935874084,0.9886971804159453,0.19498205309831573,0.0,0.0,0.0,0.09673239143723437,0.09824966166108137
253,1,0,1,0.07094905405930842,4.0,14.721612829761423,25.283535719855706,0.4405605036033238,0.3194134600813635,2,1.2193807855530903,0.994506865745232,0.1947544400130757,0.0,0.0,0.0,0.09642679820830609,0.09832764180476963
254,1,0,1,0.07093231778862248,4.0,14.884210703384177,25.3388025289527,0.42448727091863675,0.30302839719063585,2,1.2179933964601721,1.0001287137404284,0.19474977345248878,0.0,0.0,0.0,0.09643939610812272,0.09831037734436605
255,1,0,1,0.07118398360694883,4.0,14.964889667690464,25.334629297243314,0.41108129712192715,0.2879975278801083,2,1.082081063405324,1.0055753308084219,0.17062105864342303,0.0,0.0,0.0,0.08043584278025753,0.09018521586316543
256,1,0,0,-0.16909488039227663,3.8309051196077233,15.118964781612329,25.393469255479573,0.3950467156180795,0.2714919390083031,3,1.2204030462814688,1.0074879741233445,0.19524102225391704,0.0,0.0,0.0,0.09620748902308579,0.09903353323083126
257,1,0,1,0.07091351072545755,3.9018186303331808,15.26639682914148,25.445521379267127,0.37907021147215963,0.2551209752967228,3,1.2122950222439992,1.0128108509272975,0.1940848071450012,0.0,0.0,0.0,0.09585902487551971,0.09822578226948152
258,1,0,1,0.07089727910788624,3.972715909441067,15.406175759146098,25.500298677506954,0.36322636226284283,0.23865023026765675,3,1.2123541834546625,1.0177979552102152,0.19388756543029662,0.0,0.0,0.0,0.09506309525590051,0.09882447017439616
259,1,0,1,0.07089121917987803,4.0,15.543601986143834,25.551505362049866,0.34733389185598446,0.22223615197147584,3,1.2112947724569736,1.0226618609163265,0.1938392922182359,0.0,0.0,0.0,0.09535482244115046,0.09848446977708544
260,1,0,1,0.07124925847629666,4.0,15.578129497359832,25.515427460407444,0.33477423663786315,0.20779860286951238,3,1.0258272932784194,1.0273776837048425,0.16198322592050857,0.0,0.0,0.0,0.07535793130872763,0.08662529461178091
261,1,0,0,-0.1691079323437181,3.830892067656282,15.704391609262021,25.56763765232796,0.3190856307972682,0.19135451954012264,3,1.2058112277668855,1.027338923944182,0.1927961350199082,0.0,0.0,0.0,0.09413163504356971,0.0986644999763385
262,1,0,1,0.07135906039355608,3.902251128049838,15.708025325250574,25.508788747957755,0.30725245679768426,0.17746933673265872,3,0.9765855431580994,1.0318007315397497,0.15431014084228706,0.0,0.0,0.0,0.07099904399750351,0.08331109684478355
263,1,0,1,0.07089156046383213,3.9731426885136703,15.825495549269359,25.56426103120981,0.2917126318276014,0.16094907415142687,3,1.2033628591010441,1.0304203518302084,0.19236052530788883,0.0,0.0,0.0,0.0932389498204978,0.099121575487391
264,1,0,0,-0.16909562377151,3.8040470647421603,15.934478169606622,25.610575677459472,0.2763091689655026,0.14462076533065063,3,1.1900411810989078,1.0347439145119792,0.1903906300972491,0.0,0.0,0.0,0.09242077717259192,0.09796985292465715
265,1,0,1,0.07088216111080058,3.8749292258529606,16.039854770895623,25.659771753566346,0.2609332146698355,0.12817973650656425,3,1.1931990235725234,1.0386263461766525,0.19090189871852153,0.0,0.0,0.0,0.09225572577400305,0.0986461729445185
266,1,0,0,-0.16911886029656423,3.7058103655563963,16.14318523542962,25.70379919435006,0.24552253742949606,0.11184113823811159,3,1.1898485684292641,1.0424906631115491,0.19049565305275243,0.0,0.0,0.0,0.09246406344203648,0.09803158961071595
267,1,2,1,0.0063557539607392265,3.7121661195171356,16.12659910541772,25.633356220418534,0.23395996928123478,0.3481529130306678,3,0.9591455068010681,1.046174610744492,0.15150476013423028,0.0,0.0,0.0,0.06937540888956771,0.08212935124466254
268,1,2,1,0.0058458420153296555,3.7180119615324654,16.233981898204423,25.68299175588809,0.21833754342730072,0.4835768532015465,3,1.201017211402163,1.0439988831459064,0.19227343591432586,0.5889174781840071,0.0,5.551115123125783e-17,0.09373455512360436,0.0985388807907215
269,1,0,1,0.07092527248538757,3.788937234017853,16.296290503459254,25.72682571751441,0.2043317587754325,0.467262227457036,3,1.154066908233467,1.0479243413523127,0.18192246237827203,0.0,0.0,0.0,0.08403470791120952,0.09788775446706252
270,1,0,1,0.07091106556298697,3.8598482995808396,16.35678851284754,25.77050461166839,0.1903166458214479,0.45091930829483573,3,1.154754809066608,1.0505779055243418,0.18214819269710925,0.0,0.0,0.0,0.08409067772390763,0.09805751497320163
271,1,0,0,-0.16908322182902252,3.6907650777518173,16.438671667790054,25.773659623940425,0.1752375005896927,0.43556370199241345,3,1.1382204953274444,1.0531823281128982,0.18260850920506477,0.0,0.0,0.0,0.09047487139053084,0.09213363781453392
272,1,0,1,0.07095271445427358,3.761717792206091,16.485298223311982,25.805272278048765,0.16154868963702126,0.41947114393983753,3,1.1335474919235304,1.055308282293262,0.17868821403148355,0.0,0.0,0.0,0.0821328657160286,0.09655534831545497
273,1,0,1,0.07094803297776979,3.832665825183861,16.530011651607275,25.834735003436023,0.14786477039170795,0.4034076654492218,3,1.1314404162165665,1.0572642625340187,0.17848438641557476,0.0,0.0,0.0,0.08210351547188002,0.09638087094369474
274,1,0,1,0.0709195068761525,3.9035853320600133,16.575864111619364,25.872798982188993,0.13410673629843264,0.3871281878395043,3,1.1430351051411436,1.0591186663760825,0.18022507021795656,0.0,0.0,0.0,0.08254820455965171,0.09767686565830483
275,1,2,1,0.0059202610334865135,3.9095055930935,16.620398183974345,25.90918191500529,0.12035082773200168,0.4837351060095785,3,1.1421335825164918,1.061216577345209,0.18012481534111485,0.8227691270370256,0.0,0.0,0.08253545139858583,0.09758936394252904
276,1,0,1,0.07089010235578237,3.9803956954492823,16.665319512045482,25.949540425312144,0.10653108570876141,0.46735636026982186,3,1.148519340852479,1.0632395024744912,0.1811909265779815,0.0,0.0,0.0,0.08291845213944164,0.09827247443853984
277,1,0,1,0.07090626627231954,4.0,16.704818576660468,25.98496368840179,0.09282257323883593,0.45108367566542734,3,1.140293826138573,1.0653714984339409,0.1798871824459196,0.0,0.0,0.0,0.08225107481955278,0.09763610762636682
278,1,0,0,-0.16900343902068743,3.8309965609793126,16.656525631205433,25.94428077165913,0.08116355180464692,0.43662377467502717,3,0.9782686944288603,1.0672445566265565,0.1567135345475358,0.0,0.0,0.0,0.08501940169867621,0.08675940594240165
279,1,0,1,0.07088980182476486,3.9018863628040776,16.59451355633395,25.988567665283586,0.07024505700940158,0.42012770381088105,3,1.0472949788245858,1.0650201600716143,0.1644873939563481,0.0,0.0,0.0,0.0832101271675148,0.098976425184876
280,1,0,1,0.07091021028878984,3.9727965730928676,16.433808998857607,25.981744717753735,0.0613167145804141,0.40485903517400934,3,0.897049525534247,1.0645770305404385,0.14518206639515532,0.0,0.0,0.0,0.08942962080787953,0.09161201182123054
281,1,1,1,0.005940010704703865,3.9787365837975717,16.508951871123326,25.973971175987593,0.2835398689266328,0.3896104475101389,3,1.1277581734148567,1.0603888429152837,0.18093316294183254,0.07721943696407796,0.0,5.551115123125783e-17,0.08944163695860968,0.09149152598322287
282,1,0,1,0.07095562309762987,4.0,16.555141523993125,25.980277096734245,0.2698421257582277,0.37397284334309683,3,1.114568649794227,1.062073076177773,0.1760120840126832,0.0,0.0,0.0,0.08218645901043067,0.09382562500225251
283,1,2,1,0.005943298228614698,4.0,16.59753689883131,25.99021288072963,0.256224245452199,0.48427052184813574,3,1.1157166243517547,1.0633854655181842,0.17608415074735775,0.7438370600585806,0.0,5.551115123125783e-17,0.08170728183617203,0.09437686891118571
284,1,0,1,0.07077422744879824,4.0,16.694491129680593,26.021196938653787,0.24052321564131943,0.46809377513440276,3,1.1926320332624682,1.0646937444890237,0.19126665914767538,0.0,0.0,0.0,0.09420617886527755,0.09706048028239785
285,1,0,1,0.07080628936227115,4.0,16.77858971007841,26.036011785916628,0.22512020069881336,0.4522904579864207,3,1.1668056293690083,1.0678922017083594,0.18723799254292847,0.0,0.0,0.0,0.09241808965503642,0.09481990288789204
286,1,0,1,0.07085310319627464,4.0,16.825702368649164,26.069611420811526,0.2111385040203371,0.43598917313316937,3,1.151077330865534,1.0703650373998759,0.1816978891903658,0.0,0.0,0.0,0.08389018007085765,0.09780770911950813
287,1,0,1,0.07082484505176742,4.0,16.9011700637663,26.074155956651985,0.19589595323641049,0.42040246791478925,3,1.1523950756941135,1.0723828447365173,0.1849755360138405,0.0,0.0,0.0,0.09145530470355956,0.09352023131028095
288,1,0,1,0.07077336235024005,4.0,16.981896538576514,26.10124853244724,0.18044583190371577,0.4042597343883137,3,1.1822022011159214,1.074383150510457,0.18955712915502151,0.0,0.0,0.0,0.0927007279961686,0.09685640115885288
289,1,0,1,0.07076659059205845,4.0,17.057143795779876,26.12823609113275,0.16510344619246778,0.3880868218136921,3,1.1793134426644665,1.0770786267755939,0.1890917897152179,0.0,0.0,0.0,0.09205431426748788,0.09703747544773
290,1,0,1,0.07087821314450767,4.0,17.083491401747217,26.15015791980734,0.15154352533334392,0.3719961497000219,3,1.1279039318147497,1.0796344971728158,0.1779035578367636,0.0,0.0,0.0,0.08135952515474304,0.09654403268202051
291,1,0,1,0.07077185892091627,4.0,17.15432957886088,26.171119967510705,0.13627150072170785,0.3559393898390613,3,1.1726414578558908,1.0808412330388641,0.18797270683558046,0.0,0.0,0.0,0.09163214766981648,0.09634055916576398
292,1,0,1,0.07088678108900355,4.0,17.1776140149817,26.192228035552308,0.12273703325374481,0.3398239793975894,3,1.127528742821713,1.0831362386592898,0.17789926745660944,0.0,0.0,0.0,0.08120680480777812,0.09669246264883133
293,1,0,1,0.07087618903644327,4.0,17.200045212134015,26.213306245605917,0.10919237521358736,0.32371345395397033,3,1.127755458469272,1.0842460512633503,0.17793110090265946,0.0,0.0,0.0,0.08126794824094498,0.09666315266171445
294,1,0,1,0.07076835168838691,4.0,17.238862838452327,26.235078585149918,0.09471685783095042,0.30759688459070106,3,1.1459237523058148,1.0853337864434982,0.18355252047543713,0.0,0.0,0.0,0.09128536962507663,0.0966994161796157
295,1,0,1,0.07077758517210929,4.0,17.183489980174034,26.255231787910944,0.08285279356800693,0.29149540273368996,3,1.0516288800727853,1.0868485355900563,0.16779327671972782,0.0,0.0,0.0,0.09040631609438587,0.09660889114206685
296,1,0,0,-0.16906869791305357,3.830931302086946,17.0109819090198,26.265351828636206,0.0746217178830161,0.27559386429899585,3,0.9235800137731544,1.0859680442021244,0.14479568471810922,0.0,0.0,0.0,0.07961932270849893,0.09540923060816417
297,1,0,1,0.07080026183208507,3.9017315639190313,16.791239430808282,26.278375591080863,0.06859380753756407,0.2596430516442699,3,0.8751896276745353,1.0819083434414,0.13187233800106804,0.0,0.0,0.0,0.09110134142951962,0.09570487592835585
298,1,0,1,0.07080674542638526,3.9725383093454165,16.46515526011109,26.294705041261473,0.06564782183497049,0.24359739712634762,3,0.7669856550306446,1.0767403755472287,0.113949841323095,0.0,0.0,0.0,0.09235646481590423,0.09627392710753359
299,1,0,1,0.07097238102400208,4.0,16.07459493292573,26.297964615289203,0.064769965405078,0.22783470092091732,3,0.6816957543766898,1.068996507534314,0.09984331581193653,0.0,0.0,0.0,0.08185725014015156,0.0945761772325816
300,1,0,0,-0.1689874838645947,3.8310125161354054,15.692728823722986,26.293590493317744,0.06393668356672803,0.2122499587656682,3,0.6730737575311686,1.0593139887053735,0.09850814396159473,0.0,0.0,0.0,0.0817980988882138,0.09350845293149496
301,1,0,0,-0.16891896829385827,3.6620935478415473,15.319294772008393,26.277643104870123,0.06314984319679133,0.19694532498869496,3,0.6602765427638029,1.0496579829260182,0.09654884488145962,0.0,0.0,0.0,0.08161877658310841,0.09182780266183938
302,1,0,1,0.07111766781768593,3.7332112156592334,14.956711198190476,26.254663595447216,0.06229989338502904,0.18181894827150832,3,0.6543603636811428,1.039923446921963,0.09585795917369377,0.0,0.0,0.0,0.08234778501788341,0.09075826030312008
303,1,1,1,0.005989134040728846,3.739200349699962,15.099040135084907,26.24821126948187,0.2759415017903373,0.16632768879677273,3,1.1661609807700284,1.0302843698409423,0.18729854610638988,0.12379936031017424,0.0,0.0,0.09435098925797662,0.09294755684841324
304,1,2,1,0.0062555680249826605,3.7454559177249447,15.148485303639731,26.184978500815728,0.2632143949905494,0.40213434960177524,3,1.0198936850028473,1.0336812851141697,0.1615226759687124,0.0,0.0,0.0,0.07636264079872736,0.08516003516998506
305,1,2,1,0.005916607170748863,3.7513725248956935,15.294624791893963,26.183749969606318,0.24720704971288235,0.4844683230117018,3,1.178247552156214,1.0333365951113866,0.1892341335957909,0.9128060976106515,0.0,5.551115123125783e-17,0.09604407166600165,0.09319006192978924
306,1,0,1,0.07092043421825782,3.8222929591139514,15.405885675990536,26.20332604675131,0.23251863239626858,0.46840034995508567,3,1.1677963302790677,1.0369593690375072,0.1845383422393799,0.0,0.0,0.0,0.0881305038996828,0.0964078383396971
307,1,0,1,0.07093788419421011,3.8932308433081615,15.531009139982592,26.183602866733683,0.2169138522552252,0.4533119856714512,3,1.1456305770429733,1.0402302930685463,0.18415886654806676,0.0,0.0,0.0,0.09362868084626048,0.09053018570180628
308,1,0,1,0.07089576021556065,3.964126603523722,15.639094282607413,26.20755247909454,0.20208033650039744,0.43714676323199847,3,1.1749000551535915,1.042865300167907,0.185992429165683,0.0,0.0,0.0,0.08900109452896644,0.09699133463671658
309,1,0,1,0.07091242603903566,4.0,15.73430948343456,26.22641420501764,0.18759049695903232,0.4210710744632516,3,1.16024309579279,1.046166169042549,0.18339316986067197,0.0,0.0,0.0,0.08693903724819078,0.09645413261248119
310,1,0,0,-0.1690942853579894,3.8309057146420105,15.826632667034183,26.24598712519161,0.17310900496879178,0.4049741733524293,3,1.1609141959849003,1.049018092211305,0.18347035860637703,0.0,0.0,0.0,0.08688895194144328,0.09658140666493376
311,1,0,1,0.07090534578099213,3.9018110604230025,15.938494056323444,26.234803890214444,0.1575654086278661,0.389644776955057,3,1.152493649117737,1.0518154948056448,0.1852379564297881,0.0,0.0,0.0,0.09326157804555406,0.09197637838423402
312,1,0,1,0.07087821807456232,3.972689278497565,16.05011294807646,26.23456081087947,0.14194427120942144,0.3740483928347685,3,1.1657082610814913,1.0543324486634473,0.18730512923239873,0.0,0.0,0.0,0.09372682451066791,0.09357830472173083
313,1,0,0,-0.16904365984705974,3.803645618650505,16.11292569416579,26.24035002354477,0.12807296004801838,0.35827775204557444,3,1.1257188027285259,1.0571168439738985,0.17785171170358258,0.0,0.0,0.0,0.08322786696841841,0.09462384473516419
314,1,0,1,0.07097776744227186,3.874623386092777,16.171310436443367,26.24323404012476,0.1143016005105487,0.342565776278361,3,1.1201006518003322,1.058831892942764,0.17690001182809875,0.0,0.0,0.0,0.08262815722481806,0.09427185460328069
315,1,0,0,-0.16902760129535224,3.7055957847974246,16.228008795022177,26.24745899948542,0.10050843880124051,0.32682168841636156,3,1.1212869298536736,1.060363611914203,0.17722349742784513,0.0,0.0,0.0,0.08275897025584902,0.09446452717199609
316,1,0,1,0.07088399883837433,3.776479783635799,16.28304158228713,26.243968033908097,0.08628935687886319,0.3112886284542905,3,1.1134285165503202,1.06188669486269,0.1785128513066908,0.0,0.0,0.0,0.09197707816945083,0.09319835977242678
317,1,0,1,0.07094544743675216,3.847425231072551,16.204837669257362,26.256672060101895,0.07601881632875826,0.2953427180629832,3,0.9976753535689109,1.0631752404048807,0.1572987056484734,0.0,0.0,0.0,0.08311667143550983,0.0956754623478439
318,1,1,1,0.0059713129305471145,3.853396544003098,16.26054692644597,26.26120716545083,0.2842593538128421,0.27958835359116435,3,1.121782105771523,1.0615377432339814,0.17737037200859496,0.16771258991781446,0.0,0.0,0.08284418517768229,0.09452618683091267
319,1,0,0,-0.16900854703983698,3.6843879969632614,16.312230582775648,26.24252756489926,0.2705977783234101,0.26434230581338586,3,1.0960479080755285,1.06304385229742,0.17344573960326362,0.0,0.0,0.0,0.08196945293659239,0.09147628666667125
320,1,0,1,0.07102954155637103,3.7554175385196324,16.355476198784142,26.21964328643226,0.25719453470084513,0.24920488954069164,3,1.084230291233366,1.0638689536918726,0.17124395937155487,0.0,0.0,0.0,0.0804194617353896,0.09082449763616529
321,1,0,1,0.0707823909704961,3.8261999294901283,16.462456336875817,26.250541172377943,0.2414176970871765,0.2328531878222682,3,1.2022560111677696,1.06437798713041,0.19277123599255241,0.0,0.0,0.0,0.09466102568201172,0.09811021031054068
322,1,0,1,0.07076913809959931,3.8969690675897275,16.567030148056165,26.28095459656287,0.22562890992448711,0.21648747109334432,3,1.2028121730966188,1.067824937731344,0.1929270233496797,0.0,0.0,0.0,0.09473272297613648,0.09819430037354324
323,1,0,1,0.07076773982456032,3.967736807414288,16.666186896598045,26.312098139965464,0.20993263235651535,0.2000808920764381,3,1.2014999105599478,1.071199618615476,0.1926171395092678,0.0,0.0,0.0,0.09417766540783046,0.09843947410143732
324,1,1,1,0.005786431165771972,3.97352323858006,16.755305690428372,26.33212706258154,0.4084871846381923,0.1839312668631111,3,1.1836048423604972,1.0744571259140878,0.18990552683126286,0.21566491075863792,0.0,0.0,0.09300777555130091,0.0968977512799619
325,1,0,1,0.07070895851525533,4.0,16.8524377625856,26.361272505787213,0.39270899445518,0.16753267425405557,3,1.2034633341881427,1.0771858188252479,0.19306069675240684,0.0,0.0,0.0,0.0946691410980735,0.09839155565433333
326,1,2,1,0.006154955850261226,4.0,16.831874692753132,26.284533074487946,0.38070381098683964,0.4036160315842376,3,0.9830402555775852,1.0803427567093205,0.15553095682894974,0.0,0.0,0.0,0.07203110081004196,0.0834998560189078
327,1,0,1,0.07094952898008572,4.0,16.865416081993107,26.261674154528144,0.3671656626185002,0.3884522344924079,3,1.0885926634612035,1.077910194181027,0.17221167276101482,0.0,0.0,0.0,0.08122889021003667,0.09098278255097814
328,1,0,0,-0.16907147881196147,3.8309285211880386,16.901227915723624,26.250200634864395,0.3535187519316579,0.37306524634341187,3,1.1025155699797988,1.0781772559130314,0.17420339301502968,0.0,0.0,0.0,0.08188146412105365,0.09232192889397603
329,1,0,1,0.070709988392069,3.9016385095801076,16.992301971860257,26.282798244092724,0.3377782009323733,0.35666904552898343,3,1.2024573791296578,1.0787857137647006,0.1928205108822783,0.0,0.0,0.0,0.09444330599570736,0.09837720488657092
330,1,0,0,-0.1690474592711086,3.732591050308999,17.015615913608542,26.264753172040518,0.3244277209322887,0.34139643627880156,3,1.0871463750949106,1.0818775053988243,0.17173853550159918,0.0,0.0,0.0,0.08010288000050801,0.09163565550109116
331,1,0,1,0.07102169685922347,3.8036127471682226,17.02202412707785,26.23115374999118,0.3115256495944817,0.326523486792515,3,1.0548180185611913,1.0820092271412267,0.1666501249445611,0.0,0.0,0.0,0.07741242802684166,0.08923769691771945
332,1,0,1,0.07071495039483286,3.8743276975630554,17.105663013284694,26.26607467287635,0.29590983993682246,0.3100725301461517,3,1.1998892560187393,1.0813294469267256,0.19240059782413543,0.0,0.0,0.0,0.0936948579459557,0.09870573987817978
333,1,2,1,0.005979638662542881,3.880307336225598,17.112543091218384,26.24892332395072,0.2829226323800464,0.48471913852552323,3,1.0740221711620845,1.084293442154026,0.16960841418751665,0.3604351808769102,0.0,5.551115123125783e-17,0.07792324534065646,0.09168516884686022
334,1,0,1,0.0708169091277587,3.951124245353357,17.148629475223967,26.270672124879496,0.26901611130377934,0.46857327672552745,3,1.1418718453135912,1.0840366603792275,0.18031429725757714,0.0,0.0,0.0,0.0834391264576023,0.09687517079997485
335,1,0,1,0.07073488273579333,4.0,17.22068635054405,26.28590698866506,0.2536251671955479,0.4526121337316158,3,1.1727742791082392,1.0854825400025865,0.1881125226128587,0.0,0.0,0.0,0.09234566464938869,0.09576685796347
336,1,0,1,0.07078323325057287,4.0,17.255108230517493,26.312697237637344,0.23967918412899966,0.4363093974200603,3,1.148876962425951,1.087664833480228,0.181492316268622,0.0,0.0,0.0,0.08367589839928921,0.09781641786933279
337,1,0,0,-0.16927640867887378,3.830723591321126,17.32465053058717,26.334367458185604,0.22428273244059851,0.42016318839442834,3,1.1804076573218136,1.089195136703871,0.1892559642841986,0.0,0.0,0.0,0.09237871013040685,0.09687725415379174
338,1,0,1,0.07086225544875074,3.9015858467698767,17.345546337046834,26.342624106329108,0.21070295799222905,0.40427992380140815,3,1.1206279043224785,1.0914754497193195,0.1767782342483384,0.0,0.0,0.0,0.08147864669021695,0.09529958755812143
339,1,1,1,0.005736683569339669,3.9073225303392163,17.408135994467475,26.35638335519078,0.41902574882788496,0.3882893058410764,3,1.1685531673667136,1.0922042610843987,0.18743399584757817,0.1585729669004765,0.0,0.0,0.09149028808558797,0.09594370776199021
340,1,0,1,0.07062568782468137,3.9779482181638977,17.485683367561354,26.39884288234373,0.40328932762138575,0.3715835739268763,3,1.2141198839882832,1.0941129837414563,0.19465291872419627,0.0,0.0,0.0,0.0944185272389955,0.10023439148520075
341,1,0,1,0.0706357200487822,4.0,17.55883232529259,26.435279821374124,0.38763409479207156,0.355000226334864,3,1.2066990530092605,1.0971131562476273,0.193431482527959,0.0,0.0,0.0,0.093931396975885,0.099500085552074
342,1,0,1,0.07096027894381922,4.0,17.546278485747038,26.394863469642086,0.37486120130141315,0.34015841422547033,3,1.0468826123890742,1.0998528036666677,0.16568823360031293,0.0,0.0,0.0,0.07663736094395088,0.08905087265636205
343,1,0,0,-0.16937403941142637,3.8306259605885735,17.615633507565466,26.435327917165516,0.35927512521275906,0.3234808666803885,3,1.2083480182265898,1.098528548884728,0.1935817418024153,0.0,0.0,0.0,0.09351645653192424,0.10006528527049106
344,1,0,1,0.07102349023298206,3.9016494508215556,17.58407971626874,26.38377788641676,0.3469617104628253,0.3089084169457507,3,1.0181702135727906,1.1012740356182746,0.16131518690742913,0.0,0.0,0.0,0.07388048849960241,0.08743469840782671
345,1,1,0,-0.23405415245457575,3.66759529836698,17.57638885270906,26.353152785251623,0.48709062762407224,0.29387174063645166,3,1.0608804753423213,1.0991964400671375,0.16767629211136104,0.5817702627769519,0.0,5.551115123125783e-17,0.07745623425556657,0.09022005785579446
346,1,0,1,0.07114041248778252,3.7387357108547623,17.52427589628171,26.27023990572964,0.47554328953372965,0.28012433374671725,3,0.9632127049996843,1.0982385409490172,0.1517684698804614,0.0,0.0,0.0,0.06928402854205515,0.08248444133840623
347,1,0,1,0.07113442631740695,3.8098701371721693,17.477913233009332,26.19382017904436,0.4638235090559386,0.2662839179330041,3,0.9720805050926238,1.0948628950502837,0.15336117774902516,0.0,0.0,0.0,0.07031868286674625,0.08304249488227894
348,1,0,1,0.07067242540670296,3.880542562578872,17.54395884380899,26.233130428061816,0.4483964485131054,0.24975000469929778,3,1.1971491951184587,1.0917933353013423,0.19176584265923727,0.0,0.0,0.0,0.09256236325699939,0.09920347940223787
349,1,2,1,0.005678838186479789,3.886221400765352,17.604240508059867,26.265773263174747,0.43309830031096225,0.4815961267373696,3,1.1873517311605781,1.0944272317967703,0.19022865325777416,0.010483503726654075,0.0,5.551115123125783e-17,0.0917888892128592,0.09843976404491493
350,1,0,0,-0.1693890767410657,3.716832324024286,17.674970443150773,26.31161360642958,0.4174137878089985,0.4648868521394966,3,1.213320622626609,1.0967503442808655,0.19436272259902038,0.0,0.0,0.0,0.09410707501178227,0.1002556475872381
351,1,0,1,0.0706186548269532,3.7874509788512394,17.740138586756984,26.354170833477653,0.4018415412919436,0.44822846519087517,3,1.2073899718937873,1.099664601239509,0.19338380079405823,0.0,0.0,0.0,0.09343347910232938,0.09995032169172885
352,1,0,1,0.07061563113921507,3.8580666099904546,17.80127927720217,26.393587051797645,0.3863404086489597,0.4316172000506498,3,1.2029146442710497,1.102357735505866,0.19267438669925593,0.0,0.0,0.0,0.09300679585790367,0.0996675908413523
353,1,0,1,0.07062844333441254,3.928695053324867,17.856450226866897,26.424843225201602,0.3709568755081096,0.4151829930843322,3,1.1912987812936775,1.1048716582249956,0.190906440643006,0.0,0.0,0.0,0.09230119884510052,0.09860524179790552
354,1,0,1,0.07086318943365538,3.9995582427585226,17.850608357928426,26.40711726360012,0.357760730683978,0.3998479493333424,3,1.083464505761759,1.1070323363017125,0.1711871314507284,0.0,0.0,0.0,0.07917686894478934,0.09201026250593909
355,1,0,1,0.0706121807168985,4.0,17.906027680786757,26.445462312332815,0.3423295828913275,0.38323059330044834,3,1.2002075121292366,1.1064431405382136,0.19229102295326717,0.0,0.0,0.0,0.09258688675590321,0.09970413619736394
356,1,0,1,0.07089937816659715,4.0,17.887002910299202,26.419827432800673,0.32942785262690105,0.3680657750583353,3,1.0641275998082906,1.1087872498279894,0.16839929103923656,0.0,0.0,0.0,0.07741038158655845,0.09098890945267811
357,1,0,1,0.07062306603049937,4.0,17.937885341773082,26.456897832516812,0.314123296694845,0.351471761887365,3,1.195623589767519,1.107670758577497,0.19139141461815834,0.0,0.0,0.0,0.09182733559233634,0.09956407902582198
358,1,0,1,0.07062745680293753,4.0,17.984265166135742,26.490358383891387,0.2989138240531948,0.33493123922434603,3,1.1897099550944763,1.1098695793572475,0.190499971828015,0.0,0.0,0.0,0.09125683584990135,0.09924313597811368
359,1,0,1,0.07087843441268601,4.0,17.96773962735096,26.465515299480103,0.28593036096783586,0.3197094988703715,3,1.0704969655546177,1.1118655887506783,0.1692312206360012,0.0,0.0,0.0,0.07790077851215352,0.0913304421238477
360,1,0,0,-0.16914440270638112,3.8308555972936187,17.95334123445439,26.45492772506948,0.27288717308567545,0.30417067277120075,3,1.085845405863582,1.1108313731707766,0.17149208388798645,0.0,0.0,0.0,0.07825912729296236,0.0932329565950241
361,1,0,1,0.07093558152596402,3.9017911788195825,17.929109711213506,26.42121722071747,0.2601391400597451,0.2891801075078228,3,1.0522646963952014,1.1102067239880968,0.1664315897358498,0.0,0.0,0.0,0.07648819815558217,0.08994339158026762
362,1,0,0,-0.16905317717967708,3.7327380016399054,17.9003561455895,26.389548500530722,0.2475129187578078,0.2741542677365285,3,1.0483358874875197,1.1087581732982745,0.16591236643938964,0.0,0.0,0.0,0.07575732781162378,0.09015503862776592
363,1,0,1,0.07091746922959603,3.8036554708695016,17.8797808975693,26.37541567798561,0.23472862447288023,0.2587554275250275,3,1.0725395455876976,1.1072476161530056,0.16909880697857152,0.0,0.0,0.0,0.07670576570956562,0.09239304126900592
364,1,0,1,0.0709912516886642,3.874646722558166,17.84938203666193,26.339352567179084,0.22221797647224784,0.24387017309689182,3,1.0399179426749794,1.1063799143888728,0.16437541457260824,0.0,0.0,0.0,0.07506388800379406,0.08931152656881418
365,1,0,1,0.07068583933588657,3.9453325618940527,17.8912729459061,26.373928154331693,0.2072069996568089,0.22736475334652437,3,1.181184861492801,1.1047183650960255,0.18909837939483864,0.0,0.0,0.0,0.09006586089263377,0.09903251850220489
366,1,0,1,0.07100630637035536,4.0,17.848649346828466,26.34182121663041,0.19502893079377673,0.21237165564998275,3,1.0318994907270285,1.106630027505945,0.16302699935744236,0.0,0.0,0.0,0.0730684131781929,0.08995858617924947
367,1,2,1,0.006002766811647602,4.0,17.808118427901483,26.313333737466216,0.18280454790977665,0.44729631216525495,3,1.0357433659952964,1.104761764086472,0.16379835821236724,0.0,0.0,0.0,0.07334629730400055,0.09045206090836673
368,1,0,1,0.07071171321044051,4.0,17.845559609859524,26.331583581924598,0.16795706983974656,0.43123253474241463,3,1.1587273305506156,1.1030363041341926,0.18546753295722251,0.0,0.0,0.0,0.08908486842018061,0.0963826645370419
369,1,0,1,0.07069941460803258,4.0,17.883135702153254,26.353900423907007,0.15306074372979991,0.41506986106257227,3,1.1643215140707353,1.1044285797946032,0.18635399873873407,0.0,0.0,0.0,0.0893779566596796,0.0969760420790545
370,1,0,1,0.07078817856831837,4.0,17.885569961232516,26.3790745371886,0.1395669973226924,0.39879378132696686,3,1.1335342755123676,1.1059259031515065,0.1786189568562776,0.0,0.0,0.0,0.0809624784426452,0.09765647841363242
371,1,2,0,-0.23417406742863178,3.765825932571368,17.883505941792006,26.396489103676092,0.12619289290064414,0.4838932771745578,3,1.1219666595075077,1.106616112460528,0.17688496348494254,0.8927626879618011,0.0,5.551115123125783e-17,0.08024462653228942,0.09664033695265312
372,1,0,1,0.0707469503170978,3.8365728828884658,17.892205737446165,26.430079630507052,0.11248648404941335,0.4673971957389284,3,1.1492901986218196,1.1069998761367024,0.18121494172116126,0.0,0.0,0.0,0.08223845310738508,0.09897648861377618
373,1,1,1,0.005800087277656126,3.842372970166122,17.909206205073197,26.404993540323925,0.33579076374091704,0.45231064707519697,3,1.0999715116427362,1.1080571341988303,0.17645612185982157,0.07423749197354435,0.0,0.0,0.08593682987743313,0.09051929198238845
374,1,0,1,0.0708288257847249,3.9132017959508465,17.907668221504153,26.401114166987735,0.32241275917800244,0.4366573955600835,3,1.102437636729698,1.1078549936349282,0.1741875364681687,0.0,0.0,0.0,0.080268027377488,0.09391950909068074
375,1,0,1,0.07062005047866095,3.9838218464295077,17.958505789643745,26.43960707108464,0.3070940097816441,0.4200441351757925,3,1.1970500319487933,1.1077195597122973,0.19159205868389595,0.0,0.0,0.0,0.09191249637814994,0.09967956230574604
376,1,0,1,0.07063180374920579,4.0,18.00484069887697,26.469132106349807,0.29184757398581374,0.40361888008265917,3,1.1858127660166051,1.1099528215182095,0.19003014533378249,0.0,0.0,0.0,0.091478614774982,0.09855153055880048
377,1,0,1,0.0708209662093056,4.0,17.998226144218307,26.46653781662066,0.27858003484539,0.38790982429741305,3,1.1026404757428545,1.1118493201306694,0.17385956955401802,0.0,0.0,0.0,0.07960523484254223,0.0942543347114758
378,1,0,1,0.0708367463188742,4.0,17.988206902851292,26.461445851049177,0.26538387928481616,0.37224845733118833,3,1.096507892082474,1.1116190990209742,0.1731451351607921,0.0,0.0,0.0,0.07917693336344307,0.09396820179734902
379,1,0,1,0.07063906040262082,4.0,18.02736305647272,26.490795842041727,0.2503307861620155,0.3558052831815679,3,1.1797474634614895,1.1112413188475116,0.18897760363452704,0.0,0.0,0.0,0.09031855873680461,0.09865904489772243
380,1,0,1,0.07063005296976184,4.0,18.06813914607484,26.52302438216777,0.23521765960613394,0.3392725243568302,3,1.1859586021910262,1.1129539724628612,0.1898753122837155,0.0,0.0,0.0,0.09067875933528925,0.09919655294842628
381,1,0,1,0.07063754781582886,4.0,18.10378877849496,26.549277790711074,0.2202112641211694,0.3228587385486866,3,1.1766821291694878,1.1147790882060653,0.188521087758649,0.0,0.0,0.0,0.09003837290978711,0.0984827148488619
382,1,0,1,0.07064355521692606,4.0,18.14027214498071,26.57661698028759,0.20516224147711504,0.30641338631250054,3,1.1801492202924222,1.1163266642301508,0.1889662492814424,0.0,0.0,0.0,0.09029413586432612,0.09867211341711629
383,1,1,1,0.005663204707014712,4.0,18.16796532772141,26.591275623643288,0.4098289029413367,0.2902455113336926,3,1.1602740542281031,1.1179222281317078,0.1858732510883349,0.18313402999918216,0.0,0.0,0.08886600121548757,0.09700724987284733
384,1,0,1,0.0705732176587891,4.0,18.20909113188865,26.62511878566643,0.3946208107864649,0.27359094496723,4,1.193949989974498,1.1189810237841176,0.19117595112800642,0.0,0.0,0.0,0.09124855292923092,0.09992739819877551
385,1,0,1,0.0705972684867529,4.0,18.2435613898314,26.654481442570763,0.37959721131967017,0.2570296688708669,4,1.1846881627859582,1.1208552479388771,0.18950925337894678,0.0,0.0,0.0,0.09014159680076847,0.09936765657817831
386,1,0,1,0.07102578316148615,4.0,18.174232720165747,26.58184825253855,0.3679626617269158,0.24284608827022272,4,0.9804892111121912,1.1224510708100541,0.15490878116039203,0.0,0.0,0.0,0.06980729755652673,0.08510148360386527
387,1,0,1,0.07058852342755731,4.0,18.211037395196843,26.613758794415638,0.35287946113468566,0.22623668282449458,4,1.1876172412257948,1.1189020243176075,0.19015563622775006,0.0,0.0,0.0,0.09049920355338091,0.09965643267436912
388,1,0,1,0.07103410720336172,4.0,18.146555639563225,26.539826630422002,0.34119552018372873,0.21210809192697422,4,0.9822059851130529,1.120619904740312,0.15487519109086345,0.0,0.0,0.0,0.07010364570574132,0.08477154538512213
389,1,0,1,0.07062854116853569,4.0,18.178198969438984,26.568533665304308,0.3262996948148019,0.19560821164067851,4,1.1775099215076994,1.1171595567496309,0.18837423393133512,0.0,0.0,0.0,0.08937495221356082,0.0989992817177743
390,1,0,1,0.07107964131027973,4.0,18.10753302886612,26.49103222684687,0.314763566391844,0.1816004398982725,4,0.9705009368382793,1.1186683158685824,0.15326340099218383,0.0,0.0,0.0,0.06921677053774769,0.08404663045443614
391,1,0,1,0.0710554175672829,4.0,18.04567132216025,26.420511185085864,0.30300200760514645,0.16745861237153012,4,0.9825813829259455,1.114964131392825,0.1554203178806394,0.0,0.0,0.0,0.07056935272018533,0.08485096516045405
392,1,0,0,-0.16934290613516106,3.830657093864839,18.08033577576044,26.45218386484607,0.28808541811985483,0.15095349833588953,4,1.1779916960415475,1.111654562681153,0.18853022112559326,0.0,0.0,0.0,0.08949953691174954,0.09903068421384373
393,1,0,0,-0.1688819818934987,3.66177511197134,18.012244283670178,26.369142492955135,0.27657979214379763,0.1371330117855301,4,0.9621801270339703,1.113312991015163,0.15195667515849925,0.0,0.0,0.0,0.06903375585634292,0.08292291930215633
394,1,1,1,0.005677560787679372,3.6674526727590195,18.044490264089045,26.400327172442214,0.47211459824451524,0.12066629050306928,4,1.1729653293215776,1.109534669415633,0.18765296547166657,0.23793852561879236,0.0,5.551115123125783e-17,0.08885263777690156,0.09880032769476503
395,1,2,1,0.0056515004865862325,3.673104173245606,18.078194498740213,26.425120258687855,0.4571810193857971,0.35436649887741334,4,1.1696177568100916,1.1111204359132816,0.18740022290624464,0.0,0.0,0.0,0.08960147315230924,0.09779874975393538
396,1,0,1,0.07106297590564718,3.744167149151253,18.012798454647672,26.35111707945314,0.4455556719878467,0.3403655100816707,4,0.9731836456084424,1.1125828689357018,0.15375801716215834,0.0,0.0,0.0,0.06975208438770256,0.08400593277445578
397,1,1,0,-0.23438660340150297,3.5097805457497504,18.058471975361922,26.390239780193774,0.4847871690990453,0.32373726496946725,4,1.193894109807402,1.1090978883525202,0.19104645607894916,1.17333403192708,0.0,0.0,0.0912769854057282,0.09976947067322092
398,1,0,1,0.07109035039923203,3.5808708961489826,17.988779320124898,26.313487998089826,0.4733773756054478,0.3098162707443448,4,0.9647733565479246,1.1112177938888923,0.15198472631231932,0.0,0.0,0.0,0.06845876096158454,0.08352596535073481
399,1,0,1,0.07062401018201866,3.6514949063310014,18.035041363234036,26.351578478758604,0.45816000275724483,0.29323591817328803,4,1.1919092067332853,1.107556682955368,0.1907863525155587,0.0,0.0,0.0,0.09130423708921823,0.0994821154263405
400,1,0,1,0.0706360031704361,3.7221309095014377,18.07473531102726,26.383869335815444,0.4431169226861078,0.2767707225214335,4,1.18165030089988,1.109665496049816,0.1890496543379498,0.0,0.0,0.0,0.09025848042682234,0.09879117391112745
401,1,0,1,0.07105945495260188,3.7931903644540395,18.016530482623747,26.31261217933637,0.43133343944827823,0.26271588729166967,4,0.9820031312884783,1.1114651161710678,0.15502991080556017,0.0,0.0,0.0,0.07070089942697734,0.08432901137858283
402,1,0,1,0.07109404515289208,3.8642844096069315,17.95127473904563,26.238778972857013,0.419764002366565,0.24877466231930986,4,0.9691396164915277,1.108228566549003,0.15306397232443816,0.0,0.0,0.0,0.06941662249027925,0.08364734983415889
403,1,1,1,0.006114614355947444,3.870399023962879,17.886610916783532,26.16514260013995,0.4884574617856059,0.23489142652125583,4,0.9664511478184077,1.104751342797566,0.15255464407468908,1.01858401419939,0.0,5.551115123125783e-17,0.06925522928636482,0.08329941478832428
404,1,0,1,0.07064274651259006,3.9410417704754694,17.93350357802798,26.206554741301737,0.4732827702985267,0.21831680101962328,4,1.1895986403293197,1.101293837923087,0.19049590193226995,0.0,0.0,0.0,0.09104814892247488,0.09944775300979511
405,1,0,0,-0.16935156821872238,3.771690202256747,17.976058971897775,26.243708010241413,0.4581950684654448,0.20181692169825427,4,1.1832101207927124,1.103501457983243,0.18952548692670593,0.0,0.0,0.0,0.09052621099849173,0.09899927592821424
406,1,0,1,0.07064422158418726,3.842334423840934,18.017830599439648,26.280554765627762,0.44309829034246756,0.18531517530213845,4,1.1841125574817049,1.1054941745534799,0.1895911471145585,0.0,0.0,0.0,0.0905806687378635,0.099010478376695
407,1,2,0,-0.23435345833941443,3.6079809655015196,18.057220473448965,26.313407556038573,0.4280606088070824,0.41886870541847926,4,1.1797022985468157,1.1074596341266854,0.1889049085142657,0.0,0.0,0.0,0.09022608921231062,0.09867881930195509
408,1,1,1,0.005966436630301263,3.6139474021318208,18.021248979534082,26.262737274997342,0.48750259208914554,0.404345100963162,4,1.0226239257810668,1.1092657007371887,0.1621260741970297,1.0683636528424947,0.0,5.551115123125783e-17,0.07498444746512631,0.0871416267319034
409,1,0,1,0.07059256810543271,3.6845399702372537,18.071482085617568,26.308539230735075,0.47214261233536486,0.3876191665924779,4,1.2031347181845078,1.1070996563632856,0.19251548474678878,0.0,0.0,0.0,0.09215987852268398,0.1003556062241048
410,1,0,1,0.07058252818525058,3.7551224984225042,18.117824676264455,26.356623853108868,0.4568575380592934,0.3708164682362725,4,1.2039277459294917,1.109500532908816,0.1925266357936611,0.0,0.0,0.0,0.09171044565642872,0.10081619013723239
411,1,0,1,0.07058654037810129,3.8257090388006056,18.163850728955303,26.401354360477526,0.44153849784261023,0.35407162767071426,4,1.2026177732938454,1.111861213234333,0.19238328469344862,0.0,0.0,0.0,0.09191424130009945,0.10046904339334915
412,1,0,0,-0.16942344968008274,3.656285589120523,18.20615265531758,26.445431054794298,0.426302629839298,0.33730577378469007,4,1.2005087479148675,1.1141301272358208,0.19201033133601886,0.0,0.0,0.0,0.09141520801987325,0.10059512331614563
413,1,0,1,0.07058369819212999,3.726869287312653,18.246654694805386,26.484454052134563,0.4110855965942444,0.3206416154018395,4,1.1958146295808656,1.1162895927527972,0.19128714976742534,0.0,0.0,0.0,0.09130219947032184,0.09998495029710347
414,1,0,1,0.07060524271078193,3.7974745300234347,18.27853335783061,26.514589211189584,0.39612318031166754,0.30415280429499236,4,1.1802915407537473,1.118277718673499,0.18870736433654356,0.0,0.0,0.0,0.08977449769546104,0.09893286664108253
415,1,0,1,0.07059342083274323,3.8680679508561777,18.31119744385067,26.547344180325766,0.38110774779439244,0.28758972180868875,4,1.1852471193817444,1.119828064225505,0.18947109002147272,0.0,0.0,0.0,0.09009259510365093,0.0993784949178218
416,1,0,0,-0.16940184822615553,3.698666102630022,18.338533811429862,26.57725230318782,0.36621848082179476,0.27106419298537826,4,1.1787080310456561,1.121463540604411,0.18848877477544843,0.0,0.0,0.0,0.08933560183558571,0.0991531729398627
417,1,0,1,0.07060608155529448,3.7692721841853167,18.36448193877848,26.604208283578856,0.35134098431297617,0.25460479679294157,4,1.1757987606050988,1.1228946528654422,0.18802135620753227,0.0,0.0,0.0,0.08926497905291177,0.09875637715462052
418,1,2,1,0.00602633783913416,3.775298522024451,18.297499858692735,26.525614734286343,0.33961559365005983,0.48190001968007296,4,0.978641626180679,1.1242172555589334,0.15437764519235014,0.05220336146235871,0.0,0.0,0.07035234397749748,0.08402530121485269
419,1,0,1,0.07081749532195607,3.8461160173464073,18.276986809812897,26.509360234954244,0.3265114207196596,0.46646449838427434,4,1.0838103166125364,1.1205778648244773,0.1712381653571935,0.0,0.0,0.0,0.0786250375824015,0.09261312777479198
420,1,1,1,0.005604680385944232,3.8517206977323517,18.308196325019487,26.53212131937623,0.48498990053242697,0.45017199894879245,4,1.1736292757477575,1.1196586761191787,0.18781559341832943,0.45906852431795797,0.0,1.1102230246251565e-16,0.09006059680543818,0.09775499661289125
421,1,0,1,0.07085969948326191,3.9225803972156137,18.27667249936397,26.48941960086779,0.4721546437524893,0.4353329385540356,4,1.0467823969459316,1.121007941109893,0.16604590304816688,0.0,0.0,0.0,0.07701154067962614,0.08903436236854077
422,1,0,1,0.07054377230025738,3.993124169515871,18.31847431006352,26.530071787681543,0.45684245192209977,0.4186075352645531,4,1.2016063000190957,1.119152302505794,0.1922255707192325,0.0,0.0,0.0,0.09187315098233702,0.10035241973689546
423,1,0,1,0.07087560848626723,4.0,18.281809269246068,26.487663442616828,0.4441607445211498,0.4037650529704635,4,1.042140266561463,1.1212136524436267,0.1651451381702372,0.0,0.0,0.0,0.07609024440569981,0.08905489376453737
424,1,0,1,0.07089258014697652,4.0,18.247265355479026,26.442143076204346,0.43144461346404156,0.3890248877069227,4,1.0391725376170458,1.1192368177965726,0.16473777792389488,0.0,0.0,0.0,0.07629678634264958,0.08844099158124526
425,1,0,0,-0.16943987188627224,3.830560128113728,18.287939439783532,26.486253952572376,0.41618265189776665,0.3722422398617089,4,1.2020201714646213,1.1172352107920844,0.19226765646893182,0.0,0.0,0.0,0.09157176939764934,0.10069588707128246
426,1,2,1,0.005568270211419934,3.836128398325148,18.326515695608677,26.523837283212877,0.40094311761614443,0.48334191189817327,4,1.1955144212745452,1.1193548348088977,0.19138573430069342,0.7334534391702532,0.0,0.0,0.09143720568973328,0.09994852861096014
427,1,0,1,0.0707838280136506,3.9069122263387985,18.312967300422905,26.506199336037273,0.38759357033258635,0.467935682696549,4,1.0900724821091603,1.121258824470539,0.17253465891109404,0.0,0.0,0.0,0.0800972837013483,0.09243737520974574
428,1,0,1,0.07078990181827452,3.9777021281570732,18.29836865258717,26.495296998826486,0.37431286606755787,0.45239570723774164,4,1.0949781808649832,1.1204791659115045,0.17292407834301546,0.0,0.0,0.0,0.07968422559017135,0.09323985275284409
429,1,0,1,0.07082916863689903,4.0,18.278324076750817,26.471217032173872,0.36117151406141085,0.43716183661253155,4,1.0757170987963764,1.1198416412853414,0.17025133578814228,0.0,0.0,0.0,0.078848112036882,0.09140322375126028
430,1,0,1,0.07084528429245766,4.0,18.25574771299918,26.44495467352172,0.3481424881234705,0.4219864878492194,4,1.0698998053193292,1.1187385277231172,0.16922624820751575,0.0,0.0,0.0,0.07817415562764213,0.09105209257987362
431,1,0,1,0.0705935229431344,4.0,18.293851311860955,26.482849951769957,0.33294566557555055,0.40536599691742464,4,1.1935164367730335,1.1175175596630225,0.19090388087828783,0.0,0.0,0.0,0.09118093528751936,0.09972294559076844
432,1,0,1,0.07057091402996771,4.0,18.33312662369039,26.5230687961162,0.3176686076701538,0.3886597225713133,4,1.1989116877664465,1.119417531590773,0.19189999350904857,0.0,0.0,0.0,0.09166234743238032,0.10023764607666823
433,1,0,1,0.07085158421685597,4.0,18.30360859733576,26.499601291735722,0.3047583455408953,0.37339621275656526,4,1.068419354760059,1.1214048854951648,0.1690426316640394,0.0,0.0,0.0,0.07746157277555123,0.09158105888848818
434,1,0,0,-0.16940351927720002,3.8305964807228,18.336884004906775,26.535193731715513,0.2896480306951337,0.3567927140547131,4,1.188948094777594,1.1200802472267872,0.19028288128568271,0.0,0.0,0.0,0.09066188907456972,0.09962099221111301
435,1,0,1,0.07060612753506501,3.901202608257865,18.366528417737698,26.56806107936751,0.27464517894745294,0.34023220818360383,4,1.184313703898472,1.1218019434155573,0.1893801457127402,0.0,0.0,0.0,0.09001711048608464,0.09936303522665557
436,1,2,1,0.0055942206753055715,3.9067968289331705,18.394424918582544,26.602929549377194,0.25968528106510996,0.48335998143869324,4,1.186129708282162,1.12336473742763,0.18959949866189807,0.5413932491016227,0.0,0.0,0.08975938729405744,0.09984011136784066
437,1,0,1,0.07060842479645944,3.97740525372963,18.420955971404055,26.61770915559064,0.2447057535807482,0.4672102911725878,4,1.1662445207339502,1.1249338616989935,0.18677530650280352,0.0,0.0,0.0,0.08987716490617105,0.09689814159663249
438,1,0,1,0.07059839996819389,4.0,18.444791126555568,26.64020486824466,0.22980921962261677,0.45085521171759146,4,1.1722974959804007,1.1259666281748675,0.18750968047876673,0.0,0.0,0.0,0.08937920374878855,0.09813047672997818
439,1,0,1,0.07062166504482696,4.0,18.4652563414972,26.65407262359531,0.21499394322545087,0.43469728703888255,4,1.1614578701622933,1.1271248998700056,0.18583920645524882,0.0,0.0,0.0,0.08889165838299523,0.09694754807225359
440,1,0,1,0.0707405858363247,4.0,18.44538177746173,26.66363286339094,0.20177790886389466,0.418601089496591,4,1.1176688998874693,1.1279832241273127,0.17587339142308653,0.0,0.0,0.0,0.07929620616933739,0.09657718525374917
441,1,1,1,0.005617026049314886,4.0,18.46339395005849,26.682645609773623,0.419397598210312,0.40228349036882466,4,1.1647502850007574,1.1277253660213167,0.18632339279957502,0.1058640658885186,0.0,0.0,0.08841779803297717,0.09790559476659783
442,1,1,1,0.0058269194703390965,4.0,18.431229579120824,26.644706775543405,0.4870824495516584,0.3872454170174822,4,1.0585477838279183,1.128650988995803,0.16773374279810407,1.0163855892618723,0.0,5.551115123125783e-17,0.0775053026900495,0.0902284401080546
443,1,2,1,0.005931240698859408,4.0,18.375123629257253,26.581295130009213,0.4749326228247612,0.4855637551823912,4,1.007380813468843,1.1268984088666056,0.15951642926703632,0.8234725021048935,0.0,0.0,0.07289896036138341,0.0866174689056529
444,1,0,0,-0.16947598916559894,3.830524010834401,18.415464509074514,26.619169414100668,0.4595728503592234,0.468849243749919,4,1.2021256328903809,1.1239104689816617,0.19244570338806075,0.0,0.0,0.0,0.09215863479322706,0.10028706859483368
445,1,0,1,0.0705266270440153,3.9010506378784164,18.454018701033522,26.65527748123154,0.4442589759769504,0.4521520302086787,4,1.2005281071692602,1.1258658480793797,0.1920665275410786,0.0,0.0,0.0,0.09188324629363742,0.1001832812474412
446,1,0,1,0.07051165702557556,3.971562294903992,18.49125754121636,26.692601950667754,0.42893541210872804,0.43539486760630464,4,1.2022957141756772,1.1277324045566266,0.1924843588235784,0.0,0.0,0.0,0.09194138320933426,0.10054297561424413
447,1,0,1,0.07079712307989595,4.0,18.465740762775884,26.655671636783897,0.4158403125069792,0.42033390669859344,4,1.0671493949727677,1.129596487297103,0.16893636305676044,0.0,0.0,0.0,0.07857059761049281,0.09036576544626765
448,1,0,1,0.07053808327372761,4.0,18.499002344081227,26.687242773049856,0.4006362343737116,0.40372247189124444,4,1.192868027560297,1.1280353099889946,0.19089307764369945,0.0,0.0,0.0,0.09122446879960568,0.09966860884409376
449,1,0,1,0.07055084489359566,4.0,18.52960191349199,26.712849046350133,0.3854623395891011,0.3872418731944882,4,1.1858619706393216,1.129656127928277,0.18992696088820096,0.0,0.0,0.0,0.09104336870766339,0.09888359218053758
450,1,0,1,0.07077836463718136,4.0,18.503914771763377,26.68894781805881,0.37235169008930713,0.3718815299694124,4,1.0814729039761133,1.1310612739960533,0.17082595634921827,0.0,0.0,0.0,0.07866389699876401,0.0921620593504543
451,1,0,1,0.07055587895724834,4.0,18.529625754905958,26.716011293761746,0.357341255714639,0.35535201410234185,4,1.1825960235910722,1.129821564745555,0.18923970145043226,0.0,0.0,0.0,0.09006260624800873,0.09917709520242354
452,1,0,1,0.07055469406684484,4.0,18.55452045093098,26.744284306456144,0.3423448684950389,0.3387847223157612,4,1.1843086349361125,1.1311409262166927,0.1893820740370843,0.0,0.0,0.0,0.08997832331760035,0.09940375071948393
453,1,0,1,0.07054334382962252,4.0,18.583231936036135,26.77332567856908,0.3272329004573552,0.32217465109479354,4,1.1902229761527703,1.1324701189346782,0.19033223555190784,0.0,0.0,0.0,0.09067180822610198,0.09966042732580588
454,1,0,1,0.07080116163016036,4.0,18.55118503084703,26.74290403533692,0.31425932577589377,0.30691999336854675,4,1.0714453919438642,1.1339139403651304,0.16936939444624985,0.0,0.0,0.0,0.07784144808876897,0.09152794635748088
455,1,2,1,0.005568645872798735,4.0,18.572204267068862,26.771071826279844,0.2993749319159574,0.48340439830693255,4,1.1815392538193548,1.132352226654599,0.1888799733180228,0.3415199602112806,0.0,5.551115123125783e-17,0.08930636315961822,0.09957361015840457
456,1,0,1,0.07070301903596689,4.0,18.556475927249533,26.772739702418413,0.28592301593706054,0.4674385274967807,4,1.1195214386529597,1.1335819023337177,0.1765067207342919,0.0,0.0,0.0,0.08071149587338075,0.09579522486091117
457,1,0,1,0.07068456728432818,4.0,18.540423344788422,26.77995340018088,0.2725403589025927,0.45131963550724813,4,1.124391506043052,1.1332303907416987,0.17700929414400265,0.0,0.0,0.0,0.08029594220680718,0.0967133519371955
458,1,2,1,0.0056035928717319975,4.0,18.558283460216657,26.784480462042467,0.2577033713405357,0.48398847364976705,4,1.1553965959140498,1.1330094186242325,0.18509108347373968,1.2079178130434884,0.0,5.551115123125783e-17,0.08902192537234169,0.09606915810139802
459,1,0,1,0.0706076819658328,4.0,18.573676792203088,26.786565176945828,0.24294062024212734,0.4680377053090938,4,1.151047144946274,1.133569098056478,0.18428111663448962,0.0,0.0,0.0,0.08857650659045035,0.09570461004403928
460,1,0,0,-0.16938449458377636,3.8306155054162234,18.585168461668005,26.786715171388277,0.22827512641345207,0.45213115993445646,4,1.1456477131360867,1.134006049228723,0.18343223521987534,0.0,0.0,0.0,0.08799296297205171,0.09543927224782363
461,1,0,0,-0.16940454306042765,3.6612109623557956,18.602278530913033,26.797822173998007,0.21344526424820157,0.43594789080141977,4,1.1625141626811661,1.134297090826407,0.18607878778972356,0.0,0.0,0.0,0.08897917299150304,0.09709961479822052
462,1,1,1,0.005760253740814589,3.66697121609661,18.572179109196636,26.78917630275354,0.43192221107564793,0.42018883869539736,4,1.0962572246619127,1.135002517622776,0.17267502478557487,0.11101760688588058,0.0,0.0,0.07812071214944127,0.09455431263613365
463,1,0,1,0.07085349011415026,3.7378247062107604,18.534129303462432,26.72834963097617,0.41914299855157094,0.4056095675092157,4,1.0351574077871817,1.1340338852987544,0.16415090226155216,0.0,0.0,0.0,0.07667527514446146,0.08747562711709071
464,1,0,1,0.07081885443102741,3.8086435606417877,18.50317396350497,26.682721714611535,0.40618697130228293,0.39071730522936327,4,1.0549787170388665,1.131561973360965,0.1670897371748429,0.0,0.0,0.0,0.07773616349572848,0.08935357367911441
465,1,0,1,0.07054503831001153,3.8791885989517993,18.53310281040742,26.7130874992384,0.39106876693633247,0.37409896903074946,4,1.1899420234822276,1.1296473919529126,0.19041924338738472,0.0,0.0,0.0,0.09070922619570226,0.09971001719168247
466,1,0,1,0.0705395554442394,3.9497281543960385,18.560912337764673,26.744301036092004,0.3759882285367628,0.35745496860534437,4,1.1901778219520014,1.1311547577411456,0.1903472329498499,0.0,0.0,0.0,0.09048323039741887,0.09986400255243102
467,1,0,1,0.07081433452761907,4.0,18.529029241452662,26.704779626490883,0.36299543440647297,0.3424296246817275,4,1.0612258284332847,1.132630334346417,0.1681088283234396,0.0,0.0,0.0,0.07795676478173862,0.09015206354170098
468,1,0,1,0.07084231473012018,4.0,18.49096335271797,26.66435511157873,0.3502428268916389,0.3274425449282012,4,1.0523548180517444,1.1308452216985887,0.16643812361016266,0.0,0.0,0.0,0.07651564508900444,0.08992247852115821
469,1,0,1,0.07094821854132027,4.0,18.432573271944584,26.59937304967817,0.3380738861064603,0.3130533025371502,4,1.0055108189334765,1.1288829616074176,0.15934909905737749,0.0,0.0,0.0,0.07301364471107175,0.08633545434630574
470,1,0,1,0.07086438978021893,4.0,18.393452538964958,26.5640820669403,0.3253621312780918,0.29801948957103486,4,1.0513869423230662,1.125798658040569,0.1664734067669026,0.0,0.0,0.0,0.07627052897021051,0.09020287779669209
471,1,0,1,0.07090189001641901,4.0,18.351463026747105,26.522344417495514,0.3128243310146207,0.28313737483177615,4,1.040211203484994,1.1239383651476316,0.16451949001637933,0.0,0.0,0.0,0.07522680158082705,0.08929268843555227
472,1,0,1,0.07059776296776868,4.0,18.38368858624861,26.55799361864281,0.29772053338699417,0.2665118708954064,4,1.1897199467548725,1.1218451861060654,0.19037580938397758,0.0,0.0,0.0,0.09062278576575902,0.09975302361821857
473,1,0,1,0.07060198676787202,4.0,18.40806746732987,26.59187735582821,0.2828363216029914,0.24988152889875173,4,1.181804673388942,1.1235420551222857,0.18908732268394415,0.0,0.0,0.0,0.08930527070401643,0.09978205197992773
474,1,1,1,0.0055999415177023955,4.0,18.430369645025326,26.625084733583414,0.48018167329480627,0.23326312753750247,4,1.1805081760296083,1.124998620578952,0.18880812193553534,0.2268301760810716,0.0,5.551115123125783e-17,0.08909771376803974,0.0997104081674956
475,1,1,1,0.006052114660508087,4.0,18.35046979038698,26.537664129895003,0.48859310069204015,0.21946473503501204,4,0.9590659011384597,1.1263863594652186,0.1512317508627014,1.381090039768837,0.0,1.1102230246251565e-16,0.06844139584775863,0.08279035501494279
476,1,0,0,-0.1694209120247509,3.830579087975249,18.387452262316383,26.565901550811844,0.4733694391860324,0.20297746995994628,4,1.1874232408532994,1.1222033480070495,0.19026555948644117,0.0,0.0,0.0,0.09134196903604672,0.09892359045039449
477,1,2,1,0.006176662256366278,3.836755750231615,18.286851865594222,26.444996606443425,0.4624602728810489,0.4400115397426468,4,0.9023285042376235,1.1238338453282057,0.1432505791336979,0.0,0.0,0.0,0.06545499782990094,0.07779558130379695
478,1,0,1,0.07079887755327957,3.907554627784895,18.273371073048548,26.428826870944725,0.4491943872644897,0.42461464396441745,4,1.0886456837565712,1.1182962118009412,0.17197668836873145,0.0,0.0,0.0,0.07959531369935566,0.09238137466937578
479,1,0,1,0.07077464778790002,3.978329275572795,18.264105241456644,26.423019013592434,0.4357977809442266,0.40899426381583587,4,1.102481259655634,1.117554948599832,0.17410191881306858,0.0,0.0,0.0,0.08037963792157823,0.09372228089149033
480,1,2,1,0.005894148149429738,3.9842234237222245,18.230154110455075,26.383968767957338,0.423066275765177,0.4851477918376939,4,1.044176729739564,1.117178106376227,0.16550228004813458,0.9539655828950147,0.0,0.0,0.07638903107429806,0.08911324897383656
481,1,0,1,0.07056665227956574,4.0,18.27466611695356,26.424844091896432,0.40766788435808016,0.4684891576072355,4,1.2007404023978898,1.1153530719603104,0.1923421538253313,0.0,0.0,0.0,0.0923903484425807,0.09995180538275059
482,1,2,1,0.005563109041625722,4.0,18.31665672391077,26.467814291803116,0.3923440119479127,0.4832625037305735,4,1.2024485620851446,1.1174877552212499,0.19236821207756433,1.3109349456434127,0.0,0.0,0.09194323446100491,0.10042497761655943
483,1,0,1,0.07057186191759733,4.0,18.35681126535253,26.501573119448125,0.3770069753697653,0.46674107916426943,4,1.1935251444796104,1.1196117753928472,0.19115076686670857,0.0,0.0,0.0,0.0920222194688846,0.09912854739782395
484,1,0,1,0.07077331608360433,4.0,18.345352076100724,26.491561349051544,0.36362092935459084,0.45117751795842204,4,1.0999886499716354,1.1214596096200162,0.1736976433261311,0.0,0.0,0.0,0.08031627609104672,0.0933813672350844
485,1,0,1,0.07079555159077053,4.0,18.328664676875093,26.478310009863815,0.35036971691269153,0.4357008210606015,4,1.090984097215447,1.1209228356288068,0.1723674560383192,0.0,0.0,0.0,0.07950727465139576,0.09286018138692342
486,1,2,1,0.005583936177031241,4.0,18.364258077762372,26.51374639746941,0.3351670232871023,0.4834130479748044,4,1.1912041556613464,1.120174367168473,0.190737873904709,1.114204926363609,0.0,5.551115123125783e-17,0.09121616175353513,0.09952171215117385
487,1,0,1,0.07075318299193852,4.0,18.352235282864264,26.51940721543087,0.32179855580777067,0.4674935097044075,4,1.1155881349441432,1.1219501118807946,0.17572803449837102,0.0,0.0,0.0,0.08021080487598986,0.09551722962238117
488,1,0,0,-0.16939867612902842,3.8306013238709715,18.38229181516548,26.542092443049402,0.30673227867150493,0.4511978851039977,4,1.1745328223771274,1.1217910624573784,0.1881714104200532,0.0,0.0,0.0,0.09039766281759486,0.0977737476024583
489,1,0,1,0.07060386772077283,3.9012051915917443,18.410705360408052,26.56666219920214,0.29171040931910325,0.434846308229983,4,1.1760929078506774,1.123109606455372,0.1882406773584982,0.0,0.0,0.0,0.09013121611440986,0.09810946124408834
490,1,0,0,-0.16921576750596473,3.7319894240857794,18.389454141021996,26.561880215864548,0.2785296564288171,0.4191317249600172,4,1.0984009862666113,1.124434188990255,0.17337201696151175,0.0,0.0,0.0,0.07908451734171694,0.09428749961979484
491,1,0,1,0.07077683738191279,3.802766261467692,18.373704764786527,26.56185409700865,0.26521575639171285,0.4033118308123302,4,1.1080078638307975,1.1237833589221635,0.17480276510874762,0.0,0.0,0.0,0.07988340022262518,0.09491936488612243
492,1,0,1,0.07061667966949067,3.8733829411371827,18.39966013245619,26.585163394925075,0.2502726458097038,0.3869594577797561,4,1.1726536371309684,1.1233889715448795,0.18777290168749908,0.0,0.0,0.0,0.08965866349205423,0.09811423819544485
493,1,0,0,-0.16919342093096904,3.7041895202062136,18.3767431278987,26.581116124405682,0.23713102468937838,0.37121089828327336,4,1.0976563131076489,1.1246205881845317,0.17334108370084877,0.0,0.0,0.0,0.07884972672195262,0.09449135697889616
494,1,1,1,0.005795639663795311,3.709985159870009,18.354912305657038,26.582353284340066,0.45382915213216374,0.35534001276868205,4,1.103352819000329,1.1239464813076099,0.17404799616913497,0.12098855226170113,0.0,0.0,0.07882268308158692,0.09522531308754802
495,1,0,1,0.07098848647857586,3.780973646348585,18.292402907135756,26.515855878905903,0.4418631907042519,0.3410615337141241,4,0.9944248357944828,1.1234316397499275,0.15746664289481846,0.0,0.0,0.0,0.07179576856747108,0.0856708743273474
496,1,0,1,0.07096816572329452,3.851941812071879,18.243946427572986,26.45488522921314,0.4295362514988155,0.3266493892820908,4,1.0107793403955092,1.1202064696510416,0.16043450182481772,0.0,0.0,0.0,0.07396163523261784,0.08647286659219987
497,1,0,1,0.07056874182104983,3.922510553892929,18.285477526882175,26.49761723135314,0.4142438621346058,0.30986896130916314,4,1.2017338928688406,1.1174707914196533,0.19243690402282473,0.0,0.0,0.0,0.09175433618525862,0.10068256783756613
498,1,0,1,0.07102968986808877,3.9935402437610175,18.218410324755062,26.430392051667653,0.4024798426169404,0.2956579002598901,4,0.9852849871432803,1.119577368955883,0.15585048340163088,0.0,0.0,0.0,0.07058411710599269,0.08526636629563816
499,1,0,1,0.07105713129816663,4.0,18.151470451698156,26.35900010084676,0.39079551387505934,0.2816038455591143,4,0.9778882355327726,1.1162200594105678,0.1544303006559415,0.0,0.0,0.0,0.07010597245128637,0.08432432820465509
500,1,0,1,0.07062856213749485,4.0,18.187241920378757,26.397279207106898,0.37574554800695675,0.2649970715683989,4,1.1868123387543608,1.112761763813623,0.189940439152907,0.0,0.0,0.0,0.09029979520861513,0.09964064394429187
501,1,0,1,0.07061046531407701,4.0,18.222645744861058,26.439425540107038,0.36068403090831674,0.24827319008076174,4,1.1921631856695858,1.1146130281871414,0.19071239151766353,0.0,0.0,0.0,0.09036910259184022,0.10034328892582331
502,1,0,1,0.07103902366363124,4.0,18.159599613050926,26.37411193209898,0.34885843007999345,0.23404939026654037,4,0.9881920423060095,1.1165517821242026,0.15629640385526783,0.0,0.0,0.0,0.07095360496993958,0.08534279888532825
503,1,0,1,0.07064440123022041,4.0,18.19345918772652,26.40922456412555,0.3338339284634104,0.21750994484029781,4,1.1823149953309116,1.1133427886287477,0.18938368225695337,0.0,0.0,0.0,0.09014700969949814,0.09923667255745525
504,1,0,1,0.07106937831211861,4.0,18.12555283538603,26.341073854106344,0.3221765779575201,0.20335743526753883,4,0.9790100314366081,1.1150670937963016,0.1548591604718957,0.0,0.0,0.0,0.06994410303534208,0.08491505743655363
505,1,0,1,0.07064082255296694,4.0,18.159742097322237,26.381594356861818,0.30720527177524004,0.1866881574296233,4,1.1863754319289872,1.1116656672373095,0.18984350412117357,0.0,0.0,0.0,0.08982783709368017,0.10001566702749337
506,1,0,0,-0.16891360356034124,3.831086396439659,18.089205030110996,26.30969944130485,0.29565182211022445,0.17266480111470353,4,0.971101428586398,1.1135334113546014,0.15346083587961176,0.0,0.0,0.0,0.06932069799009333,0.08414013788951843
507,1,0,0,-0.16936459610849044,3.6617218003311685,18.125188356095343,26.352454575861195,0.28064328912906944,0.15596387172668283,4,1.1887110723260852,1.1099726117853963,0.19025677421505444,0.0,0.0,0.0,0.09005119788693008,0.10020557632812435
508,1,2,1,0.00569396762944989,3.6674157679606183,18.153078175418507,26.37752806841792,0.2658580428207305,0.3896705236983149,4,1.164904385178803,1.1119410732989135,0.18647156602024162,0.0,0.0,0.0,0.08871147785003396,0.09776008817020765
509,1,0,1,0.0706356580632629,3.738051426023881,18.18909352789848,26.411681355928486,0.2508051772987084,0.3731790507581727,4,1.1834337960864485,1.1132651560959106,0.18926603077298543,0.0,0.0,0.0,0.09031719313213248,0.09894883764085297
510,1,0,1,0.07064692406066438,3.8086983500845455,18.22093510475577,26.441147190226314,0.23584912770008892,0.35677795858691325,4,1.1763267832507938,1.1150193720956743,0.1881428506192737,0.0,0.0,0.0,0.08973629759171664,0.09840655302755705
511,1,0,1,0.07082093703644124,3.8795192871209867,18.2027904340291,26.446046901237285,0.2227568009871116,0.34090794498546395,4,1.103307097658851,1.1165520573745522,0.17377404188655987,0.0,0.0,0.0,0.07855396027786397,0.09522008160869588
512,1,0,1,0.07083848551005259,4.0,18.182023367591228,26.448958400293435,0.2097375259363071,0.3250957539756212,5,1.0983653659999384,1.1162209333816597,0.17298879636388356,0.0,0.0,0.0,0.07811565030482716,0.09487314605905642
513,1,0,1,0.07063900762913974,4.0,18.21354906858285,26.476425955805098,0.19477782158436122,0.30870504648013847,5,1.174767800700398,1.1157745441971167,0.18810247108457098,0.0,0.0,0.0,0.089758226111675,0.09834424497289602
514,1,0,0,-0.16909853295123567,3.8309014670487644,18.179514832400635,26.45880915788371,0.1821030338218691,0.29332665305510663,5,1.065598341506102,1.1172493756096986,0.16831908712514418,0.0,0.0,0.0,0.07604872657495285,0.0922703605501913
515,1,0,1,0.07085618816095259,3.901757655209717,18.155003665374867,26.456005272453986,0.16922272527132498,0.27761482375076046,5,1.0886430473016193,1.1159580997571088,0.17155282712934158,0.0,0.0,0.0,0.07728185130326488,0.09427097582607669
516,1,0,1,0.07065985868933267,3.9724175138990496,18.186820289108812,26.487861582894205,0.15430233038256283,0.2611041991106969,5,1.1789481576198795,1.1152752234457215,0.18858611717295404,0.0,0.0,0.0,0.0895223693325726,0.09906374784038144
517,1,0,1,0.0706375725232669,4.0,18.22056838287321,26.51885113671947,0.13930406930311506,0.24457854793623587,5,1.1816046943897418,1.1168670468000754,0.18914347352345312,0.0,0.0,0.0,0.0899895664766867,0.09915390704676641
518,1,0,1,0.0706424824943013,4.0,18.25037860739758,26.551790532890248,0.12441261756702703,0.22799931997963344,5,1.1812351086849606,1.1184854879898172,0.18882407815614283,0.0,0.0,0.0,0.0893487104165282,0.09947536773961463
519,1,2,1,0.005647302787161946,4.0,18.27627131649653,26.58044493345125,0.10961013410787057,0.46150501047128073,5,1.174601338167153,1.120054228507196,0.18778075780505477,0.0,0.0,0.0,0.0888149007549388,0.09896585705011596
520,1,0,1,0.070731499697729,4.0,18.270043814504007,26.603705712089983,0.09610230922402106,0.4451424967509789,5,1.1384511828948969,1.1214179062486946,0.17922203162490855,0.0,0.0,0.0,0.08104694930309712,0.09817508232181141
521,1,0,0,-0.1692653014605299,3.83073469853947,18.17810588804202,26.629600231020568,0.08495812453607782,0.4287010193595431,5,1.0558003306334522,1.1218437381648498,0.16551397247627395,0.0,0.0,0.0,0.0803768386207357,0.09864886434861461
522,1,0,1,0.07075001750998042,3.9014847160494504,18.081946449210882,26.60039592711679,0.07360212969982236,0.4135768464898993,5,0.9948289102416512,1.120192652976565,0.1588810062353957,0.0,0.0,0.0,0.0864645433313526,0.09074503721786285
523,1,0,1,0.07075105599174064,3.972235772041191,17.95038255891332,26.621983663925484,0.06353726931154573,0.3972354966251035,5,1.0070824059193237,1.1170585594081919,0.15843726151843474,0.0,0.0,0.0,0.08104398849230518,0.09804809918877495
524,1,0,0,-0.1692146781985561,3.8030210938426348,17.747924401669152,26.63166246329415,0.05525100766170985,0.3811587229875082,5,0.9215297976954666,1.1143091555709703,0.14617821172458711,0.0,0.0,0.0,0.08168685016904068,0.09646064182557183
525,1,0,0,-0.16923906325954438,3.6337820305830904,17.475262510429456,26.612549410390955,0.05008495618909894,0.3657668014133923,5,0.8177147274811919,1.1094896716240825,0.12334783828036061,0.0,0.0,0.0,0.08883829325698156,0.0923515294446951
526,1,0,0,-0.16916978448790443,3.464612246095186,17.092541072136207,26.62064476566982,0.048247968625545486,0.349726380377579,5,0.7275692150061244,1.1021952980205103,0.10726445159619974,0.0,0.0,0.0,0.08251332628731997,0.09624252621487908
527,1,0,1,0.0708658664353748,3.5354781125305608,16.6891780344015,26.620937692624718,0.0472500315810164,0.3338666875252292,5,0.6897595351653429,1.0928296459451508,0.10114577938127414,0.0,0.0,0.0,0.08357300003788784,0.09515815711409961
528,1,0,1,0.07090016910371494,3.6063782816342758,16.29234557835071,26.620055904688293,0.04640015679729779,0.31803018043190473,5,0.6850386491884379,1.0827528931756556,0.10011829126225832,0.0,0.0,0.0,0.08301485881012197,0.09501904255994664
529,1,0,1,0.07096209313916917,3.6773403747734448,15.907816398743632,26.56349739056023,0.04545101263681068,0.30354186110399134,5,0.6317223433408344,1.072810037075975,0.09262478093040326,0.0,0.0,0.0,0.08983135462871635,0.08692991596748062
530,1,0,1,0.07096136738254476,3.7483017421559897,15.533295044466694,26.514838380428706,0.04448542698299185,0.28888044920103634,5,0.6386024803241364,1.0617828447325968,0.09376198534064273,0.0,0.0,0.0,0.09164414049828769,0.0879684714177297
531,1,0,1,0.07095746708662962,3.8192592092426194,15.16863926226794,26.480015653647836,0.043498902236620444,0.273917512218734,5,0.6517248266427618,1.051203335622385,0.09569677037204226,0.0,0.0,0.0,0.09354639061116475,0.0897776218938138
532,1,0,1,0.07097132910923458,3.890230538351854,14.811779839033646,26.453490255137794,0.04256737897318697,0.2587603167343475,5,0.6578315511535546,1.0412163728978945,0.0965323124869199,0.0,0.0,0.0,0.09433789426059361,0.09094317290631909
533,1,0,1,0.07107285992616423,3.961303398278018,14.462975970419881,26.435513045143864,0.04167193616643377,0.24342312406526265,5,0.6648506737465917,1.031631752354286,0.09739581285502842,0.0,0.0,0.0,0.08538740271857558,0.09202315601450918
534,1,0,1,0.07106903819359517,4.0,14.124008121042902,26.388164622393507,0.04072999658795384,0.2287945079030119,5,0.636145953261759,1.0224622253890936,0.093423334444384,0.0,0.0,0.0,0.09339783067009343,0.08777169697350444
535,1,2,0,-0.23389327224717812,3.7661067277528217,13.789992871306328,26.376175782658613,0.03993479020089135,0.46334081341263156,5,0.6668002291144434,1.0128043185859104,0.09749340526465718,0.0,0.0,0.0,0.08639498306870755,0.0927221669422822
536,1,0,1,0.07126787948331104,3.837374607236133,13.465373278425936,26.26849090795885,0.03909603066329693,0.45014194986378514,5,0.5718497487689693,1.0041542163491237,0.08422573851864537,0.0,0.0,0.0,0.08645011300725856,0.07919318129307888
537,1,0,1,0.07142036499622358,3.9087949722323567,13.148518601815763,26.118130460613642,0.03827187835702722,0.4379368051696546,5,0.5261314807042352,0.9933466046596198,0.07817578200240108,0.0,0.0,0.0,0.08090289168406413,0.07323086816478282
538,1,0,1,0.07111699506557476,3.9799119672979315,12.838937265506848,26.12726096431581,0.03747472715967389,0.4221563460326531,5,0.6812153939539904,0.9816662265607351,0.09946566200612895,0.0,0.0,0.0,0.08892924381409684,0.094682754822009
539,1,0,1,0.07113741910457742,4.0,12.536800147222529,26.133047334024763,0.036689880769950924,0.4064368873105954,5,0.6778042071701978,0.9741549557455667,0.09902583067068388,0.0,0.0,0.0,0.0889564436823566,0.09431675233234604
540,1,0,1,0.07115161376000069,4.0,12.241336781452205,26.138932747189124,0.0359416875236909,0.3907095945600056,5,0.6771682344252192,0.9667461870311822,0.0988529159810995,0.0,0.0,0.0,0.08891370505631532,0.09436375650353938
541,1,0,0,-0.1684850769715308,3.831514923028469,11.954844883957595,25.989458736544478,0.03512745743862022,0.3785871187231487,5,0.5235408300767797,0.9595067382160332,0.07762023553156476,0.0,0.0,0.0,0.08106157133120505,0.07273485502114067
542,1,0,1,0.07145925953390536,3.9029741825623745,11.676750091388158,25.877637622931516,0.034261777041557605,0.3657668847710356,5,0.5586916843301541,0.9486075905125518,0.08211548609505485,0.0,0.0,0.0,0.08499119383101647,0.07692140371267918
543,1,0,1,0.07128172169363474,3.974255904256009,11.401375174045608,25.877384928724382,0.033572450585634586,0.3503492804932324,5,0.6632320813083048,0.938859692857992,0.09664158440235687,0.0,0.0,0.0,0.08617404126097447,0.09250562566681875
544,1,0,1,0.07129519114899026,4.0,11.133362838659107,25.873820467325796,0.03286319875377463,0.335003953617931,5,0.6603922057841642,0.9319690025692497,0.09632747224296855,0.0,0.0,0.0,0.08652354340615345,0.09207196125180879
545,1,0,1,0.07132123085254032,4.0,10.872780947269085,25.866813676973045,0.03212352460475558,0.3197380400181105,5,0.657590900906851,0.9251795826496225,0.09603352649303713,0.0,0.0,0.0,0.08567341569336633,0.09159548159892285
546,1,0,1,0.07152642485587452,4.0,10.621103383550237,25.770366163038414,0.03128427627296896,0.3066325753028955,5,0.5703647879525744,0.9184898656060534,0.08366827828200965,0.0,0.0,0.0,0.08437736143272301,0.07863278829128992
547,1,0,1,0.07153654776986612,4.0,10.374873440547908,25.681402191005695,0.030480207873534535,0.29339206426333814,5,0.5745928236296682,0.9097867386647163,0.08426747663395055,0.0,0.0,0.0,0.08339899102618326,0.07944306623734401
548,1,2,0,-0.23338470073272363,3.7666152992672766,10.135510061502458,25.5782634343199,0.029646522166524178,0.4871606670370285,5,0.5589047550575967,0.9014068907888402,0.08203811201989158,0.2603523855800288,0.0,5.551115123125783e-17,0.08106453563850065,0.07703599777782943
549,1,2,1,0.006741772520115232,3.773357071787392,9.901152014306692,25.43972274221193,0.02885361781894931,0.48800510432080135,5,0.5199455980918261,0.892844337395559,0.07672680016064092,1.4229640022221706,0.0,5.551115123125783e-17,0.0733437535584642,0.07196937407519172
550,1,0,1,0.07183588053548096,3.845192952322873,9.672381136423686,25.281398570329763,0.028072037715838497,0.4764949408766766,5,0.4964268191477893,0.8835218689129657,0.0737504612834135,0.0,0.0,0.0,0.07028060796111578,0.06906098066474864
551,1,0,1,0.07146981882253808,3.916662771145411,9.448517448310076,25.287749260099375,0.027324294370130935,0.46127749802414636,5,0.6563314943248331,0.8738444926688363,0.09579111718942687,0.0,0.0,0.0,0.08112752495884548,0.0913046571151815
552,1,0,1,0.0714709053472494,3.9881336764926605,9.228288014895778,25.294777874037436,0.02665831508707033,0.446025575554373,5,0.6552058482340062,0.8684066677102362,0.09550741051700387,0.0,0.0,0.0,0.08079258995411721,0.09151153481864023
553,1,0,1,0.07207251690522076,4.0,9.014653813170163,25.088957642315712,0.025946940143454483,0.4356891466811937,5,0.4436222137759899,0.8630766472233304,0.06628682290077116,0.0,0.0,0.0,0.06136767653193479,0.062018573239076086
554,1,1,1,0.006972652408766329,4.0,9.153652638239375,24.931604381762725,0.26502107395395436,0.4244037265137342,5,0.8342358509033705,0.8525902863871468,0.13326771814175736,0.0,0.0,0.0,0.06555519713700082,0.06771252100475654
555,1,0,1,0.07155395877314473,4.0,9.363350650595653,24.930870541927327,0.25199657028971156,0.40957311464487,5,1.0610955980209278,0.8521314255000526,0.167130693198642,0.0,0.0,0.0,0.07814702198545674,0.08898367121318525
556,1,0,1,0.07151987592768194,4.0,9.573678401363935,24.93821169106004,0.23879387524932527,0.39453859436415634,5,1.0750244297140785,0.8573555298130744,0.16942329192659997,0.0,0.0,0.0,0.07921617024231802,0.09020712168428192
557,1,0,1,0.07156134422578742,4.0,9.798859047065037,24.901554718824976,0.22493016686118864,0.38057003571173165,5,1.0513209257766345,0.8627972523105996,0.16699360224336757,0.0,0.0,0.0,0.08318225032881955,0.08381135191454797
558,1,0,1,0.07155129824137736,4.0,10.02237040927491,24.867557584999133,0.21096281065917766,0.3665519620240933,5,1.057024572531278,0.8675103441472505,0.16791257933789647,0.0,0.0,0.0,0.08380413721206573,0.08410844212583075
559,1,0,1,0.07148679895842382,4.0,10.224173622333755,24.88174551519942,0.19757132176403872,0.3514004250867402,5,1.0882393431159878,0.8722481998568512,0.1712581549949521,0.0,0.0,0.0,0.08034893337083371,0.09090922162411837
560,1,0,1,0.07147280033688116,4.0,10.451026948302529,24.873758483457298,0.18321564614206443,0.33678391337250896,5,1.0965142726649746,0.8776479784383295,0.1738331240172331,0.0,0.0,0.0,0.0861340537318457,0.08769907028538744
561,1,0,1,0.07145372401028274,4.0,10.649186453310548,24.889768083402366,0.16960502641276984,0.32157507073559444,5,1.0972887407470877,0.8831196357939957,0.17291677419725485,0.0,0.0,0.0,0.08166371837576783,0.09125305582148706
562,1,2,1,0.0064652748886353355,4.0,10.865927788984429,24.872834024602522,0.15516788973305506,0.4855865498591812,5,1.0882811402918584,0.8884738634178229,0.17310352092320072,0.4294504244135666,0.0,5.551115123125783e-17,0.08662282007828843,0.08648070084491226
563,1,0,1,0.07150106609927266,4.0,11.06556471441245,24.829403355259593,0.14108396607253768,0.47182228330379833,5,1.0496753014247646,0.8934690453396739,0.16708914129540242,0.0,0.0,0.0,0.08450354196310451,0.08258559933229788
564,1,0,0,-0.16855110487833694,3.831448895121663,11.270256906681286,24.800988934938687,0.12664708886877205,0.4577297329143218,5,1.0736519736897323,0.8973742017418012,0.17117656555945263,0.0,0.0,0.0,0.08662126322259375,0.08455530233685887
565,1,0,1,0.0714384600047423,3.9028873551264054,11.47214238849556,24.778975760051175,0.11215894029742801,0.4435092873748694,5,1.0816534529672597,0.9017811460404993,0.17225156466477864,0.0,0.0,0.0,0.08692889142806404,0.08532267323671461
566,1,0,1,0.07148512271888094,3.9743724778452862,11.65711101616305,24.73633688380209,0.09802310469558717,0.42978453860937754,5,1.0486077051320724,0.9062779537136685,0.16716350620399628,0.0,0.0,0.0,0.08481501361104511,0.08234849259295118
567,1,0,1,0.07146387939763896,4.0,11.83765619905089,24.698719411538626,0.08385991087575818,0.4159733486983718,5,1.052763908123511,0.9098361974991285,0.16784630238500803,0.0,0.0,0.0,0.08497916291897382,0.08286713946603419
568,1,2,1,0.006399611707217272,4.0,11.939802037813426,24.68730085376837,0.0716897807258994,0.48558160826466096,5,1.0041366712570134,0.913409390264738,0.15953113131118662,0.995840092190231,0.0,0.0,0.0877577049704298,0.08651035041203388
569,1,0,1,0.07127191012962643,4.0,11.941241619534942,24.75004419982223,0.062122359262600624,0.4693801806968341,5,0.979860500064923,0.9156775722895449,0.15461309418675417,0.0,0.0,0.0,0.08667615186309711,0.09720856540696148
570,1,0,1,0.07126035902064351,4.0,11.788171827313757,24.812415301095918,0.0566736069196355,0.4531344080943227,5,0.8265834545364295,0.9172821454839295,0.13016714967285925,0.0,0.0,0.0,0.08661354725262656,0.09747463561506854
571,1,0,1,0.07144805077404492,4.0,11.562317859387239,24.77675802084752,0.05314042773609742,0.4392423470006825,5,0.6535034300353284,0.9150146782102418,0.10455144166306991,0.0,0.0,0.0,0.08642515821155976,0.08335236656184142
572,1,0,1,0.07129950458135012,4.0,11.298268480582607,24.830256095997115,0.051993053645547495,0.4231821171523195,5,0.6979255933508289,0.908476897005869,0.10324562363347763,0.0,0.0,0.0,0.08604319729061048,0.09636137909017808
573,1,0,1,0.07133738992885955,4.0,11.033602265421353,24.875090663244425,0.05125178294332624,0.40731596416057375,5,0.6833814665005502,0.903213114414493,0.09964454216380192,0.0,0.0,0.0,0.0851820285697867,0.09519691795047437
574,1,0,1,0.07136454708575672,4.0,10.77459181758818,24.91390122362851,0.05055054924322786,0.39154442189829536,5,0.6775174357675546,0.8977173232166444,0.09883665577426017,0.0,0.0,0.0,0.08492329069555393,0.09462925357366994
575,1,0,0,-0.16832557897177886,3.831674421028221,10.525378651246267,24.813106505547587,0.049710898030819815,0.37908419738684457,5,0.5422044416075875,0.8922123260304172,0.07979925434315321,0.0,0.0,0.0,0.07828541350866183,0.07476134706870491
576,1,0,1,0.07140963741569606,3.903084058443917,10.278609415103162,24.84885699048307,0.04902901344173443,0.36342219537561865,5,0.6724433777122196,0.8834621289198465,0.09806331960186787,0.0,0.0,0.0,0.08300555893417705,0.09397201206735559
577,1,2,1,0.006636532829042894,3.90972059127296,10.040813375197223,24.783588527070442,0.04823029696374945,0.48677074959436667,5,0.5751221568210916,0.8781866601396559,0.08416780130170992,0.6805331722537118,0.0,0.0,0.08091558256269606,0.07937550243380004
578,1,0,1,0.07169721814116933,3.9814178094141295,9.809555166903106,24.69842141791859,0.04740687504350715,0.4740370404959348,5,0.5541847301107158,0.8706100475566918,0.08134278611204496,0.0,0.0,0.0,0.07761048881192711,0.07640225459059118
579,1,0,1,0.07169930472628766,4.0,9.583769296607187,24.626341589106815,0.04659633300697972,0.46105615273591233,5,0.5648337155128555,0.8626994146205423,0.08274857877929914,0.0,0.0,0.0,0.07773443837264758,0.07788532656013461
580,1,0,1,0.0718248781650866,4.0,9.362358284162788,24.523023772697044,0.04583869884153055,0.4488277990001473,5,0.5305239432886788,0.8552527721428502,0.07791592740728574,0.0,0.0,0.0,0.07255821243979667,0.07337012241459073
581,1,1,1,0.006837251071882414,4.0,9.532121798148713,24.422513579398704,0.2795599837038438,0.43660409905317127,5,0.916387872109081,0.8471345514214959,0.1459822974587934,0.02503219304918325,0.0,0.0,0.07264009777693725,0.07334219968185612
582,1,0,0,-0.16845208086893265,3.8315479191310673,9.763323066669841,24.418363239123494,0.265510903677557,0.42217031022712076,5,1.0759168126846017,0.8488658844386855,0.17089721311402403,0.0,0.0,0.0,0.08429448015772086,0.08660273295630318
583,1,0,1,0.07152031107902625,3.9030682302100934,9.968539311244363,24.445697336640606,0.25217003295856283,0.40697358675575473,5,1.0870924997364635,0.8545421576448333,0.17122556514216059,0.0,0.0,0.0,0.08004522431396464,0.09118034082819595
584,1,0,1,0.07148893144946752,3.9745571616595607,10.202557795492062,24.45177993042558,0.23771949025296765,0.39227675261445527,5,1.1004569942298006,0.8603559161971241,0.17488426108136834,0.0,0.0,0.0,0.08670325623357159,0.08818100484779677
585,1,0,1,0.07148969495655824,4.0,10.428504414667113,24.451284038636476,0.22332586939759067,0.37773602719662086,5,1.0918091705338906,0.8663584431479412,0.173606077639268,0.0,0.0,0.0,0.08636172513226194,0.0872443525070061
586,1,0,1,0.07144348751530671,4.0,10.659010521381969,24.46510902731484,0.20861804775978374,0.36284208572077836,5,1.116325806725808,0.8719947113325899,0.1776105786818965,0.0,0.0,0.0,0.08824692982684142,0.08936364885505507
587,1,1,1,0.006422024787776098,4.0,10.858168934578114,24.506250453025917,0.40833963668180223,0.3472668439188457,5,1.1184028276246405,0.8781029887174203,0.17644485422380063,0.21867706305568457,0.0,0.0,0.0829934034122043,0.0934514508115963
588,1,0,1,0.07130334579502932,4.0,11.105937790829625,24.55149293508907,0.39280896753379513,0.33158973948229,5,1.1771218230047644,0.8841104846901008,0.18724664150737688,0.0,0.0,0.0,0.09318401488804251,0.09406262661933436
589,1,0,1,0.07127398466014949,4.0,11.351132468272858,24.598239950246167,0.37715794837600236,0.3158360141880931,5,1.1833774607482974,0.8914357681479674,0.1884284667119382,0.0,0.0,0.0,0.09390611494675702,0.09452235176518121
590,1,0,1,0.07124852731288814,4.0,11.592722004774668,24.645737743237795,0.36141454138883794,0.3000420493997233,5,1.1878216399564168,0.8987343104629756,0.18922423065320512,0.0,0.0,0.0,0.09446044192298651,0.09476378873021861
591,1,0,0,-0.1685632516334074,3.8314367483665928,11.759936041023195,24.65161391923046,0.3479323418723205,0.2851936973637646,5,1.0790517059415037,0.9059614937003116,0.1699833093148569,0.0,0.0,0.0,0.08089319709910435,0.08909011221575253
592,1,0,1,0.07123051231730879,3.9026672606839017,11.991245699294753,24.700557202925907,0.33218237373529386,0.26933485688979003,5,1.1905416909733466,0.9102887490063414,0.1896528516660071,0.0,0.0,0.0,0.09449980882215997,0.0951530428438471
593,1,0,1,0.07144652566266803,3.9741137863465696,12.138687349423236,24.698948109516166,0.31898827575756267,0.2546240460319518,5,1.0631276292742557,0.9172950725555167,0.1674294530134169,0.0,0.0,0.0,0.07916458786638746,0.08826486514702947
594,1,0,1,0.071192613592484,4.0,12.360776893434476,24.753405816325596,0.30321860688127156,0.23860237169756768,5,1.1974881372941582,0.9209408864734852,0.19074805926405136,0.0,0.0,0.0,0.09461801325774656,0.09613004600630479
595,1,1,1,0.006195216330146746,4.0,12.5753427921425,24.798267860418136,0.4835799263301612,0.2227785885803263,5,1.1872825105445657,0.927854567744002,0.1893887293327851,0.32338605267732556,0.0,5.551115123125783e-17,0.09444603062933694,0.09494269870344817
596,1,0,1,0.07144648810713945,4.0,12.700808951067618,24.7724005099843,0.47063502488966985,0.2085606263153779,5,1.0339390748052952,0.9343402663140161,0.16297718223263813,0.0,0.0,0.0,0.07766940864294784,0.08530777358969029
597,1,0,0,-0.16889306263166262,3.8311069373683373,12.92089811726722,24.83023628544753,0.4544724212528524,0.1924062515031966,5,1.2147551781891295,0.9368302365262979,0.1939018706939923,0.0,0.0,0.0,0.09697562182090454,0.09692624887308778
598,1,0,1,0.07146906061773922,3.9025759979860766,13.029341463739371,24.797138423467764,0.4417674646795036,0.1783270351252869,5,1.0191238445602537,0.9437783600678689,0.16070503770755107,0.0,0.0,0.0,0.07622973944009255,0.08447529826745853
599,1,0,1,0.07140884093124149,3.973984838917318,13.142331000128603,24.78664293021925,0.4288475705603904,0.16375057083955216,5,1.0481560403208974,0.9456619971801783,0.1649781504290881,0.0,0.0,0.0,0.07751936471467957,0.0874587857144085
600,1,2,1,0.006530364265434626,3.9805152031827524,13.221188452446107,24.745783505620278,0.41681643419924147,0.3998982477876782,5,0.9862223759772286,0.9482243482586965,0.15530075647813701,0.0,0.0,0.0,0.07218681816689324,0.08311393831124378
601,1,0,1,0.07107848558217704,4.0,13.425784162862513,24.80696971472003,0.4006655032201469,0.38370877275269527,5,1.2149562184678149,0.9491742989516598,0.19404243608446536,0.0,0.0,0.0,0.09690558587456792,0.09713685020989746
602,1,0,1,0.0710466513695842,4.0,13.627301313001166,24.873888065517917,0.3844489856524489,0.36734531339810156,5,1.2242543478761028,0.9558188469395635,0.1954798615337498,0.0,0.0,0.0,0.09729910540618772,0.09818075612756211
603,1,0,0,-0.16895185448428857,3.8310481455157115,13.819008119161303,24.93404298577424,0.3683676641741414,0.3511006035727691,5,1.2143914608794377,0.9625297344629771,0.19395618782183902,0.0,0.0,0.0,0.09648792886984477,0.09746825895199424
604,1,2,1,0.006262997827728231,3.83731114334344,13.934307518485529,24.946845247985834,0.35473962206066884,0.4848339039208163,5,1.0969279391592124,0.9688262776233887,0.17276482915593794,0.6066036214366152,0.0,5.551115123125783e-17,0.08176825268083608,0.09099657647510184
605,1,0,0,-0.16898633669474453,3.6683248066486955,14.119882473153467,25.006349195161707,0.33857366667101135,0.46858250395123996,5,1.2171077210055952,0.9720288191617842,0.1945041321554028,0.0,0.0,0.0,0.09699573233794455,0.09750839981745828
606,1,2,1,0.00613334647230121,3.6744581531209968,14.245933930134747,25.0474729530506,0.3243775463006736,0.4841351096272191,5,1.1453310065780502,0.9781557917078794,0.18036606445871123,1.3114950237074399,0.0,5.551115123125783e-17,0.08517672222202642,0.09518934223668479
607,1,0,0,-0.1689742989718171,3.5054838541491797,14.412661363508658,25.087294535459478,0.3084810351350344,0.46831029938872265,5,1.1888841878624257,0.9823351720796336,0.19032792842481433,0.0,0.0,0.0,0.09537906699383511,0.0949488614309792
608,1,1,0,-0.23397035591719448,3.271513498231985,14.57136621364657,25.12457296154942,0.4842368672284237,0.45252033791776536,5,1.1834821737020544,0.9874988974742035,0.18931856545520157,0.35088621081020654,0.0,5.551115123125783e-17,0.0945787966294577,0.09473976882574385
609,1,0,0,-0.16882400464740213,3.102689493584583,14.67382911371415,25.129171579450173,0.47044245033340143,0.4374210937442249,5,1.0994599973482355,0.9923984793798997,0.17336196641137605,0.0,0.0,0.0,0.08276650137013349,0.09059546504124258
610,1,0,1,0.07119957815276616,3.173889071737349,14.767338580347479,25.131797823518404,0.45685162645316285,0.42236184364531687,5,1.0912107280306687,0.9950750173291082,0.17190044387487982,0.0,0.0,0.0,0.08154494328143172,0.09035550059344812
611,1,0,0,-0.16908857852435627,3.0048004932129926,14.935148594768629,25.19594566650423,0.44054110270690616,0.40586666872924954,5,1.22943626750362,0.9974784100966472,0.1968341919739443,0.0,0.0,0.0,0.09786314247753992,0.09897104949640442
612,1,0,1,0.07093809521617302,3.0757385884291657,15.090593973384525,25.251135468809892,0.4245057052114376,0.389549253771998,5,1.2139125374533806,1.0032773565318216,0.19411687471632,0.0,0.0,0.0,0.09621238497281136,0.09790448974350864
613,1,0,1,0.07121117300730022,3.146949761436466,15.162842343873887,25.239530756209597,0.4112091475228257,0.3747406995054752,5,1.0691868939439266,1.0085432360548605,0.1686306717308081,0.0,0.0,0.0,0.07977934613167174,0.08885132559913636
614,1,0,1,0.07119611287296687,3.218145874309433,15.237877398506786,25.23008624032272,0.3977673940107774,0.3598813363207598,5,1.0756498662481102,1.010059327502087,0.1698067001805825,0.0,0.0,0.0,0.08065052107228986,0.08915617910829265
615,1,0,1,0.07090598842352606,3.289051862732959,15.38448738246458,25.290171583582712,0.38170847989117046,0.34342522915799895,5,1.218394418188521,1.0116990909707377,0.1950901276942068,0.0,0.0,0.0,0.09635348471764164,0.09873664297656518
616,1,0,0,-0.16876366013974936,3.1202882025932097,15.437559088931094,25.271087744275892,0.3687321645688357,0.32877556570325345,5,1.0508543413108806,1.0168664741511821,0.16575587266248193,0.0,0.0,0.0,0.07785789193400869,0.08789798072847324
617,1,0,1,0.07122461979597022,3.1915128223891798,15.492828930239043,25.253328911626184,0.3556475484652199,0.31410002132424647,5,1.0552271794884147,1.0177161708301747,0.16656096289573644,0.0,0.0,0.0,0.07850769662169457,0.08805326627404186
618,1,0,1,0.07091018573633084,3.2624230081255106,15.623217401350605,25.31520286749953,0.33989410171916273,0.2975842696710582,5,1.2109163730315333,1.0186539460466308,0.1936151903954722,0.0,0.0,0.0,0.09452068047634303,0.09909450991912916
619,1,0,1,0.07089210179861405,3.3333151099241247,15.751353452349417,25.37482078171442,0.3240953013986044,0.2810775384657555,5,1.211214471934961,1.0234605067212534,0.19383318915516665,0.0,0.0,0.0,0.09479280192335031,0.0990403872318163
620,1,0,0,-0.16875565315211336,3.1645594567720114,15.78073663436145,25.3483081106709,0.31146156709016976,0.2665281076443373,5,1.0310248668201054,1.028154355851596,0.16309899077911666,0.0,0.0,0.0,0.07580240585060742,0.08729658492850921
621,1,0,1,0.07090062477154824,3.2354600815435597,15.900409157517707,25.404868815026802,0.2957740684459185,0.2500823993323036,5,1.204459346137972,1.0282261186258088,0.1927992417377093,0.0,0.0,0.0,0.0941249918655071,0.0986742498722022
622,1,2,1,0.005906191045400176,3.24136627258896,16.01119275114553,25.458345294819388,0.28026120456445863,0.4818041358565605,5,1.1968920227340194,1.032631949313613,0.19144930233700433,0.011297461806214382,0.0,0.0,0.09307718328875983,0.09837211904824449
623,1,0,1,0.07098719852199599,3.312353471110956,16.077073307999424,25.493325120189013,0.2663479760655259,0.4658071328111863,5,1.1375988333726441,1.036738451149123,0.17946138926584132,0.0,0.0,0.0,0.08347937099359637,0.09598201827224495
624,1,0,0,-0.16903705114284118,3.143316419968115,16.13966919568668,25.53955416079051,0.25246892313773406,0.44954254895151863,5,1.1480848889934645,1.039259960704711,0.18086182072475726,0.0,0.0,0.0,0.08327431756675104,0.09758750315800624
625,1,0,1,0.07084254173118533,3.2141589616993005,16.248010247283222,25.591523506969143,0.23682719190283974,0.43313292748293014,5,1.2022909816871041,1.0419805839119298,0.1923081162208969,0.0,0.0,0.0,0.09385038740936588,0.09845772881153102
626,1,0,1,0.0710103586592423,3.2851693203585426,16.296188362530984,25.616028343970616,0.22326979727149757,0.41731252677520997,5,1.118671296105544,1.0459883438563091,0.17626677203437355,0.0,0.0,0.0,0.08134436778805287,0.0949224042463207
627,1,0,1,0.07098863459285668,3.3561579549513993,16.349595745380867,25.644692532006957,0.20951512032903244,0.4013767512576388,5,1.1298769885487698,1.0478054176625402,0.17814271476021798,0.0,0.0,0.0,0.08252806165479079,0.0956146531054272
628,1,0,1,0.07100561099114823,3.4271635659425477,16.396111816996665,25.66788547413762,0.19592078544215943,0.3855429293799039,5,1.1195662206811485,1.0498572069346959,0.17656894058764774,0.0,0.0,0.0,0.08156600932123804,0.09500293126640971
629,1,0,0,-0.16902029510456376,3.258143270837984,16.44325650211311,25.696398742311814,0.1822746895946407,0.36956692469403607,5,1.1272578855689979,1.0515999322783571,0.1777326032003196,0.0,0.0,0.0,0.08187657508511263,0.09585602811520702
630,1,2,1,0.005978946210417498,3.2641222170484014,16.487623236007128,25.72290140437962,0.16865285200453692,0.4840627046819927,5,1.12436077707245,1.0534913811106232,0.17735479744866645,0.7174015481642161,0.0,0.0,0.08173102554062267,0.09562377190804375
631,1,0,1,0.07090896476890107,3.3350311818173024,16.541324022038825,25.77051800541156,0.1547024920123845,0.46762719569199135,5,1.1565805030733007,1.0552631160096688,0.18231521389292238,0.0,0.0,0.0,0.08370215995291423,0.09861305394000816
632,1,0,1,0.07087845768182742,3.40590963949913,16.620302171578324,25.7871576578218,0.1395810907644245,0.45193548214029483,5,1.1534138526360025,1.0577960506862596,0.18487868879793917,0.0,0.0,0.0,0.09072840748776032,0.09415028131017886
633,1,0,1,0.07088509251698169,3.4767947320161117,16.693556802654214,25.8042452058475,0.12456649698477923,0.43622054845280717,5,1.1505286748365906,1.0601864957350031,0.18437716480279812,0.0,0.0,0.0,0.09008756267787157,0.09428960212492653
634,1,0,1,0.07088740519711728,3.547682137213229,16.739004385928382,25.853018563203065,0.11069353181737414,0.4196990723417637,5,1.1566659908422836,1.0624450502125429,0.18236664767069136,0.0,0.0,0.0,0.08323779100443049,0.0991288566662609
635,1,0,0,-0.169084707393328,3.3785974298199006,16.801147876314907,25.855195128991703,0.0959386446678248,0.4042966263848779,5,1.1291206299034449,1.0648005737282864,0.18094399863861088,0.0,0.0,0.0,0.08852932289729605,0.09241467574131486
636,1,0,1,0.07088085112280619,3.449478280942707,16.82403899502671,25.869263976848686,0.08221124668257321,0.38859714686252705,5,1.1033685417014545,1.0664085751326655,0.17656126504561467,0.0,0.0,0.0,0.08940794389123824,0.09419687713410511
637,1,0,1,0.07091639419937473,3.520394675142082,16.764187242359,25.90760933259687,0.0711779345245558,0.37228984779105395,5,1.045826177377355,1.067332574296885,0.16404366737694276,0.0,0.0,0.0,0.08196546395746417,0.09784379442883825
638,1,0,0,-0.16914239544332332,3.3512522796987585,16.60757093316282,25.926727974647555,0.06200313061070067,0.3564315628845189,5,0.9292972472283978,1.0667949143738968,0.1501985329223412,0.0,0.0,0.0,0.09087712849192997,0.0951497094392105
639,1,2,0,-0.23410620829371814,3.1171460714050405,16.408404896880064,25.93041066964509,0.05414176478623395,0.4844978606404949,5,0.8678741314100411,1.0633574726952593,0.14018103110383068,0.6385893773071133,0.0,5.551115123125783e-17,0.09028912389034408,0.09301283615703032
640,1,0,1,0.07094344259545589,4.0,16.02702670421904,25.912658762132303,0.05286966484534722,0.4695199366090836,6,0.6593402889893137,1.0584703891631289,0.09750014383378901,0.0,0.0,0.0,0.08920249117899809,0.08986754418846865
641,1,0,1,0.07105405160480312,4.0,15.648814048243427,25.86038266991868,0.05193370602743629,0.45535437199533396,6,0.618003388469547,1.0484921366587836,0.09060914058996276,0.0,0.0,0.0,0.08682632938054975,0.0849933876824972
642,1,0,1,0.07091961592148509,4.0,15.277926740439764,25.907633764494577,0.051086495885668666,0.43881339162423766,6,0.7140937047262881,1.0377299179540527,0.10432914307718345,0.0,0.0,0.0,0.08663408352075298,0.09924588222657771
643,1,0,1,0.0709400561136031,4.0,14.916768366035903,25.951527824284653,0.05022025446453806,0.42233269251648053,6,0.7123746980095789,1.0296390126233586,0.10408164317332654,0.0,0.0,0.0,0.08771696198052861,0.09888419464654284
644,1,0,1,0.07113740468162166,4.0,14.565316473639834,25.888491361862087,0.04932578293308686,0.40838888273175833,6,0.6072190499393784,1.021707404758014,0.08902968789704033,0.0,0.0,0.0,0.08849694841229569,0.08366285870833315
645,1,0,1,0.07104228831536828,4.0,14.220648206518943,25.914023552380137,0.04851475606974914,0.3923560815190971,6,0.6922091192847015,1.011345195887548,0.101062968455994,0.0,0.0,0.0,0.08665193915289114,0.09619680727596772
646,1,0,1,0.07105610127264779,4.0,13.884494267926161,25.937116424647446,0.04770799496265785,0.37635661317791946,6,0.6903057276470037,1.0033667939724769,0.10083737668961296,0.0,0.0,0.0,0.08739281544215456,0.09599681004706523
647,1,0,1,0.07106950028300071,4.0,13.555812134072395,25.961765433299583,0.046940069010808355,0.3602931056851288,6,0.6915071421127119,0.9955402673143401,0.10098860066784165,0.0,0.0,0.0,0.08792362227581965,0.09638104495674465
648,1,0,0,-0.168882153740529,3.831117846259471,13.235657074923528,25.97561190233032,0.046159225502352436,0.3444733387553391,6,0.6816308490661742,0.9879394391842995,0.09960366262947348,0.0,0.0,0.0,0.0872168235678124,0.094918601578738
649,1,0,1,0.071158875548507,3.902276721807978,12.923234226741465,25.980541881368787,0.04538970139022633,0.32885579960480155,6,0.6727888552877453,0.9802817244313462,0.09832237957598212,0.0,0.0,0.0,0.087430354187989,0.09370523490322545
650,1,0,1,0.07128298979744675,3.9735597116054246,12.621707630182652,25.909683653580004,0.044491607260654605,0.3150641189118401,6,0.6002095783551608,0.9725944027027562,0.08813864893519857,0.0,0.0,0.0,0.08986779505001302,0.08275008415776827
651,1,0,1,0.07131788882626255,4.0,12.327283977980784,25.840966540582876,0.043611647320958714,0.30128163248560524,6,0.6001440168950718,0.9632847820940663,0.08797467819558462,0.0,0.0,0.0,0.08964967565794864,0.08269491855740929
652,1,0,1,0.07136521264762778,4.0,12.039109127391,25.768482543818532,0.04277801195180308,0.28761066474731595,6,0.593547415609965,0.9542062629640916,0.08702761864466936,0.0,0.0,0.0,0.08802339519258752,0.08202580642973549
653,1,0,1,0.07127751253413614,4.0,11.755054227985738,25.76937550480848,0.04207289408599008,0.27221158714578075,6,0.6620278533649261,0.9451897917802383,0.09662517280408939,0.0,0.0,0.0,0.08624140223692806,0.09239446560921144
654,1,0,1,0.07129071516350846,4.0,11.479153640976362,25.768218536202692,0.04132390372389558,0.25684886688115943,6,0.6610531877046891,0.9381107433198556,0.0966702637602951,0.0,0.0,0.0,0.08579436492546781,0.09217632158772807
655,1,0,0,-0.1686799144069958,3.831320085593004,11.208255313189246,25.763020304421254,0.04065388233900832,0.24157398706758734,6,0.6550877448609222,0.9311843044294764,0.09566940719075614,0.0,0.0,0.0,0.08496153993104152,0.09164927888143257
656,1,0,1,0.07137733938147399,3.902697424974478,10.944085049786235,25.74863813159427,0.03998571069622841,0.2265445347494616,6,0.6457294542102638,0.9242818904402625,0.09418574376543373,0.0,0.0,0.0,0.0833915402923722,0.0901767139087543
657,1,0,1,0.07154152491481827,3.9742389498892963,10.68896274044999,25.659455558137783,0.03921571832504457,0.21332371381145976,6,0.5730131967417844,0.9173180795345125,0.08394487985511422,0.0,0.0,0.0,0.08275652529035034,0.0793249256280112
658,1,0,0,-0.16845552563407165,3.8057834242552246,10.44088490429894,25.581469968107445,0.03841795864336953,0.19988295570764747,6,0.5826470312833095,0.9087104574646944,0.0854311067129239,0.0,0.0,0.0,0.08339335457391421,0.08064454862287365
659,1,0,1,0.07149188570763527,3.87727530996286,10.195537532398966,25.55967766122733,0.03776484403055711,0.18513796180065945,6,0.6334191930300672,0.9005588718101598,0.09238865111880268,0.0,0.0,0.0,0.08040147334466718,0.08846996344192813
660,1,0,1,0.07163373390748269,3.9489090438703425,9.960005809240865,25.469939163985778,0.03695831423256236,0.17203767173448037,6,0.5686101594410055,0.8938803798406574,0.08344091918504289,0.0,0.0,0.0,0.08065813512601884,0.07860174039707439
661,1,0,1,0.07162757235435098,4.0,9.729401444028259,25.394376658648454,0.03619182339846172,0.15864100065344702,6,0.5795817537807387,0.885748624330666,0.08497897149080401,0.0,0.0,0.0,0.08070000756873341,0.08038002648620018
662,1,0,1,0.07159196107023652,4.0,9.501954361402616,25.36703613676633,0.035533992003667476,0.14413352761061243,6,0.6233068480591502,0.8780944525669179,0.090991826625773,0.0,0.0,0.0,0.07737299024531594,0.08704483825700751
663,1,0,1,0.07170694301456232,4.0,9.284382426640805,25.283783162202468,0.03470162015894854,0.1309825745447632,6,0.5708998531285511,0.8717247624542237,0.08389994946340906,0.0,0.0,0.0,0.0782369309905522,0.07890571839509544
664,1,0,1,0.0716988729376902,4.0,9.071064122412519,25.21749945091289,0.033918651140709626,0.11748061900002843,6,0.5846021242032128,0.8642041397210819,0.08570954737784196,0.0,0.0,0.0,0.07789780598934322,0.0810117332684085
665,1,0,1,0.0717023297073018,4.0,8.85922031503107,25.18181927410675,0.03329645132075696,0.10327288640346012,6,0.6096901051455512,0.8572140893331353,0.08897959449912592,0.0,0.0,0.0,0.07404808304897897,0.08524639557940994
666,1,0,1,0.0717709243215774,4.0,8.657173079376545,25.107072593401575,0.03248673164487146,0.09004389975151833,6,0.5742320733687465,0.8510259897284457,0.08423223796696376,0.0,0.0,0.0,0.07549490659491959,0.07937391991165071
667,1,0,1,0.07175963715817427,4.0,8.456114552131975,25.065870407307806,0.031846281655711337,0.07603263820180486,6,0.6018454284811077,0.8441061418194531,0.08791026923324154,0.0,0.0,0.0,0.07168377737237881,0.08406756929828081
668,1,0,1,0.0717681591114617,4.0,8.259816674681048,25.028019250757445,0.0312169072243625,0.06195281339222672,6,0.6039005899847054,0.8380496239859945,0.08825519544556201,0.0,0.0,0.0,0.071458265904129,0.08447894885746897
669,1,0,1,0.07184121186923753,4.0,8.071626711854307,24.957247224158962,0.03045417997268388,0.04870635826682044,6,0.5732339087107424,0.8321958981359623,0.08405509426250932,0.0,0.0,0.0,0.07244377740337146,0.0794787307524376
670,1,0,0,-0.16816748626277533,3.8318325137372247,7.885161616786972,24.912678143275855,0.029815614442307972,0.03485437809101385,6,0.5946876724498894,0.8257218484003317,0.08694327423709501,0.0,0.0,0.0,0.06970390908779432,0.08311188105483956
671,1,0,1,0.07190900045979559,3.90374151419702,7.7064850001784855,24.838450505998253,0.029046763450175133,0.021765478116184494,6,0.5670417401154819,0.8199459940015708,0.08314650580177319,0.0,0.0,0.0,0.06952599113189127,0.07853339984897613
672,1,2,1,0.006899738741939125,3.910641252938959,7.529108169664269,24.789509115298515,0.02840987617974822,0.2580936670774073,6,0.5873051664404658,0.8136233876544186,0.08585218985522458,0.0,0.0,0.0,0.06634670902709433,0.08203086623266313
673,1,0,0,-0.1681938286474948,3.7424474242914645,7.356307178477307,24.76634324650467,0.027767096469138067,0.24384732248213756,6,0.6119985721432575,0.8079654321240697,0.08933474583527927,0.0,0.0,0.0,0.06829751565488695,0.08547806757161835
674,1,0,0,-0.1679080902508669,3.5745393340405975,7.190326405517252,24.638226034484738,0.027020142031559783,0.23214799337475164,6,0.5089682756445666,0.8030662606245493,0.07467770126978543,0.0,0.0,0.0,0.06217591815160873,0.07019597464431573
675,1,0,0,-0.16811648208605579,3.4064228519545416,7.026081120369726,24.607887886550614,0.026373772240292886,0.21816668302782138,6,0.6011303779184036,0.7957138110000498,0.08776608082918286,0.0,0.0,0.0,0.06561415435848737,0.08388786208158147
676,1,1,1,0.007068015630763626,3.4134908675853053,7.199668213602801,24.510135275620883,0.26599625839093105,0.20583171764058708,6,0.8666837074763488,0.7908492251730086,0.13627487541957692,0.0,0.0,0.0,0.062265083096171195,0.07400979232340575
677,1,2,0,-0.23308186726839886,3.1804090003169065,7.381291997109547,24.46852406299803,0.2552736842227558,0.44220046753130465,6,0.9327576581144866,0.7927450872305921,0.1461229456647458,0.0,0.0,0.0,0.0643354450090509,0.0817875006556949
678,1,1,1,0.006785312876018561,3.1871943131929252,7.5842678899438996,24.461027983231656,0.4688149906225226,0.42780060573678386,6,0.9917252145706673,0.7962454015026895,0.15538256365495526,0.14976876871356826,0.0,0.0,0.06898339288783085,0.08639917076712442
679,1,2,1,0.006713328374494194,3.1939076415674195,7.824027636265777,24.447494822060026,0.4561206628896703,0.4857650830842329,6,1.0273589819796363,0.8011323968293889,0.16157546789171695,1.0668036344207033,0.0,5.551115123125783e-17,0.07616596639711458,0.08540950149460237
680,1,0,1,0.071735409606248,3.2656430511736674,8.02827450962025,24.43503725398449,0.4442684838180903,0.4714838001351942,6,0.9985773667370819,0.8067880614581452,0.15680077212371243,0.0,0.0,0.0,0.07111307442947976,0.08568769769423268
681,1,0,1,0.07169959591231023,3.3373426470859777,8.262356163888203,24.416218631785128,0.4314148097721013,0.4573873196722553,6,1.0268458261587106,0.8115827940901186,0.16170092705356676,0.0,0.0,0.0,0.07712204427593422,0.08457888277763254
682,1,0,1,0.07169733988153407,3.4090399869675116,8.46856182982908,24.408477112881283,0.4192093406815554,0.4430223960917358,6,1.0154285169288624,0.8169643698918334,0.1594223560263926,0.0,0.0,0.0,0.07323281454327503,0.08618954148311754
683,1,0,1,0.07165928272938438,3.480699269696896,8.675988213782476,24.41179700237591,0.40684146047014697,0.42839338098333196,6,1.0326722470157836,0.8219259735677591,0.16198137191887407,0.0,0.0,0.0,0.07420728126845069,0.08777409065042337
684,1,0,1,0.07159104208786111,3.552290311784757,8.922812225180518,24.416274945880474,0.39312604045256155,0.4137582846745255,6,1.078496585306564,0.8271946304039597,0.17010309795835105,0.0,0.0,0.0,0.08229252010551265,0.0878105778528384
685,1,0,1,0.07162670882535259,3.6239170206101092,9.15237420721525,24.401941551107026,0.37971075301283347,0.39956368905035244,6,1.0487057665378092,0.8334771792765248,0.16565929838340618,0.0,0.0,0.0,0.08049172463836805,0.08516757374503812
686,1,0,1,0.0716486916474775,3.695565712257587,9.348961036722303,24.39652714032693,0.36715777632067154,0.38514330005653047,6,1.0300303126850192,0.8388578939580569,0.16184019411590342,0.0,0.0,0.0,0.07531786015297148,0.08652233396293194
687,1,0,1,0.07156552171640927,3.767131233973996,9.584770878326749,24.39489649897336,0.35321100523469817,0.3706564190354886,6,1.0778164046771008,0.843637204426231,0.17060191264209157,0.0,0.0,0.0,0.08368062651584043,0.08692128612625112
688,1,0,1,0.0716069686435982,3.8387382026175945,9.780303486408062,24.39772702439701,0.3403986285343504,0.35604046717874477,6,1.0478548179374663,0.8494916844325027,0.16456997134255041,0.0,0.0,0.0,0.07687426020208701,0.08769571114046343
689,1,0,1,0.07149457821076674,3.9102327808283612,10.017479281597012,24.4147933783115,0.32614084679235417,0.3411073334498212,6,1.1086929118735709,0.8544507627701268,0.17514549282551842,0.0,0.0,0.0,0.08554669045197733,0.08959880237354109
690,1,0,1,0.07149655920694059,3.9817293400353018,10.2464642526878,24.426244470199173,0.311944217809363,0.326294151114855,6,1.101242879476173,0.860806816497713,0.17405886790774466,0.0,0.0,0.0,0.08517977389794718,0.08887909400979753
691,1,1,1,0.006517458930763295,3.988246798966065,10.44085940699475,24.444962045600338,0.48671225249485434,0.3112854396621179,6,1.0799304477802874,0.8668177180721746,0.16977875374729665,0.3716653068561778,0.0,5.551115123125783e-17,0.07972648503087443,0.09005226871642225
692,1,0,1,0.0715734105485228,4.0,10.617081565180115,24.430930256376833,0.47388482493108003,0.2970227353519657,6,1.0343359052767394,0.8721455363148772,0.16254079124355925,0.0,0.0,0.0,0.07696456538264568,0.08557622586091353
693,1,0,0,-0.1686561136418603,3.8313438863581397,10.860262376660753,24.474502583125627,0.4588172327784223,0.281417591978619,6,1.1629534337683514,0.8762002955389239,0.18403641315602645,0.0,0.0,0.0,0.09040555291594649,0.09363086024007998
694,1,0,0,-0.1686444703449219,3.662699416013218,11.095030792848064,24.51186281476045,0.4438427548170762,0.2659343854025679,6,1.1554977718167958,0.8833691239946595,0.1827461072243823,0.0,0.0,0.0,0.0898468677680758,0.09289923945630651
695,1,0,1,0.07153288899375768,3.7342323050069757,11.256345426547803,24.504643121027435,0.43095189947529106,0.25146955901520024,6,1.0442672801569415,0.8901723401902129,0.1641340903749169,0.0,0.0,0.0,0.077345132050711,0.08678895832420593
696,1,0,1,0.0713187070549693,3.805551012061945,11.487395953998984,24.54438026879279,0.41574540201793786,0.23591030029536722,6,1.1648123889059132,0.8940247136893811,0.18459453706311724,0.0,0.0,0.0,0.09123898474411901,0.09335555231899823
697,1,1,1,0.0065119078673112115,3.8120629199292564,11.638914532642586,24.537795359225857,0.48711399490063073,0.22140760765342285,6,1.0457280746464632,0.9007944055697945,0.16433218644788145,0.9944724121076274,0.0,0.0,0.07731603059621539,0.08701615585166601
698,1,0,1,0.07157075000621807,3.8836336699354743,11.771032224036794,24.50595634773304,0.4746825742458613,0.207504609219589,6,1.004696427198108,0.9044177472967111,0.15800651453162004,0.0,0.0,0.0,0.07458852392861676,0.08341799060300328
699,1,2,0,-0.23343480842730216,3.650198861508172,11.902363261695484,24.47558472116002,0.4621869707258202,0.44355600496362974,6,1.007884125379909,0.906924714294246,0.15866524665600168,0.0,0.0,0.0,0.07497362112024625,0.08369162553575546
700,1,0,1,0.07134278783714644,3.7215416493453186,12.075972336056925,24.50988143677645,0.44831656288464644,0.4281467536098491,6,1.1173544895492622,0.9094486995713875,0.17567795516972667,0.0,0.0,0.0,0.0832224470470426,0.09245550812268406
701,1,0,0,-0.16862931585622032,3.552912333489098,12.239341228815821,24.534825582874483,0.43462345364358995,0.4129450779374537,6,1.102959383177762,0.9146463443208346,0.1733687094807114,0.0,0.0,0.0,0.08215865544633953,0.09121005403437184
702,1,0,0,-0.16878581907663653,3.3841265144124617,12.455143829944554,24.585636560846698,0.4190591038572567,0.39712343197575667,6,1.1859677493932064,0.9193541702922576,0.18831597448818152,0.0,0.0,0.0,0.09338609871799886,0.09492987577018266
703,1,0,1,0.0711891562082099,3.4553156706206716,12.67029797827147,24.63986264547367,0.40334113703152613,0.38119690328417427,6,1.1953997427236691,0.9260195097697813,0.18986697310387765,0.0,0.0,0.0,0.09430780095438365,0.095559172149494
704,1,0,1,0.07138451106103944,3.526700181681711,12.805912622485604,24.65012963996106,0.38998402119536607,0.36627758824024154,6,1.0786356542951572,0.9327540155936286,0.1696585852805572,0.0,0.0,0.0,0.08014269501696016,0.08951589026359702
705,1,2,1,0.006380011792626253,3.533080193474337,12.938105604010836,24.66086330692641,0.37667418115363865,0.4850495846378086,6,1.0793277050517451,0.9364010565611668,0.1695615324235127,0.697665529441449,0.0,5.551115123125783e-17,0.07985904025036467,0.08970249217314803
706,1,0,1,0.07127579219744173,3.604355985671779,13.090650186808743,24.694491732213464,0.3626541312395198,0.4695668895933693,6,1.1261472308583893,0.9399742227734312,0.17701646975134938,0.0,0.0,0.0,0.0841202994847129,0.09289617026663648
707,1,0,1,0.07115045990245962,3.6755064455742383,13.281962269420246,24.741636960700518,0.3470979344886875,0.45375867442051243,6,1.1830858590741145,0.9446285479755552,0.18818647154213497,0.0,0.0,0.0,0.09333718050499415,0.0948492910371408
708,1,0,1,0.07122118213906206,3.7467276277133004,13.427190678854224,24.782544134707386,0.3330022485620776,0.4380488226617758,6,1.1367255641938645,0.9505899807530191,0.17883322611207905,0.0,0.0,0.0,0.08457411555965925,0.09425911055241981
709,1,0,1,0.07112539773165621,3.8178530254449567,13.612237267410368,24.832692001419257,0.317359239643164,0.4221191920601512,6,1.1904378256070558,0.9552433703390403,0.18943583712322962,0.0,0.0,0.0,0.09385805351348182,0.09557778360974775
710,1,0,1,0.07118077233115006,3.889033797776107,13.749390830230706,24.882990787985666,0.3032763516323033,0.40613087709305756,6,1.148575581107488,0.9611232317207407,0.18042721786772517,0.0,0.0,0.0,0.08449732806516363,0.09592988980256151
711,1,0,1,0.07110887279496664,3.9601426705710736,13.920492818257834,24.924292517728656,0.2877687006728311,0.3903416176160421,6,1.1782132582255245,0.9658095404554095,0.18778146261892592,0.0,0.0,0.0,0.0930459057568333,0.0947355568620926
712,1,0,0,-0.1687992352123029,3.7913434353587707,14.042518983656754,24.960156215103964,0.27388209704716215,0.3746342139921545,6,1.1290094961738921,0.9711196333996623,0.1775640434973399,0.0,0.0,0.0,0.08331962175401379,0.09424442174332612
713,1,0,1,0.07117350074179671,3.8625169361005676,14.163527142464844,24.999389028590688,0.25992641494665275,0.3588273202599294,6,1.135307852263831,0.975066879969018,0.17857545499640678,0.0,0.0,0.0,0.08373409260305624,0.09484136239335056
714,1,0,1,0.07111645793076771,3.933633394031335,14.29098891537677,25.053028401868236,0.2456853557539103,0.34264719868597404,6,1.1601740504658626,0.9790729042763884,0.18252708460018688,0.0,0.0,0.0,0.08544635515645502,0.09708072944373189
715,1,0,1,0.0711770640103459,4.0,14.398550310865822,25.086036238065475,0.2319044310836129,0.3269304492625719,6,1.124169664617417,0.9836004329311251,0.17698604456219733,0.0,0.0,0.0,0.08268554802178463,0.0943004965404127
716,1,2,1,0.006052362112057625,4.0,14.554136541268086,25.137047790572566,0.2163189825773498,0.4838562870333379,6,1.1937124466326396,0.9871146637232825,0.19037496883755062,0.4615826955754314,0.0,5.551115123125783e-17,0.0935126910375785,0.09686227779997214
717,1,1,1,0.006054008319498588,4.0,14.697161008537384,25.170200376763937,0.4262963607671819,0.4681229651268622,6,1.1684566617566856,0.9922796082960164,0.18656526111265875,0.14797040118720228,0.0,0.0,0.09216532967380452,0.09439993143885421
718,1,1,1,0.005963433240842889,4.0,14.855343718677632,25.22421865464314,0.48406505438516984,0.45186943649212563,6,1.2088850226519852,0.9966840346325332,0.19313084549740062,1.057778164603092,0.0,5.551115123125783e-17,0.09560967368898093,0.09752117180841965
719,1,0,1,0.07089868879299094,4.0,15.018451793881542,25.286608301022504,0.46784322765190917,0.43536522648518616,6,1.2274867809162906,1.0019890593330194,0.19635622044120032,0.0,0.0,0.0,0.09733096039956367,0.09902526004163664
720,1,0,1,0.07111575004657554,4.0,15.10771447985085,25.298270395001946,0.4540933357119837,0.42000232926919795,6,1.108551282321352,1.0076265023726012,0.17467673493548244,0.0,0.0,0.0,0.0824993516395534,0.09217738329592905
721,1,0,1,0.07112270881883881,4.0,15.19205596917384,25.308793114611625,0.44044221668918393,0.40465638360959,6,1.1050138308039847,1.01014962187132,0.17398238809444624,0.0,0.0,0.0,0.0819067141367982,0.09207567395764805
722,1,0,1,0.07087638086923398,4.0,15.341735075578441,25.37223402341323,0.42434856854018427,0.3880743035544638,6,1.2256412423008465,1.0125212270946367,0.19605436922475486,0.0,0.0,0.0,0.09656188889399767,0.09949248033075717
723,1,0,1,0.07088466414876358,4.0,15.48278202737071,25.429009984995023,0.40838449517032566,0.37162585828982625,6,1.2156721408488544,1.017849227474792,0.19447511180697757,0.0,0.0,0.0,0.09578444021915199,0.09869067158782559
724,1,2,1,0.0058863224858303545,4.0,15.614237233755848,25.48409081218196,0.39260265809865386,0.48355150119175744,6,1.2093308338812148,1.0227948003091434,0.19338201527948642,0.7297551497389573,0.0,0.0,0.09469102243003097,0.09869099284945546
725,1,0,1,0.07102979089857295,4.0,15.689384807233571,25.5070532896473,0.37875475540439246,0.46783647258148764,6,1.1255682520915093,1.0274582011484452,0.17737758782718685,0.0,0.0,0.0,0.08308741616556808,0.09429017166161877
726,1,0,0,-0.1691356068154447,3.830864393184555,15.81606295797826,25.555768964128717,0.362913567413216,0.4515083080566525,6,1.205304777648132,1.0299109524220218,0.19301611509606972,0.0,0.0,0.0,0.09504712794705897,0.09796898714901076
727,1,0,1,0.07100425682791568,3.901868650012471,15.88497793368621,25.580967137743492,0.34909738808457486,0.4356791608879554,6,1.1284089473753984,1.0342957980526746,0.17787195898402905,0.0,0.0,0.0,0.08289707597184687,0.09497488301218215
728,1,0,1,0.07083578963676265,3.9727044396492337,16.007264751387346,25.635102360142653,0.3332144184381527,0.4191798868875263,6,1.2130706668860367,1.0366486267857424,0.1942934618811082,0.0,0.0,0.0,0.0952978178785329,0.0989956440025753
729,1,0,1,0.07101991239752353,4.0,16.064836916114373,25.64852183234956,0.3195590138851288,0.40357994722287494,6,1.1120508147221853,1.04105917778825,0.1755320653060516,0.0,0.0,0.0,0.08193242731814376,0.0935996379879078
730,1,0,0,-0.16917832701568397,3.830821672984316,16.177881338804504,25.700650547130177,0.3038031823090272,0.38708916568208745,6,1.2080071061823492,1.0428339687115984,0.19347967870133462,0.0,0.0,0.0,0.09453498945660947,0.09894468924472513
731,1,2,1,0.005830564411251121,3.836652237395567,16.285053281446274,25.748988912766798,0.28815933820302697,0.4835593530286024,6,1.202473605426754,1.0469632971483671,0.19250694646438696,0.8225349940925245,0.0,0.0,0.09386306463600155,0.0986438818283854
732,1,0,0,-0.16909420093921496,3.6675580364563523,16.34916789106715,25.789477928555584,0.274041636423109,0.4672811442402927,6,1.1554546802649905,1.050851054855327,0.18237546340936595,0.0,0.0,0.0,0.08470621067950763,0.09766925272985832
733,1,0,1,0.07096102124448556,3.738519057700838,16.398404989976186,25.81378596268579,0.2603546105658244,0.451353268478182,6,1.1270112785298128,1.0534661454905685,0.1776894097163718,0.0,0.0,0.0,0.0821221551437076,0.09556725457266418
734,1,0,1,0.07083001705684419,3.8093490747576824,16.494960929701303,25.848896408795966,0.2447897343982807,0.43517960597990357,6,1.1869711596518377,1.0553047738165495,0.19043123199493275,0.0,0.0,0.0,0.0933892570052624,0.09704197498967031
735,1,0,1,0.07081582462316488,3.8801648993808473,16.586842384087415,25.88605914802679,0.22932248930185736,0.41892054392301126,6,1.1876406270793671,1.0585964334624318,0.1903578429198938,0.0,0.0,0.0,0.09280347057853977,0.09755437234135403
736,1,0,1,0.07081786710786639,3.9509827664887136,16.67472274002331,25.919978834114502,0.2138996542304921,0.40272119587658306,6,1.1836225803264626,1.0618225383028552,0.18973309870676108,0.0,0.0,0.0,0.09253701042819168,0.09719608827856943
737,1,0,1,0.07085642197928066,4.0,16.749029535542697,25.931099543305745,0.19880345503583943,0.3870524742569504,6,1.1502950440640722,1.0648675393534455,0.1845895248857116,0.0,0.0,0.0,0.09057719516791592,0.09401232971779565
738,1,0,1,0.07079400630855301,4.0,16.830013879376363,25.96963268675381,0.18344017008096306,0.3707082374252062,6,1.186520714252945,1.067003226971211,0.19024513071972377,0.0,0.0,0.0,0.0921797097292583,0.09806542099046545
739,1,0,1,0.07078806843754926,4.0,16.9083449557396,26.006146383209668,0.16809861438048998,0.3543847123175447,6,1.1848359369723487,1.0699911641532545,0.189990484848808,0.0,0.0,0.0,0.09204933420283881,0.09794115064596923
740,1,0,1,0.07079276019059726,4.0,16.981106952573075,26.040726372269297,0.15290297229674915,0.33807888646028045,6,1.1802042693668369,1.0728622834737318,0.1890088076460295,0.0,0.0,0.0,0.0911738525024446,0.09783495514358487
741,1,0,1,0.07093470620396479,4.0,17.005226607390632,26.056977076591785,0.13944529813454945,0.3221638730940712,6,1.1159161922611047,1.0755458331210592,0.17623612517045453,0.0,0.0,0.0,0.08074604497319819,0.09549008019725634
742,1,0,1,0.07093036410548019,4.0,17.027898553416605,26.072956117087585,0.12600366783158154,0.3062426278233948,6,1.1152060786213305,1.0765550920995604,0.17617725344186547,0.0,0.0,0.0,0.0806497818178075,0.09552747162405795
743,1,0,1,0.07076776320509177,4.0,17.10074022989138,26.111556475996505,0.11068835931498866,0.2897883352005419,6,1.188963402146302,1.0775213667626047,0.1906176068366747,0.0,0.0,0.0,0.0918918510995573,0.0987257557371174
744,1,0,1,0.07096030296084582,4.0,17.111780108564822,26.119917153551604,0.09749847448832082,0.27400596699782304,6,1.0997079738757378,1.0803074176471972,0.17383351817632028,0.0,0.0,0.0,0.07913930896000715,0.09469420921631315
745,1,0,1,0.07094150431917756,4.0,17.08269915848004,26.134510794184408,0.08542156779995486,0.2580823530803702,6,1.0663051221009285,1.0807924315529107,0.16800312363491277,0.0,0.0,0.0,0.0798504666179157,0.09554168350471696
746,1,2,0,-0.2342043847209002,3.7657956152791,17.036012905055006,26.1606986917553,0.07337883523264736,0.48381063939136687,6,1.0599318929624753,1.080430248816611,0.1693925590556434,0.048494118482221404,0.0,5.551115123125783e-17,0.09089893932992424,0.0971361636517985
747,1,1,1,0.005799891451616264,3.771595506730716,17.07713662037917,26.208502958600867,0.296467864109007,0.46709526803482215,6,1.1688457720899876,1.0799177899202579,0.18442929767947044,0.07732875720164023,0.0,0.0,0.08413706954020209,0.10029222813926836
748,1,0,1,0.07085553160832633,3.8424510383390422,17.108050889726577,26.226635808081642,0.2827661817813797,0.45105264761690367,6,1.1311881083026805,1.0821409894745009,0.17846581647327506,0.0,0.0,0.0,0.08221009396576374,0.09625572250751133
749,1,0,1,0.07088576000764427,3.9133367983466867,17.13457473578588,26.235356785333124,0.269163294116281,0.435222971936678,6,1.1186119907559904,1.0833671674452054,0.17659538007194595,0.0,0.0,0.0,0.08161732599059221,0.09497805408135372
750,1,0,1,0.07074742067839102,3.984084219025078,17.20483586348071,26.25415174150491,0.25381922532599216,0.4191831458823181,6,1.1733043718945906,1.0842482880279751,0.18830336906789225,0.0,0.0,0.0,0.09206441274173291,0.09623895632615934
751,1,0,1,0.07071454921948132,4.0,17.278254850313434,26.286103318449463,0.23834524957006684,0.4027989812207882,6,1.1918452539019189,1.0864746901246405,0.19114884250473144,0.0,0.0,0.0,0.09284385453555231,0.09830498796917911
752,1,1,1,0.0058886280074085876,4.0,17.29588127648786,26.288415263300575,0.4380825953118466,0.38708331094831455,6,1.1090473252446098,1.0891089542190724,0.1752402718823062,0.22062967530185684,0.0,0.0,0.08094625024746425,0.09429402163484195
753,1,0,1,0.07064330582762636,4.0,17.376804973282127,26.331880249288794,0.4223256699066366,0.37038806699539983,6,1.2139960962771936,1.0896074134947111,0.1947130161487488,0.0,0.0,0.0,0.09454155243126008,0.10017146371748872
754,1,0,1,0.07066284809809327,4.0,17.45009538552168,26.36481237443991,0.40672070705933033,0.35392133957550714,6,1.1989396679549484,1.092717130564273,0.19243014160319385,0.0,0.0,0.0,0.09362977708383807,0.09880036451935581
755,1,0,1,0.07063748222376623,4.0,17.52292867157845,26.403868903195157,0.39107563435405973,0.3372803411582727,6,1.207262508811053,1.0953726939990398,0.19371642673503014,0.0,0.0,0.0,0.0938704362316235,0.0998459905034066
756,1,0,1,0.07064157910143062,4.0,17.5893689435056,26.44018566762586,0.3755658890455588,0.32068832152248355,6,1.200926975727196,1.0981699393693403,0.19261058966573977,0.0,0.0,0.0,0.09305847185100527,0.0995521178147345
757,1,0,0,-0.16893858162074257,3.8310614183792575,17.550572708445138,26.378056074920504,0.3634913164635029,0.306359878819735,6,0.9998130375124652,1.1007388652782866,0.1584180917088274,0.0,0.0,0.0,0.07244743549233569,0.08597065621649172
758,1,2,0,-0.23397604956016044,3.597085368819097,17.525931474823928,26.327057980768444,0.35104906852189127,0.4854271628188081,6,1.0225763918108708,1.098215719584141,0.16209051073682007,0.33815927291840986,0.0,0.0,0.0746534876496689,0.08743702308715116
759,1,0,1,0.0706556071300706,3.6677409759491675,17.59075476897727,26.36075053219296,0.33557281422514773,0.46897137176846376,6,1.1948405819676693,1.0963247363898092,0.1915922720825283,0.0,0.0,0.0,0.09285752578046198,0.09873474630206636
760,1,0,1,0.07083905856017077,3.7385800345093383,17.60227496140764,26.3585968308186,0.3220803048045993,0.4533018760259744,6,1.108154123585267,1.0987876325292558,0.1749720309782262,0.0,0.0,0.0,0.0809550565232901,0.09401697445493606
761,1,0,1,0.07064251022900435,3.8092225447383425,17.66477777955034,26.397784950113916,0.30662505309094995,0.43669301901769925,6,1.2007127322436753,1.099021794805656,0.192384652331547,0.0,0.0,0.0,0.09273151028189615,0.09965314204965087
762,1,2,1,0.0056638547051704805,3.814886399443513,17.719619021810473,26.425443256806123,0.29135048719944673,0.48363954618374,6,1.184063617193942,1.1015640682416066,0.1898101182465793,1.1201581141061956,0.0,5.551115123125783e-17,0.0916473953490196,0.0981627228975597
763,1,0,1,0.07077801724397263,3.8856644166874856,17.733223479263422,26.439659510992357,0.2776983273282711,0.4675619518295571,6,1.131447268604598,1.103626556965415,0.17837852535215118,0.0,0.0,0.0,0.08191295922705386,0.09646556612509734
764,1,0,1,0.07067940999747852,3.956343826684964,17.780460986221073,26.455423250764056,0.2625970109823084,0.4514865225168641,6,1.1673233214857437,1.1043220747563947,0.18706047395193443,0.0,0.0,0.0,0.09060789807577593,0.09645257587615849
765,1,0,1,0.07068301389519467,4.0,17.82645067969291,26.472733534544027,0.24749522721621464,0.43535288514460463,6,1.1691970831764404,1.1058971059246283,0.1874125268301194,0.0,0.0,0.0,0.09061070259656243,0.09680182423355699
766,1,0,1,0.0706647579580429,4.0,17.86938068489282,26.494223997688145,0.23247062963897988,0.4190975072124612,6,1.17190007369995,1.1074796053559237,0.18767985305626866,0.0,0.0,0.0,0.09014758546340869,0.09753226759285995
767,1,0,0,-0.1693389933541326,3.8306610066458675,17.91329796463764,26.515643551091102,0.21735813150978298,0.4028307672380844,6,1.1744269502122955,1.1090901170645244,0.18827542862144245,0.0,0.0,0.0,0.09067498877518146,0.09760043984626099
768,1,0,1,0.07065492436539823,4.0,17.953306764593506,26.537690155308056,0.2023356409117145,0.3865282010981887,7,1.1727789420660415,1.1107235378932185,0.18795034042778525,0.0,0.0,0.0,0.09013494358841082,0.09781539683937444
769,1,0,1,0.0706576190642116,4.0,17.99081149787764,26.557745295391726,0.1873643607286972,0.3702648508321522,7,1.1698347963653422,1.112274922997539,0.18740778269432243,0.0,0.0,0.0,0.08982768109810385,0.09758010159621855
770,1,0,1,0.07067439556219873,4.0,18.024498612692508,26.564493549488226,0.17250144859156577,0.3542940325989062,7,1.1541492887431035,1.1137139198317343,0.1850023822222648,0.0,0.0,0.0,0.08917747282278854,0.09582490939947631
771,1,0,1,0.07063696974887622,4.0,18.062663014192744,26.5896621897207,0.15746649727808645,0.33787362727310905,7,1.1780578457872237,1.1147248040545183,0.18873213983565856,0.0,0.0,0.0,0.09020970788087579,0.09852243195478277
772,1,0,1,0.0706427507759901,4.0,18.09667081478419,26.613729981444234,0.14253731557338192,0.3214801166276884,7,1.1743837224128222,1.1163081300978361,0.18793615410075135,0.0,0.0,0.0,0.08957509022822714,0.0983610638725242
773,1,0,0,-0.16934096600532614,3.830659033994674,18.126579627243963,26.62861012605702,0.12772268898922887,0.30527881500072,7,1.1625489769782646,1.117760019905711,0.18609556926672854,0.0,0.0,0.0,0.08888775950491835,0.0972078097618102
774,1,0,0,-0.1693599503126984,3.6612990836819757,18.159422053518515,26.651122278294004,0.11281172858494398,0.2888835319678322,7,1.1742343223440619,1.1188797438325246,0.1878374606230359,0.0,0.0,0.0,0.08946576242570925,0.09837169819732666
775,1,0,1,0.07092188586460531,3.732220969546581,18.03370626494884,26.625323625891703,0.10279223899956452,0.27359286865125354,7,0.9687491673233384,1.1202636082953128,0.15186091741174862,0.0,0.0,0.0,0.07482028707806047,0.09174397989947186
776,1,0,1,0.07087049526245263,3.8030914648090337,17.921554120637197,26.61683630740557,0.09246056809196491,0.2579240917606557,7,0.9958362844732341,1.1164757472710138,0.1560026867891848,0.0,0.0,0.0,0.07766287837285468,0.09401266134358713
777,1,0,1,0.07093204958884908,3.8740235143978827,17.802672204606672,26.59354132698614,0.08241360164409726,0.24259748293676156,7,0.9712828642511199,1.1134597607010692,0.15224145163057073,0.0,0.0,0.0,0.07642658908521655,0.0919596529433648
778,1,0,1,0.07069926661913746,3.94472278101702,17.68397245827432,26.612919826607246,0.07321162425191284,0.22629674708918504,7,1.0105840915785738,1.1099053382898205,0.15301627943856583,0.0,0.0,0.0,0.08971144165566243,0.09780441508545924
779,1,0,1,0.0708781340176446,4.0,17.476351327235747,26.606100234624797,0.06655543204057592,0.21058164022338313,7,0.8929815841010182,1.1074223071220393,0.13422779446283292,0.0,0.0,0.0,0.07902708846053194,0.09429064119481134
780,1,1,1,0.0059396787513695485,4.0,17.474968999325682,26.59010019812402,0.29116601627771715,0.19508650247820478,7,1.0846789246356678,1.1020612890465138,0.17126715411772356,0.07404016693049886,0.0,0.0,0.07829632764665342,0.09297082647107012
781,1,0,1,0.07068647067269068,4.0,17.536594961740505,26.607447950081838,0.27587182439151614,0.17882600285200737,7,1.180600444308884,1.1016267299362426,0.18932814907439083,0.0,0.0,0.0,0.09176515131720629,0.09756299775718455
782,1,2,1,0.0060600659953012935,4.0,17.502621848625495,26.53563957613229,0.263707148995384,0.4146297759192905,7,0.9978195857309996,1.1036010727955587,0.15816541397309378,0.0,0.0,0.0,0.0729880523767928,0.08517736159630093
783,1,0,1,0.07083720265181111,4.0,17.517227839582695,26.531226546917246,0.2502134659090056,0.39892134856253875,7,1.1111494973611065,1.1009565356189446,0.17521266265878102,0.0,0.0,0.0,0.0809620985182704,0.09425056414051061
784,1,0,0,-0.16927730559400836,3.8307226944059916,17.57332072456496,26.52823009173403,0.23501794902956563,0.3832322549673292,7,1.1543077894615494,1.1012113596624986,0.18530766284789704,0.0,0.0,0.0,0.09117310127663963,0.09413456157125744
785,1,0,1,0.07070705074733581,3.9014297451533273,17.62878656208835,26.536072525590104,0.21979985324682025,0.36726838357072905,7,1.1658470417869333,1.102538770407475,0.1870918030760739,0.0,0.0,0.0,0.09130857469647258,0.09578322837960135
786,1,0,1,0.07071395602281084,3.972143701176138,17.67942840576309,26.53967381546924,0.2046826334590716,0.3513948279928592,7,1.158364610745835,1.1041214771919614,0.18594465219371037,0.0,0.0,0.0,0.09070331872649162,0.09524133346721872
787,1,0,1,0.07069085316882964,4.0,17.731008806621418,26.55752323522744,0.18952565354686532,0.33518030153663486,7,1.1749073761473339,1.1054775555308083,0.18822903821058354,0.0,0.0,0.0,0.0909418794732379,0.09728715873734564
788,1,0,1,0.07068615800024146,4.0,17.781736864817976,26.575631871172746,0.174364956225963,0.3189506305543958,7,1.1760499951880852,1.1072133010462215,0.18834220981884875,0.0,0.0,0.0,0.09096418392541405,0.0973780258934347
789,1,0,1,0.07067034981169394,4.0,17.832193614579243,26.598222359614326,0.15917288222049664,0.3025918262734412,7,1.1819814566026166,1.1089342183997681,0.18930526971852574,0.0,0.0,0.0,0.09115244403279814,0.09815282568572757
790,1,0,1,0.07067729554315615,4.0,17.87861810726727,26.61313520950167,0.1440684177750682,0.2863971640536564,7,1.172097741930211,1.1107603993548394,0.18779475999127923,0.0,0.0,0.0,0.09062678667257036,0.09716797331870888
791,1,0,1,0.07083657309544034,4.0,17.871153127500094,26.61281030623851,0.13091695365546815,0.2705401907316465,7,1.1045039498888933,1.1122938329192236,0.17405062464965992,0.0,0.0,0.0,0.07890878471760059,0.09514183993205932
792,1,0,1,0.07090280999990725,4.0,17.85405051891787,26.599295511741328,0.11805009231737391,0.2549828268508888,7,1.0814816827640534,1.1120990858434654,0.17054535131311152,0.0,0.0,0.0,0.07720116802856535,0.09334418328454619
793,1,0,1,0.0706651830843548,4.0,17.856278194327906,26.622160933661167,0.10417568656516331,0.23858845226875924,7,1.1364267480963526,1.11133365076648,0.18161268200604086,0.0,0.0,0.0,0.09052346210375146,0.09836624749277731
794,1,0,0,-0.16906192081733862,3.8309380791826615,17.734355909439138,26.600856078754084,0.09420542512274362,0.22319442625622352,7,0.9687338384038748,1.1119609781997268,0.1521857247297325,0.0,0.0,0.0,0.07596708197617426,0.09236415607521437
795,1,0,1,0.07070201568757706,3.9016400948702383,17.63716533712683,26.61721219910917,0.0839781183595003,0.20695438239532363,7,1.0275458477476103,1.1083802997048307,0.15880410374485904,0.0,0.0,0.0,0.09051965294846867,0.09744026316539905
796,1,0,1,0.07092616230443569,3.972566257174674,17.38876172872274,26.601500736192428,0.07832126050834373,0.19145091175913206,7,0.8422443670850701,1.1063594384059001,0.1269619709240892,0.0,0.0,0.0,0.07834441366754753,0.09302082381714982
797,1,0,1,0.0709573888634024,4.0,17.14381883157769,26.583496255757048,0.0727414217342313,0.1760081208397095,7,0.8368091840424502,1.0997565616228793,0.1261357781612098,0.0,0.0,0.0,0.07798616165545871,0.09265674551653524
798,1,0,0,-0.16925843545226082,3.830741564547739,16.85758407782496,26.5975286624234,0.06844121454908633,0.15982857582096563,7,0.8209805300969906,1.0931828771833685,0.12287851322333304,0.0,0.0,0.0,0.09308712582304425,0.0970772701124632
799,1,0,1,0.07107357171995862,3.9018151362676976,16.53460591418418,26.554634593021362,0.06542569243298617,0.14496009493484532,7,0.7205055854633888,1.0863778185062092,0.10730401801332279,0.0,0.0,0.0,0.07695196125861033,0.08921088531672182
800,1,0,1,0.07080995911652517,3.9726250953842226,16.217714803541185,26.562128824776813,0.062421886792769166,0.1289484723500059,7,0.7678341337925927,1.0772310126801385,0.11409256935033864,0.0,0.0,0.0,0.09334439954523176,0.0960697355090366
801,1,0,1,0.07084510736267323,4.0,15.8351123839522,26.562354116077348,0.061470201355288086,0.11311058603228952,7,0.6871189624194994,1.06949609070795,0.10073743053118467,0.0,0.0,0.0,0.09362191744323875,0.0950273179062982
802,1,0,1,0.0710819649692868,4.0,15.460076536872124,26.530169185481704,0.06060178625034104,0.09800222303121625,7,0.6527158848250216,1.0599366625007387,0.09586066863612201,0.0,0.0,0.0,0.08039578681805896,0.09065017800643971
803,1,0,1,0.07091941227658251,4.0,15.0968962288546,26.52007973706838,0.059630052691829444,0.08242264203063647,7,0.6764863866279958,1.0497561430588458,0.0993078873545482,0.0,0.0,0.0,0.09463701641817046,0.09347748600347865
804,1,0,1,0.07114465415329416,4.0,14.738619575160756,26.482410435598712,0.05883231302401603,0.06747843643956604,7,0.6444784439845642,1.0404243991480746,0.09445167155330311,0.0,0.0,0.0,0.08144176352367521,0.0896652335464226
805,1,0,1,0.07097610404285384,4.0,14.392184983498053,26.473107499642364,0.05791435895250293,0.051906940000118675,7,0.6747882226499349,1.0305257502689869,0.09893670306576276,0.0,0.0,0.0,0.09531961843287712,0.09342897863668415
806,1,0,1,0.07103733838380684,4.0,14.055117461959565,26.449258667295762,0.056966979658796164,0.03668138483947649,7,0.6607159581934168,1.0216323120785105,0.09703760672609371,0.0,0.0,0.0,0.09439507498705176,0.09135333096385315
807,1,2,0,-0.23394339142268764,3.7660566085773124,13.726070229706766,26.428474101526135,0.05603653364645487,0.27140515936097426,7,0.6627776052089589,1.0126094032313833,0.09724002894506094,0.0,0.0,0.0,0.09483208394609575,0.09165735287101318
808,1,0,1,0.07112354365897128,3.8371801522362836,13.4013171024143,26.41330068155453,0.055269924127696345,0.2560068592555992,7,0.6639370610167541,1.0038636082808226,0.09698945774480187,0.0,0.0,0.0,0.08664265311022006,0.09238980063225072
809,1,0,1,0.07115329559319652,3.90833344782948,13.084445164957339,26.39537285197966,0.05451321620672156,0.240689926567952,7,0.6605656775673847,0.9953654445992208,0.09644184365173174,0.0,0.0,0.0,0.08700512997230127,0.09190159612588304
810,1,0,0,-0.168810693101247,3.739522754728233,12.77907243084189,26.334326144373982,0.05360744974803469,0.22642216569597953,7,0.6205760087023039,0.986995450423425,0.09104116398395613,0.0,0.0,0.0,0.09274766922185068,0.08560656523183492
811,1,0,1,0.07124925498669107,3.810772009714924,12.476936269630926,26.30529890315236,0.05288492268303119,0.2114066880503128,7,0.6466715619478083,0.977834964380397,0.09442802826402147,0.0,0.0,0.0,0.08493175913928133,0.09009286587400046
812,1,0,1,0.07132779481356336,3.8820998045284876,12.186140831271326,26.224002396016463,0.052004590667148985,0.1976720845297395,7,0.5974639338240831,0.9695558793195822,0.08768961321873306,0.0,0.0,0.0,0.08891892678238032,0.08240762112343984
813,1,0,1,0.07131403300424514,3.953413837532733,11.89779010134788,26.190827263786847,0.051325307714718243,0.1828160396408788,7,0.6387277185291385,0.9602535806821947,0.0932119670477486,0.0,0.0,0.0,0.08389374785257349,0.08913626933316415
814,1,0,1,0.07135128814961116,4.0,11.61649024917002,26.153931798753085,0.05065260353322507,0.16807359982591052,7,0.6340201169167444,0.9522154341283683,0.09249086397876871,0.0,0.0,0.0,0.08305190453402897,0.0884546388898097
815,1,0,1,0.0713665864940765,4.0,11.347305551459302,26.091185188104223,0.04976812192828626,0.1539664005791825,7,0.6123292428384954,0.9442605511980777,0.08995008511000097,0.0,0.0,0.0,0.08904933215516224,0.08464319548036808
816,1,0,1,0.0714100577992018,4.0,11.08310478079923,26.025762904560043,0.048956377423019136,0.1399678572549141,7,0.6063392142848352,0.9359622684890881,0.0888617269772132,0.0,0.0,0.0,0.0872322058912503,0.08399125994561041
817,1,0,1,0.07141596681280003,4.0,10.826538190954764,25.96669867023969,0.04810175118653929,0.12585375015050915,7,0.612090867969165,0.9277216921339819,0.08981240004530872,0.0,0.0,0.0,0.0876753910119279,0.08468464262642968
818,1,0,0,-0.1685286375925123,3.8314713624074876,10.571142058093331,25.92462747951373,0.04746561277352113,0.11135470081934916,7,0.6223635979424695,0.9198309215298615,0.09081112646506888,0.0,0.0,0.0,0.08059863117695709,0.08699429598695996
819,1,0,1,0.07149332536183502,3.9029646877693227,10.322931685799464,25.880788386316997,0.04679610530858506,0.09692706719095162,7,0.6203447729495746,0.9123942384401766,0.09058284656000162,0.0,0.0,0.0,0.08026400698811995,0.08656580177038517
820,1,0,1,0.07156883045481613,3.974533518224139,10.084370433965068,25.801028469658398,0.045983103628977125,0.0834015724268965,7,0.5867718333099142,0.9050930018029115,0.08603097866197831,0.0,0.0,0.0,0.08294460321800348,0.08115296858433073
821,1,0,1,0.07159050245052298,4.0,9.852733200475072,25.726153055084,0.04513010248901334,0.0698001998136861,7,0.5906223245261958,0.8971349725905866,0.08672624251904516,0.0,0.0,0.0,0.0820704761659338,0.08160823567926247
822,1,0,1,0.07160221480033295,4.0,9.621147240428805,25.676614352385997,0.04451625374044622,0.05561308455436714,7,0.6083474936447053,0.8894721563889769,0.08880578404731647,0.0,0.0,0.0,0.07647993353097694,0.0851226915559137
823,1,0,1,0.07162402009421519,4.0,9.40048598283419,25.60735658077967,0.04368844443144191,0.04193556503452084,7,0.5925250106194258,0.8824440398203701,0.08703197297310365,0.0,0.0,0.0,0.08100004031887009,0.08206511711907782
824,1,2,1,0.006622382057436156,4.0,9.184662865880703,25.548583598754668,0.04288890140571814,0.27806251936065646,7,0.6005999651118603,0.8751960640903464,0.08803553219752912,0.0,0.0,0.0,0.0806413521410243,0.08323827404318652
825,1,0,1,0.07158076767073324,4.0,8.971139281516665,25.51876729331897,0.0422183602689274,0.2635194159849402,7,0.624991271816148,0.8683311616158844,0.09128186707504166,0.0,0.0,0.0,0.07670561777273753,0.08725862025429718
826,1,0,1,0.07159027697682108,4.0,8.762685545777986,25.490786560447955,0.041558995839792535,0.24895552713336674,7,0.6258131957611959,0.862247664370891,0.09133951968425004,0.0,0.0,0.0,0.07662262469206771,0.08738333310944087
827,1,0,1,0.07179570121560234,4.0,8.563053520130026,25.38302539690219,0.040749199464938754,0.23633524222296542,7,0.5489436134619254,0.8563368026556486,0.08058048771153052,0.0,0.0,0.0,0.07431032886113756,0.07572170946240783
828,1,0,1,0.07167381291727465,4.0,8.36450664037851,25.348707595851725,0.04010213870444982,0.22199507504948238,7,0.6157872921238232,0.8486519729258055,0.08992336760383175,0.0,0.0,0.0,0.07362991980422497,0.08604100304089818
829,1,0,0,-0.16814131315370434,3.831858686846296,8.173855004681181,25.240015822874476,0.03933292910811091,0.20947695443477465,7,0.5434869472311773,0.842830355905756,0.07972398126628015,0.0,0.0,0.0,0.07153281786470297,0.07510872368824668
830,1,0,1,0.07191553836103837,3.903774225207334,7.989246585726029,25.121761452121223,0.0385105142680327,0.19725466556220936,7,0.5324839809804855,0.8353467706888914,0.0782682222758609,0.0,0.0,0.0,0.06931637912109906,0.07333373323539166
831,1,0,1,0.07177601843723978,3.9755502436445735,7.804826492711676,25.084764890680884,0.037872552950166095,0.18313687651635713,7,0.6063585464914908,0.8277752009461814,0.08853450218231308,0.0,0.0,0.0,0.07017729246917297,0.08470673427511342
832,1,0,1,0.07206165571440334,4.0,7.626930721017083,24.93943559694997,0.03715484917419948,0.17164006523032194,7,0.4990147191593083,0.8222397845848141,0.07328709037201082,0.0,0.0,0.0,0.06355823823010444,0.06898086771621112
833,1,0,1,0.07182053170421587,4.0,7.451651942565353,24.90298241304764,0.03651341210862876,0.15761937386676947,7,0.6024271955951164,0.8141591579491764,0.0879727705747392,0.0,0.0,0.0,0.06844945202379377,0.08412414818131488
834,1,0,1,0.07186046580525463,4.0,7.28007588531908,24.862519872209667,0.035900277053717886,0.14371055817844344,7,0.5968272608060774,0.808865858890325,0.08713170445942135,0.0,0.0,0.0,0.06689455364214258,0.0834528941299561
835,1,0,1,0.07214021529390764,4.0,7.116894442645585,24.719191714165156,0.03511609145123948,0.13230874661565895,7,0.4970552932202133,0.8035648939382187,0.07311598299157739,0.0,0.0,0.0,0.06067377370906805,0.06841086937670696
836,1,0,1,0.07190427143966663,4.0,6.954259906431797,24.680792272908754,0.03447909874905821,0.11846419510483941,7,0.5948681764500783,0.7959021539202686,0.0868892652780049,0.0,0.0,0.0,0.0647967468520043,0.08306730906491729
837,1,0,1,0.07195317880890433,4.0,6.795406592287197,24.633432893864438,0.033853966102550065,0.1048715240303587,7,0.5846636112945985,0.7908763044835139,0.08530682232593324,0.0,0.0,0.0,0.06330008548795038,0.08155602644688438
838,1,1,1,0.007138215367276374,4.0,6.958626760664844,24.51932898696867,0.27396734524984695,0.0928950536199364,7,0.8348372486356679,0.785720987153791,0.1311785475787522,0.0,0.0,0.0,0.059319725116218545,0.07185882246253368
839,1,2,1,0.006878956671404755,4.0,7.168715140769381,24.478649534142853,0.26260721202532383,0.32924694094136375,7,0.9563578209695582,0.786948893690838,0.1500494754185749,0.0,0.0,0.0,0.06816079934713874,0.08188867607143614
840,1,0,1,0.07193200221703294,4.0,7.366036078417313,24.409808519412557,0.25145968790787193,0.3163072739081504,7,0.919664039790443,0.7911841168728059,0.1445231469039912,0.0,0.0,0.0,0.0668851447047115,0.07763800219927972
841,1,0,1,0.07185639672337255,4.0,7.576846659789867,24.367156274724778,0.23978562123908106,0.3027880168780282,7,0.9625544516305178,0.7943961149457468,0.15115994219347895,0.0,0.0,0.0,0.07004440001274534,0.0811155421807336
842,1,0,1,0.0718024236325834,4.0,7.773728710573758,24.355432841222672,0.2282983160188277,0.28852785189985614,7,0.9837586906446544,0.7986000733628661,0.15448482119055204,0.0,0.0,0.0,0.06892383132152001,0.08556098986903202
843,1,0,1,0.07184582790534831,4.0,7.9802751528397,24.312722247818915,0.21647068067781342,0.2750446432065696,7,0.9670648876570935,0.8032290387949108,0.1518650642058056,0.0,0.0,0.0,0.07096581204608585,0.08089925215971974
844,1,0,1,0.07178198218708746,4.0,8.172761177132584,24.30655312126869,0.20489571956171407,0.26069002019358994,7,0.9936418327591248,0.8073249350164654,0.1555775047744734,0.0,0.0,0.0,0.06944976669659592,0.08612773807787752
845,1,0,1,0.07177543594705404,4.0,8.365508020323627,24.29918940509605,0.19316783159166018,0.246364074395048,7,0.9973659844784399,0.8119828574600318,0.1563230026115751,0.0,0.0,0.0,0.07036732782032347,0.08595567479125164
846,1,1,1,0.006752136437955594,4.0,8.582332014141606,24.278489127533845,0.40306453038338375,0.23237794423721012,7,1.0127411518912621,0.816617435635492,0.15937862161943425,0.16515796657725146,0.0,0.0,0.07546184067240685,0.08391678094702741
847,1,0,1,0.07173333525196236,4.0,8.773665104856118,24.266133832343446,0.39111088043644665,0.21818053668791057,7,1.0004983240659984,0.8215205285418863,0.15690634497742023,0.0,0.0,0.0,0.07172189968162283,0.08518444529579737
848,1,0,1,0.07159495615425793,4.0,9.014881046129046,24.281465152648728,0.377563351130519,0.2033580737478821,7,1.0825422350081992,0.8259949734299891,0.17021995347573707,0.0,0.0,0.0,0.08128517583556608,0.08893477764017098
849,1,0,0,-0.168294830790248,3.831705169209752,9.205070873572353,24.271321147725715,0.3653610756948469,0.18910929614463767,7,1.0124544774897386,0.8324086549694445,0.1587063182334988,0.0,0.0,0.0,0.07321365261403229,0.0854926656194665
850,1,2,1,0.006737131060887425,3.838442300270639,9.382135859786688,24.24983878814043,0.3534127684337857,0.42510748494421335,7,0.9924924271614999,0.8369098005324518,0.15570071076891312,0.0,0.0,0.0,0.07168984356636747,0.08401086720254568
851,1,0,1,0.0715848031095134,3.9100271033801524,9.610462749138179,24.247189006459074,0.3397371803390026,0.4107430182804194,7,1.0664764738683168,0.8407993661981781,0.16824032855146265,0.0,0.0,0.0,0.08205352856869874,0.0861867999827639
852,1,0,1,0.07156146020080707,3.9815885635809596,9.837831737027575,24.25366723432524,0.32595690621184764,0.39616569803719776,7,1.0802885096454886,0.8464412938899315,0.17014556622225932,0.0,0.0,0.0,0.08268164476292947,0.08746392145932982
853,1,0,1,0.07152476790537514,4.0,10.043334158152218,24.284550940459997,0.3126702980562959,0.38095519428363533,7,1.0886736015432241,0.8522874742838205,0.1709826714546842,0.0,0.0,0.0,0.07971964893330988,0.09126302252137433
854,1,0,1,0.07149379127744937,4.0,10.27468424340043,24.30506402775124,0.29844459983388955,0.3660145745634468,7,1.1100603000047595,0.8581971274653054,0.17499790765556983,0.0,0.0,0.0,0.08535418933443864,0.08964371832113119
855,1,0,0,-0.16852061806020519,3.8314793819397948,10.502579680887003,24.325410977036615,0.28409165327329405,0.3510570702512416,7,1.1127360935507409,0.8644937067787918,0.17586270523680472,0.0,0.0,0.0,0.08611767936357322,0.0897450258732315
856,1,1,1,0.006478961128209931,3.8379583430680047,10.72046833271711,24.34239584148999,0.47466107960772663,0.33617288031031284,7,1.105573282731568,0.8706997664480904,0.1746189797528675,0.2712696018861088,0.0,5.551115123125783e-17,0.08531384010729502,0.08930513964557248
857,1,0,1,0.07135396313020508,3.90931230619821,10.96353883494574,24.38635002384876,0.4595576479008377,0.3206191390147757,7,1.163596288942581,0.8765716043551774,0.18394303801455714,0.0,0.0,0.0,0.09062059024133409,0.09332244777322302
858,1,0,1,0.07151333241197845,3.980825638610188,11.138511776305542,24.391511315094537,0.4464005162178655,0.3059255175160041,7,1.0638814540754395,0.8837472214698625,0.16710451909046298,0.0,0.0,0.0,0.07894279009783377,0.08816172899262921
859,1,0,1,0.0713234542924932,4.0,11.371524634158156,24.436908525063863,0.43128779893632174,0.29029976705518745,7,1.1666606451069483,0.8882505772850019,0.18443080645416227,0.0,0.0,0.0,0.09067630368926187,0.0937545027649004
860,1,0,1,0.07145075170876006,4.0,11.544421285410891,24.45374391280035,0.417852199158985,0.27530583530333047,7,1.0849428679697695,0.8952108289805507,0.1705771891751617,0.0,0.0,0.0,0.08061359866401985,0.08996359051114185
861,1,0,1,0.07146898340184661,4.0,11.706174285914543,24.462642986805463,0.4046469939551413,0.26048636807490183,7,1.0706062044640454,0.8999541299552811,0.1681480345936345,0.0,0.0,0.0,0.07923123122306303,0.08891680337057149
862,1,0,1,0.07146844954026733,4.0,11.861628391212408,24.469606824881243,0.3914970200354679,0.2457168825978371,7,1.0666383751916417,0.9042204318180003,0.16751675638042887,0.0,0.0,0.0,0.07889984351804037,0.0886169128623885
863,1,0,1,0.07126652187658873,4.0,12.079397805771308,24.523032234867642,0.3762589286466545,0.22985017113922449,7,1.179475704947643,0.9082808804023412,0.18662881708455595,0.0,0.0,0.0,0.09142854833288028,0.09520026875167571
864,1,0,0,-0.16855407570415118,3.8314459242958487,12.224832088654715,24.528782888543567,0.3630945588327636,0.21506359642284745,7,1.0662456875753044,0.9150607510159737,0.16770566718160784,0.0,0.0,0.0,0.0789862188833455,0.08871944829826232
865,1,0,1,0.07124168728206161,3.9026876115779103,12.435124986261723,24.582611081074184,0.34775248074462056,0.19915595476837536,7,1.1829614645675859,0.918840374429957,0.1874983184556906,0.0,0.0,0.0,0.09205246852885816,0.09544584992683244
866,1,0,1,0.07121776123960599,3.973905372817516,12.640620501413702,24.637891107809867,0.33240089314935645,0.1831804110062154,7,1.1862189435710588,0.9254434016833978,0.18796278814454442,0.0,0.0,0.0,0.09210952557158468,0.09585326257295974
867,1,0,1,0.07146109792653069,4.0,12.760905230689612,24.626551548448383,0.31956102565937833,0.1687169697942508,7,1.0409079601450135,0.9319627902305893,0.16381985221165657,0.0,0.0,0.0,0.07703920493986888,0.08678064727178772
868,1,0,1,0.07120066240436453,4.0,12.95619234877882,24.683011408520446,0.3042266885391201,0.15268819053529378,7,1.1864333976397203,0.93468641947845,0.18817869827529132,0.0,0.0,0.0,0.09200602272154919,0.09617267555374215
869,1,0,1,0.07144204658219559,4.0,13.069084075276677,24.677055051277545,0.29138553027409125,0.1380844273818629,7,1.0479154631874399,0.9409800939324817,0.16466952851075842,0.0,0.0,0.0,0.07704694959017311,0.0876225789205853
870,1,0,1,0.07118222183289173,4.0,13.256103813273587,24.73254678412117,0.2760305907927154,0.12204831411241457,7,1.1861649490043864,0.9436534781638555,0.18834631650494502,0.0,0.0,0.0,0.09212963688825507,0.09621667961668993
871,1,0,1,0.07116165840729652,4.0,13.436816878301798,24.789619764023293,0.26071864181803356,0.1059490927787512,7,1.1875023098652064,0.9497162649348689,0.1884670218500716,0.0,0.0,0.0,0.09187169384809132,0.09659532800198029
872,1,0,0,-0.16856179627005566,3.8314382037299444,13.529627572136027,24.778954734875377,0.24803949279201168,0.09138834692953517,7,1.0378065807444372,0.9556609160581273,0.16343936925142707,0.0,0.0,0.0,0.0760748941561308,0.08736447509529625
873,1,0,1,0.0714596404241819,3.9028978441541264,13.615575744400548,24.764925276275022,0.2355187126729961,0.07691215865718086,7,1.029633271339454,0.9577145576752852,0.1619818103482193,0.0,0.0,0.0,0.07512468071409359,0.08685712963412569
874,1,0,1,0.0711509057320743,3.974048749886201,13.782120369315894,24.752352460196995,0.220357559722286,0.06271027387626034,7,1.1134843343542085,0.9595125255168893,0.17617822638978406,0.0,0.0,0.0,0.09096691770426092,0.09692307317464671
875,1,0,0,-0.16856868025731273,3.805480069628888,13.863416229872795,24.652335094994925,0.20775826465337707,0.050656559898702797,7,0.9446403160926513,0.9633618207378224,0.14791805427879867,0.0,0.0,0.0,0.07559577041345344,0.08783616386301957
876,1,2,1,0.006166029817640296,3.8116460994465284,14.019472552339101,24.71239424025562,0.19265655308816307,0.28450344328432253,7,1.179009250848695,0.962893783121693,0.18752896907756542,0.0,0.0,0.0,0.09061026939128389,0.09691869968628154
877,1,0,1,0.07112095584016212,3.8827670552866906,14.178587269403438,24.773713818068586,0.17731830376048588,0.2683127026759646,7,1.1887309646921702,0.9682966698148681,0.1891739396162109,0.0,0.0,0.0,0.09202949596606308,0.09714444365014782
878,1,0,1,0.07128200323705959,3.95404905852375,14.272297082439882,24.801520471020314,0.1640402749202601,0.2528685477693741,7,1.095323993174972,0.9738075271868006,0.17233310248089764,0.0,0.0,0.0,0.07966817304135478,0.09266492943954292
879,1,0,1,0.07110593547841138,4.0,14.42173994868514,24.85842406013272,0.14876919609852163,0.23672756558663213,7,1.1831918941941704,0.976845438836505,0.1884723660268826,0.0,0.0,0.0,0.09162647293043089,0.09684589309645172
880,1,0,1,0.07118337010681917,4.0,14.523139534030394,24.908387896534897,0.1350545263991051,0.22070103991089127,7,1.1333675219678732,0.9820041002204467,0.1784471722509442,0.0,0.0,0.0,0.0822880181964991,0.09615915405444511
881,1,0,1,0.07123529796870215,4.0,14.60897062226305,24.94126187168748,0.12167977834911585,0.2050613662263312,7,1.104493249149371,0.9857881857641323,0.17408653040729616,0.0,0.0,0.0,0.08024848829993558,0.09383804210736058
882,1,0,1,0.07107999531895537,4.0,14.748485506621115,24.999320117217227,0.10644658316052817,0.1887995974689428,7,1.1863289422365764,0.9887558123487632,0.1889697836758566,0.0,0.0,0.0,0.09139917113152604,0.09757061254433058
883,1,0,1,0.07124999412943048,4.0,14.798731774935128,25.023475453287496,0.0939131862782084,0.17330825050701507,7,1.0680967449802417,0.9936951405959584,0.16814846306548453,0.0,0.0,0.0,0.07953858404569646,0.09294808177156601
884,1,0,1,0.0712486814405969,4.0,14.627684917570477,25.046113829261394,0.08710966900499412,0.1578266106541075,7,0.8471466993148167,0.9955551807055656,0.13371094275673134,0.0,0.0,0.0,0.0792268480767849,0.09288983911744558
885,1,0,1,0.07124568082693075,4.0,14.41289910228467,25.071863987952298,0.08157090412127267,0.14226668256354033,7,0.8028093120758892,0.991844968670797,0.12659215784573175,0.0,0.0,0.0,0.07968335838219555,0.0933595685434031
886,1,0,0,-0.16890180518467168,3.831098194815328,14.219980842932014,25.12269362319772,0.07520999667842439,0.12610703307968682,7,0.8450304531486916,0.9871190772559243,0.13512334156021066,0.0,0.0,0.0,0.09152971837805013,0.09695789690312093
887,1,0,1,0.0713159239992332,3.9024141188145616,14.008221519170784,25.13329034346836,0.06991863037890843,0.11086238396593169,7,0.7824042581626569,0.9835668616532435,0.12321609247962656,0.0,0.0,0.0,0.07862677992579505,0.09146789468253075
888,1,0,1,0.07131774585191597,3.9737318646664774,13.751772718817778,25.144198975432772,0.06598482885846209,0.09560516554935905,7,0.7329976281773785,0.9785377965659787,0.11514611962211392,0.0,0.0,0.0,0.07960477279498637,0.09154331049943587
889,1,0,1,0.07114494382539883,4.0,13.481160510038514,25.180984923978762,0.06221676857620743,0.07972117598343224,7,0.7385730321229933,0.9723992923562639,0.11791229908908876,0.0,0.0,0.0,0.09270324759340827,0.09530393739556087
890,1,0,0,-0.1686195741488161,3.831380425851184,13.199123984498822,25.17712452244293,0.059393375082893524,0.0647789519158986,7,0.6806567087749084,0.966553635850432,0.10659370536508532,0.0,0.0,0.0,0.0786967061715376,0.08965334440520185
891,1,0,0,-0.16857482318014358,3.6628056026710403,12.92459343215723,25.075077752747454,0.05654590629377892,0.052547026896846545,7,0.5828288906364727,0.9594062126735439,0.0904763628489999,0.0,0.0,0.0,0.07792125824816007,0.08834400503259426
892,1,0,1,0.07123157434686911,3.7340371770179095,12.673662667510472,24.96964961549603,0.052822194924856965,0.040717325492501164,7,0.5936328777244374,0.9499917796226172,0.09332047663960404,0.0,0.0,0.0,0.09215632516247463,0.09361701419872884
893,1,0,1,0.07124997621280532,3.8052871532307146,12.384813609514252,24.694803890386154,0.05155173148585779,0.033108979080736844,7,0.37738802396906507,0.9410828070751627,0.05327285910458097,0.0,0.0,0.0,0.09204136084145774,0.09421924001747742
894,1,1,1,0.006514917263089681,3.8118020704938043,12.503657715369,24.398945346798,0.2789122510970348,0.026132996309312925,7,0.7499759997641031,0.9269904374975102,0.11838239004633455,0.05931038891514673,0.0,0.0,0.07652649341779104,0.08815034576552858
895,1,2,1,0.006224312793490628,3.818026383287295,12.706702528817093,24.459231041483243,0.2633625637011792,0.26008861039264486,7,1.1858955846875148,0.9225650765541751,0.18956443987514204,0.0,0.0,0.0,0.09329812437513363,0.09626631550000841
896,1,0,1,0.0711543898924685,4.0,12.916423530142396,24.530814468442486,0.24742738915773474,0.24376245380320616,8,1.2104527675420473,0.9291483392575084,0.19356798679729914,0.0,0.0,0.0,0.09561104726066699,0.09795693953663215
897,1,0,1,0.07136666916510218,4.0,13.045819745995644,24.557671126424594,0.23403463380761014,0.22843314104721313,8,1.092433823799981,0.936180949964622,0.17233240863670554,0.0,0.0,0.0,0.08035653210074753,0.09197587653595805
898,1,0,1,0.07114987196243179,4.0,13.24404893199441,24.625635763969555,0.2181833446050286,0.2121328063603126,8,1.2062810953542338,0.940087271810506,0.19290974333689243,0.0,0.0,0.0,0.09510773521548915,0.09780200812140331
899,1,0,1,0.07131864101939571,4.0,13.370127502761573,24.657181842089656,0.2046263937682393,0.1966427913745925,8,1.104366766286362,0.9467421173990992,0.17428179493505647,0.0,0.0,0.0,0.08134170502073605,0.09294008991432043
900,1,0,1,0.07111754826315322,4.0,13.559235490654537,24.726423522156427,0.18878628986411458,0.18026089440105206,8,1.2090324015810134,0.9506827336212806,0.19333200526599092,0.0,0.0,0.0,0.09504062342474809,0.09829138184124285
901,1,0,0,-0.16863823582731782,3.8313617641726823,13.663191557519646,24.74037888096198,0.175661613866716,0.16512786169703556,8,1.075052900990939,0.957141475320274,0.16954625220849046,0.0,0.0,0.0,0.07874805598439147,0.09079819622409896
902,1,0,0,-0.16889567075360662,3.662466093419076,13.840514563044602,24.805478308071187,0.15993925083369753,0.14879014712375502,8,1.202511693596203,0.9600892609620407,0.19236046563779402,0.0,0.0,0.0,0.09433417819811071,0.09802628743968332
903,1,0,1,0.0711164180339151,3.733582511452991,14.00853116177004,24.86583602126544,0.14437777406190483,0.1325277776740462,8,1.1945241336975894,0.9661498217778945,0.19094307732900917,0.0,0.0,0.0,0.09336886063075628,0.0975742166982529
904,1,2,1,0.0060831663736197516,3.7396656778266104,14.177063490909708,24.92599525230867,0.12864317306864928,0.3662385949957798,8,1.2005507397587822,0.9718591795758871,0.19214270202913195,0.0,0.0,0.0,0.09440760595953343,0.0977350960695985
905,1,0,1,0.07118258584109563,3.810848263667706,14.288282972486964,24.973160543555487,0.11476362232909428,0.35024388704704457,8,1.135961241404536,0.9775764685804595,0.17924555212974091,0.0,0.0,0.0,0.08327730443732997,0.09596824769241094
906,1,1,1,0.00606318302674536,3.8169114466944514,14.445353304830842,25.01901041878144,0.3176674947161254,0.334255983905357,8,1.18445629547089,0.9815360879010614,0.18968999999392533,0.188814184534014,0.0,0.0,0.09376258114379955,0.0959274188501258
907,1,0,1,0.07095927518468963,3.887870721879141,14.616358480867593,25.090630729543104,0.3015281316575295,0.31761952960095086,8,1.2292345798887212,0.9866090930903071,0.19665490417801154,0.0,0.0,0.0,0.09683617835157476,0.09981872582643678
908,1,0,1,0.07116486360959437,3.9590355854887354,14.711002952468073,25.114735270885774,0.2878639648946819,0.3020508490498946,8,1.1114237432034189,0.9926747302602674,0.1753970838834235,0.0,0.0,0.0,0.0819850005770859,0.09341208330633761
909,1,0,1,0.07119140803696361,4.0,14.797554501998915,25.133218616603852,0.2743352007983824,0.2866098244529951,8,1.1006783508327627,0.9956434555838463,0.1738187321591941,0.0,0.0,0.0,0.08117258457779686,0.09264614758139722
910,1,0,1,0.07094910353935832,4.0,14.952626748845969,25.194866344757166,0.2583570011986035,0.2701496999841645,8,1.21498930296544,0.9982693279650692,0.19462994441165699,0.0,0.0,0.0,0.09586919759867356,0.09876074681298344
911,1,0,1,0.07093558535162654,4.0,15.102648421785636,25.25805804063924,0.24241855407746574,0.2536113321532869,8,1.21690069616182,1.0036873273400784,0.19486088971209192,0.0,0.0,0.0,0.0956306827268263,0.09923020698526562
912,1,1,1,0.005926325912260839,4.0,15.24704061684873,25.31769859916168,0.44036955458647986,0.237121101781657,8,1.2130504151461567,1.009017661560622,0.19441408546257752,0.21682129371311754,0.0,0.0,0.09547270323279801,0.09894138222977952
913,1,0,1,0.07134493308687834,4.0,15.270464920136165,25.266782471177024,0.42830098223561336,0.2231787271977891,8,0.9866266557030388,1.0141184804002603,0.15606568160840645,0.0,0.0,0.0,0.0724114341051991,0.0836542475032073
914,1,0,0,-0.16866163274418924,3.831338367255811,15.293287241011871,25.218849551191024,0.4162392632192629,0.20919437222457674,8,0.9883205856725348,1.01343118478283,0.15627644393737625,0.0,0.0,0.0,0.07237031409810211,0.08390612983927413
915,1,0,1,0.07089351190056423,3.902231879156375,15.432465069788504,25.28137696933459,0.40036737203035955,0.19265084617321537,8,1.2145086667252722,1.0128034198050724,0.1944925034415889,0.0,0.0,0.0,0.09523134713342067,0.09926115630816826
916,1,0,1,0.07087155720205544,3.9731034363584303,15.56972665452583,25.344672196719557,0.3844590478202599,0.1760415874303073,8,1.2184028631003643,1.0178460509780776,0.19510549771804628,0.0,0.0,0.0,0.09544994526059777,0.0996555524574485
917,1,1,1,0.006370881630694435,3.9794743179891245,15.575978025427311,25.28591381504583,0.48818112499828553,0.1622846018391498,8,0.9703529605088977,1.0228599712811346,0.1534551635572318,0.8067542869215591,0.0,0.0,0.07091325001028681,0.08254191354694496
918,1,2,1,0.006380503336904047,3.9858548213260288,15.577445638307953,25.21742415418775,0.4765451630065236,0.3988329000705689,8,0.954525248034387,1.0215472960118288,0.150525982562057,0.0,0.0,0.0,0.0698157719505716,0.08071021061148537
919,1,0,1,0.07080993173799854,4.0,15.722208043423743,25.29622219510091,0.4602755341136611,0.3819202529969796,8,1.2434321908413395,1.0198717448123926,0.19909365579871025,0.0,0.0,0.0,0.09761777335717464,0.10147588244153558
920,1,0,1,0.07080344442500712,4.0,15.858749627588812,25.371292963129584,0.44413574333590095,0.3650559677593448,8,1.2370731081568636,1.0254607559631164,0.19802445609237038,0.0,0.0,0.0,0.09683874466656153,0.10118571142580884
921,1,0,1,0.07111058436090559,4.0,15.909680299571267,25.365633399189498,0.4308321247694333,0.3500079038143033,8,1.0760221728103272,1.0307510647679599,0.17011009506905445,0.0,0.0,0.0,0.07982171139880556,0.09028838367024891
922,1,0,1,0.07113287890014573,4.0,15.950028631555806,25.35816898552788,0.417802381912088,0.3350186040915873,8,1.06476676079194,1.0318828424690192,0.16811425548036765,0.0,0.0,0.0,0.07817845714407186,0.08993579833629577
923,1,0,1,0.07116011170851372,4.0,15.982467487001339,25.3449158949754,0.4049385257870269,0.32016306031695657,8,1.051890705320148,1.032704940427092,0.16631639939815154,0.0,0.0,0.0,0.07718313675036671,0.08913326264778484
924,1,0,1,0.07116211659028658,4.0,16.00782813615726,25.334358128027855,0.39225613710652324,0.30525861277947935,8,1.0479874667577915,1.0331845845494185,0.16552101730788543,0.0,0.0,0.0,0.07609433208302195,0.0894266852248635
925,1,0,1,0.07115816401768867,4.0,16.039400047757,25.326564098952325,0.3794040748205035,0.2903002300232066,8,1.0573325391288355,1.0335546566046279,0.1668626702537545,0.0,0.0,0.0,0.07711237371611823,0.08975029653763632
926,1,2,1,0.006128136270331242,4.0,16.07290214254681,25.3304496384161,0.36648855184885304,0.48123870494906834,8,1.0715367379213139,1.0341491036677333,0.16882959406411685,0.26303269421061615,0.0,0.0,0.0774931378299032,0.09133645623421363
927,1,1,1,0.005971134548483672,4.0,16.135385409814532,25.3734258044693,0.4861494257203088,0.46513446543620524,8,1.1405432278450056,1.0350837945240725,0.17972888275532548,0.698931311093118,0.0,5.551115123125783e-17,0.08310344567814719,0.09662543707717827
928,1,0,0,-0.1689881086227347,3.8310118913772655,16.19179507021995,25.39154414279087,0.47247303016435954,0.44956575875771443,8,1.11224827908408,1.037720280357096,0.17547061340664036,0.0,0.0,0.0,0.0820583733356955,0.09341224007094485
929,1,1,1,0.006042833592583276,3.837054724969849,16.240673619424513,25.401823246205936,0.4865465663380006,0.434168854123321,8,1.098741132944899,1.0395834803252706,0.1731020297783571,1.3348381809861571,0.0,0.0,0.08072060197199653,0.09238142780636055
930,1,0,1,0.07104899576410223,3.908103720733951,16.286608775420834,25.405390739713297,0.47309376685102006,0.418904649756284,8,1.0905650711444417,1.0410624216407611,0.17230202312410545,0.0,0.0,0.0,0.08071679692188327,0.0915852262022222
931,1,0,0,-0.16896916333498102,3.7391345573989696,16.331827592684704,25.418194896315285,0.4596463820708369,0.4034383482253863,8,1.1003229617442107,1.0422999878783532,0.1734821178664845,0.0,0.0,0.0,0.08068430868109878,0.09279780918538569
932,1,0,1,0.07100749591234397,3.8101420533113135,16.37906456673946,25.4355289615291,0.446113480523127,0.387849451743038,8,1.108321601493572,1.0437505622249996,0.17473078818034954,0.0,0.0,0.0,0.08119740928625957,0.09353337889409001
933,1,0,1,0.07108944789428666,3.8812315012056002,16.404142050050936,25.433904973364392,0.4331575837473738,0.3726893040441814,8,1.0688183333534815,1.045364838206714,0.16869626684765926,0.0,0.0,0.0,0.07773538065451915,0.09096088619314013
934,1,0,1,0.07107098781798467,3.9523024890235847,16.435919524954038,25.435055912197434,0.42002165919559736,0.3574655394994759,8,1.0788795893215317,1.0459511755853832,0.17015813457889134,0.0,0.0,0.0,0.07881554731065893,0.09134258726823241
935,1,0,1,0.07101620234564694,4.0,16.475409142901967,25.452826483839186,0.406628178093363,0.3418694451839466,8,1.104034575518465,1.0467743859287868,0.17393745250658182,0.0,0.0,0.0,0.08036088661340585,0.09357656589317602
936,1,0,0,-0.1692364882786953,3.8307635117213046,16.579018260232523,25.52484191646131,0.39085588979027386,0.3249964938035104,8,1.2238304406212106,1.048205890668529,0.19587143810115198,0.0,0.0,0.0,0.0946337298185349,0.10123770828261706
937,1,0,1,0.07112433411644382,3.9018878458377486,16.587515692715915,25.509997576474003,0.3782452160310017,0.3101010570141628,8,1.046249596913428,1.052596504417346,0.16503666329171873,0.0,0.0,0.0,0.07566404255563311,0.08937262073608564
938,1,0,1,0.07107138456977367,3.9729592304075223,16.606367355824673,25.510469163214953,0.36529756222260135,0.29486428549438615,8,1.0717610815794558,1.0524378317297478,0.169106551969062,0.0,0.0,0.0,0.07768592285040175,0.09142062911866021
939,1,0,0,-0.16922855990118763,3.8037306705063347,16.700239444727735,25.579438585676062,0.34972745000351235,0.2780239000732862,8,1.2157624243401641,1.0529209129759907,0.19446298584113375,0.0,0.0,0.0,0.0934206733145343,0.10104231252659945
940,1,0,1,0.07077526943858808,3.874505939944923,16.787758561909115,25.64623555652846,0.33426022774075315,0.26120697346055943,8,1.2113080387938717,1.056991950760095,0.19370489325291557,0.0,0.0,0.0,0.09280333357655496,0.10090155967636061
941,1,0,0,-0.1689025012063319,3.7056034387385908,16.791123341671266,25.63253408746248,0.3215958421563643,0.2462077452794389,8,1.0505131636571154,1.0608498529609394,0.16598168259305637,0.0,0.0,0.0,0.07598631350633336,0.08999536908672298
942,1,0,1,0.07117055026469582,3.7767739890032868,16.78159833404203,25.597806157989083,0.3093175102890871,0.23170823892675105,8,1.0163384986257056,1.0605914357283437,0.16066702931979024,0.0,0.0,0.0,0.0736699912036628,0.08699703811612745
943,1,0,1,0.07112846308235639,3.847902452085643,16.77700426227881,25.58080991971073,0.29692899907486164,0.21680680757106072,8,1.037894802259209,1.0594851123007778,0.16373965541949484,0.0,0.0,0.0,0.07433106728535288,0.08940858813414196
944,1,0,1,0.0707927564645647,3.918695208550208,16.857313431553596,25.64324696895938,0.2816308968404429,0.2000901939117029,8,1.2016915730731736,1.0589453545497387,0.19208829536265926,0.0,0.0,0.0,0.0917886134065126,0.10029968195614665
945,1,2,1,0.005800238930890943,3.9244954474810987,16.93163300096125,25.701368685098927,0.2664525882448325,0.43343546598472704,8,1.19495529556002,1.0625140100128245,0.19099821913551765,0.0,0.0,0.0,0.0910698515736628,0.09992836756185486
946,1,0,1,0.0707592481504007,3.9952546956314996,17.012831445473815,25.75268782688719,0.25095130356541634,0.4169385618258312,8,1.1983426284523329,1.0658250421515045,0.1919891330298718,0.0,0.0,0.0,0.09300770807649682,0.098981424953375
947,1,0,1,0.07089379548950285,4.0,17.040721240224727,25.787940028620056,0.23740006787454204,0.4007743772362959,8,1.1322799782928052,1.0691379818090252,0.1782925216824581,0.0,0.0,0.0,0.0813074141452456,0.09698510753721248
948,1,1,1,0.005878177984231111,4.0,17.068692506772106,25.830927509647736,0.449982135451744,0.384401931729748,8,1.1416752792961806,1.0707165317211196,0.17986560349832248,0.1428766640777529,0.0,0.0,0.08163093045903527,0.09823467303928717
949,1,2,1,0.005998841920920905,4.0,17.078793116900837,25.814741659467995,0.43694042872498157,0.4849539292592975,8,1.066405260359482,1.0724905004104963,0.16852666480479,0.8064115903784878,0.0,5.551115123125783e-17,0.07825024036057492,0.09027642444421512
950,1,2,1,0.005690007007678252,4.0,17.164897603293735,25.872402871604354,0.4211726221838661,0.48328491405288637,8,1.2161040679384778,1.0723383694092208,0.19489735492937385,1.4097235755557849,0.0,5.551115123125783e-17,0.09460683924669254,0.10029051568268135
951,1,1,1,0.005909709028363265,4.0,17.18662509947096,25.881008259021236,0.48655581026926104,0.46765707076862206,8,1.106265395466559,1.075932511872452,0.17443219809001972,1.027035733103197,0.0,5.551115123125783e-17,0.08066513838443365,0.09376705970558608
952,1,0,1,0.07065721943259216,4.0,17.270931458399826,25.945063179620696,0.4707947904539376,0.45073719265387374,8,1.2250521134906314,1.076690833962305,0.19608538758043054,0.0,0.0,0.0,0.09456611889194048,0.10151926868849007
953,1,0,1,0.07095082655041625,4.0,17.28313031331046,25.929657476856445,0.45752825201071096,0.4356053366556106,8,1.077193018096894,1.080399865950513,0.17039036664893914,0.0,0.0,0.0,0.07959923065936035,0.09079113598957876
954,1,0,1,0.07095166738128397,4.0,17.290183504160574,25.918564981627327,0.44442557056870924,0.42040288455658437,8,1.076280390375172,1.0803196947541727,0.16983080124616773,0.0,0.0,0.0,0.07861608865201032,0.09121471259415742
955,1,0,1,0.07093590716244459,4.0,17.3013865832931,25.91369687957016,0.4311822059698827,0.4050548998205889,8,1.0865536892200556,1.0802187121446976,0.17154809600893223,0.0,0.0,0.0,0.07946018759295918,0.09208790841597303
956,1,0,0,-0.1690859084725414,3.8309140915274584,17.315447097093063,25.91759078583556,0.4178723344219493,0.38949643763343084,8,1.0983315066369457,1.0803770865715816,0.1732100024105482,0.0,0.0,0.0,0.07985922928759999,0.09335077312294825
957,1,0,1,0.0709652462052257,3.901879337732684,17.31940991262619,25.9093656265959,0.40481990316524924,0.3742372087722175,8,1.0765636033666808,1.0808259470732158,0.16986996070748078,0.0,0.0,0.0,0.07831458754020043,0.09155537316728035
958,1,1,1,0.00596954327028854,3.907848881002973,17.32099454461085,25.899580114691055,0.4870082373675922,0.3589916572165002,8,1.0725185085603663,1.0807193884805522,0.16942388512874954,0.9289194189914958,0.0,5.551115123125783e-17,0.0779505757944465,0.09147330933430302
959,1,0,0,-0.16932946966380036,3.7385194113391726,17.395073973543276,25.955655413710083,0.4714386188385678,0.34222629280572564,8,1.210669094434003,1.0805143664825474,0.1940098976387942,0.0,0.0,0.0,0.09341771117414621,0.10059218646464799
960,1,0,0,-0.16933353926682215,3.5691858720723504,17.46531023156971,26.0096362507898,0.4559401975392611,0.3254890086611695,8,1.2079853297874898,1.083768234681334,0.19341423266317745,0.0,0.0,0.0,0.09299052779584056,0.1004237048673369
961,1,0,1,0.07106419825295855,3.640250070325309,17.439063908411033,25.965260003392025,0.44362152802951327,0.31100256934160303,8,1.0162510915025333,1.0868736620589878,0.16083065297588534,0.0,0.0,0.0,0.07391201705848685,0.08691863591739848
962,1,0,1,0.07112545105644796,3.711375521381757,17.40173055044903,25.90999030079235,0.431644307493122,0.29679872785944544,8,0.9925050372334008,1.0851080977950764,0.15708637211129275,0.0,0.0,0.0,0.07186332321834724,0.08522304889294552
963,1,0,1,0.07103671126470885,3.782412232646466,17.38816138720104,25.878135350264078,0.419044671302633,0.28205983551910424,8,1.037368907504764,1.0827930212810348,0.16403117118498198,0.0,0.0,0.0,0.07559781714293459,0.08843335404204739
964,1,0,1,0.07109503923830664,3.8535072718847725,17.360956666906226,25.83541451917302,0.40682558042993083,0.2675946750678812,8,1.0117318670507587,1.0816574184366279,0.16010550794355083,0.0,0.0,0.0,0.07331454523621246,0.0867909627073384
965,1,0,0,-0.16892163185967404,3.6845856400250985,17.33849382159391,25.80148544172426,0.3944911337132013,0.2529573805803581,8,1.0235173568909075,1.0799092796519811,0.16183044722551546,0.0,0.0,0.0,0.07400668030037705,0.08782376692513842
966,1,0,1,0.07072187468036115,3.7553075147054598,17.402595739658494,25.855121272832633,0.3792249830842844,0.23631842413306645,8,1.1962372307559095,1.0784994815829543,0.1914306424572522,0.0,0.0,0.0,0.09159690377350226,0.09983373868374992
967,1,2,1,0.005722033163330706,3.7610295478687905,17.460997955231658,25.908156087735733,0.36408204137494243,0.469659987095756,8,1.1928799557885392,1.0814429253122784,0.19080827247991458,0.0,0.0,0.0,0.09085765025605147,0.09995062222386306
968,1,0,1,0.07068996603697103,3.8317195139057616,17.523543385636962,25.963065391383935,0.34873369116268776,0.45295627534471156,8,1.201683585127693,1.0842288510741849,0.19231237177979357,0.0,0.0,0.0,0.09209010127352746,0.10022227050626611
969,1,0,0,-0.16932180552559561,3.662397708380166,17.584387787020546,26.01627797998662,0.33338674633021154,0.43626612913936724,8,1.201222209411792,1.0871652194255224,0.19222254622692395,0.0,0.0,0.0,0.09208166899485803,0.10014087723206587
970,1,0,1,0.07069260317531859,3.7330903115554848,17.640201846104944,26.059218512083856,0.3181379497917612,0.41978691550797326,8,1.188771235356811,1.090016644175179,0.1903680610190655,0.0,0.0,0.0,0.09149277923070162,0.09887528178836387
971,1,0,0,-0.16914710136542277,3.563943210190062,17.647767918975386,26.075814479601995,0.3047178565607723,0.4038666247124363,8,1.116647549343302,1.09248550895472,0.1760423041591552,0.0,0.0,0.0,0.08052055938593317,0.09552174477322206
972,1,0,1,0.07068109875161109,3.6346243089416728,17.70091137020938,26.119918547599205,0.2895061326025685,0.38731440129055006,8,1.1903370791956394,1.0930895599644346,0.19058368428054,0.0,0.0,0.0,0.09127034374922274,0.09931334053131727
973,1,0,1,0.07088139770789131,3.7055057066495642,17.699066359359954,26.127254586116738,0.2763203155700497,0.3715929631600385,8,1.1010117756133198,1.0955207479452147,0.17344353097818246,0.0,0.0,0.0,0.07911490219511297,0.0943286287830695
974,1,0,1,0.07068591597648899,3.7761916226260532,17.747670514111775,26.173346161156054,0.26120308383714314,0.3549543519584173,8,1.1903537534280577,1.0956580236369171,0.19053505760716644,0.0,0.0,0.0,0.09070339039743941,0.099831667209727
975,1,0,1,0.07087280536550201,3.847064427991555,17.741208053093338,26.182450608542126,0.24811699637802917,0.33913527124981974,8,1.1006674032493309,1.0980254168816956,0.17343100900626965,0.0,0.0,0.0,0.07851652475468403,0.09491448425158563
976,1,2,1,0.005691136982530576,3.852755564974086,17.7881754665987,26.221678869999117,0.23302697757116067,0.48349046485790065,8,1.1842871415032383,1.098091466540887,0.18959732369380702,0.5348116274989184,0.0,5.551115123125783e-17,0.09054011284121076,0.09905721085259626
977,1,0,1,0.07069722871682323,3.923452793690909,17.830027035554323,26.250182349248348,0.21803818929933447,0.46724875269412447,8,1.1706014066197994,1.1002463584149456,0.18738300261361396,0.0,0.0,0.0,0.08993272963095728,0.09745027298265665
978,1,0,1,0.0707814755542808,3.9942342692451898,17.831963988076712,26.280780149512943,0.20459934109945954,0.4509046177088239,8,1.1345399874070563,1.1020052346200668,0.17869789911105313,0.0,0.0,0.0,0.08063308919924958,0.09806480991180355
979,1,0,1,0.07077655327077037,4.0,17.85235679136256,26.27106412624983,0.1902324683386054,0.4355256900723529,8,1.1134953834624732,1.1028186034397416,0.1784748023839506,0.0,0.0,0.0,0.0862012365651248,0.09227356581882584
980,1,0,1,0.07079437612159972,4.0,17.850374572186887,26.30128302286556,0.176893641123583,0.4191830904381331,8,1.1313222003803673,1.1030855229403098,0.17808856109545335,0.0,0.0,0.0,0.08003296329013447,0.0980555978053189
981,1,0,1,0.07078668581705105,4.0,17.848185353812184,26.330601670038334,0.1635626209190917,0.40283415518756227,8,1.1309208686743755,1.1037914398763111,0.17807973273037297,0.0,0.0,0.0,0.07998612122694787,0.09809361150342512
982,1,0,1,0.07074990071348282,4.0,17.87740011044261,26.332845869936,0.1489076146005535,0.3871287687545617,8,1.1359286321243633,1.1044696755962629,0.18216235650923265,0.0,0.0,0.0,0.08793003791122932,0.09423231859800331
983,1,0,1,0.07074018241111887,4.0,17.90623489246299,26.34429364614698,0.13425954008412427,0.37120894777311086,8,1.145538707740824,1.1052561495094655,0.18340737298728035,0.0,0.0,0.0,0.08788844709857531,0.09551892588870502
984,1,2,0,-0.2341669292412485,3.7658330707587515,17.897667486385558,26.36039775838865,0.1210804892038968,0.4839222610079454,8,1.1137999196294865,1.1062632134652493,0.17554073923369268,0.7272536866386654,0.0,5.551115123125783e-17,0.07907430528136473,0.09646643395232794
985,1,0,1,0.0707703815099356,3.836603452268687,17.898195441397558,26.390713097378075,0.10762463139788359,0.46751389743620325,8,1.1372949251207776,1.1064516311193553,0.1791853282665314,0.0,0.0,0.0,0.08073514683607937,0.09845018143045203
986,1,0,1,0.07077949142962241,3.9073829436983094,17.899236311722625,26.418528870062126,0.09413567357951809,0.45115131034222605,8,1.1360793564785134,1.1072227134693908,0.17910926947405595,0.0,0.0,0.0,0.08093374691019284,0.09817552256386311
987,1,0,1,0.07079927076045867,3.978182214458768,17.914124410653518,26.39907182390985,0.07987224225146786,0.43594825197112685,8,1.103375182323232,1.1079441295446188,0.17679893819489675,0.0,0.0,0.0,0.08558058796830154,0.09121835022659523
988,1,1,1,0.005741750483743349,3.983923964942511,17.940867567740337,26.403123665604,0.3038589488785663,0.42017740148325533,8,1.1386249046450523,1.1078299058640841,0.18231415072127663,0.06839071244336181,0.0,0.0,0.08768904779404728,0.09462510292722937
989,1,0,1,0.07064174880240706,4.0,17.984844014577977,26.43471798165153,0.28871567672988147,0.40372043079591013,8,1.1841705437187835,1.1085997808336083,0.1896014570161803,0.0,0.0,0.0,0.0908596328921093,0.098741824124071
990,1,0,1,0.07078292575741824,4.0,17.98407429815322,26.443399264388972,0.27531222233023067,0.3877401845388743,8,1.118400616218424,1.1104890499057376,0.17630220394012036,0.0,0.0,0.0,0.08042072639790492,0.09588147754221543
991,1,1,1,0.0056386655473517665,4.0,18.02654898655981,26.47259686365694,0.4697478399456887,0.3713088978518501,8,1.1823591267381122,1.110686839063555,0.18949966543470328,0.24247434899469322,0.0,0.0,0.09091194531255822,0.09858772012214506
992,1,0,0,-0.16943059919311573,3.8305694008068842,18.07426029165604,26.51418750535003,0.45445446604089895,0.3545348249385218,8,1.2017805930447372,1.1124786462554188,0.1924046809087086,0.0,0.0,0.0,0.09176024342873841,0.10064443747997022
993,1,2,1,0.005580321895289418,3.8361497227021735,18.120024579335627,26.55002596672461,0.43918163755805045,0.48335401234755726,8,1.1963139439793198,1.1147111949251518,0.19151289681174732,0.6272089496311305,0.0,5.551115123125783e-17,0.09163697089709083,0.09987592591465651
994,1,0,1,0.07057046524000332,3.906720187942177,18.166929432799385,26.583167615809522,0.423816006009563,0.4667712127551127,8,1.1967977662001774,1.116751263651506,0.19169058684559248,0.0,0.0,0.0,0.09219378929092507,0.09949679755466742
995,1,0,1,0.07054728543930894,3.977267473381486,18.212974771746765,26.62196009732266,0.40844996575483067,0.4500108008717145,8,1.2035902466757347,1.1187524262152229,0.19275871282878299,0.0,0.0,0.0,0.09219624152839409,0.10056247130038887
996,1,0,1,0.07083201323984521,4.0,18.1898842485693,26.595478189876438,0.39549869851961117,0.4347466688905219,8,1.0713009411030512,1.1208733717267356,0.1692923952984725,0.0,0.0,0.0,0.07770760341131666,0.09158479188715585
997,1,2,1,0.0058870428833459445,4.0,18.155352687827882,26.55338879476045,0.38286802344959825,0.4851038106371452,8,1.0430131051037432,1.1196340609611435,0.165161186597206,1.1084800133431314,0.0,5.551115123125783e-17,0.07578405042007733,0.08937713617712864
998,1,0,0,-0.1692257109292879,3.830774289070712,18.144380647097115,26.551148957911806,0.3696172021755652,0.4693344980634384,8,1.1045066594852924,1.1177185370647085,0.17412080308643962,0.0,0.0,0.0,0.07950492764419864,0.09461587544224098
999,1,0,0,-0.16941294385855865,3.6613613452121534,18.186804985548513,26.579960843584253,0.3543469583046541,0.45285582636992333,8,1.1886244642490693,1.1173882401252229,0.19049349338655688,0.0,0.0,0.0,0.09162146322546627,0.09887203016109061
1000,1,0,1,0.07059082119345886,3.731952166405612,18.22405151258621,26.61006544274951,0.3392278057958853,0.43633059763940335,8,1.1865202719312737,1.1191691457283193,0.18986628743573275,0.0,0.0,0.0,0.09071491505261293,0.0991513723831198
1001,1,0,1,0.07059242015657577,3.802544586562188,18.26000718569219,26.638530085911462,0.3241235822683599,0.41982894432472034,8,1.1852732401513204,1.120852923883393,0.18963526105325001,0.0,0.0,0.0,0.09062534116515233,0.09900991988809771
1002,1,0,1,0.07059620226367241,3.8731407888258604,18.291749692369997,26.66605043256962,0.30911384813500414,0.4033317975792998,8,1.1817262851260575,1.1224634317900912,0.18904128527265815,0.0,0.0,0.0,0.09005840480013476,0.09898288047252342
1003,1,0,1,0.07079268531406101,3.9439334741399215,18.271711428981895,26.65575224652418,0.29600308989066987,0.3876748424683171,8,1.0936085536899514,1.1239450031234903,0.17260628013190182,0.0,0.0,0.0,0.07866454946600544,0.09394173066589642
1004,1,0,1,0.07060002600699197,4.0,18.30207546408213,26.680722437826795,0.2810140680346578,0.3712242923259728,8,1.1785208182904978,1.1231865918876518,0.1886374319901381,0.0,0.0,0.0,0.08993413113607278,0.09870330085406534
1005,1,0,1,0.07060395099997019,4.0,18.329302960416133,26.704101206980944,0.26608520799303276,0.35479883569103904,8,1.1751762130358765,1.124569947547723,0.18812590005935292,0.0,0.0,0.0,0.0895731602497502,0.09855273980960272
1006,1,0,1,0.07060923344874985,4.0,18.35252198637606,26.72417032249237,0.25127627100766103,0.3384248547764546,8,1.1691232456562828,1.125835104184927,0.18709750739973668,0.0,0.0,0.0,0.0888536219122303,0.09824388548750641
1007,1,0,1,0.0706065801258271,4.0,18.37712801892585,26.746478050900443,0.23642318342095184,0.3219899033507921,8,1.1738310686795699,1.1269173077217107,0.18772823407423053,0.0,0.0,0.0,0.08911852552025513,0.09860970855397541
1008,1,0,1,0.07079716663562852,4.0,18.35048100965367,26.732729765736075,0.22344962337762797,0.30635088357069007,8,1.087694857309112,1.1280901517456572,0.17167547894055496,0.0,0.0,0.0,0.07784136025994319,0.09383411868061178
1009,1,0,1,0.07086239555210272,4.0,18.312795352266406,26.710066943087085,0.2108036694254626,0.29094796654541727,8,1.0667317893484867,1.1270802693847437,0.16829322586462933,0.0,0.0,0.0,0.07587572371299227,0.09241750215163705
1010,1,0,1,0.07062426097077903,4.0,18.336358072034194,26.730031046234863,0.19598706576121536,0.2745720873039406,8,1.1690983802994133,1.1255715573838372,0.18715489743434324,0.0,0.0,0.0,0.08889962198548348,0.09825527544885979
1011,1,0,1,0.07090951832442183,4.0,18.288166299597265,26.696172806011745,0.18362706563496342,0.2594073502695349,8,1.0446097152966725,1.1266597279567268,0.16514842296394644,0.0,0.0,0.0,0.07416000075751164,0.09098842220643483
1012,1,0,1,0.07093825723100518,4.0,18.234391092238244,26.655929642714153,0.1714549094180331,0.24439060927563308,8,1.0305901069836116,1.1246084776402254,0.16313338326499258,0.0,0.0,0.0,0.07303293730158197,0.0901004459634106
1013,1,0,1,0.07062652247237827,4.0,18.261241796222556,26.683392776031827,0.15662488017532653,0.22785651529327355,8,1.176571855675799,1.12225801837381,0.18818473935039665,0.0,0.0,0.0,0.08898017545623937,0.09920456389415727
1014,1,0,1,0.07092843735674473,4.0,18.213984628403487,26.650182663751856,0.14429300448733068,0.2127132386821898,8,1.043148584207318,1.1236158643063596,0.16485091379447755,0.0,0.0,0.0,0.07399125412797515,0.09085965966650242
1015,1,0,1,0.07093360681532634,4.0,18.171310664574,26.617895861342333,0.13188846385630312,0.19757073042111206,8,1.0466434160648732,1.1216041823038836,0.16528229335263156,0.0,0.0,0.0,0.0744272437861652,0.09085504956646638
1016,1,0,0,-0.16935175973451108,3.830648240265489,18.199191113610603,26.64585922791872,0.11708809173933547,0.18104763977127483,8,1.175573978760895,1.1197301631479084,0.18794077660082933,0.0,0.0,0.0,0.08880223270180598,0.09913854389902335
1017,1,0,0,-0.16902260943918285,3.661625630826306,18.11667242829327,26.609467401153147,0.10579497639477557,0.16599428495214097,8,1.0022157464553274,1.1211262585382331,0.15807882098216258,0.0,0.0,0.0,0.07283372855444477,0.0903201289148032
1018,1,0,1,0.07094839256196975,3.732574023388276,17.986597141636928,26.58279332958132,0.09592537801139257,0.15075201652863787,8,0.9614041375079927,1.1181534957361603,0.15067120084131658,0.0,0.0,0.0,0.07439772828879891,0.09145361054101857
1019,1,0,1,0.070705364579757,3.8032793879680327,17.90857899130482,26.602967278224234,0.08421324823610703,0.13443566868445847,8,1.0563905600912662,1.1142347617804562,0.16817086571678957,0.0,0.0,0.0,0.08846309524727344,0.09789808706507624
1020,1,2,1,0.005673059593296235,3.808952447561329,17.83763933951796,26.62499113434736,0.07235184154685614,0.3680606939359337,8,1.063872861074494,1.1127886567382266,0.1694182886266533,0.0,0.0,0.0,0.09013520007011937,0.09824984849114808
1021,1,0,0,-0.16920855974101043,3.6397438878203188,17.72344329609912,26.63719262720636,0.06282000579393612,0.35190838745257896,8,1.00957121128679,1.1115657618466332,0.15410485341764912,0.0,0.0,0.0,0.08075026812963325,0.096913838900129
1022,1,0,1,0.07072214502756495,3.710466032847884,17.500781315633766,26.63938162319151,0.05642731274264673,0.33601105627616823,8,0.8885429136024309,1.109015898082637,0.13374014536620069,0.0,0.0,0.0,0.09012571879955544,0.09538398705846425
1023,1,0,1,0.07077371539746452,3.781239748245348,17.26199890054909,26.61989311784765,0.050584466739248386,0.3206479936926439,8,0.8452331530420996,1.1035040734706318,0.12723545152153592,0.0,0.0,0.0,0.08992235865547905,0.0921783755011459
1024,1,0,1,0.0708445800071974,4.0,16.93497288000343,26.62761909031512,0.047373390077819565,0.30461421407552797,9,0.7777472523817274,1.0970473004599186,0.11546913767126843,0.0,0.0,0.0,0.08235570240413688,0.09620267770269547
1025,1,0,1,0.07087652249615796,4.0,16.532582983734482,26.630556842840498,0.0464990390056888,0.2886791610198253,9,0.689612655514395,1.0890647992579638,0.10085642476700082,0.0,0.0,0.0,0.08230780298477916,0.09561031833421625
1026,1,0,1,0.07092559972936693,4.0,16.14131451447134,26.626017019551888,0.04558045128359626,0.27291714452677995,9,0.6832702031126199,1.0790784956643746,0.10008362529082729,0.0,0.0,0.0,0.0832028812375344,0.09457209895827204
1027,1,1,1,0.005944415266949228,4.0,16.201496222947807,26.61955178488707,0.2777811178427281,0.2572037739757336,9,1.122899762162226,1.0691832883505807,0.17759351624991007,0.023482707701577565,0.0,0.0,0.08331329294363157,0.09428022330627849
1028,1,0,1,0.07075915881803638,4.0,16.324087171976167,26.631277555229865,0.2616747892001487,0.24106167096175354,9,1.2048429195670325,1.070526200195872,0.19349058993935642,0.0,0.0,0.0,0.09663797185547615,0.09685261808388024
1029,1,0,1,0.07103586170677156,4.0,16.365694534788197,26.584773915907064,0.24827825027300732,0.22626033470120124,9,1.06898784166938,1.073884118180151,0.1691872511261619,0.0,0.0,0.0,0.08037923356284828,0.08880801756331363
1030,1,0,1,0.07076179334582462,4.0,16.47735710251441,26.596561196236507,0.23235473053157432,0.21014178998914634,9,1.1972115593230366,1.0737617112673816,0.19225238672092726,0.0,0.0,0.0,0.09554111844859779,0.09671126827232944
1031,1,0,1,0.07111363700339765,4.0,16.49152938880223,26.53735061254652,0.21959202054635807,0.19565758470886405,9,1.031809660066607,1.076847957468773,0.16348149159299194,0.0,0.0,0.0,0.07657625991129788,0.08690523168169406
1032,1,0,1,0.07077797121708969,4.0,16.590722629757767,26.552162584602268,0.20396337644592344,0.17949728563456402,9,1.1897272130450016,1.0757220000337187,0.19073365904840783,0.0,0.0,0.0,0.0937718646026078,0.09696179444580007
1033,1,0,1,0.07076127193670734,4.0,16.68914133665021,26.56759783776822,0.18827211515403539,0.16331191162808945,9,1.1924260904173942,1.0785721303590008,0.1912598117901756,0.0,0.0,0.0,0.09414756775132821,0.09711224403884741
1034,1,0,1,0.0710993807167394,4.0,16.69246421854769,26.515873507895105,0.1756830640438435,0.1486593528150281,9,1.033017031384829,1.0814184793604609,0.16344965953951898,0.0,0.0,0.0,0.07553430666115102,0.08791535287836798
1035,1,0,1,0.07105787559132513,4.0,16.707426065717762,26.478394693217524,0.16273378628145688,0.13371172362092462,9,1.057691475653563,1.08020844316107,0.16738144173894107,0.0,0.0,0.0,0.07769566657432003,0.08968577516462103
1036,1,0,1,0.07077481587521546,4.0,16.79950197533032,26.49479187459381,0.14714073288369717,0.11753790744950392,9,1.1881186099622179,1.0796455189733822,0.19060121741508224,0.0,0.0,0.0,0.09355832038655819,0.09704289702852406
1037,1,0,1,0.07114589860523514,4.0,16.790866998439054,26.43470723071846,0.13478399614929618,0.10312231471561495,9,1.013637725481492,1.082357346248103,0.1606339768097399,0.0,0.0,0.0,0.07414042040640596,0.08649355640333393
1038,1,0,1,0.07116165338972631,4.0,16.782775320414434,26.37200419175291,0.12243471194869249,0.08879523590092779,9,1.009844638738767,1.080639355728938,0.16005817809174497,0.0,0.0,0.0,0.07409570520362206,0.08596247288812287
1039,1,0,1,0.0707908774298051,4.0,16.866213812488606,26.393437771178668,0.10705768462835523,0.07257326757993927,9,1.183741559304117,1.0788694878041838,0.18959397384795482,0.0,0.0,0.0,0.09226216392202372,0.0973318099259311
1040,1,0,1,0.07110630285246729,4.0,16.828225932861926,26.350914726677686,0.09548422888070136,0.057805562889938905,9,1.0009803654640197,1.081491289591682,0.15804696262592527,0.0,0.0,0.0,0.0746298422280821,0.0886062281400022
1041,1,1,0,-0.23385264424688282,3.7661473557531173,16.818697194687612,26.302573090263135,0.3047268107248251,0.04320620805359429,9,1.0216081418996246,1.0794785164884904,0.16155343768698419,0.17058720026634133,0.0,0.0,0.07395730866891648,0.08759612901806771
1042,1,2,0,-0.2341900800652588,3.5319572756878586,16.895858397016653,26.312263992317604,0.289469362105871,0.27730947140018647,9,1.1648838615072792,1.0780317571237688,0.1869251116341712,0.0,0.0,0.0,0.09154469171372438,0.09538041992044684
1043,1,0,1,0.07074031143135984,3.602697587119218,16.984136817471324,26.337571737377438,0.27380775746426406,0.2610610241163221,9,1.1937892252478615,1.0802030597333565,0.19146031155282775,0.0,0.0,0.0,0.09396962784964161,0.09749068370318616
1044,1,2,1,0.005724386879578421,3.6084219739987966,17.06887712867241,26.368394639749503,0.25821532396702424,0.4822109136476358,9,1.1986059274443719,1.083042713871219,0.19203833186616295,0.07461693192939389,0.0,5.551115123125783e-17,0.09355460098343907,0.0984837308827239
1045,1,0,0,-0.16917874395197952,3.439243230046817,17.107599117464744,26.384867216337835,0.24431495726353777,0.46613170518303476,9,1.1411263595912058,1.085931794210548,0.1798774510085247,0.0,0.0,0.0,0.08340220022091863,0.09647525078760608
1046,1,1,1,0.005874358056992084,3.445117588103809,17.136709763730742,26.38734051559326,0.44416141900207623,0.45036881047574967,9,1.1188956038664926,1.0873116583450644,0.1763696239587975,0.2191289738536819,0.0,0.0,0.08179225571508697,0.09457736824371055
1047,1,0,0,-0.16902021778937282,3.276097370314436,17.150336217241115,26.338605406038738,0.43096466767263225,0.43577285523582154,9,1.0529926009389543,1.0881012569831001,0.16675623941623305,0.0,0.0,0.0,0.07918050797666404,0.087575731439569
1048,1,1,1,0.005952339011870418,3.2820497093263064,17.168340202373916,26.30534714556758,0.4866907570213886,0.4208423368502818,9,1.0719692652436303,1.0872235405819963,0.16943856818490632,1.0857880060357936,0.0,5.551115123125783e-17,0.07985545787166805,0.0895831103132383
1049,1,1,1,0.005946463977809287,3.2879961733041156,17.186697854326,26.270584583073884,0.4866530822410288,0.4059739549327448,9,1.0704372731569236,1.0868421836985371,0.16929179805904898,1.4201445421283316,0.0,0.0,0.08008150655382715,0.08921029150522183
1050,1,0,1,0.0709937271999796,3.358989900504095,17.19504801375192,26.22759337316134,0.47360195098712565,0.39130924263920597,9,1.051791010448378,1.086432060934997,0.1662950612846515,0.0,0.0,0.0,0.07830678752341858,0.08798827376123293
1051,1,0,1,0.07066987251415849,3.4296597730182534,17.279358334607302,26.264728160297135,0.45784295412832976,0.3748182782294209,9,1.207011142664012,1.0855660346728315,0.19349976761148616,0.0,0.0,0.0,0.09455398115277537,0.09894578645871077
1052,1,0,1,0.07066463489210598,3.5003244079103593,17.361238670259183,26.300672793348724,0.44209798378662074,0.3583298573259463,9,1.2064271310760821,1.088602162372611,0.19340034747110207,0.0,0.0,0.0,0.09446982205025435,0.09893052542084771
1053,1,1,1,0.0060232175138565346,3.506347625424216,17.352753008749872,26.24789322078759,0.48729650868513286,0.3438688466791324,9,1.0302825525197528,1.0915477865901977,0.16298701177008584,1.1525879027197243,0.0,0.0,0.07622094788920285,0.08676606388088302
1054,1,0,0,-0.16886515861386622,3.3374824668103495,17.31414204756726,26.177948636695373,0.47545754435906007,0.32987511334369135,9,0.9814606104636043,1.0900161557384367,0.15499618596908313,0.0,0.0,0.0,0.07103378595643682,0.08396240001264632
1055,1,0,1,0.07068411872985342,3.408166585540203,17.39164928137636,26.21549169677584,0.4598122276922411,0.3133954876626485,9,1.2023525609961316,1.0873022671065657,0.192749654087171,0.0,0.0,0.0,0.09387190000091367,0.09887775408625733
1056,1,0,1,0.07115121692586786,3.479317802466071,17.349890174329293,26.143037421844397,0.4480058218515888,0.2994840890275049,9,0.9759651424752985,1.0901785244538051,0.15430682685477493,0.0,0.0,0.0,0.07083843504391343,0.08346839181086148
1057,1,0,1,0.07068580489668871,3.5500036073627594,17.420568370367594,26.183777131292228,0.4325379992480438,0.2829536648721607,9,1.1987410953904714,1.0873231899043425,0.19198948055333495,0.0,0.0,0.0,0.09280693562126982,0.09918254493206513
1058,1,0,1,0.07067344852179963,3.620677055884559,17.490707698176703,26.221903967562096,0.41704541918056615,0.2664515516653599,9,1.1983748016204758,1.0901086375414955,0.19196815964567177,0.0,0.0,0.0,0.09295548040486677,0.09901267924080501
1059,1,0,1,0.0711626841891641,3.691839740073723,17.44322906178789,26.14154698963289,0.40536514167891796,0.25273349541750917,9,0.964979677325449,1.0928152916434701,0.15239000249699314,0.0,0.0,0.0,0.07008166500988887,0.08230833748710427
1060,1,0,1,0.07112294635501026,3.7629626864287333,17.40621205877138,26.078064614466257,0.39334806963311236,0.23861043798868886,9,0.9891200231023831,1.0896194012855194,0.15684077684775544,0.0,0.0,0.0,0.0721024322748336,0.08473834457292187
1061,1,1,1,0.006143327619725985,3.769106014048459,17.366129825734284,26.014150049776916,0.4881047937054949,0.22453959899578368,9,0.9831101191044953,1.087106916830941,0.15579627172446153,0.860088417798674,0.0,0.0,0.0713712377670305,0.08442503395743103
1062,1,0,1,0.07069054358703533,3.8397965576354944,17.436059363921427,26.057005418498242,0.4726327797982937,0.20802208477025977,9,1.197291903796254,1.08450699688778,0.19193716879635045,0.0,0.0,0.0,0.09283208344320673,0.09910508535314375
1063,1,0,1,0.07069017446298097,3.9104867320984753,17.498608561435926,26.09673889072191,0.45733361606902484,0.19155215127051858,9,1.1896092892986554,1.0873266195604918,0.19061458337406081,0.0,0.0,0.0,0.09179498237561375,0.09881960099844705
1064,1,0,1,0.07119155600041183,3.981678288098887,17.448254210059165,26.012087439458284,0.4457857139741308,0.17800388979478973,9,0.9548778836635639,1.089883686303946,0.15057698142373702,0.0,0.0,0.0,0.06928741256936402,0.081289568854373
1065,1,0,1,0.07116791963641238,4.0,17.39981580947895,25.94361195052255,0.43420260209459033,0.16410855290778115,9,0.9695946517219844,1.0865085412379365,0.15287069259929423,0.0,0.0,0.0,0.06949867127724288,0.08337202132205139
1066,1,0,1,0.07117421043776345,4.0,17.352118850780986,25.87546303597363,0.4226113206682703,0.15024384592820264,9,0.9677398207531569,1.0835856940000377,0.15273593043539122,0.0,0.0,0.0,0.06954768855792014,0.08318824187747106
1067,1,0,1,0.07117957238416425,4.0,17.301788908330536,25.815016330546847,0.4111138094010058,0.13621894135633558,9,0.9699128992916304,1.0806895471688656,0.1531344950347894,0.0,0.0,0.0,0.06898506760358702,0.08414942743120235
1068,1,0,1,0.07124395238459427,4.0,17.250337985254447,25.73796962852409,0.3997316722285112,0.12265984328482875,9,0.9494225058730885,1.0779201309719348,0.14964741146400817,0.0,0.0,0.0,0.06829282303496718,0.08135458842904097
1069,1,2,1,0.0057457869769306094,4.0,17.313094951793364,25.790695121648618,0.3845642165274397,0.35607208040607685,9,1.190190150007906,1.0747076903444635,0.19053131147894042,0.0,0.0,0.0,0.09100473420642916,0.09952657727251124
1070,1,0,1,0.07067298376649023,4.0,17.39017571108684,25.85738312399482,0.3689075659769385,0.33914638506273964,9,1.221363513475723,1.0775947518360496,0.19549407536303084,0.0,0.0,0.0,0.09393990330300718,0.10155417206002365
1071,1,0,0,-0.1690134013744281,3.830986598625572,17.3893717101058,25.844194656241832,0.3559193415107442,0.3240250156788556,9,1.0671965021430156,1.0811889708770415,0.16865756310046934,0.0,0.0,0.0,0.07792934679716572,0.09072821630330363
1072,1,0,1,0.0710022615174406,3.9019888601430126,17.38719196689514,25.828465301006496,0.343008134521588,0.3089847297424159,9,1.062930060712699,1.0808391591586908,0.16770895755357573,0.0,0.0,0.0,0.07746724193493722,0.0902417156186385
1073,1,0,1,0.07103593339537158,3.973024793538384,17.370374704479136,25.811376981288625,0.33049667652142733,0.29397008460775703,9,1.0464858495636638,1.080391431697541,0.1651566188089178,0.0,0.0,0.0,0.07506874800096427,0.09008787080795355
1074,1,0,1,0.07102025508067246,4.0,17.35590819172252,25.80298923424389,0.3179387063720838,0.2787478337271256,9,1.0566895323428467,1.0795437921441942,0.1666813261798493,0.0,0.0,0.0,0.07534782089606092,0.0913335052837884
1075,1,0,1,0.07070875874418689,4.0,17.423207748744748,25.866835617389793,0.3025562286741335,0.26187131616156495,9,1.210118375817288,1.0789724356491603,0.19355397158106558,0.0,0.0,0.0,0.09229486618770193,0.10125910539336366
1076,1,0,1,0.07070955901755197,4.0,17.48600978237687,25.925308660191433,0.2872686128113639,0.24508484918157147,9,1.203526160587125,1.0822510841533637,0.19244449705657918,0.0,0.0,0.0,0.09172569517661794,0.10071880187996124
1077,1,0,1,0.07071204111675294,4.0,17.542140609776716,25.98007238999493,0.2721226944308807,0.22834394188496746,9,1.1961775182675543,1.0852829610642076,0.19132095406252267,0.0,0.0,0.0,0.09087551028289886,0.10044544377962378
1078,1,2,1,0.005710052024713243,4.0,17.596470575039994,26.032562091354382,0.2569800619568476,0.46162952420469944,9,1.19487499161702,1.0880553249942913,0.19114230092580747,0.0,0.0,0.0,0.09085579484419912,0.10028650608160836
1079,1,0,1,0.07080770837974598,4.0,17.60881288354138,26.069680312972757,0.2434574918449831,0.44527028660503554,9,1.1401863467796154,1.0907258166598595,0.17929084626916966,0.0,0.0,0.0,0.08113542067118662,0.09815542559798304
1080,1,0,0,-0.1691687914904544,3.8308312085095455,17.619216634210275,26.098719187109488,0.229968023634892,0.42907999917199396,9,1.1314049547184835,1.0919623299128534,0.17807853385879635,0.0,0.0,0.0,0.08093680926054682,0.09714172459824956
1081,1,0,0,-0.16929943766599304,3.6615317708435526,17.671193546708544,26.13945865396814,0.21481762540720797,0.4125976769149309,9,1.1856647748899123,1.0929483955329942,0.18979632290848267,0.0,0.0,0.0,0.09090238936610381,0.09889393354237885
1082,1,0,1,0.07070321832143409,3.732234989164987,17.71979920094393,26.177160448025536,0.19974298149302672,0.396163309964654,9,1.1815737533096995,1.0952663050169171,0.18905406518674853,0.0,0.0,0.0,0.09044786348508783,0.09860620170166069
1083,1,0,1,0.07071516409784454,3.8029501532628314,17.764858910262905,26.208671595239053,0.18473623950548013,0.37985380387324247,9,1.173994847756732,1.0974239912242367,0.187897488473749,0.0,0.0,0.0,0.0900404519252795,0.09785703654846953
1084,1,0,0,-0.16928954572229574,3.6336606075405355,17.80791027088347,26.238999051506088,0.16974833378480392,0.36356057124493874,9,1.1727170795251463,1.099338262637549,0.1876868300938794,0.0,0.0,0.0,0.0899274343240572,0.0977593957698222
1085,1,0,0,-0.1693142236699055,3.46434638387063,17.85349117269502,26.27645964447587,0.1546791105200155,0.34706279187522976,9,1.1842142278410774,1.101172733059739,0.18940201580698432,0.0,0.0,0.0,0.09041533958873028,0.09898667621825402
1086,1,0,1,0.07097175879243249,3.5353181426630624,17.827416149786693,26.261676890296194,0.14209345147852045,0.3317482355871874,9,1.062390993341257,1.1032487704292726,0.1674012919772244,0.0,0.0,0.0,0.0755139542489704,0.091887337728254
1087,1,0,1,0.07070797964501899,3.6060261223080814,17.86798584946767,26.291609039182536,0.12714537904916096,0.3154213550321665,9,1.1727291745693964,1.102227326002072,0.18764971790628276,0.0,0.0,0.0,0.08968843457615708,0.0979612833301257
1088,1,0,1,0.07085127879288576,3.6768774011009673,17.86116712924799,26.308282346523036,0.1139756892083001,0.29936034917657633,9,1.1138444593370744,1.103989872216255,0.1753841741787059,0.0,0.0,0.0,0.07901813904516522,0.09636603513354068
1089,1,0,1,0.07071845318565607,3.7475958542866232,17.897124287859775,26.336718870868868,0.09915069592586821,0.28302941844580126,9,1.1686299198518901,1.1042362368942757,0.18693554407924187,0.0,0.0,0.0,0.08894995969459127,0.09798558438465058
1090,1,0,0,-0.16929290008571865,3.5783029542009044,17.908910593723835,26.368031958508343,0.08498698003010581,0.26660489977235136,9,1.1489454724717538,1.105846078968216,0.18352940741527363,0.0,0.0,0.0,0.08929968901409019,0.09854711204069923
1091,1,0,0,-0.16927849883213125,3.409024455368773,17.83317534258493,26.394769326768117,0.0732533257596489,0.2502750757839635,9,1.0579256809266777,1.1069235638058044,0.1683808695530683,0.0,0.0,0.0,0.08833538366871889,0.09797894393032686
1092,1,0,1,0.07103378904551139,3.4800582444142845,17.7024899029388,26.364009351278995,0.06358730826382683,0.23525734351351538,9,0.9442532015985733,1.1056986167338263,0.14810249859762162,0.0,0.0,0.0,0.0735896040031884,0.09010639362268917
1093,1,0,0,-0.1692473306701095,3.310810913744175,17.514624057628247,26.38650555987244,0.05559865168077221,0.2190296654047452,9,0.9362928446383323,1.101662481355445,0.14529800815094884,0.0,0.0,0.0,0.08907243092313062,0.09736606865262114
1094,1,0,0,-0.16924492957886922,3.1415659841653056,17.28341973407607,26.406271709773797,0.04952783422586629,0.20284809194186385,9,0.8860900667866987,1.097528240437517,0.13351434550672317,0.0,0.0,0.0,0.09019268621874339,0.09708944077728773
1095,1,1,0,-0.2339540398706506,2.907611944294655,17.27660742355056,26.376621954902877,0.27929996792000916,0.18780295109442266,9,1.0557802206998175,1.0922422860962466,0.16689009597345744,0.04474794694633277,0.0,0.0,0.07661925088880994,0.09027084508464747
1096,1,2,1,0.005788627374895266,2.91340057166955,17.340194698108334,26.38653166825818,0.26412405321507815,0.4218581923347575,9,1.1648277223744126,1.0913307344613359,0.18672404078757682,0.0,0.0,0.0,0.09105548822958626,0.09566855255799053
1097,1,0,1,0.07089270862269403,2.984293280292244,17.358179270392338,26.37340449835004,0.25069980901410865,0.40643429544223303,9,1.0980255615350227,1.0931681591591629,0.17308884656096415,0.0,0.0,0.0,0.08054546520581703,0.0925433813551471
1098,1,0,0,-0.16928136966356844,2.8150119106286757,17.425638061210023,26.394576700201807,0.23533702714774354,0.39025252295580537,9,1.181920586888019,1.0932895942185592,0.1892673261167565,0.0,0.0,0.0,0.09217669119819054,0.09709063491856597
1099,1,0,1,0.07091922268263362,2.8859311333113093,17.434174737190475,26.380079621442036,0.22209765569342366,0.37487008163727314,9,1.0895449662559766,1.0955053690352958,0.17173087663711234,0.0,0.0,0.0,0.07943622872591907,0.09229464791119327
1100,1,0,1,0.07070383200732916,2.9566349653186386,17.499410872415343,26.4083027748383,0.20673628039248068,0.3584992463298659,9,1.1888156475869436,1.0953563589658128,0.19039326365010167,0.0,0.0,0.0,0.09216825180565812,0.09822501184444357
1101,1,0,1,0.07095058319980037,3.027585548518439,17.501151335668506,26.383272906121533,0.19363876307529745,0.34335166972792136,9,1.074403435717736,1.0976928411813411,0.16947056351476605,0.0,0.0,0.0,0.07858510390309938,0.09088545961166668
1102,1,0,1,0.07071845436296832,3.0983040028814073,17.558920796274165,26.41035561578927,0.17845785487502477,0.3270161961863856,9,1.1819627763181493,1.097110606044751,0.1890982904508505,0.0,0.0,0.0,0.09108544920163585,0.0980128412492147
1103,1,0,1,0.0709756348516297,3.169279637733037,17.552259784227285,26.381608648849408,0.16552813562782898,0.3119492195374416,9,1.063823931314842,1.099231910301586,0.16798017537683885,0.0,0.0,0.0,0.07757831548317487,0.09040185989366399
1104,1,0,1,0.07074235542049084,3.240021993153528,17.603511288206093,26.40018158568266,0.1504999283048851,0.2958052602527755,9,1.168171151638981,1.0983467108269171,0.18703299964566023,0.0,0.0,0.0,0.0901692439376634,0.09686375570799681
1105,1,0,0,-0.1690609772781624,3.0709610158753655,17.59797186575109,26.387025443737425,0.13751174257690504,0.28039064667587577,9,1.081396757446976,1.100092321847219,0.17041679582927846,0.0,0.0,0.0,0.07792911436788029,0.09248768146139819
1106,1,0,1,0.07073942312495582,3.141700439000321,17.64669882991145,26.4102559313557,0.12251471374262203,0.26413592827494187,9,1.1715823845158462,1.0996249327372127,0.1875104834113013,0.0,0.0,0.0,0.08998217300569791,0.09752831040560336
1107,1,2,1,0.006009924887371884,3.147710363887693,17.62749026394057,26.37741900696478,0.10989841504195273,0.48197188739744695,9,1.049378378669879,1.1014238690316787,0.16560982237201693,0.10307221509696851,0.0,5.551115123125783e-17,0.0756977922040159,0.08991203016800102
1108,1,0,1,0.07078844401900738,3.2184988079067,17.64663940911797,26.405754237335753,0.09612142286139135,0.4655976904163272,9,1.1476071073210083,1.1001227317726339,0.18090713497008717,0.0,0.0,0.0,0.08266195308336839,0.09824518188671874
1109,1,0,1,0.07080445635937538,3.2893032642660756,17.59932396346017,26.42938787378044,0.08419153923887772,0.4493272201708671,9,1.0776280319482268,1.101309841161343,0.16920212320784167,0.0,0.0,0.0,0.0811536917174171,0.09762282147276
1110,1,0,1,0.070792635795227,3.3600959000613027,17.479744755188577,26.455680667416424,0.07409566815813272,0.4329677178269777,9,1.0074313812954143,1.1007177959310153,0.15873224054780685,0.0,0.0,0.0,0.08232959077874415,0.09815701406333689
1111,1,0,1,0.07082869082236096,3.4309245908836634,17.234035824078354,26.434130270368648,0.06755280115795896,0.41778314798390853,9,0.8311263074071251,1.0983856355651251,0.13036462105945698,0.0,0.0,0.0,0.08764052909094233,0.09110741905841449
1112,1,0,1,0.07083875118933902,3.5017633420730023,16.846533517650016,26.420389089458563,0.06603192683583584,0.40241056753061644,9,0.6904606650227472,1.0917041523611752,0.10136072865249128,0.0,0.0,0.0,0.08879039675074969,0.09223548271975245
1113,1,0,0,-0.16914376240193224,3.33261957967107,16.448691221858258,26.40679839962933,0.06506021674627349,0.3870498518006198,9,0.6702400795567289,1.0816730651777144,0.09799455491735426,0.0,0.0,0.0,0.0904850068552474,0.0921642943799802
1114,1,0,1,0.07089702532852246,3.4035166049995924,16.05818344435007,26.41714291910131,0.0641973207863457,0.37106315695019343,9,0.6912239825009805,1.0713872405371898,0.10109754486212526,0.0,0.0,0.0,0.0840054635373021,0.09592016910255845
1115,1,2,1,0.0059478746385518855,3.409464479638144,15.675511150541475,26.42059849821066,0.0634147252738392,0.48416693114238923,9,0.6826664443870374,1.0618831590862845,0.0996939862207033,0.7263789417011604,0.0,0.0,0.08409522281475619,0.09499841314566437
1116,1,0,0,-0.16910628726194252,3.2403581923762017,15.304837433063042,26.43936566424842,0.06253080605362656,0.4679790344852371,9,0.7004961897781325,1.0524027412188035,0.10243089526418908,0.0,0.0,0.0,0.08777113121707582,0.09712737994291312
1117,1,0,1,0.0710395362810585,3.3113977286572602,14.944331436564386,26.38091472884353,0.061609350248296495,0.4536735243641053,9,0.6246481455292369,1.0436050774327867,0.0913617955587709,0.0,0.0,0.0,0.09070217995565845,0.08583306072679056
1118,1,0,1,0.07108340552076256,3.3824811341780228,14.592213076813476,26.313435790931045,0.060713936658163214,0.43961021562216157,9,0.6135338564718091,1.033131154135198,0.08975233399246202,0.0,0.0,0.0,0.0898868039632372,0.08437985245166237
1119,1,0,1,0.07097897597245119,3.453460110150474,14.246508488760036,26.329461054256203,0.05991807253870917,0.4235364797352534,9,0.6929618969653298,1.0226412216936132,0.1012176000381731,0.0,0.0,0.0,0.08909788119040651,0.09644241532144882
1120,1,0,1,0.0711312216867094,3.524591331837183,13.912004389636092,26.26630725671358,0.059015630326415186,0.4093995546911315,9,0.6167413419088394,1.014399238575406,0.09023620353849532,0.0,0.0,0.0,0.09110813142659349,0.08482155026473143
1121,1,0,1,0.07105864803686598,3.595649979874049,13.584008179412553,26.271147259778843,0.058190467846524936,0.3936306609129132,9,0.681301584000466,1.0044577911587418,0.0995643375486519,0.0,0.0,0.0,0.0886368778186837,0.09461336266931039
1122,1,0,1,0.07105145802109732,3.666701437895146,13.263087123622373,26.282237298829052,0.05741216998422773,0.3776901046638394,9,0.6865478692398093,0.9963788859797851,0.10031312466822573,0.0,0.0,0.0,0.08954339037534825,0.09564333749444251
1123,1,0,1,0.07124369296155532,3.7379451308567013,12.952314202875016,26.200123380303324,0.056545325928261,0.36400692735678347,9,0.5957462712882011,0.9886331105612856,0.08730012817813568,0.0,0.0,0.0,0.09004833956564752,0.08209906384233534
1124,1,1,1,0.006155811181502265,3.7441009420382034,13.121458170420183,26.194425314536527,0.27698104945828567,0.34851662495343017,9,1.1422568413578296,0.9788109395794585,0.18105551767040562,0.08927195556956602,0.0,0.0,0.08811370325028559,0.09294181442012002
1125,1,0,0,-0.16893978762467698,3.5751611544135264,13.33073031616064,26.180147890802935,0.26070435444680795,0.3332564904353847,9,1.1778918091307835,0.9828970871239178,0.1892209771771398,0.0,0.0,0.0,0.09766017006886674,0.09156080710827301
1126,1,0,1,0.0710498778325381,3.6462110322460646,13.534423392567291,26.16720557649541,0.24441694394790547,0.3179740586962025,9,1.1785227172732151,0.9877719551740896,0.1894190534285077,0.0,0.0,0.0,0.09772446299341458,0.09169459043509312
1127,1,0,1,0.07104191504380261,3.717252947289867,13.729201454728248,26.15489456259693,0.2282539949758073,0.3026793625659361,9,1.1750077724890446,0.9925407242265676,0.18874587061418757,0.0,0.0,0.0,0.0969776938325892,0.09176817678159836
1128,1,0,1,0.07102815810495615,3.7882811053948235,13.920319094177627,26.148121661431585,0.21203725015861838,0.2872633430651444,9,1.181447138717162,0.9971024004331296,0.18979658590788331,0.0,0.0,0.0,0.0973004689031336,0.09249611700474976
1129,1,0,1,0.07114711761340431,3.8594282230082277,14.047160574506528,26.128417296511074,0.19794877886450904,0.272116383406904,9,1.1088481342986236,1.0017110188902303,0.17541258571409848,0.0,0.0,0.0,0.0845308277646558,0.09088175794944266
1130,1,2,0,-0.23399562475526675,3.625432598252961,14.227109532262451,26.127999402666553,0.18181533840213257,0.48443972829901744,9,1.1839205106868418,1.0043894467754402,0.19016227298015423,0.1326983004414244,0.0,5.551115123125783e-17,0.09680064277425907,0.09336163020589516
1131,1,0,1,0.07111395342688066,3.6965465516798415,14.37265482446178,26.07210636900318,0.16653589173480246,0.4702518614428792,9,1.0985299819091805,1.0088777233732253,0.17680388114080967,0.0,0.0,0.0,0.09167668000398059,0.08512720113682908
1132,1,0,1,0.0710324929077674,3.7675790445876087,14.529891217085538,26.049084150026886,0.1507982193152623,0.45530676175020374,9,1.1453332034840875,1.0111190298366242,0.18409663267329465,0.0,0.0,0.0,0.09442603451724095,0.0896705981560537
1133,1,0,1,0.07100401584457283,3.838583060432182,14.661359974792028,26.06929677868678,0.13608919480134138,0.43929597865095354,9,1.1661557705441985,1.0144743841778108,0.1843188456790258,0.0,0.0,0.0,0.0882541470835255,0.09606469859550032
1134,1,0,1,0.0710401185322995,3.9096231789644813,14.8029267058605,26.040506626914787,0.12059088367739529,0.4244961349172154,9,1.1310429981334487,1.0182664188369703,0.1817889291461056,0.0,0.0,0.0,0.09298986674367665,0.08879906240242898
1135,1,2,1,0.005981691566547754,3.915604870531029,14.926877228559425,26.06327727355519,0.10584609355931474,0.48394284858749614,9,1.167807002658708,1.0210858333193822,0.1848116491835065,1.0469768095032925,0.0,5.551115123125783e-17,0.08846874070848341,0.09634290847502311
1136,1,0,0,-0.16906703565064063,3.7465378348803884,15.032409766086442,26.098856006804898,0.09153557084544235,0.46756746415364864,9,1.165865133329592,1.0247538625528656,0.18411544288631926,0.0,0.0,0.0,0.08919039418037525,0.09825230660308515
1137,1,0,1,0.07105885161340333,3.8175966864937916,15.031197787062519,26.056217021150736,0.07973902746171407,0.45308072956285517,9,0.984430679644201,1.0282816443222835,0.15769966784713046,0.0,0.0,0.0,0.09110334814467483,0.08692040754476076
1138,1,0,1,0.07107974859932364,3.888676435093115,14.898592109341463,26.010625444695528,0.07175047721769852,0.4386866105661871,9,0.8489881160290628,1.0271853702053315,0.13429601544410197,0.0,0.0,0.0,0.09075595424894245,0.08636471398000867
1139,1,0,0,-0.16903974914386008,3.719636685949255,14.625030764707182,26.044823260363387,0.06872157414142263,0.42235801428022285,9,0.7833669098845053,1.0227304388509246,0.11614499617344057,0.0,0.0,0.0,0.08854713371686607,0.09797157771578519
1140,1,0,1,0.07114563803394489,3.7907823239832,14.280333566951793,25.981643270311444,0.06784955033466043,0.40838825247932165,9,0.6088691628194369,1.0167463506267642,0.08905071364598041,0.0,0.0,0.0,0.08936934395127424,0.08381857080540726
1141,1,0,1,0.07117199204611618,3.861954316029316,13.944864339362972,25.918958269965202,0.06695208735195318,0.39442470427066884,9,0.6083951929965155,1.0065494209315813,0.08916606714816042,0.0,0.0,0.0,0.08962245651850048,0.0837812892519169
1142,1,0,1,0.07125990963781861,3.9332142256671347,13.616364109840472,25.837472460200807,0.06611369656188759,0.3809521600041808,9,0.5866095259463092,0.9965955652332045,0.08586561033932154,0.0,0.0,0.0,0.0872742239151689,0.08083526559892801
1143,1,2,1,0.006253515617024821,3.9394677412841594,13.29670578551088,25.772747474103845,0.06524908079453683,0.48616877083291477,9,0.6019626038244764,0.986345914251032,0.08817506960661589,0.7857129600250851,0.0,5.551115123125783e-17,0.08891463286905033,0.08298737500251126
1144,1,0,0,-0.16890359426949828,3.770564147014661,12.982726855951771,25.80373075416042,0.06448080099959246,0.4700518420620398,9,0.6937406819878351,0.9767363314903682,0.10131125139491592,0.0,0.0,0.0,0.0889174697252992,0.09670157262524967
1145,1,0,0,-0.16871131202763057,3.6018528349870307,12.680086531427433,25.74031636688359,0.06356714071315679,0.4562244800682516,9,0.6036067284516358,0.969661440252805,0.08844613368134316,0.0,0.0,0.0,0.0894206145171633,0.08296417196272918
1146,1,2,1,0.00634988108545908,3.6082027160724897,12.383360216072774,25.665247239050302,0.06272231371603072,0.48647595774326896,9,0.5887146292698313,0.9605100724577755,0.0862132155231426,1.2373468804095098,0.0,5.551115123125783e-17,0.08732325631991679,0.0811442535403862
1147,1,0,1,0.07119152413376341,3.679394240206253,12.091939447460513,25.68704344284865,0.06196551218313243,0.4706375866000336,9,0.6815906215641622,0.9512151863780771,0.09957103605680212,0.0,0.0,0.0,0.0879808696060361,0.09503022685941243
1148,1,0,1,0.07121207573887467,3.7506063159451277,11.808056302795565,25.7051241460066,0.061198206286400575,0.4548791738001332,9,0.6786721307507304,0.9444745722577291,0.09915431217979352,0.0,0.0,0.0,0.08785611931218475,0.09455047679940236
1149,1,0,1,0.07141665352749371,3.8220229694726213,11.534360278928723,25.621897254659643,0.06030214863210696,0.4415536420889908,9,0.580906596006252,0.9378295112200542,0.0853295361926157,0.0,0.0,0.0,0.0868591103781742,0.07995319026685402
1150,1,0,1,0.07155753471622968,3.893580504188851,11.264180402886891,25.508251805508475,0.059544684843299174,0.42895189686628993,9,0.5450811131467108,0.9289064383397091,0.08015525406905187,0.0,0.0,0.0,0.07986811592346227,0.07561047133620517
1151,1,0,1,0.0715488297865218,3.965129333975373,11.002105395475517,25.40889214326578,0.058730955565765935,0.41612740295976974,9,0.5578761355558166,0.9193108052098842,0.08182933910432072,0.0,0.0,0.0,0.08181020113339751,0.07694696343912126
1152,1,0,1,0.07133251011867695,4.0,10.743991357922077,25.42708113608986,0.05802518067687226,0.4005246903391086,10,0.6703498937391716,0.9102749384685325,0.09785092505732887,0.0,0.0,0.0,0.08546573371916369,0.09361627572396683
1153,1,1,1,0.0066770097560987516,4.0,10.900405864720703,25.30123558432493,0.2788414828739028,0.3883239162184595,10,0.9348457673839963,0.9042768123502984,0.15015574748047772,0.09815108406123363,0.0,5.551115123125783e-17,0.07695110275658283,0.07320464472389487
1154,1,0,1,0.07133220260214153,4.0,11.134581505496318,25.288253031394696,0.26360509914321967,0.3735646081461184,10,1.1262341240715195,0.9050410362261408,0.1799741508181454,0.0,0.0,0.0,0.09141830238409912,0.0885558484340463
1155,1,0,1,0.0713654978966145,4.0,11.329357704448451,25.29034692797218,0.24958826958648783,0.3584315097506017,10,1.1074409589518943,0.9105708634222753,0.17489956771349147,0.0,0.0,0.0,0.08410097734039079,0.09079859037310067
1156,1,0,1,0.07129414325538438,4.0,11.55879830490422,25.28991245695549,0.23421118265779864,0.3433713936402693,10,1.1444987452495927,0.9154926158105159,0.1826232182341296,0.0,0.0,0.0,0.09226252157213538,0.09036069666199421
1157,1,0,1,0.07129175651469218,4.0,11.780583999935168,25.28254858061343,0.21883205505296635,0.3284868035046537,10,1.1356395877353784,0.9212177690464927,0.1815823064426869,0.0,0.0,0.0,0.09227476562899356,0.08930754081369334
1158,1,2,1,0.006320529006105249,4.0,11.962021955269726,25.290817526604478,0.20473602888610135,0.48472311365707527,10,1.1162852158393295,0.9265783145137149,0.17623747505873863,0.4709208210279223,0.0,5.551115123125783e-17,0.08457615700119006,0.09166131805754858
1159,1,0,1,0.07121497477228472,4.0,12.155543209288899,25.326502155403695,0.19014172119343634,0.4687828117288857,10,1.160526869865242,0.9313209870468553,0.18320765772512765,0.0,0.0,0.0,0.08756584615599039,0.09564181156913724
1160,1,0,1,0.07122479926561871,4.0,12.343057567081999,25.355442263985324,0.1755806358304258,0.45299266964792423,10,1.1535056004920365,0.937051134117315,0.18210736466383184,0.0,0.0,0.0,0.08736651217806293,0.09474085248576893
1161,1,0,1,0.07124131340246959,4.0,12.545343126911538,25.34337921700384,0.16016551967828838,0.4382003806341714,10,1.1326850086247418,0.9424624957766831,0.18124443099534124,0.0,0.0,0.0,0.0924906969128246,0.08875373408251662
1162,1,0,1,0.0712411124240906,4.0,12.715479135554904,25.3669589648808,0.145848243470961,0.4225369066547908,10,1.140933815118217,0.9472180585978844,0.1798845011202479,0.0,0.0,0.0,0.08590365724396429,0.09398084387628362
1163,1,0,1,0.07135789070490696,4.0,12.872976367249553,25.303456015129825,0.1314288176343735,0.40896785367282656,10,1.0460552344545622,0.9520609525108927,0.16793087291131037,0.0,0.0,0.0,0.08651655501952497,0.08141431789178538
1164,1,0,1,0.0712663264220349,4.0,13.0456959982376,25.27630822403765,0.11645374761126609,0.3945658493124508,10,1.0999826494553566,0.9544108095594844,0.1762624463008994,0.0,0.0,0.0,0.08985042013864457,0.08641202616225484
1165,1,0,1,0.07119736313466184,4.0,13.228695593581364,25.278848450844762,0.10106126287177614,0.379469227966404,10,1.1435899277077535,0.9580501055568813,0.18293463651322073,0.0,0.0,0.0,0.09235490843693958,0.09057972807628115
1166,1,1,1,0.006192206827457445,4.0,13.404303308097269,25.282248172981998,0.30525285296334553,0.36434591190821713,10,1.1416960377637984,0.9626886011106532,0.1826499760532083,0.1829403797464959,0.0,0.0,0.09191007970408771,0.09073989634912058
1167,1,0,1,0.07107325061506167,4.0,13.598808445133944,25.312582573794295,0.2892188694140871,0.3485642985549217,10,1.1920033248759512,0.9671637870269817,0.19089358141532387,0.0,0.0,0.0,0.09620390129555094,0.09468968011977291
1168,1,0,0,-0.16894603599126454,3.8310539640087353,13.787566869916528,25.344009661894912,0.27317927419797494,0.33274642386446995,10,1.1929702883564057,0.9727847754732061,0.1911448194393832,0.0,0.0,0.0,0.0962375712966728,0.09490724814271036
1169,1,0,1,0.07118016154822424,3.9022341255569595,13.919525665688091,25.359623621364182,0.25906874103167127,0.31726087174570233,10,1.1258621685361199,0.978289413295286,0.17757651171042757,0.0,0.0,0.0,0.08466319899782172,0.09291331271260585
1170,1,0,1,0.07119493321458727,3.9734290587715466,14.04201256794952,25.3704409487597,0.24511196535707647,0.3018757220164226,10,1.1152829618332532,0.9819787321763069,0.17605155242324697,0.0,0.0,0.0,0.08374065404756878,0.0923108983756782
1171,1,0,1,0.07118390741839095,4.0,14.16124457927965,25.383781711436928,0.23116123242518416,0.2864214378923209,10,1.117884111925088,0.9853113379177305,0.17643010233596423,0.0,0.0,0.0,0.08370439759135392,0.09272570474461037
1172,1,0,1,0.07120678308877897,4.0,14.269823263101696,25.388461930275113,0.21744249611865019,0.27115990748913926,10,1.1018845599281493,0.9886256572679144,0.17388160025829336,0.0,0.0,0.0,0.08231241783920368,0.09156918241908968
1173,1,0,1,0.07120002745640758,4.0,14.372936790969831,25.39834796873091,0.20380584374030042,0.2557729748629606,10,1.1044566961583488,0.9914571298344204,0.1741415100271711,0.0,0.0,0.0,0.08181991427009883,0.09232159575707227
1174,1,0,0,-0.16879159835186558,3.8312084016481345,14.469743254790785,25.405900953171,0.19024254337775495,0.24045159790266682,10,1.0986415672535614,0.9942821189925185,0.1733080639370355,0.0,0.0,0.0,0.08137980217527278,0.09192826176176272
1175,1,0,1,0.07103469607330175,3.902243097721436,14.624214119824774,25.437970213490928,0.17455596423327494,0.22454760455397038,10,1.1834312305529668,0.9968911051990447,0.18954343495905862,0.0,0.0,0.0,0.09411947486688012,0.09542396009217849
1176,1,0,1,0.07100695304110125,3.9732500507625375,14.776165807428132,25.48086258624354,0.15883628989795123,0.20835683771653546,10,1.196398668688857,1.0015546083328926,0.19146264703655166,0.0,0.0,0.0,0.09431804601194217,0.0971446010246095
1177,1,0,0,-0.16901331033039024,3.804236740432147,14.922508190879231,25.523075492207617,0.14313138845947282,0.19216893312507502,10,1.1949809992569729,1.0064257098417917,0.191356836179633,0.0,0.0,0.0,0.0942294086308704,0.09712742754876263
1178,1,0,1,0.07097666068129742,3.8752134011134447,15.065317394921014,25.56708244953159,0.12744713613316852,0.17590786180335272,10,1.1979557534429284,1.0111395920771713,0.19167194188815959,0.0,0.0,0.0,0.09410551395782589,0.09756642793033367
1179,1,0,1,0.07097531351575911,3.9461887146292036,15.180160382970143,25.60592197171255,0.11243775787110176,0.15973239327349817,10,1.1694925063414068,1.0158099961113152,0.18710908075152807,0.0,0.0,0.0,0.0933483787381317,0.09705281117912755
1180,1,0,0,-0.16904446610172993,3.7771442485274735,15.195575223779187,25.648495143114168,0.10009250327213844,0.14344892822271457,10,1.0776400710777263,1.0196520588670674,0.17177231789848157,0.0,0.0,0.0,0.09392282778623673,0.09770079030470169
1181,1,0,1,0.0712215690922046,3.848365817619678,15.152006932779852,25.63813879754012,0.08984109983380062,0.12838193281532445,10,0.9671771225989524,1.021101759172334,0.1519103930743676,0.0,0.0,0.0,0.07843490396348968,0.0904019724443405
1182,1,0,1,0.07117690714479943,3.9195427247644776,15.023848959750936,25.638401790706226,0.08154795511779692,0.11307057350755519,10,0.8918586633951859,1.0197536432579994,0.14162702414263784,0.0,0.0,0.0,0.08048140929784717,0.09186815584661569
1183,1,0,1,0.07121478862780202,3.9907575133922797,14.88333338354919,25.6334158168982,0.07368127680097389,0.09789289946628764,10,0.8710547187516552,1.0165562687614291,0.13826611414854345,0.0,0.0,0.0,0.07941100824076235,0.09106604424760535
1184,1,0,1,0.07121544468000847,4.0,14.6472415747951,25.628383106231162,0.06856265670462353,0.08269771539891564,10,0.7717942105900608,1.0129187300111846,0.12188282498233415,0.0,0.0,0.0,0.07967288145565743,0.09117110440423198
1185,1,0,1,0.07127002276302814,4.0,14.327131166650801,25.61575224262407,0.06624070675542122,0.06771005768174028,10,0.6741493452742617,1.0068906170256566,0.10385764599826594,0.0,0.0,0.0,0.07827386381157786,0.08992594630305208
1186,1,2,1,0.006338804618370296,4.0,13.986374499101508,25.586009733248837,0.06551480627138047,0.3031204570760784,10,0.6280729083073469,0.9985720852318718,0.09189300653821576,0.0,0.0,0.0,0.07688496535011732,0.08753760363397127
1187,1,0,1,0.07113293558714559,4.0,13.658749348995615,25.577358856252133,0.06459671408922857,0.28809658307212965,10,0.6530335787061659,0.9893096058087586,0.09565179711660354,0.0,0.0,0.0,0.09263309192167743,0.09014324402369213
1188,1,0,1,0.07117889842944498,4.0,13.339250362635362,25.56034144429232,0.06368130794903532,0.2732853957511117,10,0.6443863068111237,0.9809027051311938,0.09435956076726734,0.0,0.0,0.0,0.09175675630216601,0.08886712392610784
1189,1,0,1,0.07116856477080448,4.0,13.026850682875727,25.552721944853822,0.06280290881127502,0.2582523717506036,10,0.6524706159750608,0.972489795173192,0.09546853882961065,0.0,0.0,0.0,0.09291709602848208,0.09019814400304886
1190,1,0,1,0.07119794932874288,4.0,12.723275630082105,25.544879317889045,0.06188223321634704,0.2432218314022646,10,0.6530716359348393,0.9644893156932387,0.09570729565960158,0.0,0.0,0.0,0.092992553154845,0.0901832420900337
1191,1,0,1,0.07121581953404925,4.0,12.427357757954278,25.540599620307898,0.06095873244033762,0.2281041330897824,10,0.6565063039903076,0.9567038736992788,0.09624719453094999,0.0,0.0,0.0,0.0930873061380518,0.09070618987489347
1192,1,0,1,0.07128312401321632,4.0,12.13777272664706,25.519802081485196,0.060079611080269345,0.2133732360805861,10,0.6388163643266314,0.9491989344565546,0.09366011021558765,0.0,0.0,0.0,0.09060498402251385,0.08838538205517797
1193,1,0,0,-0.16865784222466357,3.8313421577753366,11.851235576527385,25.51711405258419,0.05937514574499842,0.19821805733365916,10,0.6522141911826254,0.9414393702033064,0.0951578644931871,0.0,0.0,0.0,0.08308418292481616,0.0909310724815616
1194,1,0,0,-0.16864756293984248,3.6626945948354943,11.575946175417933,25.4890156914727,0.05850050039900959,0.1836736594376964,10,0.6308209785068477,0.9342087407277894,0.0925142594517093,0.0,0.0,0.0,0.08995909759882934,0.08726638737577636
1195,1,1,0,-0.23362088590072333,3.429073708934771,11.779176798524691,25.46031582538092,0.2768103565552249,0.16916456743102823,10,1.1011548036872452,0.9266240466722658,0.1761924127086598,0.10100300239405757,0.0,0.0,0.08913786066865079,0.087054552040009
1196,1,2,0,-0.2335180386370634,3.1955556702977077,11.922660319950644,25.417892859542597,0.26386267521932716,0.4049873522723794,10,1.032047871185266,0.9309873155976403,0.1627493789672789,0.0,0.0,0.0,0.07768608801538644,0.08506329095189245
1197,1,0,1,0.07127019377692118,3.266825864074629,12.131713140900196,25.400065930111026,0.2485505161196956,0.3902917117639233,10,1.1247397210053167,0.933513829487331,0.1800467976485266,0.0,0.0,0.0,0.09187295459778931,0.08817384305073729
1198,1,0,1,0.07126635938172453,3.3380922234563535,12.310605080743173,25.411715729671236,0.23428610379858486,0.3748701303881566,10,1.1288362161784617,0.9382944767752808,0.17811596218126385,0.0,0.0,0.0,0.08558647392666437,0.09252948825459947
1199,1,0,0,-0.16878402590841615,3.169308197547937,12.521433701561305,25.410021330959665,0.21862628709669138,0.3597916426691272,10,1.1521922423669257,0.9430580202603601,0.1844298265255373,0.0,0.0,0.0,0.09395890021136077,0.09047092631417655
1200,1,0,1,0.07126281769113749,3.2405710152390745,12.689340233215624,25.418207580333668,0.20438138340832276,0.344454695663915,10,1.1243791568413444,0.9482863758130244,0.17749110416148506,0.0,0.0,0.0,0.08546942213021191,0.09202168203127314
1201,1,0,1,0.07126069824617291,3.3118317134852475,12.848834936013738,25.42674493057892,0.190265527566304,0.32908681704223913,10,1.1207207483821007,0.9526886953387323,0.17690240678216834,0.0,0.0,0.0,0.08469513505211254,0.09220727173005583
1202,1,0,1,0.07123179760761739,3.383063511092865,13.008810741036584,25.44150943987648,0.17603895370995648,0.31356712464528375,10,1.1316298109852196,0.9568894966648166,0.17847759751981718,0.0,0.0,0.0,0.085359443138085,0.09311815438173218
1203,1,0,1,0.07124516104781357,3.4543086721406784,13.157369523415127,25.452343886445636,0.16203769982963076,0.2981162232053339,10,1.120651233470523,0.9612580045228266,0.17671293192165372,0.0,0.0,0.0,0.08400752328195442,0.0927054086396993
1204,1,0,1,0.07126021740669992,3.5255688895473782,13.296741478167128,25.457349903649636,0.14819791845014074,0.28281976357071437,10,1.1096208072025244,0.965242835246519,0.174817446084657,0.0,0.0,0.0,0.08303868827694005,0.09177875780771697
1205,1,0,1,0.07125504597685328,3.5968239355242315,13.430896379586994,25.462453150650013,0.13438382590291964,0.267503729108793,10,1.1081104329656628,0.9688522845454192,0.1747807620548547,0.0,0.0,0.0,0.08288455528332661,0.09189620677152807
1206,1,0,1,0.07112995365899992,3.6679538891832313,13.614186194808774,25.480564536085403,0.11868651341224086,0.2519024816964071,10,1.1737349389130922,0.9723337382559253,0.18779135941838776,0.0,0.0,0.0,0.09418387494407264,0.09360748447431513
1207,1,0,1,0.0712013828891098,3.739155272072341,13.74963792625995,25.495042039415768,0.10456440438181179,0.23635464072099033,10,1.1272980030539,0.9773687682723544,0.1780197000350754,0.0,0.0,0.0,0.08473265418257442,0.09328704585250096
1208,1,0,1,0.07124052067903958,3.8103957927513803,13.86828054845899,25.501528256709335,0.09086520849627573,0.22099712061409352,10,1.1062458386344973,0.9811169991418931,0.1743402959545972,0.0,0.0,0.0,0.0821951753132164,0.09214512064138079
1209,1,0,1,0.07111333837089867,3.881509131122279,13.87741483212897,25.51598748444259,0.0794637718077026,0.20546225316511302,10,1.0078387315324457,0.9842452201292082,0.1616178248253218,0.0,0.0,0.0,0.09333996896636552,0.09320920469388301
1210,1,0,0,-0.1687731046196764,3.712736026502603,13.672440218824617,25.52491364512181,0.07416536961612165,0.1900272361656092,10,0.7887866052891526,0.984835057914289,0.12440051514650853,0.0,0.0,0.0,0.08237455987985721,0.09261010199702285
1211,1,0,1,0.07112865978552395,3.7838646862881267,13.406443027360655,25.534563144467448,0.0702641341439318,0.17458799606276854,10,0.7235861544803392,0.9799338465986607,0.11604285345018324,0.0,0.0,0.0,0.0933115338705536,0.09263544061704417
1212,1,1,1,0.006129593626126882,3.7899942799142536,13.590331452466094,25.548570796064514,0.2764676275511491,0.15903299936623472,10,1.1714212309982048,0.9735251542957027,0.18774749199475615,0.168361527741143,0.0,0.0,0.09441751181555334,0.0933299801792028
1213,1,2,1,0.006034948866720703,3.7960292287809745,13.783093590037424,25.577114694093694,0.2603370897392813,0.3931161376816568,10,1.1997785918137764,0.9784725562132651,0.1922843969786735,0.0,0.0,0.0,0.09678322687120633,0.0955011701074672
1214,1,2,1,0.006117430335501587,3.802146659116476,13.927805237210695,25.59745690986624,0.24582900913218517,0.48427025579600347,10,1.1490590700490926,0.9840052071032781,0.1814269488665564,0.8586968260899409,0.0,0.0,0.08704848364257717,0.09437846522397925
1215,1,0,1,0.07103682788467126,3.8731834870011475,14.082443849494545,25.631953627788334,0.23094042961129616,0.4681838988172713,10,1.1772668838828677,0.9881315536769235,0.18584961899772653,0.0,0.0,0.0,0.08933147712533389,0.09651814187239265
1216,1,0,0,-0.16898388625277666,3.7041996007483706,14.25651328219728,25.642854440451988,0.21494524439780258,0.45269009526282394,10,1.1778301822984616,0.992859936932072,0.188933932607646,0.0,0.0,0.0,0.09597111128096167,0.09296282132668432
1217,1,0,1,0.07100880087953265,3.7752084016279035,14.425773115478822,25.654155116398815,0.19893082320258523,0.4371937490099589,10,1.1780447022946028,0.9974841930662317,0.1890646046884943,0.0,0.0,0.0,0.09608652717130395,0.09297807751719034
1218,1,0,1,0.07104944274782865,3.846257844375732,14.552828137007179,25.682285610350007,0.18444328900825221,0.4212464570921777,10,1.1571837212764837,1.0019982057969412,0.18260895667268615,0.0,0.0,0.0,0.08692520516599844,0.0956837515066877
1219,1,0,1,0.07099578959394418,3.9172536339696764,14.711832071440028,25.694453659361933,0.1685190098822914,0.4056872571716228,10,1.1770498271287066,1.0058778436839297,0.18890087427909388,0.0,0.0,0.0,0.09554567475576459,0.09335519952332934
1220,1,0,1,0.07102238322543133,3.988276017195108,14.85582562459749,25.69458252030965,0.15291679297318791,0.3904202676192022,10,1.1542795573752296,1.0101571432700491,0.1852152387691446,0.0,0.0,0.0,0.0936133014546212,0.09160193731452343
1221,1,0,1,0.07101652567782028,4.0,14.99634433285422,25.693122582902735,0.13728933593177073,0.3751953605395339,10,1.152818974472491,1.0137602036226785,0.18511418472651317,0.0,0.0,0.0,0.09376474224850308,0.09134944247801009
1222,1,0,1,0.07104461378904475,4.0,15.094286450963631,25.720175472280104,0.12319285548727421,0.35924237163619005,10,1.1422316803807058,1.0172366728939242,0.18029681608704212,0.0,0.0,0.0,0.08457888266697902,0.0957179334200631
1223,1,1,1,0.005987904683318737,4.0,15.199762877785652,25.76007969141729,0.3272619091753448,0.34295937185863457,10,1.1657421940402997,1.0203615480810935,0.18405034218741803,0.1892333343494913,0.0,0.0,0.0863523435220852,0.0976979986653328
1224,1,0,1,0.07107352999682993,4.0,15.286772431259902,25.759248436654723,0.3133944015164867,0.32760430378348443,10,1.1101743629417542,1.0239960642300736,0.17533545440404946,0.0,0.0,0.0,0.08320504595314887,0.0921304084509006
1225,1,0,1,0.07107792113581714,4.0,15.370306685471146,25.758733252970355,0.299552615204072,0.31225129274904834,10,1.1091695922247435,1.0261505216978657,0.17516878408110417,0.0,0.0,0.0,0.08305071787448738,0.09211806620661679
1226,1,0,1,0.07085713752747737,4.0,15.51459928472343,25.7993186301303,0.2834246487208089,0.29594183428723086,10,1.2131039748732682,1.0282259984610376,0.19462454967048376,0.0,0.0,0.0,0.09676779889957904,0.09785675077090475
1227,1,0,1,0.07087153153809024,4.0,15.649535892920852,25.833237319149312,0.2674692000749851,0.27977897254182166,10,1.2017032450877756,1.0328479478713433,0.19270986234739784,0.0,0.0,0.0,0.09573269187494285,0.09697717047245497
1228,1,0,1,0.07106625952440122,4.0,15.713553325566938,25.834913603891344,0.253913741284639,0.2643240995726246,10,1.102763047689876,1.0370693303017542,0.1740619905572594,0.0,0.0,0.0,0.08133275274207673,0.09272923781518269
1229,1,0,1,0.07113836109176144,4.0,15.7593330447309,25.819023303398712,0.24084814259765583,0.2492689549948116,10,1.0686010919077844,1.0387116732364572,0.16872445958877677,0.0,0.0,0.0,0.078393592121899,0.09033086746687777
1230,1,0,1,0.07082776681007771,4.0,15.886750140154433,25.86849299379093,0.22493879097369074,0.23271480482273596,10,1.2163456945189937,1.0394589087032404,0.1947810107762444,0.0,0.0,0.0,0.09545610974379035,0.09932490103245407
1231,1,0,1,0.07115879584434173,4.0,15.919145041553497,25.84628049757368,0.21212128734366106,0.21779959099389926,10,1.0540634835304448,1.043881078348634,0.16639630475319833,0.0,0.0,0.0,0.07690502178017804,0.0894912829730203
1232,1,1,1,0.006105396490778461,4.0,15.961956307194066,25.839996710524176,0.4154237577220126,0.20252293531073373,10,1.0806631170692473,1.0441356384781795,0.17062270618502262,0.20122240564386118,0.0,5.551115123125783e-17,0.07896277208602953,0.09165993409899309
1233,1,0,1,0.0707972770771836,4.0,16.086250680934008,25.88183384020725,0.39945782860902085,0.18610970789411255,10,1.2111803288659706,1.0450488254429562,0.19427493917767782,0.0,0.0,0.0,0.09579557467795076,0.09847936449972705
1234,1,0,1,0.0707906218289429,4.0,16.203957894729353,25.92509502760186,0.38359111821986835,0.16964274789700542,10,1.2101705142184853,1.0492021130285314,0.19400202231755725,0.0,0.0,0.0,0.09520026233491462,0.09880175998264262
1235,1,0,1,0.07127231648937274,4.0,16.194895059822766,25.848466513847413,0.371756547514545,0.15599528126618792,10,0.9675349743972452,1.0532263230582803,0.15289222401684496,0.0,0.0,0.0,0.0710074242319399,0.08188479978490505
1236,1,0,0,-0.1691972375542963,3.8308027624457037,16.30496750152666,25.89064534558455,0.3560336296147928,0.1395823525182492,10,1.2033353127827893,1.0510840393417547,0.19281507988614593,0.0,0.0,0.0,0.09433750739851347,0.09847757248763246
1237,1,0,1,0.0712677505464139,3.902070512992118,16.28997674925407,25.82097562905851,0.3442876143433456,0.1257862659049563,10,0.9702298523791453,1.0548903211777803,0.15325261130844048,0.0,0.0,0.0,0.07047609162868304,0.08277651967975742
1238,1,2,1,0.005812141484146174,3.907882654476264,16.392466146582684,25.860443232585766,0.3286982873580885,0.35944702762878306,10,1.1947308103136836,1.0527738094578145,0.19157139156858263,0.0,0.0,0.0,0.09353596191154298,0.09803542965703968
1239,1,0,1,0.07076603438371476,3.978648688859979,16.500520435993632,25.9062410603733,0.3128623147949034,0.3429689223683687,10,1.210174851677699,1.0563227344792112,0.19388446694159694,0.0,0.0,0.0,0.09501583537911074,0.0988686315624862
1240,1,0,1,0.07096920813057468,4.0,16.54258145928937,25.915962510095824,0.29932407064654076,0.3272961419166352,10,1.1119515104274336,1.0601690374091735,0.17526614760057652,0.0,0.0,0.0,0.08122946489017571,0.0940366827104008
1241,1,0,1,0.07099842149743454,4.0,16.5768988927651,25.91360189991514,0.28595490565057097,0.311905582731887,10,1.0934204225296775,1.0614635992346297,0.1725583450843074,0.0,0.0,0.0,0.08021498997581862,0.09234335510848876
1242,1,0,1,0.07104293751303414,4.0,16.60035399972049,25.901958945381896,0.2728995152885497,0.2967045192080529,10,1.0740746722391545,1.0622625198170061,0.16953872331513223,0.0,0.0,0.0,0.0783323421721272,0.091206381143005
1243,1,0,0,-0.1692206819501792,3.830779318049821,16.694972903759563,25.948915790197294,0.2572816205697899,0.28017251602621496,10,1.2041335724820326,1.06255782362756,0.19289938740358645,0.0,0.0,0.0,0.0937073683125588,0.09919201909102765
1244,1,2,0,-0.23422920707706085,3.59655011097276,16.785028072209954,25.99510617436951,0.24173976171701098,0.4834478679726855,10,1.2023427699715261,1.0660972173489216,0.1925639452805608,0.18103509615728952,0.0,0.0,0.09325115311667377,0.09931279216388707
1245,1,0,1,0.07085436846394517,3.6674044794367053,16.83025678935839,26.02812402270149,0.22780604613892672,0.4672018189675937,10,1.1477499216449045,1.0695033561644867,0.1810785874990562,0.0,0.0,0.0,0.08360229346850566,0.09747629403055053
1246,1,0,1,0.07082327188363903,3.7382277513203443,16.901293553202137,26.03320413811798,0.21269219246869667,0.45163991983417534,10,1.1475763995617352,1.0714595203014972,0.18405451682189056,0.0,0.0,0.0,0.09068312202138029,0.09337139480051027
1247,1,0,1,0.07079729097189551,3.80902504229224,16.975209458555874,26.04584247250919,0.19743840970372672,0.4358826947462909,10,1.159916682027945,1.073362442283003,0.18606604711712643,0.0,0.0,0.0,0.0915226965898198,0.09454335052730663
1248,1,0,0,-0.16923777494556033,3.6397872673466796,17.048841222628976,26.08119910993741,0.18215688265729868,0.419561885105147,10,1.1845146997779472,1.0755262982766267,0.18961402012543135,0.0,0.0,0.0,0.09168916227856827,0.09792485784686308
1249,1,0,0,-0.16912691534821217,3.4706603519984673,17.07988798069927,26.105885417949644,0.16848376979270238,0.4034251111045714,10,1.133984074396691,1.0782510083141594,0.17885932119103132,0.0,0.0,0.0,0.08203867718757756,0.09682064400345378
1250,1,0,1,0.07076764914680718,3.5414280011452743,17.14838757414403,26.135218748009713,0.1532781065618232,0.3872126370934721,10,1.1774772584710553,1.079644334966223,0.18850882345187114,0.0,0.0,0.0,0.09123397938527536,0.09727484406659577
1251,1,0,0,-0.169248759007321,3.3721792421379533,17.215384747765924,26.164340839323586,0.13806368821588924,0.3709766227153976,10,1.1782094229896058,1.0820901580538438,0.18870259634405054,0.0,0.0,0.0,0.09128651007560354,0.097416086268447
1252,1,0,1,0.07090389760900939,3.4430831397469626,17.230260560581787,26.18051029741811,0.1247354969063314,0.35499362176083255,10,1.115538410587623,1.0844931396772377,0.17586715358473776,0.0,0.0,0.0,0.07996914785734721,0.09589800572739055
1253,1,0,0,-0.16908659253854105,3.2739965472084216,17.154885789079586,26.1933953454755,0.11390275265946308,0.33908870402326197,10,1.0227795480051907,1.0852692714499974,0.16042597190663338,0.0,0.0,0.0,0.0802267837914548,0.09542950642542347
1254,1,0,1,0.07091959034475835,3.34491613755318,17.0808075369653,26.20475263853352,0.10308796058942306,0.32320549411763316,10,1.020986069307609,1.0837070283638772,0.1601880118540126,0.0,0.0,0.0,0.08046536477986009,0.09529925943377249
1255,1,0,1,0.0707633564955864,3.4156794940487663,17.03606655842979,26.235972320680283,0.09105663003244395,0.30687407847640563,10,1.0686177079987234,1.0821390043874706,0.17017647718924,0.0,0.0,0.0,0.0917728286684741,0.09798849384736523
1256,1,0,1,0.07092452699780845,3.4866040210465745,16.94173579656195,26.247141314114685,0.08080696064074984,0.2909669222340227,10,0.9986392035443181,1.081800971977752,0.15694095380446227,0.0,0.0,0.0,0.08052456431936132,0.09544293745429773
1257,1,0,1,0.07091921706240707,3.5575232381089816,16.7632852190953,26.25770690412263,0.0725756815957805,0.27507651165065145,10,0.9118369403082095,1.0797219277669161,0.14473013777004337,0.0,0.0,0.0,0.08102130446864308,0.09534246350022747
1258,1,0,1,0.07082011737372808,3.6283433554827096,16.603951377907215,26.269814690398128,0.0635219987493378,0.2591558353596474,10,0.9282987481678623,1.0755248030804483,0.1498461548246808,0.0,0.0,0.0,0.09148705161041143,0.0955240577460245
1259,1,2,1,0.005866761456867137,3.6342101169395766,16.4035307126615,26.266674146465085,0.05683809684995874,0.48443697676809605,10,0.8682829425288742,1.0718441517076336,0.13348155078769772,0.05493501215788443,0.0,5.551115123125783e-17,0.09099047833847541,0.09337813939142346
1260,1,0,1,0.0708450706494246,3.7050551875890014,16.04100444970285,26.298912666919108,0.05520784175559998,0.46803548806118855,10,0.7364673789735368,1.0667551214781648,0.10819046280759784,0.0,0.0,0.0,0.08636314044465065,0.09840893224144528
1261,1,0,1,0.07087504429820504,3.7759302318872066,15.659699820131099,26.327857703043584,0.054386155019315825,0.4516838671660153,10,0.7061383344682737,1.058497927915549,0.10303984578874434,0.0,0.0,0.0,0.0863287586515327,0.09810972537103943
1262,1,0,1,0.07105059077463083,3.8469808226618376,15.289966247691204,26.258626431935063,0.05347953322500817,0.4376941021590474,10,0.6107240945309516,1.0496889380793673,0.0893783208076538,0.0,0.0,0.0,0.08832263763806172,0.0839385900418078
1263,1,0,1,0.0710697145333324,3.91805053719517,14.928959811825942,26.18796206149146,0.05259441987804909,0.42377599912542246,10,0.6070440106817926,1.0387148169906568,0.08881929828350389,0.0,0.0,0.0,0.08939184728484795,0.08350861820174944
1264,1,0,1,0.07109546907514339,3.9891460062703135,14.577832683028912,26.12471829232547,0.051673717107273254,0.40972739814572484,10,0.613552148869914,1.0279230468329352,0.0898158225028404,0.0,0.0,0.0,0.09006294071966059,0.08429160587818538
1265,1,0,1,0.0709592209874742,4.0,14.233221940722595,26.157446499262555,0.05084725565854808,0.3933602522678254,10,0.7056812390146279,1.0175637743838597,0.1031616439597481,0.0,0.0,0.0,0.08947871072463102,0.098202875267397
1266,1,0,1,0.07103199428669475,4.0,13.896890585244156,26.171231552707376,0.05003478928189698,0.37743368971910546,10,0.68722040896601,1.009766710999629,0.10043417355222595,0.0,0.0,0.0,0.08855821473224527,0.0955593752923194
1267,1,0,1,0.07124096716188186,4.0,13.570175326968357,26.08337455462679,0.049171997350425926,0.36395477479337807,10,0.5871307970924065,1.0017030534487885,0.0860502411431907,0.0,0.0,0.0,0.0887392865025365,0.08087348955436434
1268,1,0,0,-0.16893845157332568,3.8310615484266743,13.250713939150419,26.100711425280927,0.04834728921058131,0.3479716089321771,10,0.689214229876076,0.9913387470398788,0.10084724400627358,0.0,0.0,0.0,0.08926102445090585,0.09589899516720587
1269,1,1,1,0.006126362780310084,3.837187911206984,13.411862261876763,26.108309511903204,0.2770260942769489,0.3322224383809693,10,1.1525320434594049,0.9837856341107837,0.18233845764555295,0.04008373526348785,0.0,0.0,0.08784343433830627,0.0944950233072467
1270,1,1,1,0.00603529742168234,3.8432232086286664,13.612735472236853,26.103355465891852,0.46985005413028363,0.3167923821867487,10,1.1839234586932363,0.9880042943444993,0.19018606424518342,0.24545051380013205,0.0,0.0,0.09760572707985976,0.09258033716532366
1271,1,0,1,0.07124379421239846,3.914467002841065,13.738379005237455,26.042080627601763,0.45609363371806905,0.3026296242526362,10,1.057270968163731,0.9929022734532177,0.16751507007796274,0.0,0.0,0.0,0.08253852247328751,0.08497654760467524
1272,1,0,1,0.07128044361094019,3.985747446452005,13.849984403932392,25.978155794285833,0.4426707851504991,0.28856699712919637,10,1.042192056199987,0.9945114908209804,0.16491285414605877,0.0,0.0,0.0,0.0805370914054199,0.08437576274063886
1273,1,0,0,-0.16906624043424479,3.81668120601776,14.05198666294071,25.996946269954805,0.42605606245529,0.272635438049916,10,1.2164962396327441,0.9957035049554557,0.19527769064693679,0.0,0.0,0.0,0.09968833617125471,0.0955893544756821
1274,1,2,1,0.0062770332069625005,3.8229582392247226,14.15238284129855,25.936724964073996,0.4126849787761106,0.4858851518369076,10,1.0413981957994183,1.001223323322388,0.16491559105363007,0.13581262829949592,0.0,5.551115123125783e-17,0.08022650207507616,0.08468908897855391
1275,1,0,1,0.07108462729367504,3.8940428665183977,14.287605109162072,25.92965918787455,0.3982180914831451,0.4705974363194166,10,1.1303841867983904,1.0022276951343136,0.17852761686273944,0.0,0.0,0.0,0.08680132375779281,0.09172629310494662
1276,1,0,1,0.07099764479317064,3.9650405113115683,14.43417090718277,25.944902498606268,0.3832779256429552,0.4547723377589541,10,1.1672407161783367,1.0054316074259155,0.18459158640391438,0.0,0.0,0.0,0.08964099504113972,0.09495059136277466
1277,1,1,0,-0.23409455568640875,3.7309459556251596,14.617950536131584,25.964203469151848,0.4834460486108377,0.43889051536723894,10,1.2125574346391197,1.009476835144726,0.19461464268526432,0.799667553857731,0.0,5.551115123125783e-17,0.09932370833497317,0.09529093435029115
1278,1,0,1,0.07086882538976264,3.8018147810149223,14.801109359013154,25.987661297938768,0.4667597415553076,0.42287652850140334,10,1.221170501800576,1.0145538501320859,0.19620176352819435,0.0,0.0,0.0,0.10011784233318047,0.0960839211950139
1279,1,0,1,0.07106923052544654,3.8728840115403687,14.911075357663403,25.970278370987227,0.4525371857586083,0.4077911384612922,10,1.1123023381225057,1.0197192664237982,0.17584767502086257,0.0,0.0,0.0,0.08533533478019656,0.09051234024066603
1280,1,0,1,0.07084416445038308,4.0,15.084847515036369,26.002037237781586,0.43592498081926606,0.391582784151044,11,1.22756486738359,1.0220338432162657,0.1969233554975426,0.0,0.0,0.0,0.09967322963605293,0.09725012586148968
1281,1,0,1,0.07113168966390583,4.0,15.167287845387264,25.967036520727266,0.42231008025839506,0.3768883740490207,11,1.0746117321170205,1.0271721188204488,0.16985586397736616,0.0,0.0,0.0,0.0816894033652262,0.08816646061213994
1282,1,0,1,0.07110420439913126,4.0,15.24837575240401,25.94147154230085,0.40868308358012095,0.3619710097407037,11,1.0838810377431969,1.0283581091528633,0.17126616591954696,0.0,0.0,0.0,0.0817619800696449,0.08950418584990207
1283,1,0,1,0.07081890615416218,4.0,15.409571095612527,25.9767571413223,0.3921751099853354,0.34566826523758226,11,1.2262271245975875,1.0297461823676217,0.19686430858744217,0.0,0.0,0.0,0.0990478415687135,0.09781646701872865
1284,1,0,0,-0.1691715742459698,3.83082842575403,15.556612628578296,26.006298586710145,0.3759421221066632,0.32949127077662466,11,1.211241184276982,1.0346582059233707,0.19445989403777825,0.0,0.0,0.0,0.0973979272720328,0.09706196676574541
1285,1,0,1,0.07104202455294968,3.90187045030698,15.635641175581016,25.991063167465988,0.3620390565823299,0.31433478079099886,11,1.1028659081407735,1.039072780382211,0.17435733305975487,0.0,0.0,0.0,0.08341839314599989,0.09093893991375498
1286,1,2,1,0.005806678887462321,3.9076771291944423,15.777548103350169,26.028593980461356,0.3458026452766962,0.48363411986481997,11,1.2201053493406997,1.040667608576175,0.1956137486448823,0.38600868474599304,0.0,5.551115123125783e-17,0.09741846783380202,0.09819528081108023
1287,1,0,1,0.07083133540301399,3.978508464597456,15.908249568943496,26.046160611048805,0.32973706894028615,0.4677523482838788,11,1.1934216482760636,1.0451535520952882,0.1916840875041077,0.0,0.0,0.0,0.09639345801846058,0.09529062948564712
1288,1,0,0,-0.16918608444151065,3.8093223801559457,16.03471808961493,26.065684754624098,0.31371464218158923,0.4518130543220305,11,1.194852918746533,1.0488602544998076,0.19177032432327074,0.0,0.0,0.0,0.0961345605521816,0.09563576377108912
1289,1,0,1,0.07094207004874434,3.88026445020469,16.107442762508683,26.07564176695425,0.299570988002588,0.4360559837149167,11,1.1351917563298835,1.0525100711059756,0.17940434871669023,0.0,0.0,0.0,0.0848619250740068,0.09454242364268339
1290,1,1,1,0.00594576082645826,3.8862102110311483,16.175151390813685,26.085225050261414,0.48520157713416573,0.42029798126092643,11,1.1318690248487397,1.0545771132365735,0.1786662037192109,0.30209827621526475,0.0,0.0,0.08411818899526938,0.09454801472394153
1291,1,0,1,0.0710358778844438,3.9572460889155923,16.227294493444774,26.049208367696117,0.4716242242098197,0.40555867379559185,11,1.0726358310926705,1.0565094110268776,0.16989996233808352,0.0,0.0,0.0,0.08146411754607585,0.08843584479200767
1292,1,2,1,0.006008745820843314,3.9632548347364356,16.282014258918007,26.0231852617025,0.4579359193047736,0.485049204768091,11,1.0856092310081356,1.0569125715285224,0.1718346008217306,0.9333520427735508,0.0,5.551115123125783e-17,0.08212982943027652,0.08970477139145407
1293,1,0,1,0.07094374638444376,4.0,16.345444582231828,26.022078906458713,0.44394927006773915,0.46956879358332876,11,1.1199539560855465,1.0576299880155127,0.17680236253078047,0.0,0.0,0.0,0.08391989542220706,0.0928824671085734
1294,1,0,1,0.07073561059161793,4.0,16.46455911443455,26.063926650238727,0.42779826048488845,0.4530891146062872,11,1.2201503632000064,1.0591880872172634,0.1957841313593534,0.0,0.0,0.0,0.09690605749710414,0.09887807386224928
1295,1,0,1,0.0709601799821956,4.0,16.515069741166208,26.05515700230022,0.4140717116253147,0.43774318028697096,11,1.104953122909979,1.063212144116832,0.1744348990733397,0.0,0.0,0.0,0.0823592931574423,0.09207560591589742
1296,1,2,1,0.005737241247388407,4.0,16.62502650041565,26.092610403589063,0.39806334674782,0.4836098745469506,11,1.2116658291249494,1.0642556685866609,0.19439094198326412,1.1264590817218259,0.0,5.551115123125783e-17,0.09605018926496794,0.09834075271829619
1297,1,0,1,0.07089899145245017,4.0,16.679748915871993,26.09909644337931,0.3840430762916955,0.46792286975631736,11,1.1291493778467003,1.067940922600118,0.17824365148054638,0.0,0.0,0.0,0.08412162273674735,0.09412202874379905
1298,1,0,1,0.07091284694824579,4.0,16.726816432217507,26.10230747604941,0.3702180256752703,0.45230524263142224,11,1.119749682996903,1.0694711339812826,0.17665606644792206,0.0,0.0,0.0,0.0829503036985513,0.09370576274937073
1299,1,0,1,0.07072819242744985,4.0,16.825793422199602,26.13526268235718,0.35435686098647023,0.43599912088653897,11,1.2026602939965336,1.0707280977066733,0.19300371860210067,0.0,0.0,0.0,0.09516698813280039,0.09783673046930025
1300,1,0,1,0.07091722833346825,4.0,16.86145024276953,26.138138633103623,0.3407570882799666,0.4203608245065244,11,1.1125591739302871,1.0740264026139197,0.17542841451910904,0.0,0.0,0.0,0.08159863623902171,0.09382977828008736
1301,1,0,1,0.07072107246238167,4.0,16.95366126842505,26.1757191138791,0.3249939949760566,0.40391913495669524,11,1.20478122832783,1.0749897218968287,0.19322869712243487,0.0,0.0,0.0,0.09457855982345993,0.09865013729897494
1302,1,0,1,0.07072009455078904,4.0,17.04005759519258,26.20903501762419,0.309343189175723,0.3875549293436921,11,1.1979467400702177,1.0782345095576038,0.19209006848001983,0.0,0.0,0.0,0.09390483480200151,0.09818523367801837
1303,1,2,0,-0.23429552936051412,3.765704470639486,17.123412506350526,26.245801777807863,0.2937179560577746,0.48352212522682975,11,1.2013489866620435,1.0812273153204193,0.19261864734671175,0.8253295760621528,0.0,0.0,0.09375139870769007,0.09886724863902169
1304,1,0,1,0.0707202646723142,3.8364247353118004,17.198867865774254,26.266865163305894,0.2782479451366235,0.4674247679677239,11,1.180749102025717,1.08423035710396,0.1894042090815414,0.0,0.0,0.0,0.09282006552690672,0.09658414355463468
1305,1,0,1,0.07080985881604321,3.9072345941278437,17.230129928585775,26.29163665056452,0.26445079908684627,0.45118867985937233,11,1.142676875797152,1.0866433257270036,0.18019940494877354,0.0,0.0,0.0,0.08278287629866393,0.09741652865010961
1306,1,0,1,0.07084822510477233,3.978082819232616,17.2520482515611,26.31021808029639,0.25092453197804204,0.4350907022711134,11,1.1285439171859513,1.0880441644787573,0.17774546818237855,0.0,0.0,0.0,0.08115760265282505,0.09658786552955348
1307,1,0,1,0.07084572026143333,4.0,17.27392830571769,26.329160964856502,0.23735303047341497,0.4189776622601496,11,1.1298795970131388,1.0890566582964372,0.17810724909354506,0.0,0.0,0.0,0.08142900902776248,0.09667824006578257
1308,1,0,1,0.07073041958830008,4.0,17.33946812185355,26.34387221058332,0.22204894372506453,0.40297205199752284,11,1.1703282936270365,1.0900772317643548,0.18785818206586358,0.0,0.0,0.0,0.09182452049010273,0.09603366157576082
1309,1,0,0,-0.1691524291301617,3.8308475708698384,17.356966124737024,26.359959137197002,0.2085263367453241,0.38689820424651744,11,1.125668437808075,1.092083508310922,0.17757872838447514,0.0,0.0,0.0,0.08113564187844238,0.09644308650603271
1310,1,0,0,-0.16929002631440482,3.661557544555434,17.424138590814806,26.387056015374682,0.19311827599024703,0.37057886392209477,11,1.187192475803815,1.0929231315483507,0.19036440647699837,0.0,0.0,0.0,0.09244836453046237,0.09791604194653604
1311,1,0,1,0.07072192812237328,3.7322794726778072,17.482784514764116,26.4079783029105,0.17792873469474638,0.35437923965276746,11,1.1748480766398601,1.0952798651547373,0.18833499338896734,0.0,0.0,0.0,0.09113724777300403,0.0971977456159633
1312,1,0,0,-0.1692921818789656,3.5629872907988416,17.54024309051674,26.427521334660213,0.16273043694807102,0.3381988296106709,11,1.1742706779442036,1.0972690704418655,0.1882722467326318,0.0,0.0,0.0,0.09118978648005197,0.09708246025257983
1313,1,0,1,0.07069486868980596,3.6336821594886475,17.598933787616964,26.45001210853001,0.1474762757704943,0.32193301787739187,11,1.1803755815994452,1.0991941106294238,0.18911983746513417,0.0,0.0,0.0,0.09152496706546034,0.09759487039967385
1314,1,0,1,0.07091904302782638,3.704601202516474,17.59288469008021,26.442183367780444,0.13447262969779167,0.3063525171024858,11,1.087345809117355,1.1012236474036743,0.17150488108565215,0.0,0.0,0.0,0.07802187643621573,0.09348300464943643
1315,1,0,1,0.07088520057477934,3.7754864030912536,17.593604959125162,26.446680400423148,0.12126972604767457,0.2904986602946346,11,1.1060940031341744,1.1008767014465164,0.17434056274781018,0.0,0.0,0.0,0.07921742190070252,0.09512314084710766
1316,1,0,1,0.07071830580733027,3.846204708898584,17.642723486917223,26.461465727177185,0.10625127875020775,0.274407119041805,11,1.1649109885347997,1.101007133988708,0.18665993130177858,0.0,0.0,0.0,0.09011068378480092,0.09654924751697765
1317,1,0,1,0.07093002755139291,3.917134736449977,17.6317256966452,26.45252855029696,0.09333052482881898,0.2588276487261964,11,1.082669763200123,1.1026047303523603,0.1710013454219841,0.0,0.0,0.0,0.07752452352833272,0.09347682189365142
1318,1,0,1,0.07071367180045876,3.9878484082504357,17.570533694704487,26.47216101504649,0.0813520450110072,0.24259412751318268,11,1.0605468189823617,1.1021063561735542,0.16927200618495292,0.0,0.0,0.0,0.09014125318222496,0.09740112727808228
1319,1,2,1,0.00570976387608326,3.993558172126519,17.51020549007088,26.492058108819215,0.06940806058406045,0.47632242765592303,11,1.0606362568828913,1.1010673677437746,0.16917329946181953,0.00012080624341925805,0.0,5.551115123125783e-17,0.09065749689378386,0.09750939290013898
1320,1,0,1,0.07076195367835665,4.0,17.370722571713245,26.524943150848852,0.05985063718274481,0.45977544882318466,11,0.9934587136442556,1.1000565899722523,0.15662641340432393,0.0,0.0,0.0,0.08245625638322052,0.0992818729964301
1321,1,0,1,0.07076710075314961,4.0,17.1549866048127,26.553729516017093,0.05284659631800098,0.4432997390050169,11,0.9104420413317436,1.0973916430640525,0.14087850409746921,0.0,0.0,0.0,0.08347269686667108,0.09885425890900632
1322,1,0,0,-0.16910878449485348,3.8308912155051464,16.799826018553805,26.503968503586748,0.0504848616534239,0.4287129254901065,11,0.6877963043315121,1.0927179030207448,0.10169128907692507,0.0,0.0,0.0,0.08725400500527004,0.08752088108946257
1323,1,2,1,0.005962670381724961,3.8368538858868715,16.401465607531172,26.430307008104464,0.04958339334337351,0.48593714623142686,11,0.6105729565485953,1.0825948630535138,0.08978593247174078,1.072277552940639,0.0,5.551115123125783e-17,0.08607022551859414,0.08437712261143843
1324,1,2,1,0.005970349003392338,3.842824234890264,16.013749251117915,26.3648394904372,0.0486533815194142,0.4858482385644198,11,0.6176104413103657,1.070794315390891,0.09049063955723728,1.4156228773885615,0.0,1.1102230246251565e-16,0.08799750135560458,0.08491056861348144
1325,1,0,0,-0.16911409767706953,3.6737101372131944,15.634794700310868,26.390228474435276,0.047762165666459945,0.4695536326304082,11,0.7058991517299129,1.059464718538878,0.10311493072179455,0.0,0.0,0.0,0.08709690048338746,0.09776763560406901
1326,1,0,1,0.07088188508385009,3.7445920222970446,15.266063584228158,26.4151441897667,0.04683971769041575,0.45323928642814754,11,0.706810178617366,1.0506255793686536,0.10342076506982965,0.0,0.0,0.0,0.08819030602392373,0.09788607721356443
1327,1,0,1,0.07090285013169763,3.8154948724287423,14.905787137359743,26.43856000333158,0.04594908674302864,0.4369365088533237,11,0.7051695610463329,1.0420301943498715,0.10316045113326554,0.0,0.0,0.0,0.08914202289363338,0.09781666544894287
1328,1,0,1,0.07108944620429922,3.8865843186330413,14.55401138592197,26.365111709272362,0.04507954811818606,0.4229649856916289,11,0.6083846330202973,1.0336086785172829,0.0890463707192241,0.0,0.0,0.0,0.09006344332406284,0.08382913897016864
1329,1,0,0,-0.16901157850362436,3.717572740129417,14.210523406326407,26.3778966220478,0.04423111874099916,0.406948307863548,11,0.6922750105597317,1.0229780773798585,0.10119064323160629,0.0,0.0,0.0,0.08847519195466011,0.09610006696848486
1330,1,0,1,0.07112759354921931,3.7887003336786362,13.876607289393764,26.309616668718096,0.04334166173160272,0.39288636238389824,11,0.6125144304470072,1.0147105007093553,0.08970841493427778,0.0,0.0,0.0,0.09196306206483007,0.08437167287789914
1331,1,0,1,0.07128731677157985,3.859987650450216,13.550724723251939,26.198322763035748,0.04246530272772686,0.3798131877423667,11,0.5674791271286251,1.0046555989527965,0.08369720187244424,0.0,0.0,0.0,0.08576049002381629,0.07843904784918908
1332,1,0,1,0.07108776528555151,3.931075415735768,13.231530595478578,26.20591086026722,0.04164971979822953,0.36399997599998885,11,0.6821201566152989,0.9937261871571923,0.09977276803125114,0.0,0.0,0.0,0.0885226144759561,0.09487927045426717
1333,1,0,1,0.07120039158075298,4.0,12.921984394327513,26.148693414821903,0.04076463380923378,0.34975878953399553,11,0.6191723897972639,0.985936036393645,0.09075763472993469,0.0,0.0,0.0,0.09207600061856427,0.08544711879596016
1334,1,1,1,0.006334297260868985,4.0,13.08092368581282,26.048938774949086,0.27616045909529796,0.33655145662103303,11,1.0359515968412287,0.9767669452287355,0.16686904576138997,0.0,0.0,0.0,0.08762504828361496,0.079243997477775
1335,1,0,1,0.07123651206386965,4.0,13.223081845978465,26.02085251992606,0.26228786407850174,0.32169263845562024,11,1.0923184666616663,0.9782465615190478,0.1723884790932539,0.0,0.0,0.0,0.08323557010077731,0.08915290899247658
1336,1,0,1,0.07104835791869765,4.0,13.42989920052238,26.019583697233692,0.24599830376235102,0.3062209959903077,11,1.186646890999161,0.9810983591476131,0.1905672166887796,0.0,0.0,0.0,0.09773736189690431,0.0928298547918753
1337,1,1,1,0.006047332671930538,4.0,13.625018674705874,26.01636425459385,0.44176649530206263,0.29080058948803145,11,1.178137103987552,0.986237072443902,0.18906600634778134,0.22884728342760607,0.0,5.551115123125783e-17,0.09654356733412371,0.09252243901365763
1338,1,0,1,0.07128692959466339,4.0,13.735368061683912,25.959334004328447,0.42846435995334214,0.2765795153646251,11,1.0443537099451345,0.991034573232493,0.16513925683276146,0.0,0.0,0.0,0.0798128120923234,0.08532644474043805
1339,1,1,1,0.006313032751799464,4.0,13.833586763864163,25.899968579522053,0.4869133406806723,0.2624625290547377,11,1.0312208290241633,0.9923675516503092,0.16322187377529002,1.0707861597200528,0.0,0.0,0.07851995591596582,0.08470191785932422
1340,1,0,0,-0.1687032184636927,3.8312967815363073,13.936311168512937,25.841185798236587,0.4736671957802379,0.24836827481529888,11,1.037280506947959,0.9933388835846555,0.1640423948392393,0.0,0.0,0.0,0.07947686940260651,0.08456552543663275
1341,1,0,1,0.07136109288042704,3.902657874416734,14.020075472763184,25.770808829970356,0.4608632910627098,0.23458728897306694,11,1.0078247601527535,0.9944374241687381,0.15950934335856054,0.0,0.0,0.0,0.07682342830516885,0.08268591505339166
1342,1,2,1,0.006384762338935881,3.90904263675567,14.09304989307915,25.69737740944417,0.44829146277812737,0.47090548089692835,11,0.9943151073581242,0.9947721075683384,0.15752181816432614,0.0,0.0,0.0,0.0754309697074944,0.0820908484568317
1343,1,0,0,-0.1690744048651564,3.7399682318905136,14.289410879679806,25.731403635990752,0.4316410682828155,0.454814232015857,11,1.2251478957103172,0.9947606825630831,0.19644986025829952,0.0,0.0,0.0,0.09990236697187165,0.09654749328642788
1344,1,0,1,0.07105905924847035,3.811027291138984,14.419330784846522,25.743868170766344,0.4171867938222837,0.4391818857591665,11,1.1429048028340745,1.000520362891764,0.18051972430333416,0.0,0.0,0.0,0.08672564676319085,0.09379407754014332
1345,1,0,0,-0.1689312162858758,3.6420960748531086,14.5430529037683,25.74798184868969,0.40281908897413204,0.4237278027547631,11,1.1319157707354428,1.0040799738903217,0.17893072711532937,0.0,0.0,0.0,0.08620622908890956,0.09272449802641984
1346,1,0,1,0.07089431329278487,3.7129903881458937,14.724842257100587,25.786367806657296,0.38625463382835507,0.40749315269298375,11,1.227451180111347,1.0072758688114498,0.1967946312453382,0.0,0.0,0.0,0.09938673087466177,0.09740790037067638
1347,1,0,0,-0.16886713046115678,3.544123257684737,14.824802596988956,25.767514945986726,0.3723760265244424,0.392566198669206,11,1.0938877308117454,1.0127802515939472,0.17283336796614296,0.0,0.0,0.0,0.08327164382347645,0.08956172414266651
1348,1,1,1,0.006125924822230089,3.5502491825069673,14.921103736806774,25.754780833414962,0.4861556543888441,0.3775075603957208,11,1.0983749658204465,1.0148079385743922,0.17341790330784618,0.7342561591466541,0.0,5.551115123125783e-17,0.08306607366693501,0.09035182964091117
1349,1,0,0,-0.1691437427111401,3.381105439795827,15.091101176401818,25.79291725073562,0.4696609487631187,0.36125556400868225,11,1.2250309711712397,1.0168971142555434,0.19648021207658434,0.0,0.0,0.0,0.09896823375435279,0.09751197832223159
1350,1,0,1,0.07116923751224222,3.4522746773080693,15.171164115758645,25.75713111117882,0.4561194532841039,0.34671277938628403,11,1.0663772604784678,1.0221004606784359,0.16850568060847793,0.0,0.0,0.0,0.08124897287408868,0.08725670773438925
1351,1,0,1,0.07116763887995976,3.523442316188029,15.24723915407888,25.72330084397261,0.44263878538573015,0.3321382099723808,11,1.0654521517874551,1.0232073806734368,0.168331423873662,0.0,0.0,0.0,0.0808840073902426,0.08744741648341942
1352,1,0,0,-0.169139462492069,3.35430285369596,15.400151474712334,25.76503172497307,0.42639852635968395,0.31582234757363675,11,1.218906701585206,1.0242634999512872,0.19533672854874135,0.0,0.0,0.0,0.09744155415627727,0.09789517439246406
1353,1,0,1,0.07123281960019963,3.4255356732961593,15.445866332391901,25.716541335459592,0.4135923914656891,0.3015672259475871,11,1.0263540481582265,1.029129579992135,0.16236753912026688,0.0,0.0,0.0,0.07683680936396906,0.0855307297562978
1354,1,0,0,-0.16912961547148891,3.2564060578246705,15.587825279717132,25.755596873770546,0.3975064680979992,0.28532608321023956,11,1.2100746773324682,1.0290601916962874,0.19396239663022508,0.0,0.0,0.0,0.09651554020613946,0.0974468564240856
1355,1,1,1,0.006223688935469306,3.26262974676014,15.627723677539388,25.712648354735485,0.48721466113111483,0.27094936881599363,11,1.0305354326243923,1.0335855538371919,0.16297231957878636,0.8850388085879952,0.0,0.0,0.07671203321331083,0.08626028636547552
1356,1,0,1,0.07085110795838857,3.3334808547185286,15.765471472110148,25.7486001726581,0.47112013192052715,0.2547799385382766,11,1.2072089133002426,1.0335093008068719,0.1935837569298282,0.0,0.0,0.0,0.09656717526352611,0.09701658166630214
1357,1,2,1,0.0058264112638863365,3.339307265982415,15.897038493644342,25.789483219848456,0.455097203730171,0.48082421962756405,11,1.2103018598437565,1.0378517911192062,0.19407477728137434,0.045797105325037335,0.0,0.0,0.09613756914213686,0.09793720813923748
1358,1,0,1,0.07078752816226327,3.4100947941446784,16.029045966950974,25.835662583089544,0.4389311991849308,0.4643928756276992,11,1.2203498793850387,1.04216304283732,0.19558409127063095,0.0,0.0,0.0,0.09699602727144135,0.09858806399918958
1359,1,2,1,0.00578278341895993,3.4158775775636383,16.157443158489418,25.87998638367859,0.4227513970240686,0.48358834314464066,11,1.2193387058785083,1.0466177137510129,0.19554875409732922,1.2863572537661947,0.0,0.0,0.09707881296517316,0.09846994113215606
1360,1,1,0,-0.23422974424052234,3.181647833323116,16.280738685424996,25.923043189755308,0.48387001005610264,0.46718777570646225,11,1.2172880715664935,1.0509357385542004,0.1951833442924544,1.0365083821444117,0.0,5.551115123125783e-17,0.09677993966338402,0.09840340462907038
1361,1,0,1,0.07105510902650697,3.252702942349623,16.323633989483177,25.89209925046481,0.4705193390486692,0.4524565047364355,11,1.0670459116471862,1.0550945468795077,0.1684916518647616,0.0,0.0,0.0,0.08010402604460082,0.08838762582016076
1362,1,0,1,0.0707554669334259,3.323458409283049,16.439860181775707,25.93642899541678,0.45449439419467125,0.4359946172291038,11,1.215949268243204,1.0553933309986996,0.19492099416797787,0.0,0.0,0.0,0.09614966912398758,0.09877132504399028
1363,1,0,1,0.07103309765246585,3.394491506935515,16.479658963436236,25.91003903225223,0.44109728257301356,0.421144055671446,11,1.0728160479257933,1.0594072294298122,0.1694860390758927,0.0,0.0,0.0,0.08038266972994626,0.08910336934594647
1364,1,0,1,0.07076682210398084,3.4652583290394956,16.583367761727644,25.951764513905296,0.4253272387669505,0.4047416488589848,11,1.2051767298366887,1.0597424498922117,0.19303470371114548,0.0,0.0,0.0,0.0946202628363782,0.09841444087476725
1365,1,0,1,0.07073844242656852,3.5359967714660643,16.687185992718142,25.995921484869555,0.4094717970111179,0.3882512749892964,11,1.211353508845574,1.0633783068908236,0.19407489375312587,0.0,0.0,0.0,0.09513265053499535,0.09894224321813054
1366,1,0,1,0.0710268889762648,3.607023660442329,16.718835287813533,25.964412111191052,0.3960944340423256,0.373488666513269,11,1.0672176083565827,1.0670776869396925,0.1688398286689187,0.0,0.0,0.0,0.0802641778127544,0.08857565085616428
1367,1,2,1,0.006075740263604316,3.6130994007059334,16.732526448064654,25.926125944816814,0.3832222458529669,0.4853888709531698,11,1.0424861788519966,1.0670811849751147,0.1648999034171328,0.740931999079614,0.0,5.551115123125783e-17,0.07723312913615177,0.087666774280981
1368,1,1,1,0.005916621005289634,3.619016021711223,16.774868425532254,25.937082296666738,0.48628522740925145,0.46969181229926066,11,1.1197646391395608,1.0664663098220366,0.17647098746794598,0.7993334751178015,0.0,5.551115123125783e-17,0.08228863554449126,0.09418235192345473
1369,1,0,0,-0.16929723777254832,3.4497187839386747,16.872903714427157,25.98689068699303,0.47044055262495954,0.4530672816533454,11,1.2156424472761664,1.0677987680549748,0.1948152325812428,0.0,0.0,0.0,0.09506804870575132,0.09974718387549149
1370,1,0,1,0.07071191436037529,3.52043069829905,16.966132277705285,26.031622375320495,0.45466754348933175,0.43654616558571396,11,1.2094551116411025,1.0714948600355045,0.19376475121955597,0.0,0.0,0.0,0.09463805481376708,0.09912669640578889
1371,1,2,1,0.005965911058737198,3.526396609357787,16.99079869068572,26.012361842789982,0.44128013304174213,0.48492333272916416,11,1.0803497467755636,1.0749438663256445,0.17078446631055233,1.1192769935142837,0.0,0.0,0.08032446268553758,0.09046000362501475
1372,1,2,1,0.005685854989673338,3.5320824643474604,17.084284943466947,26.057625756840338,0.42537111550366885,0.48345211449277725,11,1.2138291801684828,1.0750790133368926,0.19474141827177555,1.409539996374985,0.0,1.1102230246251565e-16,0.09545410522843922,0.09928731304333635
1373,1,0,1,0.07068822866001043,3.602770693007471,17.1690482097112,26.103586749317564,0.40968298878746773,0.4668578709196531,11,1.2092720262291583,1.0785477675076822,0.19369422173595255,0.0,0.0,0.0,0.09412876029720742,0.09956546143874512
1374,1,0,1,0.07067346721698656,3.6734441602244576,17.251488302670538,26.149563645794604,0.3939847648531416,0.45022187238423994,11,1.210232863412096,1.081815873975719,0.1940053348184354,0.0,0.0,0.0,0.09418934360595656,0.09981599121247883
1375,1,0,1,0.07089479656857678,3.7443389567930345,17.271813692266736,26.148052540990705,0.38053688049907336,0.43466335873750633,11,1.103840583503929,1.0850262987116288,0.17403838800481125,0.0,0.0,0.0,0.08068730612440937,0.09335108188040186
1376,1,1,1,0.0056816356070731105,3.7500205924001078,17.348536241682417,26.18631704838076,0.4843891959913331,0.41820470892823897,11,1.2004837126371688,1.0854966558314363,0.19241672290760498,0.7832212829944403,0.0,5.551115123125783e-17,0.09366482405200124,0.09875189885560373
1377,1,0,1,0.0710051011984041,3.821025693598512,17.342590311848394,26.138552886389476,0.47158146800611506,0.403688763436596,11,1.0346612404262723,1.0883713322515796,0.16394204086116662,0.0,0.0,0.0,0.07684636791130811,0.0870956729498585
1378,1,0,1,0.07102079055320433,3.8920464841517166,17.334878415682816,26.091396875162292,0.4588153242458959,0.3891789978985862,11,1.0321606725631904,1.0870285799559467,0.16365545578937385,0.0,0.0,0.0,0.0765968625613152,0.08705859322805863
1379,1,2,1,0.005655021984698196,3.8977015061364146,17.41055691658685,26.140732591120802,0.4432082763156633,0.48329629945346203,11,1.2106710991336658,1.0856568822711279,0.1938644908606235,0.835073987391517,0.0,5.551115123125783e-17,0.09364228758139556,0.1002222032792279
1380,1,0,1,0.07064428583060059,3.9683457919670153,17.486836003902095,26.182630038746346,0.4274824100583672,0.4667643486036943,11,1.2069587726334845,1.0887822376926912,0.19354690264238322,0.0,0.0,0.0,0.09435519754377696,0.09919170509860628
1381,1,0,1,0.07091589822096864,4.0,17.491612123974715,26.163206708130303,0.4142727790438372,0.4515956037304463,11,1.0770894405227862,1.0917366510662112,0.17027025532666692,0.0,0.0,0.0,0.07925778608717968,0.09101246923948728
1382,1,0,0,-0.1691229365813693,3.830877063418631,17.502110077198047,26.15753237155391,0.40089474404710274,0.4361147828380328,11,1.0961940874495646,1.0913704708026255,0.17315313533488838,0.0,0.0,0.0,0.08026820998040707,0.09288492535448131
1383,1,0,1,0.07087155169588946,3.90174861511452,17.51257708556458,26.15651538760349,0.3875460640103488,0.4205231571189026,11,1.100941085634913,1.091491061218799,0.1736418345353048,0.0,0.0,0.0,0.08009208022052329,0.09354975431478149
1384,1,2,1,0.0056343673137746715,3.907382982428295,17.582887487409987,26.207586719575296,0.37192626932664646,0.48322781323264796,11,1.2131090456464122,1.091727311829202,0.19435188870632591,1.0231389427134157,0.0,5.551115123125783e-17,0.0937187681022141,0.10063312060411184
1385,1,1,1,0.005654894518000691,3.9130378769462957,17.64685844454418,26.24376536151791,0.4844966001639448,0.46679315338724847,11,1.1949114542514359,1.094761855174632,0.1916283580887281,0.7315576159598787,0.0,5.551115123125783e-17,0.09302039901633087,0.09860795907239722
1386,1,0,0,-0.1691286447840409,3.7439092321622547,17.650327828439938,26.230450789478784,0.47115819026027084,0.45144931953506434,11,1.0874204070081879,1.0972655951515522,0.1720934625351483,0.0,0.0,0.0,0.08003045942204379,0.09206300311310453
1387,1,0,1,0.07091287830653706,3.814822110468792,17.646384543567223,26.207142896748405,0.4580791282507583,0.43633965944224967,11,1.069768287844873,1.0970194654479681,0.169132332613964,0.0,0.0,0.0,0.07847437205707533,0.09065796055688864
1388,1,0,1,0.07093250909821867,3.8857546195670105,17.64200665101814,26.17441845051512,0.4450108940546154,0.42146976236583855,11,1.0592358472255254,1.0963381860078907,0.16762878763532402,0.0,0.0,0.0,0.07840940517685747,0.08921938245846657
1389,1,0,1,0.07060826000895344,3.956362879575964,17.710110752073117,26.228501570917274,0.42936291941262544,0.4046128877676503,11,1.217597848995461,1.0954106275383317,0.19502909544106867,0.0,0.0,0.0,0.09388784785193954,0.10114124758912915
1390,1,0,1,0.07060607282073589,4.0,17.774999564829365,26.280276219260074,0.41376790130470753,0.3877669113154713,11,1.2151287691738044,1.09846530807476,0.19464596736058135,0.0,0.0,0.0,0.09357010864750737,0.10107585871307392
1391,1,0,1,0.07061075137886112,4.0,17.833163466131708,26.329355585214095,0.39834209184557534,0.3709410621107929,11,1.2086251618586057,1.101381894602236,0.1935099519828637,0.0,0.0,0.0,0.0925548567547934,0.10095509522807025
1392,1,2,1,0.005924224726601462,4.0,17.814953839186348,26.299257576586,0.3855316536013557,0.4849800462304283,11,1.0557553407101883,1.1040629762836451,0.16698235208274806,0.7256463726647575,0.0,5.551115123125783e-17,0.07686262946531751,0.09011972261743058
1393,1,0,1,0.07061593316136429,4.0,17.871808131651562,26.338579727959974,0.37007618528532465,0.46841083513445775,11,1.1990317292334995,1.1028552853943085,0.19214807647200946,0.0,0.0,0.0,0.09273280989618632,0.09941526657582314
1394,1,0,1,0.07063429262302834,4.0,17.921448268292263,26.37018606504754,0.35480390672175915,0.4520031333076547,11,1.1865061702185504,1.1052596964902885,0.19007988234221146,0.0,0.0,0.0,0.09163367138139347,0.09844621096081803
1395,1,0,1,0.07061265870255018,4.0,17.972663385108977,26.40866848867276,0.33943995028047186,0.4354121411173178,11,1.196988398775432,1.107290858333495,0.19172969178974494,0.0,0.0,0.0,0.09218373864772401,0.09954595314202092
1396,1,0,1,0.07084035537245695,4.0,17.964122469654352,26.396326663397005,0.3262463721084499,0.4199573256374767,11,1.0886505561141613,1.1095332968445435,0.17189036191117796,0.0,0.0,0.0,0.07916146903213118,0.0927288928790468
1397,1,0,1,0.07083512381314039,4.0,17.956564475612247,26.394155435916474,0.31302466916453525,0.4042798123975572,11,1.099282006803645,1.109011228326284,0.1733952971030053,0.0,0.0,0.0,0.07933021766348815,0.09406507943951717
1398,1,0,1,0.07061581989407648,4.0,18.005458738761188,26.435089145586126,0.2977068621332131,0.38760599056038986,11,1.198595970606816,1.108767997788218,0.1919497732109368,0.0,0.0,0.0,0.09190684218793244,0.10004293102300438
1399,1,0,1,0.07087144394890399,4.0,17.990141487783006,26.42384481017475,0.28466222191950863,0.3721161865944145,11,1.0844521107191212,1.111013697108683,0.17120666507807913,0.0,0.0,0.0,0.07826784128222715,0.09293882379585196
1400,1,1,1,0.0056419056471598925,4.0,18.031945022653446,26.456613627806355,0.4836184643502559,0.35561760107679463,11,1.184922009950993,1.110349657448944,0.18981285368988535,0.21544120483134965,0.0,5.551115123125783e-17,0.09082134058416653,0.09899151310571884
1401,1,2,1,0.00558038774444587,4.0,18.083133880672165,26.495525750464815,0.46820470974065986,0.4833126428990977,11,1.2023149469386736,1.112213966261495,0.1926066702629902,0.633705606460768,0.0,5.551115123125783e-17,0.09248252765757632,0.10012414260541388
1402,1,0,1,0.07081222891713186,4.0,18.07501459110708,26.473354011606745,0.4548993127038525,0.46801693535107924,11,1.0841754623552669,1.1144664907784245,0.17160662750895445,0.0,0.0,0.0,0.07983238222084432,0.09177424528811015
1403,1,0,1,0.07056475891749109,4.0,18.126404516910892,26.515583799321323,0.43942693025740387,0.45126978564154263,11,1.2073289285862379,1.1137092150678458,0.193317192935912,0.0,0.0,0.0,0.09283429467869161,0.10048289825722038
1404,1,0,1,0.07079106720288132,4.0,18.118545362681886,26.504461694955417,0.42607142563367223,0.4357135120867747,11,1.0970684493108915,1.1160497079058054,0.1734706690709975,0.0,0.0,0.0,0.08013302774238998,0.09333764132860749
1405,1,2,1,0.005566785342681947,4.0,18.167356241810868,26.541713701089023,0.4106375108208971,0.48334276684595207,11,1.20163806170352,1.1155751764409327,0.19254688780093773,1.1142810725206478,0.0,0.0,0.09260348887665032,0.0999433989242874
1406,1,0,1,0.07056644006438809,4.0,18.211247905727124,26.57570235468087,0.3953039988774845,0.46675224234801416,11,1.1956070660806017,1.1177267485724973,0.19154421864810336,0.0,0.0,0.0,0.09200107166047572,0.09954314698762765
1407,1,0,1,0.07057114028659564,4.0,18.25339331545938,26.606896268592408,0.3799972006996371,0.4502140896517432,11,1.1930130801539958,1.1196737565102,0.19106970524471037,0.0,0.0,0.0,0.09184078906708455,0.0992289161776258
1408,1,0,1,0.07080390399883252,4.0,18.23924156804389,26.585184912287495,0.3667547676391747,0.43485845219307223,12,1.085644135880893,1.1215072396012948,0.1715884231148004,0.0,0.0,0.0,0.07945459836277423,0.09213382475202617
1409,1,0,1,0.0705834789953083,4.0,18.277590002691536,26.612838561200753,0.3515424723087188,0.4183888729391401,12,1.186612745569184,1.1206106620082847,0.1900912475063279,0.0,0.0,0.0,0.09127377198273576,0.09881747552359213
1410,1,0,1,0.07082973601740195,4.0,18.255000873632515,26.58533250167353,0.3384962138325834,0.4031683767486749,12,1.0721655255110627,1.1222607140973073,0.1696005279996039,0.0,0.0,0.0,0.07827755085681236,0.09132297714279154
1411,1,0,1,0.0705954087338898,4.0,18.289461070308533,26.612719269883847,0.3233922646536916,0.3867003946770759,12,1.1828552992689834,1.1210083343826511,0.18943158750294478,0.0,0.0,0.0,0.09062369507335064,0.09880789242959417
1412,1,0,1,0.0705708867525032,4.0,18.324934099745477,26.648053843021756,0.30823675195823647,0.3700179612270958,12,1.1933621110796615,1.1225545085048094,0.19102767687261155,0.0,0.0,0.0,0.09093307617273093,0.10009460069988063
1413,1,1,1,0.0055869677306535975,4.0,18.355491052525572,26.674847935376874,0.4849583006534049,0.35352509443912467,12,1.1816757437044023,1.1243246985691808,0.18920739680739693,0.3494205117494189,0.0,1.1102230246251565e-16,0.09025019607957027,0.09895720072782666
1414,1,0,1,0.07054706332736499,4.0,18.39022649888026,26.707248799910673,0.4698252772539453,0.33686803464203535,12,1.1928947855860434,1.1257584746975615,0.19074049917929337,0.0,0.0,0.0,0.09079814039675738,0.09994235878253598
1415,1,1,1,0.005542794721220171,4.0,18.423887855846836,26.73622581150181,0.48483941139780823,0.32027427462457686,12,1.19007525102749,1.1274368824697736,0.19052609171790172,1.3189516635236722,0.0,5.551115123125783e-17,0.09096353161315054,0.09956256010475117
1416,1,0,1,0.07054802660395439,4.0,18.453708960845162,26.761124603047797,0.46979740786813146,0.3037517946398075,12,1.1837227382280295,1.1290028416837161,0.1893869010866764,0.0,0.0,0.0,0.09025202117806072,0.09913487990861565
1417,1,0,1,0.07055154595568257,4.0,18.480930515921383,26.785722546671956,0.4547947675581494,0.2872239522498428,12,1.1821903377977,1.1303708390973242,0.1891828961996807,0.0,0.0,0.0,0.09001584185989225,0.09916705433978845
1418,1,0,1,0.07100571786999947,4.0,18.402304108811435,26.706329607915418,0.44330934127579197,0.27312809428593426,12,0.973646980698349,1.1316663265648335,0.15348770547759608,0.0,0.0,0.0,0.06891255769414487,0.08457514778345122
1419,1,0,0,-0.16893330129950762,3.8310666987004924,18.3259349908485,26.607083230153158,0.4318060357885795,0.25955561788516657,12,0.9521003471929713,1.1277158429181713,0.15045469132788133,0.0,0.0,0.0,0.06901983292327468,0.08143485840460665
1420,1,0,1,0.07058585328809794,3.9016525519885903,18.35908059890101,26.634786133685274,0.4167273841312044,0.24304092671435254,12,1.1841739671096678,1.1233254555250414,0.18956005696913428,0.0,0.0,0.0,0.09047190994425067,0.09908814702488362
1421,1,0,1,0.0710360161090504,3.9726885680976407,18.281992104310042,26.556853561815338,0.4052405657584451,0.22900347774389004,12,0.9698256018537579,1.1248466683146572,0.15314560405933075,0.0,0.0,0.0,0.0689209102365555,0.08422469382277527
1422,1,0,1,0.0706123550455533,4.0,18.307412547479142,26.58456980073562,0.39042527596296056,0.2125153491599376,12,1.1741078237425149,1.1209711416531345,0.18782051027662205,0.0,0.0,0.0,0.08889173877290756,0.09892877150371451
1423,1,0,1,0.07106957557922297,4.0,18.235111910338105,26.49484109663126,0.3788578907835279,0.1987883411259639,12,0.9602702174599681,1.122299558705369,0.15176635928043802,0.0,0.0,0.0,0.06940431107659577,0.08236204820384226
1424,1,2,1,0.005631010379210536,4.0,18.26206896124711,26.519649053834694,0.36404087154239256,0.43240617990727975,12,1.1700138332866745,1.1182488251742342,0.1871950827589175,0.0,0.0,0.0,0.08890211544681212,0.09829296731210538
1425,1,0,1,0.07080264777700111,4.0,18.245370899564254,26.505309815924917,0.35084727766708895,0.41693505877397063,12,1.0885056507844126,1.119542950377045,0.17198829005167596,0.0,0.0,0.0,0.07916156325182194,0.09282672679985401
1426,1,0,1,0.07057552288457965,4.0,18.28231953488953,26.544058126208228,0.3356960813376501,0.40024156692555696,12,1.1944639634958198,1.1187670178872293,0.19106812906711496,0.0,0.0,0.0,0.0909071779766328,0.10016095109048218
1427,1,0,1,0.0708171881115344,4.0,18.2591981266592,26.534808963400014,0.32265300698520055,0.3846356699945634,12,1.088288870488899,1.120659441527444,0.17189382770065878,0.0,0.0,0.0,0.0782584461146969,0.09363538158596184
1428,1,0,1,0.07059309715215521,4.0,18.29514553214906,26.566403725386884,0.3074935937678808,0.36810147878511934,12,1.1873923447282102,1.1198501772514804,0.19016162656058272,0.0,0.0,0.0,0.09095647930391867,0.09920514725666404
1429,1,0,1,0.07058381500323362,4.0,18.329974234498508,26.601372695190307,0.2923602978309387,0.35146392072277394,12,1.1913364035912668,1.1215387314383987,0.19062512399572468,0.0,0.0,0.0,0.09079977562165255,0.09982534837407214
1430,1,0,0,-0.16917511501107185,3.830824884988928,18.30395368130639,26.582172404842204,0.2794072924109569,0.33604554948912185,12,1.0780628297019998,1.1232836732422202,0.1702282599218037,0.0,0.0,0.0,0.07771803251989125,0.09251022740191245
1431,1,0,1,0.07097832018354147,3.90180320517247,18.24540548635913,26.532018144728415,0.2673346032977684,0.3213586664215991,12,1.0134506970926638,1.122153152153715,0.16055743308426695,0.0,0.0,0.0,0.07243613467913038,0.08812129840513656
1432,1,0,1,0.07090609677494052,3.9727093019474102,18.207395499710756,26.50137486239964,0.25475476881806386,0.30624463915441164,12,1.0507823218000443,1.1194355907771887,0.16616317048135232,0.0,0.0,0.0,0.07547900687822758,0.09068416360312474
1433,1,0,1,0.07092323739390041,4.0,18.167014508707847,26.473238010384396,0.24226106473126915,0.29108518005961836,12,1.0492014160346104,1.11771925905276,0.1659189790895279,0.0,0.0,0.0,0.07496222452076835,0.09095675456875957
1434,1,0,1,0.07089862295479671,4.0,18.132339792873882,26.456873273204906,0.2296321109668931,0.27567411232462413,12,1.0649668599638489,1.1160063129773063,0.1682401289962216,0.0,0.0,0.0,0.07577372258625614,0.09246640640996548
1435,1,1,1,0.005647245916605175,4.0,18.16459831340708,26.493398542263392,0.444735471316658,0.25905540028319757,12,1.1835141162436549,1.1147303266519697,0.18921562163581443,0.11987648851415589,0.0,0.0,0.08950334938725468,0.09971227224855973
1436,1,0,1,0.07105261099922504,4.0,18.101833593820608,26.415342252058302,0.4330278520597231,0.24509786333186592,12,0.9756289116001959,1.1164499213917618,0.1539909372495992,0.0,0.0,0.0,0.07024571554160926,0.08374522170798993
1437,1,0,1,0.07060577148250581,4.0,18.142532655134538,26.45396240834989,0.41788411308823425,0.2284470632485963,12,1.1922486137524926,1.1129293961469728,0.19076723432855108,0.0,0.0,0.0,0.09086243382893318,0.09990480049961792
1438,1,0,1,0.07106391336573517,4.0,18.073244024191496,26.379907011876675,0.40635805602800085,0.21442562011585195,12,0.9715683491708552,1.1149123765871107,0.15328500115786675,0.0,0.0,0.0,0.06915634236140074,0.08412865879646601
1439,1,0,1,0.07106050875365263,4.0,18.008644783295804,26.31336200219218,0.3947235289896618,0.20025130736289273,12,0.9801845253215098,1.1113287759017045,0.15485303874778916,0.0,0.0,0.0,0.06980716223003397,0.0850458765177552
1440,1,0,1,0.07109980398499649,4.0,17.94354187689514,26.239957484762023,0.38316846690110645,0.18630256273582724,12,0.9695427458063806,1.1080501696371996,0.1530228402937251,0.0,0.0,0.0,0.06933037253133216,0.08369246776239295
1441,1,0,1,0.07112720980041702,4.0,17.875119068389253,26.167002054174326,0.37174428726592984,0.1723698708584794,12,0.9632092449478441,1.1045874840414291,0.15214122907514654,0.0,0.0,0.0,0.06854507781105941,0.08359615126408713
1442,1,0,1,0.07112701176515171,4.0,17.811931013210497,26.09766946886348,0.3602328411774829,0.15841437426125213,12,0.9685323875744893,1.1010530280640893,0.15280165611404545,0.0,0.0,0.0,0.06906867653068202,0.08373297958336341
1443,1,0,1,0.07068441027598918,4.0,17.855840507579828,26.14163455978632,0.3452018132089416,0.14181635830168968,12,1.1856145973440206,1.0977400120518495,0.1897742635686224,0.0,0.0,0.0,0.09018616781124754,0.09958809575737484
1444,1,0,0,-0.1688833498407728,3.831116650159227,17.795964826921626,26.080660937861694,0.333577511624977,0.12764937884490482,12,0.9790875741013251,1.0999368766841537,0.15474768624449675,0.0,0.0,0.0,0.0697458095037877,0.08500187674070907
1445,1,2,1,0.006181331377406108,3.8372979815366333,17.73474838974176,26.001119784452555,0.32209829071813956,0.36398139819361086,12,0.9561580535305831,1.096915644119583,0.15088320934878852,0.0,0.0,0.0,0.06887532544102462,0.08200788390776387
1446,1,0,1,0.07088598977145431,3.9081839713080875,17.733326673457274,26.012523713101572,0.3088868538723118,0.34821630258361713,12,1.1033789167193886,1.0933967043548578,0.1738591947349294,0.0,0.0,0.0,0.07926862107496693,0.09459057365996246
1447,1,0,1,0.07067158689746669,3.978855558205554,17.785937558471183,26.068902503234515,0.2936422272655878,0.33140777628193724,12,1.2026359348108229,1.093646259663971,0.19231891745042318,0.0,0.0,0.0,0.09146775964034382,0.10085115781007935
1448,1,0,1,0.0706571169422718,4.0,17.83764045451516,26.121048965293596,0.2783738233984596,0.31466627981261125,12,1.2002203596456988,1.0963710015426424,0.19205940201872496,0.0,0.0,0.0,0.09161042320276908,0.10044897881595588
1449,1,1,1,0.005941391640521223,4.0,17.81638242337068,26.113591724971286,0.4797386461112269,0.29926757922684305,12,1.0702519640284294,1.0989672354952191,0.1687909999232603,0.2154122673147446,0.0,5.551115123125783e-17,0.07639879640865142,0.09239220351460883
1450,1,0,0,-0.16936669870223148,3.8306333012977687,17.870342799979056,26.163836893805556,0.46442467661030395,0.2825310697188634,12,1.2024548991511932,1.0982493537085491,0.19230287405341578,0.0,0.0,0.0,0.0918838170055377,0.10041905704787808
1451,1,0,0,-0.16885366369416166,3.661779637603607,17.806710649040717,26.083921522078832,0.4529576181395782,0.26883798319432745,12,0.9573069696795539,1.1008544923446153,0.15096086997157063,0.0,0.0,0.0,0.06880235082435485,0.0821585191472158
1452,1,0,0,-0.16890317926308107,3.492876458340526,17.750891311711747,26.02422165968411,0.441250560900832,0.2546824423097066,12,0.9817466045542967,1.0972658042779888,0.1551755887402017,0.0,0.0,0.0,0.07024234343247672,0.084933245307725
1453,1,0,1,0.0706772459416338,3.5635537042821595,17.802218036091084,26.071739682039233,0.426042647827463,0.23805479111890526,12,1.193222571019356,1.0943778242848965,0.19101338558502265,0.0,0.0,0.0,0.09124747844021462,0.09976590714480801
1454,1,2,1,0.005700392881495847,3.5692540971636553,17.84742084809519,26.10787938474408,0.4109974194301742,0.4698191215685563,12,1.1781914576622128,1.096848942953258,0.1885647667615786,0.011120620924247593,0.0,5.551115123125783e-17,0.09027137038373238,0.0982933963778462
1455,1,0,1,0.07087460425758393,3.640128701421239,17.844360232034795,26.099756915895775,0.3977458462102506,0.4544475462365476,12,1.0876994209122839,1.0988825058209817,0.17173889131159364,0.0,0.0,0.0,0.0795094393195415,0.09222945199205211
1456,1,0,1,0.07087330137514247,3.7110020027963815,17.843198824481586,26.093422261108962,0.38440879441741577,0.43903439349705753,12,1.0911068663582446,1.0986029286982644,0.17250122719394953,0.0,0.0,0.0,0.08002231075700882,0.0924789164369407
1457,1,1,1,0.005894458849811612,3.716896461646193,17.834510720579033,26.08675461300829,0.4868654850617913,0.4236257856053265,12,1.083059775136535,1.0984155271397638,0.17125873697963853,0.8064527665044949,0.0,5.551115123125783e-17,0.07880708962925244,0.09245164735038605
1458,1,2,1,0.0059616283532206,3.7228580899994137,17.815096253672472,26.050897104544056,0.4740816385368634,0.48525267586730286,12,1.0427596579688876,1.0980316333396831,0.16518702394574936,1.041754713631959,0.0,0.0,0.07670307914956657,0.08848394479618277
1459,1,0,0,-0.16912083998078584,3.553737250018628,17.81135811448303,26.042912861594885,0.4608647529666172,0.46988399664679353,12,1.0849274518167997,1.0966498339554134,0.1715133887445339,0.0,0.0,0.0,0.07930131342147753,0.09221207532305635
1460,1,0,1,0.07083081371831906,3.624568063736947,17.818620948958827,26.051244533621034,0.4473518922291256,0.45415812213918444,12,1.1119512809038938,1.096356774401948,0.17543241147060357,0.0,0.0,0.0,0.0810771644249498,0.09435524704565373
1461,1,0,1,0.0708759532749911,3.695444017011938,17.818194707836646,26.04222177435515,0.43404457068859464,0.4388240754727943,12,1.0872976366764329,1.0967466370644965,0.17184820924152747,0.0,0.0,0.0,0.07984392924318594,0.0920042799983415
1462,1,2,1,0.005642193806718274,3.701086210818656,17.874726152670448,26.09175310893951,0.4185923949878198,0.48333627003122265,12,1.2025731914729576,1.096510412054795,0.19269543401731273,1.1329444528367656,0.0,5.551115123125783e-17,0.09271305420464851,0.09998237981266425
1463,1,0,1,0.07060633493141073,3.7716925457500667,17.93126279069974,26.150003151491948,0.4031108043130413,0.4664268942111713,12,1.2139486621219762,1.0991619815402491,0.1943457989689792,0.0,0.0,0.0,0.09288954404867171,0.10145625492030749
1464,1,0,1,0.07087565795774414,3.842568203707811,17.921104157171154,26.1437377323522,0.39000293197681996,0.45098342691645277,12,1.085607595886463,1.1020316485547923,0.1713080377856387,0.0,0.0,0.0,0.07864723401732765,0.09266080376831104
1465,1,0,0,-0.1691452834517553,3.6734229202560558,17.913376216535795,26.14744821121785,0.37684385241949897,0.43530821733403613,12,1.097603585468371,1.101621047238084,0.1730057348384271,0.0,0.0,0.0,0.07895447734392624,0.09405125749450088
1466,1,0,1,0.07084032048902601,3.7442632407450818,17.91144341903853,26.153873915264356,0.3635308291831288,0.41957355525097056,12,1.106013517243082,1.101520610693841,0.17428611191661383,0.0,0.0,0.0,0.07987813941822093,0.09440797249839292
1467,1,0,1,0.07084562945762994,3.8151088702027116,17.905899413468774,26.16256299563798,0.3503163157134496,0.40378685543197795,12,1.1047780081614396,1.101632933357572,0.17400727973203067,0.0,0.0,0.0,0.07928708081807521,0.09472019891395547
1468,1,0,0,-0.1693635784633887,3.6457452917393227,17.95730671979969,26.209350288741497,0.33493885337780704,0.3871186119495352,12,1.1999061596620963,1.1017115602276688,0.19227423490851148,0.0,0.0,0.0,0.09226477401385508,0.1000094608946564
1469,1,0,1,0.07064697226594706,3.7163922640052696,18.00392864885508,26.251937437076386,0.3196679567238619,0.370533565714709,12,1.1933755026038138,1.1041664252135295,0.19113565733262844,0.0,0.0,0.0,0.09162537992367106,0.09951027740895739
1470,1,0,0,-0.1690829111570506,3.547309352848219,17.980935301829508,26.235913488250603,0.3068359346900244,0.3552577721328,12,1.0673793562969376,1.1063966521482866,0.16864689369447936,0.0,0.0,0.0,0.07699213220302539,0.09165476149145398
1471,1,1,1,0.005653870603045289,3.5529632234512643,18.024202925855228,26.27923172804273,0.4848370066332157,0.33861187196785414,12,1.1920070835698426,1.105421219752003,0.19085336119038096,0.3410156081401463,0.0,1.1102230246251565e-16,0.0909779602007057,0.09987540098967526
1472,1,0,1,0.07112284245496457,3.6240860659062286,17.95618372212014,26.195896610837096,0.4733742465326423,0.32493343979395545,12,0.9562315454067332,1.107585866347449,0.15084715364683224,0.0,0.0,0.0,0.06877656060344012,0.08207059304339212
1473,1,0,1,0.07106574881920874,3.6951518147254374,17.899590414145848,26.137762624721255,0.46162874631583733,0.3106661347954641,12,0.9890747142337935,1.1038020083239308,0.15607683129177766,0.0,0.0,0.0,0.07047300130082977,0.08560382999094787
1474,1,0,1,0.07103973594645845,3.7661915506718957,17.853419268825498,26.091403910108912,0.4495321195994774,0.29614956296677847,12,1.0084039660389836,1.1009338259716777,0.15967919127027352,0.0,0.0,0.0,0.07257976029815989,0.08709943097211362
1475,1,0,0,-0.1693696481480391,3.596821902523857,17.906854499480666,26.143020958302486,0.43416590138579575,0.27938486941978447,12,1.2036728583221006,1.0986205794733603,0.1927854705640542,0.0,0.0,0.0,0.09219730928208983,0.10058816128196439
1476,1,0,1,0.07065140120220238,3.667473303726059,17.954277825632026,26.18795279686971,0.4189621208126015,0.26274186476480926,12,1.19360205116317,1.1012468864445788,0.19108071136901686,0.0,0.0,0.0,0.09122268343916581,0.09985802792985106
1477,1,0,1,0.07114592245468282,3.738619226180742,17.89156604962755,26.106892631949158,0.407397479154409,0.24906456048491643,12,0.9597838246375121,1.1035557655625436,0.15145167562851167,0.0,0.0,0.0,0.06938784994915469,0.08206382567935698
1478,1,0,1,0.07067251923415235,3.8092917454148942,17.93401892992234,26.14814142198591,0.39231319283644606,0.23253314987324894,12,1.1836631373709572,1.0999614670394178,0.18969418157778245,0.0,0.0,0.0,0.09050571790777766,0.0991884636700048
1479,1,1,1,0.005684913310164726,3.814976658725059,17.97069960782863,26.185032207836784,0.4850898627336826,0.21606953846386656,12,1.1756254725548752,1.1020540087977062,0.18824249205419888,0.8538791570186764,0.0,0.0,0.08946082359790442,0.09878166845629449
1480,1,2,1,0.005642321551098987,3.820618980276158,18.01064450863848,26.22756380551724,0.47001307315385904,0.4494803954955655,12,1.1863697938819366,1.1038932953916354,0.1899955952887478,0.0,0.0,0.0,0.09046073747894132,0.09953485780980648
1481,1,0,0,-0.1694034090641461,3.651215571212012,18.062941184140403,26.275449309674038,0.45456552065014105,0.43273507391843175,12,1.206137387512613,1.105955207853893,0.19315724448511037,0.0,0.0,0.0,0.09268531502230812,0.10047192946280228
1482,1,0,1,0.07058036398086744,3.7217959351928793,18.114452094515755,26.326912477805525,0.4391178075868205,0.4158764922514773,12,1.211433840852202,1.108459762345361,0.19383776838165012,0.0,0.0,0.0,0.09268627837992349,0.1011514900017266
1483,1,0,1,0.07090631612381816,3.7927022513166975,18.08933233678313,26.28831421363688,0.426271219566859,0.4010654477591659,12,1.0473160924067602,1.111034114308032,0.16594579507363758,0.0,0.0,0.0,0.07707952811976898,0.08886626695386858
1484,1,0,1,0.07094316180408321,3.8636454131207807,18.055093724455602,26.24832297908979,0.41368703628357134,0.3863002144807833,12,1.0352113168858863,1.1094411637605002,0.1640964993700213,0.0,0.0,0.0,0.07550509969972556,0.08859139967029576
1485,1,0,1,0.070616512901239,3.9342619260220197,18.100804021728514,26.290907531448635,0.39840819760090945,0.3696734993657455,12,1.1958802672203888,1.107585417588635,0.1914333227861978,0.0,0.0,0.0,0.09167303209597108,0.09976029069022671
1486,1,1,1,0.00597464332022795,3.9402365693422476,18.061978639188865,26.24102443478424,0.4875494319782951,0.3551333111136538,12,1.0210843096253854,1.1097927888294286,0.16194453764277972,0.8904491856054572,0.0,5.551115123125783e-17,0.07470340813022937,0.08724112951255031
1487,1,0,1,0.07060516837803868,4.0,18.107926675629116,26.283198193252097,0.4722796977220141,0.3384923480463517,12,1.1956968717574328,1.1075750768493275,0.19146418394149844,0.0,0.0,0.0,0.09161840553768578,0.09984577840381266
1488,1,2,1,0.005599859317415784,4.0,18.14899670829151,26.328267002116856,0.4571232072271723,0.4832667359133143,12,1.1959169632491897,1.1097781217220302,0.19133852748916444,0.5309540882781101,0.0,5.551115123125783e-17,0.09093894296905078,0.10039958452011369
1489,1,0,1,0.07056981403858215,4.0,18.197810398313482,26.372865347214574,0.44166301058711926,0.4665508525524071,12,1.205343627879895,1.1119315927602094,0.19305648000576206,0.0,0.0,0.0,0.09276117984031831,0.10029530016544377
1490,1,0,1,0.07056902689968361,4.0,18.24383414132721,26.41420057120083,0.4262677029279846,0.4498807185294045,12,1.2016258606381858,1.1142668936382014,0.19239265009282366,0.0,0.0,0.0,0.09237184595480831,0.10002080413801537
1491,1,0,1,0.07053706345980655,4.0,18.289366347285746,26.46554415053036,0.4108510742654277,0.4329308480902981,12,1.2133266531012694,1.116450867813201,0.19419899460997928,0.0,0.0,0.0,0.09249977197534062,0.10169922263463865
1492,1,0,0,-0.16915134914227928,3.8308486508577206,18.268302189520703,26.430691859546393,0.3977666492610439,0.41795310574773836,12,1.0629563136963918,1.118872762445403,0.16837300408166148,0.0,0.0,0.0,0.07850655002630318,0.08986645405535831
1493,1,0,1,0.0708182969219418,3.9016669477796624,18.25229216487536,26.41476852631103,0.384562804828136,0.4025640544701448,12,1.085541493345969,1.1174748512266774,0.1715573742630089,0.0,0.0,0.0,0.07922306659744752,0.09233430766556142
1494,1,0,1,0.07057630266648028,3.9722432504461427,18.291804431593057,26.45746712052832,0.36932273798574505,0.38583632168498544,12,1.1988873782146499,1.1166765172796598,0.1918067977653019,0.0,0.0,0.0,0.09144040105434575,0.10036639671095618
1495,1,0,1,0.07057671896704878,4.0,18.32739996776429,26.499743202674885,0.3541675658314644,0.3690921751716116,12,1.1966034071208353,1.1187317888030346,0.19139591200592693,0.0,0.0,0.0,0.09093103292568384,0.10046487908024304
1496,1,0,1,0.07086605450115978,4.0,18.2937780749023,26.4699366295619,0.34141780349424894,0.3539678236378616,12,1.057250113286003,1.1206785792609795,0.16724468322579275,0.0,0.0,0.0,0.07649857402329299,0.09074610920249976
1497,1,0,1,0.07057228329420119,4.0,18.32878358304022,26.513373997792897,0.32628948909310634,0.3371799548060828,12,1.1975357439805174,1.119092867611605,0.19149709939752815,0.0,0.0,0.0,0.09076988640685534,0.10072721299067285
1498,1,0,1,0.07059002581924276,4.0,18.358261739062915,26.551126458823603,0.3112938542915536,0.3205047091028621,12,1.1882845565742324,1.121053939520828,0.190025283028641,0.0,0.0,0.0,0.08997380880931694,0.10005147421932406
1499,1,0,1,0.07090184806634213,4.0,18.316066800760264,26.515865278170043,0.29870962129326323,0.30548366473746497,12,1.0452785859909477,1.1227347049471632,0.1656316641821248,0.0,0.0,0.0,0.07550539798974178,0.09012626619238301
1500,1,0,1,0.07091327654694764,4.0,18.27249857901645,26.481850695809072,0.2862164432970468,0.2904522873640989,12,1.043215497868476,1.1207983019732577,0.16514733221749503,0.0,0.0,0.0,0.07495906797729887,0.09018826424019616
1501,1,0,0,-0.16939926945427408,3.8306007305457257,18.305845506082424,26.522748734232348,0.27113069868743106,0.27372272490607746,12,1.1931036973598854,1.1188587318706382,0.19089184240582277,0.0,0.0,0.0,0.09051446765769432,0.10037737474812844
1502,1,2,1,0.006007189971638142,3.836607920517364,18.24339601202181,26.465066911884875,0.25922696405434276,0.48550920537916675,12,1.0005835395997913,1.1207148560078695,0.1583671755235292,0.14233634943646523,0.0,5.551115123125783e-17,0.07142240779852954,0.08694476772499962
1503,1,0,1,0.07065843302190689,3.9072663535392707,18.2686157535293,26.476663959058623,0.24438751101331432,0.4695383985290487,12,1.1545283617788973,1.1177115730976674,0.18486155934687862,0.0,0.0,0.0,0.08903671824617079,0.09582484110070782
1504,1,2,0,-0.2343560045746719,3.672910348964599,18.296019238932807,26.4902452368348,0.22946930193782988,0.48396714003643854,12,1.1596167559943842,1.1186319928146982,0.18570641423427559,1.3172303911742926,0.0,5.551115123125783e-17,0.08950925445290658,0.096197159781369
1505,1,0,0,-0.1693202308225713,3.5035901181420277,18.311397593766685,26.49353743607592,0.21491020888636866,0.46817757065032417,12,1.1383271659691834,1.1196566118941904,0.1820919746254532,0.0,0.0,0.0,0.08735455830876734,0.09473741631668586
1506,1,2,1,0.005791437138255133,3.509381555280283,18.292582841676932,26.501033660372727,0.20178976689593728,0.48404499921169153,12,1.1088048479531238,1.1201233757460651,0.17445265667243912,1.309065423901945,0.0,5.551115123125783e-17,0.07872265194258832,0.09573000472985081
1507,1,0,1,0.07067004282103681,3.5800515981013197,18.30824099499189,26.511294089924107,0.1872293942667892,0.4680717775074184,12,1.145758995417581,1.1198404125512416,0.1832015660005274,0.0,0.0,0.0,0.08736223577488864,0.09583933022563877
1508,1,0,1,0.0707595833131479,3.6508111814144675,18.29181111785583,26.528113434888763,0.17405101564051115,0.451893876716671,12,1.1208778449514907,1.1204883771229,0.17613767650215284,0.0,0.0,0.0,0.07907027175766843,0.09706740474448443
1509,1,0,0,-0.16930115359516584,3.4815100278193016,18.304575098083365,26.526049868236147,0.15958437646595555,0.43619676007896907,12,1.131198527393534,1.120498113818615,0.18098253487354465,0.0,0.0,0.0,0.08679983504733334,0.09418269982621132
1510,1,0,0,-0.16934450693328615,3.3121655208860155,18.32519710919065,26.54440330965752,0.14485390971926715,0.4200025903438918,12,1.1597410766866463,1.120765624157988,0.1855478188905945,0.0,0.0,0.0,0.08838280048013042,0.0971650184104641
1511,1,0,1,0.07064324905871869,3.382808769944734,18.34704658841567,26.56697008681831,0.130086839111299,0.40369210807507355,12,1.1661562668570138,1.1217400104712043,0.18646531726071816,0.0,0.0,0.0,0.08860242364780901,0.09786289361290915
1512,1,0,1,0.07069522426746494,3.453503994212199,18.357397853032452,26.571467438795338,0.11566431614896235,0.38779175046038633,12,1.1376990334746624,1.1228504168808495,0.1819372834621431,0.0,0.0,0.0,0.08653513777401987,0.09540214568812325
1513,1,0,1,0.0708094781483118,3.5243134723605105,18.334074435431532,26.5761883605151,0.10264085767672905,0.37185504468333197,12,1.1046191364145344,1.123221632295695,0.17376098549572594,0.0,0.0,0.0,0.07814075083339972,0.0956202346623262
1514,1,0,1,0.07081242125018929,3.5951258936107,18.314293121707962,26.57926924411866,0.08951649274838717,0.3559548114940087,12,1.106056139778655,1.122756569898666,0.17414758870599076,0.0,0.0,0.0,0.07874618957005122,0.09540139913593954
1515,1,0,1,0.07066843952395332,3.665794333134653,18.311821009283513,26.59380881208253,0.07546139431548073,0.33978854938735775,12,1.1344065146850901,1.1223390591456655,0.18132816323734446,0.0,0.0,0.0,0.08793769799795133,0.09699757263990573
1516,1,0,1,0.07083385936637746,3.7366281925010307,18.19683363358493,26.592127085456283,0.06501364048021462,0.3239822134827879,12,1.0059716432093195,1.1226407455341512,0.15752453843901593,0.0,0.0,0.0,0.07799433329962195,0.09483801542741929
1517,1,0,1,0.0708073432212766,3.8074355357223073,18.071983198208997,26.599544619552525,0.055314701138510725,0.30795817077072407,12,1.002291116696341,1.1197240179760304,0.15433789232260642,0.0,0.0,0.0,0.07924467241762373,0.09614425627238309
1518,1,0,1,0.07070504244476124,3.8781405781670686,17.814315780199188,26.607152859253212,0.04958536618354122,0.29194770021305133,12,0.8667290171349182,1.1167881954440382,0.13043883307585327,0.0,0.0,0.0,0.08879407467902628,0.09606282334603622
1519,1,0,0,-0.16917474872018703,3.7089658294468815,17.475681137359825,26.615259062606476,0.04630162919422032,0.2759008591190835,12,0.7800082765002085,1.1105367159863102,0.11598346849973248,0.0,0.0,0.0,0.0805205271028733,0.09628104656380707
1520,1,0,1,0.07076675948313922,3.779732588930021,17.062445834883153,26.61427991504309,0.04531593227933186,0.26006311620749983,12,0.6880590549590995,1.1022735049991577,0.10094063895883316,0.0,0.0,0.0,0.09024374411741849,0.0950264574695024
1521,1,0,1,0.07076652242962211,3.850499111359643,16.65891216601508,26.62149812778432,0.04435645407083152,0.2440357603789658,12,0.6956026876213104,1.0919181437481562,0.1019210042222059,0.0,0.0,0.0,0.09248620861310473,0.09616413497120385
1522,1,0,1,0.07093678463376041,3.9214358959934033,16.261888284513994,26.613704772619,0.04354608229377787,0.22835300347102364,12,0.6771930206785768,1.0820102573449848,0.0989587721099747,0.0,0.0,0.0,0.08178986268902275,0.09409654144765284
1523,1,2,1,0.005843036865028629,3.927278932858432,15.877976350520475,26.60943837649552,0.04260294591380572,0.46260162782538766,12,0.6837114963113298,1.0718898264283248,0.10016707215364884,0.0,0.0,0.0,0.09369889032539178,0.09450825387381592
1524,1,2,1,0.006051266467377326,3.9333301993258094,15.503069847316373,26.523279289151315,0.041684491515517806,0.4861711553597121,12,0.6011197776270938,1.0621853681753999,0.08848379423145482,1.275609766952326,0.0,5.551115123125783e-17,0.0863885917753007,0.08297306784172734
1525,1,0,1,0.0708940096829195,4.0,15.13653451138861,26.540749968958448,0.040807766088219996,0.46996158651573366,12,0.7015940722910624,1.0506587284116924,0.10251776562765746,0.0,0.0,0.0,0.08904931141699898,0.09725741306387062
1526,1,0,1,0.0709029937588158,4.0,14.780271533736636,26.558436697878676,0.039884833374355826,0.45372345294277866,12,0.7033558632769248,1.0419321120086766,0.10296639772091515,0.0,0.0,0.0,0.08990991537167992,0.09742880143773014
1527,1,0,1,0.07118720687667829,4.0,14.431451535348339,26.45380478901372,0.03902288379289257,0.4403484293906838,12,0.5800157985371349,1.0334677057903827,0.08542183880134832,0.0,0.0,0.0,0.08507909823563395,0.0802501413125688
1528,1,0,1,0.07098076419645123,4.0,14.090581793302126,26.46382749906463,0.038193027695496914,0.4243437750526719,12,0.6912843761137499,1.0221314081090518,0.10100706261244587,0.0,0.0,0.0,0.08931397987919823,0.0960279260280719
1529,1,0,1,0.07131069345735332,4.0,13.759210279089395,26.337786404023554,0.037322484753004315,0.41151155042053394,12,0.5564476230553583,1.013860232309169,0.08221660544778334,0.0,0.0,0.0,0.08240843254277079,0.07699334779282772
1530,1,0,1,0.07120074507605577,4.0,13.437182079636468,26.258360335884923,0.03640781568949152,0.39774501797943956,12,0.600970649486264,1.0024249170778239,0.08808720902764292,0.0,0.0,0.0,0.09059998060488464,0.08259919464656619
1531,1,0,1,0.071094454208514,4.0,13.119634933414844,26.263221541097074,0.035641882115771135,0.3819696948305344,12,0.6797026193785666,0.9923885603880348,0.09924754033575328,0.0,0.0,0.0,0.08875106280410268,0.09465193889343092
1532,1,0,1,0.07126828488242633,4.0,12.812424966076444,26.178667837928288,0.03477601103256408,0.368358405700719,12,0.5928077413556083,0.9845714118627981,0.08686296127813448,0.0,0.0,0.0,0.08977968660406346,0.08166773477889215
1533,1,0,0,-0.16882673095480483,3.831173269045195,12.510272847923034,26.176231916848025,0.03401940661595981,0.3528127700593863,12,0.6701892808664476,0.9747773201001183,0.09781344034762178,0.0,0.0,0.0,0.08735326780966017,0.09327381384799616
1534,1,0,1,0.0713421962466769,3.902515465291872,12.218362668427003,26.08835255640317,0.033150796545041196,0.339322692113818,12,0.5873730791783922,0.9671626191192764,0.08615212809892141,0.0,0.0,0.0,0.08793854739193338,0.08094046767340968
1535,1,0,1,0.07135209955888958,3.9738675648507615,11.934047244237291,26.010936574887083,0.03226981144000114,0.3256389392287972,12,0.5959364749149503,0.9576678806207544,0.08738842794036523,0.0,0.0,0.0,0.08874375520963122,0.08210251731012493
1536,1,0,1,0.07126186305958139,4.0,11.653744767465966,26.004901369141756,0.03151778209272591,0.31026032364513706,13,0.6622869129614548,0.9486245954781094,0.09678386958561232,0.0,0.0,0.0,0.08636257079122397,0.09227169350196092
1537,1,2,1,0.006277567576459267,4.0,11.379927751423745,25.996564226276007,0.03078750696170798,0.4846739241844311,13,0.6593119945072312,0.9414661534151929,0.09633810567952078,0.36156194187082236,0.0,5.551115123125783e-17,0.08657708754187526,0.09195645489341318
1538,1,0,1,0.07179780419985524,4.0,11.114505926261153,25.79378258186659,0.029992658269082966,0.4738505339696691,13,0.46620882987048234,0.9344122994424939,0.06970943344432237,0.0,0.0,0.0,0.068811069578005,0.06494034128857229
1539,1,0,1,0.07169580810167524,4.0,10.855989734479845,25.643397451327257,0.029186555920115348,0.4619577619421636,13,0.513805890382553,0.9227072127031937,0.0761932462588383,0.0,0.0,0.0,0.0730010782041911,0.0713566321650326
1540,1,0,1,0.07171039188383818,4.0,10.603369026758518,25.501381565986556,0.028404096101754202,0.44996210117370655,13,0.5178480865831481,0.9124846796451775,0.07666872352090941,0.0,0.0,0.0,0.07281021772197367,0.07197396461074251
1541,1,0,1,0.07136456771034873,4.0,10.355465141427914,25.51078192520866,0.027688248587655954,0.4345381044299919,13,0.6641152387101275,0.9026187648186268,0.09683906554687699,0.0,0.0,0.0,0.08454737368859905,0.09254398046228748
1542,1,1,1,0.006695640182429605,4.0,10.523438378840176,25.380719092977316,0.26487404318300983,0.422427400487946,13,0.9345665818468322,0.8966561766659144,0.14954945608015213,0.0,0.0,0.0,0.07688523242787679,0.07266422365227534
1543,1,0,1,0.07136347955819597,4.0,10.732246964741366,25.387321782278242,0.25087503179321924,0.4071494905994608,13,1.1130152119975563,0.8976039367954374,0.1756615276696552,0.0,0.0,0.0,0.08399406833874366,0.09166745933091153
1544,1,0,1,0.07137320927529078,4.0,10.965572215285652,25.36251371011239,0.23583237407976732,0.39263238833884523,13,1.1115063970539194,0.9029892186754902,0.17735855984440496,0.0,0.0,0.0,0.09025594628071146,0.08710261356369355
1545,1,1,1,0.006349626186391089,4.0,11.166789623765474,25.3691647416952,0.4465985879144165,0.3773576040691878,13,1.116070588197587,0.9082021481349509,0.17612799078524685,0.15092343182480272,0.0,0.0,0.08447928516730208,0.09164870561794476
1546,1,0,1,0.07125328074544628,4.0,11.411817294887417,25.37010686233001,0.4308879887954933,0.3622358673319273,13,1.1593686508932726,0.913398859136517,0.18499401513710115,0.0,0.0,0.0,0.09426359471353878,0.0907304204235624
1547,1,0,1,0.07139031970770128,4.0,11.59227749754816,25.34783413505196,0.41715199812504467,0.34763052121638155,13,1.0777355793131234,0.9195481039304358,0.17004802071596664,0.0,0.0,0.0,0.08241594402269184,0.08763207669327479
1548,1,0,1,0.07118762540625333,4.0,11.835571273968494,25.36326956318043,0.40117516751044,0.33215827367097683,13,1.1822319953638092,0.923502790815003,0.18869446896005612,0.0,0.0,0.0,0.09586098368762776,0.09283348527242836
1549,1,0,0,-0.16862330859492827,3.8313766914050715,12.002826887009974,25.341030501585436,0.3874951244090234,0.3175501727956597,13,1.0749875723752087,0.9299710209287231,0.1697288638604032,0.0,0.0,0.0,0.08208025860850007,0.08764860525190313
1550,1,0,1,0.0711721680638768,3.9025488594689484,12.235674934483459,25.36120726084706,0.37149936917497123,0.30197877389012373,13,1.1866212414499937,0.9335964347148853,0.1894029248375289,0.0,0.0,0.0,0.09597453140431335,0.09342839343321557
1551,1,0,1,0.07115088256418946,3.973699742033138,12.462311194401192,25.381809232365313,0.35547885282629227,0.28637848704858465,13,1.1871602863192487,0.939922054883263,0.18972481914130743,0.0,0.0,0.0,0.09612309809207299,0.0936017210492344
1552,1,0,1,0.07113476637689883,4.0,12.684692472610989,25.405835362216717,0.33941371857386565,0.2706854974178512,13,1.1925104187303643,0.9461030106691627,0.19054874329896068,0.0,0.0,0.0,0.09639080551455993,0.09415793778440074
1553,1,0,1,0.0711032624736314,4.0,12.903055384658343,25.43606034619869,0.3232758162733507,0.25483400836677444,13,1.2008510919000175,0.9522631958706926,0.19193634810955026,0.0,0.0,0.0,0.09682741380308969,0.09510893430646056
1554,1,0,1,0.07109754133597408,4.0,13.112975818255915,25.463316612535934,0.30721808568880893,0.23902860476746976,13,1.1956545932062466,0.958477893271426,0.19117880510307886,0.0,0.0,0.0,0.09634638350725067,0.09483242159582816
1555,1,0,1,0.07135934865190288,4.0,13.232263566390479,25.434084873223917,0.29401919043560576,0.22452435897739664,13,1.0544633195923452,0.9644073107697964,0.16621884625965797,0.0,0.0,0.0,0.07919337151921915,0.08702547474043883
1556,1,2,1,0.006087355784044374,4.0,13.430995810166976,25.46319867965274,0.27800392012923086,0.45868412369135303,13,1.1945047611956803,0.96665871099036,0.19113303355451106,0.0,0.0,0.0,0.0960916218382494,0.09504141171626167
1557,1,0,1,0.07109324331456598,4.0,13.59361926359663,25.499053220853824,0.263201204073484,0.44266627373572165,13,1.1708328568762272,0.9723548622454931,0.18492339606826902,0.0,0.0,0.0,0.08881629633448103,0.09610709973378798
1558,1,0,0,-0.16894669128421275,3.8310533087157874,13.783647773274216,25.516889246155422,0.24717109557157949,0.42707461147918274,13,1.1851813470904484,0.9773168121112614,0.18973062455066061,0.0,0.0,0.0,0.09618065101142702,0.09354997353923364
1559,1,0,1,0.07109735381147571,3.902150662527263,13.955058365215844,25.515386176760515,0.23151935849460156,0.4119386653732051,13,1.1524209480324568,0.982513425485741,0.18472609909773352,0.0,0.0,0.0,0.0939104224618676,0.09081567663586596
1560,1,0,1,0.07105372755498696,3.97320439008225,14.127067264242752,25.53125399692376,0.2157105011987472,0.3963908813633989,13,1.1746378327395657,0.986761113549409,0.18813984783396331,0.0,0.0,0.0,0.09485314377512603,0.09328670405883727
1561,1,0,1,0.07103191002235608,4.0,14.29461229924304,25.55174530728194,0.19986437841221058,0.38072454263860916,13,1.17949437688763,0.9914580315291629,0.18907476906795861,0.0,0.0,0.0,0.09507673671921987,0.0939980323487387
1562,1,2,1,0.006106778296879535,4.0,14.413072734276666,25.575279966935142,0.18573577196832033,0.4842059558347988,13,1.1381540348499513,0.9961589401631247,0.17953590365454875,0.7843472558316548,0.0,5.551115123125783e-17,0.08477163866334166,0.0947642649912071
1563,1,0,1,0.07102891559493144,4.0,14.572050939945125,25.585491766634448,0.16991860090104224,0.4687726683618954,13,1.168898822898061,0.9997088175302952,0.18750275124108895,0.0,0.0,0.0,0.09490302640366834,0.09259972483742061
1564,1,0,1,0.07100694811477777,4.0,14.699338345529652,25.632094388830794,0.15530740794414696,0.45242801875980604,13,1.1778285954453611,1.0039385676644894,0.1857350553539073,0.0,0.0,0.0,0.0876671577413717,0.09806789761253558
1565,1,0,1,0.07104023665409805,4.0,14.811376244341947,25.667029349528946,0.14104654109239007,0.4363346623146698,13,1.1552586778694551,1.008285818359011,0.18212533978135922,0.0,0.0,0.0,0.08556520111054144,0.09656013867081775
1566,1,0,1,0.07100082011364672,4.0,14.928187508859594,25.711684588068643,0.126543722754531,0.4199833840534391,13,1.173426642904119,1.0119601398467724,0.18512457959453874,0.0,0.0,0.0,0.08701691002715452,0.09810766956738422
1567,1,0,0,-0.1689748885170808,3.8310251114829192,15.034629986036826,25.746332170638425,0.11225417354959955,0.40384847538011504,13,1.157086862170218,1.015996802423206,0.18254674726953307,0.0,0.0,0.0,0.08573729522958866,0.0968094520399444
1568,1,0,1,0.07105937481716439,3.9020844863000836,15.113120725449223,25.773261947669354,0.09867756599368199,0.387886666303265,13,1.1249445703602121,1.0195240539168813,0.1772304997966052,0.0,0.0,0.0,0.08438100235623668,0.09577085446109995
1569,1,0,1,0.0710057017495594,3.973090188049643,15.122377279113941,25.774201155455806,0.08654251119224576,0.3725252533474664,13,1.0323553282791305,1.0221595668279644,0.1649788065434094,0.0,0.0,0.0,0.09282754083402651,0.09216847773479207
1570,1,0,1,0.07100982441136701,4.0,15.067945221314485,25.809467061997047,0.0763180060652257,0.35632663939984033,13,1.003248309606029,1.0224144608642436,0.15853871444787695,0.0,0.0,0.0,0.08602988946175424,0.09719168368575654
1571,1,0,0,-0.1689069428626425,3.8310930571373576,14.9220500062423,25.821499246764954,0.06844113632482686,0.3406771905539388,13,0.8880722767785131,1.0219353070827883,0.1411579115178017,0.0,0.0,0.0,0.0834222898191667,0.0938966930754086
1572,1,0,1,0.07105526505286051,3.902148322190218,14.707734054558685,25.84460023884088,0.06257158171016212,0.32474840151595524,13,0.8273737717174896,1.0185887313251816,0.1307900619158899,0.0,0.0,0.0,0.08524548719633147,0.09557273422790152
1573,1,0,1,0.07100727756660433,3.973155599756822,14.43524649016941,25.851889385098517,0.05805585392569807,0.3091862541047212,13,0.748609939203349,1.0138083573349892,0.1204672511741885,0.0,0.0,0.0,0.09462179713683849,0.0933728844674042
1574,1,0,0,-0.16890335958538902,3.8042522401714334,14.116773287720303,25.828252532621704,0.05599118202149308,0.2943524366986477,13,0.6650683419557798,1.0071783968816983,0.10139093586167122,0.0,0.0,0.0,0.09234167946331084,0.08900290443644122
1575,1,0,1,0.0711805524172197,3.875432792588653,13.784310087485977,25.783447432793,0.05513884318988128,0.28005024816966423,13,0.6213573454455222,0.9986256455085503,0.09092716416357151,0.0,0.0,0.0,0.09037744441341478,0.08581313117390073
1576,1,1,1,0.006157859224100105,3.881590651812753,13.917721425811564,25.79528447044242,0.2774513419475437,0.26439385897003825,13,1.134442313981983,0.9891939380069745,0.1792302835124941,0.08083305913928762,0.0,0.0,0.08529194831473817,0.09393833519775592
1577,1,2,1,0.006210614718155335,3.8878012665309085,14.031774554504505,25.77660591672094,0.2637331722866042,0.4850649713613298,13,1.0881997223778068,0.9928251474063496,0.17191918979765722,0.08636315382022952,0.0,5.551115123125783e-17,0.08230901796563662,0.08961017183202057
1578,1,2,0,-0.23393503297941898,3.6538662335514895,14.173293256217223,25.7946588086437,0.2491278486705355,0.4842249793381255,13,1.1547811054161161,0.9952095117806361,0.18228206566765914,1.4103898281679792,0.0,0.0,0.08763194169641231,0.09465012397124682
1579,1,0,1,0.07103085716510128,3.724897090716591,14.316041689050866,25.821446968954564,0.23435657945120106,0.46821988389828745,13,1.1687353947660282,0.9991988016215232,0.1846581879550348,0.0,0.0,0.0,0.08862761531600648,0.09603057263902832
1580,1,0,1,0.07102924651512985,3.795926337231721,14.45040715443199,25.844658384565808,0.2197214561013728,0.4522859795674748,13,1.1610140974425052,1.0034372164501357,0.18341416608384542,0.0,0.0,0.0,0.0878107400989698,0.09560342598487563
1581,1,1,1,0.006036617872754357,3.801962955104475,14.60189002804009,25.829606728001927,0.4164665679004,0.4372952691289013,13,1.1438078555191624,1.007376638474945,0.18374399341088954,0.22572959842638807,0.0,5.551115123125783e-17,0.0937997307794486,0.08994426263144094
1582,1,1,1,0.005891417767993211,3.8078543728724683,14.779317783706269,25.856526225736125,0.4834890886685504,0.4212822064539426,13,1.2151346723014325,1.0107874189010504,0.19514384403844987,0.9987994074023999,0.0,5.551115123125783e-17,0.0990654679886972,0.0960783760497527
1583,1,0,1,0.07112489316547484,3.878979266037943,14.879437832549987,25.82842832854269,0.46959498430994834,0.4065163255346578,13,1.0879182518863368,1.01589610023606,0.17195991166732158,0.0,0.0,0.0,0.08336462615161239,0.08859528551570921
1584,1,0,1,0.0708567748820083,3.9498360409199513,15.052006123596819,25.861910388989806,0.4530208480414317,0.3903403090585913,13,1.2237470055212654,1.017696654027317,0.19650091646749807,0.0,0.0,0.0,0.09944481761109994,0.09705609885639813
1585,1,0,1,0.0708410499638886,4.0,15.215626930945678,25.895591536318314,0.43655727226065194,0.3741396849975322,13,1.2201498674920352,1.0228479128146657,0.19598519905103376,0.0,0.0,0.0,0.09878145468467864,0.09720374436635512
1586,1,0,1,0.07111524971130809,4.0,15.296174397069805,25.864848897440854,0.42292749349058517,0.3593820143534776,13,1.077585288928267,1.0277804616816,0.17032469648472748,0.0,0.0,0.0,0.08177867262040009,0.08854602386432739
1587,1,0,0,-0.16918334904466584,3.830816650955334,15.452596788143053,25.905752970783404,0.4065246985146426,0.3430010940132096,13,1.2263520467785625,1.0290255823627665,0.19670229189726393,0.0,0.0,0.0,0.09841676985565591,0.098285522041608
1588,1,0,1,0.07108055806008647,3.9018972090154205,15.527172939085899,25.884850386699803,0.39287620515007965,0.3280153498753627,13,1.0876323108324053,1.0339587439731615,0.171805425014459,0.0,0.0,0.0,0.08189096018737757,0.08991446482708143
1589,1,0,1,0.07116853277973166,3.973065741795152,15.5831920641352,25.8427703668861,0.3796779662922749,0.3135518995318954,13,1.0492396883802435,1.0353005831446425,0.1659701352076328,0.0,0.0,0.0,0.07918943314682869,0.08678070206080411
1590,1,0,1,0.0712086838735981,4.0,15.624133281505726,25.790828176285814,0.36682910391741275,0.2993197854123815,13,1.0246480875457709,1.0356490607755324,0.16248585896625578,0.0,0.0,0.0,0.0770931742491728,0.08539268471708296
1591,1,0,0,-0.16917295329391857,3.8308270467060814,15.76120806582585,25.834886820189162,0.3507375115879856,0.2829106302050302,13,1.2165074646682597,1.0353740364447885,0.19500448522067038,0.0,0.0,0.0,0.0965495539765626,0.09845493124410774
1592,1,0,1,0.07115251062422148,3.901979557330303,15.807561346826613,25.803556493741606,0.3376636186762361,0.2682200057997601,13,1.0549253267035836,1.0399023721503753,0.16658710390211803,0.0,0.0,0.0,0.07844335747049716,0.08814374643162087
1593,1,0,1,0.07115413438589675,3.9731336917161997,15.848913455640592,25.771158356070636,0.32465316399374106,0.2535549587042247,13,1.049231917157213,1.0402779460142055,0.1660530106681831,0.0,0.0,0.0,0.07806272809497056,0.08799028257321258
1594,1,0,1,0.07081291457357,4.0,15.976949491003591,25.81808391373404,0.308657628581475,0.23708346624108967,13,1.215463388319185,1.0405017952927806,0.1948021672524061,0.0,0.0,0.0,0.0959732124735961,0.09882895477880999
1595,1,0,1,0.07082419246748978,4.0,16.095267400202523,25.863514793562082,0.2928574553811906,0.22061667506158078,13,1.208624624145415,1.0448758351184408,0.19360178627875954,0.0,0.0,0.0,0.09480103920170628,0.09880074707705327
1596,1,1,1,0.005808346301777215,4.0,16.211737905421057,25.91094126207813,0.481689772586723,0.20408180732528428,13,1.2128665285786981,1.0489695548441151,0.19426681875731608,0.2719484844272687,0.0,5.551115123125783e-17,0.0950576123395371,0.09920920641777897
1597,1,0,1,0.07076190767516731,4.0,16.331699657085988,25.95338010589355,0.4656608437704703,0.187614744605876,13,1.215467574667829,1.0530669791874798,0.194975949213966,0.0,0.0,0.0,0.09617357289751619,0.09880237631644978
1598,1,0,1,0.07122071749355119,4.0,16.3234760797599,25.886199642592313,0.45370551207448523,0.17368617881022821,13,0.9817229534471663,1.0571269940744883,0.155303384949797,0.0,0.0,0.0,0.07173199017591045,0.08357139477388655
1599,1,0,1,0.07127303984097506,4.0,16.309115602282187,25.80660346237285,0.4419436983038037,0.16012931980257997,13,0.9612852353616249,1.0552418930588057,0.15191203666997832,0.0,0.0,0.0,0.07057088262408884,0.08134115404588947
1600,1,0,0,-0.16872651550088824,3.831273484499112,16.295367921088555,25.73284195289799,0.43016526681306916,0.14646958006869293,13,0.9653837859478861,1.052892976616376,0.1526290273477298,0.0,0.0,0.0,0.07067058894440745,0.08195843840332237
1601,1,2,1,0.00579449969058316,3.837067984189695,16.400617977645833,25.778637358769185,0.4144576267662811,0.38006736712671335,13,1.2017507092781394,1.0507052468496636,0.19265911793260615,0.0,0.0,0.0,0.0942458402807286,0.09841327765187755
1602,1,0,1,0.07075556825397572,3.9078235524436704,16.513715393108047,25.83280864286357,0.3984806112789141,0.3634347065076115,13,1.2217500829669674,1.0544813834103757,0.1956580566388131,0.0,0.0,0.0,0.09586209292420216,0.09979596371461097
1603,1,0,0,-0.1692612130670307,3.7385623393766396,16.62204698502725,25.886893881161086,0.3825539045230462,0.34677098250583877,13,1.2210799311160132,1.0586631008992904,0.19554258454584295,0.0,0.0,0.0,0.09556024053520701,0.09998234401063594
1604,1,0,1,0.07105344165048626,3.809615781027126,16.645381511066915,25.86118958314095,0.36947132177261865,0.33191534625972224,13,1.0603537496742328,1.0627235216547084,0.16762931397926503,0.0,0.0,0.0,0.07849549650256554,0.08913381747669948
1605,1,0,1,0.0707366731262588,3.880352454153385,16.743761566700975,25.916921453300425,0.3537225051964233,0.31519103107061736,13,1.2167762031487328,1.0626642773551966,0.19483879059180165,0.0,0.0,0.0,0.09449289945717212,0.1003458911346295
1606,1,0,1,0.07105223821303788,3.951404692366423,16.75727202248717,25.896625117700736,0.34081502024180454,0.3001993829613349,13,1.0597311956865485,1.0665170755000348,0.16739479838340712,0.0,0.0,0.0,0.07744490972771238,0.08994988865569474
1607,1,0,1,0.07073523656178822,4.0,16.853567556098028,25.950439494671485,0.3250462044135699,0.2835091764738041,13,1.2164573390862972,1.0663474285046979,0.19475413389459273,0.0,0.0,0.0,0.09461289496940771,0.10014123892518503
1608,1,1,1,0.005723743925409559,4.0,16.944887305176447,26.0029217195692,0.48429695356138797,0.26680915100061103,13,1.2139021502453737,1.0701001762692377,0.1944184314708298,0.45027722648141966,0.0,5.551115123125783e-17,0.09421827863167168,0.10020015283915815
1609,1,0,1,0.07114081830315719,4.0,16.92353543798435,25.946202833169426,0.47223591987310143,0.2526130301519646,13,0.9956244720267715,1.073695225618641,0.15754292722159796,0.0,0.0,0.0,0.07236620212971939,0.08517672509187856
1610,1,0,1,0.07117115930080954,4.0,16.898587681521093,25.885345922934185,0.46029361557339077,0.23855462806211336,13,0.9859387900803473,1.0717434567788444,0.1560042383373717,0.0,0.0,0.0,0.07165382579826415,0.08435041253910755
1611,1,1,1,0.006173515914765559,4.0,16.870001083264402,25.828278333441688,0.48818598435429084,0.22445896860472778,13,0.9839441523621915,1.069598340111382,0.1554580506185682,1.2617616934403448,0.0,5.551115123125783e-17,0.07088409387425477,0.08457395674431342
1612,1,0,0,-0.1688219331350718,3.8311780668649282,16.84467414842375,25.771844911532746,0.47630739600628264,0.21035784352547604,13,0.9856966286680572,1.0674569854176523,0.15587828056356,0.0,0.0,0.0,0.07127153008804944,0.08460675047551057
1613,1,1,1,0.005759114249963096,3.8369371811148913,16.9269809459402,25.8197900826992,0.4845779888962623,0.19386838952874608,13,1.1956649451818193,1.0654129764989124,0.1914687906028054,1.3578443760376957,0.0,5.551115123125783e-17,0.09253206662242579,0.0989367239803796
1614,1,0,0,-0.16876288934667563,3.668174291768216,16.89340281498971,25.74540862212802,0.4729596344535256,0.18025466228296882,13,0.9607096841943134,1.068669275715985,0.15139249013108347,0.0,0.0,0.0,0.06971012665642004,0.08168236347466344
1615,1,2,1,0.00634375323278011,3.6745180450009958,16.836986583434236,25.64812285885596,0.4619554732866012,0.41723691643536526,13,0.9122682911004083,1.0659702859279432,0.14413144208716794,0.0,0.0,0.0,0.0660249670015464,0.07810647508562155
1616,1,0,1,0.07071235806451112,3.745230403065507,16.933648499172463,25.714154258948184,0.446099660805838,0.40041400895658236,13,1.224821051887707,1.062127736057255,0.19607231975727754,0.0,0.0,0.0,0.09513487488458003,0.10093744487269754
1617,1,0,1,0.0707001383734674,3.8159305414389744,17.023016054228414,25.780479064459442,0.4304066137143166,0.383524961570177,13,1.2218874295202244,1.0661950689530162,0.19549256686756053,0.0,0.0,0.0,0.09415828254912825,0.10133428431843228
1618,1,0,1,0.070687372837759,3.886617914276733,17.113963216113316,25.843077389758815,0.4145629610092017,0.3667000779997129,13,1.223632865151473,1.0700873779671962,0.1960112176534737,0.0,0.0,0.0,0.09506191623068905,0.10094930142278466
1619,1,0,1,0.07068811429988953,3.957306028576623,17.197781785993044,25.904857711814557,0.3988820770249137,0.3498483876149194,13,1.2195249070822736,1.0739260151468033,0.1951954462144893,0.0,0.0,0.0,0.09408530390572811,0.10111014230876117
1620,1,0,1,0.07068793712962587,4.0,17.273537113098342,25.961297246427527,0.3833803560548195,0.33308990935356486,13,1.2097608491634575,1.0775659874451902,0.19356119538869188,0.0,0.0,0.0,0.09301032582056502,0.10055086956812687
1621,1,0,1,0.07095641541571285,4.0,17.280120309903655,25.95137155057442,0.3702526511135152,0.3178106774708178,13,1.0775283599403558,1.0808708589881468,0.17044162094430834,0.0,0.0,0.0,0.07876622964782592,0.09167539129648246
1622,1,1,1,0.005685446363694969,4.0,17.352180012672147,26.008915155339643,0.48453745442216384,0.3009947121535464,13,1.210390604045664,1.080787296511952,0.19367106537064552,0.7215159066810912,0.0,5.551115123125783e-17,0.09277527346701676,0.10089579190362877
1623,1,0,1,0.07113223784967047,4.0,17.312301142422747,25.950990424768857,0.47272502708610253,0.286848813827671,13,0.9862237783801093,1.0840273792002948,0.15574995397161956,0.0,0.0,0.0,0.07087456401636778,0.08487538995525178
1624,1,0,1,0.07066778681519265,4.0,17.385272190390932,26.009147846109613,0.4572542507483339,0.2700034040216053,13,1.2127107584887344,1.0815822891797902,0.19389711686300654,0.0,0.0,0.0,0.09282465802661186,0.10107245883639468
1625,1,0,1,0.07112798145113874,4.0,17.345022190523842,25.952952430293248,0.4454064417925463,0.2558001292756117,13,0.9884150852290551,1.0848605009125138,0.15630650221068673,0.0,0.0,0.0,0.07108685373472531,0.08521964847596143
1626,1,2,1,0.005698714131836656,4.0,17.412933569729912,25.998853122938385,0.43002369934459844,0.479848739044279,13,1.1962614373716374,1.0824493655204273,0.19163956099621612,0.056365235079467335,0.0,5.551115123125783e-17,0.09229645468768745,0.09934310630852866
1627,1,0,1,0.07063967405688566,4.0,17.489216528423523,26.054157513440554,0.414329756518175,0.4630764687976929,13,1.2168820165124878,1.0852946673167074,0.19479727843805794,0.0,0.0,0.0,0.0941636569585409,0.10063362147951706
1628,1,0,0,-0.1693622951035322,3.8306377048964677,17.561285561754055,26.107525637086454,0.39868619957538654,0.44631270491076763,13,1.2140215080230288,1.088584351046602,0.1944439249782816,0.0,0.0,0.0,0.09386134165673045,0.10058258332155118
1629,1,2,1,0.005877901666947108,3.836515606563415,17.571359353707273,26.099853611018283,0.3852043514017926,0.484611543728342,13,1.0941220458560625,1.0917202799710126,0.173221826671512,1.177876229464606,0.0,5.551115123125783e-17,0.08089108904156368,0.09233073762994837
1630,1,1,1,0.00565102915363926,3.8421666357170543,17.639179259744644,26.145892703488194,0.4844372631216926,0.46800298163035636,13,1.2056393226254194,1.0917803241181387,0.1930277938577578,0.8112261084107557,0.0,5.551115123125783e-17,0.09337642126984441,0.09965137258791339
1631,1,0,1,0.07088612094223312,3.9130527566592876,17.64485754961937,26.128555478059308,0.471101534981428,0.45280842684197453,13,1.0829678635266613,1.094626799080821,0.17118169757187865,0.0,0.0,0.0,0.08001436884158784,0.09116732873029083
1632,1,2,1,0.005984832759721949,3.9190375894190095,17.623222354037807,26.091030293908375,0.45852537569348834,0.48527291084996854,13,1.0351749459594737,1.0943353256919668,0.16381949062782658,1.2168505610518472,0.0,5.551115123125783e-17,0.07545695572763779,0.08836253490018878
1633,1,0,1,0.07089262261168333,3.9899302120306928,17.625298217355997,26.076975028284245,0.44529574881808925,0.47002746632399495,13,1.08087691389271,1.0928563161986546,0.17085042840823633,0.0,0.0,0.0,0.07937776125239461,0.09147266715584171
1634,1,0,1,0.07064050127054872,4.0,17.68961591828471,26.12574028855952,0.429785022774009,0.453374635639716,13,1.205639792344995,1.0925568311410059,0.1929813403701548,0.0,0.0,0.0,0.09306435626448159,0.0999169841056732
1635,1,0,1,0.07089598019171743,4.0,17.68649052433601,26.112716006828265,0.41665085946527974,0.4380925907843071,13,1.0792342294911492,1.0953839051711058,0.17049724898482854,0.0,0.0,0.0,0.07880497985237511,0.0916922691324534
1636,1,0,1,0.0706243125355204,4.0,17.748612824297027,26.165160640544535,0.4011525545810499,0.42131662631440103,13,1.209547096956397,1.094980163279107,0.19364561612481604,0.0,0.0,0.0,0.09298982930537934,0.10065578681943668
1637,1,1,1,0.005911295512816716,4.0,17.738681138592028,26.14633646032295,0.4870098213129224,0.4061375555355801,13,1.0690884706944512,1.097844336621039,0.16901549679539077,0.9069153274862991,0.0,0.0,0.0779410721224655,0.09107442467292529
1638,1,0,1,0.07060303100325303,4.0,17.80052826872516,26.20001701552613,0.47150689359927184,0.38928220304369704,13,1.2126531253091888,1.0971254399728745,0.19414968123320234,0.0,0.0,0.0,0.09301756628190358,0.10113211495129876
1639,1,0,1,0.07091856601859631,4.0,17.79095176871679,26.166296503452728,0.4584581835430493,0.3744209483215513,13,1.056716620024512,1.1000136321062823,0.16745978867020864,0.0,0.0,0.0,0.07829226033733487,0.08916752833287375
1640,1,0,1,0.07059904485829269,4.0,17.85092733128245,26.221193109393845,0.44296195854867976,0.3575393855790594,13,1.213803375311012,1.098931206804238,0.19426672642116932,0.0,0.0,0.0,0.09297734996621758,0.10128937645495174
1641,1,0,1,0.07093365376284234,4.0,17.832577697728645,26.189912711774703,0.43011983986635816,0.3426449156748787,13,1.052172979843961,1.1018030110169075,0.16641953151901323,0.0,0.0,0.0,0.07705271209392894,0.08936681942508425
1642,1,0,0,-0.16894801696114245,3.8310519830388574,17.785059745570145,26.137226504487536,0.4181446959299715,0.328235297120571,13,1.0003581007919207,1.1005622602375837,0.1583085749441669,0.0,0.0,0.0,0.0718508636183206,0.0864577113258463
1643,1,0,1,0.07063450396542113,3.9016864870042784,17.83964010338959,26.186529827723746,0.40282143899884737,0.31150473057955846,13,1.2019408373070908,1.0980571562514423,0.1923229408328194,0.0,0.0,0.0,0.09193954158674454,0.10038339924607485
1644,1,2,1,0.005630658057536389,3.907317145061815,17.89096462834206,26.235663509295264,0.3875606078819433,0.48323898669945287,13,1.2011124548018262,1.1006542482778334,0.19213106650470746,0.3690283834773507,0.0,5.551115123125783e-17,0.09156498670142513,0.10056607980328233
1645,1,0,1,0.07062758561030201,3.977944730672117,17.94122135470836,26.2748188281435,0.37224793317947097,0.4667283420916315,13,1.192577748655466,1.1031657034409332,0.19093991586176176,0.0,0.0,0.0,0.09187604821483332,0.09906386764692846
1646,1,0,1,0.07082158093517057,4.0,17.93812307273312,26.27706985434057,0.35893533317973847,0.4510314094862909,13,1.1045537487931272,1.1054010045712965,0.1740571956304389,0.0,0.0,0.0,0.0798755999983953,0.09418159563204356
1647,1,0,1,0.07082005801091826,4.0,17.938532704218577,26.2772901684017,0.345520192461946,0.4353682660480251,13,1.1060097687234272,1.1053798231768424,0.1744697049363497,0.0,0.0,0.0,0.08049084430675467,0.09397886062959501
1648,1,0,1,0.07085107617921978,4.0,17.933062607605155,26.26823478801144,0.33225923656493866,0.4199070259662702,13,1.09087009481183,1.105395571815507,0.17233317587257357,0.0,0.0,0.0,0.07956573538204402,0.09276744049052954
1649,1,0,1,0.07063042932971345,4.0,17.980659541215438,26.308726701004275,0.3170066355740098,0.40332869349628947,13,1.19312128149353,1.105032434890415,0.1909856007654571,0.0,0.0,0.0,0.09151560594557323,0.09946999481988383
1650,1,0,1,0.07083633090484781,4.0,17.971835955087137,26.30692820348983,0.3038465905661459,0.38770184203082136,13,1.0966125724127478,1.1072346560554926,0.1727213788399926,0.0,0.0,0.0,0.07896027004718341,0.09376110879280919
1651,1,0,1,0.07063334306124638,4.0,18.015043118160328,26.346802142269716,0.2886817710914355,0.371103985582889,13,1.1900502058175007,1.106969103964424,0.190576055535857,0.0,0.0,0.0,0.09098891684826274,0.09958713868759426
1652,1,0,1,0.07061550222419745,4.0,18.05989210149417,26.3903762017657,0.27344327349333547,0.3544004333523418,13,1.197469174340581,1.1090461315107512,0.1916522989718831,0.0,0.0,0.0,0.09143098558859986,0.10022131338328326
1653,1,0,1,0.07089216378402495,4.0,18.035472195159336,26.376517028900462,0.26061408058322827,0.3389980080910522,13,1.0729776283814219,1.111256707581497,0.1693897090283806,0.0,0.0,0.0,0.07697515746064329,0.09241455156773731
1654,1,1,1,0.005847925296252646,4.0,18.020956804226866,26.373842609976393,0.4741488600539117,0.32333466141980216,13,1.0931099207449566,1.1102997306014952,0.17229038320420104,0.14048101999919815,0.0,0.0,0.07831030317670092,0.09398008002750013
1655,1,0,1,0.07103867840481647,4.0,17.966543594751652,26.30992723720085,0.4622297722520818,0.30908401096213245,13,0.991541403104325,1.1098699853550817,0.15701842955699843,0.0,0.0,0.0,0.07151452681098011,0.08550390274601832
1656,1,0,0,-0.1689681630661601,3.83103183693384,17.91737356809083,26.24792744566818,0.4501861406689102,0.2948339435725051,13,0.9957419526053154,1.1069117707988128,0.15776219383679327,0.0,0.0,0.0,0.07226178949902895,0.08550040433776428
1657,1,0,1,0.07111511803382195,3.902146954967662,17.858612914218252,26.168118148302185,0.43851500797351567,0.28107847422139765,13,0.9655625741054027,1.1041325253439753,0.15255961227901182,0.0,0.0,0.0,0.07002679617236737,0.08253281610664445
1658,1,0,1,0.07063261896004665,3.9727795739277085,17.90698478789391,26.21668271592498,0.4233118310738259,0.26434131659344023,13,1.1976047178614662,1.100668276563011,0.19164200716588298,0.0,0.0,0.0,0.09121906139813869,0.10042294576774427
1659,1,0,1,0.07110909394623074,4.0,17.843045574960787,26.149250495240988,0.4117812541272503,0.25030485701434707,13,0.9717202539783563,1.1030916875954722,0.1534022191540118,0.0,0.0,0.0,0.06918346167945302,0.08421875747455876
1660,1,0,1,0.07064828298780043,4.0,17.89097783164384,26.196742226633262,0.3966135972202069,0.2336035423538547,13,1.1952313898303721,1.0998074017550445,0.19121382940521528,0.0,0.0,0.0,0.09100594144226072,0.10020788796295459
1661,1,0,1,0.07110274689607719,4.0,17.82614901030621,26.13445181072138,0.3851230091175339,0.21945854777750795,13,0.9750737642074155,1.1021930014569277,0.15381349607411865,0.0,0.0,0.0,0.06894352861603821,0.08486996745808045
1662,1,0,0,-0.1693259343587093,3.8306740656412908,17.870889078902813,26.178834295952996,0.3700600259464444,0.20284255810558985,13,1.188137574353908,1.0990150205256897,0.19007383705804537,0.0,0.0,0.0,0.09037789902653691,0.09969593803150845
1663,1,0,0,-0.16933995385663714,3.6613341117846536,17.913076740934212,26.22583342877076,0.3550388915199633,0.1861295853844065,13,1.190429879220558,1.1012430843713954,0.19040464288598685,0.0,0.0,0.0,0.09012680655888658,0.10027783632710029
1664,1,0,1,0.07065450482813865,4.0,17.955143442530968,26.26820081422496,0.3399841981828617,0.16950564842983915,14,1.1879068412935796,1.1034727542426244,0.19007178175001338,0.0,0.0,0.0,0.0903281600226094,0.09974362172740399
1665,1,0,0,-0.16889297054816957,3.8311070294518306,17.887607034543507,26.19932760327266,0.3285036106472016,0.1554567445272176,14,0.9691739874791412,1.1055836064188982,0.1531769486296898,0.0,0.0,0.0,0.06888352521396046,0.08429342341572933
1666,1,2,1,0.0057038182402721575,3.8368108476921026,17.91999495694518,26.23411087790651,0.31378588300831284,0.3890196845399438,14,1.1693445629809254,1.1021733659454043,0.18692872575697622,0.0,0.0,0.0,0.0883063658333328,0.0986223599236434
1667,1,0,1,0.07063707158026258,3.9074479192723652,17.96870199881282,26.276515028294263,0.2985209459368635,0.37241424045711075,14,1.1949638381266858,1.1038526458712923,0.19122228692569337,0.0,0.0,0.0,0.09158962242869588,0.09963266449699751
1668,1,0,0,-0.16911568192688364,3.7383322373454817,17.955473565709926,26.26240347871727,0.28545883681005896,0.3570729460873374,14,1.0787904429977941,1.1061304256776772,0.1704204209794676,0.0,0.0,0.0,0.07837265476082719,0.0920477662186404
1669,1,0,1,0.07064493109678041,3.808977168442262,17.999967997685573,26.304501546758043,0.27029604768992527,0.3404625823640985,14,1.192039426127098,1.10544692611068,0.19063891706023553,0.0,0.0,0.0,0.09097673472080216,0.09966218233943333
1670,1,0,1,0.07089146757115429,3.8798686360134162,17.980669856433032,26.297537852742156,0.25741524069800964,0.32495390686404385,14,1.0813499033426632,1.1076117386110904,0.1703368949518221,0.0,0.0,0.0,0.07728484195149404,0.09305205300032808
1671,1,0,1,0.07064967743067588,3.950518313444092,18.0193223559239,26.341587087101775,0.24242153523713306,0.3082669448615633,14,1.189656926579869,1.1069551927293797,0.1900840047801426,0.0,0.0,0.0,0.08996223276525939,0.10012177201488319
1672,1,0,1,0.07065177072525053,4.0,18.0547137752444,26.37981567950749,0.22749899677960725,0.2916777261683557,14,1.1826427478018553,1.1090227360756422,0.1890705429044009,0.0,0.0,0.0,0.08953523074515482,0.09953531215924605
1673,1,0,0,-0.16935369903182923,3.8306463009681706,18.09070140509203,26.418327715479762,0.21252385187143694,0.2750625796429547,14,1.1853629021886953,1.1108632363687976,0.18954174860142736,0.0,0.0,0.0,0.08985086944902222,0.09969087915240514
1674,1,0,1,0.07092644801863285,3.9015727489868035,18.05683951363814,26.399766219854587,0.1999992393507517,0.25974585510129056,14,1.0603023409352295,1.1127257280142948,0.1670480223740964,0.0,0.0,0.0,0.07514767512411094,0.09190034724998547
1675,1,0,1,0.07090114654849765,3.972473895535301,18.027988268128233,26.390881110677004,0.18733403747838384,0.24418962109186795,14,1.073678788649831,1.111415143337318,0.16932861529074258,0.0,0.0,0.0,0.07599121123420718,0.09333740405653539
1676,1,0,0,-0.16932642583807012,3.803147469697231,18.06111487863472,26.424717432631503,0.17245576275176103,0.22767430645171507,14,1.177434666931114,1.110471734470131,0.18836153620065435,0.0,0.0,0.0,0.0892696483597371,0.09909188784091727
1677,1,1,1,0.005665604809157479,3.8088130745063884,18.095354313119245,26.459204668795522,0.3895364586064602,0.21112809408324604,14,1.1808724784302012,1.1121458077816557,0.18881793328458085,0.10797516579803845,0.0,0.0,0.08954065907376639,0.09927727421081446
1678,1,2,1,0.005647537877192176,3.8144606123835807,18.12760625710135,26.485884445635307,0.37468221575578003,0.4447264457579849,14,1.1727956953697536,1.1138639745478693,0.18753534705564745,0.0,0.0,0.0,0.08912545710408129,0.09840988995156616
1679,1,1,0,-0.2344048812850118,3.580055731098569,18.16890870502935,26.51815094510328,0.4848030354113892,0.42821149012422977,14,1.1889062149643936,1.1153372675684166,0.1902715213341966,0.74809329453468,0.0,5.551115123125783e-17,0.09118178753166506,0.09908973380253157
1680,1,0,1,0.07091883526846948,3.6509745663670383,18.12975850326808,26.46873616649393,0.4723666326658484,0.41353658798686804,14,1.0286115108826943,1.117176491253316,0.16266782929741513,0.0,0.0,0.0,0.07461841647324491,0.08804941282417025
1681,1,0,1,0.07086281652215826,3.7218373828891966,18.11425386262707,26.429427168290488,0.45929998216301876,0.39865877927439475,14,1.0601487278996014,1.11496236674405,0.16766675529181718,0.0,0.0,0.0,0.07839990301697755,0.08926685227483966
1682,1,1,0,-0.23412790710802006,3.4877094757811764,18.09454503053685,26.393938669044623,0.48703250547621363,0.38372155166745237,14,1.05839469443685,1.113592025772939,0.16742833278437252,1.2557998929781125,0.0,5.551115123125783e-17,0.07780496714271826,0.08962336564165425
1683,1,0,1,0.07096565239083343,3.55867512817201,18.054488590106544,26.339179796455248,0.4746560935512225,0.36924402791613514,14,1.0173967794698595,1.112212092489537,0.1611236140578498,0.0,0.0,0.0,0.07425847154994672,0.08686514250790307
1684,1,2,0,-0.23396619738781252,3.3247089307841975,18.002273414188313,26.276889636544922,0.46266650333951514,0.4857424661224135,14,0.9953363738354886,1.109841709664045,0.15748274453576305,0.7154641674968112,0.0,5.551115123125783e-17,0.07193754127024451,0.08554520326551855
1685,1,0,0,-0.16940524127997886,3.1553036895042186,18.05294251717211,26.321906157692638,0.4473017019040147,0.46903839525712726,14,1.202664700399845,1.1069790762683311,0.19241323380471992,0.0,0.0,0.0,0.09218880861300228,0.10022442519171765
1686,1,0,1,0.07084517224890823,3.226148861753127,18.044048936409474,26.29975413864355,0.434066135938858,0.45386593688811866,14,1.0783256170598952,1.1093712168716188,0.1704481460049918,0.0,0.0,0.0,0.07941339579093992,0.09103475021405188
1687,1,0,1,0.07059815706802956,3.2967470188211565,18.092463904114673,26.342198764087982,0.41872106876225107,0.43721009841432606,14,1.199454670025958,1.1085950768763257,0.19200543390239766,0.0,0.0,0.0,0.09207040305964233,0.09993503084275533
1688,1,0,1,0.07085826080838031,3.3676052796295366,18.07923930355152,26.317320803215516,0.4055847753050468,0.422077814361514,14,1.0727640052694378,1.1108665667050666,0.16961146506009758,0.0,0.0,0.0,0.07881776074322495,0.09079370431687261
1689,1,0,1,0.07086604701311837,3.438471326642655,18.06394280392415,26.297643230758936,0.392510778992955,0.406841617555973,14,1.0749399305852294,1.1099140026691758,0.16986115870579732,0.0,0.0,0.0,0.07844397787255092,0.09141718083324639
1690,1,0,1,0.07090015881604358,3.5093714854586984,18.04066826330629,26.277631645043485,0.3796717747946862,0.3916304325090289,14,1.0657535245337657,1.109039650867077,0.16830113547127673,0.0,0.0,0.0,0.07703402518961285,0.09126711028166384
1691,1,2,0,-0.23412136141627943,3.2752501240424188,18.022651342034376,26.261860029694,0.36670360215593517,0.48470107103953636,14,1.0741689610873464,1.1079574977087443,0.16960260959528775,0.8497825950541736,0.0,5.551115123125783e-17,0.07780903583250637,0.09179357376278141
1692,1,0,1,0.07062954608468716,3.345879670127106,18.066403245334,26.301159223848664,0.3514936186164526,0.46817109487578906,14,1.1901638817475013,1.1071127842932094,0.19043975821937859,0.0,0.0,0.0,0.09125990123689497,0.09917985698248359
1693,1,0,1,0.07080390591505224,3.416683576042158,18.060020584318085,26.307993735276888,0.33818969619288314,0.4523475375154767,14,1.1096409121418702,1.1091890617295665,0.1747648787032918,0.0,0.0,0.0,0.07982353454141705,0.09494134416187477
1694,1,0,0,-0.16935529029706492,3.247328285745093,18.098277384909682,26.340501694045305,0.32310542970065265,0.43594148623173007,14,1.17996511734989,1.1092003579898742,0.18894190665586258,0.0,0.0,0.0,0.09050559895338285,0.09843630770247977
1695,1,0,1,0.0708596563455217,3.3181879420906144,18.083449913085666,26.332601222972635,0.310022656924126,0.4204367731517849,14,1.0882415340771885,1.1109694769738747,0.1715249151388306,0.0,0.0,0.0,0.07849663665915992,0.09302827847967068
1696,1,0,0,-0.16935008984589944,3.148837852244715,18.119573715577204,26.362310521555756,0.2949714960965895,0.404086376206519,14,1.1762343794761134,1.1104012784014576,0.18840934663681455,0.0,0.0,0.0,0.09030696496521864,0.09810238167159593
1697,1,0,1,0.07089380770215777,3.219731659946873,18.093947106150278,26.346445162090212,0.2821794327048723,0.38874671268419814,14,1.070555137035855,1.112047105928324,0.16879036148422857,0.0,0.0,0.0,0.07675238035030371,0.09203798113392483
1698,1,1,1,0.005645669584255662,3.2253773295311285,18.13109648166031,26.383329748579232,0.4834779927636437,0.37220058425673663,14,1.1850437687050694,1.1110098067060123,0.1895996504455844,0.20188575976655587,0.0,0.0,0.09032287988081507,0.0992767705647693
1699,1,0,1,0.07106741438889426,3.2964447439200226,18.064543884490593,26.311342028320844,0.4718427356074592,0.3581962495397884,14,0.9743203383278811,1.1128606557559886,0.1538375512387969,0.0,0.0,0.0,0.06981154293710766,0.0840260083016892
1700,1,0,1,0.07107588340071343,3.367520627320736,18.002741634383934,26.240854356404085,0.4601510967292659,0.34421020589023255,14,0.9771072257968727,1.109397147820286,0.1540660951664945,0.0,0.0,0.0,0.0701498332691595,0.08391626189733502
1701,1,0,1,0.0706337452125339,3.43815437253327,18.04353617524785,26.281760077278175,0.4450876190599818,0.32759559801086074,14,1.1877901615077002,1.1060898997697006,0.1900685132919356,0.0,0.0,0.0,0.09038086601570494,0.09968764727623063
1702,1,0,1,0.07063754676067768,3.5087919192939476,18.083888037519806,26.319120347592808,0.4300049088962515,0.3110495045063286,14,1.185844538899744,1.1081324063131506,0.18977282200957432,0.0,0.0,0.0,0.09049626098238168,0.09927656102719265
1703,1,1,0,-0.23436323148258323,3.274428687811364,18.120827805549858,26.357731285589146,0.48498641816849114,0.29445792839108015,14,1.185625915654203,1.1100752096278155,0.1896309476805439,1.080029453377509,0.0,5.551115123125783e-17,0.09008149098905287,0.09954945669149104
1704,1,2,1,0.006094881754988177,3.2805235695663524,18.053739747486702,26.277949091414946,0.4734387241417819,0.4862013263653193,14,0.9650937250411167,1.1119639772784753,0.15207820596833943,0.2667475703464809,0.0,5.551115123125783e-17,0.06928616416025549,0.08279204180808393
1705,1,0,1,0.07059204265851643,3.3511156122248686,18.09956172428341,26.323538700532513,0.4581768605833325,0.4694777234105329,14,1.1997038068868164,1.1082922209725412,0.19191279907941539,0.0,0.0,0.0,0.0915711813506967,0.10034161772871869
1706,1,0,1,0.07089732817515583,3.4220129404000246,18.075141628426934,26.288253680261974,0.4453272641927231,0.45459602522198783,14,1.0508723944933838,1.1105775106203981,0.16638776747492645,0.0,0.0,0.0,0.07709757834365615,0.08929018913127029
1707,1,0,1,0.07082943680407704,3.4928423772041017,18.067532095363443,26.276366942396606,0.43203941461112266,0.4391911384123026,14,1.0895886117883677,1.1090848827172226,0.17215641834771325,0.0,0.0,0.0,0.07972709748960229,0.09242932085811097
1708,1,1,1,0.005592255234467703,3.4984346324385696,18.114165776065704,26.324433802684506,0.4846754472840804,0.4224110215116015,14,1.2032980169341594,1.1085974759440012,0.1926280176997247,1.0922364876667365,0.0,5.551115123125783e-17,0.09194731629551743,0.10068070140420726
1709,1,0,1,0.07092263743949007,3.5693572698780596,18.08622944554356,26.28064389483253,0.47194187573829033,0.4077204708538355,14,1.0392387510946333,1.1109649894687554,0.16454473322133648,0.0,0.0,0.0,0.07640142927474049,0.088143303946596
1710,1,0,1,0.07101916538724666,3.6403764352653063,18.034976014548807,26.22346270662322,0.4598973487927989,0.39337778408718055,14,1.0007372143053441,1.1091718335094023,0.15832328227287726,0.0,0.0,0.0,0.07226716167294792,0.08605612059992937
1711,1,0,1,0.07059953565391917,3.7109759709192254,18.08348833260454,26.27242845711381,0.4445606427060638,0.3765986101098624,14,1.2039390365756193,1.1064609680293007,0.19269528038432007,0.0,0.0,0.0,0.09202023652041094,0.10067504386390913
1712,1,0,1,0.07097105049582947,3.781947021415055,18.043835573422903,26.22677698633164,0.43214765914390796,0.36198176717184993,14,1.0235936897791493,1.108897919742959,0.16217895900101012,0.0,0.0,0.0,0.07447790137293538,0.08770105762807476
1713,1,1,1,0.005607939984975946,3.787554961400031,18.088884710735165,26.275172705877736,0.4847552357485266,0.34521705155280924,14,1.2002101708522286,1.1067653139938636,0.19205687922308395,1.0928859548634478,0.0,5.551115123125783e-17,0.09146858550884009,0.10058829371424387
1714,1,0,0,-0.16890078687570684,3.618654174524324,18.016461648122046,26.201311101394975,0.47335961793949566,0.3313181076708566,14,0.9628167683194409,1.1091014354153228,0.1517673701459017,0.0,0.0,0.0,0.06837370685418592,0.08339366329171578
1715,1,0,0,-0.1693712701996046,3.4492829043247197,18.060762303684225,26.241845295523383,0.4581809356158364,0.31473291969532186,14,1.1902791684285159,1.1054443187379257,0.1905832217951646,0.0,0.0,0.0,0.09107209394195602,0.09951112785320856
1716,1,2,1,0.0060609797239409464,3.4553438840486606,18.000929358931355,26.180232323223088,0.4464204142620442,0.4858026248897415,14,0.9861192729270214,1.1075651899801904,0.1557473787843038,0.38839751817193113,0.0,0.0,0.07056312812275241,0.08518425066155137
1717,1,0,1,0.07060436008105986,3.5259482441297205,18.04841642427909,26.228497366989004,0.43111701506199535,0.46908660243108197,14,1.2002811511675064,1.1045290420538612,0.19211652995225076,0.0,0.0,0.0,0.09182039520029371,0.10029613475195705
1718,1,2,0,-0.23440248405636052,3.29154576007336,18.098037927290733,26.27918837011586,0.4157193894135089,0.4832026390038353,14,1.2072353509202078,1.1069228447817023,0.19316991986790655,1.3145196145864915,0.0,1.1102230246251565e-16,0.09238575389091863,0.10078416597698793
1719,1,0,1,0.07059841912529609,3.362144179198656,18.142096282766662,26.32126832104575,0.4004506207062741,0.4665758803340045,14,1.1955689638409857,1.1094306574351651,0.1913731642623939,0.0,0.0,0.0,0.0916126122434087,0.0997605520189852
1720,1,0,1,0.07077729833953217,3.4329214775381884,18.137869220661727,26.32531895936635,0.3870213712515387,0.45078555041213825,14,1.111407691310966,1.1115841150953105,0.17531747625960975,0.0,0.0,0.0,0.08057549672841247,0.09474197953119731
1721,1,0,1,0.07059652059851475,3.503517998136703,18.17982004019032,26.36814724875633,0.3717832227319258,0.4341085237949432,14,1.196358813419283,1.1115797045007019,0.19149105082084716,0.0,0.0,0.0,0.09142889111767684,0.10006215970317034
1722,1,0,1,0.07083751366851085,3.574355511805214,18.16426294688577,26.354139874300536,0.35862725315265065,0.418719825831053,14,1.084134714463321,1.1136991822236664,0.17126800525899177,0.0,0.0,0.0,0.07893581747565129,0.09233218778334046
1723,1,2,1,0.005915193129569554,3.5802707049347835,18.13210409455452,26.324977430243507,0.34593975391149523,0.4849646618854104,14,1.0516387741413782,1.1129600705296578,0.16633702413447007,1.0123189549863185,0.0,5.551115123125783e-17,0.07612499544693233,0.09021202868753772
1724,1,0,1,0.07060839936483028,3.6508791042996136,18.17442945650191,26.36334670754534,0.3306836157635892,0.46840996947628527,14,1.1921216773691765,1.1114270381199507,0.19086498334218682,0.0,0.0,0.0,0.0915368288874364,0.0993281544547504
1725,1,0,1,0.07062767065412931,3.7215067749537427,18.210084789736833,26.392037715769234,0.31559732272140323,0.4520710021252232,14,1.177790745559995,1.1134444041011813,0.18855156235948828,0.0,0.0,0.0,0.09051775825311588,0.09803380410637237
1726,1,0,1,0.0707919721289125,3.792298747082655,18.19526077074115,26.397910834649164,0.3024394766276769,0.4362013752978928,14,1.1061021625218985,1.1150530626376518,0.17416483752634038,0.0,0.0,0.0,0.07894707656235805,0.09521776096398234
1727,1,0,1,0.07081980212611219,3.8631185492087674,18.17643300742526,26.39703456192371,0.28937109457131055,0.42048880274638994,14,1.0951252540934173,1.1148292901347578,0.17268572764721607,0.0,0.0,0.0,0.07841029233819823,0.09427543530901784
1728,1,0,0,-0.16938718460314628,3.693731364605621,18.212794682622096,26.436459056200277,0.27425516553353896,0.4038597132843001,14,1.1901228587071253,1.1143366892337245,0.19047011099916744,0.0,0.0,0.0,0.09069557422662917,0.0997745367725383
1729,1,1,1,0.005842134190580518,3.6995734987962012,18.1894368571023,26.429452092347113,0.48375950528934464,0.3882546526771203,14,1.0858665540975974,1.1162313434705593,0.171489468357808,0.1651148567504368,0.0,5.551115123125783e-17,0.07785910471472905,0.09363036364307895
1730,1,0,1,0.07101656078697684,3.7705900595831783,18.128030739767063,26.365929738489832,0.47192940504420156,0.3739982662020562,14,0.9905437525437178,1.1154722237362353,0.15651892032124343,0.0,0.0,0.0,0.0709806014708585,0.08553831885038495
1731,1,0,0,-0.16900711974747634,3.6015829398357018,18.071568255665753,26.313573173816685,0.4599639179604185,0.35946088600163945,14,1.0035299631819652,1.1123490119564226,0.15901720370519856,0.0,0.0,0.0,0.07179292250269823,0.08722428120250032
1732,1,0,0,-0.16895797503473856,3.4326249648009632,18.01620667246909,26.25173267148285,0.4480080460908565,0.3452154109966575,14,0.992426450206563,1.109628535737061,0.15720808124726338,0.0,0.0,0.0,0.07173523121737216,0.08547285002989123
1733,1,2,0,-0.2343838702989682,3.198241094501995,18.06090748148553,26.29521391719375,0.4327938438606926,0.4833380969657794,14,1.1948805383261343,1.1066984835987985,0.19125663158630737,0.5712924659799453,0.0,5.551115123125783e-17,0.09128521338098344,0.09997141820532389
1734,1,0,1,0.07060952516645128,3.2688506196684464,18.10603620050698,26.33420988221146,0.4175120740583031,0.4667802193078985,14,1.1930277190061482,1.108903034966982,0.19103788476162206,0.0,0.0,0.0,0.09169061881433693,0.0993472659472851
1735,1,0,1,0.07059671670796987,3.3394473363764163,18.151450174440733,26.376094316577714,0.4021879503925437,0.4501252861213469,14,1.1983045603679647,1.111006152067961,0.19187434111386625,0.0,0.0,0.0,0.09194474199455642,0.0999295991193098
1736,1,0,1,0.07060148551267872,3.410048821889095,18.194644546408725,26.413514220466304,0.3868996047599347,0.4335576987899954,14,1.193802888132045,1.113188612275461,0.19113559778376255,0.0,0.0,0.0,0.0917300737956538,0.09940552398810874
1737,1,0,1,0.07090265989209704,3.4809514817811924,18.16373167195702,26.377711738027926,0.37416622666131505,0.41863769384215854,14,1.0484886122817898,1.1152039691718758,0.16592029827873894,0.0,0.0,0.0,0.07640026859171811,0.08952002968702082
1738,1,0,1,0.070901872005641,3.5518533537868335,18.13698769666401,26.344306656608325,0.3613330882981926,0.4036800785461834,14,1.053387028537013,1.1135360852496237,0.1667445219545861,0.0,0.0,0.0,0.07699883017873461,0.08974569177585148
1739,1,2,1,0.005596347815970065,3.5574497016028035,18.178519295220024,26.389856960041865,0.3461173284493457,0.48323169773248087,14,1.1991142608213639,1.1120323588318084,0.1919043726981963,0.9220804712771002,0.0,5.551115123125783e-17,0.09129455909308166,0.10060981360511465
1740,1,0,1,0.07061277663859859,3.628062478241402,18.216278133395683,26.424829198951727,0.3309945873778399,0.4667149180178711,14,1.1869404834670674,1.1142094063815473,0.18983712471669295,0.0,0.0,0.0,0.09073644642903447,0.09910067828765848
1741,1,0,0,-0.16937993716610664,3.4586825410752953,18.24971893962314,26.451059367479115,0.3159387552551675,0.45039155147356985,14,1.1756986580635305,1.1160276833086853,0.18827519200184212,0.0,0.0,0.0,0.0903349927360343,0.09794019926580783
1742,1,0,1,0.07059403734387479,3.52927657841917,18.284857404365432,26.49127046009047,0.3008151757007897,0.43370439217764717,14,1.1928690150312051,1.1175194576775564,0.19086443310180293,0.0,0.0,0.0,0.09074147732626703,0.10012295577553589
1743,1,2,1,0.005804290391214848,3.535080868810385,18.268520402173753,26.48461855374415,0.28762745518825766,0.48436810122717905,14,1.096414288073394,1.1194031966113975,0.17291771571211714,1.1022263530658831,0.0,5.551115123125783e-17,0.079126323075192,0.09379139263692514
1744,1,0,1,0.07080591642049963,3.6058867852308847,18.251860149783134,26.477878959871283,0.27441594747909887,0.46873744550356733,14,1.0954286276344674,1.1188284738979477,0.17305298059662383,0.0,0.0,0.0,0.0792690462549531,0.0937839343416707
1745,1,2,1,0.005622676626010163,3.611509461856895,18.282968765192862,26.504676432162675,0.2594153292793045,0.4836255936226052,14,1.1761495654424803,1.1182434777413608,0.18825014746313462,1.3124246730214042,0.0,5.551115123125783e-17,0.0900037091987659,0.09824643826436874
1746,1,0,1,0.07064322911982944,3.682152690976724,18.308490973650322,26.5209026256592,0.24456461778158387,0.46750883696696616,14,1.1614395318878747,1.1196911299338885,0.1858048089201585,0.0,0.0,0.0,0.08910426898632383,0.09670053993383469
1747,1,0,1,0.07073728304076823,3.7528899740174926,18.298276003969804,26.536419523599587,0.2311721416832044,0.45134405346154344,14,1.126036768242604,1.1207348399827382,0.17734355762281295,0.0,0.0,0.0,0.08035485659027695,0.09698870103253604
1748,1,0,1,0.07063262310022915,3.8235225971177216,18.325337313023955,26.557384759476374,0.2162624345611006,0.4350726153629021,14,1.1688939331201706,1.1208673881892346,0.1870868713244702,0.0,0.0,0.0,0.08945824273262261,0.09762862859184755
1749,1,0,1,0.07067628908292503,3.8941988862006465,18.342404086692493,26.557933447771994,0.2016180704542108,0.41928816077066644,14,1.1396835137766674,1.1220680518125081,0.18257291219475283,0.0,0.0,0.0,0.08786618464133888,0.09470672755341397
1750,1,0,1,0.07081019891101285,3.9650090851116593,18.318859193612067,26.553921879053334,0.18858009559772523,0.4035640667147458,14,1.0949519765625273,1.1225084383616122,0.1725724134744377,0.0,0.0,0.0,0.07822784913891367,0.09434456433552399
1751,1,1,1,0.005834002603160919,3.97084308771482,18.29132806630946,26.54660830689313,0.4082797311647832,0.38791633339929615,14,1.0869748273538258,1.121819526816635,0.171547527155852,0.10414105933449802,0.0,0.0,0.07766112726315402,0.09388639989269798
1752,1,0,1,0.0705546163231498,4.0,18.33200536415619,26.585573513490726,0.3929780631423086,0.3711878174959755,14,1.200590913774385,1.1209484093300648,0.1921811035547714,0.0,0.0,0.0,0.09181000813484747,0.10037109541992394
1753,1,0,0,-0.16906046293886545,3.8309395370611345,18.280666379693105,26.528151153220776,0.38064741447916556,0.3566450979268488,14,1.0141781272081354,1.122939471941173,0.16124020939361897,0.0,0.0,0.0,0.07398389197885849,0.08725631741476049
1754,1,0,1,0.07057369686475806,3.9015132339258924,18.31798657325025,26.562999260201494,0.36544181550900623,0.34001473093015355,14,1.1923887388607133,1.1202204383228471,0.1910157958011268,0.0,0.0,0.0,0.09123359382095543,0.09978220198017136
1755,1,0,1,0.07058291008644735,3.97209614401234,18.350919315085747,26.59808356659633,0.3503529032694812,0.3233742856432696,14,1.1900416940666276,1.1220246458362937,0.19037614515845439,0.0,0.0,0.0,0.09053347343715053,0.09984267172130387
1756,1,0,1,0.07057446597376466,4.0,18.3839482177073,26.631392318162113,0.3352419202361514,0.306742856969368,14,1.1900627262293868,1.123725072042052,0.1904544702433885,0.0,0.0,0.0,0.09066589819997872,0.09978857204340977
1757,1,0,1,0.07089892435916162,4.0,18.33624267137325,26.59119172826783,0.3228487499111306,0.2917813254312208,14,1.0374773771684034,1.1253835133967354,0.1641282111790076,0.0,0.0,0.0,0.07435902195012484,0.08976918922888277
1758,1,2,1,0.0060269097460996296,4.0,18.266673741499282,26.522519906886096,0.31111880957204574,0.48574189944955953,14,0.9849451087353218,1.1231858599910272,0.15592824533715197,0.250687952587325,0.0,5.551115123125783e-17,0.0703796420345092,0.0855486033026428
1759,1,0,1,0.07076520313003022,4.0,18.256438238198815,26.5254884662798,0.29773774399278746,0.46988447091019186,14,1.112462897302875,1.1197298412096344,0.17543096471175537,0.0,0.0,0.0,0.08028639347554958,0.09514457123620577
1760,1,0,0,-0.1694019319171689,3.830598068082831,18.293810325615922,26.554564695122234,0.28253780565922254,0.45342342962761045,14,1.1859964838715062,1.1195481676119656,0.18996587769687856,0.0,0.0,0.0,0.09119963000138956,0.098766247695489
1761,1,0,1,0.07062444312055502,3.901222511203386,18.319914765937902,26.569594701287244,0.26767146061995156,0.4372804706249016,14,1.1623438220054445,1.121209375518454,0.18605582425187872,0.0,0.0,0.0,0.08919807023562584,0.09685775401625288
1762,1,0,1,0.07059843103529376,3.9718209422386797,18.349181963824215,26.599287410879068,0.2526837175403424,0.4207738564812324,14,1.181197644158765,1.1222377366806287,0.18896614333966985,0.0,0.0,0.0,0.08992645847765461,0.09903968486201524
1763,1,0,1,0.0707470809306375,4.0,18.33453732415525,26.605688457883787,0.2394278553759739,0.4047790728697021,14,1.115468141703333,1.123711734367582,0.17550387465539288,0.0,0.0,0.0,0.07953517298621132,0.09596870166918159
1764,1,0,1,0.07076115151980282,4.0,18.318444162020768,26.611391623788453,0.22618463289418103,0.3887847642651847,14,1.1131156483211624,1.123505644550976,0.17542518651786165,0.0,0.0,0.0,0.07945933489075721,0.0959658516271044
1765,1,0,0,-0.1691944462369032,3.830805553763097,18.29655995148503,26.608127419987916,0.21308737557852112,0.37299367459203575,14,1.098097480308958,1.1232458946452306,0.17333008193285265,0.0,0.0,0.0,0.0785835438939593,0.09474653803889337
1766,1,0,1,0.07062441540842918,3.901429969171526,18.320946933132703,26.62949709911508,0.19826159706126734,0.3566606491726137,14,1.1683738450616588,1.1226171842868238,0.18695282362005544,0.0,0.0,0.0,0.08895467110352297,0.09799815251653246
1767,1,0,1,0.07085388838918928,3.9722838575607153,18.28957050932008,26.614029004318695,0.185454758731332,0.34115796588062025,14,1.0769165821971862,1.1237611008061947,0.169857129731573,0.0,0.0,0.0,0.07684102997961188,0.0930160997519611
1768,1,1,1,0.005626212062215631,3.977910069622931,18.319481963187126,26.637280690860052,0.39741053676767196,0.3247684037278379,14,1.175753128249374,1.1225899878409695,0.18825798698644672,0.1383447177122069,0.0,0.0,0.0899206140697529,0.09833737291669381
1769,1,0,1,0.07056685465902153,4.0,18.354944909330364,26.6701751185755,0.3822453128889583,0.30812295033872844,14,1.1922764402098638,1.1239190663511798,0.19086406360693875,0.0,0.0,0.0,0.09099134327228228,0.09987272033465647
1770,1,0,1,0.07055693721935814,4.0,18.390512369091947,26.704603248465126,0.3670649154135046,0.29141432671525763,14,1.1956235903488563,1.1256280006976467,0.19133412659354687,0.0,0.0,0.0,0.09108238485272192,0.10025174174082493
1771,1,0,0,-0.1694331937821247,3.8305668062178753,18.420723153387517,26.733586943829927,0.3520013216907119,0.27482519492845375,14,1.1865723700992992,1.1273778904389267,0.18991635305757945,0.0,0.0,0.0,0.09038156233675622,0.09953479072082323
1772,1,0,1,0.07058625097686222,3.9011530571947377,18.444669583165112,26.757371247598257,0.3371346730831757,0.25832976308161465,14,1.1765884859763567,1.1288577524304362,0.188172482726252,0.0,0.0,0.0,0.08919989164521752,0.0989725910810345
1773,1,0,1,0.07058874101214539,3.971741798206883,18.466686852607985,26.780094286127643,0.3223082363165342,0.24184999572789592,14,1.174791328741347,1.1300510207690844,0.18783722472216086,0.0,0.0,0.0,0.08895862059984842,0.09887860412231245
1774,1,0,1,0.07101286116689172,4.0,18.39108784850053,26.697254835316695,0.31070347953426874,0.22785247453414711,14,0.9727310735499872,1.1311695284683907,0.1536136678560864,0.0,0.0,0.0,0.06962854069359342,0.08398512716249296
1775,1,0,1,0.07060806066944701,4.0,18.41299285483114,26.720192963722774,0.29588809401245036,0.21139968816563837,14,1.1720517018321128,1.1272085670954308,0.1876090313419625,0.0,0.0,0.0,0.08889231313091,0.09871671821105252
1776,1,0,0,-0.16898422083956346,3.8310157791604365,18.341575286687245,26.64484188852908,0.28418112515256216,0.19724697456606746,14,0.9815610021262648,1.1283296454638476,0.155158094756755,0.0,0.0,0.0,0.07024181315932956,0.08491628159742542
1777,1,2,1,0.0060620751729207846,3.8370778543333572,18.267754297212395,26.565266015669927,0.27265629300728134,0.43325094341409914,14,0.9712635670464069,1.124660429380408,0.15312517978349527,0.0,0.0,0.0,0.06914899287168484,0.08397618691181043
1778,1,0,1,0.07062204657680339,3.9076999009101607,18.296180330810035,26.589024522881715,0.2577292704357707,0.41689524770677283,14,1.1730100486314856,1.1208255078220581,0.18769630967302153,0.0,0.0,0.0,0.08956213542906379,0.09813417424395776
1779,1,0,0,-0.1693959367932253,3.7383039641169353,18.326402756454314,26.618809583534233,0.24273107065014607,0.40038226144919203,14,1.1821376076390882,1.122130121342294,0.18906711625923256,0.0,0.0,0.0,0.08998919871374791,0.09907791754548467
1780,1,0,1,0.07082442681035941,3.809128390927295,18.30162643576284,26.60695457554568,0.22973969251270218,0.38480664232589207,14,1.0869989798196884,1.1236303084997137,0.17140198356446237,0.0,0.0,0.0,0.07794826882466327,0.09345371473979912
1781,1,0,1,0.07060478113096096,3.879733172058256,18.333520233036268,26.632757250406904,0.21469906787801515,0.36836056976822923,14,1.180410997417362,1.122714525282713,0.18892018315410006,0.0,0.0,0.0,0.0902437478081223,0.09867643534597774
1782,1,0,0,-0.16917544246947216,3.7105577295887837,18.30774292960534,26.624196154134584,0.20170625621739158,0.35269846542342004,14,1.0898185373828375,1.1241569370860791,0.17192949603259608,0.0,0.0,0.0,0.07795686996374118,0.09397262606885493
1783,1,0,1,0.07083617141378262,3.7813939010025663,18.28181212467515,26.616352652847084,0.1887513756570213,0.33702953595071555,14,1.0895241708758006,1.1232984770934982,0.171742860198449,0.0,0.0,0.0,0.07772928336222164,0.09401357683622735
1784,1,0,1,0.0706158083360497,3.852009709338616,18.31098441559906,26.646471603536998,0.17380662968294777,0.320470569145268,14,1.1817453610518835,1.1224541194380557,0.18902227667712637,0.0,0.0,0.0,0.08966847584444129,0.09935380083268505
1785,1,0,1,0.07078712119008226,3.922796830528698,18.290695380900207,26.648947088381878,0.16068578009649,0.3045239226677338,14,1.1061228506244285,1.1239364004784014,0.17440497638395142,0.0,0.0,0.0,0.07872509751874655,0.09567987886520486
1786,1,1,1,0.0056528203524410505,3.9284496508811393,18.314613268189806,26.665136770805177,0.3739402905870672,0.2882702161261824,14,1.16359863144495,1.1234910617320522,0.1863322787163281,0.131662897589518,0.0,0.0,0.08881003946701922,0.09752223924930886
1787,1,0,1,0.07096350271002107,3.9994131535911603,18.25370732253072,26.606464703228525,0.3619807510735114,0.27372742087466817,14,1.0049157377391338,1.1244937509748747,0.15901400859041936,0.0,0.0,0.0,0.0717572370813342,0.08725677150908516
1788,1,0,1,0.07100137083678867,4.0,18.193045354335048,26.54321743917177,0.3500379129181952,0.25931344143096896,14,0.9975950683915579,1.121504300643981,0.1581409055940929,0.0,0.0,0.0,0.0716570289318974,0.08648387666219551
1789,1,0,1,0.07063091490981799,4.0,18.22578633065087,26.570289399373593,0.33507222117860813,0.2428598613719054,14,1.1782195063553154,1.1184065698376706,0.1885156307919033,0.0,0.0,0.0,0.08979415043752244,0.09872148035438089
1790,1,0,1,0.07103292634881055,4.0,18.159319858527347,26.498492916151854,0.3233527323859833,0.22871531024292058,14,0.9816389379053497,1.1199018932506117,0.15518423952965826,0.0,0.0,0.0,0.07031693275574909,0.08486730677390919
1791,1,0,1,0.0710117820867171,4.0,18.101270355674,26.443131718495493,0.3114097065195274,0.21420518738348507,14,1.0030346188572699,1.11644531936698,0.1587188923553487,0.0,0.0,0.0,0.07165815519873564,0.08706073715661306
1792,1,0,1,0.07063952263765766,4.0,18.1359583910572,26.477509467259203,0.2964636068369035,0.19763801352979557,15,1.1826758360011485,1.1136100518542373,0.18907964121788032,0.0,0.0,0.0,0.08967659809574334,0.09940304312213695
1793,1,0,1,0.07105134001458256,4.0,18.076883375587407,26.407409882432663,0.28462578898235463,0.18350556194067355,15,0.9861620961615792,1.1153366964579101,0.15582161666202543,0.0,0.0,0.0,0.07102690712729319,0.08479470953473224
1794,1,0,1,0.07108947085769733,4.0,18.011252430806636,26.336790618713355,0.273034342380194,0.16943670491995208,15,0.9758571229504197,1.112107331450502,0.15396182173729267,0.0,0.0,0.0,0.06954867961296399,0.08441314212432871
1795,1,2,1,0.005689573243891838,4.0,18.04441468696723,26.36766408376999,0.258190601790861,0.4030225332797038,15,1.1727367974552307,1.1087010762379998,0.18754747337748717,0.0,0.0,0.0,0.0890624435359978,0.09848502984148938
1796,1,0,0,-0.16935676905186942,3.8306432309481306,18.083830079022178,26.40347047783234,0.24310210692501202,0.386503084423365,15,1.1855237553857272,1.1103019692684306,0.18964766233312683,0.0,0.0,0.0,0.09053096919509374,0.09911669313803308
1797,1,0,1,0.07063465667292833,3.9012778876210588,18.12188012005731,26.43810860710836,0.2280365521139565,0.3699808761584988,15,1.1848706842325163,1.112182513921363,0.18952657845553067,0.0,0.0,0.0,0.09039332886633338,0.09913324958919728
1798,1,0,1,0.07077827696065585,3.9720561645817147,18.115368101551248,26.453109171806922,0.2146749908439599,0.353873557759071,15,1.12248826437164,1.1139997181791417,0.176813278016546,0.0,0.0,0.0,0.08016936761997925,0.09664391039656678
1799,1,0,1,0.07083647731183842,4.0,18.100721219363784,26.451970288065375,0.20155189654052993,0.33812829246223625,15,1.098426165904945,1.114211931833954,0.17321015760158798,0.0,0.0,0.0,0.07873856582057985,0.09447159178100813
