trial,active,action,correct,net_energy,energy,mass_a,mass_b,store_a,store_b,resets,mass_added,mass_lost,consumed,external,balance_error,demand_a,demand_b
0,1,0,0,-0.052985150066188126,3.947014849933812,10.5,9.899999999999999,83.07335024726832,80.64103761019179,1,0.7140000000000006,0.7140000000000001,0.1260000000000001,0.0,0.0,0.06300000000000006,0.06300000000000006
1,1,0,1,0.1870428803480031,4.0,10.5,9.899999999999999,83.06285024726833,80.63053761019181,1,0.7140000000000006,0.7140000000000001,0.1260000000000001,0.0,0.0,0.06300000000000006,0.06300000000000006
2,1,0,1,0.1869941378773074,4.0,10.5,9.899999999999999,83.05235024726834,80.6200376101918,1,0.7140000000000006,0.7140000000000001,0.1260000000000001,0.0,0.0,0.06300000000000006,0.06300000000000006
3,1,1,1,0.1220060432310146,4.0,10.5,9.899999999999999,83.04185024726836,80.60953761019181,1,0.7140000000000006,0.7140000000000001,0.1260000000000001,0.0,0.0,0.06300000000000006,0.06300000000000006
4,1,0,0,-0.052981316972379094,3.947018683027621,10.5,9.899999999999999,83.03135024726835,80.59903761019181,1,0.7140000000000006,0.7140000000000001,0.1260000000000001,0.0,0.0,0.06300000000000006,0.06300000000000006
5,1,0,1,0.18701575956186403,4.0,10.5,9.899999999999999,83.02085024726836,80.5885376101918,1,0.7140000000000006,0.7140000000000001,0.1260000000000001,0.0,0.0,0.06300000000000006,0.06300000000000006
6,1,0,1,0.18702420828145097,4.0,10.5,9.899999999999999,83.01035024726836,80.57803761019183,1,0.7140000000000006,0.7140000000000001,0.1260000000000001,0.0,0.0,0.06300000000000006,0.06300000000000006
7,1,0,1,0.18700678285552583,4.0,10.5,9.899999999999999,82.99985024726836,80.56753761019183,1,0.7140000000000006,0.7140000000000001,0.1260000000000001,0.0,0.0,0.06300000000000006,0.06300000000000006
8,1,0,1,0.18701891053433237,4.0,10.5,9.899999999999999,82.98935024726838,80.55703761019184,1,0.7140000000000006,0.7140000000000001,0.1260000000000001,0.0,0.0,0.06300000000000006,0.06300000000000006
9,1,0,1,0.18702941953396335,4.0,10.5,9.899999999999999,82.97885024726838,80.54653761019186,1,0.7140000000000006,0.7140000000000001,0.1260000000000001,0.0,0.0,0.06300000000000006,0.06300000000000006
10,1,0,1,0.1870286696883038,4.0,10.5,9.899999999999999,82.96835024726839,80.53603761019185,1,0.7140000000000006,0.7140000000000001,0.1260000000000001,0.0,0.0,0.06300000000000006,0.06300000000000006
11,1,2,0,-0.1179841346155075,3.8820158653844925,10.5,9.899999999999999,82.95785024726841,80.52553761019186,1,0.7140000000000006,0.7140000000000001,0.1260000000000001,0.0,0.0,0.06300000000000006,0.06300000000000006
12,1,0,1,0.18700136274406315,4.0,10.5,9.899999999999999,82.9473502472684,80.51503761019187,1,0.7140000000000006,0.7140000000000001,0.1260000000000001,0.0,0.0,0.06300000000000006,0.06300000000000006
13,1,1,1,0.12203560415852348,4.0,10.5,9.899999999999999,82.93685024726841,80.50453761019186,1,0.7140000000000006,0.7140000000000001,0.1260000000000001,0.0,0.0,0.06300000000000006,0.06300000000000006
14,1,0,1,0.18701380768371476,4.0,10.5,9.899999999999999,82.92635024726842,80.49403761019188,1,0.7140000000000006,0.7140000000000001,0.1260000000000001,0.0,0.0,0.06300000000000006,0.06300000000000006
15,1,0,1,0.18702245612077703,4.0,10.5,9.899999999999999,82.91585024726841,80.48353761019189,1,0.7140000000000006,0.7140000000000001,0.1260000000000001,0.0,0.0,0.06300000000000006,0.06300000000000006
16,1,0,1,0.18702739894848572,4.0,10.5,9.899999999999999,82.90535024726843,80.4730376101919,1,0.7140000000000006,0.7140000000000001,0.1260000000000001,0.0,0.0,0.06300000000000006,0.06300000000000006
17,1,0,1,0.18702301307828487,4.0,10.5,9.899999999999999,82.89485024726844,80.46253761019192,1,0.7140000000000006,0.7140000000000001,0.1260000000000001,0.0,0.0,0.06300000000000006,0.06300000000000006
18,1,0,1,0.18701853955731879,4.0,10.5,9.899999999999999,82.88435024726844,80.45203761019191,1,0.7140000000000006,0.7140000000000001,0.1260000000000001,0.0,0.0,0.06300000000000006,0.06300000000000006
19,1,0,1,0.18700521833422828,4.0,10.5,9.899999999999999,82.87385024726846,80.44153761019192,1,0.7140000000000006,0.7140000000000001,0.1260000000000001,0.0,0.0,0.06300000000000006,0.06300000000000006
20,1,2,1,0.12201607913124965,4.0,10.5,9.899999999999999,82.86335024726846,80.43103761019192,1,0.7140000000000006,0.7140000000000001,0.1260000000000001,0.0,0.0,0.06300000000000006,0.06300000000000006
21,1,0,1,0.18701008861231558,4.0,10.5,9.899999999999999,82.85285024726846,80.42053761019191,1,0.7140000000000006,0.7140000000000001,0.1260000000000001,0.0,0.0,0.06300000000000006,0.06300000000000006
22,1,0,1,0.1870198087773491,4.0,10.5,9.899999999999999,82.84235024726847,80.41003761019194,1,0.7140000000000006,0.7140000000000001,0.1260000000000001,0.0,0.0,0.06300000000000006,0.06300000000000006
23,1,0,1,0.18701358086222847,4.0,10.5,9.899999999999999,82.83185024726846,80.39953761019194,1,0.7140000000000006,0.7140000000000001,0.1260000000000001,0.0,0.0,0.06300000000000006,0.06300000000000006
24,1,0,1,0.18701757788489298,4.0,10.5,9.899999999999999,82.82135024726848,80.38903761019195,1,0.7140000000000006,0.7140000000000001,0.1260000000000001,0.0,0.0,0.06300000000000006,0.06300000000000006
25,1,0,1,0.18699769759199905,4.0,10.5,9.899999999999999,82.81085024726849,80.37853761019197,1,0.7140000000000006,0.7140000000000001,0.1260000000000001,0.0,0.0,0.06300000000000006,0.06300000000000006
26,1,0,1,0.18700970685066365,4.0,10.5,9.899999999999999,82.8003502472685,80.36803761019196,1,0.7140000000000006,0.7140000000000001,0.1260000000000001,0.0,0.0,0.06300000000000006,0.06300000000000006
27,1,1,1,0.12201330311608287,4.0,10.5,9.899999999999999,82.78985024726852,80.35753761019197,1,0.7140000000000006,0.7140000000000001,0.1260000000000001,0.0,0.0,0.06300000000000006,0.06300000000000006
28,1,0,1,0.18702452760429836,4.0,10.5,9.899999999999999,82.77935024726851,80.34703761019198,1,0.7140000000000006,0.7140000000000001,0.1260000000000001,0.0,0.0,0.06300000000000006,0.06300000000000006
29,1,0,1,0.18701159417561342,4.0,10.5,9.899999999999999,82.76885024726852,80.33653761019197,1,0.7140000000000006,0.7140000000000001,0.1260000000000001,0.0,0.0,0.06300000000000006,0.06300000000000006
30,1,0,1,0.18701082176911044,4.0,10.5,9.899999999999999,82.75835024726852,80.32603761019199,1,0.7140000000000006,0.7140000000000001,0.1260000000000001,0.0,0.0,0.06300000000000006,0.06300000000000006
31,1,0,1,0.18702420307463613,4.0,10.5,9.899999999999999,82.74785024726852,80.315537610192,1,0.7140000000000006,0.7140000000000001,0.1260000000000001,0.0,0.0,0.06300000000000006,0.06300000000000006
32,1,0,1,0.18702112881224991,4.0,10.5,9.899999999999999,82.73735024726854,80.305037610192,1,0.7140000000000006,0.7140000000000001,0.1260000000000001,0.0,0.0,0.06300000000000006,0.06300000000000006
33,1,1,1,0.12201020600229726,4.0,10.5,9.899999999999999,82.72685024726854,80.29453761019202,1,0.7140000000000006,0.7140000000000001,0.1260000000000001,0.0,0.0,0.06300000000000006,0.06300000000000006
34,1,0,1,0.18702100369949182,4.0,10.5,9.899999999999999,82.71635024726855,80.28403761019202,1,0.7140000000000006,0.7140000000000001,0.1260000000000001,0.0,0.0,0.06300000000000006,0.06300000000000006
35,1,0,1,0.18700690452971688,4.0,10.5,9.899999999999999,82.70585024726857,80.27353761019202,1,0.7140000000000006,0.7140000000000001,0.1260000000000001,0.0,0.0,0.06300000000000006,0.06300000000000006
36,1,0,1,0.1870020353008976,4.0,10.5,9.899999999999999,82.69535024726856,80.26303761019203,1,0.7140000000000006,0.7140000000000001,0.1260000000000001,0.0,0.0,0.06300000000000006,0.06300000000000006
37,1,0,1,0.18701066735370633,4.0,10.5,9.899999999999999,82.68485024726857,80.25253761019202,1,0.7140000000000006,0.7140000000000001,0.1260000000000001,0.0,0.0,0.06300000000000006,0.06300000000000006
38,1,0,1,0.18701992990098146,4.0,10.5,9.899999999999999,82.67435024726858,80.24203761019204,1,0.7140000000000006,0.7140000000000001,0.1260000000000001,0.0,0.0,0.06300000000000006,0.06300000000000006
39,1,0,1,0.18701677176609802,4.0,10.5,9.899999999999999,82.66385024726857,80.23153761019205,1,0.7140000000000006,0.7140000000000001,0.1260000000000001,0.0,0.0,0.06300000000000006,0.06300000000000006
40,1,0,1,0.1870132114193982,4.0,10.5,9.899999999999999,82.65335024726859,80.22103761019206,1,0.7140000000000006,0.7140000000000001,0.1260000000000001,0.0,0.0,0.06300000000000006,0.06300000000000006
41,1,0,1,0.18701998231461953,4.0,10.5,9.899999999999999,82.6428502472686,80.21053761019208,1,0.7140000000000006,0.7140000000000001,0.1260000000000001,0.0,0.0,0.06300000000000006,0.06300000000000006
42,1,2,1,0.12201638949112383,4.0,10.5,9.899999999999999,82.6323502472686,80.20003761019207,1,0.7140000000000006,0.7140000000000001,0.1260000000000001,0.0,0.0,0.06300000000000006,0.06300000000000006
43,1,0,1,0.18701626639638075,4.0,10.5,9.899999999999999,82.62185024726863,80.18953761019208,1,0.7140000000000006,0.7140000000000001,0.1260000000000001,0.0,0.0,0.06300000000000006,0.06300000000000006
44,1,2,0,-0.1179822972567761,3.882017702743224,10.5,9.899999999999999,82.61135024726862,80.17903761019208,1,0.7140000000000006,0.7140000000000001,0.1260000000000001,0.0,0.0,0.06300000000000006,0.06300000000000006
45,1,0,1,0.18702174219759793,4.0,10.5,9.899999999999999,82.60085024726862,80.16853761019208,1,0.7140000000000006,0.7140000000000001,0.1260000000000001,0.0,0.0,0.06300000000000006,0.06300000000000006
46,1,1,1,0.12201515986085384,4.0,10.5,9.899999999999999,82.59035024726863,80.1580376101921,1,0.7140000000000006,0.7140000000000001,0.1260000000000001,0.0,0.0,0.06300000000000006,0.06300000000000006
47,1,2,1,0.12202328080685747,4.0,10.5,9.899999999999999,82.57985024726862,80.1475376101921,1,0.7140000000000006,0.7140000000000001,0.1260000000000001,0.0,0.0,0.06300000000000006,0.06300000000000006
48,1,2,1,0.12202711298742214,4.0,10.5,9.899999999999999,82.56935024726864,80.13703761019211,1,0.7140000000000006,0.7140000000000001,0.1260000000000001,0.0,0.0,0.06300000000000006,0.06300000000000006
49,1,2,1,0.12202965511006525,4.0,10.5,9.899999999999999,82.55885024726865,80.12653761019213,1,0.7140000000000006,0.7140000000000001,0.1260000000000001,0.0,0.0,0.06300000000000006,0.06300000000000006
50,1,0,0,-0.05299878979828058,3.9470012102017193,10.5,9.899999999999999,82.54835024726866,80.11603761019212,1,0.7140000000000006,0.7140000000000001,0.1260000000000001,0.0,0.0,0.06300000000000006,0.06300000000000006
51,1,0,0,-0.05299040540756816,3.894010804794151,10.5,9.899999999999999,82.53785024726868,80.10553761019213,1,0.7140000000000006,0.7140000000000001,0.1260000000000001,0.0,0.0,0.06300000000000006,0.06300000000000006
52,1,0,1,0.18701107236719947,4.0,10.5,9.899999999999999,82.52735024726867,80.09503761019214,1,0.7140000000000006,0.7140000000000001,0.1260000000000001,0.0,0.0,0.06300000000000006,0.06300000000000006
53,1,0,1,0.18700187912300362,4.0,10.5,9.899999999999999,82.51685024726868,80.08453761019213,1,0.7140000000000006,0.7140000000000001,0.1260000000000001,0.0,0.0,0.06300000000000006,0.06300000000000006
54,1,0,1,0.187023054471579,4.0,10.5,9.899999999999999,82.50635024726868,80.07403761019215,1,0.7140000000000006,0.7140000000000001,0.1260000000000001,0.0,0.0,0.06300000000000006,0.06300000000000006
55,1,0,1,0.1869990087465218,4.0,10.5,9.899999999999999,82.49585024726868,80.06353761019216,1,0.7140000000000006,0.7140000000000001,0.1260000000000001,0.0,0.0,0.06300000000000006,0.06300000000000006
56,1,0,1,0.18701647791942935,4.0,10.5,9.899999999999999,82.4853502472687,80.05303761019216,1,0.7140000000000006,0.7140000000000001,0.1260000000000001,0.0,0.0,0.06300000000000006,0.06300000000000006
57,1,0,1,0.18702041674691683,4.0,10.5,9.899999999999999,82.4748502472687,80.04253761019218,1,0.7140000000000006,0.7140000000000001,0.1260000000000001,0.0,0.0,0.06300000000000006,0.06300000000000006
58,1,1,0,-0.11796322463413973,3.8820367753658602,10.5,9.899999999999999,82.46435024726871,80.03203761019218,1,0.7140000000000006,0.7140000000000001,0.1260000000000001,0.0,0.0,0.06300000000000006,0.06300000000000006
59,1,1,1,0.12201490145139149,4.0,10.5,9.899999999999999,82.45385024726873,80.02153761019218,1,0.7140000000000006,0.7140000000000001,0.1260000000000001,0.0,0.0,0.06300000000000006,0.06300000000000006
60,1,1,1,0.12201076955318796,4.0,10.5,9.899999999999999,82.44335024726873,80.01103761019219,1,0.7140000000000006,0.7140000000000001,0.1260000000000001,0.0,0.0,0.06300000000000006,0.06300000000000006
61,1,2,1,0.12201411674180035,4.0,10.5,9.899999999999999,82.43285024726873,80.00053761019218,1,0.7140000000000006,0.7140000000000001,0.1260000000000001,0.0,0.0,0.06300000000000006,0.06300000000000006
62,1,0,0,-0.052993299106375576,3.9470067008936245,10.5,9.899999999999999,82.42235024726874,79.9900376101922,1,0.7140000000000006,0.7140000000000001,0.1260000000000001,0.0,0.0,0.06300000000000006,0.06300000000000006
63,1,0,1,0.18702377915891022,4.0,10.5,9.899999999999999,82.41185024726873,79.97953761019221,1,0.7140000000000006,0.7140000000000001,0.1260000000000001,0.0,0.0,0.06300000000000006,0.06300000000000006
64,1,0,1,0.1870202957605188,4.0,10.5,9.899999999999999,82.40135024726875,79.96903761019222,1,0.7140000000000006,0.7140000000000001,0.1260000000000001,0.0,0.0,0.06300000000000006,0.06300000000000006
65,1,0,1,0.1870342636524883,4.0,10.5,9.899999999999999,82.39085024726876,79.95853761019224,1,0.7140000000000006,0.7140000000000001,0.1260000000000001,0.0,0.0,0.06300000000000006,0.06300000000000006
66,1,0,1,0.18700014945311103,4.0,10.5,9.899999999999999,82.38035024726877,79.94803761019223,1,0.7140000000000006,0.7140000000000001,0.1260000000000001,0.0,0.0,0.06300000000000006,0.06300000000000006
67,1,0,1,0.1870206398462123,4.0,10.5,9.899999999999999,82.36985024726879,79.93753761019224,1,0.7140000000000006,0.7140000000000001,0.1260000000000001,0.0,0.0,0.06300000000000006,0.06300000000000006
68,1,0,1,0.18699716076925604,4.0,10.5,9.899999999999999,82.35935024726878,79.92703761019224,1,0.7140000000000006,0.7140000000000001,0.1260000000000001,0.0,0.0,0.06300000000000006,0.06300000000000006
69,1,0,1,0.18701015082003522,4.0,10.5,9.899999999999999,82.34885024726879,79.91653761019224,1,0.7140000000000006,0.7140000000000001,0.1260000000000001,0.0,0.0,0.06300000000000006,0.06300000000000006
70,1,1,1,0.12200464936074797,4.0,10.5,9.899999999999999,82.33835024726879,79.90603761019226,1,0.7140000000000006,0.7140000000000001,0.1260000000000001,0.0,0.0,0.06300000000000006,0.06300000000000006
71,1,0,1,0.18701422089951145,4.0,10.5,9.899999999999999,82.32785024726878,79.89553761019226,1,0.7140000000000006,0.7140000000000001,0.1260000000000001,0.0,0.0,0.06300000000000006,0.06300000000000006
72,1,2,1,0.12200410683916804,4.0,10.5,9.899999999999999,82.3173502472688,79.88503761019227,1,0.7140000000000006,0.7140000000000001,0.1260000000000001,0.0,0.0,0.06300000000000006,0.06300000000000006
73,1,0,1,0.18701693381814666,4.0,10.5,9.899999999999999,82.30685024726881,79.87453761019229,1,0.7140000000000006,0.7140000000000001,0.1260000000000001,0.0,0.0,0.06300000000000006,0.06300000000000006
74,1,0,1,0.1869883386419246,4.0,10.5,9.899999999999999,82.29635024726882,79.86403761019228,1,0.7140000000000006,0.7140000000000001,0.1260000000000001,0.0,0.0,0.06300000000000006,0.06300000000000006
75,1,0,1,0.18702277059489308,4.0,10.5,9.899999999999999,82.28585024726884,79.85353761019229,1,0.7140000000000006,0.7140000000000001,0.1260000000000001,0.0,0.0,0.06300000000000006,0.06300000000000006
76,1,0,1,0.18702023238699203,4.0,10.5,9.899999999999999,82.27535024726883,79.8430376101923,1,0.7140000000000006,0.7140000000000001,0.1260000000000001,0.0,0.0,0.06300000000000006,0.06300000000000006
77,1,0,1,0.1870059889526102,4.0,10.5,9.899999999999999,82.26485024726884,79.83253761019229,1,0.7140000000000006,0.7140000000000001,0.1260000000000001,0.0,0.0,0.06300000000000006,0.06300000000000006
78,1,0,1,0.18700700455556768,4.0,10.5,9.899999999999999,82.25435024726885,79.82203761019231,1,0.7140000000000006,0.7140000000000001,0.1260000000000001,0.0,0.0,0.06300000000000006,0.06300000000000006
79,1,0,1,0.18701943010539943,4.0,10.5,9.899999999999999,82.24385024726884,79.81153761019232,1,0.7140000000000006,0.7140000000000001,0.1260000000000001,0.0,0.0,0.06300000000000006,0.06300000000000006
80,1,0,1,0.1870042485347603,4.0,10.5,9.899999999999999,82.23335024726886,79.80103761019232,1,0.7140000000000006,0.7140000000000001,0.1260000000000001,0.0,0.0,0.06300000000000006,0.06300000000000006
81,1,0,0,-0.05300306170674481,3.946996938293255,10.5,9.899999999999999,82.22285024726887,79.79053761019235,1,0.7140000000000006,0.7140000000000001,0.1260000000000001,0.0,0.0,0.06300000000000006,0.06300000000000006
82,1,0,1,0.18701412663764663,4.0,10.5,9.899999999999999,82.21235024726887,79.78003761019234,1,0.7140000000000006,0.7140000000000001,0.1260000000000001,0.0,0.0,0.06300000000000006,0.06300000000000006
83,1,1,1,0.12202629249495199,4.0,10.5,9.899999999999999,82.2018502472689,79.76953761019234,1,0.7140000000000006,0.7140000000000001,0.1260000000000001,0.0,0.0,0.06300000000000006,0.06300000000000006
84,1,0,1,0.18702119341072831,4.0,10.5,9.899999999999999,82.19135024726889,79.75903761019235,1,0.7140000000000006,0.7140000000000001,0.1260000000000001,0.0,0.0,0.06300000000000006,0.06300000000000006
85,1,1,1,0.12202004052951207,4.0,10.5,9.899999999999999,82.18085024726889,79.74853761019234,1,0.7140000000000006,0.7140000000000001,0.1260000000000001,0.0,0.0,0.06300000000000006,0.06300000000000006
86,1,0,1,0.1870125522812394,4.0,10.5,9.899999999999999,82.1703502472689,79.73803761019236,1,0.7140000000000006,0.7140000000000001,0.1260000000000001,0.0,0.0,0.06300000000000006,0.06300000000000006
87,1,2,1,0.1220029467969368,4.0,10.5,9.899999999999999,82.15985024726889,79.72753761019237,1,0.7140000000000006,0.7140000000000001,0.1260000000000001,0.0,0.0,0.06300000000000006,0.06300000000000006
88,1,2,1,0.122022132285295,4.0,10.5,9.899999999999999,82.14935024726891,79.71703761019238,1,0.7140000000000006,0.7140000000000001,0.1260000000000001,0.0,0.0,0.06300000000000006,0.06300000000000006
89,1,0,1,0.18701463689721795,4.0,10.5,9.899999999999999,82.13885024726892,79.7065376101924,1,0.7140000000000006,0.7140000000000001,0.1260000000000001,0.0,0.0,0.06300000000000006,0.06300000000000006
90,1,0,1,0.18701185237826454,4.0,10.5,9.899999999999999,82.12835024726893,79.69603761019239,1,0.7140000000000006,0.7140000000000001,0.1260000000000001,0.0,0.0,0.06300000000000006,0.06300000000000006
91,1,2,1,0.12200565001859875,4.0,10.5,9.899999999999999,82.11785024726895,79.6855376101924,1,0.7140000000000006,0.7140000000000001,0.1260000000000001,0.0,0.0,0.06300000000000006,0.06300000000000006
92,1,0,1,0.18700478404136572,4.0,10.5,9.899999999999999,82.10735024726894,79.6750376101924,1,0.7140000000000006,0.7140000000000001,0.1260000000000001,0.0,0.0,0.06300000000000006,0.06300000000000006
93,1,2,1,0.12203427843713896,4.0,10.5,9.899999999999999,82.09685024726895,79.6645376101924,1,0.7140000000000006,0.7140000000000001,0.1260000000000001,0.0,0.0,0.06300000000000006,0.06300000000000006
94,1,2,1,0.12200423586790629,4.0,10.5,9.899999999999999,82.08635024726895,79.65403761019242,1,0.7140000000000006,0.7140000000000001,0.1260000000000001,0.0,0.0,0.06300000000000006,0.06300000000000006
95,1,0,1,0.18702370777820604,4.0,10.5,9.899999999999999,82.07585024726895,79.64353761019242,1,0.7140000000000006,0.7140000000000001,0.1260000000000001,0.0,0.0,0.06300000000000006,0.06300000000000006
96,1,0,1,0.18699389438919442,4.0,10.5,9.899999999999999,82.06535024726897,79.63303761019243,1,0.7140000000000006,0.7140000000000001,0.1260000000000001,0.0,0.0,0.06300000000000006,0.06300000000000006
97,1,0,1,0.1870088643094578,4.0,10.5,9.899999999999999,82.05485024726897,79.62253761019245,1,0.7140000000000006,0.7140000000000001,0.1260000000000001,0.0,0.0,0.06300000000000006,0.06300000000000006
98,1,1,1,0.12202001796103205,4.0,10.5,9.899999999999999,82.04435024726898,79.61203761019244,1,0.7140000000000006,0.7140000000000001,0.1260000000000001,0.0,0.0,0.06300000000000006,0.06300000000000006
99,1,0,1,0.18700565147799603,4.0,10.5,9.899999999999999,82.033850247269,79.60153761019245,1,0.7140000000000006,0.7140000000000001,0.1260000000000001,0.0,0.0,0.06300000000000006,0.06300000000000006
100,1,0,1,0.18700067369928877,4.0,10.5,9.899999999999999,82.023350247269,79.59103761019246,1,0.7140000000000006,0.7140000000000001,0.1260000000000001,0.0,0.0,0.06300000000000006,0.06300000000000006
101,1,0,1,0.18701167417205952,4.0,10.5,9.899999999999999,82.012850247269,79.58053761019245,1,0.7140000000000006,0.7140000000000001,0.1260000000000001,0.0,0.0,0.06300000000000006,0.06300000000000006
102,1,0,1,0.18701145881566714,4.0,10.5,9.899999999999999,82.002350247269,79.57003761019247,1,0.7140000000000006,0.7140000000000001,0.1260000000000001,0.0,0.0,0.06300000000000006,0.06300000000000006
103,1,0,1,0.18701401589398273,4.0,10.5,9.899999999999999,81.991850247269,79.55953761019248,1,0.7140000000000006,0.7140000000000001,0.1260000000000001,0.0,0.0,0.06300000000000006,0.06300000000000006
104,1,0,1,0.18701108815813958,4.0,10.5,9.899999999999999,81.98135024726902,79.54903761019249,1,0.7140000000000006,0.7140000000000001,0.1260000000000001,0.0,0.0,0.06300000000000006,0.06300000000000006
105,1,0,0,-0.05300139410184872,3.9469986058981514,10.5,9.899999999999999,81.97085024726903,79.5385376101925,1,0.7140000000000006,0.7140000000000001,0.1260000000000001,0.0,0.0,0.06300000000000006,0.06300000000000006
106,1,0,1,0.1870118219680348,4.0,10.5,9.899999999999999,81.96035024726903,79.5280376101925,1,0.7140000000000006,0.7140000000000001,0.1260000000000001,0.0,0.0,0.06300000000000006,0.06300000000000006
107,1,0,1,0.1870122886375598,4.0,10.5,9.899999999999999,81.94985024726905,79.5175376101925,1,0.7140000000000006,0.7140000000000001,0.1260000000000001,0.0,0.0,0.06300000000000006,0.06300000000000006
108,1,0,0,-0.052970841458361485,3.9470291585416386,10.5,9.899999999999999,81.93935024726905,79.50703761019251,1,0.7140000000000006,0.7140000000000001,0.1260000000000001,0.0,0.0,0.06300000000000006,0.06300000000000006
109,1,0,1,0.18700959821332633,4.0,10.5,9.899999999999999,81.92885024726905,79.4965376101925,1,0.7140000000000006,0.7140000000000001,0.1260000000000001,0.0,0.0,0.06300000000000006,0.06300000000000006
110,1,0,1,0.18702751749923577,4.0,10.5,9.899999999999999,81.91835024726906,79.48603761019253,1,0.7140000000000006,0.7140000000000001,0.1260000000000001,0.0,0.0,0.06300000000000006,0.06300000000000006
111,1,0,1,0.18700358880358464,4.0,10.5,9.899999999999999,81.90785024726905,79.47553761019253,1,0.7140000000000006,0.7140000000000001,0.1260000000000001,0.0,0.0,0.06300000000000006,0.06300000000000006
112,1,0,1,0.18701710731010837,4.0,10.5,9.899999999999999,81.89735024726907,79.46503761019254,1,0.7140000000000006,0.7140000000000001,0.1260000000000001,0.0,0.0,0.06300000000000006,0.06300000000000006
113,1,0,1,0.18699175823058514,4.0,10.5,9.899999999999999,81.88685024726908,79.45453761019256,1,0.7140000000000006,0.7140000000000001,0.1260000000000001,0.0,0.0,0.06300000000000006,0.06300000000000006
114,1,1,1,0.12200369298514253,4.0,10.5,9.899999999999999,81.87635024726909,79.44403761019255,1,0.7140000000000006,0.7140000000000001,0.1260000000000001,0.0,0.0,0.06300000000000006,0.06300000000000006
115,1,0,1,0.18701098785699127,4.0,10.5,9.899999999999999,81.86585024726911,79.43353761019256,1,0.7140000000000006,0.7140000000000001,0.1260000000000001,0.0,0.0,0.06300000000000006,0.06300000000000006
116,1,0,1,0.1870175821090235,4.0,10.5,9.899999999999999,81.8553502472691,79.42303761019257,1,0.7140000000000006,0.7140000000000001,0.1260000000000001,0.0,0.0,0.06300000000000006,0.06300000000000006
117,1,0,0,-0.05297561923149266,3.9470243807685073,10.5,9.899999999999999,81.84485024726911,79.41253761019256,1,0.7140000000000006,0.7140000000000001,0.1260000000000001,0.0,0.0,0.06300000000000006,0.06300000000000006
118,1,0,0,-0.052981573636455365,3.894042807132052,10.5,9.899999999999999,81.83435024726911,79.40203761019258,1,0.7140000000000006,0.7140000000000001,0.1260000000000001,0.0,0.0,0.06300000000000006,0.06300000000000006
119,1,0,0,-0.052977366494569446,3.8410654406374825,10.5,9.899999999999999,81.8238502472691,79.39153761019259,1,0.7140000000000006,0.7140000000000001,0.1260000000000001,0.0,0.0,0.06300000000000006,0.06300000000000006
120,1,0,1,0.18700832778014398,4.0,10.5,9.899999999999999,81.81335024726913,79.38103761019259,1,0.7140000000000006,0.7140000000000001,0.1260000000000001,0.0,0.0,0.06300000000000006,0.06300000000000006
121,1,0,0,-0.05299076669884708,3.947009233301153,10.5,9.899999999999999,81.80285024726913,79.37053761019261,1,0.7140000000000006,0.7140000000000001,0.1260000000000001,0.0,0.0,0.06300000000000006,0.06300000000000006
122,1,0,1,0.18701221926490363,4.0,10.5,9.899999999999999,81.79235024726914,79.3600376101926,1,0.7140000000000006,0.7140000000000001,0.1260000000000001,0.0,0.0,0.06300000000000006,0.06300000000000006
123,1,0,1,0.1870091356181109,4.0,10.5,9.899999999999999,81.78185024726916,79.34953761019261,1,0.7140000000000006,0.7140000000000001,0.1260000000000001,0.0,0.0,0.06300000000000006,0.06300000000000006
124,1,0,1,0.1870126804195101,4.0,10.5,9.899999999999999,81.77135024726915,79.33903761019262,1,0.7140000000000006,0.7140000000000001,0.1260000000000001,0.0,0.0,0.06300000000000006,0.06300000000000006
125,1,0,1,0.18701612743758061,4.0,10.5,9.899999999999999,81.76085024726916,79.32853761019261,1,0.7140000000000006,0.7140000000000001,0.1260000000000001,0.0,0.0,0.06300000000000006,0.06300000000000006
126,1,1,1,0.12200396206832562,4.0,10.5,9.899999999999999,81.75035024726917,79.31803761019263,1,0.7140000000000006,0.7140000000000001,0.1260000000000001,0.0,0.0,0.06300000000000006,0.06300000000000006
127,1,0,1,0.18702551438871176,4.0,10.5,9.899999999999999,81.73985024726916,79.30753761019264,1,0.7140000000000006,0.7140000000000001,0.1260000000000001,0.0,0.0,0.06300000000000006,0.06300000000000006
128,1,0,1,0.18701799892215057,4.0,10.5,9.899999999999999,81.72935024726918,79.29703761019265,2,0.7140000000000006,0.7140000000000001,0.1260000000000001,0.0,0.0,0.06300000000000006,0.06300000000000006
129,1,0,1,0.18700759601264902,4.0,10.5,9.899999999999999,81.71885024726919,79.28653761019267,2,0.7140000000000006,0.7140000000000001,0.1260000000000001,0.0,0.0,0.06300000000000006,0.06300000000000006
130,1,0,1,0.18702248537945995,4.0,10.5,9.899999999999999,81.7083502472692,79.27603761019266,2,0.7140000000000006,0.7140000000000001,0.1260000000000001,0.0,0.0,0.06300000000000006,0.06300000000000006
131,1,0,1,0.1869928643525218,4.0,10.5,9.899999999999999,81.69785024726922,79.26553761019267,2,0.7140000000000006,0.7140000000000001,0.1260000000000001,0.0,0.0,0.06300000000000006,0.06300000000000006
132,1,0,1,0.1870142921883736,4.0,10.5,9.899999999999999,81.68735024726921,79.25503761019267,2,0.7140000000000006,0.7140000000000001,0.1260000000000001,0.0,0.0,0.06300000000000006,0.06300000000000006
133,1,0,1,0.18698943169238144,4.0,10.5,9.899999999999999,81.67685024726921,79.24453761019267,2,0.7140000000000006,0.7140000000000001,0.1260000000000001,0.0,0.0,0.06300000000000006,0.06300000000000006
134,1,0,1,0.18700365143677108,4.0,10.5,9.899999999999999,81.66635024726922,79.23403761019269,2,0.7140000000000006,0.7140000000000001,0.1260000000000001,0.0,0.0,0.06300000000000006,0.06300000000000006
135,1,0,1,0.18702354201183313,4.0,10.5,9.899999999999999,81.65585024726921,79.2235376101927,2,0.7140000000000006,0.7140000000000001,0.1260000000000001,0.0,0.0,0.06300000000000006,0.06300000000000006
136,1,0,1,0.1870089696152097,4.0,10.5,9.899999999999999,81.64535024726923,79.2130376101927,2,0.7140000000000006,0.7140000000000001,0.1260000000000001,0.0,0.0,0.06300000000000006,0.06300000000000006
137,1,0,1,0.1870001390439208,4.0,10.5,9.899999999999999,81.63485024726924,79.20253761019272,2,0.7140000000000006,0.7140000000000001,0.1260000000000001,0.0,0.0,0.06300000000000006,0.06300000000000006
138,1,0,1,0.18699636086812013,4.0,10.5,9.899999999999999,81.62435024726925,79.19203761019271,2,0.7140000000000006,0.7140000000000001,0.1260000000000001,0.0,0.0,0.06300000000000006,0.06300000000000006
139,1,0,1,0.18700889169191118,4.0,10.5,9.899999999999999,81.61385024726927,79.18153761019272,2,0.7140000000000006,0.7140000000000001,0.1260000000000001,0.0,0.0,0.06300000000000006,0.06300000000000006
140,1,0,1,0.18700850041905018,4.0,10.5,9.899999999999999,81.60335024726926,79.17103761019273,2,0.7140000000000006,0.7140000000000001,0.1260000000000001,0.0,0.0,0.06300000000000006,0.06300000000000006
141,1,0,1,0.18700822910555498,4.0,10.5,9.899999999999999,81.59285024726927,79.16053761019272,2,0.7140000000000006,0.7140000000000001,0.1260000000000001,0.0,0.0,0.06300000000000006,0.06300000000000006
142,1,0,1,0.18701645492593577,4.0,10.5,9.899999999999999,81.58235024726928,79.15003761019274,2,0.7140000000000006,0.7140000000000001,0.1260000000000001,0.0,0.0,0.06300000000000006,0.06300000000000006
143,1,0,0,-0.05299180396013433,3.9470081960398655,10.5,9.899999999999999,81.57185024726927,79.13953761019275,2,0.7140000000000006,0.7140000000000001,0.1260000000000001,0.0,0.0,0.06300000000000006,0.06300000000000006
144,1,0,1,0.1870254788841441,4.0,10.5,9.899999999999999,81.56135024726929,79.12903761019275,2,0.7140000000000006,0.7140000000000001,0.1260000000000001,0.0,0.0,0.06300000000000006,0.06300000000000006
145,1,0,1,0.18700381183986345,4.0,10.5,9.899999999999999,81.5508502472693,79.11853761019277,2,0.7140000000000006,0.7140000000000001,0.1260000000000001,0.0,0.0,0.06300000000000006,0.06300000000000006
146,1,0,0,-0.05300531120598575,3.9469946887940144,10.5,9.899999999999999,81.5403502472693,79.10803761019277,2,0.7140000000000006,0.7140000000000001,0.1260000000000001,0.0,0.0,0.06300000000000006,0.06300000000000006
147,1,0,1,0.18699820074326118,4.0,10.5,9.899999999999999,81.52985024726932,79.09753761019277,2,0.7140000000000006,0.7140000000000001,0.1260000000000001,0.0,0.0,0.06300000000000006,0.06300000000000006
148,1,0,1,0.18701577695185795,4.0,10.5,9.899999999999999,81.51935024726932,79.08703761019278,2,0.7140000000000006,0.7140000000000001,0.1260000000000001,0.0,0.0,0.06300000000000006,0.06300000000000006
149,1,2,1,0.12199140677275924,4.0,10.5,9.899999999999999,81.50885024726932,79.07653761019277,2,0.7140000000000006,0.7140000000000001,0.1260000000000001,0.0,0.0,0.06300000000000006,0.06300000000000006
150,1,2,1,0.12201665042140664,4.0,10.5,9.899999999999999,81.49835024726933,79.0660376101928,2,0.7140000000000006,0.7140000000000001,0.1260000000000001,0.0,0.0,0.06300000000000006,0.06300000000000006
151,1,0,1,0.1870108063865569,4.0,10.5,9.899999999999999,81.48785024726932,79.0555376101928,2,0.7140000000000006,0.7140000000000001,0.1260000000000001,0.0,0.0,0.06300000000000006,0.06300000000000006
152,1,0,1,0.18699269005931154,4.0,10.5,9.899999999999999,81.47735024726934,79.04503761019281,2,0.7140000000000006,0.7140000000000001,0.1260000000000001,0.0,0.0,0.06300000000000006,0.06300000000000006
153,1,0,1,0.1870130260369187,4.0,10.5,9.899999999999999,81.46685024726935,79.03453761019283,2,0.7140000000000006,0.7140000000000001,0.1260000000000001,0.0,0.0,0.06300000000000006,0.06300000000000006
154,1,0,0,-0.05298279366215424,3.9470172063378457,10.5,9.899999999999999,81.45635024726936,79.02403761019282,2,0.7140000000000006,0.7140000000000001,0.1260000000000001,0.0,0.0,0.06300000000000006,0.06300000000000006
155,1,0,1,0.1870253091465909,4.0,10.5,9.899999999999999,81.44585024726938,79.01353761019283,2,0.7140000000000006,0.7140000000000001,0.1260000000000001,0.0,0.0,0.06300000000000006,0.06300000000000006
156,1,0,1,0.18701333371313872,4.0,10.5,9.899999999999999,81.43535024726937,79.00303761019283,2,0.7140000000000006,0.7140000000000001,0.1260000000000001,0.0,0.0,0.06300000000000006,0.06300000000000006
157,1,0,1,0.18698815277172667,4.0,10.5,9.899999999999999,81.42485024726938,78.99253761019283,2,0.7140000000000006,0.7140000000000001,0.1260000000000001,0.0,0.0,0.06300000000000006,0.06300000000000006
158,1,0,1,0.18700104925181701,4.0,10.5,9.899999999999999,81.41435024726938,78.98203761019285,2,0.7140000000000006,0.7140000000000001,0.1260000000000001,0.0,0.0,0.06300000000000006,0.06300000000000006
159,1,0,1,0.18700317889991255,4.0,10.5,9.899999999999999,81.40385024726938,78.97153761019285,2,0.7140000000000006,0.7140000000000001,0.1260000000000001,0.0,0.0,0.06300000000000006,0.06300000000000006
160,1,0,1,0.18701301009417237,4.0,10.5,9.899999999999999,81.3933502472694,78.96103761019286,2,0.7140000000000006,0.7140000000000001,0.1260000000000001,0.0,0.0,0.06300000000000006,0.06300000000000006
161,1,0,1,0.18701501401924028,4.0,10.5,9.899999999999999,81.3828502472694,78.95053761019288,2,0.7140000000000006,0.7140000000000001,0.1260000000000001,0.0,0.0,0.06300000000000006,0.06300000000000006
162,1,0,1,0.18701739627664168,4.0,10.5,9.899999999999999,81.37235024726941,78.94003761019287,2,0.7140000000000006,0.7140000000000001,0.1260000000000001,0.0,0.0,0.06300000000000006,0.06300000000000006
163,1,0,1,0.18701761604353886,4.0,10.5,9.899999999999999,81.36185024726943,78.92953761019288,2,0.7140000000000006,0.7140000000000001,0.1260000000000001,0.0,0.0,0.06300000000000006,0.06300000000000006
164,1,0,1,0.18701190640799337,4.0,10.5,9.899999999999999,81.35135024726942,78.91903761019289,2,0.7140000000000006,0.7140000000000001,0.1260000000000001,0.0,0.0,0.06300000000000006,0.06300000000000006
165,1,0,1,0.1869946449936747,4.0,10.5,9.899999999999999,81.34085024726943,78.90853761019288,2,0.7140000000000006,0.7140000000000001,0.1260000000000001,0.0,0.0,0.06300000000000006,0.06300000000000006
166,1,0,0,-0.05299252952120666,3.9470074704787934,10.5,9.899999999999999,81.33035024726944,78.8980376101929,2,0.7140000000000006,0.7140000000000001,0.1260000000000001,0.0,0.0,0.06300000000000006,0.06300000000000006
167,1,0,1,0.18699975199778915,4.0,10.5,9.899999999999999,81.31985024726943,78.88753761019291,2,0.7140000000000006,0.7140000000000001,0.1260000000000001,0.0,0.0,0.06300000000000006,0.06300000000000006
168,1,0,0,-0.05299467897888236,3.9470053210211176,10.5,9.899999999999999,81.30935024726945,78.87703761019291,2,0.7140000000000006,0.7140000000000001,0.1260000000000001,0.0,0.0,0.06300000000000006,0.06300000000000006
169,1,0,1,0.18700280695402874,4.0,10.5,9.899999999999999,81.29885024726946,78.86653761019294,2,0.7140000000000006,0.7140000000000001,0.1260000000000001,0.0,0.0,0.06300000000000006,0.06300000000000006
170,1,0,1,0.1870117880228163,4.0,10.5,9.899999999999999,81.28835024726946,78.85603761019293,2,0.7140000000000006,0.7140000000000001,0.1260000000000001,0.0,0.0,0.06300000000000006,0.06300000000000006
171,1,1,0,-0.11799587936804401,3.882004120631956,10.5,9.899999999999999,81.27785024726948,78.84553761019293,2,0.7140000000000006,0.7140000000000001,0.1260000000000001,0.0,0.0,0.06300000000000006,0.06300000000000006
172,1,0,1,0.18700471810696484,4.0,10.5,9.899999999999999,81.26735024726948,78.83503761019294,2,0.7140000000000006,0.7140000000000001,0.1260000000000001,0.0,0.0,0.06300000000000006,0.06300000000000006
173,1,0,1,0.1869992694011588,4.0,10.5,9.899999999999999,81.25685024726948,78.82453761019293,2,0.7140000000000006,0.7140000000000001,0.1260000000000001,0.0,0.0,0.06300000000000006,0.06300000000000006
174,1,0,1,0.18700788198590912,4.0,10.5,9.899999999999999,81.24635024726949,78.81403761019295,2,0.7140000000000006,0.7140000000000001,0.1260000000000001,0.0,0.0,0.06300000000000006,0.06300000000000006
175,1,2,1,0.12200543377357354,4.0,10.5,9.899999999999999,81.23585024726948,78.80353761019296,2,0.7140000000000006,0.7140000000000001,0.1260000000000001,0.0,0.0,0.06300000000000006,0.06300000000000006
176,1,0,1,0.1869904905715799,4.0,10.5,9.899999999999999,81.2253502472695,78.79303761019297,2,0.7140000000000006,0.7140000000000001,0.1260000000000001,0.0,0.0,0.06300000000000006,0.06300000000000006
177,1,0,1,0.18700807476409895,4.0,10.5,9.899999999999999,81.21485024726951,78.78253761019299,2,0.7140000000000006,0.7140000000000001,0.1260000000000001,0.0,0.0,0.06300000000000006,0.06300000000000006
178,1,0,0,-0.052994074127945476,3.9470059258720545,10.5,9.899999999999999,81.20435024726952,78.77203761019298,2,0.7140000000000006,0.7140000000000001,0.1260000000000001,0.0,0.0,0.06300000000000006,0.06300000000000006
179,1,0,1,0.1870052937911129,4.0,10.5,9.899999999999999,81.19385024726954,78.76153761019299,2,0.7140000000000006,0.7140000000000001,0.1260000000000001,0.0,0.0,0.06300000000000006,0.06300000000000006
180,1,0,1,0.1870204322659334,4.0,10.5,9.899999999999999,81.18335024726953,78.751037610193,2,0.7140000000000006,0.7140000000000001,0.1260000000000001,0.0,0.0,0.06300000000000006,0.06300000000000006
181,1,0,1,0.18698749800386844,4.0,10.5,9.899999999999999,81.17285024726954,78.74053761019299,2,0.7140000000000006,0.7140000000000001,0.1260000000000001,0.0,0.0,0.06300000000000006,0.06300000000000006
182,1,0,1,0.18701675699829587,4.0,10.5,9.899999999999999,81.16235024726954,78.73003761019301,2,0.7140000000000006,0.7140000000000001,0.1260000000000001,0.0,0.0,0.06300000000000006,0.06300000000000006
183,1,0,1,0.1870086842682665,4.0,10.5,9.899999999999999,81.15185024726954,78.71953761019302,2,0.7140000000000006,0.7140000000000001,0.1260000000000001,0.0,0.0,0.06300000000000006,0.06300000000000006
184,1,0,1,0.18699496749561823,4.0,10.5,9.899999999999999,81.14135024726956,78.70903761019302,2,0.7140000000000006,0.7140000000000001,0.1260000000000001,0.0,0.0,0.06300000000000006,0.06300000000000006
185,1,0,1,0.18701031688519296,4.0,10.5,9.899999999999999,81.13085024726956,78.69853761019304,2,0.7140000000000006,0.7140000000000001,0.1260000000000001,0.0,0.0,0.06300000000000006,0.06300000000000006
186,1,2,1,0.12201550381161456,4.0,10.5,9.899999999999999,81.12035024726957,78.68803761019304,2,0.7140000000000006,0.7140000000000001,0.1260000000000001,0.0,0.0,0.06300000000000006,0.06300000000000006
187,1,0,1,0.18700333233965272,4.0,10.5,9.899999999999999,81.10985024726959,78.67753761019304,2,0.7140000000000006,0.7140000000000001,0.1260000000000001,0.0,0.0,0.06300000000000006,0.06300000000000006
188,1,0,1,0.18702116305311614,4.0,10.5,9.899999999999999,81.09935024726958,78.66703761019305,2,0.7140000000000006,0.7140000000000001,0.1260000000000001,0.0,0.0,0.06300000000000006,0.06300000000000006
189,1,0,1,0.187007341962315,4.0,10.5,9.899999999999999,81.08885024726959,78.65653761019304,2,0.7140000000000006,0.7140000000000001,0.1260000000000001,0.0,0.0,0.06300000000000006,0.06300000000000006
190,1,0,1,0.18701447254057796,4.0,10.5,9.899999999999999,81.0783502472696,78.64603761019306,2,0.7140000000000006,0.7140000000000001,0.1260000000000001,0.0,0.0,0.06300000000000006,0.06300000000000006
191,1,0,1,0.1870151187303908,4.0,10.5,9.899999999999999,81.06785024726959,78.63553761019307,2,0.7140000000000006,0.7140000000000001,0.1260000000000001,0.0,0.0,0.06300000000000006,0.06300000000000006
192,1,0,0,-0.05298291172424095,3.947017088275759,10.5,9.899999999999999,81.05735024726961,78.62503761019308,2,0.7140000000000006,0.7140000000000001,0.1260000000000001,0.0,0.0,0.06300000000000006,0.06300000000000006
193,1,0,1,0.18700045258545706,4.0,10.5,9.899999999999999,81.04685024726962,78.6145376101931,2,0.7140000000000006,0.7140000000000001,0.1260000000000001,0.0,0.0,0.06300000000000006,0.06300000000000006
194,1,0,1,0.1869980232082162,4.0,10.5,9.899999999999999,81.03635024726962,78.60403761019309,2,0.7140000000000006,0.7140000000000001,0.1260000000000001,0.0,0.0,0.06300000000000006,0.06300000000000006
195,1,0,1,0.18699950955595873,4.0,10.5,9.899999999999999,81.02585024726964,78.5935376101931,2,0.7140000000000006,0.7140000000000001,0.1260000000000001,0.0,0.0,0.06300000000000006,0.06300000000000006
196,1,0,1,0.18701471177451745,4.0,10.5,9.899999999999999,81.01535024726964,78.5830376101931,2,0.7140000000000006,0.7140000000000001,0.1260000000000001,0.0,0.0,0.06300000000000006,0.06300000000000006
197,1,0,1,0.18700947499591092,4.0,10.5,9.899999999999999,81.00485024726964,78.5725376101931,2,0.7140000000000006,0.7140000000000001,0.1260000000000001,0.0,0.0,0.06300000000000006,0.06300000000000006
198,1,0,0,-0.05297075824302609,3.947029241756974,10.5,9.899999999999999,80.99435024726965,78.56203761019312,2,0.7140000000000006,0.7140000000000001,0.1260000000000001,0.0,0.0,0.06300000000000006,0.06300000000000006
199,1,0,1,0.18701653094842954,4.0,10.5,9.899999999999999,80.98385024726964,78.55153761019312,2,0.7140000000000006,0.7140000000000001,0.1260000000000001,0.0,0.0,0.06300000000000006,0.06300000000000006
200,1,0,1,0.1870061498331452,4.0,10.5,9.899999999999999,80.97335024726966,78.54103761019313,2,0.7140000000000006,0.7140000000000001,0.1260000000000001,0.0,0.0,0.06300000000000006,0.06300000000000006
201,1,0,1,0.18701166328806149,4.0,10.5,9.899999999999999,80.96285024726967,78.53053761019315,2,0.7140000000000006,0.7140000000000001,0.1260000000000001,0.0,0.0,0.06300000000000006,0.06300000000000006
202,1,0,1,0.1870103378104186,4.0,10.5,9.899999999999999,80.95235024726968,78.52003761019314,2,0.7140000000000006,0.7140000000000001,0.1260000000000001,0.0,0.0,0.06300000000000006,0.06300000000000006
203,1,1,1,0.12200108678016047,4.0,10.5,9.899999999999999,80.9418502472697,78.50953761019315,2,0.7140000000000006,0.7140000000000001,0.1260000000000001,0.0,0.0,0.06300000000000006,0.06300000000000006
204,1,0,1,0.1869911404235055,4.0,10.5,9.899999999999999,80.93135024726969,78.49903761019316,2,0.7140000000000006,0.7140000000000001,0.1260000000000001,0.0,0.0,0.06300000000000006,0.06300000000000006
205,1,0,1,0.18701875836865092,4.0,10.5,9.899999999999999,80.9208502472697,78.48853761019315,2,0.7140000000000006,0.7140000000000001,0.1260000000000001,0.0,0.0,0.06300000000000006,0.06300000000000006
206,1,0,1,0.1869992290398308,4.0,10.5,9.899999999999999,80.9103502472697,78.47803761019317,2,0.7140000000000006,0.7140000000000001,0.1260000000000001,0.0,0.0,0.06300000000000006,0.06300000000000006
207,1,0,1,0.18698654573876086,4.0,10.5,9.899999999999999,80.8998502472697,78.46753761019318,2,0.7140000000000006,0.7140000000000001,0.1260000000000001,0.0,0.0,0.06300000000000006,0.06300000000000006
208,1,0,0,-0.05299412298396961,3.9470058770160303,10.5,9.899999999999999,80.88935024726972,78.45703761019318,2,0.7140000000000006,0.7140000000000001,0.1260000000000001,0.0,0.0,0.06300000000000006,0.06300000000000006
209,1,0,1,0.1870028701982629,4.0,10.5,9.899999999999999,80.87885024726972,78.4465376101932,2,0.7140000000000006,0.7140000000000001,0.1260000000000001,0.0,0.0,0.06300000000000006,0.06300000000000006
210,1,0,1,0.18699927696709603,4.0,10.5,9.899999999999999,80.86835024726973,78.4360376101932,2,0.7140000000000006,0.7140000000000001,0.1260000000000001,0.0,0.0,0.06300000000000006,0.06300000000000006
211,1,0,1,0.18700222767663255,4.0,10.5,9.899999999999999,80.85785024726975,78.4255376101932,2,0.7140000000000006,0.7140000000000001,0.1260000000000001,0.0,0.0,0.06300000000000006,0.06300000000000006
212,1,0,1,0.18699070315879676,4.0,10.5,9.899999999999999,80.84735024726974,78.41503761019321,2,0.7140000000000006,0.7140000000000001,0.1260000000000001,0.0,0.0,0.06300000000000006,0.06300000000000006
213,1,0,0,-0.05298038247674688,3.947019617523253,10.5,9.899999999999999,80.83685024726975,78.4045376101932,2,0.7140000000000006,0.7140000000000001,0.1260000000000001,0.0,0.0,0.06300000000000006,0.06300000000000006
214,1,0,1,0.18700458446764626,4.0,10.5,9.899999999999999,80.82635024726976,78.39403761019322,2,0.7140000000000006,0.7140000000000001,0.1260000000000001,0.0,0.0,0.06300000000000006,0.06300000000000006
215,1,0,1,0.1869914355731191,4.0,10.5,9.899999999999999,80.81585024726975,78.38353761019323,2,0.7140000000000006,0.7140000000000001,0.1260000000000001,0.0,0.0,0.06300000000000006,0.06300000000000006
216,1,0,1,0.18701299594226894,4.0,10.5,9.899999999999999,80.80535024726977,78.37303761019324,2,0.7140000000000006,0.7140000000000001,0.1260000000000001,0.0,0.0,0.06300000000000006,0.06300000000000006
217,1,0,1,0.18698912700267611,4.0,10.5,9.899999999999999,80.79485024726978,78.36253761019326,2,0.7140000000000006,0.7140000000000001,0.1260000000000001,0.0,0.0,0.06300000000000006,0.06300000000000006
218,1,0,1,0.1870073267890161,4.0,10.5,9.899999999999999,80.78435024726978,78.35203761019325,2,0.7140000000000006,0.7140000000000001,0.1260000000000001,0.0,0.0,0.06300000000000006,0.06300000000000006
219,1,0,1,0.18700076039156527,4.0,10.5,9.899999999999999,80.7738502472698,78.34153761019326,2,0.7140000000000006,0.7140000000000001,0.1260000000000001,0.0,0.0,0.06300000000000006,0.06300000000000006
220,1,0,1,0.18701145630621363,4.0,10.5,9.899999999999999,80.7633502472698,78.33103761019326,2,0.7140000000000006,0.7140000000000001,0.1260000000000001,0.0,0.0,0.06300000000000006,0.06300000000000006
221,1,0,1,0.18701255657106025,4.0,10.5,9.899999999999999,80.7528502472698,78.32053761019326,2,0.7140000000000006,0.7140000000000001,0.1260000000000001,0.0,0.0,0.06300000000000006,0.06300000000000006
222,1,0,1,0.18700482006422747,4.0,10.5,9.899999999999999,80.74235024726981,78.31003761019328,2,0.7140000000000006,0.7140000000000001,0.1260000000000001,0.0,0.0,0.06300000000000006,0.06300000000000006
223,1,0,0,-0.05300443630963545,3.9469955636903644,10.5,9.899999999999999,80.7318502472698,78.29953761019328,2,0.7140000000000006,0.7140000000000001,0.1260000000000001,0.0,0.0,0.06300000000000006,0.06300000000000006
224,1,0,1,0.18700559794254365,4.0,10.5,9.899999999999999,80.72135024726983,78.28903761019329,2,0.7140000000000006,0.7140000000000001,0.1260000000000001,0.0,0.0,0.06300000000000006,0.06300000000000006
225,1,0,1,0.18701844820212477,4.0,10.5,9.899999999999999,80.71085024726983,78.27853761019331,2,0.7140000000000006,0.7140000000000001,0.1260000000000001,0.0,0.0,0.06300000000000006,0.06300000000000006
226,1,0,1,0.1869959952865829,4.0,10.5,9.899999999999999,80.70035024726984,78.2680376101933,2,0.7140000000000006,0.7140000000000001,0.1260000000000001,0.0,0.0,0.06300000000000006,0.06300000000000006
227,1,0,0,-0.05298636511189823,3.9470136348881018,10.5,9.899999999999999,80.68985024726986,78.25753761019331,2,0.7140000000000006,0.7140000000000001,0.1260000000000001,0.0,0.0,0.06300000000000006,0.06300000000000006
228,1,0,0,-0.05299714089532374,3.894016493992778,10.5,9.899999999999999,80.67935024726985,78.24703761019332,2,0.7140000000000006,0.7140000000000001,0.1260000000000001,0.0,0.0,0.06300000000000006,0.06300000000000006
229,1,2,0,-0.11798297609215888,3.7760335179006193,10.5,9.899999999999999,80.66885024726986,78.23653761019331,2,0.7140000000000006,0.7140000000000001,0.1260000000000001,0.0,0.0,0.06300000000000006,0.06300000000000006
230,1,0,1,0.18700007564617366,3.963033593546793,10.5,9.899999999999999,80.65835024726987,78.22603761019333,2,0.7140000000000006,0.7140000000000001,0.1260000000000001,0.0,0.0,0.06300000000000006,0.06300000000000006
231,1,0,1,0.187009502131026,4.0,10.5,9.899999999999999,80.64785024726986,78.21553761019334,2,0.7140000000000006,0.7140000000000001,0.1260000000000001,0.0,0.0,0.06300000000000006,0.06300000000000006
232,1,0,1,0.18702061146821622,4.0,10.5,9.899999999999999,80.63735024726988,78.20503761019334,2,0.7140000000000006,0.7140000000000001,0.1260000000000001,0.0,0.0,0.06300000000000006,0.06300000000000006
233,1,0,1,0.18701089533533283,4.0,10.5,9.899999999999999,80.62685024726989,78.19453761019336,2,0.7140000000000006,0.7140000000000001,0.1260000000000001,0.0,0.0,0.06300000000000006,0.06300000000000006
234,1,0,1,0.18700589758705244,4.0,10.5,9.899999999999999,80.61635024726989,78.18403761019336,2,0.7140000000000006,0.7140000000000001,0.1260000000000001,0.0,0.0,0.06300000000000006,0.06300000000000006
235,1,0,1,0.187024008875201,4.0,10.5,9.899999999999999,80.60585024726991,78.17353761019336,2,0.7140000000000006,0.7140000000000001,0.1260000000000001,0.0,0.0,0.06300000000000006,0.06300000000000006
236,1,0,1,0.18700299538736043,4.0,10.5,9.899999999999999,80.5953502472699,78.16303761019337,2,0.7140000000000006,0.7140000000000001,0.1260000000000001,0.0,0.0,0.06300000000000006,0.06300000000000006
237,1,0,1,0.18699738065494645,4.0,10.5,9.899999999999999,80.58485024726991,78.15253761019336,2,0.7140000000000006,0.7140000000000001,0.1260000000000001,0.0,0.0,0.06300000000000006,0.06300000000000006
238,1,0,0,-0.05299540527486977,3.94700459472513,10.5,9.899999999999999,80.57435024726992,78.14203761019338,2,0.7140000000000006,0.7140000000000001,0.1260000000000001,0.0,0.0,0.06300000000000006,0.06300000000000006
239,1,0,1,0.18702787276648208,4.0,10.5,9.899999999999999,80.56385024726991,78.13153761019339,2,0.7140000000000006,0.7140000000000001,0.1260000000000001,0.0,0.0,0.06300000000000006,0.06300000000000006
240,1,0,0,-0.05300082538275181,3.946999174617248,10.5,9.899999999999999,80.55335024726993,78.1210376101934,2,0.7140000000000006,0.7140000000000001,0.1260000000000001,0.0,0.0,0.06300000000000006,0.06300000000000006
241,1,0,1,0.18700769103442624,4.0,10.5,9.899999999999999,80.54285024726994,78.11053761019342,2,0.7140000000000006,0.7140000000000001,0.1260000000000001,0.0,0.0,0.06300000000000006,0.06300000000000006
242,1,0,1,0.1869959388741536,4.0,10.5,9.899999999999999,80.53235024726995,78.10003761019341,2,0.7140000000000006,0.7140000000000001,0.1260000000000001,0.0,0.0,0.06300000000000006,0.06300000000000006
243,1,0,1,0.18701611781446784,4.0,10.5,9.899999999999999,80.52185024726997,78.08953761019342,2,0.7140000000000006,0.7140000000000001,0.1260000000000001,0.0,0.0,0.06300000000000006,0.06300000000000006
244,1,0,1,0.1870185115354079,4.0,10.5,9.899999999999999,80.51135024726996,78.07903761019342,2,0.7140000000000006,0.7140000000000001,0.1260000000000001,0.0,0.0,0.06300000000000006,0.06300000000000006
245,1,0,1,0.1870045812250318,4.0,10.5,9.899999999999999,80.50085024726997,78.06853761019342,2,0.7140000000000006,0.7140000000000001,0.1260000000000001,0.0,0.0,0.06300000000000006,0.06300000000000006
246,1,0,1,0.1869957450805136,4.0,10.5,9.899999999999999,80.49035024726997,78.05803761019344,2,0.7140000000000006,0.7140000000000001,0.1260000000000001,0.0,0.0,0.06300000000000006,0.06300000000000006
247,1,0,1,0.18700876368184471,4.0,10.5,9.899999999999999,80.47985024726997,78.04753761019344,2,0.7140000000000006,0.7140000000000001,0.1260000000000001,0.0,0.0,0.06300000000000006,0.06300000000000006
248,1,0,1,0.1870106594723082,4.0,10.5,9.899999999999999,80.46935024726999,78.03703761019345,2,0.7140000000000006,0.7140000000000001,0.1260000000000001,0.0,0.0,0.06300000000000006,0.06300000000000006
249,1,0,1,0.18700706038193757,4.0,10.5,9.899999999999999,80.45885024727,78.02653761019347,2,0.7140000000000006,0.7140000000000001,0.1260000000000001,0.0,0.0,0.06300000000000006,0.06300000000000006
250,1,0,1,0.18699944242365707,4.0,10.5,9.899999999999999,80.44835024727,78.01603761019346,2,0.7140000000000006,0.7140000000000001,0.1260000000000001,0.0,0.0,0.06300000000000006,0.06300000000000006
251,1,0,1,0.18699759339220162,4.0,10.5,9.899999999999999,80.43785024727002,78.00553761019347,2,0.7140000000000006,0.7140000000000001,0.1260000000000001,0.0,0.0,0.06300000000000006,0.06300000000000006
252,1,0,0,-0.052992105443657345,3.9470078945563425,10.5,9.899999999999999,80.42735024727001,77.99503761019348,2,0.7140000000000006,0.7140000000000001,0.1260000000000001,0.0,0.0,0.06300000000000006,0.06300000000000006
253,1,0,1,0.18700662224597991,4.0,10.5,9.899999999999999,80.41685024727002,77.98453761019347,2,0.7140000000000006,0.7140000000000001,0.1260000000000001,0.0,0.0,0.06300000000000006,0.06300000000000006
254,1,0,1,0.18700987838172195,4.0,10.5,9.899999999999999,80.40635024727003,77.97403761019349,2,0.7140000000000006,0.7140000000000001,0.1260000000000001,0.0,0.0,0.06300000000000006,0.06300000000000006
255,1,2,1,0.12201225436287771,4.0,10.5,9.899999999999999,80.39585024727002,77.9635376101935,2,0.7140000000000006,0.7140000000000001,0.1260000000000001,0.0,0.0,0.06300000000000006,0.06300000000000006
256,1,0,0,-0.0529938858394917,3.947006114160508,10.5,9.899999999999999,80.38535024727004,77.9530376101935,3,0.7140000000000006,0.7140000000000001,0.1260000000000001,0.0,0.0,0.06300000000000006,0.06300000000000006
257,1,0,0,-0.05298600881679402,3.894020105343714,10.5,9.899999999999999,80.37485024727005,77.94253761019353,3,0.7140000000000006,0.7140000000000001,0.1260000000000001,0.0,0.0,0.06300000000000006,0.06300000000000006
258,1,0,0,-0.052993650068535646,3.8410264552751783,10.5,9.899999999999999,80.36435024727005,77.93203761019352,3,0.7140000000000006,0.7140000000000001,0.1260000000000001,0.0,0.0,0.06300000000000006,0.06300000000000006
259,1,0,1,0.18699276605804888,4.0,10.5,9.899999999999999,80.35385024727007,77.92153761019352,3,0.7140000000000006,0.7140000000000001,0.1260000000000001,0.0,0.0,0.06300000000000006,0.06300000000000006
260,1,0,0,-0.05300616369098764,3.9469938363090122,10.5,9.899999999999999,80.34335024727007,77.91103761019353,3,0.7140000000000006,0.7140000000000001,0.1260000000000001,0.0,0.0,0.06300000000000006,0.06300000000000006
261,1,0,1,0.18699696816504915,4.0,10.5,9.899999999999999,80.33285024727007,77.90053761019352,3,0.7140000000000006,0.7140000000000001,0.1260000000000001,0.0,0.0,0.06300000000000006,0.06300000000000006
262,1,0,1,0.18700222172007,4.0,10.5,9.899999999999999,80.32235024727008,77.89003761019354,3,0.7140000000000006,0.7140000000000001,0.1260000000000001,0.0,0.0,0.06300000000000006,0.06300000000000006
263,1,0,1,0.18700810649753472,4.0,10.5,9.899999999999999,80.31185024727007,77.87953761019355,3,0.7140000000000006,0.7140000000000001,0.1260000000000001,0.0,0.0,0.06300000000000006,0.06300000000000006
264,1,0,1,0.18699452887178236,4.0,10.5,9.899999999999999,80.3013502472701,77.86903761019356,3,0.7140000000000006,0.7140000000000001,0.1260000000000001,0.0,0.0,0.06300000000000006,0.06300000000000006
265,1,0,1,0.18699694336606199,4.0,10.5,9.899999999999999,80.2908502472701,77.85853761019358,3,0.7140000000000006,0.7140000000000001,0.1260000000000001,0.0,0.0,0.06300000000000006,0.06300000000000006
266,1,1,0,-0.11800111263446367,3.8819988873655364,10.5,9.899999999999999,80.2803502472701,77.84803761019357,3,0.7140000000000006,0.7140000000000001,0.1260000000000001,0.0,0.0,0.06300000000000006,0.06300000000000006
267,1,0,1,0.1869976088018477,4.0,10.5,9.899999999999999,80.26985024727013,77.83753761019358,3,0.7140000000000006,0.7140000000000001,0.1260000000000001,0.0,0.0,0.06300000000000006,0.06300000000000006
268,1,0,1,0.18700419879460822,4.0,10.5,9.899999999999999,80.25935024727012,77.82703761019359,3,0.7140000000000006,0.7140000000000001,0.1260000000000001,0.0,0.0,0.06300000000000006,0.06300000000000006
269,1,0,1,0.18700055705179963,4.0,10.5,9.899999999999999,80.24885024727013,77.81653761019358,3,0.7140000000000006,0.7140000000000001,0.1260000000000001,0.0,0.0,0.06300000000000006,0.06300000000000006
270,1,2,1,0.12199962860031062,4.0,10.5,9.899999999999999,80.23835024727013,77.8060376101936,3,0.7140000000000006,0.7140000000000001,0.1260000000000001,0.0,0.0,0.06300000000000006,0.06300000000000006
271,1,0,1,0.18701578241358888,4.0,10.5,9.899999999999999,80.22785024727013,77.7955376101936,3,0.7140000000000006,0.7140000000000001,0.1260000000000001,0.0,0.0,0.06300000000000006,0.06300000000000006
272,1,0,1,0.18701345049459595,4.0,10.5,9.899999999999999,80.21735024727015,77.78503761019361,3,0.7140000000000006,0.7140000000000001,0.1260000000000001,0.0,0.0,0.06300000000000006,0.06300000000000006
273,1,0,1,0.1870085060633879,4.0,10.5,9.899999999999999,80.20685024727015,77.77453761019363,3,0.7140000000000006,0.7140000000000001,0.1260000000000001,0.0,0.0,0.06300000000000006,0.06300000000000006
274,1,0,1,0.18700333671530475,4.0,10.5,9.899999999999999,80.19635024727016,77.76403761019363,3,0.7140000000000006,0.7140000000000001,0.1260000000000001,0.0,0.0,0.06300000000000006,0.06300000000000006
275,1,0,0,-0.05299496221006629,3.9470050377899337,10.5,9.899999999999999,80.18585024727018,77.75353761019363,3,0.7140000000000006,0.7140000000000001,0.1260000000000001,0.0,0.0,0.06300000000000006,0.06300000000000006
276,1,0,1,0.18701398783766057,4.0,10.5,9.899999999999999,80.17535024727017,77.74303761019364,3,0.7140000000000006,0.7140000000000001,0.1260000000000001,0.0,0.0,0.06300000000000006,0.06300000000000006
277,1,0,1,0.18698762065628025,4.0,10.5,9.899999999999999,80.16485024727018,77.73253761019363,3,0.7140000000000006,0.7140000000000001,0.1260000000000001,0.0,0.0,0.06300000000000006,0.06300000000000006
278,1,0,1,0.18700089023508146,4.0,10.5,9.899999999999999,80.15435024727019,77.72203761019365,3,0.7140000000000006,0.7140000000000001,0.1260000000000001,0.0,0.0,0.06300000000000006,0.06300000000000006
279,1,0,1,0.18699835006119364,4.0,10.5,9.899999999999999,80.14385024727018,77.71153761019366,3,0.7140000000000006,0.7140000000000001,0.1260000000000001,0.0,0.0,0.06300000000000006,0.06300000000000006
280,1,2,1,0.12199664514764767,4.0,10.5,9.899999999999999,80.1333502472702,77.70103761019367,3,0.7140000000000006,0.7140000000000001,0.1260000000000001,0.0,0.0,0.06300000000000006,0.06300000000000006
281,1,0,1,0.18701675543974336,4.0,10.5,9.899999999999999,80.12285024727021,77.69053761019369,3,0.7140000000000006,0.7140000000000001,0.1260000000000001,0.0,0.0,0.06300000000000006,0.06300000000000006
282,1,0,0,-0.052997876762144326,3.947002123237856,10.5,9.899999999999999,80.11235024727021,77.68003761019368,3,0.7140000000000006,0.7140000000000001,0.1260000000000001,0.0,0.0,0.06300000000000006,0.06300000000000006
283,1,1,0,-0.1179927419851843,3.8290093812526713,10.5,9.899999999999999,80.10185024727024,77.66953761019369,3,0.7140000000000006,0.7140000000000001,0.1260000000000001,0.0,0.0,0.06300000000000006,0.06300000000000006
284,1,0,1,0.18699307593795567,4.0,10.5,9.899999999999999,80.09135024727023,77.65903761019369,3,0.7140000000000006,0.7140000000000001,0.1260000000000001,0.0,0.0,0.06300000000000006,0.06300000000000006
285,1,0,1,0.18699723188387352,4.0,10.5,9.899999999999999,80.08085024727023,77.64853761019369,3,0.7140000000000006,0.7140000000000001,0.1260000000000001,0.0,0.0,0.06300000000000006,0.06300000000000006
286,1,0,1,0.18698928558674643,4.0,10.5,9.899999999999999,80.07035024727024,77.6380376101937,3,0.7140000000000006,0.7140000000000001,0.1260000000000001,0.0,0.0,0.06300000000000006,0.06300000000000006
287,1,0,1,0.18700581741317496,4.0,10.5,9.899999999999999,80.05985024727023,77.62753761019371,3,0.7140000000000006,0.7140000000000001,0.1260000000000001,0.0,0.0,0.06300000000000006,0.06300000000000006
288,1,0,1,0.18699865733418106,4.0,10.5,9.899999999999999,80.04935024727025,77.61703761019372,3,0.7140000000000006,0.7140000000000001,0.1260000000000001,0.0,0.0,0.06300000000000006,0.06300000000000006
289,1,0,1,0.1869990539863875,4.0,10.5,9.899999999999999,80.03885024727026,77.60653761019374,3,0.7140000000000006,0.7140000000000001,0.1260000000000001,0.0,0.0,0.06300000000000006,0.06300000000000006
290,1,0,0,-0.05298826884022286,3.947011731159777,10.5,9.899999999999999,80.02835024727027,77.59603761019373,3,0.7140000000000006,0.7140000000000001,0.1260000000000001,0.0,0.0,0.06300000000000006,0.06300000000000006
291,1,0,1,0.18701265310581844,4.0,10.5,9.899999999999999,80.01785024727029,77.58553761019374,3,0.7140000000000006,0.7140000000000001,0.1260000000000001,0.0,0.0,0.06300000000000006,0.06300000000000006
292,1,0,1,0.18699758040496683,4.0,10.5,9.899999999999999,80.00735024727028,77.57503761019375,3,0.7140000000000006,0.7140000000000001,0.1260000000000001,0.0,0.0,0.06300000000000006,0.06300000000000006
293,1,0,1,0.1870055537704715,4.0,10.5,9.899999999999999,79.99685024727029,77.56453761019374,3,0.7140000000000006,0.7140000000000001,0.1260000000000001,0.0,0.0,0.06300000000000006,0.06300000000000006
294,1,0,0,-0.0529920981967747,3.947007901803225,10.5,9.899999999999999,79.9863502472703,77.55403761019376,3,0.7140000000000006,0.7140000000000001,0.1260000000000001,0.0,0.0,0.06300000000000006,0.06300000000000006
295,1,2,1,0.12198997798414912,4.0,10.5,9.899999999999999,79.97585024727029,77.54353761019377,3,0.7140000000000006,0.7140000000000001,0.1260000000000001,0.0,0.0,0.06300000000000006,0.06300000000000006
296,1,0,1,0.18699311162341925,4.0,10.5,9.899999999999999,79.96535024727031,77.53303761019377,3,0.7140000000000006,0.7140000000000001,0.1260000000000001,0.0,0.0,0.06300000000000006,0.06300000000000006
297,1,0,1,0.18701064844698279,4.0,10.5,9.899999999999999,79.95485024727031,77.5225376101938,3,0.7140000000000006,0.7140000000000001,0.1260000000000001,0.0,0.0,0.06300000000000006,0.06300000000000006
298,1,0,1,0.18699242097294347,4.0,10.5,9.899999999999999,79.94435024727032,77.51203761019379,3,0.7140000000000006,0.7140000000000001,0.1260000000000001,0.0,0.0,0.06300000000000006,0.06300000000000006
299,1,0,1,0.18700976617912074,4.0,10.5,9.899999999999999,79.93385024727034,77.5015376101938,3,0.7140000000000006,0.7140000000000001,0.1260000000000001,0.0,0.0,0.06300000000000006,0.06300000000000006
300,1,0,1,0.18702029226224565,4.0,10.5,9.899999999999999,79.92335024727033,77.4910376101938,3,0.7140000000000006,0.7140000000000001,0.1260000000000001,0.0,0.0,0.06300000000000006,0.06300000000000006
301,1,0,1,0.18701381862023458,4.0,10.5,9.899999999999999,79.91285024727034,77.48053761019379,3,0.7140000000000006,0.7140000000000001,0.1260000000000001,0.0,0.0,0.06300000000000006,0.06300000000000006
302,1,0,1,0.18700389060970846,4.0,10.5,9.899999999999999,79.90235024727035,77.47003761019381,3,0.7140000000000006,0.7140000000000001,0.1260000000000001,0.0,0.0,0.06300000000000006,0.06300000000000006
303,1,0,0,-0.052990458668254546,3.9470095413317456,10.5,9.899999999999999,79.89185024727034,77.45953761019382,3,0.7140000000000006,0.7140000000000001,0.1260000000000001,0.0,0.0,0.06300000000000006,0.06300000000000006
304,1,0,1,0.18699086300247275,4.0,10.5,9.899999999999999,79.88135024727036,77.44903761019383,3,0.7140000000000006,0.7140000000000001,0.1260000000000001,0.0,0.0,0.06300000000000006,0.06300000000000006
305,1,0,1,0.1870120620350256,4.0,10.5,9.899999999999999,79.87085024727037,77.43853761019385,3,0.7140000000000006,0.7140000000000001,0.1260000000000001,0.0,0.0,0.06300000000000006,0.06300000000000006
306,1,0,1,0.18700438111835854,4.0,10.5,9.899999999999999,79.86035024727038,77.42803761019384,3,0.7140000000000006,0.7140000000000001,0.1260000000000001,0.0,0.0,0.06300000000000006,0.06300000000000006
307,1,0,1,0.18700196061675767,4.0,10.5,9.899999999999999,79.8498502472704,77.41753761019385,3,0.7140000000000006,0.7140000000000001,0.1260000000000001,0.0,0.0,0.06300000000000006,0.06300000000000006
308,1,0,1,0.1870118246161291,4.0,10.5,9.899999999999999,79.83935024727039,77.40703761019385,3,0.7140000000000006,0.7140000000000001,0.1260000000000001,0.0,0.0,0.06300000000000006,0.06300000000000006
309,1,0,0,-0.05299158337554827,3.9470084166244517,10.5,9.899999999999999,79.8288502472704,77.39653761019385,3,0.7140000000000006,0.7140000000000001,0.1260000000000001,0.0,0.0,0.06300000000000006,0.06300000000000006
310,1,0,1,0.1870045792141943,4.0,10.5,9.899999999999999,79.8183502472704,77.38603761019387,3,0.7140000000000006,0.7140000000000001,0.1260000000000001,0.0,0.0,0.06300000000000006,0.06300000000000006
311,1,0,1,0.18700292813165864,4.0,10.5,9.899999999999999,79.8078502472704,77.37553761019387,3,0.7140000000000006,0.7140000000000001,0.1260000000000001,0.0,0.0,0.06300000000000006,0.06300000000000006
312,1,0,1,0.18701569163077367,4.0,10.5,9.899999999999999,79.79735024727042,77.36503761019388,3,0.7140000000000006,0.7140000000000001,0.1260000000000001,0.0,0.0,0.06300000000000006,0.06300000000000006
313,1,0,1,0.18699097500288248,4.0,10.5,9.899999999999999,79.78685024727042,77.3545376101939,3,0.7140000000000006,0.7140000000000001,0.1260000000000001,0.0,0.0,0.06300000000000006,0.06300000000000006
314,1,0,1,0.1870049213997495,4.0,10.5,9.899999999999999,79.77635024727043,77.3440376101939,3,0.7140000000000006,0.7140000000000001,0.1260000000000001,0.0,0.0,0.06300000000000006,0.06300000000000006
315,1,1,1,0.12200095166169114,4.0,10.5,9.899999999999999,79.76585024727045,77.3335376101939,3,0.7140000000000006,0.7140000000000001,0.1260000000000001,0.0,0.0,0.06300000000000006,0.06300000000000006
316,1,0,1,0.18700792842600905,4.0,10.5,9.899999999999999,79.75535024727044,77.32303761019391,3,0.7140000000000006,0.7140000000000001,0.1260000000000001,0.0,0.0,0.06300000000000006,0.06300000000000006
317,1,0,1,0.1869954992560184,4.0,10.5,9.899999999999999,79.74485024727045,77.3125376101939,3,0.7140000000000006,0.7140000000000001,0.1260000000000001,0.0,0.0,0.06300000000000006,0.06300000000000006
318,1,0,1,0.1870068895620598,4.0,10.5,9.899999999999999,79.73435024727046,77.30203761019392,3,0.7140000000000006,0.7140000000000001,0.1260000000000001,0.0,0.0,0.06300000000000006,0.06300000000000006
319,1,0,0,-0.05300867752785038,3.9469913224721496,10.5,9.899999999999999,79.72385024727045,77.29153761019393,3,0.7140000000000006,0.7140000000000001,0.1260000000000001,0.0,0.0,0.06300000000000006,0.06300000000000006
320,1,2,1,0.12201029625638707,4.0,10.5,9.899999999999999,79.71335024727047,77.28103761019393,3,0.7140000000000006,0.7140000000000001,0.1260000000000001,0.0,0.0,0.06300000000000006,0.06300000000000006
321,1,1,1,0.12198385480114365,4.0,10.5,9.899999999999999,79.70285024727048,77.27053761019395,3,0.7140000000000006,0.7140000000000001,0.1260000000000001,0.0,0.0,0.06300000000000006,0.06300000000000006
322,1,0,0,-0.05298639590639222,3.9470136040936077,10.5,9.899999999999999,79.69235024727048,77.26003761019395,3,0.7140000000000006,0.7140000000000001,0.1260000000000001,0.0,0.0,0.06300000000000006,0.06300000000000006
323,1,0,1,0.1870024629678661,4.0,10.5,9.899999999999999,79.6818502472705,77.24953761019395,3,0.7140000000000006,0.7140000000000001,0.1260000000000001,0.0,0.0,0.06300000000000006,0.06300000000000006
324,1,0,1,0.18698846802823246,4.0,10.5,9.899999999999999,79.6713502472705,77.23903761019396,3,0.7140000000000006,0.7140000000000001,0.1260000000000001,0.0,0.0,0.06300000000000006,0.06300000000000006
325,1,0,1,0.18701651282349369,4.0,10.5,9.899999999999999,79.6608502472705,77.22853761019395,3,0.7140000000000006,0.7140000000000001,0.1260000000000001,0.0,0.0,0.06300000000000006,0.06300000000000006
326,1,0,1,0.1869941948783078,4.0,10.5,9.899999999999999,79.65035024727051,77.21803761019397,3,0.7140000000000006,0.7140000000000001,0.1260000000000001,0.0,0.0,0.06300000000000006,0.06300000000000006
327,1,0,1,0.18698918756162647,4.0,10.5,9.899999999999999,79.6398502472705,77.20753761019398,3,0.7140000000000006,0.7140000000000001,0.1260000000000001,0.0,0.0,0.06300000000000006,0.06300000000000006
328,1,0,1,0.18699685659173815,4.0,10.5,9.899999999999999,79.62935024727052,77.19703761019399,3,0.7140000000000006,0.7140000000000001,0.1260000000000001,0.0,0.0,0.06300000000000006,0.06300000000000006
329,1,1,1,0.12199216603540675,4.0,10.5,9.899999999999999,79.61885024727053,77.18653761019401,3,0.7140000000000006,0.7140000000000001,0.1260000000000001,0.0,0.0,0.06300000000000006,0.06300000000000006
330,1,0,1,0.1870093740144954,4.0,10.5,9.899999999999999,79.60835024727054,77.176037610194,3,0.7140000000000006,0.7140000000000001,0.1260000000000001,0.0,0.0,0.06300000000000006,0.06300000000000006
331,1,0,1,0.18700801495071312,4.0,10.5,9.899999999999999,79.59785024727056,77.16553761019401,3,0.7140000000000006,0.7140000000000001,0.1260000000000001,0.0,0.0,0.06300000000000006,0.06300000000000006
332,1,1,1,0.1220088038249122,4.0,10.5,9.899999999999999,79.58735024727055,77.15503761019401,3,0.7140000000000006,0.7140000000000001,0.1260000000000001,0.0,0.0,0.06300000000000006,0.06300000000000006
333,1,0,1,0.18701537739117394,4.0,10.5,9.899999999999999,79.57685024727056,77.144537610194,3,0.7140000000000006,0.7140000000000001,0.1260000000000001,0.0,0.0,0.06300000000000006,0.06300000000000006
334,1,0,1,0.18700721103266946,4.0,10.5,9.899999999999999,79.56635024727056,77.13403761019403,3,0.7140000000000006,0.7140000000000001,0.1260000000000001,0.0,0.0,0.06300000000000006,0.06300000000000006
335,1,2,1,0.12199118308909675,4.0,10.5,9.899999999999999,79.55585024727056,77.12353761019403,3,0.7140000000000006,0.7140000000000001,0.1260000000000001,0.0,0.0,0.06300000000000006,0.06300000000000006
336,1,0,1,0.18701276319859939,4.0,10.5,9.899999999999999,79.54535024727058,77.11303761019404,3,0.7140000000000006,0.7140000000000001,0.1260000000000001,0.0,0.0,0.06300000000000006,0.06300000000000006
337,1,0,1,0.18699387567076642,4.0,10.5,9.899999999999999,79.53485024727058,77.10253761019406,3,0.7140000000000006,0.7140000000000001,0.1260000000000001,0.0,0.0,0.06300000000000006,0.06300000000000006
338,1,0,1,0.1869883888094942,4.0,10.5,9.899999999999999,79.52435024727059,77.09203761019405,3,0.7140000000000006,0.7140000000000001,0.1260000000000001,0.0,0.0,0.06300000000000006,0.06300000000000006
339,1,1,1,0.12199900637323043,4.0,10.5,9.899999999999999,79.51385024727061,77.08153761019406,3,0.7140000000000006,0.7140000000000001,0.1260000000000001,0.0,0.0,0.06300000000000006,0.06300000000000006
340,1,2,1,0.12199702434567572,4.0,10.5,9.899999999999999,79.5033502472706,77.07103761019407,3,0.7140000000000006,0.7140000000000001,0.1260000000000001,0.0,0.0,0.06300000000000006,0.06300000000000006
341,1,0,0,-0.053004873475643074,3.946995126524357,10.5,9.899999999999999,79.49285024727061,77.06053761019406,3,0.7140000000000006,0.7140000000000001,0.1260000000000001,0.0,0.0,0.06300000000000006,0.06300000000000006
342,1,0,0,-0.053003542241313206,3.893991584283044,10.5,9.899999999999999,79.48235024727062,77.05003761019408,3,0.7140000000000006,0.7140000000000001,0.1260000000000001,0.0,0.0,0.06300000000000006,0.06300000000000006
343,1,0,0,-0.052998903666353264,3.8409926806166905,10.5,9.899999999999999,79.47185024727061,77.03953761019409,3,0.7140000000000006,0.7140000000000001,0.1260000000000001,0.0,0.0,0.06300000000000006,0.06300000000000006
344,1,0,0,-0.05300486709036248,3.787987813526328,10.5,9.899999999999999,79.46135024727063,77.0290376101941,3,0.7140000000000006,0.7140000000000001,0.1260000000000001,0.0,0.0,0.06300000000000006,0.06300000000000006
345,1,0,0,-0.05300671979155964,3.7349810937347683,10.5,9.899999999999999,79.45085024727064,77.01853761019412,3,0.7140000000000006,0.7140000000000001,0.1260000000000001,0.0,0.0,0.06300000000000006,0.06300000000000006
346,1,0,1,0.18699768405918366,3.921978777793952,10.5,9.899999999999999,79.44035024727064,77.00803761019411,3,0.7140000000000006,0.7140000000000001,0.1260000000000001,0.0,0.0,0.06300000000000006,0.06300000000000006
347,1,0,0,-0.052998784752952666,3.8689799930409996,10.5,9.899999999999999,79.42985024727066,76.99753761019412,3,0.7140000000000006,0.7140000000000001,0.1260000000000001,0.0,0.0,0.06300000000000006,0.06300000000000006
348,1,0,1,0.18700473955098923,4.0,10.5,9.899999999999999,79.41935024727066,76.98703761019412,3,0.7140000000000006,0.7140000000000001,0.1260000000000001,0.0,0.0,0.06300000000000006,0.06300000000000006
349,1,0,1,0.18699541723361657,4.0,10.5,9.899999999999999,79.40885024727066,76.97653761019411,3,0.7140000000000006,0.7140000000000001,0.1260000000000001,0.0,0.0,0.06300000000000006,0.06300000000000006
350,1,0,0,-0.052990492542364695,3.9470095074576355,10.5,9.899999999999999,79.39835024727067,76.96603761019414,3,0.7140000000000006,0.7140000000000001,0.1260000000000001,0.0,0.0,0.06300000000000006,0.06300000000000006
351,1,0,1,0.18699602903562454,4.0,10.5,9.899999999999999,79.38785024727066,76.95553761019414,3,0.7140000000000006,0.7140000000000001,0.1260000000000001,0.0,0.0,0.06300000000000006,0.06300000000000006
352,1,0,1,0.18699396591091794,4.0,10.5,9.899999999999999,79.37735024727068,76.94503761019415,3,0.7140000000000006,0.7140000000000001,0.1260000000000001,0.0,0.0,0.06300000000000006,0.06300000000000006
353,1,0,1,0.18700735519862163,4.0,10.5,9.899999999999999,79.36685024727069,76.93453761019417,3,0.7140000000000006,0.7140000000000001,0.1260000000000001,0.0,0.0,0.06300000000000006,0.06300000000000006
354,1,0,1,0.1869982422751611,4.0,10.5,9.899999999999999,79.3563502472707,76.92403761019416,3,0.7140000000000006,0.7140000000000001,0.1260000000000001,0.0,0.0,0.06300000000000006,0.06300000000000006
355,1,0,1,0.18701957710023034,4.0,10.5,9.899999999999999,79.34585024727072,76.91353761019417,3,0.7140000000000006,0.7140000000000001,0.1260000000000001,0.0,0.0,0.06300000000000006,0.06300000000000006
356,1,0,1,0.18700264078693285,4.0,10.5,9.899999999999999,79.33535024727071,76.90303761019418,3,0.7140000000000006,0.7140000000000001,0.1260000000000001,0.0,0.0,0.06300000000000006,0.06300000000000006
357,1,0,1,0.18700794167175316,4.0,10.5,9.899999999999999,79.32485024727072,76.89253761019417,3,0.7140000000000006,0.7140000000000001,0.1260000000000001,0.0,0.0,0.06300000000000006,0.06300000000000006
358,1,0,1,0.18699848737879346,4.0,10.5,9.899999999999999,79.31435024727072,76.88203761019419,3,0.7140000000000006,0.7140000000000001,0.1260000000000001,0.0,0.0,0.06300000000000006,0.06300000000000006
359,1,0,1,0.1870008315440069,4.0,10.5,9.899999999999999,79.30385024727072,76.8715376101942,3,0.7140000000000006,0.7140000000000001,0.1260000000000001,0.0,0.0,0.06300000000000006,0.06300000000000006
360,1,0,1,0.1870078654508454,4.0,10.5,9.899999999999999,79.29335024727074,76.8610376101942,3,0.7140000000000006,0.7140000000000001,0.1260000000000001,0.0,0.0,0.06300000000000006,0.06300000000000006
361,1,0,0,-0.053014487538437405,3.9469855124615627,10.5,9.899999999999999,79.28285024727074,76.85053761019422,3,0.7140000000000006,0.7140000000000001,0.1260000000000001,0.0,0.0,0.06300000000000006,0.06300000000000006
362,1,0,0,-0.05298997402294064,3.893995538438622,10.5,9.899999999999999,79.27235024727075,76.84003761019422,3,0.7140000000000006,0.7140000000000001,0.1260000000000001,0.0,0.0,0.06300000000000006,0.06300000000000006
363,1,0,1,0.1869976748800649,4.0,10.5,9.899999999999999,79.26185024727077,76.82953761019422,3,0.7140000000000006,0.7140000000000001,0.1260000000000001,0.0,0.0,0.06300000000000006,0.06300000000000006
364,1,1,1,0.12198564882537968,4.0,10.5,9.899999999999999,79.25135024727076,76.81903761019423,3,0.7140000000000006,0.7140000000000001,0.1260000000000001,0.0,0.0,0.06300000000000006,0.06300000000000006
365,1,2,0,-0.11801174028398467,3.881988259716015,10.5,9.899999999999999,79.24085024727077,76.80853761019422,3,0.7140000000000006,0.7140000000000001,0.1260000000000001,0.0,0.0,0.06300000000000006,0.06300000000000006
366,1,0,1,0.18700387446052655,4.0,10.5,9.899999999999999,79.23035024727078,76.79803761019424,3,0.7140000000000006,0.7140000000000001,0.1260000000000001,0.0,0.0,0.06300000000000006,0.06300000000000006
367,1,0,1,0.18700644345736295,4.0,10.5,9.899999999999999,79.21985024727077,76.78753761019425,3,0.7140000000000006,0.7140000000000001,0.1260000000000001,0.0,0.0,0.06300000000000006,0.06300000000000006
368,1,2,1,0.12199860274637321,4.0,10.5,9.899999999999999,79.20935024727079,76.77703761019426,3,0.7140000000000006,0.7140000000000001,0.1260000000000001,0.0,0.0,0.06300000000000006,0.06300000000000006
369,1,0,0,-0.05299838173627681,3.947001618263723,10.5,9.899999999999999,79.1988502472708,76.76653761019428,3,0.7140000000000006,0.7140000000000001,0.1260000000000001,0.0,0.0,0.06300000000000006,0.06300000000000006
370,1,1,1,0.12201340189009935,4.0,10.5,9.899999999999999,79.1883502472708,76.75603761019427,3,0.7140000000000006,0.7140000000000001,0.1260000000000001,0.0,0.0,0.06300000000000006,0.06300000000000006
371,1,0,1,0.1870024628320312,4.0,10.5,9.899999999999999,79.17785024727083,76.74553761019428,3,0.7140000000000006,0.7140000000000001,0.1260000000000001,0.0,0.0,0.06300000000000006,0.06300000000000006
372,1,1,1,0.12199626328915841,4.0,10.5,9.899999999999999,79.16735024727082,76.73503761019428,3,0.7140000000000006,0.7140000000000001,0.1260000000000001,0.0,0.0,0.06300000000000006,0.06300000000000006
373,1,0,1,0.18699055983679227,4.0,10.5,9.899999999999999,79.15685024727082,76.72453761019428,3,0.7140000000000006,0.7140000000000001,0.1260000000000001,0.0,0.0,0.06300000000000006,0.06300000000000006
374,1,0,0,-0.05298412440479745,3.9470158755952025,10.5,9.899999999999999,79.14635024727083,76.7140376101943,3,0.7140000000000006,0.7140000000000001,0.1260000000000001,0.0,0.0,0.06300000000000006,0.06300000000000006
375,1,0,1,0.18699215420740092,4.0,10.5,9.899999999999999,79.13585024727082,76.7035376101943,3,0.7140000000000006,0.7140000000000001,0.1260000000000001,0.0,0.0,0.06300000000000006,0.06300000000000006
376,1,2,1,0.12201217826435166,4.0,10.5,9.899999999999999,79.12535024727084,76.69303761019431,3,0.7140000000000006,0.7140000000000001,0.1260000000000001,0.0,0.0,0.06300000000000006,0.06300000000000006
377,1,0,1,0.18701089246000752,4.0,10.5,9.899999999999999,79.11485024727085,76.68253761019433,3,0.7140000000000006,0.7140000000000001,0.1260000000000001,0.0,0.0,0.06300000000000006,0.06300000000000006
378,1,0,1,0.18698567816316058,4.0,10.5,9.899999999999999,79.10435024727086,76.67203761019432,3,0.7140000000000006,0.7140000000000001,0.1260000000000001,0.0,0.0,0.06300000000000006,0.06300000000000006
379,1,0,1,0.18700431133743026,4.0,10.5,9.899999999999999,79.09385024727088,76.66153761019433,3,0.7140000000000006,0.7140000000000001,0.1260000000000001,0.0,0.0,0.06300000000000006,0.06300000000000006
380,1,0,0,-0.05301374234786942,3.9469862576521306,10.5,9.899999999999999,79.08335024727087,76.65103761019434,3,0.7140000000000006,0.7140000000000001,0.1260000000000001,0.0,0.0,0.06300000000000006,0.06300000000000006
381,1,0,1,0.18699881573611332,4.0,10.5,9.899999999999999,79.07285024727088,76.64053761019433,3,0.7140000000000006,0.7140000000000001,0.1260000000000001,0.0,0.0,0.06300000000000006,0.06300000000000006
382,1,2,1,0.1220087409895355,4.0,10.5,9.899999999999999,79.06235024727089,76.63003761019435,3,0.7140000000000006,0.7140000000000001,0.1260000000000001,0.0,0.0,0.06300000000000006,0.06300000000000006
383,1,0,0,-0.052999414887242774,3.9470005851127574,10.5,9.899999999999999,79.05185024727088,76.61953761019436,3,0.7140000000000006,0.7140000000000001,0.1260000000000001,0.0,0.0,0.06300000000000006,0.06300000000000006
384,1,0,1,0.18699768637404202,4.0,10.5,9.899999999999999,79.0413502472709,76.60903761019436,4,0.7140000000000006,0.7140000000000001,0.1260000000000001,0.0,0.0,0.06300000000000006,0.06300000000000006
385,1,0,1,0.18698729663328192,4.0,10.5,9.899999999999999,79.0308502472709,76.59853761019438,4,0.7140000000000006,0.7140000000000001,0.1260000000000001,0.0,0.0,0.06300000000000006,0.06300000000000006
386,1,0,0,-0.05301382536482274,3.9469861746351773,10.5,9.899999999999999,79.02035024727091,76.58803761019438,4,0.7140000000000006,0.7140000000000001,0.1260000000000001,0.0,0.0,0.06300000000000006,0.06300000000000006
387,1,1,0,-0.11801424770866338,3.828971926926514,10.5,9.899999999999999,79.00985024727093,76.57753761019438,4,0.7140000000000006,0.7140000000000001,0.1260000000000001,0.0,0.0,0.06300000000000006,0.06300000000000006
388,1,2,1,0.12199343490815909,3.950965361834673,10.5,9.899999999999999,78.99935024727093,76.56703761019439,4,0.7140000000000006,0.7140000000000001,0.1260000000000001,0.0,0.0,0.06300000000000006,0.06300000000000006
389,1,2,1,0.12199950803566256,4.0,10.5,9.899999999999999,78.98885024727093,76.55653761019438,4,0.7140000000000006,0.7140000000000001,0.1260000000000001,0.0,0.0,0.06300000000000006,0.06300000000000006
390,1,0,0,-0.052997465282877104,3.947002534717123,10.5,9.899999999999999,78.97835024727094,76.5460376101944,4,0.7140000000000006,0.7140000000000001,0.1260000000000001,0.0,0.0,0.06300000000000006,0.06300000000000006
391,1,0,0,-0.053002021585158925,3.894000513131964,10.5,9.899999999999999,78.96785024727093,76.53553761019441,4,0.7140000000000006,0.7140000000000001,0.1260000000000001,0.0,0.0,0.06300000000000006,0.06300000000000006
392,1,0,1,0.18699940629922912,4.0,10.5,9.899999999999999,78.95735024727095,76.52503761019442,4,0.7140000000000006,0.7140000000000001,0.1260000000000001,0.0,0.0,0.06300000000000006,0.06300000000000006
393,1,0,1,0.18699253879083655,4.0,10.5,9.899999999999999,78.94685024727096,76.51453761019444,4,0.7140000000000006,0.7140000000000001,0.1260000000000001,0.0,0.0,0.06300000000000006,0.06300000000000006
394,1,0,1,0.18699666971392825,4.0,10.5,9.899999999999999,78.93635024727097,76.50403761019443,4,0.7140000000000006,0.7140000000000001,0.1260000000000001,0.0,0.0,0.06300000000000006,0.06300000000000006
395,1,1,1,0.12200305433894454,4.0,10.5,9.899999999999999,78.92585024727099,76.49353761019444,4,0.7140000000000006,0.7140000000000001,0.1260000000000001,0.0,0.0,0.06300000000000006,0.06300000000000006
396,1,0,1,0.18699842423759952,4.0,10.5,9.899999999999999,78.91535024727098,76.48303761019444,4,0.7140000000000006,0.7140000000000001,0.1260000000000001,0.0,0.0,0.06300000000000006,0.06300000000000006
397,1,0,0,-0.05301069200617412,3.946989307993826,10.5,9.899999999999999,78.90485024727099,76.47253761019444,4,0.7140000000000006,0.7140000000000001,0.1260000000000001,0.0,0.0,0.06300000000000006,0.06300000000000006
398,1,0,0,-0.053007550084485516,3.8939817579093403,10.5,9.899999999999999,78.89435024727099,76.46203761019446,4,0.7140000000000006,0.7140000000000001,0.1260000000000001,0.0,0.0,0.06300000000000006,0.06300000000000006
399,1,2,0,-0.11800285261071682,3.7759789052986235,10.5,9.899999999999999,78.88385024727098,76.45153761019446,4,0.7140000000000006,0.7140000000000001,0.1260000000000001,0.0,0.0,0.06300000000000006,0.06300000000000006
400,1,0,1,0.1869952579475866,3.96297416324621,10.5,9.899999999999999,78.873350247271,76.44103761019447,4,0.7140000000000006,0.7140000000000001,0.1260000000000001,0.0,0.0,0.06300000000000006,0.06300000000000006
401,1,0,1,0.18699529212003083,4.0,10.5,9.899999999999999,78.86285024727101,76.43053761019449,4,0.7140000000000006,0.7140000000000001,0.1260000000000001,0.0,0.0,0.06300000000000006,0.06300000000000006
402,1,0,1,0.18699171963689504,4.0,10.5,9.899999999999999,78.85235024727102,76.42003761019448,4,0.7140000000000006,0.7140000000000001,0.1260000000000001,0.0,0.0,0.06300000000000006,0.06300000000000006
403,1,0,1,0.18699609502685846,4.0,10.5,9.899999999999999,78.84185024727104,76.40953761019449,4,0.7140000000000006,0.7140000000000001,0.1260000000000001,0.0,0.0,0.06300000000000006,0.06300000000000006
404,1,0,1,0.18698979289416925,4.0,10.5,9.899999999999999,78.83135024727103,76.3990376101945,4,0.7140000000000006,0.7140000000000001,0.1260000000000001,0.0,0.0,0.06300000000000006,0.06300000000000006
405,1,0,1,0.18700924434694097,4.0,10.5,9.899999999999999,78.82085024727104,76.38853761019449,4,0.7140000000000006,0.7140000000000001,0.1260000000000001,0.0,0.0,0.06300000000000006,0.06300000000000006
406,1,0,1,0.18700293864143733,4.0,10.5,9.899999999999999,78.81035024727105,76.37803761019451,4,0.7140000000000006,0.7140000000000001,0.1260000000000001,0.0,0.0,0.06300000000000006,0.06300000000000006
407,1,0,0,-0.0529880429130376,3.9470119570869624,10.5,9.899999999999999,78.79985024727104,76.36753761019452,4,0.7140000000000006,0.7140000000000001,0.1260000000000001,0.0,0.0,0.06300000000000006,0.06300000000000006
408,1,0,0,-0.05300433766220705,3.8940076194247553,10.5,9.899999999999999,78.78935024727106,76.35703761019452,4,0.7140000000000006,0.7140000000000001,0.1260000000000001,0.0,0.0,0.06300000000000006,0.06300000000000006
409,1,0,1,0.18700561783858374,4.0,10.5,9.899999999999999,78.77885024727107,76.34653761019455,4,0.7140000000000006,0.7140000000000001,0.1260000000000001,0.0,0.0,0.06300000000000006,0.06300000000000006
410,1,0,0,-0.053007130854923826,3.946992869145076,10.5,9.899999999999999,78.76835024727107,76.33603761019454,4,0.7140000000000006,0.7140000000000001,0.1260000000000001,0.0,0.0,0.06300000000000006,0.06300000000000006
411,1,0,1,0.18699002608411877,4.0,10.5,9.899999999999999,78.7578502472711,76.32553761019454,4,0.7140000000000006,0.7140000000000001,0.1260000000000001,0.0,0.0,0.06300000000000006,0.06300000000000006
412,1,0,1,0.18699951276424753,4.0,10.5,9.899999999999999,78.74735024727109,76.31503761019455,4,0.7140000000000006,0.7140000000000001,0.1260000000000001,0.0,0.0,0.06300000000000006,0.06300000000000006
413,1,0,0,-0.05299120803397568,3.947008791966024,10.5,9.899999999999999,78.7368502472711,76.30453761019454,4,0.7140000000000006,0.7140000000000001,0.1260000000000001,0.0,0.0,0.06300000000000006,0.06300000000000006
414,1,0,1,0.18701469971001808,4.0,10.5,9.899999999999999,78.7263502472711,76.29403761019456,4,0.7140000000000006,0.7140000000000001,0.1260000000000001,0.0,0.0,0.06300000000000006,0.06300000000000006
415,1,2,1,0.12200846948273404,4.0,10.5,9.899999999999999,78.71585024727109,76.28353761019457,4,0.7140000000000006,0.7140000000000001,0.1260000000000001,0.0,0.0,0.06300000000000006,0.06300000000000006
416,1,0,1,0.1869916671021685,4.0,10.5,9.899999999999999,78.70535024727111,76.27303761019458,4,0.7140000000000006,0.7140000000000001,0.1260000000000001,0.0,0.0,0.06300000000000006,0.06300000000000006
417,1,0,1,0.18698890831561782,4.0,10.5,9.899999999999999,78.69485024727112,76.2625376101946,4,0.7140000000000006,0.7140000000000001,0.1260000000000001,0.0,0.0,0.06300000000000006,0.06300000000000006
418,1,0,1,0.18699698363454292,4.0,10.5,9.899999999999999,78.68435024727113,76.25203761019459,4,0.7140000000000006,0.7140000000000001,0.1260000000000001,0.0,0.0,0.06300000000000006,0.06300000000000006
419,1,0,1,0.18699034983080634,4.0,10.5,9.899999999999999,78.67385024727115,76.2415376101946,4,0.7140000000000006,0.7140000000000001,0.1260000000000001,0.0,0.0,0.06300000000000006,0.06300000000000006
420,1,1,1,0.12201453369005481,4.0,10.5,9.899999999999999,78.66335024727114,76.2310376101946,4,0.7140000000000006,0.7140000000000001,0.1260000000000001,0.0,0.0,0.06300000000000006,0.06300000000000006
421,1,0,0,-0.053001077296347295,3.946998922703653,10.5,9.899999999999999,78.65285024727115,76.2205376101946,4,0.7140000000000006,0.7140000000000001,0.1260000000000001,0.0,0.0,0.06300000000000006,0.06300000000000006
422,1,0,1,0.18699185118500605,4.0,10.5,9.899999999999999,78.64235024727115,76.21003761019462,4,0.7140000000000006,0.7140000000000001,0.1260000000000001,0.0,0.0,0.06300000000000006,0.06300000000000006
423,1,0,1,0.18698951569696046,4.0,10.5,9.899999999999999,78.63185024727115,76.19953761019462,4,0.7140000000000006,0.7140000000000001,0.1260000000000001,0.0,0.0,0.06300000000000006,0.06300000000000006
424,1,0,1,0.1869847956599085,4.0,10.5,9.899999999999999,78.62135024727117,76.18903761019463,4,0.7140000000000006,0.7140000000000001,0.1260000000000001,0.0,0.0,0.06300000000000006,0.06300000000000006
425,1,2,1,0.12199325831384962,4.0,10.5,9.899999999999999,78.61085024727117,76.17853761019465,4,0.7140000000000006,0.7140000000000001,0.1260000000000001,0.0,0.0,0.06300000000000006,0.06300000000000006
426,1,0,0,-0.05299844207870747,3.9470015579212925,10.5,9.899999999999999,78.60035024727118,76.16803761019465,4,0.7140000000000006,0.7140000000000001,0.1260000000000001,0.0,0.0,0.06300000000000006,0.06300000000000006
427,1,0,1,0.18699100599003912,4.0,10.5,9.899999999999999,78.5898502472712,76.15753761019465,4,0.7140000000000006,0.7140000000000001,0.1260000000000001,0.0,0.0,0.06300000000000006,0.06300000000000006
428,1,0,1,0.18701470338002943,4.0,10.5,9.899999999999999,78.5793502472712,76.14703761019466,4,0.7140000000000006,0.7140000000000001,0.1260000000000001,0.0,0.0,0.06300000000000006,0.06300000000000006
429,1,0,1,0.18700190512969175,4.0,10.5,9.899999999999999,78.5688502472712,76.13653761019465,4,0.7140000000000006,0.7140000000000001,0.1260000000000001,0.0,0.0,0.06300000000000006,0.06300000000000006
430,1,0,0,-0.05299417129900007,3.947005828701,10.5,9.899999999999999,78.5583502472712,76.12603761019467,4,0.7140000000000006,0.7140000000000001,0.1260000000000001,0.0,0.0,0.06300000000000006,0.06300000000000006
431,1,2,0,-0.11799582513016602,3.829010003570834,10.5,9.899999999999999,78.5478502472712,76.11553761019468,4,0.7140000000000006,0.7140000000000001,0.1260000000000001,0.0,0.0,0.06300000000000006,0.06300000000000006
432,1,0,1,0.1870053976922,4.0,10.5,9.899999999999999,78.53735024727122,76.10503761019469,4,0.7140000000000006,0.7140000000000001,0.1260000000000001,0.0,0.0,0.06300000000000006,0.06300000000000006
433,1,0,1,0.18700880020094535,4.0,10.5,9.899999999999999,78.52685024727123,76.0945376101947,4,0.7140000000000006,0.7140000000000001,0.1260000000000001,0.0,0.0,0.06300000000000006,0.06300000000000006
434,1,0,1,0.18698606668735465,4.0,10.5,9.899999999999999,78.51635024727123,76.0840376101947,4,0.7140000000000006,0.7140000000000001,0.1260000000000001,0.0,0.0,0.06300000000000006,0.06300000000000006
435,1,0,1,0.18701376964139707,4.0,10.5,9.899999999999999,78.50585024727125,76.0735376101947,4,0.7140000000000006,0.7140000000000001,0.1260000000000001,0.0,0.0,0.06300000000000006,0.06300000000000006
436,1,0,1,0.1869939193197374,4.0,10.5,9.899999999999999,78.49535024727125,76.06303761019471,4,0.7140000000000006,0.7140000000000001,0.1260000000000001,0.0,0.0,0.06300000000000006,0.06300000000000006
437,1,0,0,-0.05300805336010017,3.9469919466399,10.5,9.899999999999999,78.48485024727125,76.0525376101947,4,0.7140000000000006,0.7140000000000001,0.1260000000000001,0.0,0.0,0.06300000000000006,0.06300000000000006
438,1,0,0,-0.05299956776784773,3.8939923788720523,10.5,9.899999999999999,78.47435024727126,76.04203761019473,4,0.7140000000000006,0.7140000000000001,0.1260000000000001,0.0,0.0,0.06300000000000006,0.06300000000000006
439,1,0,1,0.18699839463829818,4.0,10.5,9.899999999999999,78.46385024727125,76.03153761019473,4,0.7140000000000006,0.7140000000000001,0.1260000000000001,0.0,0.0,0.06300000000000006,0.06300000000000006
440,1,0,1,0.18698993534000313,4.0,10.5,9.899999999999999,78.45335024727127,76.02103761019474,4,0.7140000000000006,0.7140000000000001,0.1260000000000001,0.0,0.0,0.06300000000000006,0.06300000000000006
441,1,0,1,0.18699049068070853,4.0,10.5,9.899999999999999,78.44285024727128,76.01053761019476,4,0.7140000000000006,0.7140000000000001,0.1260000000000001,0.0,0.0,0.06300000000000006,0.06300000000000006
442,1,2,1,0.1219956183494251,4.0,10.5,9.899999999999999,78.43235024727129,76.00003761019475,4,0.7140000000000006,0.7140000000000001,0.1260000000000001,0.0,0.0,0.06300000000000006,0.06300000000000006
443,1,0,1,0.18701106230920198,4.0,10.5,9.899999999999999,78.42185024727131,75.98953761019476,4,0.7140000000000006,0.7140000000000001,0.1260000000000001,0.0,0.0,0.06300000000000006,0.06300000000000006
444,1,0,1,0.18701625251412737,4.0,10.5,9.899999999999999,78.4113502472713,75.97903761019477,4,0.7140000000000006,0.7140000000000001,0.1260000000000001,0.0,0.0,0.06300000000000006,0.06300000000000006
445,1,0,1,0.18697899531098677,4.0,10.5,9.899999999999999,78.40085024727131,75.96853761019476,4,0.7140000000000006,0.7140000000000001,0.1260000000000001,0.0,0.0,0.06300000000000006,0.06300000000000006
446,1,0,1,0.1869853286292234,4.0,10.5,9.899999999999999,78.39035024727131,75.95803761019478,4,0.7140000000000006,0.7140000000000001,0.1260000000000001,0.0,0.0,0.06300000000000006,0.06300000000000006
447,1,0,1,0.18698565616350984,4.0,10.5,9.899999999999999,78.3798502472713,75.94753761019479,4,0.7140000000000006,0.7140000000000001,0.1260000000000001,0.0,0.0,0.06300000000000006,0.06300000000000006
448,1,0,1,0.18700858965626269,4.0,10.5,9.899999999999999,78.36935024727133,75.93703761019479,4,0.7140000000000006,0.7140000000000001,0.1260000000000001,0.0,0.0,0.06300000000000006,0.06300000000000006
449,1,0,1,0.18699296160925652,4.0,10.5,9.899999999999999,78.35885024727133,75.92653761019481,4,0.7140000000000006,0.7140000000000001,0.1260000000000001,0.0,0.0,0.06300000000000006,0.06300000000000006
450,1,0,1,0.1869905513336878,4.0,10.5,9.899999999999999,78.34835024727134,75.9160376101948,4,0.7140000000000006,0.7140000000000001,0.1260000000000001,0.0,0.0,0.06300000000000006,0.06300000000000006
451,1,0,1,0.1870015122553374,4.0,10.5,9.899999999999999,78.33785024727136,75.90553761019481,4,0.7140000000000006,0.7140000000000001,0.1260000000000001,0.0,0.0,0.06300000000000006,0.06300000000000006
452,1,0,0,-0.053004506830841784,3.946995493169158,10.5,9.899999999999999,78.32735024727135,75.89503761019482,4,0.7140000000000006,0.7140000000000001,0.1260000000000001,0.0,0.0,0.06300000000000006,0.06300000000000006
453,1,0,1,0.1870069647765418,4.0,10.5,9.899999999999999,78.31685024727136,75.88453761019481,4,0.7140000000000006,0.7140000000000001,0.1260000000000001,0.0,0.0,0.06300000000000006,0.06300000000000006
454,1,1,1,0.12199059611470982,4.0,10.5,9.899999999999999,78.30635024727137,75.87403761019483,4,0.7140000000000006,0.7140000000000001,0.1260000000000001,0.0,0.0,0.06300000000000006,0.06300000000000006
455,1,0,1,0.18699979462911115,4.0,10.5,9.899999999999999,78.29585024727136,75.86353761019484,4,0.7140000000000006,0.7140000000000001,0.1260000000000001,0.0,0.0,0.06300000000000006,0.06300000000000006
456,1,0,1,0.1870047754300159,4.0,10.5,9.899999999999999,78.28535024727138,75.85303761019485,4,0.7140000000000006,0.7140000000000001,0.1260000000000001,0.0,0.0,0.06300000000000006,0.06300000000000006
457,1,0,0,-0.053012189223413005,3.946987810776587,10.5,9.899999999999999,78.27485024727139,75.84253761019487,4,0.7140000000000006,0.7140000000000001,0.1260000000000001,0.0,0.0,0.06300000000000006,0.06300000000000006
458,1,0,1,0.18700725669044024,4.0,10.5,9.899999999999999,78.2643502472714,75.83203761019486,4,0.7140000000000006,0.7140000000000001,0.1260000000000001,0.0,0.0,0.06300000000000006,0.06300000000000006
459,1,0,0,-0.05299682073679513,3.9470031792632048,10.5,9.899999999999999,78.25385024727142,75.82153761019487,4,0.7140000000000006,0.7140000000000001,0.1260000000000001,0.0,0.0,0.06300000000000006,0.06300000000000006
460,1,0,0,-0.053009946170751554,3.8939932330924534,10.5,9.899999999999999,78.24335024727141,75.81103761019487,4,0.7140000000000006,0.7140000000000001,0.1260000000000001,0.0,0.0,0.06300000000000006,0.06300000000000006
461,1,0,1,0.1869910811372039,4.0,10.5,9.899999999999999,78.23285024727141,75.80053761019487,4,0.7140000000000006,0.7140000000000001,0.1260000000000001,0.0,0.0,0.06300000000000006,0.06300000000000006
462,1,0,1,0.18701016933786185,4.0,10.5,9.899999999999999,78.22235024727142,75.79003761019489,4,0.7140000000000006,0.7140000000000001,0.1260000000000001,0.0,0.0,0.06300000000000006,0.06300000000000006
463,1,0,1,0.18701307463884784,4.0,10.5,9.899999999999999,78.21185024727141,75.7795376101949,4,0.7140000000000006,0.7140000000000001,0.1260000000000001,0.0,0.0,0.06300000000000006,0.06300000000000006
464,1,0,1,0.18699150083115398,4.0,10.5,9.899999999999999,78.20135024727144,75.7690376101949,4,0.7140000000000006,0.7140000000000001,0.1260000000000001,0.0,0.0,0.06300000000000006,0.06300000000000006
465,1,0,1,0.1869986530107293,4.0,10.5,9.899999999999999,78.19085024727144,75.75853761019492,4,0.7140000000000006,0.7140000000000001,0.1260000000000001,0.0,0.0,0.06300000000000006,0.06300000000000006
466,1,0,1,0.18698474821345826,4.0,10.5,9.899999999999999,78.18035024727145,75.74803761019491,4,0.7140000000000006,0.7140000000000001,0.1260000000000001,0.0,0.0,0.06300000000000006,0.06300000000000006
467,1,0,1,0.18700836763664241,4.0,10.5,9.899999999999999,78.16985024727147,75.73753761019492,4,0.7140000000000006,0.7140000000000001,0.1260000000000001,0.0,0.0,0.06300000000000006,0.06300000000000006
468,1,0,1,0.18701861094436584,4.0,10.5,9.899999999999999,78.15935024727146,75.72703761019493,4,0.7140000000000006,0.7140000000000001,0.1260000000000001,0.0,0.0,0.06300000000000006,0.06300000000000006
469,1,0,1,0.18700203613787253,4.0,10.5,9.899999999999999,78.14885024727147,75.71653761019492,4,0.7140000000000006,0.7140000000000001,0.1260000000000001,0.0,0.0,0.06300000000000006,0.06300000000000006
470,1,0,1,0.1870076653683334,4.0,10.5,9.899999999999999,78.13835024727148,75.70603761019494,4,0.7140000000000006,0.7140000000000001,0.1260000000000001,0.0,0.0,0.06300000000000006,0.06300000000000006
471,1,0,1,0.18699001292727963,4.0,10.5,9.899999999999999,78.12785024727147,75.69553761019495,4,0.7140000000000006,0.7140000000000001,0.1260000000000001,0.0,0.0,0.06300000000000006,0.06300000000000006
472,1,0,1,0.18698349879944326,4.0,10.5,9.899999999999999,78.11735024727149,75.68503761019495,4,0.7140000000000006,0.7140000000000001,0.1260000000000001,0.0,0.0,0.06300000000000006,0.06300000000000006
473,1,0,0,-0.053006949917434425,3.9469930500825656,10.5,9.899999999999999,78.1068502472715,75.67453761019497,4,0.7140000000000006,0.7140000000000001,0.1260000000000001,0.0,0.0,0.06300000000000006,0.06300000000000006
474,1,0,1,0.18698617075694907,4.0,10.5,9.899999999999999,78.0963502472715,75.66403761019497,4,0.7140000000000006,0.7140000000000001,0.1260000000000001,0.0,0.0,0.06300000000000006,0.06300000000000006
475,1,0,1,0.18699819538925752,4.0,10.5,9.899999999999999,78.08585024727152,75.65353761019497,4,0.7140000000000006,0.7140000000000001,0.1260000000000001,0.0,0.0,0.06300000000000006,0.06300000000000006
476,1,0,0,-0.0530144626329129,3.946985537367087,10.5,9.899999999999999,78.07535024727152,75.64303761019498,4,0.7140000000000006,0.7140000000000001,0.1260000000000001,0.0,0.0,0.06300000000000006,0.06300000000000006
477,1,2,1,0.12199195908013678,4.0,10.5,9.899999999999999,78.06485024727152,75.63253761019497,4,0.7140000000000006,0.7140000000000001,0.1260000000000001,0.0,0.0,0.06300000000000006,0.06300000000000006
478,1,0,0,-0.05300014060049507,3.946999859399505,10.5,9.899999999999999,78.05435024727153,75.622037610195,4,0.7140000000000006,0.7140000000000001,0.1260000000000001,0.0,0.0,0.06300000000000006,0.06300000000000006
479,1,0,1,0.18700051972652248,4.0,10.5,9.899999999999999,78.04385024727152,75.611537610195,4,0.7140000000000006,0.7140000000000001,0.1260000000000001,0.0,0.0,0.06300000000000006,0.06300000000000006
480,1,2,1,0.1220069131993591,4.0,10.5,9.899999999999999,78.03335024727154,75.60103761019501,4,0.7140000000000006,0.7140000000000001,0.1260000000000001,0.0,0.0,0.06300000000000006,0.06300000000000006
481,1,0,1,0.18700755482560927,4.0,10.5,9.899999999999999,78.02285024727155,75.59053761019503,4,0.7140000000000006,0.7140000000000001,0.1260000000000001,0.0,0.0,0.06300000000000006,0.06300000000000006
482,1,0,1,0.18699357607552977,4.0,10.5,9.899999999999999,78.01235024727156,75.58003761019502,4,0.7140000000000006,0.7140000000000001,0.1260000000000001,0.0,0.0,0.06300000000000006,0.06300000000000006
483,1,0,1,0.18699019278944426,4.0,10.5,9.899999999999999,78.00185024727158,75.56953761019503,4,0.7140000000000006,0.7140000000000001,0.1260000000000001,0.0,0.0,0.06300000000000006,0.06300000000000006
484,1,0,1,0.18699199290071059,4.0,10.5,9.899999999999999,77.99135024727157,75.55903761019503,4,0.7140000000000006,0.7140000000000001,0.1260000000000001,0.0,0.0,0.06300000000000006,0.06300000000000006
485,1,0,1,0.18699210686827636,4.0,10.5,9.899999999999999,77.98085024727158,75.54853761019503,4,0.7140000000000006,0.7140000000000001,0.1260000000000001,0.0,0.0,0.06300000000000006,0.06300000000000006
486,1,0,1,0.18698596632626785,4.0,10.5,9.899999999999999,77.97035024727158,75.53803761019505,4,0.7140000000000006,0.7140000000000001,0.1260000000000001,0.0,0.0,0.06300000000000006,0.06300000000000006
487,1,0,0,-0.05301823900682344,3.9469817609931765,10.5,9.899999999999999,77.95985024727158,75.52753761019505,4,0.7140000000000006,0.7140000000000001,0.1260000000000001,0.0,0.0,0.06300000000000006,0.06300000000000006
488,1,2,1,0.12199643631184882,4.0,10.5,9.899999999999999,77.9493502472716,75.51703761019506,4,0.7140000000000006,0.7140000000000001,0.1260000000000001,0.0,0.0,0.06300000000000006,0.06300000000000006
489,1,0,1,0.1869970283338093,4.0,10.5,9.899999999999999,77.9388502472716,75.50653761019508,4,0.7140000000000006,0.7140000000000001,0.1260000000000001,0.0,0.0,0.06300000000000006,0.06300000000000006
490,1,2,1,0.12199874448157652,4.0,10.5,9.899999999999999,77.92835024727161,75.49603761019507,4,0.7140000000000006,0.7140000000000001,0.1260000000000001,0.0,0.0,0.06300000000000006,0.06300000000000006
491,1,0,1,0.18700141411676804,4.0,10.5,9.899999999999999,77.91785024727163,75.48553761019508,4,0.7140000000000006,0.7140000000000001,0.1260000000000001,0.0,0.0,0.06300000000000006,0.06300000000000006
492,1,1,1,0.12197937768898572,4.0,10.5,9.899999999999999,77.90735024727162,75.47503761019509,4,0.7140000000000006,0.7140000000000001,0.1260000000000001,0.0,0.0,0.06300000000000006,0.06300000000000006
493,1,2,1,0.12198322143242817,4.0,10.5,9.899999999999999,77.89685024727163,75.46453761019508,4,0.7140000000000006,0.7140000000000001,0.1260000000000001,0.0,0.0,0.06300000000000006,0.06300000000000006
494,1,0,1,0.18698310758682407,4.0,10.5,9.899999999999999,77.88635024727164,75.4540376101951,4,0.7140000000000006,0.7140000000000001,0.1260000000000001,0.0,0.0,0.06300000000000006,0.06300000000000006
495,1,0,1,0.18699749972742483,4.0,10.5,9.899999999999999,77.87585024727163,75.44353761019511,4,0.7140000000000006,0.7140000000000001,0.1260000000000001,0.0,0.0,0.06300000000000006,0.06300000000000006
496,1,0,1,0.1869958382151272,4.0,10.5,9.899999999999999,77.86535024727165,75.43303761019511,4,0.7140000000000006,0.7140000000000001,0.1260000000000001,0.0,0.0,0.06300000000000006,0.06300000000000006
497,1,2,1,0.1219880100799313,4.0,10.5,9.899999999999999,77.85485024727166,75.42253761019514,4,0.7140000000000006,0.7140000000000001,0.1260000000000001,0.0,0.0,0.06300000000000006,0.06300000000000006
498,1,0,0,-0.05301321023524631,3.9469867897647535,10.5,9.899999999999999,77.84435024727166,75.41203761019513,4,0.7140000000000006,0.7140000000000001,0.1260000000000001,0.0,0.0,0.06300000000000006,0.06300000000000006
499,1,0,1,0.1869909453825472,4.0,10.5,9.899999999999999,77.83385024727168,75.40153761019513,4,0.7140000000000006,0.7140000000000001,0.1260000000000001,0.0,0.0,0.06300000000000006,0.06300000000000006
500,1,0,1,0.187009302028192,4.0,10.5,9.899999999999999,77.82335024727168,75.39103761019514,4,0.7140000000000006,0.7140000000000001,0.1260000000000001,0.0,0.0,0.06300000000000006,0.06300000000000006
501,1,0,1,0.18699366181620747,4.0,10.5,9.899999999999999,77.81285024727168,75.38053761019513,4,0.7140000000000006,0.7140000000000001,0.1260000000000001,0.0,0.0,0.06300000000000006,0.06300000000000006
502,1,0,0,-0.05301506915656492,3.9469849308434353,10.5,9.899999999999999,77.80235024727169,75.37003761019515,4,0.7140000000000006,0.7140000000000001,0.1260000000000001,0.0,0.0,0.06300000000000006,0.06300000000000006
503,1,0,1,0.18699690965301857,4.0,10.5,9.899999999999999,77.79185024727168,75.35953761019516,4,0.7140000000000006,0.7140000000000001,0.1260000000000001,0.0,0.0,0.06300000000000006,0.06300000000000006
504,1,0,1,0.18699877581794483,4.0,10.5,9.899999999999999,77.7813502472717,75.34903761019517,4,0.7140000000000006,0.7140000000000001,0.1260000000000001,0.0,0.0,0.06300000000000006,0.06300000000000006
505,1,0,1,0.18701202825126534,4.0,10.5,9.899999999999999,77.77085024727171,75.33853761019519,4,0.7140000000000006,0.7140000000000001,0.1260000000000001,0.0,0.0,0.06300000000000006,0.06300000000000006
506,1,0,1,0.1869848228862724,4.0,10.5,9.899999999999999,77.76035024727172,75.32803761019518,4,0.7140000000000006,0.7140000000000001,0.1260000000000001,0.0,0.0,0.06300000000000006,0.06300000000000006
507,1,2,0,-0.1179915706017686,3.8820084293982315,10.5,9.899999999999999,77.74985024727174,75.31753761019519,4,0.7140000000000006,0.7140000000000001,0.1260000000000001,0.0,0.0,0.06300000000000006,0.06300000000000006
508,1,0,1,0.18700420022763845,4.0,10.5,9.899999999999999,77.73935024727173,75.3070376101952,4,0.7140000000000006,0.7140000000000001,0.1260000000000001,0.0,0.0,0.06300000000000006,0.06300000000000006
509,1,0,1,0.18699186819708322,4.0,10.5,9.899999999999999,77.72885024727174,75.29653761019519,4,0.7140000000000006,0.7140000000000001,0.1260000000000001,0.0,0.0,0.06300000000000006,0.06300000000000006
510,1,0,1,0.18698434238559444,4.0,10.5,9.899999999999999,77.71835024727174,75.28603761019521,4,0.7140000000000006,0.7140000000000001,0.1260000000000001,0.0,0.0,0.06300000000000006,0.06300000000000006
511,1,1,1,0.1219987615364194,4.0,10.5,9.899999999999999,77.70785024727174,75.27553761019522,4,0.7140000000000006,0.7140000000000001,0.1260000000000001,0.0,0.0,0.06300000000000006,0.06300000000000006
512,1,0,1,0.18698342997689116,4.0,10.5,9.899999999999999,77.69735024727176,75.26503761019522,5,0.7140000000000006,0.7140000000000001,0.1260000000000001,0.0,0.0,0.06300000000000006,0.06300000000000006
513,1,0,1,0.18700203086885464,4.0,10.5,9.899999999999999,77.68685024727176,75.25453761019524,5,0.7140000000000006,0.7140000000000001,0.1260000000000001,0.0,0.0,0.06300000000000006,0.06300000000000006
514,1,0,1,0.18700054828194185,4.0,10.5,9.899999999999999,77.67635024727177,75.24403761019524,5,0.7140000000000006,0.7140000000000001,0.1260000000000001,0.0,0.0,0.06300000000000006,0.06300000000000006
515,1,0,1,0.18699977857796457,4.0,10.5,9.899999999999999,77.66585024727179,75.23353761019524,5,0.7140000000000006,0.7140000000000001,0.1260000000000001,0.0,0.0,0.06300000000000006,0.06300000000000006
516,1,1,0,-0.1180061575733402,3.88199384242666,10.5,9.899999999999999,77.65535024727178,75.22303761019525,5,0.7140000000000006,0.7140000000000001,0.1260000000000001,0.0,0.0,0.06300000000000006,0.06300000000000006
517,1,1,1,0.12198832485979098,4.0,10.5,9.899999999999999,77.64485024727179,75.21253761019524,5,0.7140000000000006,0.7140000000000001,0.1260000000000001,0.0,0.0,0.06300000000000006,0.06300000000000006
518,1,0,0,-0.05300278256968196,3.946997217430318,10.5,9.899999999999999,77.6343502472718,75.20203761019526,5,0.7140000000000006,0.7140000000000001,0.1260000000000001,0.0,0.0,0.06300000000000006,0.06300000000000006
519,1,0,1,0.18698289918206626,4.0,10.5,9.899999999999999,77.62385024727179,75.19153761019527,5,0.7140000000000006,0.7140000000000001,0.1260000000000001,0.0,0.0,0.06300000000000006,0.06300000000000006
520,1,0,1,0.1869798760631724,4.0,10.5,9.899999999999999,77.61335024727181,75.18103761019528,5,0.7140000000000006,0.7140000000000001,0.1260000000000001,0.0,0.0,0.06300000000000006,0.06300000000000006
521,1,0,1,0.18698713587442997,4.0,10.5,9.899999999999999,77.60285024727182,75.1705376101953,5,0.7140000000000006,0.7140000000000001,0.1260000000000001,0.0,0.0,0.06300000000000006,0.06300000000000006
522,1,0,1,0.18698853310630126,4.0,10.5,9.899999999999999,77.59235024727182,75.16003761019529,5,0.7140000000000006,0.7140000000000001,0.1260000000000001,0.0,0.0,0.06300000000000006,0.06300000000000006
523,1,0,1,0.18698143620139782,4.0,10.5,9.899999999999999,77.58185024727184,75.1495376101953,5,0.7140000000000006,0.7140000000000001,0.1260000000000001,0.0,0.0,0.06300000000000006,0.06300000000000006
524,1,0,1,0.1869936981491503,4.0,10.5,9.899999999999999,77.57135024727184,75.1390376101953,5,0.7140000000000006,0.7140000000000001,0.1260000000000001,0.0,0.0,0.06300000000000006,0.06300000000000006
525,1,0,1,0.18699990191589333,4.0,10.5,9.899999999999999,77.56085024727184,75.1285376101953,5,0.7140000000000006,0.7140000000000001,0.1260000000000001,0.0,0.0,0.06300000000000006,0.06300000000000006
526,1,0,1,0.1869874722956598,4.0,10.5,9.899999999999999,77.55035024727185,75.11803761019532,5,0.7140000000000006,0.7140000000000001,0.1260000000000001,0.0,0.0,0.06300000000000006,0.06300000000000006
527,1,1,1,0.12201117495074063,4.0,10.5,9.899999999999999,77.53985024727184,75.10753761019532,5,0.7140000000000006,0.7140000000000001,0.1260000000000001,0.0,0.0,0.06300000000000006,0.06300000000000006
528,1,1,1,0.12200089506955847,4.0,10.5,9.899999999999999,77.52935024727186,75.09703761019533,5,0.7140000000000006,0.7140000000000001,0.1260000000000001,0.0,0.0,0.06300000000000006,0.06300000000000006
529,1,1,1,0.121990666642927,4.0,10.5,9.899999999999999,77.51885024727187,75.08653761019535,5,0.7140000000000006,0.7140000000000001,0.1260000000000001,0.0,0.0,0.06300000000000006,0.06300000000000006
530,1,0,1,0.18698071181971118,4.0,10.5,9.899999999999999,77.50835024727188,75.07603761019534,5,0.7140000000000006,0.7140000000000001,0.1260000000000001,0.0,0.0,0.06300000000000006,0.06300000000000006
531,1,2,0,-0.11799888005822379,3.8820011199417763,10.5,9.899999999999999,77.4978502472719,75.06553761019535,5,0.7140000000000006,0.7140000000000001,0.1260000000000001,0.0,0.0,0.06300000000000006,0.06300000000000006
532,1,2,0,-0.11801028118010694,3.763990838761669,10.5,9.899999999999999,77.48735024727189,75.05503761019536,5,0.7140000000000006,0.7140000000000001,0.1260000000000001,0.0,0.0,0.06300000000000006,0.06300000000000006
533,1,0,1,0.18699539714742014,3.9509862359090895,10.5,9.899999999999999,77.4768502472719,75.04453761019535,5,0.7140000000000006,0.7140000000000001,0.1260000000000001,0.0,0.0,0.06300000000000006,0.06300000000000006
534,1,0,1,0.18699463854380236,4.0,10.5,9.899999999999999,77.4663502472719,75.03403761019537,5,0.7140000000000006,0.7140000000000001,0.1260000000000001,0.0,0.0,0.06300000000000006,0.06300000000000006
535,1,0,1,0.1869976462780348,4.0,10.5,9.899999999999999,77.4558502472719,75.02353761019538,5,0.7140000000000006,0.7140000000000001,0.1260000000000001,0.0,0.0,0.06300000000000006,0.06300000000000006
536,1,0,1,0.18699372490565466,4.0,10.5,9.899999999999999,77.44535024727192,75.01303761019538,5,0.7140000000000006,0.7140000000000001,0.1260000000000001,0.0,0.0,0.06300000000000006,0.06300000000000006
537,1,0,1,0.1869904859084248,4.0,10.5,9.899999999999999,77.43485024727192,75.0025376101954,5,0.7140000000000006,0.7140000000000001,0.1260000000000001,0.0,0.0,0.06300000000000006,0.06300000000000006
538,1,0,1,0.18699414016468993,4.0,10.5,9.899999999999999,77.42435024727193,74.9920376101954,5,0.7140000000000006,0.7140000000000001,0.1260000000000001,0.0,0.0,0.06300000000000006,0.06300000000000006
539,1,0,1,0.18698919071179926,4.0,10.5,9.899999999999999,77.41385024727195,74.9815376101954,5,0.7140000000000006,0.7140000000000001,0.1260000000000001,0.0,0.0,0.06300000000000006,0.06300000000000006
540,1,0,0,-0.05300291395616247,3.9469970860438375,10.5,9.899999999999999,77.40335024727194,74.97103761019541,5,0.7140000000000006,0.7140000000000001,0.1260000000000001,0.0,0.0,0.06300000000000006,0.06300000000000006
541,1,2,1,0.1219994346152731,4.0,10.5,9.899999999999999,77.39285024727195,74.9605376101954,5,0.7140000000000006,0.7140000000000001,0.1260000000000001,0.0,0.0,0.06300000000000006,0.06300000000000006
542,1,0,1,0.18698474351040334,4.0,10.5,9.899999999999999,77.38235024727196,74.95003761019542,5,0.7140000000000006,0.7140000000000001,0.1260000000000001,0.0,0.0,0.06300000000000006,0.06300000000000006
543,1,0,0,-0.052992038509706754,3.9470079614902933,10.5,9.899999999999999,77.37185024727195,74.93953761019543,5,0.7140000000000006,0.7140000000000001,0.1260000000000001,0.0,0.0,0.06300000000000006,0.06300000000000006
544,1,0,1,0.1869989895781152,4.0,10.5,9.899999999999999,77.36135024727197,74.92903761019544,5,0.7140000000000006,0.7140000000000001,0.1260000000000001,0.0,0.0,0.06300000000000006,0.06300000000000006
545,1,0,0,-0.05300115400895876,3.9469988459910414,10.5,9.899999999999999,77.35085024727198,74.91853761019546,5,0.7140000000000006,0.7140000000000001,0.1260000000000001,0.0,0.0,0.06300000000000006,0.06300000000000006
546,1,0,0,-0.0530048511564054,3.893993994834636,10.5,9.899999999999999,77.34035024727199,74.90803761019545,5,0.7140000000000006,0.7140000000000001,0.1260000000000001,0.0,0.0,0.06300000000000006,0.06300000000000006
547,1,0,1,0.1869984564462765,4.0,10.5,9.899999999999999,77.329850247272,74.89753761019546,5,0.7140000000000006,0.7140000000000001,0.1260000000000001,0.0,0.0,0.06300000000000006,0.06300000000000006
548,1,0,1,0.187003182988339,4.0,10.5,9.899999999999999,77.319350247272,74.88703761019546,5,0.7140000000000006,0.7140000000000001,0.1260000000000001,0.0,0.0,0.06300000000000006,0.06300000000000006
549,1,0,0,-0.05300078693798224,3.9469992130620177,10.5,9.899999999999999,77.308850247272,74.87653761019546,5,0.7140000000000006,0.7140000000000001,0.1260000000000001,0.0,0.0,0.06300000000000006,0.06300000000000006
550,1,0,1,0.18698651828429422,4.0,10.5,9.899999999999999,77.29835024727201,74.86603761019548,5,0.7140000000000006,0.7140000000000001,0.1260000000000001,0.0,0.0,0.06300000000000006,0.06300000000000006
551,1,0,0,-0.05301268360428611,3.946987316395714,10.5,9.899999999999999,77.287850247272,74.85553761019548,5,0.7140000000000006,0.7140000000000001,0.1260000000000001,0.0,0.0,0.06300000000000006,0.06300000000000006
552,1,0,1,0.1870073138031228,4.0,10.5,9.899999999999999,77.27735024727203,74.84503761019549,5,0.7140000000000006,0.7140000000000001,0.1260000000000001,0.0,0.0,0.06300000000000006,0.06300000000000006
553,1,0,1,0.18700048714926046,4.0,10.5,9.899999999999999,77.26685024727203,74.83453761019551,5,0.7140000000000006,0.7140000000000001,0.1260000000000001,0.0,0.0,0.06300000000000006,0.06300000000000006
554,1,0,1,0.18699140282797178,4.0,10.5,9.899999999999999,77.25635024727204,74.8240376101955,5,0.7140000000000006,0.7140000000000001,0.1260000000000001,0.0,0.0,0.06300000000000006,0.06300000000000006
555,1,0,1,0.18699976901118673,4.0,10.5,9.899999999999999,77.24585024727206,74.81353761019551,5,0.7140000000000006,0.7140000000000001,0.1260000000000001,0.0,0.0,0.06300000000000006,0.06300000000000006
556,1,0,1,0.18699196286816572,4.0,10.5,9.899999999999999,77.23535024727205,74.80303761019552,5,0.7140000000000006,0.7140000000000001,0.1260000000000001,0.0,0.0,0.06300000000000006,0.06300000000000006
557,1,0,0,-0.05299866455930392,3.947001335440696,10.5,9.899999999999999,77.22485024727206,74.79253761019551,5,0.7140000000000006,0.7140000000000001,0.1260000000000001,0.0,0.0,0.06300000000000006,0.06300000000000006
558,1,0,1,0.1869982775677382,4.0,10.5,9.899999999999999,77.21435024727207,74.78203761019553,5,0.7140000000000006,0.7140000000000001,0.1260000000000001,0.0,0.0,0.06300000000000006,0.06300000000000006
559,1,0,1,0.18700399532406492,4.0,10.5,9.899999999999999,77.20385024727206,74.77153761019554,5,0.7140000000000006,0.7140000000000001,0.1260000000000001,0.0,0.0,0.06300000000000006,0.06300000000000006
560,1,0,1,0.18699301129090126,4.0,10.5,9.899999999999999,77.19335024727208,74.76103761019554,5,0.7140000000000006,0.7140000000000001,0.1260000000000001,0.0,0.0,0.06300000000000006,0.06300000000000006
561,1,0,1,0.18700638080534793,4.0,10.5,9.899999999999999,77.18285024727209,74.75053761019556,5,0.7140000000000006,0.7140000000000001,0.1260000000000001,0.0,0.0,0.06300000000000006,0.06300000000000006
562,1,2,1,0.12201300391245572,4.0,10.5,9.899999999999999,77.17235024727209,74.74003761019556,5,0.7140000000000006,0.7140000000000001,0.1260000000000001,0.0,0.0,0.06300000000000006,0.06300000000000006
563,1,0,1,0.18699248992641557,4.0,10.5,9.899999999999999,77.16185024727211,74.72953761019556,5,0.7140000000000006,0.7140000000000001,0.1260000000000001,0.0,0.0,0.06300000000000006,0.06300000000000006
564,1,0,1,0.1869879264828954,4.0,10.5,9.899999999999999,77.1513502472721,74.71903761019557,5,0.7140000000000006,0.7140000000000001,0.1260000000000001,0.0,0.0,0.06300000000000006,0.06300000000000006
565,1,2,1,0.12199886931154309,4.0,10.5,9.899999999999999,77.14085024727211,74.70853761019556,5,0.7140000000000006,0.7140000000000001,0.1260000000000001,0.0,0.0,0.06300000000000006,0.06300000000000006
566,1,0,1,0.18700088857457192,4.0,10.5,9.899999999999999,77.13035024727212,74.69803761019558,5,0.7140000000000006,0.7140000000000001,0.1260000000000001,0.0,0.0,0.06300000000000006,0.06300000000000006
567,1,0,1,0.1869832658953376,4.0,10.5,9.899999999999999,77.11985024727211,74.68753761019559,5,0.7140000000000006,0.7140000000000001,0.1260000000000001,0.0,0.0,0.06300000000000006,0.06300000000000006
568,1,2,1,0.12197831690765905,4.0,10.5,9.899999999999999,77.10935024727213,74.6770376101956,5,0.7140000000000006,0.7140000000000001,0.1260000000000001,0.0,0.0,0.06300000000000006,0.06300000000000006
569,1,2,1,0.12198102306682969,4.0,10.5,9.899999999999999,77.09885024727214,74.66653761019562,5,0.7140000000000006,0.7140000000000001,0.1260000000000001,0.0,0.0,0.06300000000000006,0.06300000000000006
570,1,0,1,0.1870026335061639,4.0,10.5,9.899999999999999,77.08835024727215,74.65603761019561,5,0.7140000000000006,0.7140000000000001,0.1260000000000001,0.0,0.0,0.06300000000000006,0.06300000000000006
571,1,1,1,0.12199348783674292,4.0,10.5,9.899999999999999,77.07785024727217,74.64553761019562,5,0.7140000000000006,0.7140000000000001,0.1260000000000001,0.0,0.0,0.06300000000000006,0.06300000000000006
572,1,0,1,0.18699127602752263,4.0,10.5,9.899999999999999,77.06735024727216,74.63503761019562,5,0.7140000000000006,0.7140000000000001,0.1260000000000001,0.0,0.0,0.06300000000000006,0.06300000000000006
573,1,0,1,0.1869847905449982,4.0,10.5,9.899999999999999,77.05685024727217,74.62453761019562,5,0.7140000000000006,0.7140000000000001,0.1260000000000001,0.0,0.0,0.06300000000000006,0.06300000000000006
574,1,0,1,0.18700089331766323,4.0,10.5,9.899999999999999,77.04635024727217,74.61403761019564,5,0.7140000000000006,0.7140000000000001,0.1260000000000001,0.0,0.0,0.06300000000000006,0.06300000000000006
575,1,0,1,0.1869994241875203,4.0,10.5,9.899999999999999,77.03585024727217,74.60353761019564,5,0.7140000000000006,0.7140000000000001,0.1260000000000001,0.0,0.0,0.06300000000000006,0.06300000000000006
576,1,0,1,0.18700277001415738,4.0,10.5,9.899999999999999,77.02535024727219,74.59303761019565,5,0.7140000000000006,0.7140000000000001,0.1260000000000001,0.0,0.0,0.06300000000000006,0.06300000000000006
577,1,0,1,0.18700980811562973,4.0,10.5,9.899999999999999,77.0148502472722,74.58253761019567,5,0.7140000000000006,0.7140000000000001,0.1260000000000001,0.0,0.0,0.06300000000000006,0.06300000000000006
578,1,2,1,0.12200215588673546,4.0,10.5,9.899999999999999,77.0043502472722,74.57203761019566,5,0.7140000000000006,0.7140000000000001,0.1260000000000001,0.0,0.0,0.06300000000000006,0.06300000000000006
579,1,0,1,0.18699796817773462,4.0,10.5,9.899999999999999,76.99385024727222,74.56153761019567,5,0.7140000000000006,0.7140000000000001,0.1260000000000001,0.0,0.0,0.06300000000000006,0.06300000000000006
580,1,0,1,0.186997422499403,4.0,10.5,9.899999999999999,76.98335024727221,74.55103761019568,5,0.7140000000000006,0.7140000000000001,0.1260000000000001,0.0,0.0,0.06300000000000006,0.06300000000000006
581,1,2,0,-0.11800374096547776,3.8819962590345223,10.5,9.899999999999999,76.97285024727222,74.54053761019567,5,0.7140000000000006,0.7140000000000001,0.1260000000000001,0.0,0.0,0.06300000000000006,0.06300000000000006
582,1,0,1,0.18698323408349263,4.0,10.5,9.899999999999999,76.96235024727223,74.53003761019569,5,0.7140000000000006,0.7140000000000001,0.1260000000000001,0.0,0.0,0.06300000000000006,0.06300000000000006
583,1,0,0,-0.052987868301421645,3.9470121316985782,10.5,9.899999999999999,76.95185024727222,74.5195376101957,5,0.7140000000000006,0.7140000000000001,0.1260000000000001,0.0,0.0,0.06300000000000006,0.06300000000000006
584,1,0,0,-0.05300812057642548,3.8940040111221528,10.5,9.899999999999999,76.94135024727224,74.5090376101957,5,0.7140000000000006,0.7140000000000001,0.1260000000000001,0.0,0.0,0.06300000000000006,0.06300000000000006
585,1,0,0,-0.0530180349995693,3.8409859761225835,10.5,9.899999999999999,76.93085024727225,74.49853761019573,5,0.7140000000000006,0.7140000000000001,0.1260000000000001,0.0,0.0,0.06300000000000006,0.06300000000000006
586,1,0,1,0.18698476739203843,4.0,10.5,9.899999999999999,76.92035024727225,74.48803761019572,5,0.7140000000000006,0.7140000000000001,0.1260000000000001,0.0,0.0,0.06300000000000006,0.06300000000000006
587,1,0,1,0.18698935211676954,4.0,10.5,9.899999999999999,76.90985024727227,74.47753761019572,5,0.7140000000000006,0.7140000000000001,0.1260000000000001,0.0,0.0,0.06300000000000006,0.06300000000000006
588,1,0,1,0.18698349860410238,4.0,10.5,9.899999999999999,76.89935024727227,74.46703761019573,5,0.7140000000000006,0.7140000000000001,0.1260000000000001,0.0,0.0,0.06300000000000006,0.06300000000000006
589,1,0,1,0.18698798482931975,4.0,10.5,9.899999999999999,76.88885024727227,74.45653761019572,5,0.7140000000000006,0.7140000000000001,0.1260000000000001,0.0,0.0,0.06300000000000006,0.06300000000000006
590,1,0,1,0.18700127873485323,4.0,10.5,9.899999999999999,76.87835024727228,74.44603761019575,5,0.7140000000000006,0.7140000000000001,0.1260000000000001,0.0,0.0,0.06300000000000006,0.06300000000000006
591,1,0,1,0.1869774920059233,4.0,10.5,9.899999999999999,76.86785024727227,74.43553761019575,5,0.7140000000000006,0.7140000000000001,0.1260000000000001,0.0,0.0,0.06300000000000006,0.06300000000000006
592,1,0,1,0.18699610513113,4.0,10.5,9.899999999999999,76.8573502472723,74.42503761019576,5,0.7140000000000006,0.7140000000000001,0.1260000000000001,0.0,0.0,0.06300000000000006,0.06300000000000006
593,1,0,1,0.1869631673865855,4.0,10.5,9.899999999999999,76.8468502472723,74.41453761019578,5,0.7140000000000006,0.7140000000000001,0.1260000000000001,0.0,0.0,0.06300000000000006,0.06300000000000006
594,1,0,0,-0.0530125442473235,3.9469874557526765,10.5,9.899999999999999,76.8363502472723,74.40403761019577,5,0.7140000000000006,0.7140000000000001,0.1260000000000001,0.0,0.0,0.06300000000000006,0.06300000000000006
595,1,0,1,0.18700025276259535,4.0,10.5,9.899999999999999,76.82585024727233,74.39353761019578,5,0.7140000000000006,0.7140000000000001,0.1260000000000001,0.0,0.0,0.06300000000000006,0.06300000000000006
596,1,0,0,-0.05300508513584146,3.9469949148641588,10.5,9.899999999999999,76.81535024727232,74.38303761019579,5,0.7140000000000006,0.7140000000000001,0.1260000000000001,0.0,0.0,0.06300000000000006,0.06300000000000006
597,1,0,1,0.18698470438846929,4.0,10.5,9.899999999999999,76.80485024727233,74.37253761019578,5,0.7140000000000006,0.7140000000000001,0.1260000000000001,0.0,0.0,0.06300000000000006,0.06300000000000006
598,1,2,1,0.12200664671057652,4.0,10.5,9.899999999999999,76.79435024727233,74.3620376101958,5,0.7140000000000006,0.7140000000000001,0.1260000000000001,0.0,0.0,0.06300000000000006,0.06300000000000006
599,1,2,1,0.1219968721542072,4.0,10.5,9.899999999999999,76.78385024727233,74.3515376101958,5,0.7140000000000006,0.7140000000000001,0.1260000000000001,0.0,0.0,0.06300000000000006,0.06300000000000006
600,1,0,1,0.18699245568789952,4.0,10.5,9.899999999999999,76.77335024727235,74.34103761019581,5,0.7140000000000006,0.7140000000000001,0.1260000000000001,0.0,0.0,0.06300000000000006,0.06300000000000006
601,1,0,1,0.1869729369944501,4.0,10.5,9.899999999999999,76.76285024727235,74.33053761019583,5,0.7140000000000006,0.7140000000000001,0.1260000000000001,0.0,0.0,0.06300000000000006,0.06300000000000006
602,1,0,1,0.18699533097295096,4.0,10.5,9.899999999999999,76.75235024727236,74.32003761019583,5,0.7140000000000006,0.7140000000000001,0.1260000000000001,0.0,0.0,0.06300000000000006,0.06300000000000006
603,1,2,1,0.12199283516476156,4.0,10.5,9.899999999999999,76.74185024727238,74.30953761019583,5,0.7140000000000006,0.7140000000000001,0.1260000000000001,0.0,0.0,0.06300000000000006,0.06300000000000006
604,1,0,1,0.1869944674131481,4.0,10.5,9.899999999999999,76.73135024727237,74.29903761019584,5,0.7140000000000006,0.7140000000000001,0.1260000000000001,0.0,0.0,0.06300000000000006,0.06300000000000006
605,1,0,1,0.18699993811309865,4.0,10.5,9.899999999999999,76.72085024727238,74.28853761019583,5,0.7140000000000006,0.7140000000000001,0.1260000000000001,0.0,0.0,0.06300000000000006,0.06300000000000006
606,1,0,1,0.18697797361088617,4.0,10.5,9.899999999999999,76.71035024727239,74.27803761019585,5,0.7140000000000006,0.7140000000000001,0.1260000000000001,0.0,0.0,0.06300000000000006,0.06300000000000006
607,1,2,0,-0.11800898006802152,3.8819910199319785,10.5,9.899999999999999,76.69985024727238,74.26753761019586,5,0.7140000000000006,0.7140000000000001,0.1260000000000001,0.0,0.0,0.06300000000000006,0.06300000000000006
608,1,0,1,0.18699595539495567,4.0,10.5,9.899999999999999,76.6893502472724,74.25703761019587,5,0.7140000000000006,0.7140000000000001,0.1260000000000001,0.0,0.0,0.06300000000000006,0.06300000000000006
609,1,0,1,0.18698227797939984,4.0,10.5,9.899999999999999,76.67885024727241,74.24653761019589,5,0.7140000000000006,0.7140000000000001,0.1260000000000001,0.0,0.0,0.06300000000000006,0.06300000000000006
610,1,0,1,0.18697795415516238,4.0,10.5,9.899999999999999,76.66835024727241,74.23603761019588,5,0.7140000000000006,0.7140000000000001,0.1260000000000001,0.0,0.0,0.06300000000000006,0.06300000000000006
611,1,0,1,0.18698410965921103,4.0,10.5,9.899999999999999,76.65785024727244,74.22553761019589,5,0.7140000000000006,0.7140000000000001,0.1260000000000001,0.0,0.0,0.06300000000000006,0.06300000000000006
612,1,0,0,-0.053015699174792034,3.946984300825208,10.5,9.899999999999999,76.64735024727243,74.21503761019589,5,0.7140000000000006,0.7140000000000001,0.1260000000000001,0.0,0.0,0.06300000000000006,0.06300000000000006
613,1,2,1,0.12197786312345953,4.0,10.5,9.899999999999999,76.63685024727243,74.20453761019589,5,0.7140000000000006,0.7140000000000001,0.1260000000000001,0.0,0.0,0.06300000000000006,0.06300000000000006
614,1,0,0,-0.053002233805549304,3.9469977661944506,10.5,9.899999999999999,76.62635024727244,74.1940376101959,5,0.7140000000000006,0.7140000000000001,0.1260000000000001,0.0,0.0,0.06300000000000006,0.06300000000000006
615,1,0,1,0.187002256558242,4.0,10.5,9.899999999999999,76.61585024727243,74.18353761019591,5,0.7140000000000006,0.7140000000000001,0.1260000000000001,0.0,0.0,0.06300000000000006,0.06300000000000006
616,1,0,1,0.18699995321460186,4.0,10.5,9.899999999999999,76.60535024727245,74.17303761019592,5,0.7140000000000006,0.7140000000000001,0.1260000000000001,0.0,0.0,0.06300000000000006,0.06300000000000006
617,1,1,1,0.1219877154493203,4.0,10.5,9.899999999999999,76.59485024727246,74.16253761019594,5,0.7140000000000006,0.7140000000000001,0.1260000000000001,0.0,0.0,0.06300000000000006,0.06300000000000006
618,1,0,1,0.1869767031864709,4.0,10.5,9.899999999999999,76.58435024727247,74.15203761019593,5,0.7140000000000006,0.7140000000000001,0.1260000000000001,0.0,0.0,0.06300000000000006,0.06300000000000006
619,1,0,1,0.18698983155808846,4.0,10.5,9.899999999999999,76.57385024727249,74.14153761019594,5,0.7140000000000006,0.7140000000000001,0.1260000000000001,0.0,0.0,0.06300000000000006,0.06300000000000006
620,1,0,1,0.18699669655045115,4.0,10.5,9.899999999999999,76.56335024727248,74.13103761019595,5,0.7140000000000006,0.7140000000000001,0.1260000000000001,0.0,0.0,0.06300000000000006,0.06300000000000006
621,1,0,1,0.186996094844397,4.0,10.5,9.899999999999999,76.55285024727249,74.12053761019594,5,0.7140000000000006,0.7140000000000001,0.1260000000000001,0.0,0.0,0.06300000000000006,0.06300000000000006
622,1,0,1,0.18697748848250215,4.0,10.5,9.899999999999999,76.5423502472725,74.11003761019596,5,0.7140000000000006,0.7140000000000001,0.1260000000000001,0.0,0.0,0.06300000000000006,0.06300000000000006
623,1,0,1,0.18698927493131035,4.0,10.5,9.899999999999999,76.53185024727249,74.09953761019597,5,0.7140000000000006,0.7140000000000001,0.1260000000000001,0.0,0.0,0.06300000000000006,0.06300000000000006
624,1,0,1,0.18700803596936277,4.0,10.5,9.899999999999999,76.52135024727251,74.08903761019597,5,0.7140000000000006,0.7140000000000001,0.1260000000000001,0.0,0.0,0.06300000000000006,0.06300000000000006
625,1,0,1,0.18700579329316605,4.0,10.5,9.899999999999999,76.51085024727251,74.078537610196,5,0.7140000000000006,0.7140000000000001,0.1260000000000001,0.0,0.0,0.06300000000000006,0.06300000000000006
626,1,0,1,0.18698320385330092,4.0,10.5,9.899999999999999,76.50035024727252,74.06803761019599,5,0.7140000000000006,0.7140000000000001,0.1260000000000001,0.0,0.0,0.06300000000000006,0.06300000000000006
627,1,0,1,0.18698502494914276,4.0,10.5,9.899999999999999,76.48985024727254,74.057537610196,5,0.7140000000000006,0.7140000000000001,0.1260000000000001,0.0,0.0,0.06300000000000006,0.06300000000000006
628,1,0,1,0.18700157551399066,4.0,10.5,9.899999999999999,76.47935024727254,74.047037610196,5,0.7140000000000006,0.7140000000000001,0.1260000000000001,0.0,0.0,0.06300000000000006,0.06300000000000006
629,1,0,0,-0.053008869617850715,3.946991130382149,10.5,9.899999999999999,76.46885024727254,74.03653761019599,5,0.7140000000000006,0.7140000000000001,0.1260000000000001,0.0,0.0,0.06300000000000006,0.06300000000000006
630,1,0,1,0.18698449806613007,4.0,10.5,9.899999999999999,76.45835024727255,74.02603761019601,5,0.7140000000000006,0.7140000000000001,0.1260000000000001,0.0,0.0,0.06300000000000006,0.06300000000000006
631,1,0,1,0.1869834963375963,4.0,10.5,9.899999999999999,76.44785024727254,74.01553761019602,5,0.7140000000000006,0.7140000000000001,0.1260000000000001,0.0,0.0,0.06300000000000006,0.06300000000000006
632,1,0,1,0.18699473457038354,4.0,10.5,9.899999999999999,76.43735024727256,74.00503761019603,5,0.7140000000000006,0.7140000000000001,0.1260000000000001,0.0,0.0,0.06300000000000006,0.06300000000000006
633,1,0,1,0.18698627091916267,4.0,10.5,9.899999999999999,76.42685024727257,73.99453761019605,5,0.7140000000000006,0.7140000000000001,0.1260000000000001,0.0,0.0,0.06300000000000006,0.06300000000000006
634,1,0,1,0.18699421370082578,4.0,10.5,9.899999999999999,76.41635024727258,73.98403761019604,5,0.7140000000000006,0.7140000000000001,0.1260000000000001,0.0,0.0,0.06300000000000006,0.06300000000000006
635,1,0,0,-0.05298615381471053,3.9470138461852895,10.5,9.899999999999999,76.4058502472726,73.97353761019605,5,0.7140000000000006,0.7140000000000001,0.1260000000000001,0.0,0.0,0.06300000000000006,0.06300000000000006
636,1,0,1,0.18698237622338654,4.0,10.5,9.899999999999999,76.39535024727259,73.96303761019605,5,0.7140000000000006,0.7140000000000001,0.1260000000000001,0.0,0.0,0.06300000000000006,0.06300000000000006
637,1,0,1,0.18698938760329023,4.0,10.5,9.899999999999999,76.3848502472726,73.95253761019605,5,0.7140000000000006,0.7140000000000001,0.1260000000000001,0.0,0.0,0.06300000000000006,0.06300000000000006
638,1,0,0,-0.053026276922724686,3.9469737230772752,10.5,9.899999999999999,76.3743502472726,73.94203761019607,5,0.7140000000000006,0.7140000000000001,0.1260000000000001,0.0,0.0,0.06300000000000006,0.06300000000000006
639,1,0,1,0.18698656639653244,4.0,10.5,9.899999999999999,76.3638502472726,73.93153761019607,5,0.7140000000000006,0.7140000000000001,0.1260000000000001,0.0,0.0,0.06300000000000006,0.06300000000000006
640,1,0,0,-0.05300614099280693,3.946993859007193,10.5,9.899999999999999,76.35335024727262,73.92103761019608,6,0.7140000000000006,0.7140000000000001,0.1260000000000001,0.0,0.0,0.06300000000000006,0.06300000000000006
641,1,0,1,0.18699370538680163,4.0,10.5,9.899999999999999,76.34285024727262,73.9105376101961,6,0.7140000000000006,0.7140000000000001,0.1260000000000001,0.0,0.0,0.06300000000000006,0.06300000000000006
642,1,1,1,0.12199863534575858,4.0,10.5,9.899999999999999,76.33235024727263,73.9000376101961,6,0.7140000000000006,0.7140000000000001,0.1260000000000001,0.0,0.0,0.06300000000000006,0.06300000000000006
643,1,0,0,-0.05299427358951088,3.947005726410489,10.5,9.899999999999999,76.32185024727265,73.8895376101961,6,0.7140000000000006,0.7140000000000001,0.1260000000000001,0.0,0.0,0.06300000000000006,0.06300000000000006
644,1,0,1,0.18697383266270326,4.0,10.5,9.899999999999999,76.31135024727264,73.87903761019611,6,0.7140000000000006,0.7140000000000001,0.1260000000000001,0.0,0.0,0.06300000000000006,0.06300000000000006
645,1,1,1,0.12198741663347411,4.0,10.5,9.899999999999999,76.30085024727265,73.8685376101961,6,0.7140000000000006,0.7140000000000001,0.1260000000000001,0.0,0.0,0.06300000000000006,0.06300000000000006
646,1,1,1,0.12198596460159684,4.0,10.5,9.899999999999999,76.29035024727266,73.85803761019612,6,0.7140000000000006,0.7140000000000001,0.1260000000000001,0.0,0.0,0.06300000000000006,0.06300000000000006
647,1,0,0,-0.05299917932467362,3.9470008206753264,10.5,9.899999999999999,76.27985024727265,73.84753761019613,6,0.7140000000000006,0.7140000000000001,0.1260000000000001,0.0,0.0,0.06300000000000006,0.06300000000000006
648,1,0,1,0.18700383194787215,4.0,10.5,9.899999999999999,76.26935024727267,73.83703761019613,6,0.7140000000000006,0.7140000000000001,0.1260000000000001,0.0,0.0,0.06300000000000006,0.06300000000000006
649,1,0,1,0.18700055575143823,4.0,10.5,9.899999999999999,76.25885024727268,73.82653761019616,6,0.7140000000000006,0.7140000000000001,0.1260000000000001,0.0,0.0,0.06300000000000006,0.06300000000000006
650,1,2,0,-0.11801683907428845,3.8819831609257114,10.5,9.899999999999999,76.24835024727268,73.81603761019615,6,0.7140000000000006,0.7140000000000001,0.1260000000000001,0.0,0.0,0.06300000000000006,0.06300000000000006
651,1,0,0,-0.05302212015228555,3.828961040773426,10.5,9.899999999999999,76.2378502472727,73.80553761019615,6,0.7140000000000006,0.7140000000000001,0.1260000000000001,0.0,0.0,0.06300000000000006,0.06300000000000006
652,1,0,1,0.18698060937409897,4.0,10.5,9.899999999999999,76.2273502472727,73.79503761019616,6,0.7140000000000006,0.7140000000000001,0.1260000000000001,0.0,0.0,0.06300000000000006,0.06300000000000006
653,1,0,1,0.18697466336561605,4.0,10.5,9.899999999999999,76.2168502472727,73.78453761019615,6,0.7140000000000006,0.7140000000000001,0.1260000000000001,0.0,0.0,0.06300000000000006,0.06300000000000006
654,1,0,1,0.18699014091359928,4.0,10.5,9.899999999999999,76.20635024727271,73.77403761019617,6,0.7140000000000006,0.7140000000000001,0.1260000000000001,0.0,0.0,0.06300000000000006,0.06300000000000006
655,1,0,1,0.18699616637378158,4.0,10.5,9.899999999999999,76.1958502472727,73.76353761019618,6,0.7140000000000006,0.7140000000000001,0.1260000000000001,0.0,0.0,0.06300000000000006,0.06300000000000006
656,1,0,1,0.18699609634611064,4.0,10.5,9.899999999999999,76.18535024727272,73.75303761019619,6,0.7140000000000006,0.7140000000000001,0.1260000000000001,0.0,0.0,0.06300000000000006,0.06300000000000006
657,1,0,1,0.18697563931822825,4.0,10.5,9.899999999999999,76.17485024727273,73.74253761019621,6,0.7140000000000006,0.7140000000000001,0.1260000000000001,0.0,0.0,0.06300000000000006,0.06300000000000006
658,1,1,0,-0.11800240682850714,3.881997593171493,10.5,9.899999999999999,76.16435024727274,73.7320376101962,6,0.7140000000000006,0.7140000000000001,0.1260000000000001,0.0,0.0,0.06300000000000006,0.06300000000000006
659,1,2,1,0.12199737836446824,4.0,10.5,9.899999999999999,76.15385024727276,73.72153761019621,6,0.7140000000000006,0.7140000000000001,0.1260000000000001,0.0,0.0,0.06300000000000006,0.06300000000000006
660,1,0,1,0.18698171987154089,4.0,10.5,9.899999999999999,76.14335024727275,73.71103761019621,6,0.7140000000000006,0.7140000000000001,0.1260000000000001,0.0,0.0,0.06300000000000006,0.06300000000000006
661,1,0,0,-0.052999507995478416,3.9470004920045216,10.5,9.899999999999999,76.13285024727276,73.7005376101962,6,0.7140000000000006,0.7140000000000001,0.1260000000000001,0.0,0.0,0.06300000000000006,0.06300000000000006
662,1,0,1,0.18697579695654862,4.0,10.5,9.899999999999999,76.12235024727276,73.69003761019623,6,0.7140000000000006,0.7140000000000001,0.1260000000000001,0.0,0.0,0.06300000000000006,0.06300000000000006
663,1,0,1,0.18696742013090276,4.0,10.5,9.899999999999999,76.11185024727276,73.67953761019623,6,0.7140000000000006,0.7140000000000001,0.1260000000000001,0.0,0.0,0.06300000000000006,0.06300000000000006
664,1,0,1,0.1869774357446222,4.0,10.5,9.899999999999999,76.10135024727278,73.66903761019624,6,0.7140000000000006,0.7140000000000001,0.1260000000000001,0.0,0.0,0.06300000000000006,0.06300000000000006
665,1,0,1,0.18699098985283513,4.0,10.5,9.899999999999999,76.09085024727278,73.65853761019626,6,0.7140000000000006,0.7140000000000001,0.1260000000000001,0.0,0.0,0.06300000000000006,0.06300000000000006
666,1,0,0,-0.05302425452023378,3.946975745479766,10.5,9.899999999999999,76.08035024727279,73.64803761019625,6,0.7140000000000006,0.7140000000000001,0.1260000000000001,0.0,0.0,0.06300000000000006,0.06300000000000006
667,1,2,0,-0.11801248013658684,3.8289632653431793,10.5,9.899999999999999,76.06985024727281,73.63753761019626,6,0.7140000000000006,0.7140000000000001,0.1260000000000001,0.0,0.0,0.06300000000000006,0.06300000000000006
668,1,0,1,0.1869890981392885,4.0,10.5,9.899999999999999,76.0593502472728,73.62703761019627,6,0.7140000000000006,0.7140000000000001,0.1260000000000001,0.0,0.0,0.06300000000000006,0.06300000000000006
669,1,0,1,0.18699201151433012,4.0,10.5,9.899999999999999,76.04885024727281,73.61653761019626,6,0.7140000000000006,0.7140000000000001,0.1260000000000001,0.0,0.0,0.06300000000000006,0.06300000000000006
670,1,2,1,0.12197688341277753,4.0,10.5,9.899999999999999,76.03835024727282,73.60603761019628,6,0.7140000000000006,0.7140000000000001,0.1260000000000001,0.0,0.0,0.06300000000000006,0.06300000000000006
671,1,0,1,0.18698824148250665,4.0,10.5,9.899999999999999,76.02785024727281,73.59553761019629,6,0.7140000000000006,0.7140000000000001,0.1260000000000001,0.0,0.0,0.06300000000000006,0.06300000000000006
672,1,0,1,0.18698756076281314,4.0,10.5,9.899999999999999,76.01735024727283,73.5850376101963,6,0.7140000000000006,0.7140000000000001,0.1260000000000001,0.0,0.0,0.06300000000000006,0.06300000000000006
673,1,0,1,0.18697309962222664,4.0,10.5,9.899999999999999,76.00685024727284,73.57453761019632,6,0.7140000000000006,0.7140000000000001,0.1260000000000001,0.0,0.0,0.06300000000000006,0.06300000000000006
674,1,2,1,0.12198532792443499,4.0,10.5,9.899999999999999,75.99635024727284,73.56403761019631,6,0.7140000000000006,0.7140000000000001,0.1260000000000001,0.0,0.0,0.06300000000000006,0.06300000000000006
675,1,0,0,-0.052997638973090615,3.9470023610269096,10.5,9.899999999999999,75.98585024727286,73.55353761019632,6,0.7140000000000006,0.7140000000000001,0.1260000000000001,0.0,0.0,0.06300000000000006,0.06300000000000006
676,1,0,1,0.18699119837247538,4.0,10.5,9.899999999999999,75.97535024727286,73.54303761019632,6,0.7140000000000006,0.7140000000000001,0.1260000000000001,0.0,0.0,0.06300000000000006,0.06300000000000006
677,1,0,1,0.18698939301523934,4.0,10.5,9.899999999999999,75.96485024727286,73.53253761019631,6,0.7140000000000006,0.7140000000000001,0.1260000000000001,0.0,0.0,0.06300000000000006,0.06300000000000006
678,1,0,1,0.1869970977446219,4.0,10.5,9.899999999999999,75.95435024727287,73.52203761019634,6,0.7140000000000006,0.7140000000000001,0.1260000000000001,0.0,0.0,0.06300000000000006,0.06300000000000006
679,1,0,1,0.18697285238234582,4.0,10.5,9.899999999999999,75.94385024727286,73.51153761019634,6,0.7140000000000006,0.7140000000000001,0.1260000000000001,0.0,0.0,0.06300000000000006,0.06300000000000006
680,1,0,1,0.18699662118217159,4.0,10.5,9.899999999999999,75.93335024727288,73.50103761019635,6,0.7140000000000006,0.7140000000000001,0.1260000000000001,0.0,0.0,0.06300000000000006,0.06300000000000006
681,1,0,0,-0.053023491579989986,3.94697650842001,10.5,9.899999999999999,75.92285024727289,73.49053761019637,6,0.7140000000000006,0.7140000000000001,0.1260000000000001,0.0,0.0,0.06300000000000006,0.06300000000000006
682,1,0,1,0.18698694993269852,4.0,10.5,9.899999999999999,75.9123502472729,73.48003761019636,6,0.7140000000000006,0.7140000000000001,0.1260000000000001,0.0,0.0,0.06300000000000006,0.06300000000000006
683,1,0,1,0.18698143054008923,4.0,10.5,9.899999999999999,75.90185024727292,73.46953761019637,6,0.7140000000000006,0.7140000000000001,0.1260000000000001,0.0,0.0,0.06300000000000006,0.06300000000000006
684,1,0,1,0.18699674535721642,4.0,10.5,9.899999999999999,75.89135024727291,73.45903761019638,6,0.7140000000000006,0.7140000000000001,0.1260000000000001,0.0,0.0,0.06300000000000006,0.06300000000000006
685,1,0,1,0.1869704312231805,4.0,10.5,9.899999999999999,75.88085024727292,73.44853761019637,6,0.7140000000000006,0.7140000000000001,0.1260000000000001,0.0,0.0,0.06300000000000006,0.06300000000000006
686,1,0,0,-0.053003173681256635,3.946996826318743,10.5,9.899999999999999,75.87035024727292,73.43803761019639,6,0.7140000000000006,0.7140000000000001,0.1260000000000001,0.0,0.0,0.06300000000000006,0.06300000000000006
687,1,0,1,0.18697659765893468,4.0,10.5,9.899999999999999,75.85985024727292,73.4275376101964,6,0.7140000000000006,0.7140000000000001,0.1260000000000001,0.0,0.0,0.06300000000000006,0.06300000000000006
688,1,0,1,0.18698059528026031,4.0,10.5,9.899999999999999,75.84935024727294,73.4170376101964,6,0.7140000000000006,0.7140000000000001,0.1260000000000001,0.0,0.0,0.06300000000000006,0.06300000000000006
689,1,0,0,-0.05299781840747331,3.9470021815925267,10.5,9.899999999999999,75.83885024727294,73.40653761019642,6,0.7140000000000006,0.7140000000000001,0.1260000000000001,0.0,0.0,0.06300000000000006,0.06300000000000006
690,1,0,1,0.18697564575093809,4.0,10.5,9.899999999999999,75.82835024727295,73.39603761019642,6,0.7140000000000006,0.7140000000000001,0.1260000000000001,0.0,0.0,0.06300000000000006,0.06300000000000006
691,1,1,1,0.12198564625489876,4.0,10.5,9.899999999999999,75.81785024727297,73.38553761019642,6,0.7140000000000006,0.7140000000000001,0.1260000000000001,0.0,0.0,0.06300000000000006,0.06300000000000006
692,1,1,1,0.12197494990153616,4.0,10.5,9.899999999999999,75.80735024727296,73.37503761019643,6,0.7140000000000006,0.7140000000000001,0.1260000000000001,0.0,0.0,0.06300000000000006,0.06300000000000006
693,1,0,1,0.18697647552878616,4.0,10.5,9.899999999999999,75.79685024727297,73.36453761019642,6,0.7140000000000006,0.7140000000000001,0.1260000000000001,0.0,0.0,0.06300000000000006,0.06300000000000006
694,1,0,1,0.1870013809834069,4.0,10.5,9.899999999999999,75.78635024727298,73.35403761019644,6,0.7140000000000006,0.7140000000000001,0.1260000000000001,0.0,0.0,0.06300000000000006,0.06300000000000006
695,1,0,1,0.18699251610424614,4.0,10.5,9.899999999999999,75.77585024727297,73.34353761019645,6,0.7140000000000006,0.7140000000000001,0.1260000000000001,0.0,0.0,0.06300000000000006,0.06300000000000006
696,1,0,1,0.1869950473966162,4.0,10.5,9.899999999999999,75.76535024727299,73.33303761019646,6,0.7140000000000006,0.7140000000000001,0.1260000000000001,0.0,0.0,0.06300000000000006,0.06300000000000006
697,1,0,1,0.18698161981714648,4.0,10.5,9.899999999999999,75.754850247273,73.32253761019648,6,0.7140000000000006,0.7140000000000001,0.1260000000000001,0.0,0.0,0.06300000000000006,0.06300000000000006
698,1,0,1,0.18698597782331453,4.0,10.5,9.899999999999999,75.744350247273,73.31203761019647,6,0.7140000000000006,0.7140000000000001,0.1260000000000001,0.0,0.0,0.06300000000000006,0.06300000000000006
699,1,0,1,0.18697934809698244,4.0,10.5,9.899999999999999,75.73385024727303,73.30153761019648,6,0.7140000000000006,0.7140000000000001,0.1260000000000001,0.0,0.0,0.06300000000000006,0.06300000000000006
700,1,0,1,0.18699389738976666,4.0,10.5,9.899999999999999,75.72335024727302,73.29103761019648,6,0.7140000000000006,0.7140000000000001,0.1260000000000001,0.0,0.0,0.06300000000000006,0.06300000000000006
701,1,0,1,0.18698281056488905,4.0,10.5,9.899999999999999,75.71285024727302,73.28053761019648,6,0.7140000000000006,0.7140000000000001,0.1260000000000001,0.0,0.0,0.06300000000000006,0.06300000000000006
702,1,0,0,-0.052996659429133536,3.9470033405708667,10.5,9.899999999999999,75.70235024727303,73.2700376101965,6,0.7140000000000006,0.7140000000000001,0.1260000000000001,0.0,0.0,0.06300000000000006,0.06300000000000006
703,1,0,1,0.18698365529719133,4.0,10.5,9.899999999999999,75.69185024727302,73.2595376101965,6,0.7140000000000006,0.7140000000000001,0.1260000000000001,0.0,0.0,0.06300000000000006,0.06300000000000006
704,1,0,1,0.18698960454547825,4.0,10.5,9.899999999999999,75.68135024727304,73.24903761019651,6,0.7140000000000006,0.7140000000000001,0.1260000000000001,0.0,0.0,0.06300000000000006,0.06300000000000006
705,1,0,1,0.18698070968462577,4.0,10.5,9.899999999999999,75.67085024727305,73.23853761019653,6,0.7140000000000006,0.7140000000000001,0.1260000000000001,0.0,0.0,0.06300000000000006,0.06300000000000006
706,1,0,1,0.18698861161593036,4.0,10.5,9.899999999999999,75.66035024727306,73.22803761019652,6,0.7140000000000006,0.7140000000000001,0.1260000000000001,0.0,0.0,0.06300000000000006,0.06300000000000006
707,1,0,1,0.1869877777042252,4.0,10.5,9.899999999999999,75.64985024727308,73.21753761019653,6,0.7140000000000006,0.7140000000000001,0.1260000000000001,0.0,0.0,0.06300000000000006,0.06300000000000006
708,1,0,1,0.18698521752306213,4.0,10.5,9.899999999999999,75.63935024727307,73.20703761019654,6,0.7140000000000006,0.7140000000000001,0.1260000000000001,0.0,0.0,0.06300000000000006,0.06300000000000006
709,1,0,1,0.18698718453303348,4.0,10.5,9.899999999999999,75.62885024727308,73.19653761019653,6,0.7140000000000006,0.7140000000000001,0.1260000000000001,0.0,0.0,0.06300000000000006,0.06300000000000006
710,1,0,1,0.1869808283187061,4.0,10.5,9.899999999999999,75.61835024727309,73.18603761019655,6,0.7140000000000006,0.7140000000000001,0.1260000000000001,0.0,0.0,0.06300000000000006,0.06300000000000006
711,1,0,1,0.18699340953823645,4.0,10.5,9.899999999999999,75.60785024727308,73.17553761019656,6,0.7140000000000006,0.7140000000000001,0.1260000000000001,0.0,0.0,0.06300000000000006,0.06300000000000006
712,1,2,1,0.12199636036341888,4.0,10.5,9.899999999999999,75.5973502472731,73.16503761019656,6,0.7140000000000006,0.7140000000000001,0.1260000000000001,0.0,0.0,0.06300000000000006,0.06300000000000006
713,1,0,1,0.18698520199389396,4.0,10.5,9.899999999999999,75.5868502472731,73.15453761019658,6,0.7140000000000006,0.7140000000000001,0.1260000000000001,0.0,0.0,0.06300000000000006,0.06300000000000006
714,1,0,1,0.18697691085962234,4.0,10.5,9.899999999999999,75.57635024727311,73.14403761019658,6,0.7140000000000006,0.7140000000000001,0.1260000000000001,0.0,0.0,0.06300000000000006,0.06300000000000006
715,1,0,1,0.18697784304177958,4.0,10.5,9.899999999999999,75.56585024727313,73.13353761019658,6,0.7140000000000006,0.7140000000000001,0.1260000000000001,0.0,0.0,0.06300000000000006,0.06300000000000006
716,1,0,0,-0.053017856502390395,3.9469821434976096,10.5,9.899999999999999,75.55535024727313,73.12303761019659,6,0.7140000000000006,0.7140000000000001,0.1260000000000001,0.0,0.0,0.06300000000000006,0.06300000000000006
717,1,0,1,0.1870005986579456,4.0,10.5,9.899999999999999,75.54485024727313,73.11253761019658,6,0.7140000000000006,0.7140000000000001,0.1260000000000001,0.0,0.0,0.06300000000000006,0.06300000000000006
718,1,1,1,0.12197819369247676,4.0,10.5,9.899999999999999,75.53435024727314,73.1020376101966,6,0.7140000000000006,0.7140000000000001,0.1260000000000001,0.0,0.0,0.06300000000000006,0.06300000000000006
719,1,0,1,0.1870027778268728,4.0,10.5,9.899999999999999,75.52385024727313,73.09153761019661,6,0.7140000000000006,0.7140000000000001,0.1260000000000001,0.0,0.0,0.06300000000000006,0.06300000000000006
720,1,0,1,0.1869910283305187,4.0,10.5,9.899999999999999,75.51335024727315,73.08103761019662,6,0.7140000000000006,0.7140000000000001,0.1260000000000001,0.0,0.0,0.06300000000000006,0.06300000000000006
721,1,0,1,0.1870048858467985,4.0,10.5,9.899999999999999,75.50285024727316,73.07053761019664,6,0.7140000000000006,0.7140000000000001,0.1260000000000001,0.0,0.0,0.06300000000000006,0.06300000000000006
722,1,0,1,0.18697548747226136,4.0,10.5,9.899999999999999,75.49235024727317,73.06003761019663,6,0.7140000000000006,0.7140000000000001,0.1260000000000001,0.0,0.0,0.06300000000000006,0.06300000000000006
723,1,0,1,0.18698644981715692,4.0,10.5,9.899999999999999,75.48185024727319,73.04953761019664,6,0.7140000000000006,0.7140000000000001,0.1260000000000001,0.0,0.0,0.06300000000000006,0.06300000000000006
724,1,0,1,0.1869937157149352,4.0,10.5,9.899999999999999,75.47135024727318,73.03903761019664,6,0.7140000000000006,0.7140000000000001,0.1260000000000001,0.0,0.0,0.06300000000000006,0.06300000000000006
725,1,0,0,-0.05300005258382658,3.9469999474161734,10.5,9.899999999999999,75.46085024727319,73.02853761019664,6,0.7140000000000006,0.7140000000000001,0.1260000000000001,0.0,0.0,0.06300000000000006,0.06300000000000006
726,1,1,1,0.1219925392186601,4.0,10.5,9.899999999999999,75.45035024727319,73.01803761019666,6,0.7140000000000006,0.7140000000000001,0.1260000000000001,0.0,0.0,0.06300000000000006,0.06300000000000006
727,1,0,1,0.1869852574446855,4.0,10.5,9.899999999999999,75.43985024727318,73.00753761019666,6,0.7140000000000006,0.7140000000000001,0.1260000000000001,0.0,0.0,0.06300000000000006,0.06300000000000006
728,1,0,0,-0.05300081500338008,3.9469991849966197,10.5,9.899999999999999,75.4293502472732,72.99703761019667,6,0.7140000000000006,0.7140000000000001,0.1260000000000001,0.0,0.0,0.06300000000000006,0.06300000000000006
729,1,0,1,0.1869902469824567,4.0,10.5,9.899999999999999,75.41885024727321,72.98653761019669,6,0.7140000000000006,0.7140000000000001,0.1260000000000001,0.0,0.0,0.06300000000000006,0.06300000000000006
730,1,0,1,0.1869881812289443,4.0,10.5,9.899999999999999,75.40835024727322,72.97603761019668,6,0.7140000000000006,0.7140000000000001,0.1260000000000001,0.0,0.0,0.06300000000000006,0.06300000000000006
731,1,0,1,0.18697820229167078,4.0,10.5,9.899999999999999,75.39785024727324,72.96553761019669,6,0.7140000000000006,0.7140000000000001,0.1260000000000001,0.0,0.0,0.06300000000000006,0.06300000000000006
732,1,0,1,0.18698097696249805,4.0,10.5,9.899999999999999,75.38735024727323,72.9550376101967,6,0.7140000000000006,0.7140000000000001,0.1260000000000001,0.0,0.0,0.06300000000000006,0.06300000000000006
733,1,0,1,0.18698319954835693,4.0,10.5,9.899999999999999,75.37685024727324,72.94453761019669,6,0.7140000000000006,0.7140000000000001,0.1260000000000001,0.0,0.0,0.06300000000000006,0.06300000000000006
734,1,0,1,0.18696894209396886,4.0,10.5,9.899999999999999,75.36635024727325,72.93403761019671,6,0.7140000000000006,0.7140000000000001,0.1260000000000001,0.0,0.0,0.06300000000000006,0.06300000000000006
735,1,0,1,0.1869881476080767,4.0,10.5,9.899999999999999,75.35585024727324,72.92353761019672,6,0.7140000000000006,0.7140000000000001,0.1260000000000001,0.0,0.0,0.06300000000000006,0.06300000000000006
736,1,0,1,0.18700476204309932,4.0,10.5,9.899999999999999,75.34535024727326,72.91303761019672,6,0.7140000000000006,0.7140000000000001,0.1260000000000001,0.0,0.0,0.06300000000000006,0.06300000000000006
737,1,0,1,0.18700001933667776,4.0,10.5,9.899999999999999,75.33485024727327,72.90253761019675,6,0.7140000000000006,0.7140000000000001,0.1260000000000001,0.0,0.0,0.06300000000000006,0.06300000000000006
738,1,0,1,0.1869833496796408,4.0,10.5,9.899999999999999,75.32435024727327,72.89203761019674,6,0.7140000000000006,0.7140000000000001,0.1260000000000001,0.0,0.0,0.06300000000000006,0.06300000000000006
739,1,0,1,0.18697998066813346,4.0,10.5,9.899999999999999,75.3138502472733,72.88153761019674,6,0.7140000000000006,0.7140000000000001,0.1260000000000001,0.0,0.0,0.06300000000000006,0.06300000000000006
740,1,0,1,0.18699757946023887,4.0,10.5,9.899999999999999,75.30335024727329,72.87103761019675,6,0.7140000000000006,0.7140000000000001,0.1260000000000001,0.0,0.0,0.06300000000000006,0.06300000000000006
741,1,0,1,0.18699704174671639,4.0,10.5,9.899999999999999,75.2928502472733,72.86053761019674,6,0.7140000000000006,0.7140000000000001,0.1260000000000001,0.0,0.0,0.06300000000000006,0.06300000000000006
742,1,0,1,0.18698968932815702,4.0,10.5,9.899999999999999,75.2823502472733,72.85003761019676,6,0.7140000000000006,0.7140000000000001,0.1260000000000001,0.0,0.0,0.06300000000000006,0.06300000000000006
743,1,0,1,0.18700316494621572,4.0,10.5,9.899999999999999,75.27185024727329,72.83953761019677,6,0.7140000000000006,0.7140000000000001,0.1260000000000001,0.0,0.0,0.06300000000000006,0.06300000000000006
744,1,0,1,0.1869897518296402,4.0,10.5,9.899999999999999,75.26135024727331,72.82903761019678,6,0.7140000000000006,0.7140000000000001,0.1260000000000001,0.0,0.0,0.06300000000000006,0.06300000000000006
745,1,0,0,-0.053007562760152456,3.9469924372398477,10.5,9.899999999999999,75.25085024727332,72.8185376101968,6,0.7140000000000006,0.7140000000000001,0.1260000000000001,0.0,0.0,0.06300000000000006,0.06300000000000006
746,1,0,1,0.18700004572674686,4.0,10.5,9.899999999999999,75.24035024727333,72.80803761019679,6,0.7140000000000006,0.7140000000000001,0.1260000000000001,0.0,0.0,0.06300000000000006,0.06300000000000006
747,1,0,0,-0.05301120900886195,3.946988790991138,10.5,9.899999999999999,75.22985024727335,72.7975376101968,6,0.7140000000000006,0.7140000000000001,0.1260000000000001,0.0,0.0,0.06300000000000006,0.06300000000000006
748,1,0,0,-0.05302374804374282,3.893965042947395,10.5,9.899999999999999,75.21935024727334,72.7870376101968,6,0.7140000000000006,0.7140000000000001,0.1260000000000001,0.0,0.0,0.06300000000000006,0.06300000000000006
749,1,0,1,0.18700013608382457,4.0,10.5,9.899999999999999,75.20885024727335,72.7765376101968,6,0.7140000000000006,0.7140000000000001,0.1260000000000001,0.0,0.0,0.06300000000000006,0.06300000000000006
750,1,0,1,0.18697196696169438,4.0,10.5,9.899999999999999,75.19835024727335,72.76603761019682,6,0.7140000000000006,0.7140000000000001,0.1260000000000001,0.0,0.0,0.06300000000000006,0.06300000000000006
751,1,0,0,-0.05300473425026561,3.9469952657497345,10.5,9.899999999999999,75.18785024727335,72.75553761019682,6,0.7140000000000006,0.7140000000000001,0.1260000000000001,0.0,0.0,0.06300000000000006,0.06300000000000006
752,1,0,1,0.18697474092006075,4.0,10.5,9.899999999999999,75.17735024727337,72.74503761019683,6,0.7140000000000006,0.7140000000000001,0.1260000000000001,0.0,0.0,0.06300000000000006,0.06300000000000006
753,1,0,1,0.1870034412779642,4.0,10.5,9.899999999999999,75.16685024727337,72.73453761019685,6,0.7140000000000006,0.7140000000000001,0.1260000000000001,0.0,0.0,0.06300000000000006,0.06300000000000006
754,1,0,1,0.18698114697207383,4.0,10.5,9.899999999999999,75.15635024727338,72.72403761019685,6,0.7140000000000006,0.7140000000000001,0.1260000000000001,0.0,0.0,0.06300000000000006,0.06300000000000006
755,1,2,0,-0.11801980573040773,3.8819801942695924,10.5,9.899999999999999,75.1458502472734,72.71353761019685,6,0.7140000000000006,0.7140000000000001,0.1260000000000001,0.0,0.0,0.06300000000000006,0.06300000000000006
756,1,0,0,-0.053026652506528806,3.8289535417630636,10.5,9.899999999999999,75.1353502472734,72.70303761019686,6,0.7140000000000006,0.7140000000000001,0.1260000000000001,0.0,0.0,0.06300000000000006,0.06300000000000006
757,1,0,1,0.18699557560556795,4.0,10.5,9.899999999999999,75.1248502472734,72.69253761019685,6,0.7140000000000006,0.7140000000000001,0.1260000000000001,0.0,0.0,0.06300000000000006,0.06300000000000006
758,1,1,1,0.12199358842424993,4.0,10.5,9.899999999999999,75.1143502472734,72.68203761019687,6,0.7140000000000006,0.7140000000000001,0.1260000000000001,0.0,0.0,0.06300000000000006,0.06300000000000006
759,1,0,1,0.18697983280392264,4.0,10.5,9.899999999999999,75.1038502472734,72.67153761019688,6,0.7140000000000006,0.7140000000000001,0.1260000000000001,0.0,0.0,0.06300000000000006,0.06300000000000006
760,1,0,1,0.18698978605736638,4.0,10.5,9.899999999999999,75.09335024727342,72.66103761019689,6,0.7140000000000006,0.7140000000000001,0.1260000000000001,0.0,0.0,0.06300000000000006,0.06300000000000006
761,1,0,0,-0.05301499369454787,3.9469850063054523,10.5,9.899999999999999,75.08285024727343,72.6505376101969,6,0.7140000000000006,0.7140000000000001,0.1260000000000001,0.0,0.0,0.06300000000000006,0.06300000000000006
762,1,0,1,0.18697319145609356,4.0,10.5,9.899999999999999,75.07235024727343,72.6400376101969,6,0.7140000000000006,0.7140000000000001,0.1260000000000001,0.0,0.0,0.06300000000000006,0.06300000000000006
763,1,0,1,0.18698044271728353,4.0,10.5,9.899999999999999,75.06185024727345,72.6295376101969,6,0.7140000000000006,0.7140000000000001,0.1260000000000001,0.0,0.0,0.06300000000000006,0.06300000000000006
764,1,0,1,0.18698288647840866,4.0,10.5,9.899999999999999,75.05135024727345,72.61903761019691,6,0.7140000000000006,0.7140000000000001,0.1260000000000001,0.0,0.0,0.06300000000000006,0.06300000000000006
765,1,0,0,-0.05299912206919165,3.9470008779308086,10.5,9.899999999999999,75.04085024727345,72.6085376101969,6,0.7140000000000006,0.7140000000000001,0.1260000000000001,0.0,0.0,0.06300000000000006,0.06300000000000006
766,1,0,1,0.1869788425837869,4.0,10.5,9.899999999999999,75.03035024727346,72.59803761019693,6,0.7140000000000006,0.7140000000000001,0.1260000000000001,0.0,0.0,0.06300000000000006,0.06300000000000006
767,1,0,1,0.186995108806409,4.0,10.5,9.899999999999999,75.01985024727345,72.58753761019693,6,0.7140000000000006,0.7140000000000001,0.1260000000000001,0.0,0.0,0.06300000000000006,0.06300000000000006
768,1,0,0,-0.053010982769302495,3.9469890172306976,10.5,9.899999999999999,75.00935024727347,72.57703761019694,7,0.7140000000000006,0.7140000000000001,0.1260000000000001,0.0,0.0,0.06300000000000006,0.06300000000000006
769,1,0,1,0.18696991096858712,4.0,10.5,9.899999999999999,74.99885024727348,72.56653761019696,7,0.7140000000000006,0.7140000000000001,0.1260000000000001,0.0,0.0,0.06300000000000006,0.06300000000000006
770,1,0,1,0.18696627757567685,4.0,10.5,9.899999999999999,74.98835024727349,72.55603761019695,7,0.7140000000000006,0.7140000000000001,0.1260000000000001,0.0,0.0,0.06300000000000006,0.06300000000000006
771,1,0,0,-0.053028420526533226,3.946971579473467,10.5,9.899999999999999,74.97785024727351,72.54553761019696,7,0.7140000000000006,0.7140000000000001,0.1260000000000001,0.0,0.0,0.06300000000000006,0.06300000000000006
772,1,1,1,0.12198895965879046,4.0,10.5,9.899999999999999,74.9673502472735,72.53503761019697,7,0.7140000000000006,0.7140000000000001,0.1260000000000001,0.0,0.0,0.06300000000000006,0.06300000000000006
773,1,1,1,0.1219836887955488,4.0,10.5,9.899999999999999,74.95685024727351,72.52453761019696,7,0.7140000000000006,0.7140000000000001,0.1260000000000001,0.0,0.0,0.06300000000000006,0.06300000000000006
774,1,1,0,-0.11800620595839098,3.881993794041609,10.5,9.899999999999999,74.94635024727351,72.51403761019698,7,0.7140000000000006,0.7140000000000001,0.1260000000000001,0.0,0.0,0.06300000000000006,0.06300000000000006
775,1,1,1,0.12199527619356412,4.0,10.5,9.899999999999999,74.9358502472735,72.50353761019699,7,0.7140000000000006,0.7140000000000001,0.1260000000000001,0.0,0.0,0.06300000000000006,0.06300000000000006
776,1,1,1,0.12199686764710677,4.0,10.5,9.899999999999999,74.92535024727353,72.49303761019699,7,0.7140000000000006,0.7140000000000001,0.1260000000000001,0.0,0.0,0.06300000000000006,0.06300000000000006
777,1,1,1,0.12199147680212534,4.0,10.5,9.899999999999999,74.91485024727353,72.48253761019701,7,0.7140000000000006,0.7140000000000001,0.1260000000000001,0.0,0.0,0.06300000000000006,0.06300000000000006
778,1,1,1,0.12198299518410782,4.0,10.5,9.899999999999999,74.90435024727354,72.472037610197,7,0.7140000000000006,0.7140000000000001,0.1260000000000001,0.0,0.0,0.06300000000000006,0.06300000000000006
779,1,1,1,0.12199089745317865,4.0,10.5,9.899999999999999,74.89385024727356,72.46153761019701,7,0.7140000000000006,0.7140000000000001,0.1260000000000001,0.0,0.0,0.06300000000000006,0.06300000000000006
780,1,0,0,-0.053021433760749165,3.9469785662392507,10.5,9.899999999999999,74.88335024727355,72.45103761019702,7,0.7140000000000006,0.7140000000000001,0.1260000000000001,0.0,0.0,0.06300000000000006,0.06300000000000006
781,1,1,1,0.12198893359613663,4.0,10.5,9.899999999999999,74.87285024727356,72.44053761019701,7,0.7140000000000006,0.7140000000000001,0.1260000000000001,0.0,0.0,0.06300000000000006,0.06300000000000006
782,1,1,0,-0.11800139464696834,3.8819986053530315,10.5,9.899999999999999,74.86235024727357,72.43003761019703,7,0.7140000000000006,0.7140000000000001,0.1260000000000001,0.0,0.0,0.06300000000000006,0.06300000000000006
783,1,1,1,0.12197452145551047,4.0,10.5,9.899999999999999,74.85185024727356,72.41953761019704,7,0.7140000000000006,0.7140000000000001,0.1260000000000001,0.0,0.0,0.06300000000000006,0.06300000000000006
784,1,1,1,0.12199719944135852,4.0,10.5,9.899999999999999,74.84135024727358,72.40903761019705,7,0.7140000000000006,0.7140000000000001,0.1260000000000001,0.0,0.0,0.06300000000000006,0.06300000000000006
785,1,1,1,0.12198885140140703,4.0,10.5,9.899999999999999,74.83085024727359,72.39853761019707,7,0.7140000000000006,0.7140000000000001,0.1260000000000001,0.0,0.0,0.06300000000000006,0.06300000000000006
786,1,0,1,0.18699141722541907,4.0,10.5,9.899999999999999,74.8203502472736,72.38803761019706,7,0.7140000000000006,0.7140000000000001,0.1260000000000001,0.0,0.0,0.06300000000000006,0.06300000000000006
787,1,1,1,0.12196671964198282,4.0,10.5,9.899999999999999,74.80985024727362,72.37753761019707,7,0.7140000000000006,0.7140000000000001,0.1260000000000001,0.0,0.0,0.06300000000000006,0.06300000000000006
788,1,1,1,0.12197274604798836,4.0,10.5,9.899999999999999,74.79935024727361,72.36703761019707,7,0.7140000000000006,0.7140000000000001,0.1260000000000001,0.0,0.0,0.06300000000000006,0.06300000000000006
789,1,0,1,0.18698548815683194,4.0,10.5,9.899999999999999,74.78885024727361,72.35653761019707,7,0.7140000000000006,0.7140000000000001,0.1260000000000001,0.0,0.0,0.06300000000000006,0.06300000000000006
790,1,1,0,-0.11801988828356953,3.8819801117164303,10.5,9.899999999999999,74.77835024727362,72.34603761019709,7,0.7140000000000006,0.7140000000000001,0.1260000000000001,0.0,0.0,0.06300000000000006,0.06300000000000006
791,1,1,1,0.12199200264960564,4.0,10.5,9.899999999999999,74.76785024727361,72.3355376101971,7,0.7140000000000006,0.7140000000000001,0.1260000000000001,0.0,0.0,0.06300000000000006,0.06300000000000006
792,1,0,1,0.18697549295427301,4.0,10.5,9.899999999999999,74.75735024727364,72.3250376101971,7,0.7140000000000006,0.7140000000000001,0.1260000000000001,0.0,0.0,0.06300000000000006,0.06300000000000006
793,1,0,1,0.18698945034454187,4.0,10.5,9.899999999999999,74.74685024727364,72.31453761019712,7,0.7140000000000006,0.7140000000000001,0.1260000000000001,0.0,0.0,0.06300000000000006,0.06300000000000006
794,1,0,1,0.18697214566938927,4.0,10.5,9.899999999999999,74.73635024727365,72.30403761019711,7,0.7140000000000006,0.7140000000000001,0.1260000000000001,0.0,0.0,0.06300000000000006,0.06300000000000006
795,1,0,1,0.18699205834271362,4.0,10.5,9.899999999999999,74.72585024727367,72.29353761019712,7,0.7140000000000006,0.7140000000000001,0.1260000000000001,0.0,0.0,0.06300000000000006,0.06300000000000006
796,1,0,1,0.18697064094391008,4.0,10.5,9.899999999999999,74.71535024727366,72.28303761019713,7,0.7140000000000006,0.7140000000000001,0.1260000000000001,0.0,0.0,0.06300000000000006,0.06300000000000006
797,1,1,1,0.12198219310821476,4.0,10.5,9.899999999999999,74.70485024727367,72.27253761019712,7,0.7140000000000006,0.7140000000000001,0.1260000000000001,0.0,0.0,0.06300000000000006,0.06300000000000006
798,1,2,1,0.1219821884683217,4.0,10.5,9.899999999999999,74.69435024727368,72.26203761019714,7,0.7140000000000006,0.7140000000000001,0.1260000000000001,0.0,0.0,0.06300000000000006,0.06300000000000006
799,1,0,0,-0.052999518408317466,3.9470004815916826,10.5,9.899999999999999,74.68385024727367,72.25153761019715,7,0.7140000000000006,0.7140000000000001,0.1260000000000001,0.0,0.0,0.06300000000000006,0.06300000000000006
800,1,0,1,0.18699085931266637,4.0,10.5,9.899999999999999,74.67335024727369,72.24103761019715,7,0.7140000000000006,0.7140000000000001,0.1260000000000001,0.0,0.0,0.06300000000000006,0.06300000000000006
801,1,0,0,-0.053003426233189946,3.94699657376681,10.5,9.899999999999999,74.6628502472737,72.23053761019717,7,0.7140000000000006,0.7140000000000001,0.1260000000000001,0.0,0.0,0.06300000000000006,0.06300000000000006
802,1,0,1,0.18696945843947277,4.0,10.5,9.899999999999999,74.6523502472737,72.22003761019717,7,0.7140000000000006,0.7140000000000001,0.1260000000000001,0.0,0.0,0.06300000000000006,0.06300000000000006
803,1,2,1,0.12196933313378225,4.0,10.5,9.899999999999999,74.64185024727372,72.20953761019717,7,0.7140000000000006,0.7140000000000001,0.1260000000000001,0.0,0.0,0.06300000000000006,0.06300000000000006
804,1,0,1,0.18698302311933238,4.0,10.5,9.899999999999999,74.63135024727372,72.19903761019718,7,0.7140000000000006,0.7140000000000001,0.1260000000000001,0.0,0.0,0.06300000000000006,0.06300000000000006
805,1,0,1,0.1869871534485664,4.0,10.5,9.899999999999999,74.62085024727372,72.18853761019717,7,0.7140000000000006,0.7140000000000001,0.1260000000000001,0.0,0.0,0.06300000000000006,0.06300000000000006
806,1,0,1,0.18699735490767952,4.0,10.5,9.899999999999999,74.61035024727373,72.1780376101972,7,0.7140000000000006,0.7140000000000001,0.1260000000000001,0.0,0.0,0.06300000000000006,0.06300000000000006
807,1,0,1,0.18698904069630704,4.0,10.5,9.899999999999999,74.59985024727372,72.1675376101972,7,0.7140000000000006,0.7140000000000001,0.1260000000000001,0.0,0.0,0.06300000000000006,0.06300000000000006
808,1,0,1,0.1869714503870989,4.0,10.5,9.899999999999999,74.58935024727374,72.15703761019721,7,0.7140000000000006,0.7140000000000001,0.1260000000000001,0.0,0.0,0.06300000000000006,0.06300000000000006
809,1,0,1,0.18697563838575737,4.0,10.5,9.899999999999999,74.57885024727375,72.14653761019723,7,0.7140000000000006,0.7140000000000001,0.1260000000000001,0.0,0.0,0.06300000000000006,0.06300000000000006
810,1,0,1,0.1869778181925937,4.0,10.5,9.899999999999999,74.56835024727376,72.13603761019722,7,0.7140000000000006,0.7140000000000001,0.1260000000000001,0.0,0.0,0.06300000000000006,0.06300000000000006
811,1,0,1,0.18697369570019026,4.0,10.5,9.899999999999999,74.55785024727378,72.12553761019723,7,0.7140000000000006,0.7140000000000001,0.1260000000000001,0.0,0.0,0.06300000000000006,0.06300000000000006
812,1,0,0,-0.05300455847159662,3.9469954415284034,10.5,9.899999999999999,74.54735024727377,72.11503761019723,7,0.7140000000000006,0.7140000000000001,0.1260000000000001,0.0,0.0,0.06300000000000006,0.06300000000000006
813,1,0,1,0.18698383828267776,4.0,10.5,9.899999999999999,74.53685024727378,72.10453761019723,7,0.7140000000000006,0.7140000000000001,0.1260000000000001,0.0,0.0,0.06300000000000006,0.06300000000000006
814,1,0,0,-0.05300697194008837,3.9469930280599117,10.5,9.899999999999999,74.52635024727378,72.09403761019725,7,0.7140000000000006,0.7140000000000001,0.1260000000000001,0.0,0.0,0.06300000000000006,0.06300000000000006
815,1,0,1,0.1869647482331949,4.0,10.5,9.899999999999999,74.51585024727378,72.08353761019725,7,0.7140000000000006,0.7140000000000001,0.1260000000000001,0.0,0.0,0.06300000000000006,0.06300000000000006
816,1,0,1,0.1869828864517679,4.0,10.5,9.899999999999999,74.5053502472738,72.07303761019726,7,0.7140000000000006,0.7140000000000001,0.1260000000000001,0.0,0.0,0.06300000000000006,0.06300000000000006
817,1,0,1,0.18698719470154537,4.0,10.5,9.899999999999999,74.4948502472738,72.06253761019728,7,0.7140000000000006,0.7140000000000001,0.1260000000000001,0.0,0.0,0.06300000000000006,0.06300000000000006
818,1,0,1,0.18698399683039632,4.0,10.5,9.899999999999999,74.48435024727381,72.05203761019727,7,0.7140000000000006,0.7140000000000001,0.1260000000000001,0.0,0.0,0.06300000000000006,0.06300000000000006
819,1,1,1,0.12199336140969369,4.0,10.5,9.899999999999999,74.47385024727383,72.04153761019728,7,0.7140000000000006,0.7140000000000001,0.1260000000000001,0.0,0.0,0.06300000000000006,0.06300000000000006
820,1,0,1,0.18698555751116222,4.0,10.5,9.899999999999999,74.46335024727382,72.03103761019729,7,0.7140000000000006,0.7140000000000001,0.1260000000000001,0.0,0.0,0.06300000000000006,0.06300000000000006
821,1,0,1,0.18697262962835895,4.0,10.5,9.899999999999999,74.45285024727383,72.02053761019728,7,0.7140000000000006,0.7140000000000001,0.1260000000000001,0.0,0.0,0.06300000000000006,0.06300000000000006
822,1,0,0,-0.05303564628603487,3.946964353713965,10.5,9.899999999999999,74.44235024727384,72.0100376101973,7,0.7140000000000006,0.7140000000000001,0.1260000000000001,0.0,0.0,0.06300000000000006,0.06300000000000006
823,1,0,1,0.1869896312237079,4.0,10.5,9.899999999999999,74.43185024727383,71.99953761019731,7,0.7140000000000006,0.7140000000000001,0.1260000000000001,0.0,0.0,0.06300000000000006,0.06300000000000006
824,1,0,1,0.18696777617076363,4.0,10.5,9.899999999999999,74.42135024727385,71.98903761019731,7,0.7140000000000006,0.7140000000000001,0.1260000000000001,0.0,0.0,0.06300000000000006,0.06300000000000006
825,1,1,1,0.12197474775892365,4.0,10.5,9.899999999999999,74.41085024727386,71.97853761019734,7,0.7140000000000006,0.7140000000000001,0.1260000000000001,0.0,0.0,0.06300000000000006,0.06300000000000006
826,1,0,1,0.18696328082810784,4.0,10.5,9.899999999999999,74.40035024727386,71.96803761019733,7,0.7140000000000006,0.7140000000000001,0.1260000000000001,0.0,0.0,0.06300000000000006,0.06300000000000006
827,1,0,1,0.1869776874366208,4.0,10.5,9.899999999999999,74.38985024727388,71.95753761019733,7,0.7140000000000006,0.7140000000000001,0.1260000000000001,0.0,0.0,0.06300000000000006,0.06300000000000006
828,1,0,0,-0.053007650804253674,3.9469923491957464,10.5,9.899999999999999,74.37935024727388,71.94703761019734,7,0.7140000000000006,0.7140000000000001,0.1260000000000001,0.0,0.0,0.06300000000000006,0.06300000000000006
829,1,0,1,0.18698992470453651,4.0,10.5,9.899999999999999,74.36885024727388,71.93653761019733,7,0.7140000000000006,0.7140000000000001,0.1260000000000001,0.0,0.0,0.06300000000000006,0.06300000000000006
830,1,0,1,0.1869757809266581,4.0,10.5,9.899999999999999,74.35835024727389,71.92603761019735,7,0.7140000000000006,0.7140000000000001,0.1260000000000001,0.0,0.0,0.06300000000000006,0.06300000000000006
831,1,0,1,0.1869798612381217,4.0,10.5,9.899999999999999,74.34785024727388,71.91553761019736,7,0.7140000000000006,0.7140000000000001,0.1260000000000001,0.0,0.0,0.06300000000000006,0.06300000000000006
832,1,0,1,0.18698002970278543,4.0,10.5,9.899999999999999,74.3373502472739,71.90503761019737,7,0.7140000000000006,0.7140000000000001,0.1260000000000001,0.0,0.0,0.06300000000000006,0.06300000000000006
833,1,0,1,0.187006469629509,4.0,10.5,9.899999999999999,74.32685024727391,71.89453761019739,7,0.7140000000000006,0.7140000000000001,0.1260000000000001,0.0,0.0,0.06300000000000006,0.06300000000000006
834,1,0,1,0.18698215689691963,4.0,10.5,9.899999999999999,74.31635024727392,71.88403761019738,7,0.7140000000000006,0.7140000000000001,0.1260000000000001,0.0,0.0,0.06300000000000006,0.06300000000000006
835,1,0,0,-0.05301058975297752,3.9469894102470224,10.5,9.899999999999999,74.30585024727394,71.87353761019739,7,0.7140000000000006,0.7140000000000001,0.1260000000000001,0.0,0.0,0.06300000000000006,0.06300000000000006
836,1,0,1,0.1869809097020356,4.0,10.5,9.899999999999999,74.29535024727393,71.8630376101974,7,0.7140000000000006,0.7140000000000001,0.1260000000000001,0.0,0.0,0.06300000000000006,0.06300000000000006
837,1,0,1,0.1869843978482045,4.0,10.5,9.899999999999999,74.28485024727394,71.85253761019739,7,0.7140000000000006,0.7140000000000001,0.1260000000000001,0.0,0.0,0.06300000000000006,0.06300000000000006
838,1,0,0,-0.05302830793518872,3.9469716920648112,10.5,9.899999999999999,74.27435024727394,71.84203761019741,7,0.7140000000000006,0.7140000000000001,0.1260000000000001,0.0,0.0,0.06300000000000006,0.06300000000000006
839,1,0,1,0.18696631756767515,4.0,10.5,9.899999999999999,74.26385024727394,71.83153761019742,7,0.7140000000000006,0.7140000000000001,0.1260000000000001,0.0,0.0,0.06300000000000006,0.06300000000000006
840,1,0,0,-0.05303737519098158,3.9469626248090184,10.5,9.899999999999999,74.25335024727396,71.82103761019742,7,0.7140000000000006,0.7140000000000001,0.1260000000000001,0.0,0.0,0.06300000000000006,0.06300000000000006
841,1,0,1,0.18697783951244676,4.0,10.5,9.899999999999999,74.24285024727396,71.81053761019744,7,0.7140000000000006,0.7140000000000001,0.1260000000000001,0.0,0.0,0.06300000000000006,0.06300000000000006
842,1,0,1,0.18698427787652033,4.0,10.5,9.899999999999999,74.23235024727397,71.80003761019744,7,0.7140000000000006,0.7140000000000001,0.1260000000000001,0.0,0.0,0.06300000000000006,0.06300000000000006
843,1,2,1,0.12198328189254347,4.0,10.5,9.899999999999999,74.22185024727399,71.78953761019744,7,0.7140000000000006,0.7140000000000001,0.1260000000000001,0.0,0.0,0.06300000000000006,0.06300000000000006
844,1,0,1,0.18698879370218113,4.0,10.5,9.899999999999999,74.21135024727398,71.77903761019745,7,0.7140000000000006,0.7140000000000001,0.1260000000000001,0.0,0.0,0.06300000000000006,0.06300000000000006
845,1,2,1,0.12198524194671449,4.0,10.5,9.899999999999999,74.20085024727399,71.76853761019744,7,0.7140000000000006,0.7140000000000001,0.1260000000000001,0.0,0.0,0.06300000000000006,0.06300000000000006
846,1,0,1,0.1869881235364431,4.0,10.5,9.899999999999999,74.190350247274,71.75803761019746,7,0.7140000000000006,0.7140000000000001,0.1260000000000001,0.0,0.0,0.06300000000000006,0.06300000000000006
847,1,0,1,0.18699668283069218,4.0,10.5,9.899999999999999,74.17985024727399,71.74753761019747,7,0.7140000000000006,0.7140000000000001,0.1260000000000001,0.0,0.0,0.06300000000000006,0.06300000000000006
848,1,0,1,0.18699498512436982,4.0,10.5,9.899999999999999,74.16935024727401,71.73703761019748,7,0.7140000000000006,0.7140000000000001,0.1260000000000001,0.0,0.0,0.06300000000000006,0.06300000000000006
849,1,0,1,0.18696416795973864,4.0,10.5,9.899999999999999,74.15885024727402,71.7265376101975,7,0.7140000000000006,0.7140000000000001,0.1260000000000001,0.0,0.0,0.06300000000000006,0.06300000000000006
850,1,0,1,0.18698725112816433,4.0,10.5,9.899999999999999,74.14835024727402,71.71603761019749,7,0.7140000000000006,0.7140000000000001,0.1260000000000001,0.0,0.0,0.06300000000000006,0.06300000000000006
851,1,1,1,0.12199439113313158,4.0,10.5,9.899999999999999,74.13785024727405,71.7055376101975,7,0.7140000000000006,0.7140000000000001,0.1260000000000001,0.0,0.0,0.06300000000000006,0.06300000000000006
852,1,0,1,0.18697070699766022,4.0,10.5,9.899999999999999,74.12735024727404,71.6950376101975,7,0.7140000000000006,0.7140000000000001,0.1260000000000001,0.0,0.0,0.06300000000000006,0.06300000000000006
853,1,0,1,0.18698725698855692,4.0,10.5,9.899999999999999,74.11685024727404,71.6845376101975,7,0.7140000000000006,0.7140000000000001,0.1260000000000001,0.0,0.0,0.06300000000000006,0.06300000000000006
854,1,0,1,0.18699624525391734,4.0,10.5,9.899999999999999,74.10635024727405,71.67403761019752,7,0.7140000000000006,0.7140000000000001,0.1260000000000001,0.0,0.0,0.06300000000000006,0.06300000000000006
855,1,0,0,-0.05302635414155669,3.9469736458584435,10.5,9.899999999999999,74.09585024727404,71.66353761019752,7,0.7140000000000006,0.7140000000000001,0.1260000000000001,0.0,0.0,0.06300000000000006,0.06300000000000006
856,1,0,1,0.18697943197256536,4.0,10.5,9.899999999999999,74.08535024727406,71.65303761019753,7,0.7140000000000006,0.7140000000000001,0.1260000000000001,0.0,0.0,0.06300000000000006,0.06300000000000006
857,1,0,1,0.18695683216560582,4.0,10.5,9.899999999999999,74.07485024727407,71.64253761019755,7,0.7140000000000006,0.7140000000000001,0.1260000000000001,0.0,0.0,0.06300000000000006,0.06300000000000006
858,1,0,0,-0.053052100926844106,3.9469478990731557,10.5,9.899999999999999,74.06435024727408,71.63203761019754,7,0.7140000000000006,0.7140000000000001,0.1260000000000001,0.0,0.0,0.06300000000000006,0.06300000000000006
859,1,0,1,0.18698937119063516,4.0,10.5,9.899999999999999,74.0538502472741,71.62153761019755,7,0.7140000000000006,0.7140000000000001,0.1260000000000001,0.0,0.0,0.06300000000000006,0.06300000000000006
860,1,0,1,0.1870027144045026,4.0,10.5,9.899999999999999,74.04335024727409,71.61103761019756,7,0.7140000000000006,0.7140000000000001,0.1260000000000001,0.0,0.0,0.06300000000000006,0.06300000000000006
861,1,0,1,0.1869789571324674,4.0,10.5,9.899999999999999,74.0328502472741,71.60053761019755,7,0.7140000000000006,0.7140000000000001,0.1260000000000001,0.0,0.0,0.06300000000000006,0.06300000000000006
862,1,0,0,-0.05303056211925453,3.9469694378807456,10.5,9.899999999999999,74.0223502472741,71.59003761019757,7,0.7140000000000006,0.7140000000000001,0.1260000000000001,0.0,0.0,0.06300000000000006,0.06300000000000006
863,1,0,0,-0.05302156635901642,3.8939478715217293,10.5,9.899999999999999,74.0118502472741,71.57953761019758,7,0.7140000000000006,0.7140000000000001,0.1260000000000001,0.0,0.0,0.06300000000000006,0.06300000000000006
864,1,0,1,0.18698031330191464,4.0,10.5,9.899999999999999,74.00135024727412,71.56903761019758,7,0.7140000000000006,0.7140000000000001,0.1260000000000001,0.0,0.0,0.06300000000000006,0.06300000000000006
865,1,0,0,-0.05300897846465845,3.9469910215353416,10.5,9.899999999999999,73.99085024727412,71.5585376101976,7,0.7140000000000006,0.7140000000000001,0.1260000000000001,0.0,0.0,0.06300000000000006,0.06300000000000006
866,1,0,1,0.1869746069519414,4.0,10.5,9.899999999999999,73.98035024727413,71.5480376101976,7,0.7140000000000006,0.7140000000000001,0.1260000000000001,0.0,0.0,0.06300000000000006,0.06300000000000006
867,1,0,1,0.18696512352139114,4.0,10.5,9.899999999999999,73.96985024727415,71.5375376101976,7,0.7140000000000006,0.7140000000000001,0.1260000000000001,0.0,0.0,0.06300000000000006,0.06300000000000006
868,1,0,1,0.1869820367054156,4.0,10.5,9.899999999999999,73.95935024727414,71.52703761019761,7,0.7140000000000006,0.7140000000000001,0.1260000000000001,0.0,0.0,0.06300000000000006,0.06300000000000006
869,1,0,1,0.18697369511214268,4.0,10.5,9.899999999999999,73.94885024727415,71.5165376101976,7,0.7140000000000006,0.7140000000000001,0.1260000000000001,0.0,0.0,0.06300000000000006,0.06300000000000006
870,1,0,1,0.18699067009512566,4.0,10.5,9.899999999999999,73.93835024727416,71.50603761019762,7,0.7140000000000006,0.7140000000000001,0.1260000000000001,0.0,0.0,0.06300000000000006,0.06300000000000006
871,1,0,1,0.18697065499482887,4.0,10.5,9.899999999999999,73.92785024727415,71.49553761019763,7,0.7140000000000006,0.7140000000000001,0.1260000000000001,0.0,0.0,0.06300000000000006,0.06300000000000006
872,1,0,1,0.18697776070438227,4.0,10.5,9.899999999999999,73.91735024727417,71.48503761019764,7,0.7140000000000006,0.7140000000000001,0.1260000000000001,0.0,0.0,0.06300000000000006,0.06300000000000006
873,1,0,1,0.1869648969192557,4.0,10.5,9.899999999999999,73.90685024727418,71.47453761019766,7,0.7140000000000006,0.7140000000000001,0.1260000000000001,0.0,0.0,0.06300000000000006,0.06300000000000006
874,1,0,0,-0.05303555098139449,3.9469644490186053,10.5,9.899999999999999,73.89635024727419,71.46403761019765,7,0.7140000000000006,0.7140000000000001,0.1260000000000001,0.0,0.0,0.06300000000000006,0.06300000000000006
875,1,0,0,-0.05302408532405649,3.893940363694549,10.5,9.899999999999999,73.8858502472742,71.45353761019766,7,0.7140000000000006,0.7140000000000001,0.1260000000000001,0.0,0.0,0.06300000000000006,0.06300000000000006
876,1,0,1,0.18697555107611352,4.0,10.5,9.899999999999999,73.8753502472742,71.44303761019766,7,0.7140000000000006,0.7140000000000001,0.1260000000000001,0.0,0.0,0.06300000000000006,0.06300000000000006
877,1,0,1,0.18698586267952125,4.0,10.5,9.899999999999999,73.8648502472742,71.43253761019766,7,0.7140000000000006,0.7140000000000001,0.1260000000000001,0.0,0.0,0.06300000000000006,0.06300000000000006
878,1,0,1,0.18697220076459545,4.0,10.5,9.899999999999999,73.85435024727421,71.42203761019768,7,0.7140000000000006,0.7140000000000001,0.1260000000000001,0.0,0.0,0.06300000000000006,0.06300000000000006
879,1,1,1,0.12199148568015891,4.0,10.5,9.899999999999999,73.8438502472742,71.41153761019768,7,0.7140000000000006,0.7140000000000001,0.1260000000000001,0.0,0.0,0.06300000000000006,0.06300000000000006
880,1,0,1,0.18699628804713356,4.0,10.5,9.899999999999999,73.83335024727423,71.40103761019769,7,0.7140000000000006,0.7140000000000001,0.1260000000000001,0.0,0.0,0.06300000000000006,0.06300000000000006
881,1,2,1,0.12197682505709256,4.0,10.5,9.899999999999999,73.82285024727423,71.39053761019771,7,0.7140000000000006,0.7140000000000001,0.1260000000000001,0.0,0.0,0.06300000000000006,0.06300000000000006
882,1,0,1,0.18698106441655676,4.0,10.5,9.899999999999999,73.81235024727424,71.3800376101977,7,0.7140000000000006,0.7140000000000001,0.1260000000000001,0.0,0.0,0.06300000000000006,0.06300000000000006
883,1,0,1,0.18697467912343388,4.0,10.5,9.899999999999999,73.80185024727426,71.36953761019771,7,0.7140000000000006,0.7140000000000001,0.1260000000000001,0.0,0.0,0.06300000000000006,0.06300000000000006
884,1,0,0,-0.053003242690394074,3.946996757309606,10.5,9.899999999999999,73.79135024727425,71.35903761019772,7,0.7140000000000006,0.7140000000000001,0.1260000000000001,0.0,0.0,0.06300000000000006,0.06300000000000006
885,1,0,1,0.18697348217779397,4.0,10.5,9.899999999999999,73.78085024727426,71.34853761019771,7,0.7140000000000006,0.7140000000000001,0.1260000000000001,0.0,0.0,0.06300000000000006,0.06300000000000006
886,1,1,1,0.12198073773200044,4.0,10.5,9.899999999999999,73.77035024727427,71.33803761019773,7,0.7140000000000006,0.7140000000000001,0.1260000000000001,0.0,0.0,0.06300000000000006,0.06300000000000006
887,1,1,1,0.1219634723430698,4.0,10.5,9.899999999999999,73.75985024727426,71.32753761019774,7,0.7140000000000006,0.7140000000000001,0.1260000000000001,0.0,0.0,0.06300000000000006,0.06300000000000006
888,1,0,1,0.18697501326054902,4.0,10.5,9.899999999999999,73.74935024727428,71.31703761019774,7,0.7140000000000006,0.7140000000000001,0.1260000000000001,0.0,0.0,0.06300000000000006,0.06300000000000006
889,1,0,0,-0.05301373175704784,3.946986268242952,10.5,9.899999999999999,73.73885024727429,71.30653761019776,7,0.7140000000000006,0.7140000000000001,0.1260000000000001,0.0,0.0,0.06300000000000006,0.06300000000000006
890,1,2,1,0.1219807563048516,4.0,10.5,9.899999999999999,73.72835024727429,71.29603761019776,7,0.7140000000000006,0.7140000000000001,0.1260000000000001,0.0,0.0,0.06300000000000006,0.06300000000000006
891,1,0,1,0.18697307316876235,4.0,10.5,9.899999999999999,73.71785024727431,71.28553761019776,7,0.7140000000000006,0.7140000000000001,0.1260000000000001,0.0,0.0,0.06300000000000006,0.06300000000000006
892,1,0,1,0.18696833107741095,4.0,10.5,9.899999999999999,73.7073502472743,71.27503761019777,7,0.7140000000000006,0.7140000000000001,0.1260000000000001,0.0,0.0,0.06300000000000006,0.06300000000000006
893,1,0,1,0.18698553213874003,4.0,10.5,9.899999999999999,73.69685024727431,71.26453761019776,7,0.7140000000000006,0.7140000000000001,0.1260000000000001,0.0,0.0,0.06300000000000006,0.06300000000000006
894,1,0,1,0.1869912720315197,4.0,10.5,9.899999999999999,73.68635024727432,71.25403761019778,7,0.7140000000000006,0.7140000000000001,0.1260000000000001,0.0,0.0,0.06300000000000006,0.06300000000000006
895,1,0,1,0.1869818714679714,4.0,10.5,9.899999999999999,73.67585024727431,71.24353761019779,7,0.7140000000000006,0.7140000000000001,0.1260000000000001,0.0,0.0,0.06300000000000006,0.06300000000000006
896,1,0,1,0.1869895493840047,4.0,10.5,9.899999999999999,73.66535024727433,71.2330376101978,8,0.7140000000000006,0.7140000000000001,0.1260000000000001,0.0,0.0,0.06300000000000006,0.06300000000000006
897,1,0,1,0.1869816550722393,4.0,10.5,9.899999999999999,73.65485024727434,71.22253761019782,8,0.7140000000000006,0.7140000000000001,0.1260000000000001,0.0,0.0,0.06300000000000006,0.06300000000000006
898,1,0,1,0.1869805928652163,4.0,10.5,9.899999999999999,73.64435024727435,71.21203761019781,8,0.7140000000000006,0.7140000000000001,0.1260000000000001,0.0,0.0,0.06300000000000006,0.06300000000000006
899,1,0,1,0.1869894478218573,4.0,10.5,9.899999999999999,73.63385024727437,71.20153761019782,8,0.7140000000000006,0.7140000000000001,0.1260000000000001,0.0,0.0,0.06300000000000006,0.06300000000000006
900,1,0,1,0.18698920617621187,4.0,10.5,9.899999999999999,73.62335024727436,71.19103761019782,8,0.7140000000000006,0.7140000000000001,0.1260000000000001,0.0,0.0,0.06300000000000006,0.06300000000000006
901,1,0,1,0.18700816143649956,4.0,10.5,9.899999999999999,73.61285024727437,71.18053761019782,8,0.7140000000000006,0.7140000000000001,0.1260000000000001,0.0,0.0,0.06300000000000006,0.06300000000000006
902,1,0,0,-0.053014155887007974,3.946985844112992,10.5,9.899999999999999,73.60235024727437,71.17003761019784,8,0.7140000000000006,0.7140000000000001,0.1260000000000001,0.0,0.0,0.06300000000000006,0.06300000000000006
903,1,0,1,0.1869914313447359,4.0,10.5,9.899999999999999,73.59185024727437,71.15953761019784,8,0.7140000000000006,0.7140000000000001,0.1260000000000001,0.0,0.0,0.06300000000000006,0.06300000000000006
904,1,0,1,0.18699428849707606,4.0,10.5,9.899999999999999,73.58135024727439,71.14903761019785,8,0.7140000000000006,0.7140000000000001,0.1260000000000001,0.0,0.0,0.06300000000000006,0.06300000000000006
905,1,0,1,0.1869725666011826,4.0,10.5,9.899999999999999,73.5708502472744,71.13853761019787,8,0.7140000000000006,0.7140000000000001,0.1260000000000001,0.0,0.0,0.06300000000000006,0.06300000000000006
906,1,0,1,0.1869641107208873,4.0,10.5,9.899999999999999,73.5603502472744,71.12803761019786,8,0.7140000000000006,0.7140000000000001,0.1260000000000001,0.0,0.0,0.06300000000000006,0.06300000000000006
907,1,0,1,0.1869768985351366,4.0,10.5,9.899999999999999,73.54985024727442,71.11753761019787,8,0.7140000000000006,0.7140000000000001,0.1260000000000001,0.0,0.0,0.06300000000000006,0.06300000000000006
908,1,1,1,0.12198039275845426,4.0,10.5,9.899999999999999,73.53935024727441,71.10703761019788,8,0.7140000000000006,0.7140000000000001,0.1260000000000001,0.0,0.0,0.06300000000000006,0.06300000000000006
909,1,0,1,0.18697861640407282,4.0,10.5,9.899999999999999,73.52885024727442,71.09653761019787,8,0.7140000000000006,0.7140000000000001,0.1260000000000001,0.0,0.0,0.06300000000000006,0.06300000000000006
910,1,0,0,-0.053013657580656,3.946986342419344,10.5,9.899999999999999,73.51835024727443,71.08603761019789,8,0.7140000000000006,0.7140000000000001,0.1260000000000001,0.0,0.0,0.06300000000000006,0.06300000000000006
911,1,0,1,0.18698352665958737,4.0,10.5,9.899999999999999,73.50785024727442,71.0755376101979,8,0.7140000000000006,0.7140000000000001,0.1260000000000001,0.0,0.0,0.06300000000000006,0.06300000000000006
912,1,0,1,0.18698487721668133,4.0,10.5,9.899999999999999,73.49735024727444,71.0650376101979,8,0.7140000000000006,0.7140000000000001,0.1260000000000001,0.0,0.0,0.06300000000000006,0.06300000000000006
913,1,0,1,0.1869758799823906,4.0,10.5,9.899999999999999,73.48685024727445,71.05453761019793,8,0.7140000000000006,0.7140000000000001,0.1260000000000001,0.0,0.0,0.06300000000000006,0.06300000000000006
914,1,0,1,0.1869892621620256,4.0,10.5,9.899999999999999,73.47635024727445,71.04403761019792,8,0.7140000000000006,0.7140000000000001,0.1260000000000001,0.0,0.0,0.06300000000000006,0.06300000000000006
915,1,0,1,0.18696570645888,4.0,10.5,9.899999999999999,73.46585024727447,71.03353761019793,8,0.7140000000000006,0.7140000000000001,0.1260000000000001,0.0,0.0,0.06300000000000006,0.06300000000000006
916,1,0,1,0.186980171750881,4.0,10.5,9.899999999999999,73.45535024727447,71.02303761019793,8,0.7140000000000006,0.7140000000000001,0.1260000000000001,0.0,0.0,0.06300000000000006,0.06300000000000006
917,1,0,1,0.18697107767297397,4.0,10.5,9.899999999999999,73.44485024727447,71.01253761019792,8,0.7140000000000006,0.7140000000000001,0.1260000000000001,0.0,0.0,0.06300000000000006,0.06300000000000006
918,1,2,0,-0.11801296385327704,3.881987036146723,10.5,9.899999999999999,73.43435024727448,71.00203761019795,8,0.7140000000000006,0.7140000000000001,0.1260000000000001,0.0,0.0,0.06300000000000006,0.06300000000000006
919,1,0,1,0.1869710181293564,4.0,10.5,9.899999999999999,73.42385024727447,70.99153761019795,8,0.7140000000000006,0.7140000000000001,0.1260000000000001,0.0,0.0,0.06300000000000006,0.06300000000000006
920,1,0,1,0.18699720998028857,4.0,10.5,9.899999999999999,73.4133502472745,70.98103761019796,8,0.7140000000000006,0.7140000000000001,0.1260000000000001,0.0,0.0,0.06300000000000006,0.06300000000000006
921,1,0,1,0.1869794435271823,4.0,10.5,9.899999999999999,73.4028502472745,70.97053761019798,8,0.7140000000000006,0.7140000000000001,0.1260000000000001,0.0,0.0,0.06300000000000006,0.06300000000000006
922,1,2,1,0.12197925512766045,4.0,10.5,9.899999999999999,73.3923502472745,70.96003761019797,8,0.7140000000000006,0.7140000000000001,0.1260000000000001,0.0,0.0,0.06300000000000006,0.06300000000000006
923,1,0,0,-0.05301916906392784,3.9469808309360723,10.5,9.899999999999999,73.38185024727453,70.94953761019798,8,0.7140000000000006,0.7140000000000001,0.1260000000000001,0.0,0.0,0.06300000000000006,0.06300000000000006
924,1,0,0,-0.05303381673814267,3.8939470141979298,10.5,9.899999999999999,73.37135024727452,70.93903761019799,8,0.7140000000000006,0.7140000000000001,0.1260000000000001,0.0,0.0,0.06300000000000006,0.06300000000000006
925,1,0,1,0.1869810970790854,4.0,10.5,9.899999999999999,73.36085024727453,70.92853761019798,8,0.7140000000000006,0.7140000000000001,0.1260000000000001,0.0,0.0,0.06300000000000006,0.06300000000000006
926,1,0,1,0.18697459913963876,4.0,10.5,9.899999999999999,73.35035024727453,70.918037610198,8,0.7140000000000006,0.7140000000000001,0.1260000000000001,0.0,0.0,0.06300000000000006,0.06300000000000006
927,1,1,1,0.1219634090675599,4.0,10.5,9.899999999999999,73.33985024727453,70.907537610198,8,0.7140000000000006,0.7140000000000001,0.1260000000000001,0.0,0.0,0.06300000000000006,0.06300000000000006
928,1,0,1,0.18698443555657662,4.0,10.5,9.899999999999999,73.32935024727455,70.89703761019801,8,0.7140000000000006,0.7140000000000001,0.1260000000000001,0.0,0.0,0.06300000000000006,0.06300000000000006
929,1,0,0,-0.053007843591363756,3.946992156408636,10.5,9.899999999999999,73.31885024727455,70.88653761019803,8,0.7140000000000006,0.7140000000000001,0.1260000000000001,0.0,0.0,0.06300000000000006,0.06300000000000006
930,1,0,1,0.18697977198449514,4.0,10.5,9.899999999999999,73.30835024727456,70.87603761019803,8,0.7140000000000006,0.7140000000000001,0.1260000000000001,0.0,0.0,0.06300000000000006,0.06300000000000006
931,1,0,1,0.18699064963639994,4.0,10.5,9.899999999999999,73.29785024727458,70.86553761019803,8,0.7140000000000006,0.7140000000000001,0.1260000000000001,0.0,0.0,0.06300000000000006,0.06300000000000006
932,1,0,1,0.18697881476600153,4.0,10.5,9.899999999999999,73.28735024727457,70.85503761019804,8,0.7140000000000006,0.7140000000000001,0.1260000000000001,0.0,0.0,0.06300000000000006,0.06300000000000006
933,1,0,1,0.18697196462901824,4.0,10.5,9.899999999999999,73.27685024727458,70.84453761019803,8,0.7140000000000006,0.7140000000000001,0.1260000000000001,0.0,0.0,0.06300000000000006,0.06300000000000006
934,1,0,1,0.1869657811418735,4.0,10.5,9.899999999999999,73.26635024727459,70.83403761019805,8,0.7140000000000006,0.7140000000000001,0.1260000000000001,0.0,0.0,0.06300000000000006,0.06300000000000006
935,1,0,1,0.18697316339170086,4.0,10.5,9.899999999999999,73.25585024727458,70.82353761019806,8,0.7140000000000006,0.7140000000000001,0.1260000000000001,0.0,0.0,0.06300000000000006,0.06300000000000006
936,1,0,1,0.1869649977416696,4.0,10.5,9.899999999999999,73.2453502472746,70.81303761019807,8,0.7140000000000006,0.7140000000000001,0.1260000000000001,0.0,0.0,0.06300000000000006,0.06300000000000006
937,1,0,1,0.18696682825436256,4.0,10.5,9.899999999999999,73.23485024727461,70.80253761019809,8,0.7140000000000006,0.7140000000000001,0.1260000000000001,0.0,0.0,0.06300000000000006,0.06300000000000006
938,1,0,1,0.1869755801341153,4.0,10.5,9.899999999999999,73.22435024727461,70.79203761019808,8,0.7140000000000006,0.7140000000000001,0.1260000000000001,0.0,0.0,0.06300000000000006,0.06300000000000006
939,1,0,1,0.18699159970352924,4.0,10.5,9.899999999999999,73.21385024727464,70.78153761019809,8,0.7140000000000006,0.7140000000000001,0.1260000000000001,0.0,0.0,0.06300000000000006,0.06300000000000006
940,1,0,1,0.18697127540522407,4.0,10.5,9.899999999999999,73.20335024727463,70.77103761019809,8,0.7140000000000006,0.7140000000000001,0.1260000000000001,0.0,0.0,0.06300000000000006,0.06300000000000006
941,1,0,1,0.18696429934913686,4.0,10.5,9.899999999999999,73.19285024727463,70.76053761019809,8,0.7140000000000006,0.7140000000000001,0.1260000000000001,0.0,0.0,0.06300000000000006,0.06300000000000006
942,1,0,1,0.18699219974843492,4.0,10.5,9.899999999999999,73.18235024727464,70.7500376101981,8,0.7140000000000006,0.7140000000000001,0.1260000000000001,0.0,0.0,0.06300000000000006,0.06300000000000006
943,1,0,1,0.1869802563084695,4.0,10.5,9.899999999999999,73.17185024727463,70.73953761019811,8,0.7140000000000006,0.7140000000000001,0.1260000000000001,0.0,0.0,0.06300000000000006,0.06300000000000006
944,1,0,1,0.18699735741768836,4.0,10.5,9.899999999999999,73.16135024727465,70.72903761019812,8,0.7140000000000006,0.7140000000000001,0.1260000000000001,0.0,0.0,0.06300000000000006,0.06300000000000006
945,1,0,1,0.18696631955087203,4.0,10.5,9.899999999999999,73.15085024727466,70.71853761019814,8,0.7140000000000006,0.7140000000000001,0.1260000000000001,0.0,0.0,0.06300000000000006,0.06300000000000006
946,1,0,0,-0.05303369147617765,3.9469663085238222,10.5,9.899999999999999,73.14035024727467,70.70803761019813,8,0.7140000000000006,0.7140000000000001,0.1260000000000001,0.0,0.0,0.06300000000000006,0.06300000000000006
947,1,0,1,0.18696855827372177,4.0,10.5,9.899999999999999,73.12985024727469,70.69753761019814,8,0.7140000000000006,0.7140000000000001,0.1260000000000001,0.0,0.0,0.06300000000000006,0.06300000000000006
948,1,0,0,-0.0530324540885989,3.9469675459114013,10.5,9.899999999999999,73.11935024727468,70.68703761019815,8,0.7140000000000006,0.7140000000000001,0.1260000000000001,0.0,0.0,0.06300000000000006,0.06300000000000006
949,1,0,0,-0.053011908836529835,3.8939556370748716,10.5,9.899999999999999,73.10885024727469,70.67653761019814,8,0.7140000000000006,0.7140000000000001,0.1260000000000001,0.0,0.0,0.06300000000000006,0.06300000000000006
950,1,0,0,-0.053013654944594646,3.840941982130277,10.5,9.899999999999999,73.0983502472747,70.66603761019816,8,0.7140000000000006,0.7140000000000001,0.1260000000000001,0.0,0.0,0.06300000000000006,0.06300000000000006
951,1,0,1,0.18698989903355306,4.0,10.5,9.899999999999999,73.08785024727469,70.65553761019817,8,0.7140000000000006,0.7140000000000001,0.1260000000000001,0.0,0.0,0.06300000000000006,0.06300000000000006
952,1,0,1,0.18697520807149606,4.0,10.5,9.899999999999999,73.07735024727471,70.64503761019817,8,0.7140000000000006,0.7140000000000001,0.1260000000000001,0.0,0.0,0.06300000000000006,0.06300000000000006
953,1,0,1,0.18696748728565693,4.0,10.5,9.899999999999999,73.06685024727472,70.6345376101982,8,0.7140000000000006,0.7140000000000001,0.1260000000000001,0.0,0.0,0.06300000000000006,0.06300000000000006
954,1,0,1,0.1869640100684077,4.0,10.5,9.899999999999999,73.05635024727472,70.62403761019819,8,0.7140000000000006,0.7140000000000001,0.1260000000000001,0.0,0.0,0.06300000000000006,0.06300000000000006
955,1,0,1,0.18696860535984164,4.0,10.5,9.899999999999999,73.04585024727474,70.6135376101982,8,0.7140000000000006,0.7140000000000001,0.1260000000000001,0.0,0.0,0.06300000000000006,0.06300000000000006
956,1,0,1,0.18699153212472758,4.0,10.5,9.899999999999999,73.03535024727474,70.6030376101982,8,0.7140000000000006,0.7140000000000001,0.1260000000000001,0.0,0.0,0.06300000000000006,0.06300000000000006
957,1,2,1,0.12197664217883816,4.0,10.5,9.899999999999999,73.02485024727474,70.59253761019819,8,0.7140000000000006,0.7140000000000001,0.1260000000000001,0.0,0.0,0.06300000000000006,0.06300000000000006
958,1,1,1,0.12196114636058687,4.0,10.5,9.899999999999999,73.01435024727475,70.58203761019821,8,0.7140000000000006,0.7140000000000001,0.1260000000000001,0.0,0.0,0.06300000000000006,0.06300000000000006
959,1,0,1,0.18700159536080477,4.0,10.5,9.899999999999999,73.00385024727474,70.57153761019822,8,0.7140000000000006,0.7140000000000001,0.1260000000000001,0.0,0.0,0.06300000000000006,0.06300000000000006
960,1,0,1,0.18698789789876613,4.0,10.5,9.899999999999999,72.99335024727476,70.56103761019823,8,0.7140000000000006,0.7140000000000001,0.1260000000000001,0.0,0.0,0.06300000000000006,0.06300000000000006
961,1,2,1,0.12197853356302447,4.0,10.5,9.899999999999999,72.98285024727477,70.55053761019825,8,0.7140000000000006,0.7140000000000001,0.1260000000000001,0.0,0.0,0.06300000000000006,0.06300000000000006
962,1,0,1,0.18696713872769857,4.0,10.5,9.899999999999999,72.97235024727478,70.54003761019824,8,0.7140000000000006,0.7140000000000001,0.1260000000000001,0.0,0.0,0.06300000000000006,0.06300000000000006
963,1,0,1,0.18697832951401416,4.0,10.5,9.899999999999999,72.9618502472748,70.52953761019825,8,0.7140000000000006,0.7140000000000001,0.1260000000000001,0.0,0.0,0.06300000000000006,0.06300000000000006
964,1,0,1,0.18698705137780222,4.0,10.5,9.899999999999999,72.95135024727479,70.51903761019825,8,0.7140000000000006,0.7140000000000001,0.1260000000000001,0.0,0.0,0.06300000000000006,0.06300000000000006
965,1,0,1,0.18697581453959894,4.0,10.5,9.899999999999999,72.9408502472748,70.50853761019825,8,0.7140000000000006,0.7140000000000001,0.1260000000000001,0.0,0.0,0.06300000000000006,0.06300000000000006
966,1,0,1,0.1869738482751307,4.0,10.5,9.899999999999999,72.9303502472748,70.49803761019827,8,0.7140000000000006,0.7140000000000001,0.1260000000000001,0.0,0.0,0.06300000000000006,0.06300000000000006
967,1,0,1,0.1869894004330426,4.0,10.5,9.899999999999999,72.9198502472748,70.48753761019827,8,0.7140000000000006,0.7140000000000001,0.1260000000000001,0.0,0.0,0.06300000000000006,0.06300000000000006
968,1,0,1,0.186975756237879,4.0,10.5,9.899999999999999,72.90935024727482,70.47703761019828,8,0.7140000000000006,0.7140000000000001,0.1260000000000001,0.0,0.0,0.06300000000000006,0.06300000000000006
969,1,0,1,0.18696709779934859,4.0,10.5,9.899999999999999,72.89885024727482,70.4665376101983,8,0.7140000000000006,0.7140000000000001,0.1260000000000001,0.0,0.0,0.06300000000000006,0.06300000000000006
970,1,0,0,-0.05302399127210199,3.946976008727898,10.5,9.899999999999999,72.88835024727483,70.4560376101983,8,0.7140000000000006,0.7140000000000001,0.1260000000000001,0.0,0.0,0.06300000000000006,0.06300000000000006
971,1,0,1,0.186975984771348,4.0,10.5,9.899999999999999,72.87785024727485,70.4455376101983,8,0.7140000000000006,0.7140000000000001,0.1260000000000001,0.0,0.0,0.06300000000000006,0.06300000000000006
972,1,0,1,0.18698033463554561,4.0,10.5,9.899999999999999,72.86735024727484,70.43503761019831,8,0.7140000000000006,0.7140000000000001,0.1260000000000001,0.0,0.0,0.06300000000000006,0.06300000000000006
973,1,1,0,-0.11800687479335319,3.881993125206647,10.5,9.899999999999999,72.85685024727485,70.4245376101983,8,0.7140000000000006,0.7140000000000001,0.1260000000000001,0.0,0.0,0.06300000000000006,0.06300000000000006
974,1,0,1,0.18698699226105622,4.0,10.5,9.899999999999999,72.84635024727486,70.41403761019832,8,0.7140000000000006,0.7140000000000001,0.1260000000000001,0.0,0.0,0.06300000000000006,0.06300000000000006
975,1,0,1,0.1869817987096555,4.0,10.5,9.899999999999999,72.83585024727485,70.40353761019833,8,0.7140000000000006,0.7140000000000001,0.1260000000000001,0.0,0.0,0.06300000000000006,0.06300000000000006
976,1,0,0,-0.05302130434043338,3.9469786956595665,10.5,9.899999999999999,72.82535024727487,70.39303761019833,8,0.7140000000000006,0.7140000000000001,0.1260000000000001,0.0,0.0,0.06300000000000006,0.06300000000000006
977,1,2,0,-0.11802610272583246,3.8289525929337342,10.5,9.899999999999999,72.81485024727488,70.38253761019836,8,0.7140000000000006,0.7140000000000001,0.1260000000000001,0.0,0.0,0.06300000000000006,0.06300000000000006
978,1,0,1,0.18696637955715878,4.0,10.5,9.899999999999999,72.80435024727488,70.37203761019835,8,0.7140000000000006,0.7140000000000001,0.1260000000000001,0.0,0.0,0.06300000000000006,0.06300000000000006
979,1,0,0,-0.05303028173686571,3.9469697182631345,10.5,9.899999999999999,72.7938502472749,70.36153761019835,8,0.7140000000000006,0.7140000000000001,0.1260000000000001,0.0,0.0,0.06300000000000006,0.06300000000000006
980,1,0,1,0.18696648696990859,4.0,10.5,9.899999999999999,72.7833502472749,70.35103761019836,8,0.7140000000000006,0.7140000000000001,0.1260000000000001,0.0,0.0,0.06300000000000006,0.06300000000000006
981,1,0,1,0.18695252540187526,4.0,10.5,9.899999999999999,72.7728502472749,70.34053761019835,8,0.7140000000000006,0.7140000000000001,0.1260000000000001,0.0,0.0,0.06300000000000006,0.06300000000000006
982,1,2,0,-0.11802462639001005,3.88197537360999,10.5,9.899999999999999,72.76235024727491,70.33003761019837,8,0.7140000000000006,0.7140000000000001,0.1260000000000001,0.0,0.0,0.06300000000000006,0.06300000000000006
983,1,2,1,0.1219722448970542,4.0,10.5,9.899999999999999,72.7518502472749,70.31953761019838,8,0.7140000000000006,0.7140000000000001,0.1260000000000001,0.0,0.0,0.06300000000000006,0.06300000000000006
984,1,0,1,0.18699757821455695,4.0,10.5,9.899999999999999,72.74135024727492,70.30903761019839,8,0.7140000000000006,0.7140000000000001,0.1260000000000001,0.0,0.0,0.06300000000000006,0.06300000000000006
985,1,0,1,0.1869803959273212,4.0,10.5,9.899999999999999,72.73085024727493,70.29853761019841,8,0.7140000000000006,0.7140000000000001,0.1260000000000001,0.0,0.0,0.06300000000000006,0.06300000000000006
986,1,2,1,0.12198022930946584,4.0,10.5,9.899999999999999,72.72035024727494,70.2880376101984,8,0.7140000000000006,0.7140000000000001,0.1260000000000001,0.0,0.0,0.06300000000000006,0.06300000000000006
987,1,0,1,0.1869665913212546,4.0,10.5,9.899999999999999,72.70985024727496,70.27753761019841,8,0.7140000000000006,0.7140000000000001,0.1260000000000001,0.0,0.0,0.06300000000000006,0.06300000000000006
988,1,0,1,0.1869661787554856,4.0,10.5,9.899999999999999,72.69935024727495,70.26703761019841,8,0.7140000000000006,0.7140000000000001,0.1260000000000001,0.0,0.0,0.06300000000000006,0.06300000000000006
989,1,0,1,0.1869921510700249,4.0,10.5,9.899999999999999,72.68885024727496,70.25653761019841,8,0.7140000000000006,0.7140000000000001,0.1260000000000001,0.0,0.0,0.06300000000000006,0.06300000000000006
990,1,0,1,0.18696818490287442,4.0,10.5,9.899999999999999,72.67835024727496,70.24603761019843,8,0.7140000000000006,0.7140000000000001,0.1260000000000001,0.0,0.0,0.06300000000000006,0.06300000000000006
991,1,0,0,-0.0530177703583272,3.946982229641673,10.5,9.899999999999999,72.66785024727496,70.23553761019843,8,0.7140000000000006,0.7140000000000001,0.1260000000000001,0.0,0.0,0.06300000000000006,0.06300000000000006
992,1,0,1,0.18698963313096434,4.0,10.5,9.899999999999999,72.65735024727498,70.22503761019844,8,0.7140000000000006,0.7140000000000001,0.1260000000000001,0.0,0.0,0.06300000000000006,0.06300000000000006
993,1,1,1,0.12198034197366654,4.0,10.5,9.899999999999999,72.64685024727498,70.21453761019846,8,0.7140000000000006,0.7140000000000001,0.1260000000000001,0.0,0.0,0.06300000000000006,0.06300000000000006
994,1,0,1,0.18696734714367239,4.0,10.5,9.899999999999999,72.63635024727499,70.20403761019845,8,0.7140000000000006,0.7140000000000001,0.1260000000000001,0.0,0.0,0.06300000000000006,0.06300000000000006
995,1,0,0,-0.05302962088148975,3.9469703791185102,10.5,9.899999999999999,72.62585024727501,70.19353761019846,8,0.7140000000000006,0.7140000000000001,0.1260000000000001,0.0,0.0,0.06300000000000006,0.06300000000000006
996,1,0,1,0.18699264306523838,4.0,10.5,9.899999999999999,72.615350247275,70.18303761019847,8,0.7140000000000006,0.7140000000000001,0.1260000000000001,0.0,0.0,0.06300000000000006,0.06300000000000006
997,1,0,1,0.1869615148635868,4.0,10.5,9.899999999999999,72.60485024727501,70.17253761019846,8,0.7140000000000006,0.7140000000000001,0.1260000000000001,0.0,0.0,0.06300000000000006,0.06300000000000006
998,1,0,1,0.18698494221646939,4.0,10.5,9.899999999999999,72.59435024727502,70.16203761019848,8,0.7140000000000006,0.7140000000000001,0.1260000000000001,0.0,0.0,0.06300000000000006,0.06300000000000006
999,1,0,1,0.18698541428147725,4.0,10.5,9.899999999999999,72.58385024727501,70.15153761019849,8,0.7140000000000006,0.7140000000000001,0.1260000000000001,0.0,0.0,0.06300000000000006,0.06300000000000006
1000,1,0,1,0.18698715420710654,4.0,10.5,9.899999999999999,72.57335024727503,70.1410376101985,8,0.7140000000000006,0.7140000000000001,0.1260000000000001,0.0,0.0,0.06300000000000006,0.06300000000000006
1001,1,0,1,0.18699421222086596,4.0,10.5,9.899999999999999,72.56285024727504,70.13053761019852,8,0.7140000000000006,0.7140000000000001,0.1260000000000001,0.0,0.0,0.06300000000000006,0.06300000000000006
1002,1,0,1,0.18696452419885043,4.0,10.5,9.899999999999999,72.55235024727504,70.12003761019851,8,0.7140000000000006,0.7140000000000001,0.1260000000000001,0.0,0.0,0.06300000000000006,0.06300000000000006
1003,1,0,1,0.18697765007936437,4.0,10.5,9.899999999999999,72.54185024727506,70.10953761019852,8,0.7140000000000006,0.7140000000000001,0.1260000000000001,0.0,0.0,0.06300000000000006,0.06300000000000006
1004,1,0,1,0.18698790949256544,4.0,10.5,9.899999999999999,72.53135024727506,70.09903761019852,8,0.7140000000000006,0.7140000000000001,0.1260000000000001,0.0,0.0,0.06300000000000006,0.06300000000000006
1005,1,2,1,0.12197217221581816,4.0,10.5,9.899999999999999,72.52085024727506,70.08853761019851,8,0.7140000000000006,0.7140000000000001,0.1260000000000001,0.0,0.0,0.06300000000000006,0.06300000000000006
1006,1,0,1,0.1869884897714962,4.0,10.5,9.899999999999999,72.51035024727507,70.07803761019854,8,0.7140000000000006,0.7140000000000001,0.1260000000000001,0.0,0.0,0.06300000000000006,0.06300000000000006
1007,1,0,1,0.18696931411843315,4.0,10.5,9.899999999999999,72.49985024727506,70.06753761019854,8,0.7140000000000006,0.7140000000000001,0.1260000000000001,0.0,0.0,0.06300000000000006,0.06300000000000006
1008,1,0,1,0.18697568741594414,4.0,10.5,9.899999999999999,72.48935024727508,70.05703761019855,8,0.7140000000000006,0.7140000000000001,0.1260000000000001,0.0,0.0,0.06300000000000006,0.06300000000000006
1009,1,0,1,0.1869849777644455,4.0,10.5,9.899999999999999,72.47885024727509,70.04653761019857,8,0.7140000000000006,0.7140000000000001,0.1260000000000001,0.0,0.0,0.06300000000000006,0.06300000000000006
1010,1,0,1,0.18698167130202994,4.0,10.5,9.899999999999999,72.4683502472751,70.03603761019856,8,0.7140000000000006,0.7140000000000001,0.1260000000000001,0.0,0.0,0.06300000000000006,0.06300000000000006
1011,1,0,0,-0.053029923494921444,3.9469700765050786,10.5,9.899999999999999,72.45785024727512,70.02553761019857,8,0.7140000000000006,0.7140000000000001,0.1260000000000001,0.0,0.0,0.06300000000000006,0.06300000000000006
1012,1,0,1,0.18696212733299145,4.0,10.5,9.899999999999999,72.44735024727511,70.01503761019858,8,0.7140000000000006,0.7140000000000001,0.1260000000000001,0.0,0.0,0.06300000000000006,0.06300000000000006
1013,1,0,1,0.18696946469053294,4.0,10.5,9.899999999999999,72.43685024727512,70.00453761019857,8,0.7140000000000006,0.7140000000000001,0.1260000000000001,0.0,0.0,0.06300000000000006,0.06300000000000006
1014,1,1,1,0.12197054845486473,4.0,10.5,9.899999999999999,72.42635024727512,69.99403761019859,8,0.7140000000000006,0.7140000000000001,0.1260000000000001,0.0,0.0,0.06300000000000006,0.06300000000000006
1015,1,1,1,0.1219656303058327,4.0,10.5,9.899999999999999,72.41585024727512,69.9835376101986,8,0.7140000000000006,0.7140000000000001,0.1260000000000001,0.0,0.0,0.06300000000000006,0.06300000000000006
1016,1,0,1,0.18697271900957654,4.0,10.5,9.899999999999999,72.40535024727514,69.9730376101986,8,0.7140000000000006,0.7140000000000001,0.1260000000000001,0.0,0.0,0.06300000000000006,0.06300000000000006
1017,1,0,1,0.18701084703740672,4.0,10.5,9.899999999999999,72.39485024727514,69.96253761019862,8,0.7140000000000006,0.7140000000000001,0.1260000000000001,0.0,0.0,0.06300000000000006,0.06300000000000006
1018,1,0,1,0.18698889204007185,4.0,10.5,9.899999999999999,72.38435024727515,69.95203761019862,8,0.7140000000000006,0.7140000000000001,0.1260000000000001,0.0,0.0,0.06300000000000006,0.06300000000000006
1019,1,0,1,0.18698729278071896,4.0,10.5,9.899999999999999,72.37385024727517,69.94153761019862,8,0.7140000000000006,0.7140000000000001,0.1260000000000001,0.0,0.0,0.06300000000000006,0.06300000000000006
1020,1,0,1,0.1869840604642847,4.0,10.5,9.899999999999999,72.36335024727516,69.93103761019863,8,0.7140000000000006,0.7140000000000001,0.1260000000000001,0.0,0.0,0.06300000000000006,0.06300000000000006
1021,1,0,1,0.1869875872904226,4.0,10.5,9.899999999999999,72.35285024727517,69.92053761019862,8,0.7140000000000006,0.7140000000000001,0.1260000000000001,0.0,0.0,0.06300000000000006,0.06300000000000006
1022,1,2,1,0.12198608697546517,4.0,10.5,9.899999999999999,72.34235024727518,69.91003761019864,8,0.7140000000000006,0.7140000000000001,0.1260000000000001,0.0,0.0,0.06300000000000006,0.06300000000000006
1023,1,0,1,0.18696904723649746,4.0,10.5,9.899999999999999,72.33185024727517,69.89953761019865,8,0.7140000000000006,0.7140000000000001,0.1260000000000001,0.0,0.0,0.06300000000000006,0.06300000000000006
1024,1,0,0,-0.05302510032422566,3.9469748996757743,10.5,9.899999999999999,72.32135024727519,69.88903761019866,9,0.7140000000000006,0.7140000000000001,0.1260000000000001,0.0,0.0,0.06300000000000006,0.06300000000000006
1025,1,0,1,0.18696263160128931,4.0,10.5,9.899999999999999,72.3108502472752,69.87853761019868,9,0.7140000000000006,0.7140000000000001,0.1260000000000001,0.0,0.0,0.06300000000000006,0.06300000000000006
1026,1,0,1,0.18696761657114472,4.0,10.5,9.899999999999999,72.3003502472752,69.86803761019867,9,0.7140000000000006,0.7140000000000001,0.1260000000000001,0.0,0.0,0.06300000000000006,0.06300000000000006
1027,1,2,1,0.12197050696696518,4.0,10.5,9.899999999999999,72.28985024727523,69.85753761019868,9,0.7140000000000006,0.7140000000000001,0.1260000000000001,0.0,0.0,0.06300000000000006,0.06300000000000006
1028,1,0,1,0.1869643262203895,4.0,10.5,9.899999999999999,72.27935024727522,69.84703761019868,9,0.7140000000000006,0.7140000000000001,0.1260000000000001,0.0,0.0,0.06300000000000006,0.06300000000000006
1029,1,0,1,0.18698406175968701,4.0,10.5,9.899999999999999,72.26885024727522,69.83653761019868,9,0.7140000000000006,0.7140000000000001,0.1260000000000001,0.0,0.0,0.06300000000000006,0.06300000000000006
1030,1,0,1,0.1869641962750684,4.0,10.5,9.899999999999999,72.25835024727523,69.8260376101987,9,0.7140000000000006,0.7140000000000001,0.1260000000000001,0.0,0.0,0.06300000000000006,0.06300000000000006
1031,1,1,1,0.12196858023418214,4.0,10.5,9.899999999999999,72.24785024727522,69.8155376101987,9,0.7140000000000006,0.7140000000000001,0.1260000000000001,0.0,0.0,0.06300000000000006,0.06300000000000006
1032,1,0,1,0.186963010771762,4.0,10.5,9.899999999999999,72.23735024727524,69.80503761019871,9,0.7140000000000006,0.7140000000000001,0.1260000000000001,0.0,0.0,0.06300000000000006,0.06300000000000006
1033,1,0,1,0.1869794695712979,4.0,10.5,9.899999999999999,72.22685024727525,69.79453761019873,9,0.7140000000000006,0.7140000000000001,0.1260000000000001,0.0,0.0,0.06300000000000006,0.06300000000000006
1034,1,0,1,0.1869863083094325,4.0,10.5,9.899999999999999,72.21635024727526,69.78403761019872,9,0.7140000000000006,0.7140000000000001,0.1260000000000001,0.0,0.0,0.06300000000000006,0.06300000000000006
1035,1,1,1,0.12197444301812997,4.0,10.5,9.899999999999999,72.20585024727528,69.77353761019873,9,0.7140000000000006,0.7140000000000001,0.1260000000000001,0.0,0.0,0.06300000000000006,0.06300000000000006
1036,1,0,1,0.18697914104568641,4.0,10.5,9.899999999999999,72.19535024727527,69.76303761019874,9,0.7140000000000006,0.7140000000000001,0.1260000000000001,0.0,0.0,0.06300000000000006,0.06300000000000006
1037,1,0,1,0.1869785372981627,4.0,10.5,9.899999999999999,72.18485024727528,69.75253761019873,9,0.7140000000000006,0.7140000000000001,0.1260000000000001,0.0,0.0,0.06300000000000006,0.06300000000000006
1038,1,0,0,-0.05302792586516091,3.9469720741348393,10.5,9.899999999999999,72.17435024727529,69.74203761019875,9,0.7140000000000006,0.7140000000000001,0.1260000000000001,0.0,0.0,0.06300000000000006,0.06300000000000006
1039,1,2,1,0.12198064590952278,4.0,10.5,9.899999999999999,72.16385024727528,69.73153761019876,9,0.7140000000000006,0.7140000000000001,0.1260000000000001,0.0,0.0,0.06300000000000006,0.06300000000000006
1040,1,0,1,0.18698463525213294,4.0,10.5,9.899999999999999,72.1533502472753,69.72103761019876,9,0.7140000000000006,0.7140000000000001,0.1260000000000001,0.0,0.0,0.06300000000000006,0.06300000000000006
1041,1,0,1,0.18697304544732876,4.0,10.5,9.899999999999999,72.1428502472753,69.71053761019878,9,0.7140000000000006,0.7140000000000001,0.1260000000000001,0.0,0.0,0.06300000000000006,0.06300000000000006
1042,1,0,1,0.1869609247399054,4.0,10.5,9.899999999999999,72.13235024727531,69.70003761019878,9,0.7140000000000006,0.7140000000000001,0.1260000000000001,0.0,0.0,0.06300000000000006,0.06300000000000006
1043,1,0,1,0.1869859197008969,4.0,10.5,9.899999999999999,72.12185024727533,69.68953761019878,9,0.7140000000000006,0.7140000000000001,0.1260000000000001,0.0,0.0,0.06300000000000006,0.06300000000000006
1044,1,0,1,0.18698194598246237,4.0,10.5,9.899999999999999,72.11135024727533,69.67903761019879,9,0.7140000000000006,0.7140000000000001,0.1260000000000001,0.0,0.0,0.06300000000000006,0.06300000000000006
1045,1,0,1,0.18698769712319765,4.0,10.5,9.899999999999999,72.10085024727533,69.66853761019878,9,0.7140000000000006,0.7140000000000001,0.1260000000000001,0.0,0.0,0.06300000000000006,0.06300000000000006
1046,1,0,1,0.18697542774702122,4.0,10.5,9.899999999999999,72.09035024727534,69.6580376101988,9,0.7140000000000006,0.7140000000000001,0.1260000000000001,0.0,0.0,0.06300000000000006,0.06300000000000006
1047,1,0,1,0.18697482972825624,4.0,10.5,9.899999999999999,72.07985024727533,69.64753761019881,9,0.7140000000000006,0.7140000000000001,0.1260000000000001,0.0,0.0,0.06300000000000006,0.06300000000000006
1048,1,0,1,0.18698233025383834,4.0,10.5,9.899999999999999,72.06935024727535,69.63703761019882,9,0.7140000000000006,0.7140000000000001,0.1260000000000001,0.0,0.0,0.06300000000000006,0.06300000000000006
1049,1,0,1,0.18696241571060782,4.0,10.5,9.899999999999999,72.05885024727536,69.62653761019884,9,0.7140000000000006,0.7140000000000001,0.1260000000000001,0.0,0.0,0.06300000000000006,0.06300000000000006
1050,1,0,1,0.1869682397662167,4.0,10.5,9.899999999999999,72.04835024727537,69.61603761019883,9,0.7140000000000006,0.7140000000000001,0.1260000000000001,0.0,0.0,0.06300000000000006,0.06300000000000006
1051,1,0,1,0.18696379793376328,4.0,10.5,9.899999999999999,72.03785024727539,69.60553761019884,9,0.7140000000000006,0.7140000000000001,0.1260000000000001,0.0,0.0,0.06300000000000006,0.06300000000000006
1052,1,0,1,0.18698017695358946,4.0,10.5,9.899999999999999,72.02735024727538,69.59503761019884,9,0.7140000000000006,0.7140000000000001,0.1260000000000001,0.0,0.0,0.06300000000000006,0.06300000000000006
1053,1,0,0,-0.05301261971243617,3.9469873802875637,10.5,9.899999999999999,72.01685024727539,69.58453761019884,9,0.7140000000000006,0.7140000000000001,0.1260000000000001,0.0,0.0,0.06300000000000006,0.06300000000000006
1054,1,0,1,0.18695632121593325,4.0,10.5,9.899999999999999,72.00635024727539,69.57403761019886,9,0.7140000000000006,0.7140000000000001,0.1260000000000001,0.0,0.0,0.06300000000000006,0.06300000000000006
1055,1,0,1,0.18697273033449965,4.0,10.5,9.899999999999999,71.99585024727538,69.56353761019886,9,0.7140000000000006,0.7140000000000001,0.1260000000000001,0.0,0.0,0.06300000000000006,0.06300000000000006
1056,1,0,1,0.18697883963042156,4.0,10.5,9.899999999999999,71.9853502472754,69.55303761019887,9,0.7140000000000006,0.7140000000000001,0.1260000000000001,0.0,0.0,0.06300000000000006,0.06300000000000006
1057,1,0,1,0.18697390347280568,4.0,10.5,9.899999999999999,71.97485024727541,69.54253761019889,9,0.7140000000000006,0.7140000000000001,0.1260000000000001,0.0,0.0,0.06300000000000006,0.06300000000000006
1058,1,0,1,0.18697903704202465,4.0,10.5,9.899999999999999,71.96435024727542,69.53203761019888,9,0.7140000000000006,0.7140000000000001,0.1260000000000001,0.0,0.0,0.06300000000000006,0.06300000000000006
1059,1,2,1,0.12197045856400102,4.0,10.5,9.899999999999999,71.95385024727544,69.52153761019889,9,0.7140000000000006,0.7140000000000001,0.1260000000000001,0.0,0.0,0.06300000000000006,0.06300000000000006
1060,1,0,1,0.18697241840676007,4.0,10.5,9.899999999999999,71.94335024727543,69.5110376101989,9,0.7140000000000006,0.7140000000000001,0.1260000000000001,0.0,0.0,0.06300000000000006,0.06300000000000006
1061,1,0,0,-0.053005932872354805,3.9469940671276453,10.5,9.899999999999999,71.93285024727544,69.50053761019889,9,0.7140000000000006,0.7140000000000001,0.1260000000000001,0.0,0.0,0.06300000000000006,0.06300000000000006
1062,1,0,1,0.18696940686778793,4.0,10.5,9.899999999999999,71.92235024727545,69.49003761019891,9,0.7140000000000006,0.7140000000000001,0.1260000000000001,0.0,0.0,0.06300000000000006,0.06300000000000006
1063,1,0,1,0.18698173804660417,4.0,10.5,9.899999999999999,71.91185024727544,69.47953761019892,9,0.7140000000000006,0.7140000000000001,0.1260000000000001,0.0,0.0,0.06300000000000006,0.06300000000000006
1064,1,0,1,0.18698414696049387,4.0,10.5,9.899999999999999,71.90135024727546,69.46903761019892,9,0.7140000000000006,0.7140000000000001,0.1260000000000001,0.0,0.0,0.06300000000000006,0.06300000000000006
1065,1,0,1,0.18696596300106155,4.0,10.5,9.899999999999999,71.89085024727547,69.45853761019895,9,0.7140000000000006,0.7140000000000001,0.1260000000000001,0.0,0.0,0.06300000000000006,0.06300000000000006
1066,1,0,1,0.18697884042574656,4.0,10.5,9.899999999999999,71.88035024727547,69.44803761019894,9,0.7140000000000006,0.7140000000000001,0.1260000000000001,0.0,0.0,0.06300000000000006,0.06300000000000006
1067,1,0,1,0.18698842891001793,4.0,10.5,9.899999999999999,71.8698502472755,69.43753761019894,9,0.7140000000000006,0.7140000000000001,0.1260000000000001,0.0,0.0,0.06300000000000006,0.06300000000000006
1068,1,2,1,0.12196340063894942,4.0,10.5,9.899999999999999,71.85935024727549,69.42703761019895,9,0.7140000000000006,0.7140000000000001,0.1260000000000001,0.0,0.0,0.06300000000000006,0.06300000000000006
1069,1,1,1,0.12199361040068521,4.0,10.5,9.899999999999999,71.8488502472755,69.41653761019894,9,0.7140000000000006,0.7140000000000001,0.1260000000000001,0.0,0.0,0.06300000000000006,0.06300000000000006
1070,1,0,1,0.1869696918114569,4.0,10.5,9.899999999999999,71.8383502472755,69.40603761019896,9,0.7140000000000006,0.7140000000000001,0.1260000000000001,0.0,0.0,0.06300000000000006,0.06300000000000006
1071,1,0,1,0.18696813442522228,4.0,10.5,9.899999999999999,71.82785024727549,69.39553761019897,9,0.7140000000000006,0.7140000000000001,0.1260000000000001,0.0,0.0,0.06300000000000006,0.06300000000000006
1072,1,0,1,0.1869762429936093,4.0,10.5,9.899999999999999,71.81735024727551,69.38503761019898,9,0.7140000000000006,0.7140000000000001,0.1260000000000001,0.0,0.0,0.06300000000000006,0.06300000000000006
1073,1,0,1,0.18698717184516206,4.0,10.5,9.899999999999999,71.80685024727552,69.374537610199,9,0.7140000000000006,0.7140000000000001,0.1260000000000001,0.0,0.0,0.06300000000000006,0.06300000000000006
1074,1,0,0,-0.05300648788533408,3.9469935121146658,10.5,9.899999999999999,71.79635024727553,69.36403761019899,9,0.7140000000000006,0.7140000000000001,0.1260000000000001,0.0,0.0,0.06300000000000006,0.06300000000000006
1075,1,0,1,0.18696687465297487,4.0,10.5,9.899999999999999,71.78585024727555,69.353537610199,9,0.7140000000000006,0.7140000000000001,0.1260000000000001,0.0,0.0,0.06300000000000006,0.06300000000000006
1076,1,0,1,0.1869731780826033,4.0,10.5,9.899999999999999,71.77535024727554,69.343037610199,9,0.7140000000000006,0.7140000000000001,0.1260000000000001,0.0,0.0,0.06300000000000006,0.06300000000000006
1077,1,0,1,0.18697887707976188,4.0,10.5,9.899999999999999,71.76485024727555,69.332537610199,9,0.7140000000000006,0.7140000000000001,0.1260000000000001,0.0,0.0,0.06300000000000006,0.06300000000000006
1078,1,0,1,0.18697981704593442,4.0,10.5,9.899999999999999,71.75435024727555,69.32203761019902,9,0.7140000000000006,0.7140000000000001,0.1260000000000001,0.0,0.0,0.06300000000000006,0.06300000000000006
1079,1,0,1,0.18696867681722112,4.0,10.5,9.899999999999999,71.74385024727555,69.31153761019903,9,0.7140000000000006,0.7140000000000001,0.1260000000000001,0.0,0.0,0.06300000000000006,0.06300000000000006
1080,1,0,1,0.18696616963090804,4.0,10.5,9.899999999999999,71.73335024727557,69.30103761019903,9,0.7140000000000006,0.7140000000000001,0.1260000000000001,0.0,0.0,0.06300000000000006,0.06300000000000006
1081,1,0,1,0.18698544461699093,4.0,10.5,9.899999999999999,71.72285024727557,69.29053761019905,9,0.7140000000000006,0.7140000000000001,0.1260000000000001,0.0,0.0,0.06300000000000006,0.06300000000000006
1082,1,0,0,-0.05303427358013913,3.9469657264198608,10.5,9.899999999999999,71.71235024727558,69.28003761019905,9,0.7140000000000006,0.7140000000000001,0.1260000000000001,0.0,0.0,0.06300000000000006,0.06300000000000006
1083,1,0,1,0.18698049338972086,4.0,10.5,9.899999999999999,71.7018502472756,69.26953761019905,9,0.7140000000000006,0.7140000000000001,0.1260000000000001,0.0,0.0,0.06300000000000006,0.06300000000000006
1084,1,2,1,0.1219872833359705,4.0,10.5,9.899999999999999,71.6913502472756,69.25903761019906,9,0.7140000000000006,0.7140000000000001,0.1260000000000001,0.0,0.0,0.06300000000000006,0.06300000000000006
1085,1,0,1,0.1869865188250844,4.0,10.5,9.899999999999999,71.6808502472756,69.24853761019905,9,0.7140000000000006,0.7140000000000001,0.1260000000000001,0.0,0.0,0.06300000000000006,0.06300000000000006
1086,1,0,1,0.1869867531674178,4.0,10.5,9.899999999999999,71.6703502472756,69.23803761019907,9,0.7140000000000006,0.7140000000000001,0.1260000000000001,0.0,0.0,0.06300000000000006,0.06300000000000006
1087,1,0,1,0.1869911209348728,4.0,10.5,9.899999999999999,71.6598502472756,69.22753761019908,9,0.7140000000000006,0.7140000000000001,0.1260000000000001,0.0,0.0,0.06300000000000006,0.06300000000000006
1088,1,0,1,0.18697852966064174,4.0,10.5,9.899999999999999,71.64935024727562,69.21703761019909,9,0.7140000000000006,0.7140000000000001,0.1260000000000001,0.0,0.0,0.06300000000000006,0.06300000000000006
1089,1,0,0,-0.053028324185570484,3.9469716758144293,10.5,9.899999999999999,71.63885024727563,69.2065376101991,9,0.7140000000000006,0.7140000000000001,0.1260000000000001,0.0,0.0,0.06300000000000006,0.06300000000000006
1090,1,0,0,-0.053016830803941616,3.8939548450104877,10.5,9.899999999999999,71.62835024727563,69.1960376101991,9,0.7140000000000006,0.7140000000000001,0.1260000000000001,0.0,0.0,0.06300000000000006,0.06300000000000006
1091,1,2,1,0.1219641353783194,4.0,10.5,9.899999999999999,71.61785024727565,69.1855376101991,9,0.7140000000000006,0.7140000000000001,0.1260000000000001,0.0,0.0,0.06300000000000006,0.06300000000000006
1092,1,0,0,-0.05301503786254057,3.9469849621374595,10.5,9.899999999999999,71.60735024727565,69.17503761019911,9,0.7140000000000006,0.7140000000000001,0.1260000000000001,0.0,0.0,0.06300000000000006,0.06300000000000006
1093,1,0,1,0.18695340706693006,4.0,10.5,9.899999999999999,71.59685024727565,69.1645376101991,9,0.7140000000000006,0.7140000000000001,0.1260000000000001,0.0,0.0,0.06300000000000006,0.06300000000000006
1094,1,0,0,-0.053031532183144776,3.946968467816855,10.5,9.899999999999999,71.58635024727566,69.15403761019913,9,0.7140000000000006,0.7140000000000001,0.1260000000000001,0.0,0.0,0.06300000000000006,0.06300000000000006
1095,1,0,1,0.1869550447438883,4.0,10.5,9.899999999999999,71.57585024727565,69.14353761019913,9,0.7140000000000006,0.7140000000000001,0.1260000000000001,0.0,0.0,0.06300000000000006,0.06300000000000006
1096,1,0,1,0.18696869674290587,4.0,10.5,9.899999999999999,71.56535024727567,69.13303761019914,9,0.7140000000000006,0.7140000000000001,0.1260000000000001,0.0,0.0,0.06300000000000006,0.06300000000000006
1097,1,2,1,0.12199163792465971,4.0,10.5,9.899999999999999,71.55485024727568,69.12253761019916,9,0.7140000000000006,0.7140000000000001,0.1260000000000001,0.0,0.0,0.06300000000000006,0.06300000000000006
1098,1,0,1,0.18697912218139096,4.0,10.5,9.899999999999999,71.54435024727569,69.11203761019915,9,0.7140000000000006,0.7140000000000001,0.1260000000000001,0.0,0.0,0.06300000000000006,0.06300000000000006
1099,1,0,0,-0.05302059802536192,3.9469794019746383,10.5,9.899999999999999,71.53385024727571,69.10153761019916,9,0.7140000000000006,0.7140000000000001,0.1260000000000001,0.0,0.0,0.06300000000000006,0.06300000000000006
1100,1,0,1,0.18698759323430897,4.0,10.5,9.899999999999999,71.5233502472757,69.09103761019917,9,0.7140000000000006,0.7140000000000001,0.1260000000000001,0.0,0.0,0.06300000000000006,0.06300000000000006
1101,1,0,1,0.18695627933150347,4.0,10.5,9.899999999999999,71.51285024727571,69.08053761019916,9,0.7140000000000006,0.7140000000000001,0.1260000000000001,0.0,0.0,0.06300000000000006,0.06300000000000006
1102,1,0,1,0.1869823732836159,4.0,10.5,9.899999999999999,71.50235024727571,69.07003761019918,9,0.7140000000000006,0.7140000000000001,0.1260000000000001,0.0,0.0,0.06300000000000006,0.06300000000000006
1103,1,0,1,0.1869519832122126,4.0,10.5,9.899999999999999,71.4918502472757,69.05953761019919,9,0.7140000000000006,0.7140000000000001,0.1260000000000001,0.0,0.0,0.06300000000000006,0.06300000000000006
1104,1,0,1,0.18697382715018065,4.0,10.5,9.899999999999999,71.48135024727573,69.04903761019919,9,0.7140000000000006,0.7140000000000001,0.1260000000000001,0.0,0.0,0.06300000000000006,0.06300000000000006
1105,1,1,1,0.12196463825169233,4.0,10.5,9.899999999999999,71.47085024727573,69.03853761019921,9,0.7140000000000006,0.7140000000000001,0.1260000000000001,0.0,0.0,0.06300000000000006,0.06300000000000006
1106,1,2,1,0.1219873941780083,4.0,10.5,9.899999999999999,71.46035024727574,69.0280376101992,9,0.7140000000000006,0.7140000000000001,0.1260000000000001,0.0,0.0,0.06300000000000006,0.06300000000000006
1107,1,0,0,-0.053013015096653446,3.9469869849033468,10.5,9.899999999999999,71.44985024727576,69.01753761019921,9,0.7140000000000006,0.7140000000000001,0.1260000000000001,0.0,0.0,0.06300000000000006,0.06300000000000006
1108,1,0,1,0.1869785244002961,4.0,10.5,9.899999999999999,71.43935024727575,69.00703761019922,9,0.7140000000000006,0.7140000000000001,0.1260000000000001,0.0,0.0,0.06300000000000006,0.06300000000000006
1109,1,0,1,0.18698878293571242,4.0,10.5,9.899999999999999,71.42885024727576,68.99653761019921,9,0.7140000000000006,0.7140000000000001,0.1260000000000001,0.0,0.0,0.06300000000000006,0.06300000000000006
1110,1,0,1,0.18697398549631744,4.0,10.5,9.899999999999999,71.41835024727577,68.98603761019923,9,0.7140000000000006,0.7140000000000001,0.1260000000000001,0.0,0.0,0.06300000000000006,0.06300000000000006
1111,1,0,0,-0.05302646103029103,3.946973538969709,10.5,9.899999999999999,71.40785024727576,68.97553761019924,9,0.7140000000000006,0.7140000000000001,0.1260000000000001,0.0,0.0,0.06300000000000006,0.06300000000000006
1112,1,0,0,-0.053027811969896026,3.8939457269998132,10.5,9.899999999999999,71.39735024727578,68.96503761019925,9,0.7140000000000006,0.7140000000000001,0.1260000000000001,0.0,0.0,0.06300000000000006,0.06300000000000006
1113,1,0,1,0.18697065704937613,4.0,10.5,9.899999999999999,71.38685024727579,68.95453761019927,9,0.7140000000000006,0.7140000000000001,0.1260000000000001,0.0,0.0,0.06300000000000006,0.06300000000000006
1114,1,2,1,0.12197892317695304,4.0,10.5,9.899999999999999,71.3763502472758,68.94403761019926,9,0.7140000000000006,0.7140000000000001,0.1260000000000001,0.0,0.0,0.06300000000000006,0.06300000000000006
1115,1,0,1,0.18697533114898,4.0,10.5,9.899999999999999,71.36585024727582,68.93353761019927,9,0.7140000000000006,0.7140000000000001,0.1260000000000001,0.0,0.0,0.06300000000000006,0.06300000000000006
1116,1,0,1,0.18697735713680103,4.0,10.5,9.899999999999999,71.35535024727581,68.92303761019927,9,0.7140000000000006,0.7140000000000001,0.1260000000000001,0.0,0.0,0.06300000000000006,0.06300000000000006
1117,1,0,1,0.18698084246191168,4.0,10.5,9.899999999999999,71.34485024727582,68.91253761019927,9,0.7140000000000006,0.7140000000000001,0.1260000000000001,0.0,0.0,0.06300000000000006,0.06300000000000006
1118,1,0,0,-0.05303497508819067,3.946965024911809,10.5,9.899999999999999,71.33435024727582,68.90203761019929,9,0.7140000000000006,0.7140000000000001,0.1260000000000001,0.0,0.0,0.06300000000000006,0.06300000000000006
1119,1,0,1,0.18696456409075177,4.0,10.5,9.899999999999999,71.32385024727581,68.8915376101993,9,0.7140000000000006,0.7140000000000001,0.1260000000000001,0.0,0.0,0.06300000000000006,0.06300000000000006
1120,1,0,1,0.1869880480941031,4.0,10.5,9.899999999999999,71.31335024727584,68.8810376101993,9,0.7140000000000006,0.7140000000000001,0.1260000000000001,0.0,0.0,0.06300000000000006,0.06300000000000006
1121,1,0,1,0.18698357450442551,4.0,10.5,9.899999999999999,71.30285024727584,68.87053761019932,9,0.7140000000000006,0.7140000000000001,0.1260000000000001,0.0,0.0,0.06300000000000006,0.06300000000000006
1122,1,0,1,0.18696196106257265,4.0,10.5,9.899999999999999,71.29235024727585,68.86003761019931,9,0.7140000000000006,0.7140000000000001,0.1260000000000001,0.0,0.0,0.06300000000000006,0.06300000000000006
1123,1,1,0,-0.11803108306136924,3.881968916938631,10.5,9.899999999999999,71.28185024727587,68.84953761019932,9,0.7140000000000006,0.7140000000000001,0.1260000000000001,0.0,0.0,0.06300000000000006,0.06300000000000006
1124,1,0,1,0.18696437334463414,4.0,10.5,9.899999999999999,71.27135024727586,68.83903761019933,9,0.7140000000000006,0.7140000000000001,0.1260000000000001,0.0,0.0,0.06300000000000006,0.06300000000000006
1125,1,0,1,0.18696243882096053,4.0,10.5,9.899999999999999,71.26085024727587,68.82853761019932,9,0.7140000000000006,0.7140000000000001,0.1260000000000001,0.0,0.0,0.06300000000000006,0.06300000000000006
1126,1,0,1,0.18696132019780495,4.0,10.5,9.899999999999999,71.25035024727588,68.81803761019934,9,0.7140000000000006,0.7140000000000001,0.1260000000000001,0.0,0.0,0.06300000000000006,0.06300000000000006
1127,1,0,1,0.18696661877967163,4.0,10.5,9.899999999999999,71.23985024727587,68.80753761019935,9,0.7140000000000006,0.7140000000000001,0.1260000000000001,0.0,0.0,0.06300000000000006,0.06300000000000006
1128,1,0,1,0.1869730574764837,4.0,10.5,9.899999999999999,71.22935024727589,68.79703761019935,9,0.7140000000000006,0.7140000000000001,0.1260000000000001,0.0,0.0,0.06300000000000006,0.06300000000000006
1129,1,0,1,0.18695575491735264,4.0,10.5,9.899999999999999,71.2188502472759,68.78653761019937,9,0.7140000000000006,0.7140000000000001,0.1260000000000001,0.0,0.0,0.06300000000000006,0.06300000000000006
1130,1,0,1,0.1869769132154205,4.0,10.5,9.899999999999999,71.2083502472759,68.77603761019937,9,0.7140000000000006,0.7140000000000001,0.1260000000000001,0.0,0.0,0.06300000000000006,0.06300000000000006
1131,1,0,1,0.18698294700797252,4.0,10.5,9.899999999999999,71.19785024727592,68.76553761019937,9,0.7140000000000006,0.7140000000000001,0.1260000000000001,0.0,0.0,0.06300000000000006,0.06300000000000006
1132,1,0,1,0.18697796930600882,4.0,10.5,9.899999999999999,71.18735024727592,68.75503761019938,9,0.7140000000000006,0.7140000000000001,0.1260000000000001,0.0,0.0,0.06300000000000006,0.06300000000000006
1133,1,0,1,0.1869769313227129,4.0,10.5,9.899999999999999,71.17685024727592,68.74453761019937,9,0.7140000000000006,0.7140000000000001,0.1260000000000001,0.0,0.0,0.06300000000000006,0.06300000000000006
1134,1,0,1,0.18696486446420413,4.0,10.5,9.899999999999999,71.16635024727593,68.7340376101994,9,0.7140000000000006,0.7140000000000001,0.1260000000000001,0.0,0.0,0.06300000000000006,0.06300000000000006
1135,1,0,1,0.18696537506247607,4.0,10.5,9.899999999999999,71.15585024727592,68.7235376101994,9,0.7140000000000006,0.7140000000000001,0.1260000000000001,0.0,0.0,0.06300000000000006,0.06300000000000006
1136,1,0,0,-0.05303565821739159,3.9469643417826084,10.5,9.899999999999999,71.14535024727594,68.71303761019941,9,0.7140000000000006,0.7140000000000001,0.1260000000000001,0.0,0.0,0.06300000000000006,0.06300000000000006
1137,1,0,1,0.1869515570773408,4.0,10.5,9.899999999999999,71.13485024727595,68.70253761019943,9,0.7140000000000006,0.7140000000000001,0.1260000000000001,0.0,0.0,0.06300000000000006,0.06300000000000006
1138,1,0,1,0.18698664711948734,4.0,10.5,9.899999999999999,71.12435024727596,68.69203761019942,9,0.7140000000000006,0.7140000000000001,0.1260000000000001,0.0,0.0,0.06300000000000006,0.06300000000000006
1139,1,0,1,0.18698365339023826,4.0,10.5,9.899999999999999,71.11385024727598,68.68153761019943,9,0.7140000000000006,0.7140000000000001,0.1260000000000001,0.0,0.0,0.06300000000000006,0.06300000000000006
1140,1,0,1,0.1869578802350843,4.0,10.5,9.899999999999999,71.10335024727597,68.67103761019943,9,0.7140000000000006,0.7140000000000001,0.1260000000000001,0.0,0.0,0.06300000000000006,0.06300000000000006
1141,1,0,1,0.1869736640156182,4.0,10.5,9.899999999999999,71.09285024727598,68.66053761019943,9,0.7140000000000006,0.7140000000000001,0.1260000000000001,0.0,0.0,0.06300000000000006,0.06300000000000006
1142,1,0,1,0.18696637191708584,4.0,10.5,9.899999999999999,71.08235024727598,68.65003761019945,9,0.7140000000000006,0.7140000000000001,0.1260000000000001,0.0,0.0,0.06300000000000006,0.06300000000000006
1143,1,0,1,0.18698585302598805,4.0,10.5,9.899999999999999,71.07185024727598,68.63953761019945,9,0.7140000000000006,0.7140000000000001,0.1260000000000001,0.0,0.0,0.06300000000000006,0.06300000000000006
1144,1,0,1,0.18698369562887115,4.0,10.5,9.899999999999999,71.061350247276,68.62903761019946,9,0.7140000000000006,0.7140000000000001,0.1260000000000001,0.0,0.0,0.06300000000000006,0.06300000000000006
1145,1,0,1,0.186968246184624,4.0,10.5,9.899999999999999,71.050850247276,68.61853761019948,9,0.7140000000000006,0.7140000000000001,0.1260000000000001,0.0,0.0,0.06300000000000006,0.06300000000000006
1146,1,0,1,0.18697385832588687,4.0,10.5,9.899999999999999,71.04035024727601,68.60803761019947,9,0.7140000000000006,0.7140000000000001,0.1260000000000001,0.0,0.0,0.06300000000000006,0.06300000000000006
1147,1,0,1,0.18697026685091772,4.0,10.5,9.899999999999999,71.02985024727603,68.59753761019948,9,0.7140000000000006,0.7140000000000001,0.1260000000000001,0.0,0.0,0.06300000000000006,0.06300000000000006
1148,1,0,0,-0.05303545763704243,3.9469645423629576,10.5,9.899999999999999,71.01935024727602,68.58703761019949,9,0.7140000000000006,0.7140000000000001,0.1260000000000001,0.0,0.0,0.06300000000000006,0.06300000000000006
1149,1,0,1,0.1869683260593355,4.0,10.5,9.899999999999999,71.00885024727603,68.57653761019948,9,0.7140000000000006,0.7140000000000001,0.1260000000000001,0.0,0.0,0.06300000000000006,0.06300000000000006
1150,1,0,1,0.18697568748612448,4.0,10.5,9.899999999999999,70.99835024727604,68.5660376101995,9,0.7140000000000006,0.7140000000000001,0.1260000000000001,0.0,0.0,0.06300000000000006,0.06300000000000006
1151,1,0,1,0.18696152361987725,4.0,10.5,9.899999999999999,70.98785024727603,68.55553761019951,9,0.7140000000000006,0.7140000000000001,0.1260000000000001,0.0,0.0,0.06300000000000006,0.06300000000000006
1152,1,0,1,0.1869855532788583,4.0,10.5,9.899999999999999,70.97735024727605,68.54503761019951,10,0.7140000000000006,0.7140000000000001,0.1260000000000001,0.0,0.0,0.06300000000000006,0.06300000000000006
1153,1,0,1,0.18696509169990744,4.0,10.5,9.899999999999999,70.96685024727606,68.53453761019954,10,0.7140000000000006,0.7140000000000001,0.1260000000000001,0.0,0.0,0.06300000000000006,0.06300000000000006
1154,1,2,1,0.1219838056447439,4.0,10.5,9.899999999999999,70.95635024727606,68.52403761019953,10,0.7140000000000006,0.7140000000000001,0.1260000000000001,0.0,0.0,0.06300000000000006,0.06300000000000006
1155,1,0,1,0.1869679082535106,4.0,10.5,9.899999999999999,70.94585024727608,68.51353761019953,10,0.7140000000000006,0.7140000000000001,0.1260000000000001,0.0,0.0,0.06300000000000006,0.06300000000000006
1156,1,0,0,-0.05302094583912944,3.9469790541608707,10.5,9.899999999999999,70.93535024727608,68.50303761019954,10,0.7140000000000006,0.7140000000000001,0.1260000000000001,0.0,0.0,0.06300000000000006,0.06300000000000006
1157,1,0,1,0.18695274377229265,4.0,10.5,9.899999999999999,70.92485024727608,68.49253761019953,10,0.7140000000000006,0.7140000000000001,0.1260000000000001,0.0,0.0,0.06300000000000006,0.06300000000000006
1158,1,0,1,0.18698159542947282,4.0,10.5,9.899999999999999,70.91435024727609,68.48203761019955,10,0.7140000000000006,0.7140000000000001,0.1260000000000001,0.0,0.0,0.06300000000000006,0.06300000000000006
1159,1,0,1,0.186978957745744,4.0,10.5,9.899999999999999,70.90385024727608,68.47153761019956,10,0.7140000000000006,0.7140000000000001,0.1260000000000001,0.0,0.0,0.06300000000000006,0.06300000000000006
1160,1,0,1,0.18697443809338832,4.0,10.5,9.899999999999999,70.8933502472761,68.46103761019957,10,0.7140000000000006,0.7140000000000001,0.1260000000000001,0.0,0.0,0.06300000000000006,0.06300000000000006
1161,1,0,0,-0.05302681525478522,3.946973184745215,10.5,9.899999999999999,70.88285024727611,68.45053761019959,10,0.7140000000000006,0.7140000000000001,0.1260000000000001,0.0,0.0,0.06300000000000006,0.06300000000000006
1162,1,0,0,-0.05302401486746621,3.893949169877749,10.5,9.899999999999999,70.87235024727612,68.44003761019958,10,0.7140000000000006,0.7140000000000001,0.1260000000000001,0.0,0.0,0.06300000000000006,0.06300000000000006
1163,1,0,1,0.18696651787064356,4.0,10.5,9.899999999999999,70.86185024727614,68.42953761019959,10,0.7140000000000006,0.7140000000000001,0.1260000000000001,0.0,0.0,0.06300000000000006,0.06300000000000006
1164,1,0,1,0.18696985466510685,4.0,10.5,9.899999999999999,70.85135024727613,68.4190376101996,10,0.7140000000000006,0.7140000000000001,0.1260000000000001,0.0,0.0,0.06300000000000006,0.06300000000000006
1165,1,1,1,0.12196468702238482,4.0,10.5,9.899999999999999,70.84085024727614,68.40853761019959,10,0.7140000000000006,0.7140000000000001,0.1260000000000001,0.0,0.0,0.06300000000000006,0.06300000000000006
1166,1,0,1,0.1869636866030849,4.0,10.5,9.899999999999999,70.83035024727614,68.39803761019961,10,0.7140000000000006,0.7140000000000001,0.1260000000000001,0.0,0.0,0.06300000000000006,0.06300000000000006
1167,1,0,1,0.1869589661777425,4.0,10.5,9.899999999999999,70.81985024727614,68.38753761019962,10,0.7140000000000006,0.7140000000000001,0.1260000000000001,0.0,0.0,0.06300000000000006,0.06300000000000006
1168,1,0,1,0.1869621807354912,4.0,10.5,9.899999999999999,70.80935024727616,68.37703761019962,10,0.7140000000000006,0.7140000000000001,0.1260000000000001,0.0,0.0,0.06300000000000006,0.06300000000000006
1169,1,0,1,0.1869631828642783,4.0,10.5,9.899999999999999,70.79885024727616,68.36653761019964,10,0.7140000000000006,0.7140000000000001,0.1260000000000001,0.0,0.0,0.06300000000000006,0.06300000000000006
1170,1,0,1,0.18698118212135453,4.0,10.5,9.899999999999999,70.78835024727617,68.35603761019964,10,0.7140000000000006,0.7140000000000001,0.1260000000000001,0.0,0.0,0.06300000000000006,0.06300000000000006
1171,1,0,1,0.18697823628863428,4.0,10.5,9.899999999999999,70.77785024727619,68.34553761019964,10,0.7140000000000006,0.7140000000000001,0.1260000000000001,0.0,0.0,0.06300000000000006,0.06300000000000006
1172,1,0,1,0.186984838952286,4.0,10.5,9.899999999999999,70.76735024727618,68.33503761019965,10,0.7140000000000006,0.7140000000000001,0.1260000000000001,0.0,0.0,0.06300000000000006,0.06300000000000006
1173,1,0,0,-0.05303479734238887,3.946965202657611,10.5,9.899999999999999,70.75685024727619,68.32453761019964,10,0.7140000000000006,0.7140000000000001,0.1260000000000001,0.0,0.0,0.06300000000000006,0.06300000000000006
1174,1,0,1,0.186974048483892,4.0,10.5,9.899999999999999,70.7463502472762,68.31403761019966,10,0.7140000000000006,0.7140000000000001,0.1260000000000001,0.0,0.0,0.06300000000000006,0.06300000000000006
1175,1,0,1,0.18698895319575254,4.0,10.5,9.899999999999999,70.73585024727619,68.30353761019967,10,0.7140000000000006,0.7140000000000001,0.1260000000000001,0.0,0.0,0.06300000000000006,0.06300000000000006
1176,1,1,1,0.12198099701239483,4.0,10.5,9.899999999999999,70.72535024727621,68.29303761019968,10,0.7140000000000006,0.7140000000000001,0.1260000000000001,0.0,0.0,0.06300000000000006,0.06300000000000006
1177,1,0,0,-0.05301970222903489,3.946980297770965,10.5,9.899999999999999,70.71485024727622,68.2825376101997,10,0.7140000000000006,0.7140000000000001,0.1260000000000001,0.0,0.0,0.06300000000000006,0.06300000000000006
1178,1,0,0,-0.05301864099221634,3.8939616567787487,10.5,9.899999999999999,70.70435024727622,68.27203761019969,10,0.7140000000000006,0.7140000000000001,0.1260000000000001,0.0,0.0,0.06300000000000006,0.06300000000000006
1179,1,2,1,0.12196245570354991,4.0,10.5,9.899999999999999,70.69385024727625,68.2615376101997,10,0.7140000000000006,0.7140000000000001,0.1260000000000001,0.0,0.0,0.06300000000000006,0.06300000000000006
1180,1,0,1,0.18695989725292742,4.0,10.5,9.899999999999999,70.68335024727624,68.2510376101997,10,0.7140000000000006,0.7140000000000001,0.1260000000000001,0.0,0.0,0.06300000000000006,0.06300000000000006
1181,1,0,1,0.1869821418692932,4.0,10.5,9.899999999999999,70.67285024727624,68.2405376101997,10,0.7140000000000006,0.7140000000000001,0.1260000000000001,0.0,0.0,0.06300000000000006,0.06300000000000006
1182,1,0,1,0.18698081058172572,4.0,10.5,9.899999999999999,70.66235024727625,68.23003761019972,10,0.7140000000000006,0.7140000000000001,0.1260000000000001,0.0,0.0,0.06300000000000006,0.06300000000000006
1183,1,0,0,-0.053027125782625584,3.9469728742173746,10.5,9.899999999999999,70.65185024727624,68.21953761019972,10,0.7140000000000006,0.7140000000000001,0.1260000000000001,0.0,0.0,0.06300000000000006,0.06300000000000006
1184,1,0,1,0.18697381008453898,4.0,10.5,9.899999999999999,70.64135024727626,68.20903761019973,10,0.7140000000000006,0.7140000000000001,0.1260000000000001,0.0,0.0,0.06300000000000006,0.06300000000000006
1185,1,1,1,0.12196717908480961,4.0,10.5,9.899999999999999,70.63085024727627,68.19853761019975,10,0.7140000000000006,0.7140000000000001,0.1260000000000001,0.0,0.0,0.06300000000000006,0.06300000000000006
1186,1,0,1,0.18696680951971945,4.0,10.5,9.899999999999999,70.62035024727628,68.18803761019974,10,0.7140000000000006,0.7140000000000001,0.1260000000000001,0.0,0.0,0.06300000000000006,0.06300000000000006
1187,1,0,1,0.1869602936302981,4.0,10.5,9.899999999999999,70.6098502472763,68.17753761019975,10,0.7140000000000006,0.7140000000000001,0.1260000000000001,0.0,0.0,0.06300000000000006,0.06300000000000006
1188,1,0,1,0.18697411205226733,4.0,10.5,9.899999999999999,70.59935024727629,68.16703761019976,10,0.7140000000000006,0.7140000000000001,0.1260000000000001,0.0,0.0,0.06300000000000006,0.06300000000000006
1189,1,0,1,0.18697530731464182,4.0,10.5,9.899999999999999,70.5888502472763,68.15653761019975,10,0.7140000000000006,0.7140000000000001,0.1260000000000001,0.0,0.0,0.06300000000000006,0.06300000000000006
1190,1,1,1,0.12196468790829891,4.0,10.5,9.899999999999999,70.5783502472763,68.14603761019977,10,0.7140000000000006,0.7140000000000001,0.1260000000000001,0.0,0.0,0.06300000000000006,0.06300000000000006
1191,1,0,1,0.18697598516239194,4.0,10.5,9.899999999999999,70.5678502472763,68.13553761019978,10,0.7140000000000006,0.7140000000000001,0.1260000000000001,0.0,0.0,0.06300000000000006,0.06300000000000006
1192,1,1,1,0.12198405213038992,4.0,10.5,9.899999999999999,70.55735024727632,68.12503761019978,10,0.7140000000000006,0.7140000000000001,0.1260000000000001,0.0,0.0,0.06300000000000006,0.06300000000000006
1193,1,2,1,0.12195988599935212,4.0,10.5,9.899999999999999,70.54685024727632,68.1145376101998,10,0.7140000000000006,0.7140000000000001,0.1260000000000001,0.0,0.0,0.06300000000000006,0.06300000000000006
1194,1,0,1,0.18697297557671688,4.0,10.5,9.899999999999999,70.53635024727633,68.1040376101998,10,0.7140000000000006,0.7140000000000001,0.1260000000000001,0.0,0.0,0.06300000000000006,0.06300000000000006
1195,1,0,1,0.18698656991236867,4.0,10.5,9.899999999999999,70.52585024727635,68.0935376101998,10,0.7140000000000006,0.7140000000000001,0.1260000000000001,0.0,0.0,0.06300000000000006,0.06300000000000006
1196,1,0,1,0.18697597821037665,4.0,10.5,9.899999999999999,70.51535024727634,68.08303761019981,10,0.7140000000000006,0.7140000000000001,0.1260000000000001,0.0,0.0,0.06300000000000006,0.06300000000000006
1197,1,1,1,0.12196126279228768,4.0,10.5,9.899999999999999,70.50485024727635,68.0725376101998,10,0.7140000000000006,0.7140000000000001,0.1260000000000001,0.0,0.0,0.06300000000000006,0.06300000000000006
1198,1,2,1,0.1219742688842019,4.0,10.5,9.899999999999999,70.49435024727636,68.06203761019982,10,0.7140000000000006,0.7140000000000001,0.1260000000000001,0.0,0.0,0.06300000000000006,0.06300000000000006
1199,1,0,1,0.1869831211396525,4.0,10.5,9.899999999999999,70.48385024727635,68.05153761019983,10,0.7140000000000006,0.7140000000000001,0.1260000000000001,0.0,0.0,0.06300000000000006,0.06300000000000006
1200,1,2,1,0.12197974571934538,4.0,10.5,9.899999999999999,70.47335024727637,68.04103761019984,10,0.7140000000000006,0.7140000000000001,0.1260000000000001,0.0,0.0,0.06300000000000006,0.06300000000000006
1201,1,0,1,0.18697451188988787,4.0,10.5,9.899999999999999,70.46285024727638,68.03053761019986,10,0.7140000000000006,0.7140000000000001,0.1260000000000001,0.0,0.0,0.06300000000000006,0.06300000000000006
1202,1,0,1,0.18696229579099108,4.0,10.5,9.899999999999999,70.45235024727639,68.02003761019985,10,0.7140000000000006,0.7140000000000001,0.1260000000000001,0.0,0.0,0.06300000000000006,0.06300000000000006
1203,1,0,1,0.186968516947103,4.0,10.5,9.899999999999999,70.4418502472764,68.00953761019986,10,0.7140000000000006,0.7140000000000001,0.1260000000000001,0.0,0.0,0.06300000000000006,0.06300000000000006
1204,1,0,1,0.18696682727635025,4.0,10.5,9.899999999999999,70.4313502472764,67.99903761019986,10,0.7140000000000006,0.7140000000000001,0.1260000000000001,0.0,0.0,0.06300000000000006,0.06300000000000006
1205,1,0,0,-0.05304207052826699,3.946957929471733,10.5,9.899999999999999,70.4208502472764,67.98853761019986,10,0.7140000000000006,0.7140000000000001,0.1260000000000001,0.0,0.0,0.06300000000000006,0.06300000000000006
1206,1,0,1,0.18695749159624847,4.0,10.5,9.899999999999999,70.41035024727641,67.97803761019988,10,0.7140000000000006,0.7140000000000001,0.1260000000000001,0.0,0.0,0.06300000000000006,0.06300000000000006
1207,1,0,1,0.18696892709565904,4.0,10.5,9.899999999999999,70.3998502472764,67.96753761019988,10,0.7140000000000006,0.7140000000000001,0.1260000000000001,0.0,0.0,0.06300000000000006,0.06300000000000006
1208,1,0,1,0.1869719424267747,4.0,10.5,9.899999999999999,70.38935024727643,67.95703761019989,10,0.7140000000000006,0.7140000000000001,0.1260000000000001,0.0,0.0,0.06300000000000006,0.06300000000000006
1209,1,0,1,0.1869631209321249,4.0,10.5,9.899999999999999,70.37885024727643,67.94653761019991,10,0.7140000000000006,0.7140000000000001,0.1260000000000001,0.0,0.0,0.06300000000000006,0.06300000000000006
1210,1,0,1,0.18697246062021686,4.0,10.5,9.899999999999999,70.36835024727644,67.9360376101999,10,0.7140000000000006,0.7140000000000001,0.1260000000000001,0.0,0.0,0.06300000000000006,0.06300000000000006
1211,1,0,1,0.18695665373888787,4.0,10.5,9.899999999999999,70.35785024727646,67.92553761019991,10,0.7140000000000006,0.7140000000000001,0.1260000000000001,0.0,0.0,0.06300000000000006,0.06300000000000006
1212,1,0,0,-0.053036494777381954,3.946963505222618,10.5,9.899999999999999,70.34735024727645,67.91503761019992,10,0.7140000000000006,0.7140000000000001,0.1260000000000001,0.0,0.0,0.06300000000000006,0.06300000000000006
1213,1,0,1,0.186964089467212,4.0,10.5,9.899999999999999,70.33685024727646,67.90453761019991,10,0.7140000000000006,0.7140000000000001,0.1260000000000001,0.0,0.0,0.06300000000000006,0.06300000000000006
1214,1,0,1,0.18696883096500172,4.0,10.5,9.899999999999999,70.32635024727647,67.89403761019993,10,0.7140000000000006,0.7140000000000001,0.1260000000000001,0.0,0.0,0.06300000000000006,0.06300000000000006
1215,1,0,1,0.18696771325060568,4.0,10.5,9.899999999999999,70.31585024727646,67.88353761019994,10,0.7140000000000006,0.7140000000000001,0.1260000000000001,0.0,0.0,0.06300000000000006,0.06300000000000006
1216,1,0,1,0.1869667640418122,4.0,10.5,9.899999999999999,70.30535024727648,67.87303761019994,10,0.7140000000000006,0.7140000000000001,0.1260000000000001,0.0,0.0,0.06300000000000006,0.06300000000000006
1217,1,0,0,-0.053030261257138625,3.9469697387428613,10.5,9.899999999999999,70.29485024727649,67.86253761019996,10,0.7140000000000006,0.7140000000000001,0.1260000000000001,0.0,0.0,0.06300000000000006,0.06300000000000006
1218,1,0,1,0.1869614399990929,4.0,10.5,9.899999999999999,70.28435024727649,67.85203761019996,10,0.7140000000000006,0.7140000000000001,0.1260000000000001,0.0,0.0,0.06300000000000006,0.06300000000000006
1219,1,0,1,0.18696265906386297,4.0,10.5,9.899999999999999,70.27385024727651,67.84153761019996,10,0.7140000000000006,0.7140000000000001,0.1260000000000001,0.0,0.0,0.06300000000000006,0.06300000000000006
1220,1,0,1,0.1869927842541968,4.0,10.5,9.899999999999999,70.2633502472765,67.83103761019997,10,0.7140000000000006,0.7140000000000001,0.1260000000000001,0.0,0.0,0.06300000000000006,0.06300000000000006
1221,1,0,1,0.18696387474860662,4.0,10.5,9.899999999999999,70.25285024727651,67.82053761019996,10,0.7140000000000006,0.7140000000000001,0.1260000000000001,0.0,0.0,0.06300000000000006,0.06300000000000006
1222,1,0,1,0.1869805710500171,4.0,10.5,9.899999999999999,70.24235024727652,67.81003761019998,10,0.7140000000000006,0.7140000000000001,0.1260000000000001,0.0,0.0,0.06300000000000006,0.06300000000000006
1223,1,0,1,0.18696775323531367,4.0,10.5,9.899999999999999,70.23185024727651,67.79953761019999,10,0.7140000000000006,0.7140000000000001,0.1260000000000001,0.0,0.0,0.06300000000000006,0.06300000000000006
1224,1,0,1,0.18697413556794967,4.0,10.5,9.899999999999999,70.22135024727653,67.7890376102,10,0.7140000000000006,0.7140000000000001,0.1260000000000001,0.0,0.0,0.06300000000000006,0.06300000000000006
1225,1,0,1,0.18696413005920853,4.0,10.5,9.899999999999999,70.21085024727654,67.77853761020002,10,0.7140000000000006,0.7140000000000001,0.1260000000000001,0.0,0.0,0.06300000000000006,0.06300000000000006
1226,1,0,1,0.18697037928022542,4.0,10.5,9.899999999999999,70.20035024727655,67.76803761020001,10,0.7140000000000006,0.7140000000000001,0.1260000000000001,0.0,0.0,0.06300000000000006,0.06300000000000006
1227,1,0,1,0.18697704693065634,4.0,10.5,9.899999999999999,70.18985024727657,67.75753761020002,10,0.7140000000000006,0.7140000000000001,0.1260000000000001,0.0,0.0,0.06300000000000006,0.06300000000000006
1228,1,1,1,0.12196175178831212,4.0,10.5,9.899999999999999,70.17935024727656,67.74703761020002,10,0.7140000000000006,0.7140000000000001,0.1260000000000001,0.0,0.0,0.06300000000000006,0.06300000000000006
1229,1,0,1,0.1869611084852536,4.0,10.5,9.899999999999999,70.16885024727657,67.73653761020002,10,0.7140000000000006,0.7140000000000001,0.1260000000000001,0.0,0.0,0.06300000000000006,0.06300000000000006
1230,1,2,0,-0.1180143348667233,3.8819856651332767,10.5,9.899999999999999,70.15835024727657,67.72603761020004,10,0.7140000000000006,0.7140000000000001,0.1260000000000001,0.0,0.0,0.06300000000000006,0.06300000000000006
1231,1,2,1,0.12197152582635432,4.0,10.5,9.899999999999999,70.14785024727657,67.71553761020004,10,0.7140000000000006,0.7140000000000001,0.1260000000000001,0.0,0.0,0.06300000000000006,0.06300000000000006
1232,1,0,0,-0.05302860139452086,3.9469713986054793,10.5,9.899999999999999,70.13735024727659,67.70503761020005,10,0.7140000000000006,0.7140000000000001,0.1260000000000001,0.0,0.0,0.06300000000000006,0.06300000000000006
1233,1,0,1,0.186964909424493,4.0,10.5,9.899999999999999,70.1268502472766,67.69453761020007,10,0.7140000000000006,0.7140000000000001,0.1260000000000001,0.0,0.0,0.06300000000000006,0.06300000000000006
1234,1,0,0,-0.05301684794070079,3.9469831520592993,10.5,9.899999999999999,70.1163502472766,67.68403761020006,10,0.7140000000000006,0.7140000000000001,0.1260000000000001,0.0,0.0,0.06300000000000006,0.06300000000000006
1235,1,0,1,0.1869580042265906,4.0,10.5,9.899999999999999,70.10585024727662,67.67353761020007,10,0.7140000000000006,0.7140000000000001,0.1260000000000001,0.0,0.0,0.06300000000000006,0.06300000000000006
1236,1,0,1,0.1869751381568329,4.0,10.5,9.899999999999999,70.09535024727661,67.66303761020008,10,0.7140000000000006,0.7140000000000001,0.1260000000000001,0.0,0.0,0.06300000000000006,0.06300000000000006
1237,1,0,1,0.18696407548816305,4.0,10.5,9.899999999999999,70.08485024727662,67.65253761020007,10,0.7140000000000006,0.7140000000000001,0.1260000000000001,0.0,0.0,0.06300000000000006,0.06300000000000006
1238,1,0,1,0.18696657105505812,4.0,10.5,9.899999999999999,70.07435024727663,67.64203761020009,10,0.7140000000000006,0.7140000000000001,0.1260000000000001,0.0,0.0,0.06300000000000006,0.06300000000000006
1239,1,0,1,0.18696822762511578,4.0,10.5,9.899999999999999,70.06385024727662,67.6315376102001,10,0.7140000000000006,0.7140000000000001,0.1260000000000001,0.0,0.0,0.06300000000000006,0.06300000000000006
1240,1,1,1,0.12196812899681446,4.0,10.5,9.899999999999999,70.05335024727664,67.6210376102001,10,0.7140000000000006,0.7140000000000001,0.1260000000000001,0.0,0.0,0.06300000000000006,0.06300000000000006
1241,1,0,1,0.18695224166298374,4.0,10.5,9.899999999999999,70.04285024727665,67.61053761020013,10,0.7140000000000006,0.7140000000000001,0.1260000000000001,0.0,0.0,0.06300000000000006,0.06300000000000006
1242,1,0,1,0.18697828823288015,4.0,10.5,9.899999999999999,70.03235024727665,67.60003761020012,10,0.7140000000000006,0.7140000000000001,0.1260000000000001,0.0,0.0,0.06300000000000006,0.06300000000000006
1243,1,0,1,0.18695496518902668,4.0,10.5,9.899999999999999,70.02185024727667,67.58953761020013,10,0.7140000000000006,0.7140000000000001,0.1260000000000001,0.0,0.0,0.06300000000000006,0.06300000000000006
1244,1,0,1,0.18698022504757522,4.0,10.5,9.899999999999999,70.01135024727667,67.57903761020013,10,0.7140000000000006,0.7140000000000001,0.1260000000000001,0.0,0.0,0.06300000000000006,0.06300000000000006
1245,1,0,0,-0.05304512233897465,3.9469548776610255,10.5,9.899999999999999,70.00085024727667,67.56853761020012,10,0.7140000000000006,0.7140000000000001,0.1260000000000001,0.0,0.0,0.06300000000000006,0.06300000000000006
1246,1,0,1,0.1869774882053605,4.0,10.5,9.899999999999999,69.99035024727668,67.55803761020015,10,0.7140000000000006,0.7140000000000001,0.1260000000000001,0.0,0.0,0.06300000000000006,0.06300000000000006
1247,1,0,1,0.1869584771735163,4.0,10.5,9.899999999999999,69.97985024727667,67.54753761020015,10,0.7140000000000006,0.7140000000000001,0.1260000000000001,0.0,0.0,0.06300000000000006,0.06300000000000006
1248,1,1,1,0.12197803913018355,4.0,10.5,9.899999999999999,69.9693502472767,67.53703761020016,10,0.7140000000000006,0.7140000000000001,0.1260000000000001,0.0,0.0,0.06300000000000006,0.06300000000000006
1249,1,0,1,0.18698437463319983,4.0,10.5,9.899999999999999,69.9588502472767,67.52653761020018,10,0.7140000000000006,0.7140000000000001,0.1260000000000001,0.0,0.0,0.06300000000000006,0.06300000000000006
1250,1,0,1,0.18696559755860545,4.0,10.5,9.899999999999999,69.94835024727671,67.51603761020017,10,0.7140000000000006,0.7140000000000001,0.1260000000000001,0.0,0.0,0.06300000000000006,0.06300000000000006
1251,1,0,1,0.18696977344622268,4.0,10.5,9.899999999999999,69.93785024727673,67.50553761020018,10,0.7140000000000006,0.7140000000000001,0.1260000000000001,0.0,0.0,0.06300000000000006,0.06300000000000006
1252,1,0,1,0.18695013780986117,4.0,10.5,9.899999999999999,69.92735024727672,67.49503761020019,10,0.7140000000000006,0.7140000000000001,0.1260000000000001,0.0,0.0,0.06300000000000006,0.06300000000000006
1253,1,0,1,0.18695921606192034,4.0,10.5,9.899999999999999,69.91685024727673,67.48453761020018,10,0.7140000000000006,0.7140000000000001,0.1260000000000001,0.0,0.0,0.06300000000000006,0.06300000000000006
1254,1,0,1,0.18695621758939254,4.0,10.5,9.899999999999999,69.90635024727673,67.4740376102002,10,0.7140000000000006,0.7140000000000001,0.1260000000000001,0.0,0.0,0.06300000000000006,0.06300000000000006
1255,1,0,1,0.18697358610881573,4.0,10.5,9.899999999999999,69.89585024727673,67.4635376102002,10,0.7140000000000006,0.7140000000000001,0.1260000000000001,0.0,0.0,0.06300000000000006,0.06300000000000006
1256,1,2,1,0.12197648607422164,4.0,10.5,9.899999999999999,69.88535024727675,67.45303761020021,10,0.7140000000000006,0.7140000000000001,0.1260000000000001,0.0,0.0,0.06300000000000006,0.06300000000000006
1257,1,0,1,0.18698507371367903,4.0,10.5,9.899999999999999,69.87485024727675,67.44253761020023,10,0.7140000000000006,0.7140000000000001,0.1260000000000001,0.0,0.0,0.06300000000000006,0.06300000000000006
1258,1,0,0,-0.05304637594532052,3.9469536240546796,10.5,9.899999999999999,69.86435024727676,67.43203761020023,10,0.7140000000000006,0.7140000000000001,0.1260000000000001,0.0,0.0,0.06300000000000006,0.06300000000000006
1259,1,0,0,-0.053020736240793974,3.8939328878138855,10.5,9.899999999999999,69.85385024727678,67.42153761020023,10,0.7140000000000006,0.7140000000000001,0.1260000000000001,0.0,0.0,0.06300000000000006,0.06300000000000006
1260,1,0,1,0.18699596968173826,4.0,10.5,9.899999999999999,69.84335024727677,67.41103761020024,10,0.7140000000000006,0.7140000000000001,0.1260000000000001,0.0,0.0,0.06300000000000006,0.06300000000000006
1261,1,2,1,0.12194576181295039,4.0,10.5,9.899999999999999,69.83285024727678,67.40053761020023,10,0.7140000000000006,0.7140000000000001,0.1260000000000001,0.0,0.0,0.06300000000000006,0.06300000000000006
1262,1,0,1,0.18697698135915408,4.0,10.5,9.899999999999999,69.82235024727679,67.39003761020025,10,0.7140000000000006,0.7140000000000001,0.1260000000000001,0.0,0.0,0.06300000000000006,0.06300000000000006
1263,1,0,1,0.1869664390571087,4.0,10.5,9.899999999999999,69.81185024727678,67.37953761020026,10,0.7140000000000006,0.7140000000000001,0.1260000000000001,0.0,0.0,0.06300000000000006,0.06300000000000006
1264,1,0,0,-0.05303892863591025,3.9469610713640897,10.5,9.899999999999999,69.8013502472768,67.36903761020027,10,0.7140000000000006,0.7140000000000001,0.1260000000000001,0.0,0.0,0.06300000000000006,0.06300000000000006
1265,1,0,1,0.1869817019788223,4.0,10.5,9.899999999999999,69.79085024727681,67.35853761020029,10,0.7140000000000006,0.7140000000000001,0.1260000000000001,0.0,0.0,0.06300000000000006,0.06300000000000006
1266,1,0,1,0.18697711153650243,4.0,10.5,9.899999999999999,69.78035024727681,67.34803761020028,10,0.7140000000000006,0.7140000000000001,0.1260000000000001,0.0,0.0,0.06300000000000006,0.06300000000000006
1267,1,0,1,0.18697524768323961,4.0,10.5,9.899999999999999,69.76985024727684,67.33753761020029,10,0.7140000000000006,0.7140000000000001,0.1260000000000001,0.0,0.0,0.06300000000000006,0.06300000000000006
1268,1,0,1,0.18697860120823284,4.0,10.5,9.899999999999999,69.75935024727683,67.32703761020029,10,0.7140000000000006,0.7140000000000001,0.1260000000000001,0.0,0.0,0.06300000000000006,0.06300000000000006
1269,1,1,1,0.12196353146358639,4.0,10.5,9.899999999999999,69.74885024727683,67.31653761020029,10,0.7140000000000006,0.7140000000000001,0.1260000000000001,0.0,0.0,0.06300000000000006,0.06300000000000006
1270,1,1,1,0.12197737533828339,4.0,10.5,9.899999999999999,69.73835024727684,67.3060376102003,10,0.7140000000000006,0.7140000000000001,0.1260000000000001,0.0,0.0,0.06300000000000006,0.06300000000000006
1271,1,1,1,0.12196019240797855,4.0,10.5,9.899999999999999,69.72785024727683,67.29553761020031,10,0.7140000000000006,0.7140000000000001,0.1260000000000001,0.0,0.0,0.06300000000000006,0.06300000000000006
1272,1,1,1,0.12196641993042494,4.0,10.5,9.899999999999999,69.71735024727685,67.28503761020032,10,0.7140000000000006,0.7140000000000001,0.1260000000000001,0.0,0.0,0.06300000000000006,0.06300000000000006
1273,1,1,1,0.12198380134747465,4.0,10.5,9.899999999999999,69.70685024727686,67.27453761020034,10,0.7140000000000006,0.7140000000000001,0.1260000000000001,0.0,0.0,0.06300000000000006,0.06300000000000006
1274,1,1,1,0.12195901977126931,4.0,10.5,9.899999999999999,69.69635024727687,67.26403761020033,10,0.7140000000000006,0.7140000000000001,0.1260000000000001,0.0,0.0,0.06300000000000006,0.06300000000000006
1275,1,1,1,0.12195302257358628,4.0,10.5,9.899999999999999,69.68585024727689,67.25353761020034,10,0.7140000000000006,0.7140000000000001,0.1260000000000001,0.0,0.0,0.06300000000000006,0.06300000000000006
1276,1,1,1,0.12196619730501175,4.0,10.5,9.899999999999999,69.67535024727688,67.24303761020035,10,0.7140000000000006,0.7140000000000001,0.1260000000000001,0.0,0.0,0.06300000000000006,0.06300000000000006
1277,1,1,1,0.12198015638800398,4.0,10.5,9.899999999999999,69.66485024727689,67.23253761020034,10,0.7140000000000006,0.7140000000000001,0.1260000000000001,0.0,0.0,0.06300000000000006,0.06300000000000006
1278,1,1,1,0.12196367018271302,4.0,10.5,9.899999999999999,69.6543502472769,67.22203761020036,10,0.7140000000000006,0.7140000000000001,0.1260000000000001,0.0,0.0,0.06300000000000006,0.06300000000000006
1279,1,0,1,0.18695353283259766,4.0,10.5,9.899999999999999,69.64385024727689,67.21153761020037,10,0.7140000000000006,0.7140000000000001,0.1260000000000001,0.0,0.0,0.06300000000000006,0.06300000000000006
1280,1,1,1,0.12196679644352008,4.0,10.5,9.899999999999999,69.63335024727691,67.20103761020037,11,0.7140000000000006,0.7140000000000001,0.1260000000000001,0.0,0.0,0.06300000000000006,0.06300000000000006
1281,1,1,1,0.12194386051755085,4.0,10.5,9.899999999999999,69.62285024727692,67.1905376102004,11,0.7140000000000006,0.7140000000000001,0.1260000000000001,0.0,0.0,0.06300000000000006,0.06300000000000006
1282,1,1,1,0.12194138946731978,4.0,10.5,9.899999999999999,69.61235024727692,67.18003761020039,11,0.7140000000000006,0.7140000000000001,0.1260000000000001,0.0,0.0,0.06300000000000006,0.06300000000000006
1283,1,1,0,-0.11800547043542459,3.8819945295645755,10.5,9.899999999999999,69.60185024727694,67.1695376102004,11,0.7140000000000006,0.7140000000000001,0.1260000000000001,0.0,0.0,0.06300000000000006,0.06300000000000006
1284,1,0,1,0.18696824775269832,4.0,10.5,9.899999999999999,69.59135024727694,67.1590376102004,11,0.7140000000000006,0.7140000000000001,0.1260000000000001,0.0,0.0,0.06300000000000006,0.06300000000000006
1285,1,0,1,0.1869876176209784,4.0,10.5,9.899999999999999,69.58085024727694,67.14853761020039,11,0.7140000000000006,0.7140000000000001,0.1260000000000001,0.0,0.0,0.06300000000000006,0.06300000000000006
1286,1,0,1,0.18697048391692409,4.0,10.5,9.899999999999999,69.57035024727695,67.13803761020041,11,0.7140000000000006,0.7140000000000001,0.1260000000000001,0.0,0.0,0.06300000000000006,0.06300000000000006
1287,1,0,1,0.1869731941468324,4.0,10.5,9.899999999999999,69.55985024727694,67.12753761020042,11,0.7140000000000006,0.7140000000000001,0.1260000000000001,0.0,0.0,0.06300000000000006,0.06300000000000006
1288,1,0,1,0.18695822754489927,4.0,10.5,9.899999999999999,69.54935024727696,67.11703761020043,11,0.7140000000000006,0.7140000000000001,0.1260000000000001,0.0,0.0,0.06300000000000006,0.06300000000000006
1289,1,0,1,0.1869636563513834,4.0,10.5,9.899999999999999,69.53885024727697,67.10653761020045,11,0.7140000000000006,0.7140000000000001,0.1260000000000001,0.0,0.0,0.06300000000000006,0.06300000000000006
1290,1,0,1,0.18698361027155513,4.0,10.5,9.899999999999999,69.52835024727698,67.09603761020044,11,0.7140000000000006,0.7140000000000001,0.1260000000000001,0.0,0.0,0.06300000000000006,0.06300000000000006
1291,1,0,1,0.18696766987612098,4.0,10.5,9.899999999999999,69.517850247277,67.08553761020045,11,0.7140000000000006,0.7140000000000001,0.1260000000000001,0.0,0.0,0.06300000000000006,0.06300000000000006
1292,1,0,1,0.18696480820976766,4.0,10.5,9.899999999999999,69.50735024727699,67.07503761020045,11,0.7140000000000006,0.7140000000000001,0.1260000000000001,0.0,0.0,0.06300000000000006,0.06300000000000006
1293,1,0,1,0.18696593747097542,4.0,10.5,9.899999999999999,69.496850247277,67.06453761020045,11,0.7140000000000006,0.7140000000000001,0.1260000000000001,0.0,0.0,0.06300000000000006,0.06300000000000006
1294,1,0,1,0.18696611062202406,4.0,10.5,9.899999999999999,69.486350247277,67.05403761020047,11,0.7140000000000006,0.7140000000000001,0.1260000000000001,0.0,0.0,0.06300000000000006,0.06300000000000006
1295,1,0,1,0.1869826975952699,4.0,10.5,9.899999999999999,69.475850247277,67.04353761020047,11,0.7140000000000006,0.7140000000000001,0.1260000000000001,0.0,0.0,0.06300000000000006,0.06300000000000006
1296,1,0,1,0.18696201095587198,4.0,10.5,9.899999999999999,69.46535024727702,67.03303761020048,11,0.7140000000000006,0.7140000000000001,0.1260000000000001,0.0,0.0,0.06300000000000006,0.06300000000000006
1297,1,0,1,0.1869669074025852,4.0,10.5,9.899999999999999,69.45485024727702,67.0225376102005,11,0.7140000000000006,0.7140000000000001,0.1260000000000001,0.0,0.0,0.06300000000000006,0.06300000000000006
1298,1,0,1,0.18697013115861588,4.0,10.5,9.899999999999999,69.44435024727703,67.0120376102005,11,0.7140000000000006,0.7140000000000001,0.1260000000000001,0.0,0.0,0.06300000000000006,0.06300000000000006
1299,1,0,0,-0.05303961572098357,3.9469603842790164,10.5,9.899999999999999,69.43385024727705,67.0015376102005,11,0.7140000000000006,0.7140000000000001,0.1260000000000001,0.0,0.0,0.06300000000000006,0.06300000000000006
1300,1,0,0,-0.053039216128606556,3.89392116815041,10.5,9.899999999999999,69.42335024727704,66.99103761020051,11,0.7140000000000006,0.7140000000000001,0.1260000000000001,0.0,0.0,0.06300000000000006,0.06300000000000006
1301,1,0,1,0.1869532133599554,4.0,10.5,9.899999999999999,69.41285024727705,66.9805376102005,11,0.7140000000000006,0.7140000000000001,0.1260000000000001,0.0,0.0,0.06300000000000006,0.06300000000000006
1302,1,0,1,0.1869634874331026,4.0,10.5,9.899999999999999,69.40235024727706,66.97003761020052,11,0.7140000000000006,0.7140000000000001,0.1260000000000001,0.0,0.0,0.06300000000000006,0.06300000000000006
1303,1,0,1,0.1869609096367176,4.0,10.5,9.899999999999999,69.39185024727705,66.95953761020053,11,0.7140000000000006,0.7140000000000001,0.1260000000000001,0.0,0.0,0.06300000000000006,0.06300000000000006
1304,1,0,1,0.18698487306667494,4.0,10.5,9.899999999999999,69.38135024727707,66.94903761020053,11,0.7140000000000006,0.7140000000000001,0.1260000000000001,0.0,0.0,0.06300000000000006,0.06300000000000006
1305,1,1,1,0.12197807584956276,4.0,10.5,9.899999999999999,69.37085024727708,66.93853761020056,11,0.7140000000000006,0.7140000000000001,0.1260000000000001,0.0,0.0,0.06300000000000006,0.06300000000000006
1306,1,1,1,0.1219613334016088,4.0,10.5,9.899999999999999,69.36035024727708,66.92803761020055,11,0.7140000000000006,0.7140000000000001,0.1260000000000001,0.0,0.0,0.06300000000000006,0.06300000000000006
1307,1,0,1,0.18696851099852033,4.0,10.5,9.899999999999999,69.3498502472771,66.91753761020055,11,0.7140000000000006,0.7140000000000001,0.1260000000000001,0.0,0.0,0.06300000000000006,0.06300000000000006
1308,1,0,1,0.18696777714286214,4.0,10.5,9.899999999999999,69.3393502472771,66.90703761020056,11,0.7140000000000006,0.7140000000000001,0.1260000000000001,0.0,0.0,0.06300000000000006,0.06300000000000006
1309,1,0,1,0.18696956978752885,4.0,10.5,9.899999999999999,69.3288502472771,66.89653761020055,11,0.7140000000000006,0.7140000000000001,0.1260000000000001,0.0,0.0,0.06300000000000006,0.06300000000000006
1310,1,0,0,-0.053049919185716596,3.9469500808142834,10.5,9.899999999999999,69.31835024727711,66.88603761020057,11,0.7140000000000006,0.7140000000000001,0.1260000000000001,0.0,0.0,0.06300000000000006,0.06300000000000006
1311,1,0,1,0.1869804877137896,4.0,10.5,9.899999999999999,69.3078502472771,66.87553761020058,11,0.7140000000000006,0.7140000000000001,0.1260000000000001,0.0,0.0,0.06300000000000006,0.06300000000000006
1312,1,0,1,0.1869633973328158,4.0,10.5,9.899999999999999,69.29735024727712,66.86503761020059,11,0.7140000000000006,0.7140000000000001,0.1260000000000001,0.0,0.0,0.06300000000000006,0.06300000000000006
1313,1,0,1,0.18697504110699403,4.0,10.5,9.899999999999999,69.28685024727713,66.85453761020061,11,0.7140000000000006,0.7140000000000001,0.1260000000000001,0.0,0.0,0.06300000000000006,0.06300000000000006
1314,1,0,0,-0.05303353058186914,3.946966469418131,10.5,9.899999999999999,69.27635024727714,66.8440376102006,11,0.7140000000000006,0.7140000000000001,0.1260000000000001,0.0,0.0,0.06300000000000006,0.06300000000000006
1315,1,1,1,0.1219901382748897,4.0,10.5,9.899999999999999,69.26585024727716,66.83353761020061,11,0.7140000000000006,0.7140000000000001,0.1260000000000001,0.0,0.0,0.06300000000000006,0.06300000000000006
1316,1,1,1,0.1219540440287692,4.0,10.5,9.899999999999999,69.25535024727715,66.82303761020061,11,0.7140000000000006,0.7140000000000001,0.1260000000000001,0.0,0.0,0.06300000000000006,0.06300000000000006
1317,1,0,1,0.1869562509358836,4.0,10.5,9.899999999999999,69.24485024727716,66.81253761020061,11,0.7140000000000006,0.7140000000000001,0.1260000000000001,0.0,0.0,0.06300000000000006,0.06300000000000006
1318,1,0,1,0.18695451471821112,4.0,10.5,9.899999999999999,69.23435024727716,66.80203761020063,11,0.7140000000000006,0.7140000000000001,0.1260000000000001,0.0,0.0,0.06300000000000006,0.06300000000000006
1319,1,0,1,0.1869760058863432,4.0,10.5,9.899999999999999,69.22385024727716,66.79153761020063,11,0.7140000000000006,0.7140000000000001,0.1260000000000001,0.0,0.0,0.06300000000000006,0.06300000000000006
1320,1,0,1,0.18696763956674908,4.0,10.5,9.899999999999999,69.21335024727718,66.78103761020064,11,0.7140000000000006,0.7140000000000001,0.1260000000000001,0.0,0.0,0.06300000000000006,0.06300000000000006
1321,1,1,0,-0.11804990025728057,3.8819500997427197,10.5,9.899999999999999,69.20285024727718,66.77053761020066,11,0.7140000000000006,0.7140000000000001,0.1260000000000001,0.0,0.0,0.06300000000000006,0.06300000000000006
1322,1,0,1,0.1869755400357746,4.0,10.5,9.899999999999999,69.19235024727719,66.76003761020065,11,0.7140000000000006,0.7140000000000001,0.1260000000000001,0.0,0.0,0.06300000000000006,0.06300000000000006
1323,1,0,1,0.18697577764495482,4.0,10.5,9.899999999999999,69.18185024727721,66.74953761020066,11,0.7140000000000006,0.7140000000000001,0.1260000000000001,0.0,0.0,0.06300000000000006,0.06300000000000006
1324,1,0,1,0.1869778313259117,4.0,10.5,9.899999999999999,69.1713502472772,66.73903761020067,11,0.7140000000000006,0.7140000000000001,0.1260000000000001,0.0,0.0,0.06300000000000006,0.06300000000000006
1325,1,0,1,0.1869539629050804,4.0,10.5,9.899999999999999,69.16085024727721,66.72853761020066,11,0.7140000000000006,0.7140000000000001,0.1260000000000001,0.0,0.0,0.06300000000000006,0.06300000000000006
1326,1,0,1,0.1869617416565803,4.0,10.5,9.899999999999999,69.15035024727722,66.71803761020068,11,0.7140000000000006,0.7140000000000001,0.1260000000000001,0.0,0.0,0.06300000000000006,0.06300000000000006
1327,1,2,1,0.12195726837812211,4.0,10.5,9.899999999999999,69.13985024727721,66.70753761020069,11,0.7140000000000006,0.7140000000000001,0.1260000000000001,0.0,0.0,0.06300000000000006,0.06300000000000006
1328,1,0,1,0.18697566146565175,4.0,10.5,9.899999999999999,69.12935024727723,66.6970376102007,11,0.7140000000000006,0.7140000000000001,0.1260000000000001,0.0,0.0,0.06300000000000006,0.06300000000000006
1329,1,0,1,0.18698729442892312,4.0,10.5,9.899999999999999,69.11885024727724,66.68653761020072,11,0.7140000000000006,0.7140000000000001,0.1260000000000001,0.0,0.0,0.06300000000000006,0.06300000000000006
1330,1,1,1,0.12195756820905812,4.0,10.5,9.899999999999999,69.10835024727724,66.67603761020071,11,0.7140000000000006,0.7140000000000001,0.1260000000000001,0.0,0.0,0.06300000000000006,0.06300000000000006
1331,1,1,1,0.12195961716035156,4.0,10.5,9.899999999999999,69.09785024727726,66.66553761020072,11,0.7140000000000006,0.7140000000000001,0.1260000000000001,0.0,0.0,0.06300000000000006,0.06300000000000006
1332,1,0,1,0.18696348254770706,4.0,10.5,9.899999999999999,69.08735024727726,66.65503761020072,11,0.7140000000000006,0.7140000000000001,0.1260000000000001,0.0,0.0,0.06300000000000006,0.06300000000000006
1333,1,1,1,0.12197104880643264,4.0,10.5,9.899999999999999,69.07685024727726,66.64453761020071,11,0.7140000000000006,0.7140000000000001,0.1260000000000001,0.0,0.0,0.06300000000000006,0.06300000000000006
1334,1,0,1,0.1869892386742237,4.0,10.5,9.899999999999999,69.06635024727727,66.63403761020074,11,0.7140000000000006,0.7140000000000001,0.1260000000000001,0.0,0.0,0.06300000000000006,0.06300000000000006
1335,1,2,1,0.12197657055935066,4.0,10.5,9.899999999999999,69.05585024727726,66.62353761020074,11,0.7140000000000006,0.7140000000000001,0.1260000000000001,0.0,0.0,0.06300000000000006,0.06300000000000006
1336,1,0,1,0.18695740821678636,4.0,10.5,9.899999999999999,69.04535024727728,66.61303761020075,11,0.7140000000000006,0.7140000000000001,0.1260000000000001,0.0,0.0,0.06300000000000006,0.06300000000000006
1337,1,0,0,-0.053010215003866094,3.9469897849961337,10.5,9.899999999999999,69.03485024727729,66.60253761020077,11,0.7140000000000006,0.7140000000000001,0.1260000000000001,0.0,0.0,0.06300000000000006,0.06300000000000006
1338,1,0,1,0.18697119390033412,4.0,10.5,9.899999999999999,69.0243502472773,66.59203761020076,11,0.7140000000000006,0.7140000000000001,0.1260000000000001,0.0,0.0,0.06300000000000006,0.06300000000000006
1339,1,0,1,0.18695809511313977,4.0,10.5,9.899999999999999,69.01385024727732,66.58153761020077,11,0.7140000000000006,0.7140000000000001,0.1260000000000001,0.0,0.0,0.06300000000000006,0.06300000000000006
1340,1,1,1,0.12196269693202703,4.0,10.5,9.899999999999999,69.00335024727731,66.57103761020078,11,0.7140000000000006,0.7140000000000001,0.1260000000000001,0.0,0.0,0.06300000000000006,0.06300000000000006
1341,1,0,1,0.1869639624037616,4.0,10.5,9.899999999999999,68.99285024727732,66.56053761020077,11,0.7140000000000006,0.7140000000000001,0.1260000000000001,0.0,0.0,0.06300000000000006,0.06300000000000006
1342,1,0,1,0.18694809215146355,4.0,10.5,9.899999999999999,68.98235024727732,66.55003761020079,11,0.7140000000000006,0.7140000000000001,0.1260000000000001,0.0,0.0,0.06300000000000006,0.06300000000000006
1343,1,0,1,0.1869715494250296,4.0,10.5,9.899999999999999,68.97185024727732,66.5395376102008,11,0.7140000000000006,0.7140000000000001,0.1260000000000001,0.0,0.0,0.06300000000000006,0.06300000000000006
1344,1,0,1,0.18695748241815283,4.0,10.5,9.899999999999999,68.96135024727734,66.5290376102008,11,0.7140000000000006,0.7140000000000001,0.1260000000000001,0.0,0.0,0.06300000000000006,0.06300000000000006
1345,1,0,1,0.18696077927741978,4.0,10.5,9.899999999999999,68.95085024727734,66.51853761020082,11,0.7140000000000006,0.7140000000000001,0.1260000000000001,0.0,0.0,0.06300000000000006,0.06300000000000006
1346,1,0,1,0.18697942598483397,4.0,10.5,9.899999999999999,68.94035024727735,66.50803761020082,11,0.7140000000000006,0.7140000000000001,0.1260000000000001,0.0,0.0,0.06300000000000006,0.06300000000000006
1347,1,0,1,0.18697791782320783,4.0,10.5,9.899999999999999,68.92985024727737,66.49753761020082,11,0.7140000000000006,0.7140000000000001,0.1260000000000001,0.0,0.0,0.06300000000000006,0.06300000000000006
1348,1,1,1,0.12198496479728739,4.0,10.5,9.899999999999999,68.91935024727736,66.48703761020083,11,0.7140000000000006,0.7140000000000001,0.1260000000000001,0.0,0.0,0.06300000000000006,0.06300000000000006
1349,1,0,1,0.18697653727896973,4.0,10.5,9.899999999999999,68.90885024727737,66.47653761020082,11,0.7140000000000006,0.7140000000000001,0.1260000000000001,0.0,0.0,0.06300000000000006,0.06300000000000006
1350,1,0,1,0.18696849162338292,4.0,10.5,9.899999999999999,68.89835024727738,66.46603761020084,11,0.7140000000000006,0.7140000000000001,0.1260000000000001,0.0,0.0,0.06300000000000006,0.06300000000000006
1351,1,0,1,0.18695556176113212,4.0,10.5,9.899999999999999,68.88785024727737,66.45553761020085,11,0.7140000000000006,0.7140000000000001,0.1260000000000001,0.0,0.0,0.06300000000000006,0.06300000000000006
1352,1,0,1,0.186975651469568,4.0,10.5,9.899999999999999,68.87735024727739,66.44503761020086,11,0.7140000000000006,0.7140000000000001,0.1260000000000001,0.0,0.0,0.06300000000000006,0.06300000000000006
1353,1,0,1,0.18695531716657138,4.0,10.5,9.899999999999999,68.8668502472774,66.43453761020088,11,0.7140000000000006,0.7140000000000001,0.1260000000000001,0.0,0.0,0.06300000000000006,0.06300000000000006
1354,1,0,1,0.18696202307300877,4.0,10.5,9.899999999999999,68.8563502472774,66.42403761020087,11,0.7140000000000006,0.7140000000000001,0.1260000000000001,0.0,0.0,0.06300000000000006,0.06300000000000006
1355,1,0,1,0.1869654583034332,4.0,10.5,9.899999999999999,68.84585024727743,66.41353761020088,11,0.7140000000000006,0.7140000000000001,0.1260000000000001,0.0,0.0,0.06300000000000006,0.06300000000000006
1356,1,0,1,0.1869562442870633,4.0,10.5,9.899999999999999,68.83535024727742,66.40303761020088,11,0.7140000000000006,0.7140000000000001,0.1260000000000001,0.0,0.0,0.06300000000000006,0.06300000000000006
1357,1,0,1,0.18696147812086447,4.0,10.5,9.899999999999999,68.82485024727742,66.39253761020088,11,0.7140000000000006,0.7140000000000001,0.1260000000000001,0.0,0.0,0.06300000000000006,0.06300000000000006
1358,1,0,1,0.18697964567559472,4.0,10.5,9.899999999999999,68.81435024727743,66.3820376102009,11,0.7140000000000006,0.7140000000000001,0.1260000000000001,0.0,0.0,0.06300000000000006,0.06300000000000006
1359,1,0,1,0.1869806600757409,4.0,10.5,9.899999999999999,68.80385024727742,66.3715376102009,11,0.7140000000000006,0.7140000000000001,0.1260000000000001,0.0,0.0,0.06300000000000006,0.06300000000000006
1360,1,0,1,0.18697524280340547,4.0,10.5,9.899999999999999,68.79335024727744,66.36103761020091,11,0.7140000000000006,0.7140000000000001,0.1260000000000001,0.0,0.0,0.06300000000000006,0.06300000000000006
1361,1,0,0,-0.05302809240130855,3.9469719075986913,10.5,9.899999999999999,68.78285024727745,66.35053761020093,11,0.7140000000000006,0.7140000000000001,0.1260000000000001,0.0,0.0,0.06300000000000006,0.06300000000000006
1362,1,0,0,-0.053035126811993606,3.8939367807866976,10.5,9.899999999999999,68.77235024727746,66.34003761020092,11,0.7140000000000006,0.7140000000000001,0.1260000000000001,0.0,0.0,0.06300000000000006,0.06300000000000006
1363,1,0,1,0.18695994480437012,4.0,10.5,9.899999999999999,68.76185024727748,66.32953761020093,11,0.7140000000000006,0.7140000000000001,0.1260000000000001,0.0,0.0,0.06300000000000006,0.06300000000000006
1364,1,2,1,0.1219691289763242,4.0,10.5,9.899999999999999,68.75135024727747,66.31903761020094,11,0.7140000000000006,0.7140000000000001,0.1260000000000001,0.0,0.0,0.06300000000000006,0.06300000000000006
1365,1,0,1,0.18697867261028756,4.0,10.5,9.899999999999999,68.74085024727748,66.30853761020093,11,0.7140000000000006,0.7140000000000001,0.1260000000000001,0.0,0.0,0.06300000000000006,0.06300000000000006
1366,1,0,1,0.1869661610135865,4.0,10.5,9.899999999999999,68.73035024727749,66.29803761020095,11,0.7140000000000006,0.7140000000000001,0.1260000000000001,0.0,0.0,0.06300000000000006,0.06300000000000006
1367,1,0,0,-0.053054716735966685,3.9469452832640335,10.5,9.899999999999999,68.71985024727748,66.28753761020096,11,0.7140000000000006,0.7140000000000001,0.1260000000000001,0.0,0.0,0.06300000000000006,0.06300000000000006
1368,1,0,1,0.18696867120741778,4.0,10.5,9.899999999999999,68.7093502472775,66.27703761020096,11,0.7140000000000006,0.7140000000000001,0.1260000000000001,0.0,0.0,0.06300000000000006,0.06300000000000006
1369,1,0,1,0.18698505278846736,4.0,10.5,9.899999999999999,68.6988502472775,66.26653761020098,11,0.7140000000000006,0.7140000000000001,0.1260000000000001,0.0,0.0,0.06300000000000006,0.06300000000000006
1370,1,2,0,-0.11803913617166616,3.881960863828334,10.5,9.899999999999999,68.68835024727751,66.25603761020098,11,0.7140000000000006,0.7140000000000001,0.1260000000000001,0.0,0.0,0.06300000000000006,0.06300000000000006
1371,1,0,1,0.1869597071095644,4.0,10.5,9.899999999999999,68.67785024727753,66.24553761020098,11,0.7140000000000006,0.7140000000000001,0.1260000000000001,0.0,0.0,0.06300000000000006,0.06300000000000006
1372,1,2,1,0.12198611905373721,4.0,10.5,9.899999999999999,68.66735024727753,66.23503761020099,11,0.7140000000000006,0.7140000000000001,0.1260000000000001,0.0,0.0,0.06300000000000006,0.06300000000000006
1373,1,0,1,0.18694970728164736,4.0,10.5,9.899999999999999,68.65685024727753,66.22453761020098,11,0.7140000000000006,0.7140000000000001,0.1260000000000001,0.0,0.0,0.06300000000000006,0.06300000000000006
1374,1,0,1,0.18694846368724372,4.0,10.5,9.899999999999999,68.64635024727754,66.214037610201,11,0.7140000000000006,0.7140000000000001,0.1260000000000001,0.0,0.0,0.06300000000000006,0.06300000000000006
1375,1,0,1,0.18698317256312705,4.0,10.5,9.899999999999999,68.63585024727753,66.20353761020101,11,0.7140000000000006,0.7140000000000001,0.1260000000000001,0.0,0.0,0.06300000000000006,0.06300000000000006
1376,1,0,1,0.18696564223853676,4.0,10.5,9.899999999999999,68.62535024727755,66.19303761020102,11,0.7140000000000006,0.7140000000000001,0.1260000000000001,0.0,0.0,0.06300000000000006,0.06300000000000006
1377,1,0,1,0.18696961227429976,4.0,10.5,9.899999999999999,68.61485024727756,66.18253761020104,11,0.7140000000000006,0.7140000000000001,0.1260000000000001,0.0,0.0,0.06300000000000006,0.06300000000000006
1378,1,0,1,0.18698204723282008,4.0,10.5,9.899999999999999,68.60435024727757,66.17203761020103,11,0.7140000000000006,0.7140000000000001,0.1260000000000001,0.0,0.0,0.06300000000000006,0.06300000000000006
1379,1,0,1,0.1869831637498911,4.0,10.5,9.899999999999999,68.59385024727759,66.16153761020104,11,0.7140000000000006,0.7140000000000001,0.1260000000000001,0.0,0.0,0.06300000000000006,0.06300000000000006
1380,1,0,1,0.18693863983582648,4.0,10.5,9.899999999999999,68.58335024727758,66.15103761020104,11,0.7140000000000006,0.7140000000000001,0.1260000000000001,0.0,0.0,0.06300000000000006,0.06300000000000006
1381,1,0,1,0.18694363483717558,4.0,10.5,9.899999999999999,68.57285024727759,66.14053761020104,11,0.7140000000000006,0.7140000000000001,0.1260000000000001,0.0,0.0,0.06300000000000006,0.06300000000000006
1382,1,0,1,0.18694592346227795,4.0,10.5,9.899999999999999,68.56235024727759,66.13003761020106,11,0.7140000000000006,0.7140000000000001,0.1260000000000001,0.0,0.0,0.06300000000000006,0.06300000000000006
1383,1,0,1,0.1869758329976449,4.0,10.5,9.899999999999999,68.55185024727759,66.11953761020106,11,0.7140000000000006,0.7140000000000001,0.1260000000000001,0.0,0.0,0.06300000000000006,0.06300000000000006
1384,1,2,1,0.12197108915851179,4.0,10.5,9.899999999999999,68.5413502472776,66.10903761020107,11,0.7140000000000006,0.7140000000000001,0.1260000000000001,0.0,0.0,0.06300000000000006,0.06300000000000006
1385,1,0,1,0.18696054056820205,4.0,10.5,9.899999999999999,68.53085024727761,66.09853761020109,11,0.7140000000000006,0.7140000000000001,0.1260000000000001,0.0,0.0,0.06300000000000006,0.06300000000000006
1386,1,0,0,-0.053015422544752486,3.9469845774552477,10.5,9.899999999999999,68.52035024727762,66.08803761020108,11,0.7140000000000006,0.7140000000000001,0.1260000000000001,0.0,0.0,0.06300000000000006,0.06300000000000006
1387,1,0,0,-0.053045636526886035,3.893938940928362,10.5,9.899999999999999,68.50985024727764,66.07753761020109,11,0.7140000000000006,0.7140000000000001,0.1260000000000001,0.0,0.0,0.06300000000000006,0.06300000000000006
1388,1,0,1,0.18696231481107045,4.0,10.5,9.899999999999999,68.49935024727763,66.0670376102011,11,0.7140000000000006,0.7140000000000001,0.1260000000000001,0.0,0.0,0.06300000000000006,0.06300000000000006
1389,1,0,1,0.18696242223306475,4.0,10.5,9.899999999999999,68.48885024727764,66.05653761020109,11,0.7140000000000006,0.7140000000000001,0.1260000000000001,0.0,0.0,0.06300000000000006,0.06300000000000006
1390,1,0,1,0.18695208461059776,4.0,10.5,9.899999999999999,68.47835024727765,66.04603761020111,11,0.7140000000000006,0.7140000000000001,0.1260000000000001,0.0,0.0,0.06300000000000006,0.06300000000000006
1391,1,0,1,0.18697501718871898,4.0,10.5,9.899999999999999,68.46785024727764,66.03553761020112,11,0.7140000000000006,0.7140000000000001,0.1260000000000001,0.0,0.0,0.06300000000000006,0.06300000000000006
1392,1,0,0,-0.05304920762053423,3.9469507923794658,10.5,9.899999999999999,68.45735024727766,66.02503761020112,11,0.7140000000000006,0.7140000000000001,0.1260000000000001,0.0,0.0,0.06300000000000006,0.06300000000000006
1393,1,0,1,0.18696314229096375,4.0,10.5,9.899999999999999,68.44685024727767,66.01453761020115,11,0.7140000000000006,0.7140000000000001,0.1260000000000001,0.0,0.0,0.06300000000000006,0.06300000000000006
1394,1,0,1,0.1869594364521733,4.0,10.5,9.899999999999999,68.43635024727767,66.00403761020114,11,0.7140000000000006,0.7140000000000001,0.1260000000000001,0.0,0.0,0.06300000000000006,0.06300000000000006
1395,1,0,1,0.18698811149166877,4.0,10.5,9.899999999999999,68.4258502472777,65.99353761020114,11,0.7140000000000006,0.7140000000000001,0.1260000000000001,0.0,0.0,0.06300000000000006,0.06300000000000006
1396,1,0,1,0.18695091856628981,4.0,10.5,9.899999999999999,68.41535024727769,65.98303761020115,11,0.7140000000000006,0.7140000000000001,0.1260000000000001,0.0,0.0,0.06300000000000006,0.06300000000000006
1397,1,0,0,-0.053028218983140085,3.94697178101686,10.5,9.899999999999999,68.4048502472777,65.97253761020114,11,0.7140000000000006,0.7140000000000001,0.1260000000000001,0.0,0.0,0.06300000000000006,0.06300000000000006
1398,1,0,1,0.1869688972058918,4.0,10.5,9.899999999999999,68.3943502472777,65.96203761020116,11,0.7140000000000006,0.7140000000000001,0.1260000000000001,0.0,0.0,0.06300000000000006,0.06300000000000006
1399,1,0,1,0.18697956170862806,4.0,10.5,9.899999999999999,68.38385024727769,65.95153761020117,11,0.7140000000000006,0.7140000000000001,0.1260000000000001,0.0,0.0,0.06300000000000006,0.06300000000000006
1400,1,2,1,0.12197927340781464,4.0,10.5,9.899999999999999,68.37335024727771,65.94103761020118,11,0.7140000000000006,0.7140000000000001,0.1260000000000001,0.0,0.0,0.06300000000000006,0.06300000000000006
1401,1,0,1,0.18698342123944417,4.0,10.5,9.899999999999999,68.36285024727772,65.9305376102012,11,0.7140000000000006,0.7140000000000001,0.1260000000000001,0.0,0.0,0.06300000000000006,0.06300000000000006
1402,1,0,1,0.18697302682872616,4.0,10.5,9.899999999999999,68.35235024727773,65.92003761020119,11,0.7140000000000006,0.7140000000000001,0.1260000000000001,0.0,0.0,0.06300000000000006,0.06300000000000006
1403,1,0,1,0.18695830270387992,4.0,10.5,9.899999999999999,68.34185024727775,65.9095376102012,11,0.7140000000000006,0.7140000000000001,0.1260000000000001,0.0,0.0,0.06300000000000006,0.06300000000000006
1404,1,0,1,0.18695817332877737,4.0,10.5,9.899999999999999,68.33135024727774,65.8990376102012,11,0.7140000000000006,0.7140000000000001,0.1260000000000001,0.0,0.0,0.06300000000000006,0.06300000000000006
1405,1,0,1,0.18696287366775993,4.0,10.5,9.899999999999999,68.32085024727775,65.8885376102012,11,0.7140000000000006,0.7140000000000001,0.1260000000000001,0.0,0.0,0.06300000000000006,0.06300000000000006
1406,1,0,1,0.1869646163975043,4.0,10.5,9.899999999999999,68.31035024727775,65.87803761020122,11,0.7140000000000006,0.7140000000000001,0.1260000000000001,0.0,0.0,0.06300000000000006,0.06300000000000006
1407,1,0,1,0.18695924198165295,4.0,10.5,9.899999999999999,68.29985024727775,65.86753761020123,11,0.7140000000000006,0.7140000000000001,0.1260000000000001,0.0,0.0,0.06300000000000006,0.06300000000000006
1408,1,0,0,-0.05302950013237015,3.94697049986763,10.5,9.899999999999999,68.28935024727777,65.85703761020123,12,0.7140000000000006,0.7140000000000001,0.1260000000000001,0.0,0.0,0.06300000000000006,0.06300000000000006
1409,1,0,1,0.1869507475729042,4.0,10.5,9.899999999999999,68.27885024727777,65.84653761020125,12,0.7140000000000006,0.7140000000000001,0.1260000000000001,0.0,0.0,0.06300000000000006,0.06300000000000006
1410,1,0,0,-0.053026413223399,3.946973586776601,10.5,9.899999999999999,68.26835024727778,65.83603761020125,12,0.7140000000000006,0.7140000000000001,0.1260000000000001,0.0,0.0,0.06300000000000006,0.06300000000000006
1411,1,0,1,0.18695584283580008,4.0,10.5,9.899999999999999,68.2578502472778,65.82553761020125,12,0.7140000000000006,0.7140000000000001,0.1260000000000001,0.0,0.0,0.06300000000000006,0.06300000000000006
1412,1,0,1,0.18697259809883054,4.0,10.5,9.899999999999999,68.2473502472778,65.81503761020126,12,0.7140000000000006,0.7140000000000001,0.1260000000000001,0.0,0.0,0.06300000000000006,0.06300000000000006
1413,1,0,1,0.18696211361739984,4.0,10.5,9.899999999999999,68.2368502472778,65.80453761020125,12,0.7140000000000006,0.7140000000000001,0.1260000000000001,0.0,0.0,0.06300000000000006,0.06300000000000006
1414,1,0,1,0.18694395740727046,4.0,10.5,9.899999999999999,68.22635024727781,65.79403761020127,12,0.7140000000000006,0.7140000000000001,0.1260000000000001,0.0,0.0,0.06300000000000006,0.06300000000000006
1415,1,0,1,0.1869615673396542,4.0,10.5,9.899999999999999,68.2158502472778,65.78353761020128,12,0.7140000000000006,0.7140000000000001,0.1260000000000001,0.0,0.0,0.06300000000000006,0.06300000000000006
1416,1,0,1,0.18695816967773093,4.0,10.5,9.899999999999999,68.20535024727782,65.77303761020129,12,0.7140000000000006,0.7140000000000001,0.1260000000000001,0.0,0.0,0.06300000000000006,0.06300000000000006
1417,1,0,1,0.18695607398750638,4.0,10.5,9.899999999999999,68.19485024727783,65.7625376102013,12,0.7140000000000006,0.7140000000000001,0.1260000000000001,0.0,0.0,0.06300000000000006,0.06300000000000006
1418,1,0,1,0.1869712754015155,4.0,10.5,9.899999999999999,68.18435024727783,65.7520376102013,12,0.7140000000000006,0.7140000000000001,0.1260000000000001,0.0,0.0,0.06300000000000006,0.06300000000000006
1419,1,0,0,-0.05301523254265691,3.946984767457343,10.5,9.899999999999999,68.17385024727785,65.7415376102013,12,0.7140000000000006,0.7140000000000001,0.1260000000000001,0.0,0.0,0.06300000000000006,0.06300000000000006
1420,1,0,1,0.18696653309737443,4.0,10.5,9.899999999999999,68.16335024727785,65.73103761020131,12,0.7140000000000006,0.7140000000000001,0.1260000000000001,0.0,0.0,0.06300000000000006,0.06300000000000006
1421,1,0,1,0.1869572931705427,4.0,10.5,9.899999999999999,68.15285024727785,65.7205376102013,12,0.7140000000000006,0.7140000000000001,0.1260000000000001,0.0,0.0,0.06300000000000006,0.06300000000000006
1422,1,0,1,0.18696676237579193,4.0,10.5,9.899999999999999,68.14235024727786,65.71003761020133,12,0.7140000000000006,0.7140000000000001,0.1260000000000001,0.0,0.0,0.06300000000000006,0.06300000000000006
1423,1,0,1,0.18697886540650455,4.0,10.5,9.899999999999999,68.13185024727785,65.69953761020133,12,0.7140000000000006,0.7140000000000001,0.1260000000000001,0.0,0.0,0.06300000000000006,0.06300000000000006
1424,1,0,1,0.18695797226490768,4.0,10.5,9.899999999999999,68.12135024727787,65.68903761020134,12,0.7140000000000006,0.7140000000000001,0.1260000000000001,0.0,0.0,0.06300000000000006,0.06300000000000006
1425,1,0,1,0.1869511253164505,4.0,10.5,9.899999999999999,68.11085024727788,65.67853761020136,12,0.7140000000000006,0.7140000000000001,0.1260000000000001,0.0,0.0,0.06300000000000006,0.06300000000000006
1426,1,0,1,0.18696624084831007,4.0,10.5,9.899999999999999,68.10035024727789,65.66803761020135,12,0.7140000000000006,0.7140000000000001,0.1260000000000001,0.0,0.0,0.06300000000000006,0.06300000000000006
1427,1,0,1,0.18695897180379195,4.0,10.5,9.899999999999999,68.08985024727791,65.65753761020136,12,0.7140000000000006,0.7140000000000001,0.1260000000000001,0.0,0.0,0.06300000000000006,0.06300000000000006
1428,1,0,1,0.18697006296567995,4.0,10.5,9.899999999999999,68.0793502472779,65.64703761020137,12,0.7140000000000006,0.7140000000000001,0.1260000000000001,0.0,0.0,0.06300000000000006,0.06300000000000006
1429,1,0,1,0.18696217389014944,4.0,10.5,9.899999999999999,68.06885024727791,65.63653761020136,12,0.7140000000000006,0.7140000000000001,0.1260000000000001,0.0,0.0,0.06300000000000006,0.06300000000000006
1430,1,0,1,0.1869674153720384,4.0,10.5,9.899999999999999,68.05835024727791,65.62603761020138,12,0.7140000000000006,0.7140000000000001,0.1260000000000001,0.0,0.0,0.06300000000000006,0.06300000000000006
1431,1,0,0,-0.0530435791386697,3.9469564208613304,10.5,9.899999999999999,68.0478502472779,65.61553761020139,12,0.7140000000000006,0.7140000000000001,0.1260000000000001,0.0,0.0,0.06300000000000006,0.06300000000000006
1432,1,0,1,0.18697711568154712,4.0,10.5,9.899999999999999,68.03735024727793,65.60503761020139,12,0.7140000000000006,0.7140000000000001,0.1260000000000001,0.0,0.0,0.06300000000000006,0.06300000000000006
1433,1,0,0,-0.05302442917034468,3.9469755708296552,10.5,9.899999999999999,68.02685024727793,65.59453761020141,12,0.7140000000000006,0.7140000000000001,0.1260000000000001,0.0,0.0,0.06300000000000006,0.06300000000000006
1434,1,1,1,0.1219662149594619,4.0,10.5,9.899999999999999,68.01635024727794,65.5840376102014,12,0.7140000000000006,0.7140000000000001,0.1260000000000001,0.0,0.0,0.06300000000000006,0.06300000000000006
1435,1,1,1,0.12197737402228406,4.0,10.5,9.899999999999999,68.00585024727796,65.57353761020141,12,0.7140000000000006,0.7140000000000001,0.1260000000000001,0.0,0.0,0.06300000000000006,0.06300000000000006
1436,1,0,0,-0.053025973671856644,3.946974026328143,10.5,9.899999999999999,67.99535024727795,65.56303761020142,12,0.7140000000000006,0.7140000000000001,0.1260000000000001,0.0,0.0,0.06300000000000006,0.06300000000000006
1437,1,0,1,0.18697137880152387,4.0,10.5,9.899999999999999,67.98485024727796,65.55253761020141,12,0.7140000000000006,0.7140000000000001,0.1260000000000001,0.0,0.0,0.06300000000000006,0.06300000000000006
1438,1,0,1,0.18693979295435828,4.0,10.5,9.899999999999999,67.97435024727797,65.54203761020143,12,0.7140000000000006,0.7140000000000001,0.1260000000000001,0.0,0.0,0.06300000000000006,0.06300000000000006
1439,1,0,1,0.1869564582203682,4.0,10.5,9.899999999999999,67.96385024727796,65.53153761020144,12,0.7140000000000006,0.7140000000000001,0.1260000000000001,0.0,0.0,0.06300000000000006,0.06300000000000006
1440,1,0,1,0.1869690479492476,4.0,10.5,9.899999999999999,67.95335024727798,65.52103761020145,12,0.7140000000000006,0.7140000000000001,0.1260000000000001,0.0,0.0,0.06300000000000006,0.06300000000000006
1441,1,0,1,0.18697455644664748,4.0,10.5,9.899999999999999,67.94285024727799,65.51053761020147,12,0.7140000000000006,0.7140000000000001,0.1260000000000001,0.0,0.0,0.06300000000000006,0.06300000000000006
1442,1,0,1,0.18695808280859508,4.0,10.5,9.899999999999999,67.932350247278,65.50003761020146,12,0.7140000000000006,0.7140000000000001,0.1260000000000001,0.0,0.0,0.06300000000000006,0.06300000000000006
1443,1,0,1,0.1869694786053918,4.0,10.5,9.899999999999999,67.92185024727802,65.48953761020147,12,0.7140000000000006,0.7140000000000001,0.1260000000000001,0.0,0.0,0.06300000000000006,0.06300000000000006
1444,1,0,1,0.18694636532883485,4.0,10.5,9.899999999999999,67.91135024727801,65.47903761020147,12,0.7140000000000006,0.7140000000000001,0.1260000000000001,0.0,0.0,0.06300000000000006,0.06300000000000006
1445,1,0,1,0.1869846437638413,4.0,10.5,9.899999999999999,67.90085024727802,65.46853761020147,12,0.7140000000000006,0.7140000000000001,0.1260000000000001,0.0,0.0,0.06300000000000006,0.06300000000000006
1446,1,0,1,0.18696944399858945,4.0,10.5,9.899999999999999,67.89035024727802,65.45803761020149,12,0.7140000000000006,0.7140000000000001,0.1260000000000001,0.0,0.0,0.06300000000000006,0.06300000000000006
1447,1,0,0,-0.05304824890730324,3.946951751092697,10.5,9.899999999999999,67.87985024727801,65.4475376102015,12,0.7140000000000006,0.7140000000000001,0.1260000000000001,0.0,0.0,0.06300000000000006,0.06300000000000006
1448,1,0,1,0.18694168255163468,4.0,10.5,9.899999999999999,67.86935024727804,65.4370376102015,12,0.7140000000000006,0.7140000000000001,0.1260000000000001,0.0,0.0,0.06300000000000006,0.06300000000000006
1449,1,0,1,0.1869476306226957,4.0,10.5,9.899999999999999,67.85885024727804,65.42653761020152,12,0.7140000000000006,0.7140000000000001,0.1260000000000001,0.0,0.0,0.06300000000000006,0.06300000000000006
1450,1,0,1,0.1869786644654573,4.0,10.5,9.899999999999999,67.84835024727805,65.41603761020151,12,0.7140000000000006,0.7140000000000001,0.1260000000000001,0.0,0.0,0.06300000000000006,0.06300000000000006
1451,1,0,1,0.18696119244378517,4.0,10.5,9.899999999999999,67.83785024727807,65.40553761020152,12,0.7140000000000006,0.7140000000000001,0.1260000000000001,0.0,0.0,0.06300000000000006,0.06300000000000006
1452,1,0,1,0.1869600135834496,4.0,10.5,9.899999999999999,67.82735024727806,65.39503761020153,12,0.7140000000000006,0.7140000000000001,0.1260000000000001,0.0,0.0,0.06300000000000006,0.06300000000000006
1453,1,0,1,0.18698004539102675,4.0,10.5,9.899999999999999,67.81685024727807,65.38453761020152,12,0.7140000000000006,0.7140000000000001,0.1260000000000001,0.0,0.0,0.06300000000000006,0.06300000000000006
1454,1,0,1,0.18695831868950072,4.0,10.5,9.899999999999999,67.80635024727808,65.37403761020154,12,0.7140000000000006,0.7140000000000001,0.1260000000000001,0.0,0.0,0.06300000000000006,0.06300000000000006
1455,1,0,1,0.18698290128384423,4.0,10.5,9.899999999999999,67.79585024727807,65.36353761020155,12,0.7140000000000006,0.7140000000000001,0.1260000000000001,0.0,0.0,0.06300000000000006,0.06300000000000006
1456,1,0,0,-0.053035965517171844,3.946964034482828,10.5,9.899999999999999,67.78535024727809,65.35303761020155,12,0.7140000000000006,0.7140000000000001,0.1260000000000001,0.0,0.0,0.06300000000000006,0.06300000000000006
1457,1,0,1,0.18696570526749817,4.0,10.5,9.899999999999999,67.7748502472781,65.34253761020157,12,0.7140000000000006,0.7140000000000001,0.1260000000000001,0.0,0.0,0.06300000000000006,0.06300000000000006
1458,1,0,1,0.18696565460225775,4.0,10.5,9.899999999999999,67.7643502472781,65.33203761020157,12,0.7140000000000006,0.7140000000000001,0.1260000000000001,0.0,0.0,0.06300000000000006,0.06300000000000006
1459,1,0,1,0.18696667809938428,4.0,10.5,9.899999999999999,67.75385024727812,65.32153761020157,12,0.7140000000000006,0.7140000000000001,0.1260000000000001,0.0,0.0,0.06300000000000006,0.06300000000000006
1460,1,1,1,0.12196647441036187,4.0,10.5,9.899999999999999,67.74335024727812,65.31103761020158,12,0.7140000000000006,0.7140000000000001,0.1260000000000001,0.0,0.0,0.06300000000000006,0.06300000000000006
1461,1,0,0,-0.0530294209739673,3.9469705790260328,10.5,9.899999999999999,67.73285024727812,65.30053761020157,12,0.7140000000000006,0.7140000000000001,0.1260000000000001,0.0,0.0,0.06300000000000006,0.06300000000000006
1462,1,2,1,0.12196262221605446,4.0,10.5,9.899999999999999,67.72235024727813,65.2900376102016,12,0.7140000000000006,0.7140000000000001,0.1260000000000001,0.0,0.0,0.06300000000000006,0.06300000000000006
1463,1,0,1,0.18697774938112738,4.0,10.5,9.899999999999999,67.71185024727812,65.2795376102016,12,0.7140000000000006,0.7140000000000001,0.1260000000000001,0.0,0.0,0.06300000000000006,0.06300000000000006
1464,1,0,1,0.18694416834631922,4.0,10.5,9.899999999999999,67.70135024727814,65.26903761020161,12,0.7140000000000006,0.7140000000000001,0.1260000000000001,0.0,0.0,0.06300000000000006,0.06300000000000006
1465,1,0,1,0.18695515185861405,4.0,10.5,9.899999999999999,67.69085024727815,65.25853761020163,12,0.7140000000000006,0.7140000000000001,0.1260000000000001,0.0,0.0,0.06300000000000006,0.06300000000000006
1466,1,0,1,0.1869734690353448,4.0,10.5,9.899999999999999,67.68035024727816,65.24803761020162,12,0.7140000000000006,0.7140000000000001,0.1260000000000001,0.0,0.0,0.06300000000000006,0.06300000000000006
1467,1,0,1,0.18697879654554453,4.0,10.5,9.899999999999999,67.66985024727818,65.23753761020163,12,0.7140000000000006,0.7140000000000001,0.1260000000000001,0.0,0.0,0.06300000000000006,0.06300000000000006
1468,1,0,1,0.18696727385760034,4.0,10.5,9.899999999999999,67.65935024727817,65.22703761020163,12,0.7140000000000006,0.7140000000000001,0.1260000000000001,0.0,0.0,0.06300000000000006,0.06300000000000006
1469,1,0,1,0.18695160101434077,4.0,10.5,9.899999999999999,67.64885024727818,65.21653761020163,12,0.7140000000000006,0.7140000000000001,0.1260000000000001,0.0,0.0,0.06300000000000006,0.06300000000000006
1470,1,0,1,0.18696534110125523,4.0,10.5,9.899999999999999,67.63835024727818,65.20603761020165,12,0.7140000000000006,0.7140000000000001,0.1260000000000001,0.0,0.0,0.06300000000000006,0.06300000000000006
1471,1,0,1,0.18695149788880658,4.0,10.5,9.899999999999999,67.62785024727818,65.19553761020165,12,0.7140000000000006,0.7140000000000001,0.1260000000000001,0.0,0.0,0.06300000000000006,0.06300000000000006
1472,1,0,1,0.18697982904597282,4.0,10.5,9.899999999999999,67.6173502472782,65.18503761020166,12,0.7140000000000006,0.7140000000000001,0.1260000000000001,0.0,0.0,0.06300000000000006,0.06300000000000006
1473,1,0,1,0.18695312727764676,4.0,10.5,9.899999999999999,67.6068502472782,65.17453761020168,12,0.7140000000000006,0.7140000000000001,0.1260000000000001,0.0,0.0,0.06300000000000006,0.06300000000000006
1474,1,0,0,-0.05302991344545438,3.9469700865545456,10.5,9.899999999999999,67.59635024727821,65.16403761020167,12,0.7140000000000006,0.7140000000000001,0.1260000000000001,0.0,0.0,0.06300000000000006,0.06300000000000006
1475,1,1,1,0.12195106461305641,4.0,10.5,9.899999999999999,67.58585024727823,65.15353761020168,12,0.7140000000000006,0.7140000000000001,0.1260000000000001,0.0,0.0,0.06300000000000006,0.06300000000000006
1476,1,0,1,0.18696413519288665,4.0,10.5,9.899999999999999,67.57535024727822,65.14303761020169,12,0.7140000000000006,0.7140000000000001,0.1260000000000001,0.0,0.0,0.06300000000000006,0.06300000000000006
1477,1,0,1,0.18697381964780618,4.0,10.5,9.899999999999999,67.56485024727823,65.13253761020168,12,0.7140000000000006,0.7140000000000001,0.1260000000000001,0.0,0.0,0.06300000000000006,0.06300000000000006
1478,1,0,1,0.18694875303354083,4.0,10.5,9.899999999999999,67.55435024727824,65.1220376102017,12,0.7140000000000006,0.7140000000000001,0.1260000000000001,0.0,0.0,0.06300000000000006,0.06300000000000006
1479,1,0,1,0.18694851693334263,4.0,10.5,9.899999999999999,67.54385024727823,65.11153761020171,12,0.7140000000000006,0.7140000000000001,0.1260000000000001,0.0,0.0,0.06300000000000006,0.06300000000000006
1480,1,2,1,0.12195187566560349,4.0,10.5,9.899999999999999,67.53335024727825,65.10103761020171,12,0.7140000000000006,0.7140000000000001,0.1260000000000001,0.0,0.0,0.06300000000000006,0.06300000000000006
1481,1,0,1,0.1869454767599255,4.0,10.5,9.899999999999999,67.52285024727826,65.09053761020174,12,0.7140000000000006,0.7140000000000001,0.1260000000000001,0.0,0.0,0.06300000000000006,0.06300000000000006
1482,1,0,1,0.1869781368616588,4.0,10.5,9.899999999999999,67.51235024727826,65.08003761020173,12,0.7140000000000006,0.7140000000000001,0.1260000000000001,0.0,0.0,0.06300000000000006,0.06300000000000006
1483,1,0,1,0.18697745740700927,4.0,10.5,9.899999999999999,67.50185024727828,65.06953761020173,12,0.7140000000000006,0.7140000000000001,0.1260000000000001,0.0,0.0,0.06300000000000006,0.06300000000000006
1484,1,0,1,0.18695860220739663,4.0,10.5,9.899999999999999,67.49135024727828,65.05903761020174,12,0.7140000000000006,0.7140000000000001,0.1260000000000001,0.0,0.0,0.06300000000000006,0.06300000000000006
1485,1,0,1,0.186958197180664,4.0,10.5,9.899999999999999,67.48085024727828,65.04853761020173,12,0.7140000000000006,0.7140000000000001,0.1260000000000001,0.0,0.0,0.06300000000000006,0.06300000000000006
1486,1,0,1,0.18696925926106558,4.0,10.5,9.899999999999999,67.47035024727829,65.03803761020176,12,0.7140000000000006,0.7140000000000001,0.1260000000000001,0.0,0.0,0.06300000000000006,0.06300000000000006
1487,1,0,1,0.18697734162106747,4.0,10.5,9.899999999999999,67.45985024727828,65.02753761020176,12,0.7140000000000006,0.7140000000000001,0.1260000000000001,0.0,0.0,0.06300000000000006,0.06300000000000006
1488,1,0,0,-0.053043553378860867,3.9469564466211393,10.5,9.899999999999999,67.4493502472783,65.01703761020177,12,0.7140000000000006,0.7140000000000001,0.1260000000000001,0.0,0.0,0.06300000000000006,0.06300000000000006
1489,1,0,0,-0.05305146590306485,3.8939049807180743,10.5,9.899999999999999,67.43885024727831,65.00653761020179,12,0.7140000000000006,0.7140000000000001,0.1260000000000001,0.0,0.0,0.06300000000000006,0.06300000000000006
1490,1,0,1,0.18695084652740865,4.0,10.5,9.899999999999999,67.42835024727832,64.99603761020178,12,0.7140000000000006,0.7140000000000001,0.1260000000000001,0.0,0.0,0.06300000000000006,0.06300000000000006
1491,1,0,1,0.1869583261645284,4.0,10.5,9.899999999999999,67.41785024727834,64.98553761020179,12,0.7140000000000006,0.7140000000000001,0.1260000000000001,0.0,0.0,0.06300000000000006,0.06300000000000006
1492,1,0,1,0.18695394632148885,4.0,10.5,9.899999999999999,67.40735024727833,64.9750376102018,12,0.7140000000000006,0.7140000000000001,0.1260000000000001,0.0,0.0,0.06300000000000006,0.06300000000000006
1493,1,0,1,0.18696452452152398,4.0,10.5,9.899999999999999,67.39685024727834,64.96453761020179,12,0.7140000000000006,0.7140000000000001,0.1260000000000001,0.0,0.0,0.06300000000000006,0.06300000000000006
1494,1,1,1,0.12196624895492693,4.0,10.5,9.899999999999999,67.38635024727834,64.95403761020181,12,0.7140000000000006,0.7140000000000001,0.1260000000000001,0.0,0.0,0.06300000000000006,0.06300000000000006
1495,1,0,0,-0.05304396593445823,3.9469560340655416,10.5,9.899999999999999,67.37585024727834,64.94353761020182,12,0.7140000000000006,0.7140000000000001,0.1260000000000001,0.0,0.0,0.06300000000000006,0.06300000000000006
1496,1,0,1,0.1869802145575418,4.0,10.5,9.899999999999999,67.36535024727836,64.93303761020182,12,0.7140000000000006,0.7140000000000001,0.1260000000000001,0.0,0.0,0.06300000000000006,0.06300000000000006
1497,1,0,1,0.18694975510785863,4.0,10.5,9.899999999999999,67.35485024727836,64.92253761020184,12,0.7140000000000006,0.7140000000000001,0.1260000000000001,0.0,0.0,0.06300000000000006,0.06300000000000006
1498,1,2,1,0.12197074299795437,4.0,10.5,9.899999999999999,67.34435024727837,64.91203761020184,12,0.7140000000000006,0.7140000000000001,0.1260000000000001,0.0,0.0,0.06300000000000006,0.06300000000000006
1499,1,0,1,0.18695580820505958,4.0,10.5,9.899999999999999,67.33385024727839,64.90153761020184,12,0.7140000000000006,0.7140000000000001,0.1260000000000001,0.0,0.0,0.06300000000000006,0.06300000000000006
1500,1,0,1,0.18695812866265968,4.0,10.5,9.899999999999999,67.32335024727838,64.89103761020185,12,0.7140000000000006,0.7140000000000001,0.1260000000000001,0.0,0.0,0.06300000000000006,0.06300000000000006
1501,1,0,0,-0.05304179045017861,3.9469582095498215,10.5,9.899999999999999,67.31285024727839,64.88053761020184,12,0.7140000000000006,0.7140000000000001,0.1260000000000001,0.0,0.0,0.06300000000000006,0.06300000000000006
1502,1,0,1,0.18695126787411986,4.0,10.5,9.899999999999999,67.3023502472784,64.87003761020186,12,0.7140000000000006,0.7140000000000001,0.1260000000000001,0.0,0.0,0.06300000000000006,0.06300000000000006
1503,1,0,1,0.18696870557798467,4.0,10.5,9.899999999999999,67.29185024727839,64.85953761020187,12,0.7140000000000006,0.7140000000000001,0.1260000000000001,0.0,0.0,0.06300000000000006,0.06300000000000006
1504,1,0,1,0.18698387017535656,4.0,10.5,9.899999999999999,67.28135024727841,64.84903761020188,12,0.7140000000000006,0.7140000000000001,0.1260000000000001,0.0,0.0,0.06300000000000006,0.06300000000000006
1505,1,0,1,0.18695469372700455,4.0,10.5,9.899999999999999,67.27085024727842,64.8385376102019,12,0.7140000000000006,0.7140000000000001,0.1260000000000001,0.0,0.0,0.06300000000000006,0.06300000000000006
1506,1,0,1,0.18694864827469054,4.0,10.5,9.899999999999999,67.26035024727842,64.82803761020189,12,0.7140000000000006,0.7140000000000001,0.1260000000000001,0.0,0.0,0.06300000000000006,0.06300000000000006
1507,1,0,1,0.1869736364125042,4.0,10.5,9.899999999999999,67.24985024727845,64.8175376102019,12,0.7140000000000006,0.7140000000000001,0.1260000000000001,0.0,0.0,0.06300000000000006,0.06300000000000006
1508,1,0,0,-0.05304080374318524,3.946959196256815,10.5,9.899999999999999,67.23935024727844,64.8070376102019,12,0.7140000000000006,0.7140000000000001,0.1260000000000001,0.0,0.0,0.06300000000000006,0.06300000000000006
1509,1,0,1,0.18696017787601715,4.0,10.5,9.899999999999999,67.22885024727844,64.7965376102019,12,0.7140000000000006,0.7140000000000001,0.1260000000000001,0.0,0.0,0.06300000000000006,0.06300000000000006
1510,1,0,1,0.18696081832853015,4.0,10.5,9.899999999999999,67.21835024727845,64.78603761020192,12,0.7140000000000006,0.7140000000000001,0.1260000000000001,0.0,0.0,0.06300000000000006,0.06300000000000006
1511,1,0,0,-0.05303889623000181,3.9469611037699983,10.5,9.899999999999999,67.20785024727844,64.77553761020192,12,0.7140000000000006,0.7140000000000001,0.1260000000000001,0.0,0.0,0.06300000000000006,0.06300000000000006
1512,1,0,1,0.1869753085508247,4.0,10.5,9.899999999999999,67.19735024727846,64.76503761020193,12,0.7140000000000006,0.7140000000000001,0.1260000000000001,0.0,0.0,0.06300000000000006,0.06300000000000006
1513,1,0,0,-0.05304903326802857,3.9469509667319715,10.5,9.899999999999999,67.18685024727847,64.75453761020195,12,0.7140000000000006,0.7140000000000001,0.1260000000000001,0.0,0.0,0.06300000000000006,0.06300000000000006
1514,1,2,1,0.12197383815612581,4.0,10.5,9.899999999999999,67.17635024727848,64.74403761020194,12,0.7140000000000006,0.7140000000000001,0.1260000000000001,0.0,0.0,0.06300000000000006,0.06300000000000006
1515,1,0,1,0.1869585662386073,4.0,10.5,9.899999999999999,67.1658502472785,64.73353761020195,12,0.7140000000000006,0.7140000000000001,0.1260000000000001,0.0,0.0,0.06300000000000006,0.06300000000000006
1516,1,0,1,0.18697551346303526,4.0,10.5,9.899999999999999,67.15535024727849,64.72303761020196,12,0.7140000000000006,0.7140000000000001,0.1260000000000001,0.0,0.0,0.06300000000000006,0.06300000000000006
1517,1,0,1,0.18695566362670257,4.0,10.5,9.899999999999999,67.1448502472785,64.71253761020195,12,0.7140000000000006,0.7140000000000001,0.1260000000000001,0.0,0.0,0.06300000000000006,0.06300000000000006
1518,1,0,1,0.18695789037395302,4.0,10.5,9.899999999999999,67.1343502472785,64.70203761020197,12,0.7140000000000006,0.7140000000000001,0.1260000000000001,0.0,0.0,0.06300000000000006,0.06300000000000006
1519,1,0,1,0.18694466661354558,4.0,10.5,9.899999999999999,67.1238502472785,64.69153761020198,12,0.7140000000000006,0.7140000000000001,0.1260000000000001,0.0,0.0,0.06300000000000006,0.06300000000000006
1520,1,1,1,0.12196960020880501,4.0,10.5,9.899999999999999,67.11335024727852,64.68103761020198,12,0.7140000000000006,0.7140000000000001,0.1260000000000001,0.0,0.0,0.06300000000000006,0.06300000000000006
1521,1,0,1,0.18695315236162133,4.0,10.5,9.899999999999999,67.10285024727852,64.670537610202,12,0.7140000000000006,0.7140000000000001,0.1260000000000001,0.0,0.0,0.06300000000000006,0.06300000000000006
1522,1,0,1,0.1869504946716718,4.0,10.5,9.899999999999999,67.09235024727853,64.660037610202,12,0.7140000000000006,0.7140000000000001,0.1260000000000001,0.0,0.0,0.06300000000000006,0.06300000000000006
1523,1,0,1,0.18697303799011636,4.0,10.5,9.899999999999999,67.08185024727855,64.649537610202,12,0.7140000000000006,0.7140000000000001,0.1260000000000001,0.0,0.0,0.06300000000000006,0.06300000000000006
1524,1,0,0,-0.053045868200398624,3.9469541317996013,10.5,9.899999999999999,67.07135024727854,64.63903761020201,12,0.7140000000000006,0.7140000000000001,0.1260000000000001,0.0,0.0,0.06300000000000006,0.06300000000000006
1525,1,1,1,0.12195689491390828,4.0,10.5,9.899999999999999,67.06085024727855,64.628537610202,12,0.7140000000000006,0.7140000000000001,0.1260000000000001,0.0,0.0,0.06300000000000006,0.06300000000000006
1526,1,0,0,-0.05304931340204872,3.946950686597951,10.5,9.899999999999999,67.05035024727856,64.61803761020202,12,0.7140000000000006,0.7140000000000001,0.1260000000000001,0.0,0.0,0.06300000000000006,0.06300000000000006
1527,1,2,1,0.12197660835276762,4.0,10.5,9.899999999999999,67.03985024727855,64.60753761020203,12,0.7140000000000006,0.7140000000000001,0.1260000000000001,0.0,0.0,0.06300000000000006,0.06300000000000006
1528,1,0,1,0.18698153710474913,4.0,10.5,9.899999999999999,67.02935024727857,64.59703761020204,12,0.7140000000000006,0.7140000000000001,0.1260000000000001,0.0,0.0,0.06300000000000006,0.06300000000000006
1529,1,0,1,0.18694869864858946,4.0,10.5,9.899999999999999,67.01885024727858,64.58653761020206,12,0.7140000000000006,0.7140000000000001,0.1260000000000001,0.0,0.0,0.06300000000000006,0.06300000000000006
1530,1,0,1,0.18695665693780156,4.0,10.5,9.899999999999999,67.00835024727859,64.57603761020205,12,0.7140000000000006,0.7140000000000001,0.1260000000000001,0.0,0.0,0.06300000000000006,0.06300000000000006
1531,1,0,1,0.18694741545785187,4.0,10.5,9.899999999999999,66.9978502472786,64.56553761020206,12,0.7140000000000006,0.7140000000000001,0.1260000000000001,0.0,0.0,0.06300000000000006,0.06300000000000006
1532,1,0,1,0.1869507607993215,4.0,10.5,9.899999999999999,66.9873502472786,64.55503761020206,12,0.7140000000000006,0.7140000000000001,0.1260000000000001,0.0,0.0,0.06300000000000006,0.06300000000000006
1533,1,0,1,0.18694332156919508,4.0,10.5,9.899999999999999,66.9768502472786,64.54453761020206,12,0.7140000000000006,0.7140000000000001,0.1260000000000001,0.0,0.0,0.06300000000000006,0.06300000000000006
1534,1,0,1,0.18696731188497015,4.0,10.5,9.899999999999999,66.96635024727861,64.53403761020208,12,0.7140000000000006,0.7140000000000001,0.1260000000000001,0.0,0.0,0.06300000000000006,0.06300000000000006
1535,1,0,1,0.18694685143856102,4.0,10.5,9.899999999999999,66.9558502472786,64.52353761020208,12,0.7140000000000006,0.7140000000000001,0.1260000000000001,0.0,0.0,0.06300000000000006,0.06300000000000006
1536,1,0,1,0.18696581748698624,4.0,10.5,9.899999999999999,66.94535024727863,64.51303761020209,13,0.7140000000000006,0.7140000000000001,0.1260000000000001,0.0,0.0,0.06300000000000006,0.06300000000000006
1537,1,0,1,0.18696560449778102,4.0,10.5,9.899999999999999,66.93485024727863,64.50253761020211,13,0.7140000000000006,0.7140000000000001,0.1260000000000001,0.0,0.0,0.06300000000000006,0.06300000000000006
1538,1,0,1,0.1869595452674665,4.0,10.5,9.899999999999999,66.92435024727864,64.4920376102021,13,0.7140000000000006,0.7140000000000001,0.1260000000000001,0.0,0.0,0.06300000000000006,0.06300000000000006
1539,1,0,1,0.18694585945884284,4.0,10.5,9.899999999999999,66.91385024727866,64.48153761020211,13,0.7140000000000006,0.7140000000000001,0.1260000000000001,0.0,0.0,0.06300000000000006,0.06300000000000006
1540,1,0,1,0.18694587063579998,4.0,10.5,9.899999999999999,66.90335024727865,64.47103761020212,13,0.7140000000000006,0.7140000000000001,0.1260000000000001,0.0,0.0,0.06300000000000006,0.06300000000000006
1541,1,0,1,0.18694779495201863,4.0,10.5,9.899999999999999,66.89285024727866,64.46053761020211,13,0.7140000000000006,0.7140000000000001,0.1260000000000001,0.0,0.0,0.06300000000000006,0.06300000000000006
1542,1,0,1,0.18696939463636822,4.0,10.5,9.899999999999999,66.88235024727867,64.45003761020213,13,0.7140000000000006,0.7140000000000001,0.1260000000000001,0.0,0.0,0.06300000000000006,0.06300000000000006
1543,1,0,1,0.18697193377014276,4.0,10.5,9.899999999999999,66.87185024727866,64.43953761020214,13,0.7140000000000006,0.7140000000000001,0.1260000000000001,0.0,0.0,0.06300000000000006,0.06300000000000006
1544,1,0,0,-0.0530264247196374,3.9469735752803627,10.5,9.899999999999999,66.86135024727868,64.42903761020214,13,0.7140000000000006,0.7140000000000001,0.1260000000000001,0.0,0.0,0.06300000000000006,0.06300000000000006
1545,1,0,1,0.18695898126099708,4.0,10.5,9.899999999999999,66.85085024727869,64.41853761020216,13,0.7140000000000006,0.7140000000000001,0.1260000000000001,0.0,0.0,0.06300000000000006,0.06300000000000006
1546,1,0,1,0.18694661826343836,4.0,10.5,9.899999999999999,66.84035024727869,64.40803761020216,13,0.7140000000000006,0.7140000000000001,0.1260000000000001,0.0,0.0,0.06300000000000006,0.06300000000000006
1547,1,0,1,0.18697505904400902,4.0,10.5,9.899999999999999,66.82985024727871,64.39753761020216,13,0.7140000000000006,0.7140000000000001,0.1260000000000001,0.0,0.0,0.06300000000000006,0.06300000000000006
1548,1,0,1,0.18694615130906622,4.0,10.5,9.899999999999999,66.8193502472787,64.38703761020217,13,0.7140000000000006,0.7140000000000001,0.1260000000000001,0.0,0.0,0.06300000000000006,0.06300000000000006
1549,1,0,0,-0.05302791811599946,3.9469720818840006,10.5,9.899999999999999,66.80885024727871,64.37653761020216,13,0.7140000000000006,0.7140000000000001,0.1260000000000001,0.0,0.0,0.06300000000000006,0.06300000000000006
1550,1,0,0,-0.05304789232110907,3.8939241895628918,10.5,9.899999999999999,66.79835024727872,64.36603761020218,13,0.7140000000000006,0.7140000000000001,0.1260000000000001,0.0,0.0,0.06300000000000006,0.06300000000000006
1551,1,0,0,-0.05304269347980391,3.840881496083088,10.5,9.899999999999999,66.78785024727871,64.35553761020219,13,0.7140000000000006,0.7140000000000001,0.1260000000000001,0.0,0.0,0.06300000000000006,0.06300000000000006
1552,1,0,1,0.18694902418047382,4.0,10.5,9.899999999999999,66.77735024727873,64.3450376102022,13,0.7140000000000006,0.7140000000000001,0.1260000000000001,0.0,0.0,0.06300000000000006,0.06300000000000006
1553,1,0,1,0.1869441807275511,4.0,10.5,9.899999999999999,66.76685024727874,64.33453761020222,13,0.7140000000000006,0.7140000000000001,0.1260000000000001,0.0,0.0,0.06300000000000006,0.06300000000000006
1554,1,1,1,0.12194085871095389,4.0,10.5,9.899999999999999,66.75635024727875,64.32403761020221,13,0.7140000000000006,0.7140000000000001,0.1260000000000001,0.0,0.0,0.06300000000000006,0.06300000000000006
1555,1,0,1,0.18694574423119642,4.0,10.5,9.899999999999999,66.74585024727877,64.31353761020222,13,0.7140000000000006,0.7140000000000001,0.1260000000000001,0.0,0.0,0.06300000000000006,0.06300000000000006
1556,1,0,1,0.18694925833874057,4.0,10.5,9.899999999999999,66.73535024727876,64.30303761020222,13,0.7140000000000006,0.7140000000000001,0.1260000000000001,0.0,0.0,0.06300000000000006,0.06300000000000006
1557,1,0,1,0.18694308962514408,4.0,10.5,9.899999999999999,66.72485024727877,64.29253761020222,13,0.7140000000000006,0.7140000000000001,0.1260000000000001,0.0,0.0,0.06300000000000006,0.06300000000000006
1558,1,0,1,0.18696675365844515,4.0,10.5,9.899999999999999,66.71435024727877,64.28203761020224,13,0.7140000000000006,0.7140000000000001,0.1260000000000001,0.0,0.0,0.06300000000000006,0.06300000000000006
1559,1,1,1,0.1219497862626746,4.0,10.5,9.899999999999999,66.70385024727877,64.27153761020224,13,0.7140000000000006,0.7140000000000001,0.1260000000000001,0.0,0.0,0.06300000000000006,0.06300000000000006
1560,1,0,0,-0.053053995748583965,3.946946004251416,10.5,9.899999999999999,66.69335024727879,64.26103761020225,13,0.7140000000000006,0.7140000000000001,0.1260000000000001,0.0,0.0,0.06300000000000006,0.06300000000000006
1561,1,0,1,0.18694566131168733,4.0,10.5,9.899999999999999,66.6828502472788,64.25053761020227,13,0.7140000000000006,0.7140000000000001,0.1260000000000001,0.0,0.0,0.06300000000000006,0.06300000000000006
1562,1,0,0,-0.05306528755866753,3.9469347124413323,10.5,9.899999999999999,66.6723502472788,64.24003761020226,13,0.7140000000000006,0.7140000000000001,0.1260000000000001,0.0,0.0,0.06300000000000006,0.06300000000000006
1563,1,0,1,0.18696416293755802,4.0,10.5,9.899999999999999,66.66185024727882,64.22953761020227,13,0.7140000000000006,0.7140000000000001,0.1260000000000001,0.0,0.0,0.06300000000000006,0.06300000000000006
1564,1,1,1,0.12194382361210165,4.0,10.5,9.899999999999999,66.65135024727881,64.21903761020228,13,0.7140000000000006,0.7140000000000001,0.1260000000000001,0.0,0.0,0.06300000000000006,0.06300000000000006
1565,1,0,1,0.18697129570914878,4.0,10.5,9.899999999999999,66.64085024727882,64.20853761020227,13,0.7140000000000006,0.7140000000000001,0.1260000000000001,0.0,0.0,0.06300000000000006,0.06300000000000006
1566,1,0,1,0.18696582654686095,4.0,10.5,9.899999999999999,66.63035024727883,64.19803761020229,13,0.7140000000000006,0.7140000000000001,0.1260000000000001,0.0,0.0,0.06300000000000006,0.06300000000000006
1567,1,0,0,-0.05306199208722657,3.9469380079127734,10.5,9.899999999999999,66.61985024727882,64.1875376102023,13,0.7140000000000006,0.7140000000000001,0.1260000000000001,0.0,0.0,0.06300000000000006,0.06300000000000006
1568,1,0,1,0.18694314515882568,4.0,10.5,9.899999999999999,66.60935024727884,64.1770376102023,13,0.7140000000000006,0.7140000000000001,0.1260000000000001,0.0,0.0,0.06300000000000006,0.06300000000000006
1569,1,2,1,0.12197089756157257,4.0,10.5,9.899999999999999,66.59885024727885,64.16653761020233,13,0.7140000000000006,0.7140000000000001,0.1260000000000001,0.0,0.0,0.06300000000000006,0.06300000000000006
1570,1,0,1,0.18697030945547868,4.0,10.5,9.899999999999999,66.58835024727885,64.15603761020232,13,0.7140000000000006,0.7140000000000001,0.1260000000000001,0.0,0.0,0.06300000000000006,0.06300000000000006
1571,1,0,0,-0.05305114464557082,3.946948855354429,10.5,9.899999999999999,66.57785024727887,64.14553761020233,13,0.7140000000000006,0.7140000000000001,0.1260000000000001,0.0,0.0,0.06300000000000006,0.06300000000000006
1572,1,0,1,0.18695419646244252,4.0,10.5,9.899999999999999,66.56735024727887,64.13503761020233,13,0.7140000000000006,0.7140000000000001,0.1260000000000001,0.0,0.0,0.06300000000000006,0.06300000000000006
1573,1,0,1,0.18694869194899405,4.0,10.5,9.899999999999999,66.55685024727887,64.12453761020232,13,0.7140000000000006,0.7140000000000001,0.1260000000000001,0.0,0.0,0.06300000000000006,0.06300000000000006
1574,1,1,1,0.12198124043394624,4.0,10.5,9.899999999999999,66.54635024727888,64.11403761020235,13,0.7140000000000006,0.7140000000000001,0.1260000000000001,0.0,0.0,0.06300000000000006,0.06300000000000006
1575,1,0,1,0.18696487273340204,4.0,10.5,9.899999999999999,66.53585024727887,64.10353761020235,13,0.7140000000000006,0.7140000000000001,0.1260000000000001,0.0,0.0,0.06300000000000006,0.06300000000000006
1576,1,0,1,0.18697399385277408,4.0,10.5,9.899999999999999,66.5253502472789,64.09303761020236,13,0.7140000000000006,0.7140000000000001,0.1260000000000001,0.0,0.0,0.06300000000000006,0.06300000000000006
1577,1,0,1,0.18694053338989267,4.0,10.5,9.899999999999999,66.5148502472789,64.08253761020238,13,0.7140000000000006,0.7140000000000001,0.1260000000000001,0.0,0.0,0.06300000000000006,0.06300000000000006
1578,1,2,1,0.12197914945998573,4.0,10.5,9.899999999999999,66.50435024727891,64.07203761020237,13,0.7140000000000006,0.7140000000000001,0.1260000000000001,0.0,0.0,0.06300000000000006,0.06300000000000006
1579,1,0,1,0.18695759330838382,4.0,10.5,9.899999999999999,66.49385024727893,64.06153761020238,13,0.7140000000000006,0.7140000000000001,0.1260000000000001,0.0,0.0,0.06300000000000006,0.06300000000000006
1580,1,0,0,-0.05305115198861348,3.9469488480113863,10.5,9.899999999999999,66.48335024727892,64.05103761020239,13,0.7140000000000006,0.7140000000000001,0.1260000000000001,0.0,0.0,0.06300000000000006,0.06300000000000006
1581,1,0,1,0.18695628444973406,4.0,10.5,9.899999999999999,66.47285024727893,64.04053761020238,13,0.7140000000000006,0.7140000000000001,0.1260000000000001,0.0,0.0,0.06300000000000006,0.06300000000000006
1582,1,0,1,0.18696941634057856,4.0,10.5,9.899999999999999,66.46235024727893,64.0300376102024,13,0.7140000000000006,0.7140000000000001,0.1260000000000001,0.0,0.0,0.06300000000000006,0.06300000000000006
1583,1,2,1,0.12194245277650076,4.0,10.5,9.899999999999999,66.45185024727893,64.0195376102024,13,0.7140000000000006,0.7140000000000001,0.1260000000000001,0.0,0.0,0.06300000000000006,0.06300000000000006
1584,1,0,1,0.18695238529932456,4.0,10.5,9.899999999999999,66.44135024727895,64.00903761020241,13,0.7140000000000006,0.7140000000000001,0.1260000000000001,0.0,0.0,0.06300000000000006,0.06300000000000006
1585,1,0,1,0.18695956903747366,4.0,10.5,9.899999999999999,66.43085024727895,63.99853761020241,13,0.7140000000000006,0.7140000000000001,0.1260000000000001,0.0,0.0,0.06300000000000006,0.06300000000000006
1586,1,0,1,0.18695772134234706,4.0,10.5,9.899999999999999,66.42035024727896,63.98803761020241,13,0.7140000000000006,0.7140000000000001,0.1260000000000001,0.0,0.0,0.06300000000000006,0.06300000000000006
1587,1,0,1,0.18695000822202038,4.0,10.5,9.899999999999999,66.40985024727898,63.97753761020241,13,0.7140000000000006,0.7140000000000001,0.1260000000000001,0.0,0.0,0.06300000000000006,0.06300000000000006
1588,1,0,1,0.18696238339838772,4.0,10.5,9.899999999999999,66.39935024727897,63.967037610202404,13,0.7140000000000006,0.7140000000000001,0.1260000000000001,0.0,0.0,0.06300000000000006,0.06300000000000006
1589,1,0,1,0.18695252590591838,4.0,10.5,9.899999999999999,66.38885024727898,63.95653761020241,13,0.7140000000000006,0.7140000000000001,0.1260000000000001,0.0,0.0,0.06300000000000006,0.06300000000000006
1590,1,0,1,0.1869678479986599,4.0,10.5,9.899999999999999,66.37835024727899,63.94603761020242,13,0.7140000000000006,0.7140000000000001,0.1260000000000001,0.0,0.0,0.06300000000000006,0.06300000000000006
1591,1,0,1,0.18697790118449517,4.0,10.5,9.899999999999999,66.36785024727898,63.93553761020241,13,0.7140000000000006,0.7140000000000001,0.1260000000000001,0.0,0.0,0.06300000000000006,0.06300000000000006
1592,1,0,1,0.18696425030297217,4.0,10.5,9.899999999999999,66.357350247279,63.925037610202416,13,0.7140000000000006,0.7140000000000001,0.1260000000000001,0.0,0.0,0.06300000000000006,0.06300000000000006
1593,1,0,1,0.18695843434770168,4.0,10.5,9.899999999999999,66.34685024727901,63.91453761020241,13,0.7140000000000006,0.7140000000000001,0.1260000000000001,0.0,0.0,0.06300000000000006,0.06300000000000006
1594,1,0,1,0.18695490827194877,4.0,10.5,9.899999999999999,66.33635024727901,63.90403761020241,13,0.7140000000000006,0.7140000000000001,0.1260000000000001,0.0,0.0,0.06300000000000006,0.06300000000000006
1595,1,0,1,0.1869621306066135,4.0,10.5,9.899999999999999,66.32585024727904,63.89353761020241,13,0.7140000000000006,0.7140000000000001,0.1260000000000001,0.0,0.0,0.06300000000000006,0.06300000000000006
1596,1,0,1,0.1869653353413194,4.0,10.5,9.899999999999999,66.31535024727903,63.8830376102024,13,0.7140000000000006,0.7140000000000001,0.1260000000000001,0.0,0.0,0.06300000000000006,0.06300000000000006
1597,1,0,1,0.18694531799567163,4.0,10.5,9.899999999999999,66.30485024727903,63.87253761020241,13,0.7140000000000006,0.7140000000000001,0.1260000000000001,0.0,0.0,0.06300000000000006,0.06300000000000006
1598,1,0,0,-0.05302989183163117,3.946970108168369,10.5,9.899999999999999,66.29435024727904,63.8620376102024,13,0.7140000000000006,0.7140000000000001,0.1260000000000001,0.0,0.0,0.06300000000000006,0.06300000000000006
1599,1,2,1,0.121959730716122,4.0,10.5,9.899999999999999,66.28385024727903,63.851537610202406,13,0.7140000000000006,0.7140000000000001,0.1260000000000001,0.0,0.0,0.06300000000000006,0.06300000000000006
1600,1,0,1,0.18693537095928395,4.0,10.5,9.899999999999999,66.27335024727905,63.84103761020241,13,0.7140000000000006,0.7140000000000001,0.1260000000000001,0.0,0.0,0.06300000000000006,0.06300000000000006
1601,1,0,0,-0.05304769090228534,3.9469523090977146,10.5,9.899999999999999,66.26285024727906,63.830537610202406,13,0.7140000000000006,0.7140000000000001,0.1260000000000001,0.0,0.0,0.06300000000000006,0.06300000000000006
1602,1,2,1,0.12195592892944224,4.0,10.5,9.899999999999999,66.25235024727907,63.820037610202405,13,0.7140000000000006,0.7140000000000001,0.1260000000000001,0.0,0.0,0.06300000000000006,0.06300000000000006
1603,1,0,1,0.18697687242109318,4.0,10.5,9.899999999999999,66.24185024727909,63.809537610202405,13,0.7140000000000006,0.7140000000000001,0.1260000000000001,0.0,0.0,0.06300000000000006,0.06300000000000006
1604,1,1,1,0.12197527599736105,4.0,10.5,9.899999999999999,66.23135024727908,63.7990376102024,13,0.7140000000000006,0.7140000000000001,0.1260000000000001,0.0,0.0,0.06300000000000006,0.06300000000000006
1605,1,0,1,0.1869693868423051,4.0,10.5,9.899999999999999,66.22085024727909,63.788537610202404,13,0.7140000000000006,0.7140000000000001,0.1260000000000001,0.0,0.0,0.06300000000000006,0.06300000000000006
1606,1,0,1,0.18696496415290026,4.0,10.5,9.899999999999999,66.2103502472791,63.77803761020241,13,0.7140000000000006,0.7140000000000001,0.1260000000000001,0.0,0.0,0.06300000000000006,0.06300000000000006
1607,1,1,1,0.12193782851944958,4.0,10.5,9.899999999999999,66.19985024727909,63.7675376102024,13,0.7140000000000006,0.7140000000000001,0.1260000000000001,0.0,0.0,0.06300000000000006,0.06300000000000006
1608,1,0,1,0.18696404373186684,4.0,10.5,9.899999999999999,66.18935024727911,63.75703761020241,13,0.7140000000000006,0.7140000000000001,0.1260000000000001,0.0,0.0,0.06300000000000006,0.06300000000000006
1609,1,0,1,0.18697622956605173,4.0,10.5,9.899999999999999,66.17885024727912,63.7465376102024,13,0.7140000000000006,0.7140000000000001,0.1260000000000001,0.0,0.0,0.06300000000000006,0.06300000000000006
1610,1,0,1,0.18694941780712024,4.0,10.5,9.899999999999999,66.16835024727912,63.7360376102024,13,0.7140000000000006,0.7140000000000001,0.1260000000000001,0.0,0.0,0.06300000000000006,0.06300000000000006
1611,1,0,0,-0.05304716152610031,3.9469528384738997,10.5,9.899999999999999,66.15785024727914,63.7255376102024,13,0.7140000000000006,0.7140000000000001,0.1260000000000001,0.0,0.0,0.06300000000000006,0.06300000000000006
1612,1,0,1,0.1869697547468299,4.0,10.5,9.899999999999999,66.14735024727914,63.715037610202394,13,0.7140000000000006,0.7140000000000001,0.1260000000000001,0.0,0.0,0.06300000000000006,0.06300000000000006
1613,1,0,1,0.18694964318122942,4.0,10.5,9.899999999999999,66.13685024727914,63.7045376102024,13,0.7140000000000006,0.7140000000000001,0.1260000000000001,0.0,0.0,0.06300000000000006,0.06300000000000006
1614,1,0,1,0.18695074445704127,4.0,10.5,9.899999999999999,66.12635024727915,63.69403761020239,13,0.7140000000000006,0.7140000000000001,0.1260000000000001,0.0,0.0,0.06300000000000006,0.06300000000000006
1615,1,1,1,0.12194051622667414,4.0,10.5,9.899999999999999,66.11585024727914,63.6835376102024,13,0.7140000000000006,0.7140000000000001,0.1260000000000001,0.0,0.0,0.06300000000000006,0.06300000000000006
1616,1,0,1,0.1869776786699214,4.0,10.5,9.899999999999999,66.10535024727916,63.67303761020241,13,0.7140000000000006,0.7140000000000001,0.1260000000000001,0.0,0.0,0.06300000000000006,0.06300000000000006
1617,1,0,1,0.18694986848201955,4.0,10.5,9.899999999999999,66.09485024727917,63.6625376102024,13,0.7140000000000006,0.7140000000000001,0.1260000000000001,0.0,0.0,0.06300000000000006,0.06300000000000006
1618,1,0,0,-0.05304601337698476,3.9469539866230154,10.5,9.899999999999999,66.08435024727918,63.6520376102024,13,0.7140000000000006,0.7140000000000001,0.1260000000000001,0.0,0.0,0.06300000000000006,0.06300000000000006
1619,1,0,1,0.18694561014648792,4.0,10.5,9.899999999999999,66.0738502472792,63.6415376102024,13,0.7140000000000006,0.7140000000000001,0.1260000000000001,0.0,0.0,0.06300000000000006,0.06300000000000006
1620,1,0,1,0.18695789577521185,4.0,10.5,9.899999999999999,66.06335024727919,63.63103761020239,13,0.7140000000000006,0.7140000000000001,0.1260000000000001,0.0,0.0,0.06300000000000006,0.06300000000000006
1621,1,1,0,-0.11803917861343265,3.8819608213865675,10.5,9.899999999999999,66.0528502472792,63.6205376102024,13,0.7140000000000006,0.7140000000000001,0.1260000000000001,0.0,0.0,0.06300000000000006,0.06300000000000006
1622,1,0,1,0.18693622701933194,4.0,10.5,9.899999999999999,66.0423502472792,63.610037610202404,13,0.7140000000000006,0.7140000000000001,0.1260000000000001,0.0,0.0,0.06300000000000006,0.06300000000000006
1623,1,0,1,0.18695296504127465,4.0,10.5,9.899999999999999,66.0318502472792,63.5995376102024,13,0.7140000000000006,0.7140000000000001,0.1260000000000001,0.0,0.0,0.06300000000000006,0.06300000000000006
1624,1,0,1,0.18695047599796588,4.0,10.5,9.899999999999999,66.02135024727922,63.5890376102024,13,0.7140000000000006,0.7140000000000001,0.1260000000000001,0.0,0.0,0.06300000000000006,0.06300000000000006
1625,1,0,1,0.1869515176207576,4.0,10.5,9.899999999999999,66.01085024727922,63.578537610202396,13,0.7140000000000006,0.7140000000000001,0.1260000000000001,0.0,0.0,0.06300000000000006,0.06300000000000006
1626,1,0,1,0.18696716919573217,4.0,10.5,9.899999999999999,66.00035024727923,63.568037610202396,13,0.7140000000000006,0.7140000000000001,0.1260000000000001,0.0,0.0,0.06300000000000006,0.06300000000000006
1627,1,0,1,0.18694022210063413,4.0,10.5,9.899999999999999,65.98985024727925,63.557537610202395,13,0.7140000000000006,0.7140000000000001,0.1260000000000001,0.0,0.0,0.06300000000000006,0.06300000000000006
1628,1,0,1,0.18697178418991944,4.0,10.5,9.899999999999999,65.97935024727924,63.54703761020239,13,0.7140000000000006,0.7140000000000001,0.1260000000000001,0.0,0.0,0.06300000000000006,0.06300000000000006
1629,1,0,1,0.1869559877847274,4.0,10.5,9.899999999999999,65.96885024727925,63.536537610202394,13,0.7140000000000006,0.7140000000000001,0.1260000000000001,0.0,0.0,0.06300000000000006,0.06300000000000006
1630,1,0,1,0.1869668183119713,4.0,10.5,9.899999999999999,65.95835024727926,63.52603761020239,13,0.7140000000000006,0.7140000000000001,0.1260000000000001,0.0,0.0,0.06300000000000006,0.06300000000000006
1631,1,0,1,0.1869609413616391,4.0,10.5,9.899999999999999,65.94785024727925,63.515537610202394,13,0.7140000000000006,0.7140000000000001,0.1260000000000001,0.0,0.0,0.06300000000000006,0.06300000000000006
1632,1,0,1,0.18695149110096682,4.0,10.5,9.899999999999999,65.93735024727927,63.5050376102024,13,0.7140000000000006,0.7140000000000001,0.1260000000000001,0.0,0.0,0.06300000000000006,0.06300000000000006
1633,1,0,1,0.18695111578303072,4.0,10.5,9.899999999999999,65.92685024727928,63.49453761020239,13,0.7140000000000006,0.7140000000000001,0.1260000000000001,0.0,0.0,0.06300000000000006,0.06300000000000006
1634,1,0,1,0.18694600978558598,4.0,10.5,9.899999999999999,65.91635024727928,63.48403761020239,13,0.7140000000000006,0.7140000000000001,0.1260000000000001,0.0,0.0,0.06300000000000006,0.06300000000000006
1635,1,0,1,0.18695358360542277,4.0,10.5,9.899999999999999,65.9058502472793,63.47353761020239,13,0.7140000000000006,0.7140000000000001,0.1260000000000001,0.0,0.0,0.06300000000000006,0.06300000000000006
1636,1,0,1,0.186966988213226,4.0,10.5,9.899999999999999,65.8953502472793,63.463037610202385,13,0.7140000000000006,0.7140000000000001,0.1260000000000001,0.0,0.0,0.06300000000000006,0.06300000000000006
1637,1,0,1,0.18695107000207895,4.0,10.5,9.899999999999999,65.8848502472793,63.45253761020239,13,0.7140000000000006,0.7140000000000001,0.1260000000000001,0.0,0.0,0.06300000000000006,0.06300000000000006
1638,1,0,1,0.18694510134934963,4.0,10.5,9.899999999999999,65.87435024727931,63.4420376102024,13,0.7140000000000006,0.7140000000000001,0.1260000000000001,0.0,0.0,0.06300000000000006,0.06300000000000006
1639,1,0,1,0.1869741472988644,4.0,10.5,9.899999999999999,65.8638502472793,63.43153761020239,13,0.7140000000000006,0.7140000000000001,0.1260000000000001,0.0,0.0,0.06300000000000006,0.06300000000000006
1640,1,2,1,0.12195239503226724,4.0,10.5,9.899999999999999,65.85335024727932,63.4210376102024,13,0.7140000000000006,0.7140000000000001,0.1260000000000001,0.0,0.0,0.06300000000000006,0.06300000000000006
1641,1,0,0,-0.053023014551223525,3.9469769854487766,10.5,9.899999999999999,65.84285024727933,63.41053761020239,13,0.7140000000000006,0.7140000000000001,0.1260000000000001,0.0,0.0,0.06300000000000006,0.06300000000000006
1642,1,0,1,0.1869520127556347,4.0,10.5,9.899999999999999,65.83235024727934,63.40003761020239,13,0.7140000000000006,0.7140000000000001,0.1260000000000001,0.0,0.0,0.06300000000000006,0.06300000000000006
1643,1,0,1,0.18696840277905022,4.0,10.5,9.899999999999999,65.82185024727936,63.38953761020239,13,0.7140000000000006,0.7140000000000001,0.1260000000000001,0.0,0.0,0.06300000000000006,0.06300000000000006
1644,1,0,1,0.1869520639766795,4.0,10.5,9.899999999999999,65.81135024727935,63.37903761020238,13,0.7140000000000006,0.7140000000000001,0.1260000000000001,0.0,0.0,0.06300000000000006,0.06300000000000006
1645,1,0,1,0.18695136426190134,4.0,10.5,9.899999999999999,65.80085024727936,63.36853761020239,13,0.7140000000000006,0.7140000000000001,0.1260000000000001,0.0,0.0,0.06300000000000006,0.06300000000000006
1646,1,1,1,0.1219506450577459,4.0,10.5,9.899999999999999,65.79035024727936,63.35803761020238,13,0.7140000000000006,0.7140000000000001,0.1260000000000001,0.0,0.0,0.06300000000000006,0.06300000000000006
1647,1,2,1,0.12196581792276978,4.0,10.5,9.899999999999999,65.77985024727936,63.34753761020239,13,0.7140000000000006,0.7140000000000001,0.1260000000000001,0.0,0.0,0.06300000000000006,0.06300000000000006
1648,1,0,1,0.18696659993647943,4.0,10.5,9.899999999999999,65.76935024727938,63.337037610202394,13,0.7140000000000006,0.7140000000000001,0.1260000000000001,0.0,0.0,0.06300000000000006,0.06300000000000006
1649,1,0,1,0.18694713468499613,4.0,10.5,9.899999999999999,65.75885024727938,63.32653761020239,13,0.7140000000000006,0.7140000000000001,0.1260000000000001,0.0,0.0,0.06300000000000006,0.06300000000000006
1650,1,1,1,0.12195731040540994,4.0,10.5,9.899999999999999,65.74835024727939,63.316037610202386,13,0.7140000000000006,0.7140000000000001,0.1260000000000001,0.0,0.0,0.06300000000000006,0.06300000000000006
1651,1,0,1,0.1869748401625978,4.0,10.5,9.899999999999999,65.73785024727941,63.305537610202386,13,0.7140000000000006,0.7140000000000001,0.1260000000000001,0.0,0.0,0.06300000000000006,0.06300000000000006
1652,1,0,1,0.1869385425638427,4.0,10.5,9.899999999999999,65.7273502472794,63.29503761020238,13,0.7140000000000006,0.7140000000000001,0.1260000000000001,0.0,0.0,0.06300000000000006,0.06300000000000006
1653,1,0,0,-0.05305658467559047,3.9469434153244096,10.5,9.899999999999999,65.71685024727941,63.284537610202385,13,0.7140000000000006,0.7140000000000001,0.1260000000000001,0.0,0.0,0.06300000000000006,0.06300000000000006
1654,1,0,1,0.18696346155288102,4.0,10.5,9.899999999999999,65.70635024727942,63.27403761020239,13,0.7140000000000006,0.7140000000000001,0.1260000000000001,0.0,0.0,0.06300000000000006,0.06300000000000006
1655,1,0,1,0.18696331284059922,4.0,10.5,9.899999999999999,65.69585024727941,63.263537610202384,13,0.7140000000000006,0.7140000000000001,0.1260000000000001,0.0,0.0,0.06300000000000006,0.06300000000000006
1656,1,0,1,0.18694125863423494,4.0,10.5,9.899999999999999,65.68535024727943,63.25303761020239,13,0.7140000000000006,0.7140000000000001,0.1260000000000001,0.0,0.0,0.06300000000000006,0.06300000000000006
1657,1,0,1,0.18694934184936546,4.0,10.5,9.899999999999999,65.67485024727944,63.24253761020238,13,0.7140000000000006,0.7140000000000001,0.1260000000000001,0.0,0.0,0.06300000000000006,0.06300000000000006
1658,1,0,1,0.1869623594585157,4.0,10.5,9.899999999999999,65.66435024727944,63.23203761020238,13,0.7140000000000006,0.7140000000000001,0.1260000000000001,0.0,0.0,0.06300000000000006,0.06300000000000006
1659,1,1,1,0.12194537032359513,4.0,10.5,9.899999999999999,65.65385024727946,63.22153761020238,13,0.7140000000000006,0.7140000000000001,0.1260000000000001,0.0,0.0,0.06300000000000006,0.06300000000000006
1660,1,0,1,0.18694892155921183,4.0,10.5,9.899999999999999,65.64335024727946,63.211037610202375,13,0.7140000000000006,0.7140000000000001,0.1260000000000001,0.0,0.0,0.06300000000000006,0.06300000000000006
1661,1,0,1,0.18695970323702335,4.0,10.5,9.899999999999999,65.63285024727946,63.20053761020238,13,0.7140000000000006,0.7140000000000001,0.1260000000000001,0.0,0.0,0.06300000000000006,0.06300000000000006
1662,1,2,1,0.12194002158840817,4.0,10.5,9.899999999999999,65.62235024727947,63.190037610202374,13,0.7140000000000006,0.7140000000000001,0.1260000000000001,0.0,0.0,0.06300000000000006,0.06300000000000006
1663,1,0,1,0.18694594673015558,4.0,10.5,9.899999999999999,65.61185024727946,63.17953761020238,13,0.7140000000000006,0.7140000000000001,0.1260000000000001,0.0,0.0,0.06300000000000006,0.06300000000000006
1664,1,0,1,0.18696762075983295,4.0,10.5,9.899999999999999,65.60135024727948,63.16903761020239,14,0.7140000000000006,0.7140000000000001,0.1260000000000001,0.0,0.0,0.06300000000000006,0.06300000000000006
1665,1,0,1,0.18696986148940586,4.0,10.5,9.899999999999999,65.59085024727949,63.15853761020238,14,0.7140000000000006,0.7140000000000001,0.1260000000000001,0.0,0.0,0.06300000000000006,0.06300000000000006
1666,1,0,1,0.18694695226834884,4.0,10.5,9.899999999999999,65.5803502472795,63.14803761020238,14,0.7140000000000006,0.7140000000000001,0.1260000000000001,0.0,0.0,0.06300000000000006,0.06300000000000006
1667,1,1,1,0.12197693719556041,4.0,10.5,9.899999999999999,65.56985024727952,63.13753761020238,14,0.7140000000000006,0.7140000000000001,0.1260000000000001,0.0,0.0,0.06300000000000006,0.06300000000000006
1668,1,0,1,0.1869594519197229,4.0,10.5,9.899999999999999,65.55935024727951,63.12703761020237,14,0.7140000000000006,0.7140000000000001,0.1260000000000001,0.0,0.0,0.06300000000000006,0.06300000000000006
1669,1,2,1,0.12196848862976233,4.0,10.5,9.899999999999999,65.54885024727952,63.11653761020238,14,0.7140000000000006,0.7140000000000001,0.1260000000000001,0.0,0.0,0.06300000000000006,0.06300000000000006
1670,1,0,1,0.18694360853661396,4.0,10.5,9.899999999999999,65.53835024727952,63.106037610202385,14,0.7140000000000006,0.7140000000000001,0.1260000000000001,0.0,0.0,0.06300000000000006,0.06300000000000006
1671,1,0,1,0.18695929157431468,4.0,10.5,9.899999999999999,65.52785024727952,63.09553761020238,14,0.7140000000000006,0.7140000000000001,0.1260000000000001,0.0,0.0,0.06300000000000006,0.06300000000000006
1672,1,0,1,0.18694381410484687,4.0,10.5,9.899999999999999,65.51735024727954,63.085037610202384,14,0.7140000000000006,0.7140000000000001,0.1260000000000001,0.0,0.0,0.06300000000000006,0.06300000000000006
1673,1,0,1,0.18695504930617146,4.0,10.5,9.899999999999999,65.50685024727954,63.07453761020238,14,0.7140000000000006,0.7140000000000001,0.1260000000000001,0.0,0.0,0.06300000000000006,0.06300000000000006
1674,1,0,1,0.1869441501052187,4.0,10.5,9.899999999999999,65.49635024727955,63.06403761020238,14,0.7140000000000006,0.7140000000000001,0.1260000000000001,0.0,0.0,0.06300000000000006,0.06300000000000006
1675,1,0,1,0.18695443709605383,4.0,10.5,9.899999999999999,65.48585024727957,63.053537610202376,14,0.7140000000000006,0.7140000000000001,0.1260000000000001,0.0,0.0,0.06300000000000006,0.06300000000000006
1676,1,0,1,0.18696309003658804,4.0,10.5,9.899999999999999,65.47535024727956,63.04303761020237,14,0.7140000000000006,0.7140000000000001,0.1260000000000001,0.0,0.0,0.06300000000000006,0.06300000000000006
1677,1,0,1,0.18697186727878204,4.0,10.5,9.899999999999999,65.46485024727957,63.032537610202375,14,0.7140000000000006,0.7140000000000001,0.1260000000000001,0.0,0.0,0.06300000000000006,0.06300000000000006
1678,1,0,0,-0.053040372831172744,3.946959627168827,10.5,9.899999999999999,65.45435024727958,63.02203761020237,14,0.7140000000000006,0.7140000000000001,0.1260000000000001,0.0,0.0,0.06300000000000006,0.06300000000000006
1679,1,0,1,0.18694128680586017,4.0,10.5,9.899999999999999,65.44385024727957,63.011537610202375,14,0.7140000000000006,0.7140000000000001,0.1260000000000001,0.0,0.0,0.06300000000000006,0.06300000000000006
1680,1,0,1,0.1869663259537466,4.0,10.5,9.899999999999999,65.43335024727959,63.00103761020238,14,0.7140000000000006,0.7140000000000001,0.1260000000000001,0.0,0.0,0.06300000000000006,0.06300000000000006
1681,1,0,1,0.1869465431268863,4.0,10.5,9.899999999999999,65.4228502472796,62.990537610202374,14,0.7140000000000006,0.7140000000000001,0.1260000000000001,0.0,0.0,0.06300000000000006,0.06300000000000006
1682,1,0,1,0.1869740033666437,4.0,10.5,9.899999999999999,65.4123502472796,62.98003761020237,14,0.7140000000000006,0.7140000000000001,0.1260000000000001,0.0,0.0,0.06300000000000006,0.06300000000000006
1683,1,0,1,0.1869597281134944,4.0,10.5,9.899999999999999,65.40185024727963,62.96953761020237,14,0.7140000000000006,0.7140000000000001,0.1260000000000001,0.0,0.0,0.06300000000000006,0.06300000000000006
1684,1,0,1,0.18696607746903954,4.0,10.5,9.899999999999999,65.39135024727962,62.959037610202365,14,0.7140000000000006,0.7140000000000001,0.1260000000000001,0.0,0.0,0.06300000000000006,0.06300000000000006
1685,1,0,1,0.18696140057686128,4.0,10.5,9.899999999999999,65.38085024727962,62.94853761020237,14,0.7140000000000006,0.7140000000000001,0.1260000000000001,0.0,0.0,0.06300000000000006,0.06300000000000006
1686,1,0,1,0.18696856125066005,4.0,10.5,9.899999999999999,65.37035024727963,62.93803761020238,14,0.7140000000000006,0.7140000000000001,0.1260000000000001,0.0,0.0,0.06300000000000006,0.06300000000000006
1687,1,1,1,0.1219643200154257,4.0,10.5,9.899999999999999,65.35985024727962,62.92753761020237,14,0.7140000000000006,0.7140000000000001,0.1260000000000001,0.0,0.0,0.06300000000000006,0.06300000000000006
1688,1,0,0,-0.05305201277413155,3.9469479872258684,10.5,9.899999999999999,65.34935024727965,62.91703761020238,14,0.7140000000000006,0.7140000000000001,0.1260000000000001,0.0,0.0,0.06300000000000006,0.06300000000000006
1689,1,0,1,0.18695789658893627,4.0,10.5,9.899999999999999,65.33885024727965,62.90653761020237,14,0.7140000000000006,0.7140000000000001,0.1260000000000001,0.0,0.0,0.06300000000000006,0.06300000000000006
1690,1,0,1,0.1869634227365456,4.0,10.5,9.899999999999999,65.32835024727966,62.89603761020237,14,0.7140000000000006,0.7140000000000001,0.1260000000000001,0.0,0.0,0.06300000000000006,0.06300000000000006
1691,1,0,1,0.18694438144418007,4.0,10.5,9.899999999999999,65.31785024727968,62.88553761020237,14,0.7140000000000006,0.7140000000000001,0.1260000000000001,0.0,0.0,0.06300000000000006,0.06300000000000006
1692,1,0,1,0.1869725827056709,4.0,10.5,9.899999999999999,65.30735024727967,62.87503761020236,14,0.7140000000000006,0.7140000000000001,0.1260000000000001,0.0,0.0,0.06300000000000006,0.06300000000000006
1693,1,0,1,0.18694857528793254,4.0,10.5,9.899999999999999,65.29685024727968,62.86453761020237,14,0.7140000000000006,0.7140000000000001,0.1260000000000001,0.0,0.0,0.06300000000000006,0.06300000000000006
1694,1,0,1,0.1869474786571953,4.0,10.5,9.899999999999999,65.28635024727969,62.85403761020236,14,0.7140000000000006,0.7140000000000001,0.1260000000000001,0.0,0.0,0.06300000000000006,0.06300000000000006
1695,1,0,1,0.18695253302167117,4.0,10.5,9.899999999999999,65.27585024727968,62.84353761020237,14,0.7140000000000006,0.7140000000000001,0.1260000000000001,0.0,0.0,0.06300000000000006,0.06300000000000006
1696,1,0,1,0.18694906049821441,4.0,10.5,9.899999999999999,65.2653502472797,62.833037610202375,14,0.7140000000000006,0.7140000000000001,0.1260000000000001,0.0,0.0,0.06300000000000006,0.06300000000000006
1697,1,0,1,0.18696363889645806,4.0,10.5,9.899999999999999,65.2548502472797,62.82253761020237,14,0.7140000000000006,0.7140000000000001,0.1260000000000001,0.0,0.0,0.06300000000000006,0.06300000000000006
1698,1,0,0,-0.05305604308800288,3.9469439569119973,10.5,9.899999999999999,65.24435024727971,62.81203761020237,14,0.7140000000000006,0.7140000000000001,0.1260000000000001,0.0,0.0,0.06300000000000006,0.06300000000000006
1699,1,0,1,0.18694551198481757,4.0,10.5,9.899999999999999,65.23385024727973,62.80153761020237,14,0.7140000000000006,0.7140000000000001,0.1260000000000001,0.0,0.0,0.06300000000000006,0.06300000000000006
1700,1,0,1,0.18695858001781673,4.0,10.5,9.899999999999999,65.22335024727973,62.79103761020236,14,0.7140000000000006,0.7140000000000001,0.1260000000000001,0.0,0.0,0.06300000000000006,0.06300000000000006
1701,1,0,1,0.18695568516350292,4.0,10.5,9.899999999999999,65.21285024727973,62.780537610202366,14,0.7140000000000006,0.7140000000000001,0.1260000000000001,0.0,0.0,0.06300000000000006,0.06300000000000006
1702,1,2,1,0.1219471092884615,4.0,10.5,9.899999999999999,65.20235024727974,62.77003761020237,14,0.7140000000000006,0.7140000000000001,0.1260000000000001,0.0,0.0,0.06300000000000006,0.06300000000000006
1703,1,0,1,0.1869424785376356,4.0,10.5,9.899999999999999,65.19185024727973,62.759537610202365,14,0.7140000000000006,0.7140000000000001,0.1260000000000001,0.0,0.0,0.06300000000000006,0.06300000000000006
1704,1,0,1,0.18694224287882005,4.0,10.5,9.899999999999999,65.18135024727975,62.74903761020237,14,0.7140000000000006,0.7140000000000001,0.1260000000000001,0.0,0.0,0.06300000000000006,0.06300000000000006
1705,1,0,1,0.1869411840337053,4.0,10.5,9.899999999999999,65.17085024727976,62.738537610202364,14,0.7140000000000006,0.7140000000000001,0.1260000000000001,0.0,0.0,0.06300000000000006,0.06300000000000006
1706,1,0,1,0.18693928043285837,4.0,10.5,9.899999999999999,65.16035024727977,62.728037610202364,14,0.7140000000000006,0.7140000000000001,0.1260000000000001,0.0,0.0,0.06300000000000006,0.06300000000000006
1707,1,1,1,0.12195781715908621,4.0,10.5,9.899999999999999,65.14985024727979,62.71753761020236,14,0.7140000000000006,0.7140000000000001,0.1260000000000001,0.0,0.0,0.06300000000000006,0.06300000000000006
1708,1,2,1,0.12194248456213656,4.0,10.5,9.899999999999999,65.13935024727978,62.707037610202356,14,0.7140000000000006,0.7140000000000001,0.1260000000000001,0.0,0.0,0.06300000000000006,0.06300000000000006
1709,1,0,0,-0.053047106483988256,3.946952893516012,10.5,9.899999999999999,65.12885024727979,62.69653761020236,14,0.7140000000000006,0.7140000000000001,0.1260000000000001,0.0,0.0,0.06300000000000006,0.06300000000000006
1710,1,0,0,-0.053055440477134695,3.893897453038877,10.5,9.899999999999999,65.11835024727979,62.686037610202355,14,0.7140000000000006,0.7140000000000001,0.1260000000000001,0.0,0.0,0.06300000000000006,0.06300000000000006
1711,1,0,1,0.18696653932925944,4.0,10.5,9.899999999999999,65.10785024727979,62.67553761020236,14,0.7140000000000006,0.7140000000000001,0.1260000000000001,0.0,0.0,0.06300000000000006,0.06300000000000006
1712,1,0,1,0.18696773470190808,4.0,10.5,9.899999999999999,65.0973502472798,62.66503761020237,14,0.7140000000000006,0.7140000000000001,0.1260000000000001,0.0,0.0,0.06300000000000006,0.06300000000000006
1713,1,0,1,0.1869420301291384,4.0,10.5,9.899999999999999,65.08685024727981,62.65453761020236,14,0.7140000000000006,0.7140000000000001,0.1260000000000001,0.0,0.0,0.06300000000000006,0.06300000000000006
1714,1,0,1,0.1869555820397084,4.0,10.5,9.899999999999999,65.07635024727982,62.64403761020236,14,0.7140000000000006,0.7140000000000001,0.1260000000000001,0.0,0.0,0.06300000000000006,0.06300000000000006
1715,1,2,1,0.12196868445086591,4.0,10.5,9.899999999999999,65.06585024727984,62.63353761020236,14,0.7140000000000006,0.7140000000000001,0.1260000000000001,0.0,0.0,0.06300000000000006,0.06300000000000006
1716,1,1,1,0.12196259666827172,4.0,10.5,9.899999999999999,65.05535024727983,62.62303761020235,14,0.7140000000000006,0.7140000000000001,0.1260000000000001,0.0,0.0,0.06300000000000006,0.06300000000000006
1717,1,0,1,0.18694288294333275,4.0,10.5,9.899999999999999,65.04485024727984,62.61253761020236,14,0.7140000000000006,0.7140000000000001,0.1260000000000001,0.0,0.0,0.06300000000000006,0.06300000000000006
1718,1,0,1,0.18694519627783526,4.0,10.5,9.899999999999999,65.03435024727985,62.602037610202366,14,0.7140000000000006,0.7140000000000001,0.1260000000000001,0.0,0.0,0.06300000000000006,0.06300000000000006
1719,1,0,1,0.1869656303198105,4.0,10.5,9.899999999999999,65.02385024727984,62.59153761020236,14,0.7140000000000006,0.7140000000000001,0.1260000000000001,0.0,0.0,0.06300000000000006,0.06300000000000006
1720,1,0,1,0.18696283137954967,4.0,10.5,9.899999999999999,65.01335024727986,62.581037610202365,14,0.7140000000000006,0.7140000000000001,0.1260000000000001,0.0,0.0,0.06300000000000006,0.06300000000000006
1721,1,0,1,0.18694727640751213,4.0,10.5,9.899999999999999,65.00285024727987,62.57053761020236,14,0.7140000000000006,0.7140000000000001,0.1260000000000001,0.0,0.0,0.06300000000000006,0.06300000000000006
1722,1,0,1,0.18696157547641387,4.0,10.5,9.899999999999999,64.99235024727987,62.56003761020236,14,0.7140000000000006,0.7140000000000001,0.1260000000000001,0.0,0.0,0.06300000000000006,0.06300000000000006
1723,1,0,1,0.18694900101581735,4.0,10.5,9.899999999999999,64.9818502472799,62.54953761020236,14,0.7140000000000006,0.7140000000000001,0.1260000000000001,0.0,0.0,0.06300000000000006,0.06300000000000006
1724,1,0,1,0.18696607450054203,4.0,10.5,9.899999999999999,64.97135024727989,62.53903761020235,14,0.7140000000000006,0.7140000000000001,0.1260000000000001,0.0,0.0,0.06300000000000006,0.06300000000000006
1725,1,0,1,0.18696106587147818,4.0,10.5,9.899999999999999,64.9608502472799,62.528537610202356,14,0.7140000000000006,0.7140000000000001,0.1260000000000001,0.0,0.0,0.06300000000000006,0.06300000000000006
1726,1,0,1,0.1869566636623693,4.0,10.5,9.899999999999999,64.9503502472799,62.51803761020235,14,0.7140000000000006,0.7140000000000001,0.1260000000000001,0.0,0.0,0.06300000000000006,0.06300000000000006
1727,1,0,1,0.18695782667344346,4.0,10.5,9.899999999999999,64.93985024727989,62.507537610202355,14,0.7140000000000006,0.7140000000000001,0.1260000000000001,0.0,0.0,0.06300000000000006,0.06300000000000006
1728,1,0,0,-0.05303868323057747,3.9469613167694226,10.5,9.899999999999999,64.92935024727991,62.49703761020236,14,0.7140000000000006,0.7140000000000001,0.1260000000000001,0.0,0.0,0.06300000000000006,0.06300000000000006
1729,1,0,1,0.18696829410535104,4.0,10.5,9.899999999999999,64.91885024727992,62.486537610202355,14,0.7140000000000006,0.7140000000000001,0.1260000000000001,0.0,0.0,0.06300000000000006,0.06300000000000006
1730,1,0,1,0.1869657729051959,4.0,10.5,9.899999999999999,64.90835024727993,62.476037610202354,14,0.7140000000000006,0.7140000000000001,0.1260000000000001,0.0,0.0,0.06300000000000006,0.06300000000000006
1731,1,0,0,-0.053041204440633045,3.946958795559367,10.5,9.899999999999999,64.89785024727995,62.465537610202354,14,0.7140000000000006,0.7140000000000001,0.1260000000000001,0.0,0.0,0.06300000000000006,0.06300000000000006
1732,1,0,1,0.18693972723078595,4.0,10.5,9.899999999999999,64.88735024727994,62.455037610202346,14,0.7140000000000006,0.7140000000000001,0.1260000000000001,0.0,0.0,0.06300000000000006,0.06300000000000006
1733,1,0,1,0.18695522124582153,4.0,10.5,9.899999999999999,64.87685024727995,62.44453761020235,14,0.7140000000000006,0.7140000000000001,0.1260000000000001,0.0,0.0,0.06300000000000006,0.06300000000000006
1734,1,0,0,-0.05304710126227813,3.946952898737722,10.5,9.899999999999999,64.86635024727995,62.43403761020236,14,0.7140000000000006,0.7140000000000001,0.1260000000000001,0.0,0.0,0.06300000000000006,0.06300000000000006
1735,1,0,0,-0.0530575335697729,3.8938953651679493,10.5,9.899999999999999,64.85585024727995,62.42353761020235,14,0.7140000000000006,0.7140000000000001,0.1260000000000001,0.0,0.0,0.06300000000000006,0.06300000000000006
1736,1,0,1,0.18696134640417233,4.0,10.5,9.899999999999999,64.84535024727997,62.41303761020236,14,0.7140000000000006,0.7140000000000001,0.1260000000000001,0.0,0.0,0.06300000000000006,0.06300000000000006
1737,1,0,1,0.18694423460505843,4.0,10.5,9.899999999999999,64.83485024727997,62.40253761020235,14,0.7140000000000006,0.7140000000000001,0.1260000000000001,0.0,0.0,0.06300000000000006,0.06300000000000006
1738,1,0,1,0.1869643172066586,4.0,10.5,9.899999999999999,64.82435024727998,62.39203761020235,14,0.7140000000000006,0.7140000000000001,0.1260000000000001,0.0,0.0,0.06300000000000006,0.06300000000000006
1739,1,0,1,0.18694489638729314,4.0,10.5,9.899999999999999,64.81385024728,62.38153761020235,14,0.7140000000000006,0.7140000000000001,0.1260000000000001,0.0,0.0,0.06300000000000006,0.06300000000000006
1740,1,0,1,0.1869301424620493,4.0,10.5,9.899999999999999,64.80335024728,62.37103761020234,14,0.7140000000000006,0.7140000000000001,0.1260000000000001,0.0,0.0,0.06300000000000006,0.06300000000000006
1741,1,0,1,0.18694561916731764,4.0,10.5,9.899999999999999,64.79285024728,62.36053761020235,14,0.7140000000000006,0.7140000000000001,0.1260000000000001,0.0,0.0,0.06300000000000006,0.06300000000000006
1742,1,0,1,0.18694605341026946,4.0,10.5,9.899999999999999,64.78235024728001,62.35003761020234,14,0.7140000000000006,0.7140000000000001,0.1260000000000001,0.0,0.0,0.06300000000000006,0.06300000000000006
1743,1,0,1,0.18695774168561174,4.0,10.5,9.899999999999999,64.77185024728,62.33953761020235,14,0.7140000000000006,0.7140000000000001,0.1260000000000001,0.0,0.0,0.06300000000000006,0.06300000000000006
1744,1,1,1,0.12194907134175091,4.0,10.5,9.899999999999999,64.76135024728002,62.329037610202356,14,0.7140000000000006,0.7140000000000001,0.1260000000000001,0.0,0.0,0.06300000000000006,0.06300000000000006
1745,1,0,0,-0.05302963858105358,3.9469703614189466,10.5,9.899999999999999,64.75085024728003,62.31853761020235,14,0.7140000000000006,0.7140000000000001,0.1260000000000001,0.0,0.0,0.06300000000000006,0.06300000000000006
1746,1,0,1,0.18693598167606743,4.0,10.5,9.899999999999999,64.74035024728003,62.30803761020235,14,0.7140000000000006,0.7140000000000001,0.1260000000000001,0.0,0.0,0.06300000000000006,0.06300000000000006
1747,1,0,1,0.18694141611402534,4.0,10.5,9.899999999999999,64.72985024728005,62.29753761020235,14,0.7140000000000006,0.7140000000000001,0.1260000000000001,0.0,0.0,0.06300000000000006,0.06300000000000006
1748,1,0,1,0.18696712815657363,4.0,10.5,9.899999999999999,64.71935024728005,62.28703761020234,14,0.7140000000000006,0.7140000000000001,0.1260000000000001,0.0,0.0,0.06300000000000006,0.06300000000000006
1749,1,2,1,0.12193984989526706,4.0,10.5,9.899999999999999,64.70885024728005,62.27653761020235,14,0.7140000000000006,0.7140000000000001,0.1260000000000001,0.0,0.0,0.06300000000000006,0.06300000000000006
1750,1,0,1,0.18693901671811292,4.0,10.5,9.899999999999999,64.69835024728006,62.26603761020235,14,0.7140000000000006,0.7140000000000001,0.1260000000000001,0.0,0.0,0.06300000000000006,0.06300000000000006
1751,1,0,1,0.1869751097683212,4.0,10.5,9.899999999999999,64.68785024728005,62.255537610202346,14,0.7140000000000006,0.7140000000000001,0.1260000000000001,0.0,0.0,0.06300000000000006,0.06300000000000006
1752,1,0,1,0.18696697189834405,4.0,10.5,9.899999999999999,64.67735024728007,62.24503761020235,14,0.7140000000000006,0.7140000000000001,0.1260000000000001,0.0,0.0,0.06300000000000006,0.06300000000000006
1753,1,0,1,0.18696534607100615,4.0,10.5,9.899999999999999,64.66685024728008,62.234537610202345,14,0.7140000000000006,0.7140000000000001,0.1260000000000001,0.0,0.0,0.06300000000000006,0.06300000000000006
1754,1,0,1,0.18695657695170534,4.0,10.5,9.899999999999999,64.65635024728009,62.224037610202345,14,0.7140000000000006,0.7140000000000001,0.1260000000000001,0.0,0.0,0.06300000000000006,0.06300000000000006
1755,1,0,1,0.18693718982105642,4.0,10.5,9.899999999999999,64.64585024728011,62.213537610202344,14,0.7140000000000006,0.7140000000000001,0.1260000000000001,0.0,0.0,0.06300000000000006,0.06300000000000006
1756,1,0,1,0.18693184493932025,4.0,10.5,9.899999999999999,64.6353502472801,62.20303761020234,14,0.7140000000000006,0.7140000000000001,0.1260000000000001,0.0,0.0,0.06300000000000006,0.06300000000000006
1757,1,2,1,0.12195615199402296,4.0,10.5,9.899999999999999,64.62485024728011,62.19253761020234,14,0.7140000000000006,0.7140000000000001,0.1260000000000001,0.0,0.0,0.06300000000000006,0.06300000000000006
1758,1,0,1,0.18695102862735555,4.0,10.5,9.899999999999999,64.61435024728011,62.182037610202336,14,0.7140000000000006,0.7140000000000001,0.1260000000000001,0.0,0.0,0.06300000000000006,0.06300000000000006
1759,1,0,1,0.1869364939190715,4.0,10.5,9.899999999999999,64.6038502472801,62.17153761020234,14,0.7140000000000006,0.7140000000000001,0.1260000000000001,0.0,0.0,0.06300000000000006,0.06300000000000006
1760,1,0,0,-0.05304901107040742,3.9469509889295926,10.5,9.899999999999999,64.59335024728013,62.16103761020235,14,0.7140000000000006,0.7140000000000001,0.1260000000000001,0.0,0.0,0.06300000000000006,0.06300000000000006
1761,1,0,1,0.18695545746692382,4.0,10.5,9.899999999999999,64.58285024728013,62.15053761020234,14,0.7140000000000006,0.7140000000000001,0.1260000000000001,0.0,0.0,0.06300000000000006,0.06300000000000006
1762,1,0,0,-0.05304236519425057,3.9469576348057496,10.5,9.899999999999999,64.57235024728014,62.14003761020234,14,0.7140000000000006,0.7140000000000001,0.1260000000000001,0.0,0.0,0.06300000000000006,0.06300000000000006
1763,1,0,1,0.18693937339875372,4.0,10.5,9.899999999999999,64.56185024728016,62.12953761020234,14,0.7140000000000006,0.7140000000000001,0.1260000000000001,0.0,0.0,0.06300000000000006,0.06300000000000006
1764,1,0,1,0.18693033165687262,4.0,10.5,9.899999999999999,64.55135024728015,62.119037610202334,14,0.7140000000000006,0.7140000000000001,0.1260000000000001,0.0,0.0,0.06300000000000006,0.06300000000000006
1765,1,0,1,0.18695162554045758,4.0,10.5,9.899999999999999,64.54085024728016,62.10853761020234,14,0.7140000000000006,0.7140000000000001,0.1260000000000001,0.0,0.0,0.06300000000000006,0.06300000000000006
1766,1,0,1,0.18693702837623213,4.0,10.5,9.899999999999999,64.53035024728017,62.09803761020235,14,0.7140000000000006,0.7140000000000001,0.1260000000000001,0.0,0.0,0.06300000000000006,0.06300000000000006
1767,1,0,1,0.18696837580621029,4.0,10.5,9.899999999999999,64.51985024728016,62.08753761020234,14,0.7140000000000006,0.7140000000000001,0.1260000000000001,0.0,0.0,0.06300000000000006,0.06300000000000006
1768,1,0,1,0.18694448911889905,4.0,10.5,9.899999999999999,64.50935024728018,62.077037610202346,14,0.7140000000000006,0.7140000000000001,0.1260000000000001,0.0,0.0,0.06300000000000006,0.06300000000000006
1769,1,0,1,0.18694223386454512,4.0,10.5,9.899999999999999,64.49885024728019,62.06653761020234,14,0.7140000000000006,0.7140000000000001,0.1260000000000001,0.0,0.0,0.06300000000000006,0.06300000000000006
1770,1,0,1,0.18696377610335538,4.0,10.5,9.899999999999999,64.4883502472802,62.05603761020234,14,0.7140000000000006,0.7140000000000001,0.1260000000000001,0.0,0.0,0.06300000000000006,0.06300000000000006
1771,1,0,1,0.1869645445168552,4.0,10.5,9.899999999999999,64.47785024728022,62.04553761020234,14,0.7140000000000006,0.7140000000000001,0.1260000000000001,0.0,0.0,0.06300000000000006,0.06300000000000006
1772,1,0,1,0.18696682477088897,4.0,10.5,9.899999999999999,64.46735024728021,62.03503761020233,14,0.7140000000000006,0.7140000000000001,0.1260000000000001,0.0,0.0,0.06300000000000006,0.06300000000000006
1773,1,0,1,0.18693714678622766,4.0,10.5,9.899999999999999,64.45685024728022,62.02453761020234,14,0.7140000000000006,0.7140000000000001,0.1260000000000001,0.0,0.0,0.06300000000000006,0.06300000000000006
1774,1,0,1,0.18696883359883903,4.0,10.5,9.899999999999999,64.44635024728022,62.01403761020233,14,0.7140000000000006,0.7140000000000001,0.1260000000000001,0.0,0.0,0.06300000000000006,0.06300000000000006
1775,1,0,1,0.18696295964220558,4.0,10.5,9.899999999999999,64.43585024728021,62.003537610202336,14,0.7140000000000006,0.7140000000000001,0.1260000000000001,0.0,0.0,0.06300000000000006,0.06300000000000006
1776,1,0,1,0.18694288248559646,4.0,10.5,9.899999999999999,64.42535024728024,61.99303761020234,14,0.7140000000000006,0.7140000000000001,0.1260000000000001,0.0,0.0,0.06300000000000006,0.06300000000000006
1777,1,0,1,0.18695220551313557,4.0,10.5,9.899999999999999,64.41485024728024,61.982537610202336,14,0.7140000000000006,0.7140000000000001,0.1260000000000001,0.0,0.0,0.06300000000000006,0.06300000000000006
1778,1,0,1,0.18693354034061563,4.0,10.5,9.899999999999999,64.40435024728025,61.972037610202335,14,0.7140000000000006,0.7140000000000001,0.1260000000000001,0.0,0.0,0.06300000000000006,0.06300000000000006
1779,1,0,1,0.18695127857914454,4.0,10.5,9.899999999999999,64.39385024728027,61.961537610202335,14,0.7140000000000006,0.7140000000000001,0.1260000000000001,0.0,0.0,0.06300000000000006,0.06300000000000006
1780,1,0,1,0.18696958535619362,4.0,10.5,9.899999999999999,64.38335024728026,61.95103761020233,14,0.7140000000000006,0.7140000000000001,0.1260000000000001,0.0,0.0,0.06300000000000006,0.06300000000000006
1781,1,0,1,0.18696707036421314,4.0,10.5,9.899999999999999,64.37285024728027,61.940537610202334,14,0.7140000000000006,0.7140000000000001,0.1260000000000001,0.0,0.0,0.06300000000000006,0.06300000000000006
1782,1,1,1,0.1219753586471815,4.0,10.5,9.899999999999999,64.36235024728028,61.93003761020234,14,0.7140000000000006,0.7140000000000001,0.1260000000000001,0.0,0.0,0.06300000000000006,0.06300000000000006
1783,1,0,1,0.18696416795877924,4.0,10.5,9.899999999999999,64.35185024728027,61.91953761020233,14,0.7140000000000006,0.7140000000000001,0.1260000000000001,0.0,0.0,0.06300000000000006,0.06300000000000006
1784,1,0,1,0.18694645547440716,4.0,10.5,9.899999999999999,64.34135024728029,61.90903761020234,14,0.7140000000000006,0.7140000000000001,0.1260000000000001,0.0,0.0,0.06300000000000006,0.06300000000000006
1785,1,0,0,-0.05303025483698302,3.946969745163017,10.5,9.899999999999999,64.3308502472803,61.89853761020233,14,0.7140000000000006,0.7140000000000001,0.1260000000000001,0.0,0.0,0.06300000000000006,0.06300000000000006
1786,1,0,1,0.1869454368798335,4.0,10.5,9.899999999999999,64.3203502472803,61.88803761020233,14,0.7140000000000006,0.7140000000000001,0.1260000000000001,0.0,0.0,0.06300000000000006,0.06300000000000006
1787,1,0,1,0.18694758946312123,4.0,10.5,9.899999999999999,64.30985024728032,61.87753761020233,14,0.7140000000000006,0.7140000000000001,0.1260000000000001,0.0,0.0,0.06300000000000006,0.06300000000000006
1788,1,0,1,0.18695485781247753,4.0,10.5,9.899999999999999,64.29935024728032,61.867037610202324,14,0.7140000000000006,0.7140000000000001,0.1260000000000001,0.0,0.0,0.06300000000000006,0.06300000000000006
1789,1,0,1,0.1869559789712356,4.0,10.5,9.899999999999999,64.28885024728032,61.85653761020233,14,0.7140000000000006,0.7140000000000001,0.1260000000000001,0.0,0.0,0.06300000000000006,0.06300000000000006
1790,1,2,0,-0.1180648270965066,3.881935172903493,10.5,9.899999999999999,64.27835024728033,61.84603761020232,14,0.7140000000000006,0.7140000000000001,0.1260000000000001,0.0,0.0,0.06300000000000006,0.06300000000000006
1791,1,0,1,0.18696039532894843,4.0,10.5,9.899999999999999,64.26785024728032,61.83553761020233,14,0.7140000000000006,0.7140000000000001,0.1260000000000001,0.0,0.0,0.06300000000000006,0.06300000000000006
1792,1,0,1,0.1869417909442205,4.0,10.5,9.899999999999999,64.25735024728034,61.82503761020234,15,0.7140000000000006,0.7140000000000001,0.1260000000000001,0.0,0.0,0.06300000000000006,0.06300000000000006
1793,1,0,0,-0.05304241673097734,3.9469575832690227,10.5,9.899999999999999,64.24685024728035,61.81453761020233,15,0.7140000000000006,0.7140000000000001,0.1260000000000001,0.0,0.0,0.06300000000000006,0.06300000000000006
1794,1,0,1,0.18694663485941806,4.0,10.5,9.899999999999999,64.23635024728036,61.80403761020233,15,0.7140000000000006,0.7140000000000001,0.1260000000000001,0.0,0.0,0.06300000000000006,0.06300000000000006
1795,1,0,1,0.18697525335095566,4.0,10.5,9.899999999999999,64.22585024728038,61.79353761020233,15,0.7140000000000006,0.7140000000000001,0.1260000000000001,0.0,0.0,0.06300000000000006,0.06300000000000006
1796,1,0,1,0.18694241413661605,4.0,10.5,9.899999999999999,64.21535024728037,61.78303761020232,15,0.7140000000000006,0.7140000000000001,0.1260000000000001,0.0,0.0,0.06300000000000006,0.06300000000000006
1797,1,0,1,0.18693721819540132,4.0,10.5,9.899999999999999,64.20485024728038,61.77253761020233,15,0.7140000000000006,0.7140000000000001,0.1260000000000001,0.0,0.0,0.06300000000000006,0.06300000000000006
1798,1,0,1,0.1869528439810406,4.0,10.5,9.899999999999999,64.19435024728038,61.762037610202334,15,0.7140000000000006,0.7140000000000001,0.1260000000000001,0.0,0.0,0.06300000000000006,0.06300000000000006
1799,1,0,1,0.18694043123866244,4.0,10.5,9.899999999999999,64.18385024728038,61.75153761020233,15,0.7140000000000006,0.7140000000000001,0.1260000000000001,0.0,0.0,0.06300000000000006,0.06300000000000006
