trial,active,action,correct,net_energy,energy,mass_a,mass_b,store_a,store_b,resets,mass_added,mass_lost,consumed,overflow,external,balance_error,demand_a,demand_b
0,1,0,1,0.07276555618840247,4.0,10.2,10.2,0.43249999999999994,0.4249999999999999,1,0.5100000000000005,0.51,0.09000000000000008,0.0,0.0,0.0,0.04500000000000004,0.04500000000000004
1,1,0,1,0.07278924891256644,4.0,10.2,10.2,0.4249999999999999,0.4174999999999999,1,0.5100000000000005,0.51,0.09000000000000008,0.0,0.0,0.0,0.04500000000000004,0.04500000000000004
2,1,2,1,0.007785046561846639,4.0,10.2,10.2,0.4174999999999999,0.41,1,0.5100000000000005,0.51,0.09000000000000008,0.0,0.0,0.0,0.04500000000000004,0.04500000000000004
3,1,0,1,0.07276366393127118,4.0,10.2,10.2,0.40999999999999986,0.4024999999999999,1,0.5100000000000005,0.51,0.09000000000000008,0.0,0.0,0.0,0.04500000000000004,0.04500000000000004
4,1,0,0,-0.16720172296908933,3.8327982770309106,10.2,10.2,0.40249999999999986,0.39499999999999996,1,0.5100000000000005,0.51,0.09000000000000008,0.0,0.0,0.0,0.04500000000000004,0.04500000000000004
5,1,0,1,0.07279952797126985,3.9055978050021802,10.2,10.2,0.39499999999999985,0.3874999999999999,1,0.5100000000000005,0.51,0.09000000000000008,0.0,0.0,0.0,0.04500000000000004,0.04500000000000004
6,1,2,1,0.00778676512328033,3.9133845701254604,10.2,10.2,0.3874999999999998,0.3799999999999999,1,0.5100000000000005,0.51,0.09000000000000008,0.0,0.0,0.0,0.04500000000000004,0.04500000000000004
7,1,2,0,-0.2322151617520214,3.6811694083734388,10.2,10.2,0.37999999999999984,0.3724999999999999,1,0.5100000000000005,0.51,0.09000000000000008,0.0,0.0,0.0,0.04500000000000004,0.04500000000000004
8,1,0,1,0.0728086620252493,3.7539780703986882,10.2,10.2,0.37249999999999983,0.3649999999999998,1,0.5100000000000005,0.51,0.09000000000000008,0.0,0.0,0.0,0.04500000000000004,0.04500000000000004
9,1,0,1,0.07277410488417607,3.826752175282864,10.2,10.2,0.3649999999999998,0.3574999999999999,1,0.5100000000000005,0.51,0.09000000000000008,0.0,0.0,0.0,0.04500000000000004,0.04500000000000004
10,1,0,1,0.07281193236097006,3.899564107643834,10.2,10.2,0.3574999999999999,0.34999999999999987,1,0.5100000000000005,0.51,0.09000000000000008,0.0,0.0,0.0,0.04500000000000004,0.04500000000000004
11,1,0,1,0.0728175434358313,3.9723816510796652,10.2,10.2,0.3499999999999998,0.34249999999999986,1,0.5100000000000005,0.51,0.09000000000000008,0.0,0.0,0.0,0.04500000000000004,0.04500000000000004
12,1,0,1,0.07278132966541419,4.0,10.2,10.2,0.3424999999999998,0.3349999999999999,1,0.5100000000000005,0.51,0.09000000000000008,0.0,0.0,0.0,0.04500000000000004,0.04500000000000004
13,1,1,1,0.007756757766204617,4.0,10.2,10.2,0.3349999999999998,0.32749999999999985,1,0.5100000000000005,0.51,0.09000000000000008,0.0,0.0,0.0,0.04500000000000004,0.04500000000000004
14,1,0,1,0.07278490857430606,4.0,10.2,10.2,0.32749999999999974,0.31999999999999984,1,0.5100000000000005,0.51,0.09000000000000008,0.0,0.0,0.0,0.04500000000000004,0.04500000000000004
15,1,0,1,0.07278222993720025,4.0,10.2,10.2,0.3199999999999998,0.31249999999999983,1,0.5100000000000005,0.51,0.09000000000000008,0.0,0.0,0.0,0.04500000000000004,0.04500000000000004
16,1,0,1,0.07278903704604103,4.0,10.2,10.2,0.3124999999999998,0.30499999999999977,1,0.5100000000000005,0.51,0.09000000000000008,0.0,0.0,0.0,0.04500000000000004,0.04500000000000004
17,1,2,1,0.007785270907594154,4.0,10.2,10.2,0.30499999999999977,0.2974999999999998,1,0.5100000000000005,0.51,0.09000000000000008,0.0,0.0,0.0,0.04500000000000004,0.04500000000000004
18,1,0,0,-0.16718824965647588,3.832811750343524,10.2,10.2,0.2974999999999998,0.2899999999999998,1,0.5100000000000005,0.51,0.09000000000000008,0.0,0.0,0.0,0.04500000000000004,0.04500000000000004
19,1,0,1,0.0728195528399209,3.905631303183445,10.2,10.2,0.28999999999999976,0.2824999999999998,1,0.5100000000000005,0.51,0.09000000000000008,0.0,0.0,0.0,0.04500000000000004,0.04500000000000004
20,1,1,1,0.007835160451403101,3.9134664636348484,10.2,10.2,0.28249999999999975,0.27499999999999986,1,0.5100000000000005,0.51,0.09000000000000008,0.0,0.0,0.0,0.04500000000000004,0.04500000000000004
21,1,0,1,0.07284522672643749,3.986311690361286,10.2,10.2,0.27499999999999974,0.2674999999999998,1,0.5100000000000005,0.51,0.09000000000000008,0.0,0.0,0.0,0.04500000000000004,0.04500000000000004
22,1,0,1,0.07282708330479608,4.0,10.2,10.2,0.2674999999999997,0.2599999999999998,1,0.5100000000000005,0.51,0.09000000000000008,0.0,0.0,0.0,0.04500000000000004,0.04500000000000004
23,1,0,1,0.07283496696666185,4.0,10.2,10.2,0.25999999999999973,0.2524999999999998,1,0.5100000000000005,0.51,0.09000000000000008,0.0,0.0,0.0,0.04500000000000004,0.04500000000000004
24,1,0,1,0.07282199801199865,4.0,10.2,10.2,0.2524999999999997,0.24499999999999975,1,0.5100000000000005,0.51,0.09000000000000008,0.0,0.0,0.0,0.04500000000000004,0.04500000000000004
25,1,0,1,0.07280128566978973,4.0,10.2,10.2,0.2449999999999997,0.2374999999999998,1,0.5100000000000005,0.51,0.09000000000000008,0.0,0.0,0.0,0.04500000000000004,0.04500000000000004
26,1,0,1,0.07281379234137045,4.0,10.2,10.2,0.23749999999999974,0.22999999999999976,1,0.5100000000000005,0.51,0.09000000000000008,0.0,0.0,0.0,0.04500000000000004,0.04500000000000004
27,1,0,1,0.07283589430091197,4.0,10.2,10.2,0.22999999999999973,0.22249999999999973,1,0.5100000000000005,0.51,0.09000000000000008,0.0,0.0,0.0,0.04500000000000004,0.04500000000000004
28,1,0,0,-0.16712946749026375,3.832870532509736,10.2,10.2,0.2224999999999997,0.21499999999999977,1,0.5100000000000005,0.51,0.09000000000000008,0.0,0.0,0.0,0.04500000000000004,0.04500000000000004
29,1,0,1,0.07283124646960917,3.905701778979345,10.2,10.2,0.21499999999999966,0.20749999999999977,1,0.5100000000000005,0.51,0.09000000000000008,0.0,0.0,0.0,0.04500000000000004,0.04500000000000004
30,1,0,1,0.0728917062941927,3.978593485273538,10.2,10.2,0.20749999999999966,0.19999999999999973,1,0.5100000000000005,0.51,0.09000000000000008,0.0,0.0,0.0,0.04500000000000004,0.04500000000000004
31,1,0,1,0.07282292606153447,4.0,10.2,10.2,0.1999999999999997,0.1924999999999997,1,0.5100000000000005,0.51,0.09000000000000008,0.0,0.0,0.0,0.04500000000000004,0.04500000000000004
32,1,0,1,0.07283253917968692,4.0,10.2,10.2,0.19249999999999967,0.18499999999999972,1,0.5100000000000005,0.51,0.09000000000000008,0.0,0.0,0.0,0.04500000000000004,0.04500000000000004
33,1,0,1,0.07283137469670316,4.0,10.2,10.2,0.18499999999999964,0.17749999999999974,1,0.5100000000000005,0.51,0.09000000000000008,0.0,0.0,0.0,0.04500000000000004,0.04500000000000004
34,1,0,1,0.07286285779865413,4.0,10.2,10.2,0.17749999999999966,0.1699999999999997,1,0.5100000000000005,0.51,0.09000000000000008,0.0,0.0,0.0,0.04500000000000004,0.04500000000000004
35,1,1,1,0.007887545382183553,4.0,10.2,10.2,0.16999999999999968,0.16249999999999967,1,0.5100000000000005,0.51,0.09000000000000008,0.0,0.0,0.0,0.04500000000000004,0.04500000000000004
36,1,0,1,0.07287646271797212,4.0,10.2,10.2,0.16249999999999964,0.1549999999999997,1,0.5100000000000005,0.51,0.09000000000000008,0.0,0.0,0.0,0.04500000000000004,0.04500000000000004
37,1,0,1,0.07286361145413456,4.0,10.2,10.2,0.1549999999999996,0.14749999999999971,1,0.5100000000000005,0.51,0.09000000000000008,0.0,0.0,0.0,0.04500000000000004,0.04500000000000004
38,1,0,1,0.07282204433519376,4.0,10.2,10.2,0.14749999999999963,0.13999999999999968,1,0.5100000000000005,0.51,0.09000000000000008,0.0,0.0,0.0,0.04500000000000004,0.04500000000000004
39,1,0,1,0.07284237717469463,4.0,10.2,10.2,0.13999999999999965,0.13249999999999965,1,0.5100000000000005,0.51,0.09000000000000008,0.0,0.0,0.0,0.04500000000000004,0.04500000000000004
40,1,0,1,0.07285140678558218,4.0,10.2,10.2,0.13249999999999962,0.12499999999999967,1,0.5100000000000005,0.51,0.09000000000000008,0.0,0.0,0.0,0.04500000000000004,0.04500000000000004
41,1,0,1,0.07284830858116573,4.0,10.2,10.2,0.1249999999999996,0.11749999999999967,1,0.5100000000000005,0.51,0.09000000000000008,0.0,0.0,0.0,0.04500000000000004,0.04500000000000004
42,1,0,1,0.07283114206426179,4.0,10.2,10.2,0.1174999999999996,0.10999999999999965,1,0.5100000000000005,0.51,0.09000000000000008,0.0,0.0,0.0,0.04500000000000004,0.04500000000000004
43,1,0,1,0.07288274982337828,4.0,10.2,10.2,0.10999999999999961,0.10249999999999963,1,0.5100000000000005,0.51,0.09000000000000008,0.0,0.0,0.0,0.04500000000000004,0.04500000000000004
44,1,0,0,-0.16710923186391496,3.832890768136085,10.2,10.2,0.10249999999999959,0.09499999999999964,1,0.5100000000000005,0.51,0.09000000000000008,0.0,0.0,0.0,0.04500000000000004,0.04500000000000004
45,1,2,1,0.007895023366734654,3.8407857915028196,10.2,10.2,0.09499999999999958,0.08749999999999963,1,0.5100000000000005,0.51,0.09000000000000008,0.0,0.0,0.0,0.04500000000000004,0.04500000000000004
46,1,0,0,-0.1671248664242191,3.6736609250786003,10.2,10.2,0.08749999999999958,0.07999999999999963,1,0.5100000000000005,0.51,0.09000000000000008,0.0,0.0,0.0,0.04500000000000004,0.04500000000000004
47,1,0,1,0.07289931665639197,3.746560241734992,10.2,10.2,0.07999999999999957,0.07249999999999962,1,0.5100000000000005,0.51,0.09000000000000008,0.0,0.0,0.0,0.04500000000000004,0.04500000000000004
48,1,0,1,0.07290598700071745,3.8194662287357097,10.2,10.2,0.07249999999999956,0.06499999999999961,1,0.5100000000000005,0.51,0.09000000000000008,0.0,0.0,0.0,0.04500000000000004,0.04500000000000004
49,1,0,1,0.07289453692529274,3.8923607656610026,10.2,10.2,0.06499999999999956,0.05749999999999961,1,0.5100000000000005,0.51,0.09000000000000008,0.0,0.0,0.0,0.04500000000000004,0.04500000000000004
50,1,1,1,0.007840519633923727,3.9002012852949264,10.2,10.2,0.05749999999999955,0.0499999999999996,1,0.5100000000000005,0.51,0.09000000000000008,0.0,0.0,0.0,0.04500000000000004,0.04500000000000004
51,1,0,0,-0.1671101544265124,3.733091130868414,10.2,10.2,0.049999999999999545,0.042499999999999594,1,0.5100000000000005,0.51,0.09000000000000008,0.0,0.0,0.0,0.04500000000000004,0.04500000000000004
52,1,0,1,0.07285949843783218,3.805950629306246,10.2,10.2,0.04249999999999954,0.03499999999999959,1,0.5100000000000005,0.51,0.09000000000000008,0.0,0.0,0.0,0.04500000000000004,0.04500000000000004
53,1,0,1,0.07287843371448711,3.878829063020733,10.2,10.2,0.03499999999999953,0.02749999999999958,1,0.5100000000000005,0.51,0.09000000000000008,0.0,0.0,0.0,0.04500000000000004,0.04500000000000004
54,1,0,1,0.07286774202722603,3.951696805047959,10.2,10.2,0.027499999999999525,0.019999999999999574,1,0.5100000000000005,0.51,0.09000000000000008,0.0,0.0,0.0,0.04500000000000004,0.04500000000000004
55,1,0,1,0.07288917612215892,4.0,10.2,10.2,0.019999999999999518,0.012499999999999567,1,0.5100000000000005,0.51,0.09000000000000008,0.0,0.0,0.0,0.04500000000000004,0.04500000000000004
56,1,0,1,0.07285361280274646,4.0,10.2,10.2,0.012499999999999512,0.00499999999999956,1,0.5100000000000005,0.51,0.09000000000000008,0.0,0.0,0.0,0.04500000000000004,0.04500000000000004
57,1,0,1,0.07290413130297242,4.0,10.2,10.114999999999984,0.004999999999999505,0.0,1,0.4249999999999853,0.51,0.0749999999999974,0.0,0.0,0.0,0.04500000000000004,0.04500000000000004
58,1,0,1,0.0728613663189785,4.0,10.114999999999982,9.862124999999985,0.0,0.0,1,0.16999999999998316,0.5078749999999996,0.02999999999999703,0.0,0.0,0.0,0.04500000000000004,0.05962500000000259
59,1,0,1,0.07290843105648996,4.0,9.862124999999983,9.615571874999986,0.0,0.0,1,0.0,0.4994281249999992,0.0,0.0,0.0,0.0,0.059625000000002926,0.10313437500000244
60,1,0,1,0.0730522658427763,4.0,9.615571874999985,9.375182578124985,0.0,0.0,1,0.0,0.48694242187499925,0.0,0.0,0.0,0.0,0.10313437500000278,0.14555601562500242
61,1,0,1,0.07307339768296509,4.0,9.375182578124983,9.14080301367186,0.0,0.0,1,0.0,0.47476886132812424,0.0,0.0,0.0,0.0,0.14555601562500275,0.18691711523437748
62,1,0,0,-0.16679912764707513,3.8332008723529247,9.14080301367186,8.912282938330064,0.0,0.0,1,0.0,0.46289963979492116,0.0,0.0,0.0,0.0,0.18691711523437782,0.22724418735351815
63,1,2,1,0.008277422745435116,3.84147829509836,8.912282938330062,8.689475864871811,0.0,0.0,1,0.0,0.4513271488000481,0.0,0.0,0.0,0.0,0.22724418735351848,0.2665630826696802
64,1,0,1,0.07335740902282346,3.914835704121183,8.68947586487181,8.472238968250016,0.0,0.0,1,0.0,0.4400439700800469,0.0,0.0,0.0,0.0,0.26656308266968054,0.30489900560293826
65,1,0,1,0.07344039546538579,3.988276099586569,8.472238968250014,8.260432994043768,0.0,0.0,1,0.0,0.4290428708280457,0.0,0.0,0.0,0.0,0.3048990056029385,0.34227653046286466
66,1,0,1,0.07347487057319092,4.0,8.260432994043764,8.053922169192672,0.0,0.0,1,0.0,0.41831679905734453,0.0,0.0,0.0,0.0,0.3422765304628651,0.3787196172012931
67,1,0,1,0.07353472582758834,4.0,8.05392216919267,7.852574114962854,0.0,0.0,1,0.0,0.40785887908091095,0.0,0.0,0.0,0.0,0.37871961720129355,0.41425162677126093
68,1,0,1,0.07364954912716447,4.0,7.852574114962853,7.656259762088783,0.0,0.0,1,0.0,0.39766240710388817,0.0,0.0,0.0,0.0,0.41425162677126115,0.4488953361019794
69,1,0,1,0.07369199481382067,4.0,7.656259762088782,7.464853268036563,0.0,0.0,1,0.0,0.3877208469262909,0.0,0.0,0.0,0.0,0.44889533610197974,0.4826729526994299
70,1,0,1,0.07369478159199234,4.0,7.464853268036562,7.27823193633565,0.0,0.0,1,0.0,0.37802782575313365,0.0,0.0,0.0,0.0,0.4826729526994302,0.5156061288819441
71,1,0,1,0.07378877955384028,4.0,7.278231936335648,7.096276137927258,0.0,0.0,1,0.0,0.36857713010930526,0.0,0.0,0.0,0.0,0.5156061288819445,0.5477159756598956
72,1,0,1,0.07384896487354015,4.0,7.096276137927257,6.918869234479077,0.0,0.0,1,0.0,0.35936270185657265,0.0,0.0,0.0,0.0,0.5477159756598959,0.5790230762683982
73,1,0,1,0.0738631038906786,4.0,6.918869234479076,6.745897503617099,0.0,0.0,1,0.0,0.3503786343101583,0.0,0.0,0.0,0.0,0.5790230762683983,0.6095474993616882
74,1,0,1,0.07393124005476874,4.0,6.745897503617099,6.5772500660266715,0.0,0.0,1,0.0,0.3416191684524044,0.0,0.0,0.0,0.0,0.6095474993616883,0.639308811877646
75,1,0,0,-0.16600222777518417,3.8339977722248157,6.5772500660266715,6.4128188143760045,0.0,0.0,1,0.0,0.3330786892410943,0.0,0.0,0.0,0.0,0.6393088118776463,0.668326091580705
76,1,0,1,0.0740222144582803,3.908019986683096,6.4128188143760045,6.252498344016605,0.0,0.0,1,0.0,0.32475172201006697,0.0,0.0,0.0,0.0,0.668326091580705,0.6966179392911875
77,1,0,1,0.07403852634876883,3.982058513031865,6.252498344016604,6.0961858854161886,0.0,0.0,1,0.0,0.31663292895981526,0.0,0.0,0.0,0.0,0.6966179392911875,0.7242024908089079
78,1,0,1,0.07409110548157623,4.0,6.0961858854161886,5.943781238280783,0.0,0.0,1,0.0,0.3087171057358198,0.0,0.0,0.0,0.0,0.7242024908089079,0.7510974285386852
79,1,0,1,0.074134384844808,4.0,5.943781238280784,5.795186707323764,0.0,0.0,1,0.0,0.3009991780924244,0.0,0.0,0.0,0.0,0.7510974285386852,0.7773199928252181
80,1,0,1,0.07417292259217871,4.0,5.795186707323764,5.650307039640669,0.0,0.0,1,0.0,0.2934741986401137,0.0,0.0,0.0,0.0,0.7773199928252181,0.8028869930045875
81,1,2,1,0.009187060569778763,4.0,5.65030703964067,5.509049363649654,0.0,0.0,1,0.0,0.2861373436741109,0.0,0.0,0.0,0.0,0.8028869930045875,0.8278148181794729
82,1,0,1,0.07422494057571989,4.0,5.509049363649653,5.371323129558412,0.0,0.0,1,0.0,0.2789839100822581,0.0,0.0,0.0,0.0,0.8278148181794729,0.8521194477249863
83,1,0,1,0.07422710873092418,4.0,5.371323129558412,5.237040051319452,0.0,0.0,1,0.0,0.27200931233020165,0.0,0.0,0.0,0.0,0.8521194477249863,0.8758164615318613
84,1,0,1,0.07426896069771152,4.0,5.237040051319452,5.1061140500364655,0.0,0.0,1,0.0,0.2652090795219466,0.0,0.0,0.0,0.0,0.8758164615318613,0.8989210499935647
85,1,0,1,0.07427352044613361,4.0,5.1061140500364655,4.9784611987855545,0.0,0.0,1,0.0,0.258578852533898,0.0,0.0,0.0,0.0,0.8989210499935647,0.9214480237437256
86,1,0,1,0.07427134421111889,4.0,4.9784611987855545,4.853999668815916,0.0,0.0,1,0.0,0.2521143812205505,0.0,0.0,0.0,0.0,0.9214480237437256,0.9434118231501324
87,1,0,1,0.07430041055721814,4.0,4.853999668815916,4.732649677095518,0.0,0.0,1,0.0,0.24581152169003673,0.0,0.0,0.0,0.0,0.9434118231501324,0.9648265275713792
88,1,0,1,0.07432623265835164,4.0,4.732649677095517,4.614333435168129,0.0,0.0,1,0.0,0.23966623364778583,0.0,0.0,0.0,0.0,0.9648265275713792,0.9857058643820947
89,1,0,1,0.07434364942642148,4.0,4.614333435168129,4.498975099288925,0.0,0.0,1,0.0,0.23367457780659115,0.0,0.0,0.0,0.0,0.9857058643820947,1.0060632177725424
90,1,0,1,0.07435472420703591,4.0,4.498975099288925,4.386500721806703,0.0,0.0,1,0.0,0.2278327133614264,0.0,0.0,0.0,0.0,1.0060632177725424,1.0259116373282289
91,1,0,1,0.07436987152810175,4.0,4.386500721806703,4.276838203761535,0.0,0.0,1,0.0,0.22213689552739074,0.0,0.0,0.0,0.0,1.0259116373282289,1.0452638463950232
92,1,2,1,0.009398549142709666,4.0,4.2768382037615345,4.169917248667497,0.0,0.0,1,0.0,0.21658347313920595,0.0,0.0,0.0,0.0,1.0452638463950232,1.0641322502351476
93,1,0,1,0.07440372235823635,4.0,4.169917248667497,4.065669317450809,0.0,0.0,1,0.0,0.2111688863107258,0.0,0.0,0.0,0.0,1.0641322502351476,1.0825289439792691
94,1,0,1,0.07441917389534096,4.0,4.065669317450809,3.964027584514539,0.0,0.0,1,0.0,0.20588966415295765,0.0,0.0,0.0,0.0,1.0825289439792691,1.1004657203797874
95,1,0,1,0.0744335848888854,4.0,3.9640275845145387,3.8649268949016755,0.0,0.0,1,0.0,0.20074242254913371,0.0,0.0,0.0,0.0,1.1004657203797874,1.1179540773702925
96,1,1,1,0.009445403475250316,4.0,3.864926894901676,3.7683037225291334,0.0,0.0,1,0.0,0.19572386198540537,0.0,0.0,0.0,0.0,1.1179540773702925,1.135005225436035
97,1,0,0,-0.16554557139810577,3.8344544286018944,3.7683037225291334,3.674096129465905,0.0,0.0,1,0.0,0.19083076543577027,0.0,0.0,0.0,0.0,1.135005225436035,1.1516300948001343
98,1,0,0,-0.16553393308425782,3.6689204955176367,3.674096129465905,3.5822437262292572,0.0,0.0,1,0.0,0.18605999629987596,0.0,0.0,0.0,0.0,1.1516300948001343,1.167839342430131
99,1,0,1,0.07448625238920296,3.74340674790684,3.5822437262292572,3.492687633073526,0.0,0.0,1,0.0,0.18140849639237905,0.0,0.0,0.0,0.0,1.1678393424301312,1.1836433588693778
100,1,0,0,-0.16549860282690673,3.5779081450799333,3.492687633073526,3.4053704422466877,0.0,0.0,1,0.0,0.1768732839825696,0.0,0.0,0.0,0.0,1.1836433588693778,1.1990522748976433
101,1,0,1,0.07452180719338346,3.652429952273317,3.4053704422466877,3.3202361811905208,0.0,0.0,1,0.0,0.17245145188300537,0.0,0.0,0.0,0.0,1.1990522748976433,1.2140759680252022
102,1,0,0,-0.16548273046738823,3.4869472218059285,3.3202361811905203,3.2372302766607577,0.0,0.0,1,0.0,0.16814016558593023,0.0,0.0,0.0,0.0,1.2140759680252022,1.2287240688245722
103,1,0,1,0.07453683199731505,3.5614840538032437,3.2372302766607572,3.1562995197442385,0.0,0.0,1,0.0,0.16393666144628194,0.0,0.0,0.0,0.0,1.2287240688245722,1.243005967103958
104,1,0,0,-0.1654638478354404,3.3960202059678033,3.1562995197442385,3.077392031750633,0.0,0.0,1,0.0,0.1598382449101249,0.0,0.0,0.0,0.0,1.243005967103958,1.2569308179263587
105,1,0,0,-0.16545173266784857,3.2305684732999547,3.0773920317506325,3.000457230956867,0.0,0.0,1,0.0,0.1558422887873718,0.0,0.0,0.0,0.0,1.2569308179263587,1.2705075474782
106,1,0,0,-0.16543663907936565,3.065131834220589,3.000457230956867,2.9254458001829455,0.0,0.0,1,0.0,0.1519462315676875,0.0,0.0,0.0,0.0,1.2705075474782,1.2837448587912448
107,1,0,1,0.07458416540545745,3.1397159996260466,2.9254458001829455,2.852309655178372,0.0,0.0,1,0.0,0.14814757577849533,0.0,0.0,0.0,0.0,1.2837448587912448,1.2966512373214638
108,1,0,0,-0.16541508230996782,2.9743009173160786,2.852309655178372,2.781001913798913,0.0,0.0,1,0.0,0.14444388638403294,0.0,0.0,0.0,0.0,1.2966512373214638,1.3092349563884274
109,1,0,0,-0.16540235057528185,2.8088985667407966,2.781001913798913,2.71147686595394,0.0,0.0,1,0.0,0.14083278922443213,0.0,0.0,0.0,0.0,1.3092349563884274,1.3215040824787165
110,1,0,0,-0.1653889771532688,2.643509589587528,2.71147686595394,2.6436899443050916,0.0,0.0,1,0.0,0.13731196949382132,0.0,0.0,0.0,0.0,1.3215040824787165,1.3334664804167486
111,1,0,0,-0.16538121416788795,2.47812837541964,2.6436899443050916,2.577597695697464,0.0,0.0,1,0.0,0.13387917025647578,0.0,0.0,0.0,0.0,1.3334664804167486,1.3451298184063298
112,1,0,0,-0.1653720279642819,2.312756347455358,2.5775976956974644,2.5131577533050278,0.0,0.0,1,0.0,0.1305321910000639,0.0,0.0,0.0,0.0,1.3451298184063298,1.3565015729461714
113,1,0,0,-0.1653594190852536,2.1473969283701044,2.5131577533050273,2.450328809472402,0.0,0.0,1,0.0,0.12726888622506227,0.0,0.0,0.0,0.0,1.3565015729461714,1.3675890336225174
114,1,1,0,-0.2303550875898005,1.9170418407803038,2.450328809472402,2.389070589235592,0.0,0.0,1,0.0,0.12408716406943575,0.0,0.0,0.0,0.0,1.3675890336225174,1.3783993077819543
115,1,0,1,0.07465211004035226,1.9916939508206561,2.389070589235592,2.3293438245047025,0.0,0.0,1,0.0,0.12098498496769984,0.0,0.0,0.0,0.0,1.3783993077819543,1.3889393250874051
116,1,0,0,-0.1653260383336877,1.8263679124869685,2.3293438245047025,2.271110228892084,0.0,0.0,1,0.0,0.11796036034350736,0.0,0.0,0.0,0.0,1.3889393250874051,1.3992158419602203
117,1,0,0,-0.16532193917345858,1.66104597331351,2.2711102288920846,2.214332473169782,0.0,0.0,1,0.0,0.11501135133491967,0.0,0.0,0.0,0.0,1.3992158419602203,1.4092354459112149
118,1,2,1,0.009690283841633235,1.6707362571551432,2.214332473169782,2.158974161340537,0.0,0.0,1,0.0,0.11213606755154666,0.0,0.0,0.0,0.0,1.4092354459112149,1.4190045597634344
119,1,0,0,-0.16530739280768628,1.505428864347457,2.158974161340537,2.1049998073070237,0.0,0.0,1,0.0,0.10933266586275799,0.0,0.0,0.0,0.0,1.4190045597634344,1.4285294457693487
120,1,0,0,-0.16530479002120305,1.340124074326254,2.104999807307024,2.0523748121243486,0.0,0.0,1,0.0,0.10659934921618903,0.0,0.0,0.0,0.0,1.4285294457693487,1.4378162096251148
121,1,0,0,-0.1652948598582788,1.174829214467975,2.0523748121243486,2.0010654418212397,0.0,0.0,1,0.0,0.1039343654857843,0.0,0.0,0.0,0.0,1.4378162096251148,1.446870804384487
122,1,1,0,-0.23027761196835297,0.9445516024996221,2.0010654418212397,1.9510388057757084,0.0,0.0,1,0.0,0.1013360063486397,0.0,0.0,0.0,0.0,1.446870804384487,1.4556990342748748
123,1,0,1,0.07472485721435713,1.0192764597139792,1.9510388057757087,1.9022628356313158,0.0,0.0,1,0.0,0.09880260618992372,0.0,0.0,0.0,0.0,1.4556990342748748,1.4643065584180028
124,1,2,1,0.009726056283240006,1.0290025159972191,1.902262835631316,1.8547062647405328,0.0,0.0,1,0.0,0.09633254103517563,0.0,0.0,0.0,0.0,1.4643065584180028,1.472698894457553
125,1,0,0,-0.16527190392612826,0.8637306120710909,1.8547062647405328,1.8083386081220196,0.0,0.0,1,0.0,0.09392422750929623,0.0,0.0,0.0,0.0,1.472698894457553,1.4808814220961142
126,1,2,0,-0.2302515218336162,0.6334790902374747,1.8083386081220196,1.763130142918969,0.0,0.0,1,0.0,0.09157612182156381,0.0,0.0,0.0,0.0,1.4808814220961142,1.488859386543711
127,1,0,0,-0.1652545245375794,0.46822456569989535,1.7631301429189692,1.7190518893459945,0.0,0.0,1,0.0,0.08928671877602473,0.0,0.0,0.0,0.0,1.488859386543711,1.4966379018801186
128,1,0,1,0.074670534651663,4.0,1.7190518893459945,1.676075592112345,0.0,0.0,2,0.0,0.0870545508066241,0.0,0.0,0.0,0.0,1.4966379018801186,1.5042219543331155
129,1,0,1,0.07467189143285072,4.0,1.676075592112345,1.6341737023095362,0.0,0.0,2,0.0,0.0848781870364585,0.0,0.0,0.0,0.0,1.5042219543331155,1.5116164054747878
130,1,1,0,-0.23031587808068432,3.769684121919316,1.6341737023095364,1.5933193597517978,0.0,0.0,2,0.0,0.08275623236054702,0.0,0.0,0.0,0.0,1.5116164054747878,1.5188259953379177
131,1,0,0,-0.1653133006428667,3.604370821276449,1.5933193597517978,1.5534863757580029,0.0,0.0,2,0.0,0.08068732655153335,0.0,0.0,0.0,0.0,1.5188259953379177,1.5258553454544699
132,1,2,1,0.009698867252661583,3.6140696885291104,1.5534863757580029,1.5146492163640528,0.0,0.0,2,0.0,0.07867014338774503,0.0,0.0,0.0,0.0,1.5258553454544699,1.5327089618181085
133,1,2,1,0.009704988299369537,3.62377467682848,1.5146492163640528,1.4767829859549515,0.0,0.0,2,0.0,0.0767033898030514,0.0,0.0,0.0,0.0,1.5327089618181085,1.5393912377726557
134,1,0,0,-0.16528961281193114,3.458485064016549,1.4767829859549515,1.439863411306078,0.0,0.0,2,0.0,0.07478580505797511,0.0,0.0,0.0,0.0,1.5393912377726557,1.5459064568283394
135,1,2,1,0.009716171798318381,3.4682012358148673,1.4398634113060778,1.403866826023426,0.0,0.0,2,0.0,0.07291615993152575,0.0,0.0,0.0,0.0,1.5459064568283394,1.552258795407631
136,1,2,0,-0.23028190153216518,3.237919334282702,1.403866826023426,1.3687701553728404,0.0,0.0,2,0.0,0.07109325593323759,0.0,0.0,0.0,0.0,1.552258795407631,1.5584523255224396
137,1,2,0,-0.2302747787391429,3.007644555543559,1.3687701553728402,1.334550901488519,0.0,0.0,2,0.0,0.06931592453490665,0.0,0.0,0.0,0.0,1.5584523255224396,1.5644910173843791
138,1,2,0,-0.23026515558708938,2.7773793999564695,1.3345509014885193,1.3011871289513062,0.0,0.0,2,0.0,0.06758302642153399,0.0,0.0,0.0,0.0,1.5644910173843791,1.5703787419497695
139,1,2,0,-0.2302563953482218,2.5471230046082476,1.3011871289513064,1.2686574507275237,0.0,0.0,2,0.0,0.06589345076099565,0.0,0.0,0.0,0.0,1.5703787419497695,1.576119273401025
140,1,2,1,0.00974228972018961,2.5568652943284373,1.2686574507275237,1.2369410144593356,0.0,0.0,2,0.0,0.06424611449197075,0.0,0.0,0.0,0.0,1.576119273401025,1.5817162915659997
141,1,2,1,0.00975896125451559,2.566624255582953,1.2369410144593356,1.2060174890978521,0.0,0.0,2,0.0,0.06263996162967148,0.0,0.0,0.0,0.0,1.5817162915659997,1.5871733842768498
142,1,2,0,-0.23024835308883654,2.3363759024941166,1.2060174890978523,1.175867051870406,0.0,0.0,2,0.0,0.0610739625889297,0.0,0.0,0.0,0.0,1.5871733842768498,1.5924940496699285
143,1,0,0,-0.16523768062104538,2.171138221873071,1.175867051870406,1.1464703755736456,0.0,0.0,2,0.0,0.059547113524206455,0.0,0.0,0.0,0.0,1.5924940496699285,1.59768169842818
144,1,2,0,-0.2302309712862493,1.9409072505868217,1.1464703755736456,1.1178086161843046,0.0,0.0,2,0.0,0.05805843568610129,0.0,0.0,0.0,0.0,1.59768169842818,1.6027396559674754
145,1,0,0,-0.16522270911775405,1.7756845414690676,1.1178086161843046,1.089863400779697,0.0,0.0,2,0.0,0.05660697479394876,0.0,0.0,0.0,0.0,1.6027396559674754,1.6076711645682888
146,1,2,0,-0.23021581002207941,1.5454687314469882,1.089863400779697,1.0626168157602045,0.0,0.0,2,0.0,0.05519180042410004,0.0,0.0,0.0,0.0,1.6076711645682888,1.612479385454081
147,1,0,1,0.07479568116621071,1.6202644126131989,1.0626168157602045,1.0360513953661994,0.0,0.0,2,0.0,0.053812005413497545,0.0,0.0,0.0,0.0,1.612479385454081,1.6171674008177295
148,1,2,0,-0.23020886690658757,1.3900555457066113,1.0360513953661994,1.0101501104820445,0.0,0.0,2,0.0,0.0524667052781601,0.0,0.0,0.0,0.0,1.6171674008177295,1.6217382157972862
149,1,2,1,0.009802986909190814,1.3998585326158022,1.0101501104820443,0.9848963577199932,0.0,0.0,2,0.0,0.0511550376462061,0.0,0.0,0.0,0.0,1.6217382157972862,1.6261947604023541
150,1,2,0,-0.23019382891561493,1.1696647037001873,0.9848963577199933,0.9602739487769933,0.0,0.0,2,0.0,0.04987616170505095,0.0,0.0,0.0,0.0,1.6261947604023541,1.6305398913922953
151,1,2,1,0.009806199284904721,1.179470902985092,0.9602739487769933,0.9362671000575686,0.0,0.0,2,0.0,0.048629257662424666,0.0,0.0,0.0,0.0,1.6305398913922953,1.634776394107488
152,1,2,1,0.009812379188223207,1.1892832821733152,0.9362671000575686,0.9128604225561294,0.0,0.0,2,0.0,0.04741352622086406,0.0,0.0,0.0,0.0,1.634776394107488,1.6389069842548003
153,1,2,0,-0.23018576689733924,0.959097515275976,0.9128604225561293,0.8900389119922262,0.0,0.0,2,0.0,0.04622818806534246,0.0,0.0,0.0,0.0,1.6389069842548003,1.6429343096484303
154,1,0,0,-0.16518016030375943,0.7939173549722165,0.8900389119922262,0.8677879391924205,0.0,0.0,2,0.0,0.04507248336370889,0.0,0.0,0.0,0.0,1.6429343096484303,1.64686095190722
155,1,0,1,0.07482899663400906,0.8687463516062256,0.8677879391924205,0.84609324071261,0.0,0.0,2,0.0,0.04394567127961617,0.0,0.0,0.0,0.0,1.64686095190722,1.6506894281095394
156,1,0,0,-0.16517580713388566,0.7035705444723399,0.84609324071261,0.8249409096947948,0.0,0.0,2,0.0,0.042847029497625755,0.0,0.0,0.0,0.0,1.6506894281095394,1.6544221924068008
157,1,1,1,0.009829549278822559,0.7134000937511624,0.8249409096947948,0.8043173869524249,0.0,0.0,2,0.0,0.041775853760185125,0.0,0.0,0.0,0.0,1.6544221924068008,1.6580616375966308
158,1,1,1,0.009833063482196857,0.7232331572333592,0.804317386952425,0.7842094522786143,0.0,0.0,2,0.0,0.04073145741618049,0.0,0.0,0.0,0.0,1.6580616375966308,1.6616100966567147
159,1,2,1,0.009838317056381714,0.733071474289741,0.7842094522786144,0.764604215971649,0.0,0.0,2,0.0,0.03971317098077598,0.0,0.0,0.0,0.0,1.6616100966567147,1.6650698442402971
160,1,1,1,0.009839894330604622,0.7429113686203456,0.764604215971649,0.7454891105723578,0.0,0.0,2,0.0,0.03872034170625658,0.0,0.0,0.0,0.0,1.6650698442402971,1.6684430981342897
161,1,0,0,-0.16515862656433924,0.5777527420560064,0.7454891105723577,0.7268518828080488,0.0,0.0,2,0.0,0.03775233316360017,0.0,0.0,0.0,0.0,1.6684430981342897,1.6717320206809325
162,1,0,0,-0.16515267356581156,0.4126000684901948,0.7268518828080488,0.7086805857378475,0.0,0.0,2,0.0,0.036808524834510165,0.0,0.0,0.0,0.0,1.6717320206809325,1.6749387201639094
163,1,0,1,0.07484367279619966,0.48744374128639445,0.7086805857378475,0.6909635710944013,0.0,0.0,2,0.0,0.03588831171364741,0.0,0.0,0.0,0.0,1.6749387201639094,1.6780652521598116
164,1,1,0,-0.23015085357629472,0.2572928877100997,0.6909635710944013,0.6736894818170414,0.0,0.0,2,0.0,0.034991103920806226,0.0,0.0,0.0,0.0,1.6780652521598116,1.6811136208558162
165,1,2,1,0.009849246415372957,0.26714213412547266,0.6736894818170412,0.6568472447716153,0.0,0.0,2,0.0,0.034116326322786064,0.0,0.0,0.0,0.0,1.6811136208558162,1.6840857803344207
166,1,0,1,0.07485738420459365,0.3419995183300663,0.6568472447716152,0.6404260636523249,0.0,0.0,2,0.0,0.03326341816471642,0.0,0.0,0.0,0.0,1.6840857803344207,1.6869836358260604
167,1,0,0,-0.16514365511216342,0.1768558632179029,0.6404260636523249,0.6244154120610168,0.0,0.0,2,0.0,0.032431832710598504,0.0,0.0,0.0,0.0,1.6869836358260604,1.6898090449304088
168,1,0,0,-0.16514517882179236,0.011710684396110532,0.6244154120610168,0.6088050267594913,0.0,0.0,2,0.0,0.03162103689283355,0.0,0.0,0.0,0.0,1.6898090449304088,1.6925638188071486
169,1,0,0,-0.16514259603729545,0.0,0.6088050267594914,0.5935849010905041,0.0,0.0,2,0.0,0.03083051097051271,0.0,0.0,0.0,0.0,1.6925638188071486,1.6952497233369699
170,1,2,0,-0.23018770687914633,3.7698122931208538,0.593584901090504,0.5787452785632414,0.0,0.0,3,0.0,0.03005974819624989,0.0,0.0,0.0,0.0,1.6952497233369699,1.6978684802535458
171,1,0,0,-0.16518340183302513,3.604628891287829,0.5787452785632414,0.5642766465991604,0.0,0.0,3,0.0,0.029308254491343638,0.0,0.0,0.0,0.0,1.6978684802535458,1.700421768247207
172,1,2,0,-0.2301782468906979,3.3744506443971307,0.5642766465991605,0.5501697304341815,0.0,0.0,3,0.0,0.028575548129060047,0.0,0.0,0.0,0.0,1.700421768247207,1.702911224041027
173,1,2,0,-0.23017400342435856,3.1442766409727723,0.5501697304341814,0.5364154871733269,0.0,0.0,3,0.0,0.02786115942583355,0.0,0.0,0.0,0.0,1.702911224041027,1.7053384434400012
174,1,2,1,0.009830124451987865,3.15410676542476,0.5364154871733269,0.5230050999939937,0.0,0.0,3,0.0,0.027164630440187708,0.0,0.0,0.0,0.0,1.7053384434400012,1.707704982354001
175,1,2,1,0.00983516320534627,3.1639419286301065,0.5230050999939937,0.509929972494144,0.0,0.0,3,0.0,0.026485514679183017,0.0,0.0,0.0,0.0,1.707704982354001,1.710012357795151
176,1,1,1,0.009834634515707858,3.173776563145814,0.509929972494144,0.49718172318179027,0.0,0.0,3,0.0,0.025823376812203445,0.0,0.0,0.0,0.0,1.710012357795151,1.712262048850272
177,1,2,1,0.009838199871535598,3.1836147630173497,0.4971817231817902,0.4847521801022455,0.0,0.0,3,0.0,0.02517779239189836,0.0,0.0,0.0,0.0,1.712262048850272,1.7144554976290154
178,1,2,1,0.009841626695354082,3.1934563897127037,0.4847521801022455,0.4726333755996894,0.0,0.0,3,0.0,0.024548347582100897,0.0,0.0,0.0,0.0,1.7144554976290154,1.71659411018829
179,1,2,1,0.009843012375473836,3.2032994020881778,0.4726333755996894,0.4608175412096971,0.0,0.0,3,0.0,0.023934638892548373,0.0,0.0,0.0,0.0,1.71659411018829,1.7186792574335827
180,1,1,1,0.009847250027748115,3.2131466521159258,0.46081754120969715,0.4492971026794547,0.0,0.0,3,0.0,0.023336272920234664,0.0,0.0,0.0,0.0,1.7186792574335827,1.7207122759977431
181,1,1,1,0.009846760093505583,3.2229934122094313,0.44929710267945466,0.4380646751124684,0.0,0.0,3,0.0,0.022752866097228798,0.0,0.0,0.0,0.0,1.7207122759977431,1.7226944690977997
182,1,2,0,-0.23014836517086548,2.992845047038566,0.4380646751124683,0.4271130582346566,0.0,0.0,3,0.0,0.022184044444798077,0.0,0.0,0.0,0.0,1.7226944690977997,1.7246271073703545
183,1,2,0,-0.23014858899977342,2.7626964580387927,0.4271130582346566,0.41643523177879027,0.0,0.0,3,0.0,0.021629443333678125,0.0,0.0,0.0,0.0,1.7246271073703545,1.726511429686096
184,1,2,0,-0.230143223632142,2.5325532344066506,0.41643523177879027,0.4060243509843205,0.0,0.0,3,0.0,0.021088707250336174,0.0,0.0,0.0,0.0,1.726511429686096,1.7283486439439433
185,1,2,1,0.009861853287037918,2.5424150876936884,0.40602435098432055,0.3958737422097125,0.0,0.0,3,0.0,0.020561489569077773,0.0,0.0,0.0,0.0,1.7283486439439433,1.7301399278453444
186,1,2,0,-0.2301358036908003,2.312279284002888,0.3958737422097125,0.3859768986544697,0.0,0.0,3,0.0,0.020047452329850828,0.0,0.0,0.0,0.0,1.7301399278453444,1.731886429649211
187,1,2,1,0.009866617192386322,2.3221459011952743,0.3859768986544697,0.376327476188108,0.0,0.0,3,0.0,0.019546266021604558,0.0,0.0,0.0,0.0,1.731886429649211,1.7335892689079808
188,1,1,1,0.009864639504624259,2.3320105406998985,0.37632747618810797,0.3669192892834053,0.0,0.0,3,0.0,0.019057609371064446,0.0,0.0,0.0,0.0,1.7335892689079808,1.7352495371852812
189,1,2,1,0.009871527996861749,2.3418820686967603,0.3669192892834053,0.35774630705132016,0.0,0.0,3,0.0,0.018581169136787833,0.0,0.0,0.0,0.0,1.7352495371852812,1.7368682987556492
190,1,1,1,0.00987389629125662,2.351755964988017,0.35774630705132016,0.34880264937503713,0.0,0.0,3,0.0,0.018116639908368135,0.0,0.0,0.0,0.0,1.7368682987556492,1.7384465912867582
191,1,2,1,0.009875986047555635,2.3616319510355726,0.34880264937503713,0.3400825831406612,0.0,0.0,3,0.0,0.01766372391065893,0.0,0.0,0.0,0.0,1.7384465912867582,1.7399854265045893
192,1,0,1,0.07487572307153406,2.436507674107107,0.3400825831406612,0.33158051856214465,0.0,0.0,3,0.0,0.017222130812892457,0.0,0.0,0.0,0.0,1.7399854265045893,1.7414857908419745
193,1,0,1,0.07487754645503136,2.511385220562138,0.33158051856214465,0.32329100559809104,0.0,0.0,3,0.0,0.016791577542570147,0.0,0.0,0.0,0.0,1.7414857908419745,1.7429486460709251
194,1,2,1,0.009877574772764575,2.5212627953349025,0.32329100559809104,0.31520873045813874,0.0,0.0,3,0.0,0.016371788104005892,0.0,0.0,0.0,0.0,1.7429486460709251,1.7443749299191516
195,1,0,1,0.07487713685915608,2.5961399321940584,0.31520873045813874,0.30732851219668533,0.0,0.0,3,0.0,0.015962493401405743,0.0,0.0,0.0,0.0,1.7443749299191516,1.7457655566711732
196,1,2,0,-0.23012173622393214,2.3660181959701263,0.3073285121966853,0.29964529939176815,0.0,0.0,3,0.0,0.015563431066370603,0.0,0.0,0.0,0.0,1.7457655566711732,1.747121417754394
197,1,2,1,0.009882893627454009,2.3759010895975803,0.29964529939176815,0.29215416690697393,0.0,0.0,3,0.0,0.015174345289711337,0.0,0.0,0.0,0.0,1.747121417754394,1.7484433823105339
198,1,2,0,-0.23011675457650294,2.1457843350210775,0.292154166906974,0.2848503127342996,0.0,0.0,3,0.0,0.014794986657468551,0.0,0.0,0.0,0.0,1.7484433823105339,1.7497322977527707
199,1,0,1,0.07488551980450435,2.220669854825582,0.2848503127342996,0.27772905491594213,0.0,0.0,3,0.0,0.014425111991031839,0.0,0.0,0.0,0.0,1.7497322977527707,1.750988990308951
200,1,0,0,-0.1651122918681811,2.055557562957401,0.27772905491594213,0.27078582854304356,0.0,0.0,3,0.0,0.014064484191256044,0.0,0.0,0.0,0.0,1.750988990308951,1.7522142655512274
201,1,2,1,0.009893110697252279,2.065450673654653,0.27078582854304356,0.2640161828294675,0.0,0.0,3,0.0,0.013712872086474644,0.0,0.0,0.0,0.0,1.7522142655512274,1.7534089089124467
202,1,2,0,-0.2301073132057201,1.835343360448933,0.2640161828294675,0.2574157782587308,0.0,0.0,3,0.0,0.01337005028431278,0.0,0.0,0.0,0.0,1.7534089089124467,1.7545736861896357
203,1,0,0,-0.16510345368858126,1.6702399067603517,0.2574157782587308,0.2509803838022625,0.0,0.0,3,0.0,0.013035799027204958,0.0,0.0,0.0,0.0,1.7545736861896357,1.7557093440348945
204,1,2,0,-0.23010085634140667,1.440139050418945,0.2509803838022625,0.24470587420720596,0.0,0.0,3,0.0,0.012709904051524834,0.0,0.0,0.0,0.0,1.7557093440348945,1.7568166104340224
205,1,2,0,-0.23009658176887257,1.2100424686500726,0.24470587420720594,0.23858822735202578,0.0,0.0,3,0.0,0.012392156450236712,0.0,0.0,0.0,0.0,1.7568166104340224,1.757896195173172
206,1,2,1,0.009905817119653323,1.219948285769726,0.2385882273520258,0.23262352166822514,0.0,0.0,3,0.0,0.012082352538980795,0.0,0.0,0.0,0.0,1.757896195173172,1.7589487902938425
207,1,2,1,0.009906552298460911,1.2298548380681869,0.23262352166822514,0.22680793362651952,0.0,0.0,3,0.0,0.011780293725506276,0.0,0.0,0.0,0.0,1.7589487902938425,1.7599750705364965
208,1,2,1,0.009907203936529267,1.2397620420047162,0.22680793362651952,0.2211377352858565,0.0,0.0,3,0.0,0.011485786382368617,0.0,0.0,0.0,0.0,1.7599750705364965,1.760975693773084
209,1,2,1,0.009909075816491416,1.2496711178212077,0.22113773528585653,0.21560929190371012,0.0,0.0,3,0.0,0.011198641722809401,0.0,0.0,0.0,0.0,1.760975693773084,1.7619513014287569
210,1,1,1,0.009909849030966375,1.259580966852174,0.21560929190371012,0.21021905960611736,0.0,0.0,3,0.0,0.010918675679739167,0.0,0.0,0.0,0.0,1.7619513014287569,1.762902518893038
211,1,2,0,-0.2300916973452093,1.0294892695069646,0.21021905960611734,0.2049635831159644,0.0,0.0,3,0.0,0.010645708787745687,0.0,0.0,0.0,0.0,1.762902518893038,1.7638299559207122
212,1,2,1,0.009915235442832057,1.0394045049497966,0.20496358311596444,0.19983949353806535,0.0,0.0,3,0.0,0.010379566068052046,0.0,0.0,0.0,0.0,1.7638299559207122,1.7647342070226941
213,1,0,0,-0.16508596040368642,0.8743185445461102,0.19983949353806532,0.19484350619961371,0.0,0.0,3,0.0,0.010120076916350744,0.0,0.0,0.0,0.0,1.7647342070226941,1.765615851847127
214,1,2,1,0.009919256256691326,0.8842378008028016,0.19484350619961371,0.18997241854462335,0.0,0.0,3,0.0,0.009867074993441976,0.0,0.0,0.0,0.0,1.765615851847127,1.7664754555509488
215,1,2,1,0.009916867563827366,0.8941546683666289,0.18997241854462338,0.18522310808100778,0.0,0.0,3,0.0,0.009620398118605926,0.0,0.0,0.0,0.0,1.7664754555509488,1.7673135691621753
216,1,1,1,0.009919447515474866,0.9040741158821038,0.18522310808100775,0.18059253037898257,0.0,0.0,3,0.0,0.009379888165640778,0.0,0.0,0.0,0.0,1.7673135691621753,1.7681307299331208
217,1,0,0,-0.16507888962757108,0.7389952262545327,0.1805925303789826,0.176077717119508,0.0,0.0,3,0.0,0.009145390961499758,0.0,0.0,0.0,0.0,1.7681307299331208,1.7689274616847928
218,1,1,1,0.009923592300892601,0.7489188185554253,0.17607771711950798,0.1716757741915203,0.0,0.0,3,0.0,0.008916756187462266,0.0,0.0,0.0,0.0,1.7689274616847928,1.7697042751426726
219,1,2,0,-0.23007603556352557,0.5188427829918998,0.1716757741915203,0.1673838798367323,0.0,0.0,3,0.0,0.008693837282775708,0.0,0.0,0.0,0.0,1.7697042751426726,1.770461668264106
220,1,2,1,0.009925081521619774,0.5287678645135195,0.16738387983673228,0.16319928284081398,0.0,0.0,3,0.0,0.008476491350706316,0.0,0.0,0.0,0.0,1.770461668264106,1.771200126557503
221,1,2,1,0.009927728775707993,0.5386955932892276,0.16319928284081398,0.1591193007697936,0.0,0.0,3,0.0,0.008264579066938657,0.0,0.0,0.0,0.0,1.771200126557503,1.771920123393566
222,1,2,1,0.009928211220549306,0.5486238045097769,0.1591193007697936,0.15514131825054878,0.0,0.0,3,0.0,0.00805796459026519,0.0,0.0,0.0,0.0,1.771920123393566,1.7726221203087267
223,1,1,0,-0.23007161765822165,0.31855218685155523,0.15514131825054878,0.15126278529428505,0.0,0.0,3,0.0,0.00785651547550856,0.0,0.0,0.0,0.0,1.7726221203087267,1.7733065673010084
224,1,2,0,-0.23007195914509884,0.08848022770645639,0.15126278529428505,0.14748121566192796,0.0,0.0,3,0.0,0.007660102588620846,0.0,0.0,0.0,0.0,1.7733065673010084,1.7739739031184834
225,1,2,0,-0.2300679721159381,0.0,0.14748121566192793,0.14379418527037974,0.0,0.0,3,0.0,0.0074686000239053245,0.0,0.0,0.0,0.0,1.7739739031184834,1.7746245555405211
226,1,1,0,-0.23009186691020758,3.7699081330897926,0.14379418527037974,0.14019933063862028,0.0,0.0,4,0.0,0.007281885023307693,0.0,0.0,0.0,0.0,1.7746245555405211,1.7752589416520084
227,1,2,0,-0.23008933830937192,3.5398187947804205,0.14019933063862028,0.13669434737265473,0.0,0.0,4,0.0,0.007099837897725,0.0,0.0,0.0,0.0,1.7752589416520084,1.775877468110708
228,1,0,1,0.07491366334981185,3.6147324581302325,0.13669434737265473,0.1332769886883384,0.0,0.0,4,0.0,0.006922341950281875,0.0,0.0,0.0,0.0,1.775877468110708,1.7764805314079406
229,1,2,0,-0.23008708774374245,3.38464537038649,0.1332769886883384,0.12994506397112993,0.0,0.0,4,0.0,0.006749283401524829,0.0,0.0,0.0,0.0,1.7764805314079406,1.7770685181227415
230,1,2,0,-0.23008357851258823,3.1545617918739017,0.12994506397112993,0.12669643737185168,0.0,0.0,4,0.0,0.006580551316486709,0.0,0.0,0.0,0.0,1.7770685181227415,1.777641805169673
231,1,2,0,-0.23008244087636548,2.924479350997536,0.12669643737185168,0.1235290264375554,0.0,0.0,4,0.0,0.006416037533574541,0.0,0.0,0.0,0.0,1.777641805169673,1.778200760040431
232,1,2,1,0.009919943334238884,2.934399294331775,0.12352902643755538,0.12044080077661651,0.0,0.0,4,0.0,0.006255636595235177,0.0,0.0,0.0,0.0,1.778200760040431,1.7787457410394205
233,1,2,0,-0.2300763056883397,2.704322988643435,0.1204408007766165,0.11742978075720108,0.0,0.0,4,0.0,0.006099245680354298,0.0,0.0,0.0,0.0,1.7787457410394205,1.7792770975134349
234,1,2,0,-0.23007575045186252,2.4742472381915723,0.11742978075720109,0.11449403623827106,0.0,0.0,4,0.0,0.00594676453834544,0.0,0.0,0.0,0.0,1.7792770975134349,1.7797951700755992
235,1,2,0,-0.23007446535876513,2.2441727728328074,0.11449403623827106,0.11163168533231428,0.0,0.0,4,0.0,0.005798095424886804,0.0,0.0,0.0,0.0,1.7797951700755992,1.7803002908237093
236,1,2,0,-0.2300697457041939,2.0141030271286136,0.11163168533231428,0.10884089319900643,0.0,0.0,4,0.0,0.005653143039264634,0.0,0.0,0.0,0.0,1.7803002908237093,1.780792783553116
237,1,2,0,-0.2300692264150597,1.7840338007135539,0.10884089319900643,0.10611987086903127,0.0,0.0,4,0.0,0.005511814463283018,0.0,0.0,0.0,0.0,1.780792783553116,1.7812729639642886
238,1,2,0,-0.23006601833620455,1.5539677823773492,0.10611987086903128,0.10346687409730548,0.0,0.0,4,0.0,0.005374019101700943,0.0,0.0,0.0,0.0,1.7812729639642886,1.7817411398651815
239,1,2,0,-0.23006405791459564,1.3239037244627536,0.10346687409730548,0.10088020224487285,0.0,0.0,4,0.0,0.00523966862415842,0.0,0.0,0.0,0.0,1.7817411398651815,1.782197611368552
240,1,2,0,-0.23006267955076914,1.0938410449119844,0.10088020224487286,0.09835819718875102,0.0,0.0,4,0.0,0.005108676908554459,0.0,0.0,0.0,0.0,1.782197611368552,1.7826426710843377
241,1,2,0,-0.2300609530128165,0.8637800918991679,0.09835819718875102,0.09589924225903224,0.0,0.0,4,0.0,0.004980959985840597,0.0,0.0,0.0,0.0,1.7826426710843377,1.78307660430723
242,1,2,1,0.009942327394335175,0.8737224192935031,0.09589924225903225,0.09350176120255645,0.0,0.0,4,0.0,0.004856435986194582,0.0,0.0,0.0,0.0,1.78307660430723,1.7834996891995485
243,1,2,0,-0.23005871679422643,0.6436637024992767,0.09350176120255643,0.09116421717249254,0.0,0.0,4,0.0,0.004735025086539717,0.0,0.0,0.0,0.0,1.7834996891995485,1.78391219696956
244,1,0,1,0.07494400655315371,0.7186077090524304,0.09116421717249253,0.08888511174318023,0.0,0.0,4,0.0,0.004616649459376225,0.0,0.0,0.0,0.0,1.78391219696956,1.784314392045321
245,1,2,0,-0.23005474270247198,0.4885529663499585,0.08888511174318021,0.0866629839496007,0.0,0.0,4,0.0,0.00450123322289182,0.0,0.0,0.0,0.0,1.784314392045321,1.7847065322441882
246,1,1,1,0.009947219873521472,0.49850018622347997,0.0866629839496007,0.08449640935086068,0.0,0.0,4,0.0,0.004388702392319524,0.0,0.0,0.0,0.0,1.7847065322441882,1.7850888689380835
247,1,0,0,-0.1650525190722009,0.33344766715127905,0.08449640935086068,0.08238399911708917,0.0,0.0,4,0.0,0.004278984832511535,0.0,0.0,0.0,0.0,1.7850888689380835,1.7854616472146312
248,1,2,1,0.009947169096920783,0.34339483624819983,0.08238399911708917,0.08032439913916195,0.0,0.0,4,0.0,0.004172010211698746,0.0,0.0,0.0,0.0,1.7854616472146312,1.7858251060342654
249,1,2,1,0.009948348988350293,0.3533431852365501,0.08032439913916194,0.0783162891606829,0.0,0.0,4,0.0,0.004067709956406278,0.0,0.0,0.0,0.0,1.7858251060342654,1.7861794783834088
250,1,0,0,-0.1650511911058045,0.18829199413074563,0.07831628916068288,0.07635838193166582,0.0,0.0,4,0.0,0.0039660172074961215,0.0,0.0,0.0,0.0,1.7861794783834088,1.7865249914238235
251,1,2,0,-0.23005042708181767,0.0,0.07635838193166582,0.07444942238337417,0.0,0.0,4,0.0,0.0038668667773087183,0.0,0.0,0.0,0.0,1.7865249914238235,1.7868618666382283
252,1,2,0,-0.23006759552649267,3.7699324044735074,0.07444942238337417,0.07258818682378981,0.0,0.0,5,0.0,0.0037701951078759994,0.0,0.0,0.0,0.0,1.7868618666382283,1.787190319972272
253,1,2,0,-0.23006457447971282,3.5398678299937947,0.07258818682378981,0.07077348215319508,0.0,0.0,5,0.0,0.0036759402301790997,0.0,0.0,0.0,0.0,1.787190319972272,1.7875105619729654
254,1,2,1,0.009936526714451173,3.549804356708246,0.07077348215319507,0.0690041450993652,0.0,0.0,5,0.0,0.0035840417244246223,0.0,0.0,0.0,0.0,1.7875105619729654,1.7878227979236414
255,1,2,1,0.009937757650449656,3.559742114358696,0.06900414509936519,0.06727904147188106,0.0,0.0,5,0.0,0.0034944406813140066,0.0,0.0,0.0,0.0,1.7878227979236414,1.7881272279755502
256,1,2,0,-0.2300631762491174,3.7699368237508826,0.06727904147188106,0.06559706543508403,0.0,0.0,6,0.0,0.0034070796642811565,0.0,0.0,0.0,0.0,1.7881272279755502,1.7884240472761614
257,1,2,0,-0.2300607663321243,3.539876057418758,0.06559706543508403,0.06395713879920693,0.0,0.0,6,0.0,0.0033219026726741276,0.0,0.0,0.0,0.0,1.7884240472761614,1.7887134460942575
258,1,2,1,0.009938704597337363,3.5498147620160956,0.06395713879920693,0.062358210329226754,0.0,0.0,6,0.0,0.0032388551058572745,0.0,0.0,0.0,0.0,1.7887134460942575,1.7889956099419009
259,1,0,0,-0.16505838609781326,3.384756375918282,0.062358210329226754,0.06079925507099609,0.0,0.0,6,0.0,0.003157883728210842,0.0,0.0,0.0,0.0,1.7889956099419009,1.7892707196933535
260,1,0,0,-0.16505919710236389,3.219697178815918,0.06079925507099609,0.05927927369422119,0.0,0.0,6,0.0,0.003078936635005571,0.0,0.0,0.0,0.0,1.7892707196933535,1.7895389517010198
261,1,0,1,0.07494323490132547,3.2946404137172434,0.05927927369422118,0.057797291851865655,0.0,0.0,6,0.0,0.0030019632191304315,0.0,0.0,0.0,0.0,1.7895389517010198,1.7898004779084942
262,1,2,1,0.009943452388306266,3.3045838661055495,0.05779729185186565,0.05635235955556901,0.0,0.0,6,0.0,0.0029269141386521714,0.0,0.0,0.0,0.0,1.7898004779084942,1.790055465960782
263,1,1,0,-0.23005533262007222,3.0745285334854775,0.05635235955556901,0.05494355056667979,0.0,0.0,6,0.0,0.002853741285185867,0.0,0.0,0.0,0.0,1.790055465960782,1.7903040793117624
264,1,1,0,-0.23005401171409356,2.844474521771384,0.05494355056667979,0.05356996180251279,0.0,0.0,6,0.0,0.00278239775305622,0.0,0.0,0.0,0.0,1.7903040793117624,1.7905464773289679
265,1,2,0,-0.2300523669059339,2.61442215486545,0.05356996180251279,0.052230712757449976,0.0,0.0,6,0.0,0.0027128378092298147,0.0,0.0,0.0,0.0,1.7905464773289679,1.7907828153957441
266,1,2,1,0.00994975440836123,2.6243719092738114,0.05223071275744997,0.05092494493851372,0.0,0.0,6,0.0,0.0026450168639990694,0.0,0.0,0.0,0.0,1.7907828153957441,1.7910132450108505
267,1,2,0,-0.2300497422373317,2.3943221670364796,0.05092494493851372,0.04965182131505088,0.0,0.0,6,0.0,0.0025788914423990924,0.0,0.0,0.0,0.0,1.7910132450108505,1.7912379138855792
268,1,2,1,0.009951507304124028,2.4042736743406037,0.04965182131505088,0.048410525782174606,0.0,0.0,6,0.0,0.002514419156339115,0.0,0.0,0.0,0.0,1.7912379138855792,1.7914569660384396
269,1,0,1,0.07495249302931675,2.4792261673699203,0.0484105257821746,0.04720026263762024,0.0,0.0,6,0.0,0.002451558677430637,0.0,0.0,0.0,0.0,1.7914569660384396,1.791670541887479
270,1,2,0,-0.23004642146949056,2.2491797459004297,0.047200262637620234,0.04602025607167973,0.0,0.0,6,0.0,0.002390269710494871,0.0,0.0,0.0,0.0,1.791670541887479,1.7918787783402919
271,1,2,1,0.009954446325110524,2.2591341922255403,0.046020256071679734,0.044869749669887736,0.0,0.0,6,0.0,0.002330512967732499,0.0,0.0,0.0,0.0,1.7918787783402919,1.7920818088817845
272,1,0,0,-0.16504545516299463,2.094088737062546,0.04486974966988773,0.04374800592814054,0.0,0.0,6,0.0,0.0022722501435391866,0.0,0.0,0.0,0.0,1.7920818088817845,1.7922797636597398
273,1,2,0,-0.23004359274686834,1.8640451443156776,0.043748005928140536,0.042654305779937035,0.0,0.0,6,0.0,0.002215443889950707,0.0,0.0,0.0,0.0,1.7922797636597398,1.792472769568246
274,1,1,0,-0.23004243639942787,1.6340027079162498,0.04265430577993703,0.041587948135438604,0.0,0.0,6,0.0,0.0021600577927019396,0.0,0.0,0.0,0.0,1.792472769568246,1.7926609503290405
275,1,2,0,-0.23004077314165414,1.4039619347745957,0.04158794813543861,0.04054824943205264,0.0,0.0,6,0.0,0.0021060563478843912,0.0,0.0,0.0,0.0,1.7926609503290405,1.792844426570814
276,1,2,0,-0.23004118653721278,1.173920748237383,0.04054824943205264,0.039534543196251326,0.0,0.0,6,0.0,0.002053404939187281,0.0,0.0,0.0,0.0,1.792844426570814,1.7930233159065438
277,1,1,0,-0.2300387202960431,0.9438820279413399,0.03953454319625132,0.038546179616345044,0.0,0.0,6,0.0,0.002002069815707599,0.0,0.0,0.0,0.0,1.7930233159065438,1.79319773300888
278,1,2,0,-0.23003771268952034,0.7138443152518196,0.03854617961634504,0.03758252512593642,0.0,0.0,6,0.0,0.001952018070314909,0.0,0.0,0.0,0.0,1.79319773300888,1.7933677896836584
279,1,2,0,-0.230035819662579,0.48380849558924055,0.03758252512593642,0.03664296199778801,0.0,0.0,6,0.0,0.0019032176185570366,0.0,0.0,0.0,0.0,1.7933677896836584,1.7935335949415665
280,1,2,0,-0.23003522944460603,0.2537732661446345,0.03664296199778801,0.03572688794784331,0.0,0.0,6,0.0,0.0018556371780931108,0.0,0.0,0.0,0.0,1.7935335949415665,1.7936952550680276
281,1,2,1,0.009965224542732822,0.2637384906873673,0.03572688794784331,0.03483371574914723,0.0,0.0,6,0.0,0.0018092462486407831,0.0,0.0,0.0,0.0,1.7936952550680276,1.793852873691327
282,1,2,1,0.009966352199995903,0.27370484288736324,0.034833715749147225,0.03396287285541855,0.0,0.0,6,0.0,0.0017640150924247637,0.0,0.0,0.0,0.0,1.793852873691327,1.7940065518490438
283,1,1,1,0.009965633605117439,0.28367047649248067,0.033962872855418554,0.03311380103403309,0.0,0.0,6,0.0,0.0017199147151141445,0.0,0.0,0.0,0.0,1.7940065518490438,1.7941563880528177
284,1,0,1,0.0749660449823215,0.3586365214748022,0.03311380103403309,0.03228595600818225,0.0,0.0,6,0.0,0.001676916847236291,0.0,0.0,0.0,0.0,1.7941563880528177,1.7943024783514974
285,1,1,1,0.009966268576846281,0.3686027900516485,0.03228595600818226,0.03147880710797771,0.0,0.0,6,0.0,0.0016349939260553838,0.0,0.0,0.0,0.0,1.7943024783514974,1.7944449163927099
286,1,2,0,-0.23003211080187164,0.13857067924977684,0.03147880710797771,0.030691836930278257,0.0,0.0,6,0.0,0.001594119077903999,0.0,0.0,0.0,0.0,1.7944449163927099,1.7945837934828917
287,1,2,0,-0.23003195488312217,0.0,0.03069183693027826,0.029924541007021306,0.0,0.0,6,0.0,0.001554266100956399,0.0,0.0,0.0,0.0,1.7945837934828917,1.7947191986458197
288,1,1,1,0.00995717534530149,4.0,0.029924541007021303,0.029176427481845773,0.0,0.0,7,0.0,0.0015154094484324892,0.0,0.0,0.0,0.0,1.7947191986458197,1.7948512186796743
289,1,2,0,-0.23004255293681322,3.7699574470631867,0.02917642748184577,0.028447016794799624,0.0,0.0,7,0.0,0.0014775242122216769,0.0,0.0,0.0,0.0,1.7948512186796743,1.7949799382126825
290,1,2,0,-0.2300410232421034,3.5399164238210834,0.028447016794799627,0.027735841374929637,0.0,0.0,7,0.0,0.001440586106916135,0.0,0.0,0.0,0.0,1.7949799382126825,1.7951054397573656
291,1,2,1,0.00995996023481229,3.549876384055896,0.027735841374929637,0.027042445340556394,0.0,0.0,7,0.0,0.0014045714542432314,0.0,0.0,0.0,0.0,1.7951054397573656,1.795227803763431
292,1,2,1,0.00996055487303388,3.5598369389289295,0.027042445340556394,0.02636638420704248,0.0,0.0,7,0.0,0.0013694571678871507,0.0,0.0,0.0,0.0,1.795227803763431,1.7953471086693453
293,1,2,0,-0.23003877442510856,3.329798164503821,0.026366384207042484,0.02570722460186642,0.0,0.0,7,0.0,0.0013352207386899718,0.0,0.0,0.0,0.0,1.7953471086693453,1.7954634309526116
294,1,0,1,0.07496248445655003,3.4047606489603712,0.025707224601866422,0.02506454398681976,0.0,0.0,7,0.0,0.0013018402202227225,0.0,0.0,0.0,0.0,1.7954634309526116,1.7955768451787963
295,1,2,1,0.00996260922103394,3.414723258181405,0.02506454398681976,0.024437930387149268,0.0,0.0,7,0.0,0.0012692942147171547,0.0,0.0,0.0,0.0,1.7955768451787963,1.7956874240493268
296,1,1,1,0.009962194261038653,3.4246854524424437,0.024437930387149268,0.023826982127470538,0.0,0.0,7,0.0,0.0012375618593492258,0.0,0.0,0.0,0.0,1.7956874240493268,1.7957952384480933
297,1,2,0,-0.2300368246928579,3.1946486277495856,0.023826982127470534,0.023231307574283773,0.0,0.0,7,0.0,0.0012066228128654953,0.0,0.0,0.0,0.0,1.7957952384480933,1.795900357486891
298,1,2,0,-0.23003587481317284,2.9646127529364126,0.02323130757428377,0.02265052488492668,0.0,0.0,7,0.0,0.0011764572425438575,0.0,0.0,0.0,0.0,1.795900357486891,1.7960028485497186
299,1,2,1,0.009965208573295333,2.974577961509708,0.022650524884926675,0.02208426176280351,0.0,0.0,7,0.0,0.0011470458114802612,0.0,0.0,0.0,0.0,1.7960028485497186,1.796102777335976
300,1,2,0,-0.23003395274731045,2.7445440087623973,0.02208426176280351,0.021532155218733418,0.0,0.0,7,0.0,0.0011183696661932546,0.0,0.0,0.0,0.0,1.796102777335976,1.7962002079025763
301,1,2,0,-0.23003295349177197,2.5145110552706256,0.021532155218733418,0.020993851338265083,0.0,0.0,7,0.0,0.0010904104245384233,0.0,0.0,0.0,0.0,1.7962002079025763,1.796295202705012
302,1,2,0,-0.23003175181894048,2.2844793034516853,0.020993851338265083,0.020469005054808455,0.0,0.0,7,0.0,0.0010631501639249627,0.0,0.0,0.0,0.0,1.796295202705012,1.7963878226373866
303,1,2,0,-0.2300308996728549,2.05444840377883,0.02046900505480846,0.019957279928438244,0.0,0.0,7,0.0,0.0010365714098268387,0.0,0.0,0.0,0.0,1.7963878226373866,1.7964781270714518
304,1,2,0,-0.23003032395083112,1.824418079827999,0.019957279928438244,0.01945834793022729,0.0,0.0,7,0.0,0.0010106571245811675,0.0,0.0,0.0,0.0,1.7964781270714518,1.7965661738946654
305,1,2,1,0.009970542551967356,1.8343886223799664,0.019458347930227292,0.018971889231971607,0.0,0.0,7,0.0,0.0009853906964666383,0.0,0.0,0.0,0.0,1.7965661738946654,1.7966520195472993
306,1,2,0,-0.23002966584561163,1.6043589565343548,0.018971889231971607,0.018497592001172316,0.0,0.0,7,0.0,0.0009607559290549725,0.0,0.0,0.0,0.0,1.7966520195472993,1.7967357190586164
307,1,1,0,-0.23002824934392713,1.3743307071904276,0.018497592001172316,0.018035152201143004,0.0,0.0,7,0.0,0.0009367370308285981,0.0,0.0,0.0,0.0,1.7967357190586164,1.7968173260821512
308,1,2,0,-0.23002688554761586,1.1443038216428119,0.018035152201143007,0.01758427339611443,0.0,0.0,7,0.0,0.000913318605057883,0.0,0.0,0.0,0.0,1.7968173260821512,1.7968968929300972
309,1,2,0,-0.23002708610959127,0.9142767355332206,0.017584273396114434,0.017144666561211573,0.0,0.0,7,0.0,0.0008904856399314359,0.0,0.0,0.0,0.0,1.7968968929300972,1.796974470606845
310,1,0,0,-0.16502603289701448,0.7492507026362062,0.017144666561211573,0.016716049897181284,0.0,0.0,7,0.0,0.0008682234989331502,0.0,0.0,0.0,0.0,1.796974470606845,1.797050108841674
311,1,2,0,-0.23002496707074702,0.5192257355654591,0.016716049897181284,0.01629814864975175,0.0,0.0,7,0.0,0.0008465179114598214,0.0,0.0,0.0,0.0,1.797050108841674,1.797123856120632
312,1,2,0,-0.23002359608933212,0.28920213947612705,0.01629814864975175,0.015890694933507955,0.0,0.0,7,0.0,0.0008253549636733259,0.0,0.0,0.0,0.0,1.797123856120632,1.7971957597176158
313,1,2,0,-0.23002371745938535,0.0591784220167417,0.01589069493350796,0.015493427560170258,0.0,0.0,7,0.0,0.0008047210895814928,0.0,0.0,0.0,0.0,1.7971957597176158,1.7972658657246758
314,1,0,0,-0.16502264326660288,0.0,0.015493427560170258,0.015106091871166,0.0,0.0,7,0.0,0.0007846030623419554,0.0,0.0,0.0,0.0,1.7972658657246758,1.7973342190815589
315,1,2,1,0.009969304050526555,4.0,0.015106091871166,0.01472843957438685,0.0,0.0,8,0.0,0.0007649879857834065,0.0,0.0,0.0,0.0,1.7973342190815589,1.7974008636045196
316,1,2,1,0.009969751798360491,4.0,0.01472843957438685,0.01436022858502718,0.0,0.0,8,0.0,0.0007458632861388212,0.0,0.0,0.0,0.0,1.7974008636045196,1.7974658420144067
317,1,2,1,0.009970458730523778,4.0,0.014360228585027179,0.014001222870401498,0.0,0.0,8,0.0,0.0007272167039853508,0.0,0.0,0.0,0.0,1.7974658420144067,1.7975291959640465
318,1,2,0,-0.2300295291318577,3.7699704708681425,0.014001222870401498,0.013651192298641462,0.0,0.0,8,0.0,0.0007090362863857169,0.0,0.0,0.0,0.0,1.7975291959640465,1.7975909660649456
319,1,1,1,0.009971213805665098,3.7799416846738074,0.013651192298641462,0.013309912491175423,0.0,0.0,8,0.0,0.000691310379226074,0.0,0.0,0.0,0.0,1.7975909660649456,1.797651191913322
320,1,2,1,0.009971515815715747,3.789913200489523,0.013309912491175425,0.01297716467889604,0.0,0.0,8,0.0,0.0006740276197454223,0.0,0.0,0.0,0.0,1.797651191913322,1.7977099121154887
321,1,2,0,-0.23002746687919176,3.559885733610331,0.012977164678896038,0.012652735561923638,0.0,0.0,8,0.0,0.0006571769292517866,0.0,0.0,0.0,0.0,1.7977099121154887,1.7977671643126019
322,1,2,0,-0.23002694911189014,3.329858784498441,0.012652735561923636,0.012336417172875546,0.0,0.0,8,0.0,0.0006407475060204921,0.0,0.0,0.0,0.0,1.7977671643126019,1.7978229852047867
323,1,0,1,0.07497377075735094,3.404832555255792,0.012336417172875544,0.012028006743553657,0.0,0.0,8,0.0,0.0006247288183699796,0.0,0.0,0.0,0.0,1.7978229852047867,1.7978774105746669
324,1,0,1,0.07497331132201743,3.4798058665778093,0.012028006743553657,0.011727306574964815,0.0,0.0,8,0.0,0.0006091105979107301,0.0,0.0,0.0,0.0,1.7978774105746669,1.7979304753103003
325,1,2,0,-0.2300265935675102,3.249779273010299,0.011727306574964815,0.011434123910590694,0.0,0.0,8,0.0,0.0005938828329629618,0.0,0.0,0.0,0.0,1.7979304753103003,1.7979822134275427
326,1,2,0,-0.23002533413386678,3.0197539388764323,0.011434123910590696,0.011148270812825926,0.0,0.0,8,0.0,0.0005790357621388879,0.0,0.0,0.0,0.0,1.7979822134275427,1.7980326580918542
327,1,2,1,0.009975214051043157,3.0297291529274752,0.011148270812825926,0.010869564042505279,0.0,0.0,8,0.0,0.0005645598680854157,0.0,0.0,0.0,0.0,1.7980326580918542,1.7980818416395579
328,1,2,0,-0.23002419677459993,2.7997049561528753,0.010869564042505277,0.010597824941442645,0.0,0.0,8,0.0,0.0005504458713832802,0.0,0.0,0.0,0.0,1.7980818416395579,1.7981297955985691
329,1,2,1,0.009975952852439506,2.8096809090053148,0.010597824941442647,0.01033287931790658,0.0,0.0,8,0.0,0.000536684724598698,0.0,0.0,0.0,0.0,1.7981297955985691,1.7981765507086043
330,1,2,1,0.009976492114881172,2.819657401120196,0.01033287931790658,0.010074557334958913,0.0,0.0,8,0.0,0.0005232676064837306,0.0,0.0,0.0,0.0,1.7981765507086043,1.7982221369408893
331,1,2,0,-0.23002323761423482,2.589634163505961,0.010074557334958914,0.00982269340158494,0.0,0.0,8,0.0,0.0005101859163216373,0.0,0.0,0.0,0.0,1.7982221369408893,1.7982665835173672
332,1,0,0,-0.1650226891616335,2.4246114743443274,0.009822693401584941,0.009577126066545316,0.0,0.0,8,0.0,0.0004974312684135965,0.0,0.0,0.0,0.0,1.7982665835173672,1.7983099189294334
333,1,1,1,0.00997770594916682,2.4345891802934942,0.009577126066545316,0.009337697914881683,0.0,0.0,8,0.0,0.0004849954867032565,0.0,0.0,0.0,0.0,1.7983099189294334,1.7983521709561974
334,1,2,1,0.009978366529247527,2.444567546822742,0.009337697914881685,0.009104255467009641,0.0,0.0,8,0.0,0.00047287059953567503,0.0,0.0,0.0,0.0,1.7983521709561974,1.7983933666822922
335,1,2,1,0.009977823063530969,2.4545453698862727,0.009104255467009641,0.008876649080334403,0.0,0.0,8,0.0,0.0004610488345472832,0.0,0.0,0.0,0.0,1.7983933666822922,1.7984335325152352
336,1,2,1,0.009978315865376062,2.4645236857516486,0.008876649080334403,0.00865473285332604,0.0,0.0,8,0.0,0.0004495226136836011,0.0,0.0,0.0,0.0,1.7984335325152352,1.7984726942023541
337,1,2,1,0.00997865729834367,2.474502343049992,0.00865473285332604,0.00843836453199289,0.0,0.0,8,0.0,0.00043828454834151113,0.0,0.0,0.0,0.0,1.7984726942023541,1.798510876847295
338,1,2,1,0.00997874151707968,2.4844810845670717,0.00843836453199289,0.008227405418693066,0.0,0.0,8,0.0,0.0004273274346329733,0.0,0.0,0.0,0.0,1.798510876847295,1.798548104926113
339,1,1,1,0.009979371687155344,2.494460456254227,0.008227405418693068,0.008021720283225741,0.0,0.0,8,0.0,0.00041664424876714895,0.0,0.0,0.0,0.0,1.798548104926113,1.79858440230296
340,1,2,1,0.009979403838149919,2.504439860092377,0.008021720283225741,0.007821177276145097,0.0,0.0,8,0.0,0.0004062281425479702,0.0,0.0,0.0,0.0,1.79858440230296,1.798619792245386
341,1,2,0,-0.23002038963238475,2.2744194704599923,0.007821177276145098,0.007625647844241469,0.0,0.0,8,0.0,0.000396072438984271,0.0,0.0,0.0,0.0,1.798619792245386,1.7986542974392516
342,1,0,1,0.07498041205201428,2.3493998825120066,0.00762564784424147,0.007435006648135433,0.0,0.0,8,0.0,0.0003861706280096642,0.0,0.0,0.0,0.0,1.7986542974392516,1.7986879400032703
343,1,2,0,-0.2300196350688636,2.119380247443143,0.0074350066481354326,0.007249131481932047,0.0,0.0,8,0.0,0.00037651636230942256,0.0,0.0,0.0,0.0,1.7986879400032703,1.7987207415031883
344,1,2,1,0.009980690267165178,2.129360937710308,0.007249131481932048,0.007067903194883747,0.0,0.0,8,0.0,0.0003671034532516871,0.0,0.0,0.0,0.0,1.7987207415031883,1.7987527229656088
345,1,0,1,0.07498100674631428,2.2043419444566226,0.007067903194883747,0.006891205615011652,0.0,0.0,8,0.0,0.0003579258669203949,0.0,0.0,0.0,0.0,1.7987527229656088,1.7987839048914682
346,1,2,1,0.009981405536517643,2.21432334999314,0.006891205615011653,0.006718925474636362,0.0,0.0,8,0.0,0.000348977720247385,0.0,0.0,0.0,0.0,1.7987839048914682,1.7988143072691818
347,1,2,0,-0.23001881027159857,1.9843045397215415,0.006718925474636361,0.006550952337770452,0.0,0.0,8,0.0,0.00034025327724120037,0.0,0.0,0.0,0.0,1.7988143072691818,1.7988439495874522
348,1,2,1,0.0099825515119214,1.994287091233463,0.006550952337770452,0.006387178529326191,0.0,0.0,8,0.0,0.00033174694531017037,0.0,0.0,0.0,0.0,1.7988439495874522,1.7988728508477663
349,1,2,1,0.009982515577427001,2.00426960681089,0.006387178529326191,0.006227499066093036,0.0,0.0,8,0.0,0.0003234532716774161,0.0,0.0,0.0,0.0,1.7988728508477663,1.7989010295765717
350,1,2,1,0.009982560579067682,2.0142521673899574,0.0062274990660930365,0.00607181158944071,0.0,0.0,8,0.0,0.00031536693988548067,0.0,0.0,0.0,0.0,1.7989010295765717,1.7989285038371572
351,1,0,1,0.07498265554798444,2.089234822937942,0.0060718115894407105,0.005920016299704692,0.0,0.0,8,0.0,0.0003074827663883436,0.0,0.0,0.0,0.0,1.7989285038371572,1.7989552912412283
352,1,0,0,-0.1650169738269388,1.9242178491110034,0.005920016299704692,0.005772015892212074,0.0,0.0,8,0.0,0.0002997956972286351,0.0,0.0,0.0,0.0,1.7989552912412283,1.7989814089601979
353,1,0,0,-0.1650165524225712,1.759201296688432,0.005772015892212074,0.005627715494906773,0.0,0.0,8,0.0,0.0002923008047979192,0.0,0.0,0.0,0.0,1.7989814089601979,1.7990068737361928
354,1,2,0,-0.23001640439746232,1.5291848922909697,0.005627715494906772,0.005487022607534104,0.0,0.0,8,0.0,0.0002849932846779712,0.0,0.0,0.0,0.0,1.7990068737361928,1.7990317018927882
355,1,2,0,-0.23001594996523092,1.2991689423257387,0.005487022607534103,0.0053498470423457515,0.0,0.0,8,0.0,0.00027786845256102193,0.0,0.0,0.0,0.0,1.7990317018927882,1.7990559093454683
356,1,2,0,-0.23001544049487394,1.0691535018308647,0.005349847042345751,0.005216100866287108,0.0,0.0,8,0.0,0.0002709217412469964,0.0,0.0,0.0,0.0,1.7990559093454683,1.7990795116118314
357,1,0,0,-0.16501515730822533,0.9041383445226393,0.005216100866287107,0.00508569834462993,0.0,0.0,8,0.0,0.0002641486977158215,0.0,0.0,0.0,0.0,1.7990795116118314,1.7991025238215357
358,1,2,0,-0.23001438975893973,0.6741239547636996,0.005085698344629929,0.004958555886014181,0.0,0.0,8,0.0,0.00025754498027292594,0.0,0.0,0.0,0.0,1.7991025238215357,1.7991249607259976
359,1,2,0,-0.23001405618558313,0.44410989857811645,0.00495855588601418,0.004834591988863827,0.0,0.0,8,0.0,0.00025110635576610274,0.0,0.0,0.0,0.0,1.7991249607259976,1.7991468367078476
360,1,2,1,0.009986332180892605,0.45409623075900907,0.004834591988863827,0.0047137271891422305,0.0,0.0,8,0.0,0.0002448286968719502,0.0,0.0,0.0,0.0,1.7991468367078476,1.799168165790151
361,1,2,1,0.00998630436243319,0.46408253512144226,0.0047137271891422305,0.004595884009413675,0.0,0.0,8,0.0,0.0002387079794501514,0.0,0.0,0.0,0.0,1.799168165790151,1.7991889616453978
362,1,2,0,-0.23001321998234306,0.2340693151390992,0.004595884009413675,0.004480986909178333,0.0,0.0,8,0.0,0.00023274027996389766,0.0,0.0,0.0,0.0,1.7991889616453978,1.7992092376042623
363,1,2,1,0.009986743130792125,0.24405605826989132,0.0044809869091783335,0.004368962236448875,0.0,0.0,8,0.0,0.0002269217729648002,0.0,0.0,0.0,0.0,1.7992092376042623,1.799229006664156
364,1,2,0,-0.2300130928016723,0.014042965468219037,0.004368962236448875,0.004259738180537653,0.0,0.0,8,0.0,0.0002212487286406802,0.0,0.0,0.0,0.0,1.799229006664156,1.7992482814975521
365,1,2,1,0.009987610354308332,0.02403057582252737,0.004259738180537652,0.004153244726024212,0.0,0.0,8,0.0,0.00021571751042466318,0.0,0.0,0.0,0.0,1.7992482814975521,1.7992670744601134
366,1,2,1,0.009987188010524319,0.03401776383305169,0.004153244726024212,0.0040494136078736065,0.0,0.0,8,0.0,0.00021032457266404662,0.0,0.0,0.0,0.0,1.7992670744601134,1.7992853975986105
367,1,0,0,-0.16501227679496616,0.0,0.0040494136078736065,0.003948178267676766,0.0,0.0,8,0.0,0.00020506645834744545,0.0,0.0,0.0,0.0,1.7992853975986105,1.7993032626586454
368,1,0,1,0.07498423691371774,4.0,0.003948178267676766,0.0038494738109848474,0.0,0.0,9,0.0,0.00019993979688875935,0.0,0.0,0.0,0.0,1.7993032626586454,1.7993206810921794
369,1,0,1,0.07498418115713823,4.0,0.0038494738109848474,0.003753236965710226,0.0,0.0,9,0.0,0.00019494130196654033,0.0,0.0,0.0,0.0,1.7993206810921794,1.7993376640648746
370,1,0,0,-0.16501551354409272,3.834984486455907,0.003753236965710226,0.0036594060415674704,0.0,0.0,9,0.0,0.00019006776941737685,0.0,0.0,0.0,0.0,1.7993376640648746,1.7993542224632526
371,1,0,0,-0.16501515138444542,3.6699693350714617,0.0036594060415674704,0.0035679208905282835,0.0,0.0,9,0.0,0.00018531607518194242,0.0,0.0,0.0,0.0,1.7993542224632526,1.7993703669016716
372,1,0,0,-0.1650147932063324,3.5049545418651293,0.0035679208905282835,0.0034787228682650767,0.0,0.0,9,0.0,0.00018068317330239387,0.0,0.0,0.0,0.0,1.7993703669016716,1.7993861077291295
373,1,0,0,-0.16501432975060498,3.3399402121145245,0.0034787228682650767,0.0033917547965584493,0.0,0.0,9,0.0,0.00017616609396983404,0.0,0.0,0.0,0.0,1.7993861077291295,1.7994014550359014
374,1,1,0,-0.23001388361532354,3.109926328499201,0.0033917547965584497,0.003306960926644489,0.0,0.0,9,0.0,0.00017176194162058818,0.0,0.0,0.0,0.0,1.7994014550359014,1.799416418660004
375,1,2,0,-0.23001367285484578,2.8799126556443553,0.0033069609266444884,0.0032242869034783766,0.0,0.0,9,0.0,0.00016746789308007344,0.0,0.0,0.0,0.0,1.799416418660004,1.7994310081935039
376,1,0,0,-0.16501328597246254,2.7148993696718926,0.0032242869034783766,0.0031436797308914168,0.0,0.0,9,0.0,0.00016328119575307164,0.0,0.0,0.0,0.0,1.7994310081935039,1.7994452329886659
377,1,0,1,0.07498699858261373,2.7898863682545065,0.003143679730891417,0.0030650877376191313,0.0,0.0,9,0.0,0.00015919916585924488,0.0,0.0,0.0,0.0,1.7994452329886659,1.7994591021639497
378,1,2,1,0.00998750163809909,2.799873869892606,0.0030650877376191318,0.0029884605441786527,0.0,0.0,9,0.0,0.00015521918671276372,0.0,0.0,0.0,0.0,1.7994591021639497,1.7994726246098511
379,1,0,0,-0.16501243553669706,2.634861434355909,0.002988460544178653,0.0029137490305741866,0.0,0.0,9,0.0,0.0001513387070449446,0.0,0.0,0.0,0.0,1.7994726246098511,1.7994858089946046
380,1,0,1,0.07498737778695802,2.7098488121428668,0.002913749030574187,0.0028409053048098322,0.0,0.0,9,0.0,0.000147555239368821,0.0,0.0,0.0,0.0,1.7994858089946046,1.799498663769739
381,1,2,1,0.009987669480077968,2.7198364816229446,0.0028409053048098322,0.0027698826721895865,0.0,0.0,9,0.0,0.0001438663583846005,0.0,0.0,0.0,0.0,1.799498663769739,1.7995111971754958
382,1,0,0,-0.16501206241585176,2.554824419207093,0.0027698826721895865,0.002700635605384847,0.0,0.0,9,0.0,0.00014026969942498548,0.0,0.0,0.0,0.0,1.7995111971754958,1.7995234172461085
383,1,0,0,-0.16501181335282236,2.389812605854271,0.002700635605384847,0.002633119715250226,0.0,0.0,9,0.0,0.00013676295693936083,0.0,0.0,0.0,0.0,1.7995234172461085,1.7995353318149558
384,1,0,1,0.07498709295885221,4.0,0.0026331197152502255,0.0025672917223689704,0.0,0.0,10,0.0,0.00013334388301587682,0.0,0.0,0.0,0.0,1.7995353318149558,1.799546948519582
385,1,1,1,0.009987195406516988,4.0,0.0025672917223689704,0.0025031094293097465,0.0,0.0,10,0.0,0.0001300102859404799,0.0,0.0,0.0,0.0,1.799546948519582,1.7995582748065921
386,1,0,1,0.0749874800017566,4.0,0.002503109429309746,0.0024405316935770024,0.0,0.0,10,0.0,0.0001267600287919679,0.0,0.0,0.0,0.0,1.7995582748065921,1.7995693179364276
387,1,0,0,-0.16501241813853473,3.834987581861465,0.0024405316935770024,0.0023795184012375776,0.0,0.0,10,0.0,0.0001235910280721687,0.0,0.0,0.0,0.0,1.7995693179364276,1.7995800849880168
388,1,0,0,-0.16501200161909887,3.669975580242366,0.0023795184012375776,0.002320030441206638,0.0,0.0,10,0.0,0.0001205012523703645,0.0,0.0,0.0,0.0,1.7995800849880168,1.7995905828633165
389,1,1,0,-0.23001184655555124,3.439963733686815,0.002320030441206638,0.002262029680176472,0.0,0.0,10,0.0,0.0001174887210611054,0.0,0.0,0.0,0.0,1.7995905828633165,1.7996008182917334
390,1,0,0,-0.16501145753981203,3.274952276147003,0.0022620296801764716,0.0022054789381720603,0.0,0.0,10,0.0,0.00011455150303457775,0.0,0.0,0.0,0.0,1.7996008182917334,1.7996107978344402
391,1,0,0,-0.16501116994838164,3.109941106198621,0.0022054789381720603,0.002150341964717759,0.0,0.0,10,0.0,0.0001116877154587133,0.0,0.0,0.0,0.0,1.7996107978344402,1.7996205278885795
392,1,0,1,0.07498897326050565,3.184930079459127,0.0021503419647177584,0.002096583415599815,0.0,0.0,10,0.0,0.00010889552257224547,0.0,0.0,0.0,0.0,1.7996205278885795,1.7996300146913646
393,1,0,1,0.07498913789569044,3.2599192173548173,0.0020965834155998145,0.002044168830209819,0.0,0.0,10,0.0,0.00010617313450793933,0.0,0.0,0.0,0.0,1.7996300146913646,1.7996392643240804
394,1,0,0,-0.1650104794410591,3.0949087379137583,0.002044168830209819,0.0019930646094545737,0.0,0.0,10,0.0,0.00010351880614524086,0.0,0.0,0.0,0.0,1.7996392643240804,1.7996482827159788
395,1,1,0,-0.23001046565289227,2.864898272260866,0.0019930646094545737,0.0019432379942182093,0.0,0.0,10,0.0,0.00010093083599160984,0.0,0.0,0.0,0.0,1.7996482827159788,1.799657075648079
396,1,0,1,0.0749896898912057,2.939887962152072,0.0019432379942182095,0.001894657044362754,0.0,0.0,10,0.0,9.840756509181956e-05,0.0,0.0,0.0,0.0,1.799657075648079,1.7996656487568772
397,1,0,0,-0.16501015893486196,2.77487780321721,0.001894657044362754,0.0018472906182536851,0.0,0.0,10,0.0,9.594737596452409e-05,0.0,0.0,0.0,0.0,1.7996656487568772,1.7996740075379554
398,1,0,1,0.07499012329655867,2.849867926513769,0.0018472906182536854,0.001801108352797343,0.0,0.0,10,0.0,9.3548691565411e-05,0.0,0.0,0.0,0.0,1.7996740075379554,1.7996821573495063
399,1,0,1,0.07499033144562615,2.924858257959395,0.0018011083527973428,0.0017560806439774093,0.0,0.0,10,0.0,9.12099742762757e-05,0.0,0.0,0.0,0.0,1.7996821573495063,1.7996901034157686
400,1,0,0,-0.16500976191239863,2.7598484960469967,0.0017560806439774093,0.0017121786278779744,0.0,0.0,10,0.0,8.892972491936882e-05,0.0,0.0,0.0,0.0,1.7996901034157686,1.7996978508303745
401,1,0,0,-0.16500930384734844,2.594839192199648,0.0017121786278779744,0.0016693741621810248,0.0,0.0,10,0.0,8.67064817963846e-05,0.0,0.0,0.0,0.0,1.7996978508303745,1.7997054045596153
402,1,0,0,-0.16500924672067127,2.4298299454789767,0.0016693741621810248,0.0016276398081264995,0.0,0.0,10,0.0,8.453881975147499e-05,0.0,0.0,0.0,0.0,1.7997054045596153,1.7997127694456245
403,1,0,1,0.07499116756263396,2.5048211130416105,0.0016276398081264993,0.001586948812923337,0.0,0.0,10,0.0,8.24253492576881e-05,0.0,0.0,0.0,0.0,1.7997127694456245,1.799719950209484
404,1,0,0,-0.16500885529045023,2.33981225775116,0.0015869488129233369,0.0015472750926002537,0.0,0.0,10,0.0,8.036471552624592e-05,0.0,0.0,0.0,0.0,1.799719950209484,1.7997269514542469
405,1,0,0,-0.1650086846533172,2.174803573097843,0.0015472750926002535,0.0015085932152852472,0.0,0.0,10,0.0,7.835559763808976e-05,0.0,0.0,0.0,0.0,1.7997269514542469,1.7997337776678906
406,1,0,1,0.07499152943652386,2.2497951025343665,0.0015085932152852474,0.001470878384903116,0.0,0.0,10,0.0,7.639670769713752e-05,0.0,0.0,0.0,0.0,1.7997337776678906,1.7997404332261935
407,1,0,0,-0.1650081830485226,2.084786919485844,0.001470878384903116,0.001434106425280538,0.0,0.0,10,0.0,7.448679000470908e-05,0.0,0.0,0.0,0.0,1.7997404332261935,1.799746922395539
408,1,0,0,-0.16500806966455017,1.919778849821294,0.0014341064252805383,0.0013982537646485245,0.0,0.0,10,0.0,7.262462025459136e-05,0.0,0.0,0.0,0.0,1.799746922395539,1.79975324933565
409,1,0,0,-0.1650078147582353,1.7547710350630588,0.0013982537646485245,0.0013632974205323115,0.0,0.0,10,0.0,7.080900474822657e-05,0.0,0.0,0.0,0.0,1.79975324933565,1.7997594181022591
410,1,1,0,-0.23000770703570247,1.5247633280273563,0.0013632974205323115,0.0013292149850190039,0.0,0.0,10,0.0,6.90387796295209e-05,0.0,0.0,0.0,0.0,1.7997594181022591,1.7997654326497023
411,1,0,0,-0.1650075104997557,1.3597558175276006,0.0013292149850190039,0.0012959846103935287,0.0,0.0,10,0.0,6.731281013878289e-05,0.0,0.0,0.0,0.0,1.7997654326497023,1.7997712968334603
412,1,1,0,-0.2300072344569951,1.1297485830706053,0.001295984610393529,0.0012635849951336906,0.0,0.0,10,0.0,6.562998988531332e-05,0.0,0.0,0.0,0.0,1.7997712968334603,1.7997770144126233
413,1,0,1,0.07499281346301413,1.2047413965336196,0.0012635849951336906,0.0012319953702553484,0.0,0.0,10,0.0,6.398924013818049e-05,0.0,0.0,0.0,0.0,1.7997770144126233,1.7997825890523076
414,1,0,0,-0.165007128079313,1.0397342684543065,0.0012319953702553484,0.0012011954859989646,0.0,0.0,10,0.0,6.238950913472599e-05,0.0,0.0,0.0,0.0,1.7997825890523076,1.799788024326
415,1,0,1,0.07499321596075774,1.1147274844150643,0.0012011954859989648,0.0011711655988489904,0.0,0.0,10,0.0,6.082977140635783e-05,0.0,0.0,0.0,0.0,1.799788024326,1.7997933237178503
416,1,2,1,0.009993072866471787,1.1247205572815362,0.0011711655988489904,0.001141886458877766,0.0,0.0,10,0.0,5.9309027121198886e-05,0.0,0.0,0.0,0.0,1.7997933237178503,1.7997984906249036
417,1,0,0,-0.16500681973855932,0.9597137375429768,0.0011418864588777658,0.0011133392974058218,0.0,0.0,10,0.0,5.7826301443168914e-05,0.0,0.0,0.0,0.0,1.7997984906249036,1.7998035283592813
418,1,0,0,-0.1650066398786288,0.794707097664348,0.0011133392974058218,0.0010855058149706763,0.0,0.0,10,0.0,5.638064390708969e-05,0.0,0.0,0.0,0.0,1.7998035283592813,1.7998084401502992
419,1,0,1,0.0749935989753323,0.8697006966396803,0.0010855058149706763,0.0010583681695964095,0.0,0.0,10,0.0,5.497112780941245e-05,0.0,0.0,0.0,0.0,1.7998084401502992,1.7998132291465416
420,1,0,0,-0.1650064212784894,0.7046942753611909,0.0010583681695964093,0.0010319089653564992,0.0,0.0,10,0.0,5.359684961417714e-05,0.0,0.0,0.0,0.0,1.7998132291465416,1.7998178984178783
421,1,0,1,0.07499375969076096,0.7796880350519518,0.0010319089653564992,0.0010061112412225867,0.0,0.0,10,0.0,5.225692837382272e-05,0.0,0.0,0.0,0.0,1.7998178984178783,1.799822450957431
422,1,2,0,-0.23000623132811102,0.5496818037238408,0.0010061112412225867,0.0009809584601920222,0.0,0.0,10,0.0,5.095050516447715e-05,0.0,0.0,0.0,0.0,1.799822450957431,1.7998268896834957
423,1,1,0,-0.2300059946404754,0.3196758090833654,0.000980958460192022,0.0009564344986872217,0.0,0.0,10,0.0,4.967674253536522e-05,0.0,0.0,0.0,0.0,1.7998268896834957,1.7998312174414082
424,1,0,1,0.0749941247703562,0.3946699338537216,0.0009564344986872215,0.0009325236362200409,0.0,0.0,10,0.0,4.843482397198109e-05,0.0,0.0,0.0,0.0,1.7998312174414082,1.7998354370053729
425,1,0,1,0.07499417724521676,0.46966411109893835,0.000932523636220041,0.00090921054531454,0.0,0.0,10,0.0,4.7223953372681566e-05,0.0,0.0,0.0,0.0,1.7998354370053729,1.7998395510802383
426,1,2,1,0.009994177598179476,0.47965828869711785,0.00090921054531454,0.0008864802816816765,0.0,0.0,10,0.0,4.604335453836452e-05,0.0,0.0,0.0,0.0,1.7998395510802383,1.7998435623032327
427,1,0,0,-0.16500577935014277,0.3146525093469751,0.0008864802816816766,0.0008643182746396346,0.0,0.0,10,0.0,4.489227067490541e-05,0.0,0.0,0.0,0.0,1.7998435623032327,1.799847473245652
428,1,0,0,-0.16500555043375148,0.1496469589132236,0.0008643182746396346,0.0008427103177736438,0.0,0.0,10,0.0,4.3769963908032785e-05,0.0,0.0,0.0,0.0,1.799847473245652,1.7998512864145104
429,1,2,1,0.009994462568920138,0.15964142148214375,0.0008427103177736438,0.0008216425598293027,0.0,0.0,10,0.0,4.267571481033197e-05,0.0,0.0,0.0,0.0,1.7998512864145104,1.7998550042541477
430,1,0,0,-0.1650053905940138,0.0,0.0008216425598293026,0.00080110149583357,0.0,0.0,10,0.0,4.160882194007366e-05,0.0,0.0,0.0,0.0,1.7998550042541477,1.799858629147794
431,1,1,1,0.009993002440560702,4.0,0.0008011014958335701,0.0007810739584377308,0.0,0.0,11,0.0,4.056860139157182e-05,0.0,0.0,0.0,0.0,1.799858629147794,1.7998621634190992
432,1,0,0,-0.16500687999602023,3.83499312000398,0.0007810739584377307,0.0007615471094767874,0.0,0.0,11,0.0,3.955438635678252e-05,0.0,0.0,0.0,0.0,1.7998621634190992,1.7998656093336218
433,1,0,1,0.07499332550157038,3.90998644550555,0.0007615471094767874,0.0007425084317398676,0.0,0.0,11,0.0,3.856552669786296e-05,0.0,0.0,0.0,0.0,1.7998656093336218,1.7998689691002814
434,1,0,0,-0.1650068339175945,3.7449796115879557,0.0007425084317398677,0.000723945720946371,0.0,0.0,11,0.0,3.760138853041638e-05,0.0,0.0,0.0,0.0,1.7998689691002814,1.799872244872774
435,1,0,0,-0.16500658793153816,3.5799730236564176,0.0007239457209463709,0.0007058470779227116,0.0,0.0,11,0.0,3.6661353817155967e-05,0.0,0.0,0.0,0.0,1.799872244872774,1.7998754387509546
436,1,0,0,-0.16500642326713869,3.414966600389279,0.0007058470779227117,0.0006882009009746438,0.0,0.0,11,0.0,3.574481997172706e-05,0.0,0.0,0.0,0.0,1.7998754387509546,1.7998785527821808
437,1,0,0,-0.16500623826334926,3.24996036212593,0.0006882009009746439,0.0006709958784502778,0.0,0.0,11,0.0,3.485119947243389e-05,0.0,0.0,0.0,0.0,1.7998785527821808,1.7998815889626263
438,1,0,0,-0.16500604976285746,3.0849543123630725,0.0006709958784502779,0.0006542209814890208,0.0,0.0,11,0.0,3.397991948562304e-05,0.0,0.0,0.0,0.0,1.7998815889626263,1.7998845492385604
439,1,0,0,-0.1650060124148658,2.9199482999482065,0.0006542209814890209,0.0006378654569517952,0.0,0.0,11,0.0,3.313042149848247e-05,0.0,0.0,0.0,0.0,1.7998845492385604,1.7998874355075969
440,1,0,1,0.07499422318232656,2.994942523130533,0.0006378654569517952,0.0006219188205280003,0.0,0.0,11,0.0,3.23021609610204e-05,0.0,0.0,0.0,0.0,1.7998874355075969,1.7998902496199067
441,1,0,1,0.07499419135023455,3.0699367144807677,0.0006219188205280004,0.0006063708500148004,0.0,0.0,11,0.0,3.149460693699489e-05,0.0,0.0,0.0,0.0,1.7998902496199067,1.7998929933794092
442,1,0,1,0.07499421878798841,3.144930933268756,0.0006063708500148004,0.0005912115787644304,0.0,0.0,11,0.0,3.0707241763570016e-05,0.0,0.0,0.0,0.0,1.7998929933794092,1.7998956685449239
443,1,0,1,0.07499433702527428,3.21992527029403,0.0005912115787644304,0.0005764312892953197,0.0,0.0,11,0.0,2.9939560719480774e-05,0.0,0.0,0.0,0.0,1.7998956685449239,1.799898276831301
444,1,2,0,-0.23000577736367617,2.989919492930354,0.0005764312892953197,0.0005620205070629367,0.0,0.0,11,0.0,2.9191071701493754e-05,0.0,0.0,0.0,0.0,1.799898276831301,1.799900819910518
445,1,0,0,-0.16500550260184912,2.8249139903285045,0.0005620205070629368,0.0005479699943863633,0.0,0.0,11,0.0,2.8461294908956407e-05,0.0,0.0,0.0,0.0,1.799900819910518,1.799903299412755
446,1,2,1,0.009994684213295597,2.8349086745418,0.0005479699943863633,0.0005342707445267043,0.0,0.0,11,0.0,2.77497625362325e-05,0.0,0.0,0.0,0.0,1.799903299412755,1.7999057169274364
447,1,1,0,-0.23000532074929456,2.6049033537925057,0.0005342707445267043,0.0005209139759135366,0.0,0.0,11,0.0,2.705601847282669e-05,0.0,0.0,0.0,0.0,1.7999057169274364,1.7999080740042503
448,1,0,1,0.07499478263116376,2.6798981364236694,0.0005209139759135366,0.0005078911265156982,0.0,0.0,11,0.0,2.6379618011006024e-05,0.0,0.0,0.0,0.0,1.7999080740042503,1.7999103721541443
449,1,0,1,0.0749950221045704,2.75489315852824,0.0005078911265156982,0.0004951938483528058,0.0,0.0,11,0.0,2.5720127560730873e-05,0.0,0.0,0.0,0.0,1.7999103721541443,1.7999126128502905
450,1,1,0,-0.2300051404994417,2.5248880180287983,0.0004951938483528059,0.0004828140021439856,0.0,0.0,11,0.0,2.50771243717126e-05,0.0,0.0,0.0,0.0,1.7999126128502905,1.7999147975290335
451,1,2,1,0.009994970633399762,2.534882988662198,0.0004828140021439856,0.00047074365209038595,0.0,0.0,11,0.0,2.4450196262419786e-05,0.0,0.0,0.0,0.0,1.7999147975290335,1.7999169275908073
452,1,0,1,0.07499517749691245,2.6098781661591106,0.00047074365209038595,0.00045897506078812635,0.0,0.0,11,0.0,2.3838941355859292e-05,0.0,0.0,0.0,0.0,1.7999169275908073,1.7999190044010376
453,1,0,1,0.07499524664136198,2.6848734128004725,0.0004589750607881263,0.00044750068426842315,0.0,0.0,11,0.0,2.324296782196281e-05,0.0,0.0,0.0,0.0,1.7999190044010376,1.7999210292910113
454,1,2,0,-0.2300048160209623,2.45486859677951,0.0004475006842684231,0.00043631316716171255,0.0,0.0,11,0.0,2.2661893626413738e-05,0.0,0.0,0.0,0.0,1.7999210292910113,1.7999230035587361
455,1,1,1,0.009995488005034463,2.4648640847845447,0.00043631316716171255,0.0004254053379826697,0.0,0.0,11,0.0,2.2095346285753393e-05,0.0,0.0,0.0,0.0,1.7999230035587361,1.7999249284697678
456,1,0,1,0.07499547746894453,2.539859562253489,0.0004254053379826697,0.000414770204533103,0.0,0.0,11,0.0,2.1542962628609557e-05,0.0,0.0,0.0,0.0,1.7999249284697678,1.7999268052580235
457,1,0,1,0.07499548827770855,2.6148550505311974,0.000414770204533103,0.00040440094941977545,0.0,0.0,11,0.0,2.1004388562894318e-05,0.0,0.0,0.0,0.0,1.7999268052580235,1.7999286351265726
458,1,0,1,0.07499545764450753,2.689850508175705,0.00040440094941977545,0.00039429092568428107,0.0,0.0,11,0.0,2.047927884882196e-05,0.0,0.0,0.0,0.0,1.7999286351265726,1.7999304192484087
459,1,0,0,-0.1650045577769522,2.5248459503987526,0.0003942909256842811,0.00038443365254217405,0.0,0.0,11,0.0,1.9967296877601414e-05,0.0,0.0,0.0,0.0,1.7999304192484087,1.7999321587671984
460,1,0,1,0.07499559029087949,2.5998415406896322,0.00038443365254217405,0.0003748228112286197,0.0,0.0,11,0.0,1.9468114455661376e-05,0.0,0.0,0.0,0.0,1.7999321587671984,1.7999338547980182
461,1,1,0,-0.23000442198054769,2.3698371187090848,0.0003748228112286197,0.00036545224094790415,0.0,0.0,11,0.0,1.8981411594269843e-05,0.0,0.0,0.0,0.0,1.7999338547980182,1.799935508428068
462,1,0,1,0.07499584201415783,2.4448329607232426,0.0003654522409479042,0.0003563159349242066,0.0,0.0,11,0.0,1.85068763044131e-05,0.0,0.0,0.0,0.0,1.799935508428068,1.7999371207173662
463,1,0,0,-0.16500419532908595,2.2798287653941567,0.0003563159349242066,0.0003474080365511014,0.0,0.0,11,0.0,1.804420439680277e-05,0.0,0.0,0.0,0.0,1.7999371207173662,1.799938692699432
464,1,0,1,0.07499604951399003,2.3548248149081465,0.0003474080365511014,0.00033872283563732384,0.0,0.0,11,0.0,1.75930992868827e-05,0.0,0.0,0.0,0.0,1.799938692699432,1.7999402253819463
465,1,0,1,0.07499595741586629,2.429820772324013,0.0003387228356373239,0.00033025476474639077,0.0,0.0,11,0.0,1.7153271804710636e-05,0.0,0.0,0.0,0.0,1.7999402253819463,1.7999417197473977
466,1,0,0,-0.16500396536065084,2.264816806963362,0.00033025476474639077,0.000321998395627731,0.0,0.0,11,0.0,1.6724440009592866e-05,0.0,0.0,0.0,0.0,1.7999417197473977,1.7999431767537124
467,1,0,0,-0.1650038935399314,2.0998129134234307,0.000321998395627731,0.0003139484357370377,0.0,0.0,11,0.0,1.6306329009353042e-05,0.0,0.0,0.0,0.0,1.7999431767537124,1.79994459733487
468,1,1,0,-0.2300037799864779,1.8698091334369529,0.0003139484357370377,0.0003060997248436117,0.0,0.0,11,0.0,1.5898670784119218e-05,0.0,0.0,0.0,0.0,1.79994459733487,1.799945982401498
469,1,0,1,0.07499626032535876,1.9448053937623115,0.00030609972484361167,0.0002984472317225214,0.0,0.0,11,0.0,1.5501204014516238e-05,0.0,0.0,0.0,0.0,1.799945982401498,1.7999473328414606
470,1,0,0,-0.16500369468329867,1.7798016990790129,0.00029844723172252135,0.00029098605092945837,0.0,0.0,11,0.0,1.5113673914153329e-05,0.0,0.0,0.0,0.0,1.7999473328414606,1.799948649520424
471,1,0,1,0.07499636255828136,1.8547980616372943,0.00029098605092945837,0.00028371139965622193,0.0,0.0,11,0.0,1.4735832066299494e-05,0.0,0.0,0.0,0.0,1.799948649520424,1.7999499332824136
472,1,0,1,0.07499640291896809,1.9297944645562624,0.00028371139965622193,0.0002766186146648164,0.0,0.0,11,0.0,1.4367436264642008e-05,0.0,0.0,0.0,0.0,1.7999499332824136,1.7999511849503533
473,1,0,1,0.07499635559123378,2.004790820147496,0.0002766186146648164,0.00026970314929819603,0.0,0.0,11,0.0,1.4008250358025959e-05,0.0,0.0,0.0,0.0,1.7999511849503533,1.7999524053265943
474,1,0,1,0.0749963907727315,2.0797872109202276,0.000269703149298196,0.00026296057056574105,0.0,0.0,11,0.0,1.365804409907531e-05,0.0,0.0,0.0,0.0,1.7999524053265943,1.7999535951934296
475,1,0,0,-0.16500350016170393,1.9147837107585237,0.0002629605705657411,0.0002563865563015975,0.0,0.0,11,0.0,1.3316592996598429e-05,0.0,0.0,0.0,0.0,1.7999535951934296,1.7999547553135937
476,1,0,1,0.07499657198349333,1.989780282742017,0.00025638655630159756,0.0002499768923940576,0.0,0.0,11,0.0,1.2983678171683465e-05,0.0,0.0,0.0,0.0,1.7999547553135937,1.7999558864307537
477,1,0,0,-0.16500334611258274,1.8247769366294342,0.0002499768923940576,0.00024372747008420619,0.0,0.0,11,0.0,1.2659086217391377e-05,0.0,0.0,0.0,0.0,1.7999558864307537,1.7999569892699852
478,1,0,1,0.07499665396373935,1.8997735905931736,0.00024372747008420619,0.00023763428333210102,0.0,0.0,11,0.0,1.2342609061956593e-05,0.0,0.0,0.0,0.0,1.7999569892699852,1.7999580645382356
479,1,0,0,-0.1650032989582689,1.7347702916349048,0.00023763428333210102,0.00023169342624879846,0.0,0.0,11,0.0,1.2034043835407679e-05,0.0,0.0,0.0,0.0,1.7999580645382356,1.7999591129247796
480,1,1,1,0.009996881782647645,1.7447671734175525,0.00023169342624879848,0.0002259010905925785,0.0,0.0,11,0.0,1.1733192739522489e-05,0.0,0.0,0.0,0.0,1.7999591129247796,1.7999601351016603
481,1,0,0,-0.16500314604702002,1.5797640273705325,0.00022590109059257853,0.00022025356332776405,0.0,0.0,11,0.0,1.1439862921034423e-05,0.0,0.0,0.0,0.0,1.7999601351016603,1.7999611317241184
482,1,0,0,-0.16500298903341928,1.4147610383371132,0.00022025356332776403,0.0002147472242445699,0.0,0.0,11,0.0,1.1153866348008564e-05,0.0,0.0,0.0,0.0,1.7999611317241184,1.7999621034310158
483,1,1,0,-0.2300029965878914,1.1847580417492218,0.0002147472242445699,0.00020937854363845568,0.0,0.0,11,0.0,1.087501968930835e-05,0.0,0.0,0.0,0.0,1.7999621034310158,1.7999630508452402
484,1,0,1,0.0749970799109981,1.2597551216602199,0.00020937854363845568,0.00020414408004749428,0.0,0.0,11,0.0,1.060314419707564e-05,0.0,0.0,0.0,0.0,1.7999630508452402,1.799963974574109
485,1,0,0,-0.1650028804100001,1.0947522412502197,0.00020414408004749428,0.0001990404780463069,0.0,0.0,11,0.0,1.0338065592148749e-05,0.0,0.0,0.0,0.0,1.799963974574109,1.7999648752097568
486,1,0,0,-0.16500284672685556,0.9297493945233641,0.00019904047804630693,0.00019406446609514924,0.0,0.0,11,0.0,1.0079613952345031e-05,0.0,0.0,0.0,0.0,1.7999648752097568,1.7999657533295126
487,1,0,0,-0.1650028285797835,0.7647465659435806,0.00019406446609514924,0.00018921285444277051,0.0,0.0,11,0.0,9.827623603536405e-06,0.0,0.0,0.0,0.0,1.7999657533295126,1.7999666094962745
488,1,2,1,0.009997338782765175,0.7747439047263458,0.00018921285444277051,0.00018448253308170126,0.0,0.0,11,0.0,9.581933013447994e-06,0.0,0.0,0.0,0.0,1.7999666094962745,1.799967444258868
489,1,0,0,-0.16500263848697874,0.6097412662393671,0.00018448253308170126,0.00017987046975465873,0.0,0.0,11,0.0,9.342384688111796e-06,0.0,0.0,0.0,0.0,1.799967444258868,1.7999682581523964
490,1,0,0,-0.1650025747398944,0.44473869149947265,0.0001798704697546587,0.00017537370801079224,0.0,0.0,11,0.0,9.108825070908999e-06,0.0,0.0,0.0,0.0,1.7999682581523964,1.7999690516985865
491,1,2,1,0.009997433299716887,0.4547361247991895,0.00017537370801079224,0.00017098936531052245,0.0,0.0,11,0.0,8.881104444136274e-06,0.0,0.0,0.0,0.0,1.7999690516985865,1.7999698254061218
492,1,0,0,-0.16500254128263317,0.2897335835165563,0.00017098936531052242,0.00016671463117775935,0.0,0.0,11,0.0,8.659076833032869e-06,0.0,0.0,0.0,0.0,1.7999698254061218,1.7999705797709686
493,1,0,0,-0.16500245894829843,0.12473112456825788,0.00016671463117775938,0.00016254676539831538,0.0,0.0,11,0.0,8.442599912207047e-06,0.0,0.0,0.0,0.0,1.7999705797709686,1.7999713152766943
494,1,2,0,-0.23000252195947146,0.0,0.00016254676539831538,0.0001584830962633575,0.0,0.0,11,0.0,8.231534914401869e-06,0.0,0.0,0.0,0.0,1.7999713152766943,1.7999720323947768
495,1,0,0,-0.16500315477295716,3.834996845227043,0.00015848309626335748,0.00015452101885677356,0.0,0.0,12,0.0,8.025746541541822e-06,0.0,0.0,0.0,0.0,1.7999720323947768,1.7999727315849077
496,1,0,0,-0.16500301035890963,3.669993834868133,0.00015452101885677356,0.00015065799338535423,0.0,0.0,12,0.0,7.825102878003277e-06,0.0,0.0,0.0,0.0,1.7999727315849077,1.799973413295285
497,1,0,0,-0.16500295529042733,3.5049908795777056,0.00015065799338535423,0.0001468915435507204,0.0,0.0,12,0.0,7.629475306053196e-06,0.0,0.0,0.0,0.0,1.799973413295285,1.799974077962903
498,1,0,1,0.07499713019462201,3.5799880097723276,0.00014689154355072037,0.00014321925496195236,0.0,0.0,12,0.0,7.438738423401865e-06,0.0,0.0,0.0,0.0,1.799974077962903,1.79997472601383
499,1,0,0,-0.1650029109270094,3.4149850988453183,0.00014321925496195236,0.00013963877358790357,0.0,0.0,12,0.0,7.252769962816818e-06,0.0,0.0,0.0,0.0,1.79997472601383,1.799975357863484
500,1,0,1,0.0749972122286419,3.4899823110739603,0.00013963877358790357,0.000136147804248206,0.0,0.0,12,0.0,7.071450713746399e-06,0.0,0.0,0.0,0.0,1.799975357863484,1.7999759739168972
501,1,0,0,-0.16500277717986256,3.3249795338940977,0.00013614780424820596,0.00013274410914200084,0.0,0.0,12,0.0,6.894664445902738e-06,0.0,0.0,0.0,0.0,1.7999759739168972,1.7999765745689749
502,1,0,1,0.07499727530567543,3.399976809199773,0.00013274410914200082,0.00012942550641345082,0.0,0.0,12,0.0,6.722297834755171e-06,0.0,0.0,0.0,0.0,1.7999765745689749,1.7999771602047505
503,1,0,0,-0.16500265024857572,3.2349741589511973,0.00012942550641345082,0.00012618986875311455,0.0,0.0,12,0.0,6.554240388886292e-06,0.0,0.0,0.0,0.0,1.7999771602047505,1.7999777311996321
504,1,0,1,0.07499742710928904,3.3099715860604864,0.00012618986875311455,0.0001230351220342867,0.0,0.0,12,0.0,6.390384379164135e-06,0.0,0.0,0.0,0.0,1.7999777311996321,1.799978287919641
505,1,0,1,0.07499736416040988,3.3849689502208964,0.0001230351220342867,0.00011995924398342954,0.0,0.0,12,0.0,6.2306247696850325e-06,0.0,0.0,0.0,0.0,1.799978287919641,1.79997883072165
506,1,0,1,0.07499738878453946,3.459966339005436,0.00011995924398342954,0.0001169602628838438,0.0,0.0,12,0.0,6.074859150442905e-06,0.0,0.0,0.0,0.0,1.79997883072165,1.7999793599536085
507,1,0,0,-0.16500255691245458,3.294963782092981,0.0001169602628838438,0.0001140362563117477,0.0,0.0,12,0.0,5.922987671681833e-06,0.0,0.0,0.0,0.0,1.7999793599536085,1.7999798759547685
508,1,0,0,-0.16500253178592922,3.1299612503070517,0.0001140362563117477,0.00011118534990395401,0.0,0.0,12,0.0,5.774912979889788e-06,0.0,0.0,0.0,0.0,1.7999798759547685,1.799980379055899
509,1,0,0,-0.165002468397435,2.964958781909617,0.00011118534990395401,0.00010840571615635516,0.0,0.0,12,0.0,5.630540155392543e-06,0.0,0.0,0.0,0.0,1.799980379055899,1.7999808695795019
510,1,0,1,0.07499757082729791,3.039956352736915,0.00010840571615635516,0.00010569557325244627,0.0,0.0,12,0.0,5.489776651507729e-06,0.0,0.0,0.0,0.0,1.7999808695795019,1.7999813478400142
511,1,2,1,0.009997647474410832,3.0499540002113257,0.00010569557325244627,0.00010305318392113512,0.0,0.0,12,0.0,5.3525322352200364e-06,0.0,0.0,0.0,0.0,1.7999813478400142,1.7999818141440138
512,1,0,0,-0.16500251802109028,3.8349974819789097,0.00010305318392113512,0.00010047685432310676,0.0,0.0,13,0.0,5.218718929339536e-06,0.0,0.0,0.0,0.0,1.7999818141440138,1.7999822687904132
513,1,0,1,0.07499755605617858,3.9099950380350883,0.00010047685432310674,9.796493296502908e-05,0.0,0.0,13,0.0,5.088250956106047e-06,0.0,0.0,0.0,0.0,1.7999822687904132,1.7999827120706533
514,1,1,0,-0.2300024214718571,3.679992616563231,9.796493296502907e-05,9.551580964090336e-05,0.0,0.0,13,0.0,4.961044682203396e-06,0.0,0.0,0.0,0.0,1.7999827120706533,1.7999831442688867
515,1,0,0,-0.1650023835745916,3.5149902329886396,9.551580964090335e-05,9.312791439988077e-05,0.0,0.0,13,0.0,4.837018565148312e-06,0.0,0.0,0.0,0.0,1.7999831442688867,1.7999835656621646
516,1,0,1,0.07499765350418905,3.5899878864928287,9.312791439988077e-05,9.079971653988374e-05,0.0,0.0,13,0.0,4.716093101019604e-06,0.0,0.0,0.0,0.0,1.7999835656621646,1.7999839765206105
517,1,0,0,-0.16500229769411873,3.42498558879871,9.079971653988375e-05,8.852972362638665e-05,0.0,0.0,13,0.0,4.598190773494113e-06,0.0,0.0,0.0,0.0,1.7999839765206105,1.7999843771075952
518,1,0,0,-0.16500222476484902,3.2599833640338614,8.852972362638665e-05,8.6316480535727e-05,0.0,0.0,13,0.0,4.48323600415676e-06,0.0,0.0,0.0,0.0,1.7999843771075952,1.7999847676799055
519,1,0,0,-0.16500218546123804,3.094981178572623,8.631648053572699e-05,8.415856852233383e-05,0.0,0.0,13,0.0,4.3711551040528425e-06,0.0,0.0,0.0,0.0,1.7999847676799055,1.799985148487908
520,1,0,0,-0.1650021125175373,2.9299790660550857,8.415856852233383e-05,8.205460430927548e-05,0.0,0.0,13,0.0,4.261876226451521e-06,0.0,0.0,0.0,0.0,1.799985148487908,1.79998551977571
521,1,0,1,0.07499792224671065,3.0049769883017965,8.205460430927547e-05,8.000323920154358e-05,0.0,0.0,13,0.0,4.155329320790234e-06,0.0,0.0,0.0,0.0,1.79998551977571,1.7999858817813172
522,1,0,0,-0.1650020738981586,2.839974914403638,8.00032392015436e-05,7.8003158221505e-05,0.0,0.0,13,0.0,4.051446087770476e-06,0.0,0.0,0.0,0.0,1.7999858817813172,1.7999862347367843
523,1,0,1,0.07499794095429037,2.914972855357928,7.800315822150498e-05,7.605307926596738e-05,0.0,0.0,13,0.0,3.950159935576214e-06,0.0,0.0,0.0,0.0,1.7999862347367843,1.7999865788683649
524,1,0,0,-0.16500200245195928,2.7499708529059688,7.605307926596736e-05,7.415175228431817e-05,0.0,0.0,13,0.0,3.85140593718681e-06,0.0,0.0,0.0,0.0,1.7999865788683649,1.7999869143966556
525,1,1,0,-0.230002006933484,2.519968845972485,7.415175228431819e-05,7.229795847721023e-05,0.0,0.0,13,0.0,3.755120788757139e-06,0.0,0.0,0.0,0.0,1.7999869143966556,1.7999872415367395
526,1,0,0,-0.16500190342920884,2.354966942543276,7.229795847721023e-05,7.049050951527997e-05,0.0,0.0,13,0.0,3.6612427690382103e-06,0.0,0.0,0.0,0.0,1.7999872415367395,1.7999875604983209
527,1,0,1,0.07499816042144657,2.4299651029647227,7.049050951527998e-05,6.872824677739797e-05,0.0,0.0,13,0.0,3.569711699812255e-06,0.0,0.0,0.0,0.0,1.7999875604983209,1.7999878714858624
528,1,0,1,0.07499812058728289,2.5049632235520054,6.872824677739797e-05,6.701004060796302e-05,0.0,0.0,13,0.0,3.480468907316949e-06,0.0,0.0,0.0,0.0,1.7999878714858624,1.7999881746987163
529,1,2,1,0.009998155679170631,2.5149613792311762,6.701004060796302e-05,6.533478959276394e-05,0.0,0.0,13,0.0,3.393457184634025e-06,0.0,0.0,0.0,0.0,1.7999881746987163,1.7999884703312483
530,1,1,0,-0.23000182704530828,2.284959552185868,6.533478959276394e-05,6.370141985294484e-05,0.0,0.0,13,0.0,3.3086207550181743e-06,0.0,0.0,0.0,0.0,1.7999884703312483,1.799988758572967
531,1,0,1,0.07499826141040944,2.359957813596277,6.370141985294484e-05,6.210888435662123e-05,0.0,0.0,13,0.0,3.22590523614272e-06,0.0,0.0,0.0,0.0,1.799988758572967,1.7999890396086429
532,1,0,0,-0.16500175116083884,2.194956062435438,6.210888435662123e-05,6.055616224770569e-05,0.0,0.0,13,0.0,3.1452576052391517e-06,0.0,0.0,0.0,0.0,1.7999890396086429,1.799989313618427
533,1,0,0,-0.16500171890914442,2.0299543435262937,6.055616224770569e-05,5.9042258191513045e-05,0.0,0.0,13,0.0,3.0666261651081732e-06,0.0,0.0,0.0,0.0,1.799989313618427,1.799989580777966
534,1,0,0,-0.1650016743435916,1.864952669182702,5.9042258191513045e-05,5.756620173672523e-05,0.0,0.0,13,0.0,2.989960510980468e-06,0.0,0.0,0.0,0.0,1.799989580777966,1.7999898412585167
535,1,0,0,-0.16500159721018448,1.6999510719725177,5.756620173672523e-05,5.61270466933071e-05,0.0,0.0,13,0.0,2.9152114982059565e-06,0.0,0.0,0.0,0.0,1.7999898412585167,1.7999900952270542
536,1,0,1,0.07499843344333056,1.7749495054158482,5.612704669330709e-05,5.472387052597441e-05,0.0,0.0,13,0.0,2.8423312107508077e-06,0.0,0.0,0.0,0.0,1.7999900952270542,1.799990342846378
537,1,0,1,0.07499841128634861,1.8499479167021968,5.472387052597441e-05,5.3355773762825046e-05,0.0,0.0,13,0.0,2.771272930482038e-06,0.0,0.0,0.0,0.0,1.799990342846378,1.7999905842752182
538,1,0,1,0.07499840491716915,1.924946321619366,5.335577376282505e-05,5.202187941875442e-05,0.0,0.0,13,0.0,2.7019911072199865e-06,0.0,0.0,0.0,0.0,1.7999905842752182,1.7999908196683376
539,1,1,0,-0.23000160420570198,1.694944717413664,5.202187941875442e-05,5.072133243328556e-05,0.0,0.0,13,0.0,2.634441329539487e-06,0.0,0.0,0.0,0.0,1.7999908196683376,1.7999910491766296
540,1,0,0,-0.16500152647353444,1.5299431909401295,5.072133243328557e-05,4.9453299122453426e-05,0.0,0.0,13,0.0,2.568580296301e-06,0.0,0.0,0.0,0.0,1.7999910491766296,1.7999912729472134
541,1,0,1,0.074998526785683,1.6049417177258125,4.945329912245343e-05,4.8216966644392095e-05,0.0,0.0,13,0.0,2.504365788893475e-06,0.0,0.0,0.0,0.0,1.7999912729472134,1.799991491123533
542,1,0,0,-0.16500146547317987,1.4399402522526326,4.821696664439209e-05,4.701154247828229e-05,0.0,0.0,13,0.0,2.441756644171138e-06,0.0,0.0,0.0,0.0,1.799991491123533,1.799991703845445
543,1,0,0,-0.16500144413795503,1.2749388081146775,4.701154247828229e-05,4.5836253916325235e-05,0.0,0.0,13,0.0,2.380712728066859e-06,0.0,0.0,0.0,0.0,1.799991703845445,1.7999919112493086
544,1,0,0,-0.1650014096532451,1.1099373984614325,4.583625391632523e-05,4.46903475684171e-05,0.0,0.0,13,0.0,2.321194909865188e-06,0.0,0.0,0.0,0.0,1.7999919112493086,1.7999921134680759
545,1,0,0,-0.16500139272624584,0.9449360057351867,4.4690347568417095e-05,4.357308887920667e-05,0.0,0.0,13,0.0,2.2631650371185583e-06,0.0,0.0,0.0,0.0,1.7999921134680759,1.7999923106313742
546,1,0,0,-0.16500132691898203,0.7799346788162046,4.3573088879206665e-05,4.24837616572265e-05,0.0,0.0,13,0.0,2.206585911190594e-06,0.0,0.0,0.0,0.0,1.7999923106313742,1.7999925028655899
547,1,0,1,0.07499868489570621,0.8549333637119108,4.2483761657226506e-05,4.142166761579584e-05,0.0,0.0,13,0.0,2.1514212634108288e-06,0.0,0.0,0.0,0.0,1.7999925028655899,1.7999926902939503
548,1,0,1,0.0749986976043082,0.929932061316219,4.142166761579584e-05,4.038612592540094e-05,0.0,0.0,13,0.0,2.0976357318255583e-06,0.0,0.0,0.0,0.0,1.7999926902939503,1.7999928730366013
549,1,0,1,0.07499871373170423,1.0049307750479233,4.038612592540094e-05,3.9376472777265915e-05,0.0,0.0,13,0.0,2.0451948385299195e-06,0.0,0.0,0.0,0.0,1.7999928730366013,1.7999930512106865
550,1,1,1,0.009998681162792995,1.0149294562107163,3.937647277726592e-05,3.8392060957834274e-05,0.0,0.0,13,0.0,1.9940649675666716e-06,0.0,0.0,0.0,0.0,1.7999930512106865,1.7999932249304191
551,1,0,0,-0.16500128284905374,0.8499281733616626,3.8392060957834274e-05,3.743225943388841e-05,0.0,0.0,13,0.0,1.9442133433775046e-06,0.0,0.0,0.0,0.0,1.7999932249304191,1.7999933943071584
552,1,0,0,-0.16500124073656794,0.6849269326250946,3.743225943388842e-05,3.649645294804121e-05,0.0,0.0,13,0.0,1.8956080097930675e-06,0.0,0.0,0.0,0.0,1.7999933943071584,1.7999935594494796
553,1,0,0,-0.16500121084269143,0.5199257217824031,3.649645294804121e-05,3.5584041624340175e-05,0.0,0.0,13,0.0,1.8482178095482404e-06,0.0,0.0,0.0,0.0,1.7999935594494796,1.7999937204632428
554,1,0,0,-0.16500118872438885,0.3549245330580143,3.5584041624340175e-05,3.4694440583731665e-05,0.0,0.0,13,0.0,1.8020123643095349e-06,0.0,0.0,0.0,0.0,1.7999937204632428,1.7999938774516615
555,1,1,1,0.009998847185107912,0.3649233802431222,3.4694440583731665e-05,3.382707956913838e-05,0.0,0.0,13,0.0,1.756962055201796e-06,0.0,0.0,0.0,0.0,1.7999938774516615,1.7999940305153699
556,1,0,1,0.07499884823732861,0.4399222284804508,3.382707956913838e-05,3.298140257990992e-05,0.0,0.0,13,0.0,1.7130380038217514e-06,0.0,0.0,0.0,0.0,1.7999940305153699,1.7999941797524859
557,1,0,1,0.0749988768858953,0.514921105366346,3.298140257990993e-05,3.2156867515412176e-05,0.0,0.0,13,0.0,1.6702120537262076e-06,0.0,0.0,0.0,0.0,1.7999941797524859,1.7999943252586739
558,1,0,0,-0.16500117000994288,0.3499199353564032,3.2156867515412176e-05,3.135294582752687e-05,0.0,0.0,13,0.0,1.6284567523830524e-06,0.0,0.0,0.0,0.0,1.7999943252586739,1.7999944671272068
559,1,0,0,-0.16500108324103174,0.18491885211537146,3.1352945827526875e-05,3.05691221818387e-05,0.0,0.0,13,0.0,1.5877453335734763e-06,0.0,0.0,0.0,0.0,1.7999944671272068,1.7999946054490266
560,1,2,0,-0.2300011039982916,0.0,3.05691221818387e-05,2.9804894127292728e-05,0.0,0.0,13,0.0,1.5480517002341394e-06,0.0,0.0,0.0,0.0,1.7999946054490266,1.7999947403128012
561,1,2,1,0.009998640228748034,4.0,2.980489412729273e-05,2.9059771774110414e-05,0.0,0.0,14,0.0,1.5093504077282858e-06,0.0,0.0,0.0,0.0,1.7999947403128012,1.799994871804981
562,1,0,0,-0.16500135639441962,3.8349986436055805,2.905977177411041e-05,2.8333277479757648e-05,0.0,0.0,14,0.0,1.4716166475350787e-06,0.0,0.0,0.0,0.0,1.799994871804981,1.7999950000098566
563,1,0,0,-0.16500131716457023,3.66999732644101,2.8333277479757648e-05,2.7624945542763707e-05,0.0,0.0,14,0.0,1.4348262313467018e-06,0.0,0.0,0.0,0.0,1.7999950000098566,1.79999512500961
564,1,2,0,-0.2300012993810533,3.4399960270599568,2.762494554276371e-05,2.6934321904194615e-05,0.0,0.0,14,0.0,1.3989555755630342e-06,0.0,0.0,0.0,0.0,1.79999512500961,1.7999952468843698
565,1,0,0,-0.16500127088842154,3.274994756171535,2.6934321904194615e-05,2.626096385658975e-05,0.0,0.0,14,0.0,1.3639816861739584e-06,0.0,0.0,0.0,0.0,1.7999952468843698,1.7999953657122603
566,1,1,0,-0.23000123155680696,3.0449935246147284,2.6260963856589753e-05,2.5604439760175006e-05,0.0,0.0,14,0.0,1.3298821440196094e-06,0.0,0.0,0.0,0.0,1.7999953657122603,1.799995481569454
567,1,0,1,0.07499880768713868,3.1199923323018672,2.560443976017501e-05,2.4964328766170633e-05,0.0,0.0,14,0.0,1.2966350904191191e-06,0.0,0.0,0.0,0.0,1.799995481569454,1.7999955945302177
568,1,0,1,0.0749988132876818,3.194991145589549,2.4964328766170633e-05,2.4340220547016367e-05,0.0,0.0,14,0.0,1.264219213158641e-06,0.0,0.0,0.0,0.0,1.7999955945302177,1.7999957046669626
569,1,0,1,0.07499882424532044,3.2699899698348696,2.4340220547016363e-05,2.3731715033340954e-05,0.0,0.0,14,0.0,1.2326137328296748e-06,0.0,0.0,0.0,0.0,1.7999957046669626,1.7999958120502881
570,1,1,1,0.009998822870290648,3.27998879270516,2.3731715033340954e-05,2.3138422157507432e-05,0.0,0.0,14,0.0,1.201798389508933e-06,0.0,0.0,0.0,0.0,1.7999958120502881,1.799995916749031
571,1,0,0,-0.16500115746731986,3.1149876352378403,2.3138422157507432e-05,2.2559961603569746e-05,0.0,0.0,14,0.0,1.1717534297712098e-06,0.0,0.0,0.0,0.0,1.799995916749031,1.799996018830305
572,1,1,0,-0.23000111549656652,2.8849865197412736,2.2559961603569746e-05,2.1995962563480503e-05,0.0,0.0,14,0.0,1.1424595940269295e-06,0.0,0.0,0.0,0.0,1.799996018830305,1.7999961183595474
573,1,0,1,0.07499890783622183,2.9599854275774953,2.1995962563480506e-05,2.1446063499393492e-05,0.0,0.0,14,0.0,1.1138981041762565e-06,0.0,0.0,0.0,0.0,1.7999961183595474,1.7999962154005587
574,1,0,1,0.07499890948882602,3.034984337066321,2.1446063499393492e-05,2.0909911911908655e-05,0.0,0.0,14,0.0,1.08605065157185e-06,0.0,0.0,0.0,0.0,1.7999962154005587,1.799996310015545
575,1,0,1,0.07499891075774681,3.109983247824068,2.0909911911908655e-05,2.0387164114110942e-05,0.0,0.0,14,0.0,1.058899385282554e-06,0.0,0.0,0.0,0.0,1.799996310015545,1.799996402265156
576,1,0,0,-0.16500106869802367,2.944982179126044,2.038716411411094e-05,1.9877485011258165e-05,0.0,0.0,14,0.0,1.03242690065049e-06,0.0,0.0,0.0,0.0,1.799996402265156,1.7999964922085272
577,1,0,0,-0.16500103151246392,2.7799811476135803,1.987748501125817e-05,1.9380547885976714e-05,0.0,0.0,14,0.0,1.0066162281342279e-06,0.0,0.0,0.0,0.0,1.7999964922085272,1.7999965799033142
578,1,0,1,0.0749989772459887,2.854980124859569,1.938054788597671e-05,1.8896034188827296e-05,0.0,0.0,14,0.0,9.81450822430872e-07,0.0,0.0,0.0,0.0,1.7999965799033142,1.7999966654057313
579,1,0,0,-0.16500102732875688,2.6899790975308124,1.8896034188827293e-05,1.842363333410661e-05,0.0,0.0,14,0.0,9.569145518701003e-07,0.0,0.0,0.0,0.0,1.7999966654057313,1.799996748770588
580,1,0,1,0.07499900276280283,2.7649781002936153,1.8423633334106614e-05,1.7963042500753944e-05,0.0,0.0,14,0.0,9.329916880733477e-07,0.0,0.0,0.0,0.0,1.799996748770588,1.7999968300513234
581,1,0,1,0.07499900908386471,2.83997710937748,1.7963042500753944e-05,1.7513966438235096e-05,0.0,0.0,14,0.0,9.09666895871514e-07,0.0,0.0,0.0,0.0,1.7999968300513234,1.7999969093000403
582,1,0,1,0.07499902145586995,2.91497613083335,1.7513966438235096e-05,1.707611727727922e-05,0.0,0.0,14,0.0,8.869252234747262e-07,0.0,0.0,0.0,0.0,1.7999969093000403,1.7999969865675394
583,1,1,0,-0.23000096900491543,2.6849751618284348,1.707611727727922e-05,1.664921434534724e-05,0.0,0.0,14,0.0,8.64752092887858e-07,0.0,0.0,0.0,0.0,1.7999969865675394,1.7999970619033505
584,1,0,0,-0.16500093190748857,2.519974229920946,1.664921434534724e-05,1.6232983986713558e-05,0.0,0.0,14,0.0,8.431332905656616e-07,0.0,0.0,0.0,0.0,1.7999970619033505,1.7999971353557673
585,1,1,0,-0.23000090627404945,2.2899733236468967,1.623298398671356e-05,1.5827159387045723e-05,0.0,0.0,14,0.0,8.220549583015199e-07,0.0,0.0,0.0,0.0,1.7999971353557673,1.7999972069718728
586,1,0,0,-0.16500088992156806,2.1249724337253286,1.5827159387045723e-05,1.5431480402369576e-05,0.0,0.0,14,0.0,8.01503584343982e-07,0.0,0.0,0.0,0.0,1.7999972069718728,1.7999972767975758
587,1,0,1,0.07499914503649706,2.1999715787618257,1.5431480402369576e-05,1.5045693392310338e-05,0.0,0.0,14,0.0,7.814659947353825e-07,0.0,0.0,0.0,0.0,1.7999972767975758,1.7999973448776367
588,1,2,1,0.009999137787361487,2.2099707165491873,1.5045693392310338e-05,1.466955105750258e-05,0.0,0.0,14,0.0,7.61929344866998e-07,0.0,0.0,0.0,0.0,1.7999973448776367,1.7999974112556958
589,1,0,1,0.07499913017020646,2.284969846719394,1.4669551057502582e-05,1.4302812281065015e-05,0.0,0.0,14,0.0,7.428811112453231e-07,0.0,0.0,0.0,0.0,1.7999974112556958,1.7999974759743034
590,1,0,0,-0.16500083753299657,2.119969009186397,1.4302812281065015e-05,1.394524197403839e-05,0.0,0.0,14,0.0,7.2430908346419e-07,0.0,0.0,0.0,0.0,1.7999974759743034,1.7999975390749456
591,1,0,1,0.07499917363668594,2.194968182823083,1.3945241974038389e-05,1.3596610924687429e-05,0.0,0.0,14,0.0,7.062013563775852e-07,0.0,0.0,0.0,0.0,1.7999975390749456,1.7999976005980722
592,1,0,1,0.07499917057958662,2.2699673534026696,1.359661092468743e-05,1.3256695651570246e-05,0.0,0.0,14,0.0,6.885463224681455e-07,0.0,0.0,0.0,0.0,1.7999976005980722,1.7999976605831203
593,1,0,0,-0.1650008144429139,2.1049665389597556,1.3256695651570246e-05,1.292527826028099e-05,0.0,0.0,14,0.0,6.713326644064419e-07,0.0,0.0,0.0,0.0,1.7999976605831203,1.7999977190685421
594,1,0,0,-0.16500080302315873,1.939965735936597,1.2925278260280988e-05,1.2602146303773964e-05,0.0,0.0,14,0.0,6.545493477962809e-07,0.0,0.0,0.0,0.0,1.7999977190685421,1.7999977760918289
595,1,2,0,-0.230000777732265,1.709964958204332,1.2602146303773965e-05,1.2287092646179614e-05,0.0,0.0,14,0.0,6.381856141013739e-07,0.0,0.0,0.0,0.0,1.7999977760918289,1.799997831689533
596,1,0,0,-0.16500076285792462,1.5449641953464073,1.2287092646179614e-05,1.1979915330025124e-05,0.0,0.0,14,0.0,6.222309737488396e-07,0.0,0.0,0.0,0.0,1.799997831689533,1.799997885897295
597,1,0,0,-0.16500073136984228,1.379963463976565,1.1979915330025125e-05,1.1680417446774495e-05,0.0,0.0,14,0.0,6.066751994051185e-07,0.0,0.0,0.0,0.0,1.799997885897295,1.7999979387498626
598,1,0,0,-0.16500070387543522,1.2149627601011297,1.1680417446774496e-05,1.1388407010605134e-05,0.0,0.0,14,0.0,5.915083194199905e-07,0.0,0.0,0.0,0.0,1.7999979387498626,1.7999979902811156
599,1,0,0,-0.1650006802708678,1.0499620798302618,1.1388407010605134e-05,1.1103696835340006e-05,0.0,0.0,14,0.0,5.767206114344908e-07,0.0,0.0,0.0,0.0,1.7999979902811156,1.7999980405240879
600,1,0,1,0.07499931584370059,1.1249613956739624,1.1103696835340004e-05,1.0826104414456505e-05,0.0,0.0,14,0.0,5.623025961486285e-07,0.0,0.0,0.0,0.0,1.7999980405240879,1.7999980895109855
601,1,0,0,-0.16500067259239168,0.9599607230815707,1.0826104414456506e-05,1.0555451804095092e-05,0.0,0.0,14,0.0,5.482450312449127e-07,0.0,0.0,0.0,0.0,1.7999980895109855,1.7999981372732112
602,1,0,1,0.0749993489041973,1.034960071985768,1.0555451804095092e-05,1.0291565508992716e-05,0.0,0.0,14,0.0,5.345389054637899e-07,0.0,0.0,0.0,0.0,1.7999981372732112,1.7999981838413808
603,1,0,1,0.07499934709119227,1.1099594190769602,1.0291565508992714e-05,1.0034276371267896e-05,0.0,0.0,14,0.0,5.211754328271952e-07,0.0,0.0,0.0,0.0,1.7999981838413808,1.7999982292453462
604,1,0,1,0.07499935551546742,1.1849587745924275,1.0034276371267898e-05,9.7834194619862e-06,0.0,0.0,14,0.0,5.081460470065153e-07,0.0,0.0,0.0,0.0,1.7999982292453462,1.7999982735142126
605,1,0,0,-0.16500064796468472,1.0199581266277429,9.7834194619862e-06,9.538833975436545e-06,0.0,0.0,14,0.0,4.954423958313525e-07,0.0,0.0,0.0,0.0,1.7999982735142126,1.7999983166763571
606,1,0,1,0.07499937178734174,1.0949574984150847,9.538833975436545e-06,9.30036312605063e-06,0.0,0.0,14,0.0,4.830563359355686e-07,0.0,0.0,0.0,0.0,1.7999983166763571,1.799998358759448
607,1,0,1,0.0749993866623705,1.1699568850774553,9.30036312605063e-06,9.067854047899365e-06,0.0,0.0,14,0.0,4.709799275371794e-07,0.0,0.0,0.0,0.0,1.799998358759448,1.799998399790462
608,1,0,1,0.07499938968388711,1.2449562747613425,9.067854047899363e-06,8.84115769670188e-06,0.0,0.0,14,0.0,4.592054293487499e-07,0.0,0.0,0.0,0.0,1.799998399790462,1.7999984397957003
609,1,2,0,-0.23000060654271753,1.014955668218625,8.84115769670188e-06,8.620128754284333e-06,0.0,0.0,14,0.0,4.477252936150312e-07,0.0,0.0,0.0,0.0,1.7999984397957003,1.799998478800808
610,1,0,0,-0.1650005978405811,0.8499550703780439,8.620128754284334e-06,8.404625535427226e-06,0.0,0.0,14,0.0,4.3653216127465537e-07,0.0,0.0,0.0,0.0,1.799998478800808,1.7999985168307877
611,1,2,1,0.009999425028897457,0.8599544954069414,8.404625535427225e-06,8.194509897041544e-06,0.0,0.0,14,0.0,4.2561885724278903e-07,0.0,0.0,0.0,0.0,1.7999985168307877,1.799998553910018
612,1,0,0,-0.1650005781291412,0.6949539172778001,8.194509897041544e-06,7.989647149615506e-06,0.0,0.0,14,0.0,4.149783858117193e-07,0.0,0.0,0.0,0.0,1.799998553910018,1.7999985900622675
613,1,0,1,0.07499943500885743,0.7699533522866575,7.989647149615506e-06,7.789905970875119e-06,0.0,0.0,14,0.0,4.046039261664263e-07,0.0,0.0,0.0,0.0,1.7999985900622675,1.799998625310711
614,1,0,0,-0.1650005558938145,0.604952796392843,7.789905970875119e-06,7.59515832160324e-06,0.0,0.0,14,0.0,3.9448882801226564e-07,0.0,0.0,0.0,0.0,1.799998625310711,1.7999986596779431
615,1,0,1,0.0749994502027666,0.6799522465956096,7.59515832160324e-06,7.405279363563159e-06,0.0,0.0,14,0.0,3.84626607311959e-07,0.0,0.0,0.0,0.0,1.7999986596779431,1.7999986931859948
616,1,0,0,-0.1650005223924315,0.5149517242031781,7.405279363563159e-06,7.22014737947408e-06,0.0,0.0,14,0.0,3.7501094212916e-07,0.0,0.0,0.0,0.0,1.7999986931859948,1.7999987258563446
617,1,0,1,0.07499947191376463,0.5899511961169428,7.220147379474081e-06,7.0396436949872286e-06,0.0,0.0,14,0.0,3.65635668575931e-07,0.0,0.0,0.0,0.0,1.7999987258563446,1.7999987577099361
618,1,0,0,-0.16500052673166196,0.4249506693852808,7.0396436949872286e-06,6.863652602612548e-06,0.0,0.0,14,0.0,3.5649477686153277e-07,0.0,0.0,0.0,0.0,1.7999987577099361,1.7999987887671876
619,1,0,1,0.07499948056601603,0.49995014995129683,6.863652602612548e-06,6.692061287547235e-06,0.0,0.0,14,0.0,3.4758240743999443e-07,0.0,0.0,0.0,0.0,1.7999987887671876,1.799998819048008
620,1,0,0,-0.1650005029241418,0.334949647027155,6.692061287547235e-06,6.5247597553585546e-06,0.0,0.0,14,0.0,3.388928472539946e-07,0.0,0.0,0.0,0.0,1.799998819048008,1.7999988485718077
621,1,0,0,-0.16500049689103208,0.16994915013612294,6.5247597553585546e-06,6.361640761474589e-06,0.0,0.0,14,0.0,3.304205260726448e-07,0.0,0.0,0.0,0.0,1.7999988485718077,1.7999988773575128
622,1,2,0,-0.2300004886766912,0.0,6.36164076147459e-06,6.202599742437725e-06,0.0,0.0,14,0.0,3.221600129208286e-07,0.0,0.0,0.0,0.0,1.7999988773575128,1.7999989054235748
623,1,0,0,-0.16500061132803998,3.83499938867196,6.202599742437725e-06,6.047534748876783e-06,0.0,0.0,15,0.0,3.141060125978079e-07,0.0,0.0,0.0,0.0,1.7999989054235748,1.7999989327879855
624,1,0,1,0.07499940074970379,3.909998789421664,6.047534748876782e-06,5.896346380154862e-06,0.0,0.0,15,0.0,3.062533622828627e-07,0.0,0.0,0.0,0.0,1.7999989327879855,1.799998959468286
625,1,0,0,-0.16500059741340517,3.744998192008259,5.896346380154863e-06,5.748937720650991e-06,0.0,0.0,15,0.0,2.9859702822579114e-07,0.0,0.0,0.0,0.0,1.799998959468286,1.7999989854815788
626,1,0,1,0.07499940523280316,3.8199975972410622,5.748937720650991e-06,5.605214277634717e-06,0.0,0.0,15,0.0,2.9113210252014635e-07,0.0,0.0,0.0,0.0,1.7999989854815788,1.799999010844539
627,1,0,0,-0.16500057646178667,3.6549970207792755,5.605214277634716e-06,5.465083920693848e-06,0.0,0.0,15,0.0,2.8385379995714274e-07,0.0,0.0,0.0,0.0,1.799999010844539,1.7999990355734257
628,1,0,1,0.07499942656289842,3.729996447342174,5.465083920693849e-06,5.3284568226765025e-06,0.0,0.0,15,0.0,2.7675745495821415e-07,0.0,0.0,0.0,0.0,1.7999990355734257,1.79999905968409
629,1,0,0,-0.16500056070286978,3.564995886639304,5.3284568226765025e-06,5.19524540210959e-06,0.0,0.0,15,0.0,2.6983851858425877e-07,0.0,0.0,0.0,0.0,1.79999905968409,1.7999990831919879
630,1,0,1,0.0749994436604904,3.6399953302997945,5.195245402109591e-06,5.065364267056851e-06,0.0,0.0,15,0.0,2.6309255561965236e-07,0.0,0.0,0.0,0.0,1.7999990831919879,1.7999991061121883
631,1,0,1,0.07499945500786603,3.7149947853076606,5.065364267056851e-06,4.9387301603804296e-06,0.0,0.0,15,0.0,2.565152417291611e-07,0.0,0.0,0.0,0.0,1.7999991061121883,1.7999991284593833
632,1,0,1,0.07499945136607022,3.789994236673731,4.9387301603804296e-06,4.815261906370918e-06,0.0,0.0,15,0.0,2.5010236068593197e-07,0.0,0.0,0.0,0.0,1.7999991284593833,1.7999991502478987
633,1,0,0,-0.16500053767113293,3.624993699002598,4.815261906370919e-06,4.694880358711646e-06,0.0,0.0,15,0.0,2.438498016687837e-07,0.0,0.0,0.0,0.0,1.7999991502478987,1.7999991714917012
634,1,0,0,-0.16500052871562945,3.4599931702869684,4.6948803587116456e-06,4.5775083497438545e-06,0.0,0.0,15,0.0,2.377535566270641e-07,0.0,0.0,0.0,0.0,1.7999991714917012,1.7999991922044087
635,1,0,0,-0.1650005255562005,3.294992644730768,4.5775083497438545e-06,4.463070641000259e-06,0.0,0.0,15,0.0,2.3180971771138752e-07,0.0,0.0,0.0,0.0,1.7999991922044087,1.7999992123992985
636,1,0,1,0.07499949958122125,3.3699921443119893,4.463070641000259e-06,4.351493874975252e-06,0.0,0.0,15,0.0,2.2601447476860286e-07,0.0,0.0,0.0,0.0,1.7999992123992985,1.7999992320893161
637,1,0,0,-0.16500049913268575,3.2049916451793035,4.351493874975252e-06,4.242706528100871e-06,0.0,0.0,15,0.0,2.2036411289938777e-07,0.0,0.0,0.0,0.0,1.7999992320893161,1.7999992512870833
638,1,0,1,0.07499951164280824,3.2799911568221116,4.242706528100871e-06,4.136638864898349e-06,0.0,0.0,15,0.0,2.1485501007690308e-07,0.0,0.0,0.0,0.0,1.7999992512870833,1.7999992700049063
639,1,0,0,-0.1650004838676124,3.1149906729544994,4.136638864898349e-06,4.03322289327589e-06,0.0,0.0,15,0.0,2.0948363482498052e-07,0.0,0.0,0.0,0.0,1.7999992700049063,1.7999992882547837
640,1,0,0,-0.16500050715436235,3.8349994928456375,4.03322289327589e-06,3.9323923209439936e-06,0.0,0.0,16,0.0,2.04246543954356e-07,0.0,0.0,0.0,0.0,1.7999992882547837,1.7999993060484136
641,1,0,1,0.0749995116866264,3.909999004532264,3.9323923209439936e-06,3.834082512920394e-06,0.0,0.0,16,0.0,1.991403803554971e-07,0.0,0.0,0.0,0.0,1.7999993060484136,1.7999993233972036
642,1,0,1,0.07499951234419311,3.9849985168764572,3.834082512920394e-06,3.738230450097384e-06,0.0,0.0,16,0.0,1.941618708466097e-07,0.0,0.0,0.0,0.0,1.7999993233972036,1.7999993403122734
643,1,0,0,-0.16500047270458573,3.8199980441718715,3.738230450097384e-06,3.64477468884495e-06,0.0,0.0,16,0.0,1.8930782407544447e-07,0.0,0.0,0.0,0.0,1.7999993403122734,1.799999356804467
644,1,0,0,-0.16500047668987752,3.654997567481994,3.6447746888449496e-06,3.553655321623826e-06,0.0,0.0,16,0.0,1.8457512847355837e-07,0.0,0.0,0.0,0.0,1.799999356804467,1.7999993728843546
645,1,0,0,-0.16500046079068434,3.48999710669131,3.553655321623826e-06,3.4648139385832307e-06,0.0,0.0,16,0.0,1.7996075026171942e-07,0.0,0.0,0.0,0.0,1.7999993728843546,1.7999993885622463
646,1,0,1,0.0749995562230799,3.56499666291439,3.4648139385832303e-06,3.3781935901186494e-06,0.0,0.0,16,0.0,1.7546173150517642e-07,0.0,0.0,0.0,0.0,1.7999993885622463,1.79999940384819
647,1,0,0,-0.16500045160956248,3.399996211304827,3.3781935901186494e-06,3.2937387503656833e-06,0.0,0.0,16,0.0,1.71075188217547e-07,0.0,0.0,0.0,0.0,1.79999940384819,1.7999994187519852
648,1,0,1,0.07499957086564968,3.4749957821704767,3.2937387503656837e-06,3.2113952816065412e-06,0.0,0.0,16,0.0,1.6679830851210833e-07,0.0,0.0,0.0,0.0,1.7999994187519852,1.7999994332831855
649,1,0,0,-0.1650004260865632,3.3099953560839133,3.2113952816065412e-06,3.1311103995663776e-06,0.0,0.0,16,0.0,1.6262835079930562e-07,0.0,0.0,0.0,0.0,1.7999994332831855,1.7999994474511058
650,1,0,1,0.07499957622712396,3.384994932311037,3.131110399566378e-06,3.0528326395772184e-06,0.0,0.0,16,0.0,1.58562642029323e-07,0.0,0.0,0.0,0.0,1.7999994474511058,1.799999461264828
651,1,1,1,0.009999582109405193,3.3949945144204423,3.052832639577219e-06,2.976511823587788e-06,0.0,0.0,16,0.0,1.545985759785899e-07,0.0,0.0,0.0,0.0,1.799999461264828,1.7999994747332075
652,1,0,1,0.07499959191890335,3.4699941063393456,2.976511823587788e-06,2.9020990279980933e-06,0.0,0.0,16,0.0,1.5073361157912518e-07,0.0,0.0,0.0,0.0,1.7999994747332075,1.7999994878648775
653,1,0,1,0.07499959767911604,3.5449937040184616,2.9020990279980933e-06,2.8295465522981413e-06,0.0,0.0,16,0.0,1.4696527128964704e-07,0.0,0.0,0.0,0.0,1.7999994878648775,1.7999995006682552
654,1,0,0,-0.16500040486718498,3.3799932991512764,2.829546552298141e-06,2.7588078884906874e-06,0.0,0.0,16,0.0,1.4329113950740586e-07,0.0,0.0,0.0,0.0,1.7999995006682552,1.7999995131515492
655,1,0,1,0.0749996038891929,3.4549929030404694,2.7588078884906874e-06,2.6898376912784203e-06,0.0,0.0,16,0.0,1.397088610197207e-07,0.0,0.0,0.0,0.0,1.7999995131515492,1.7999995253227603
656,1,0,0,-0.1650003992739078,3.2899925037665616,2.6898376912784203e-06,2.6225917489964595e-06,0.0,0.0,16,0.0,1.362161394942277e-07,0.0,0.0,0.0,0.0,1.7999995253227603,1.7999995371896913
657,1,0,1,0.0749996177892249,3.3649921215557863,2.6225917489964595e-06,2.5570269552715485e-06,0.0,0.0,16,0.0,1.3281073600687198e-07,0.0,0.0,0.0,0.0,1.7999995371896913,1.7999995487599487
658,1,0,1,0.07499961848219178,3.439991740037978,2.557026955271548e-06,2.4931012813897594e-06,0.0,0.0,16,0.0,1.2949046760670022e-07,0.0,0.0,0.0,0.0,1.7999995487599487,1.7999995600409506
659,1,0,1,0.0749996231300305,3.5149913631680088,2.4931012813897594e-06,2.4307737493550157e-06,0.0,0.0,16,0.0,1.262532059165327e-07,0.0,0.0,0.0,0.0,1.7999995600409506,1.7999995710399264
660,1,0,0,-0.16500036993747974,3.349990993230529,2.4307737493550157e-06,2.3700044056211402e-06,0.0,0.0,16,0.0,1.2309687576861938e-07,0.0,0.0,0.0,0.0,1.7999995710399264,1.7999995817639287
661,1,0,0,-0.1650003708869118,3.184990622343617,2.3700044056211402e-06,2.3107542954806114e-06,0.0,0.0,16,0.0,1.2001945387440393e-07,0.0,0.0,0.0,0.0,1.7999995817639287,1.7999995922198304
662,1,0,1,0.0749996375157033,3.2599902598593204,2.310754295480612e-06,2.2529854380935965e-06,0.0,0.0,16,0.0,1.170189675275438e-07,0.0,0.0,0.0,0.0,1.7999995922198304,1.7999996024143345
663,1,0,0,-0.16500035281590839,3.094989907043412,2.252985438093596e-06,2.1966608021412563e-06,0.0,0.0,16,0.0,1.140934933393552e-07,0.0,0.0,0.0,0.0,1.7999996024143345,1.7999996123539759
664,1,0,1,0.0749996532519984,3.1699895602954102,2.1966608021412563e-06,2.141744282087725e-06,0.0,0.0,16,0.0,1.1124115600587132e-07,0.0,0.0,0.0,0.0,1.7999996123539759,1.7999996220451264
665,1,0,0,-0.16500034493433363,3.0049892153610767,2.141744282087725e-06,2.088200675035532e-06,0.0,0.0,16,0.0,1.0846012710572455e-07,0.0,0.0,0.0,0.0,1.7999996220451264,1.7999996314939986
666,1,0,1,0.07499965999567693,3.0799888753567535,2.088200675035532e-06,2.0359956581596435e-06,0.0,0.0,16,0.0,1.0574862392808144e-07,0.0,0.0,0.0,0.0,1.7999996314939986,1.7999996407066488
667,1,0,0,-0.16500033886922227,2.914988536487531,2.0359956581596435e-06,1.9850957667056525e-06,0.0,0.0,16,0.0,1.031049083298794e-07,0.0,0.0,0.0,0.0,1.7999996407066488,1.7999996496889825
668,1,0,0,-0.16500032477262452,2.7499882117149066,1.985095766705652e-06,1.935468372538011e-06,0.0,0.0,16,0.0,1.0052728562163241e-07,0.0,0.0,0.0,0.0,1.7999996496889825,1.7999996584467575
669,1,0,1,0.07499968372079828,2.824987895435705,1.935468372538011e-06,1.8870816632245607e-06,0.0,0.0,16,0.0,9.80141034810916e-08,0.0,0.0,0.0,0.0,1.7999996584467575,1.7999996669855887
670,1,0,1,0.07499967510973485,2.8999875705454397,1.887081663224561e-06,1.839904621643947e-06,0.0,0.0,16,0.0,9.556375089406431e-08,0.0,0.0,0.0,0.0,1.7999996669855887,1.7999996753109488
671,1,0,1,0.07499968093093991,2.9749872514763798,1.8399046216439467e-06,1.7939070061028481e-06,0.0,0.0,16,0.0,9.317465712171269e-08,0.0,0.0,0.0,0.0,1.7999996753109488,1.7999996834281753
672,1,0,0,-0.16500031216098293,2.809986939315397,1.7939070061028481e-06,1.749059330950277e-06,0.0,0.0,16,0.0,9.084529069366989e-08,0.0,0.0,0.0,0.0,1.7999996834281753,1.7999996913424712
673,1,0,0,-0.1650003144552256,2.6449866248601714,1.749059330950277e-06,1.7053328476765202e-06,0.0,0.0,16,0.0,8.857415842632812e-08,0.0,0.0,0.0,0.0,1.7999996913424712,1.7999996990589093
674,1,0,1,0.0749997026269467,2.7199863274871183,1.7053328476765202e-06,1.662699526484607e-06,0.0,0.0,16,0.0,8.635980446566993e-08,0.0,0.0,0.0,0.0,1.7999996990589093,1.7999997065824365
675,1,0,1,0.07499971005250301,2.7949860375396214,1.662699526484607e-06,1.6211320383224917e-06,0.0,0.0,16,0.0,8.420080935402819e-08,0.0,0.0,0.0,0.0,1.7999997065824365,1.7999997139178756
676,1,0,1,0.07499970188287804,2.8699857394224995,1.621132038322492e-06,1.5806037373644296e-06,0.0,0.0,16,0.0,8.209578912017748e-08,0.0,0.0,0.0,0.0,1.7999997139178756,1.7999997210699283
677,1,0,0,-0.16500028623143195,2.7049854531910675,1.5806037373644296e-06,1.5410886439303189e-06,0.0,0.0,16,0.0,8.004339439217305e-08,0.0,0.0,0.0,0.0,1.7999997210699283,1.7999997280431805
678,1,0,1,0.07499971849185157,2.779985171682919,1.541088643930319e-06,1.502561427832061e-06,0.0,0.0,16,0.0,7.804230953236872e-08,0.0,0.0,0.0,0.0,1.7999997280431805,1.7999997348421009
679,1,0,0,-0.16500028332193836,2.6149848883609805,1.5025614278320612e-06,1.4649973921362595e-06,0.0,0.0,16,0.0,7.609125179405951e-08,0.0,0.0,0.0,0.0,1.7999997348421009,1.7999997414710485
680,1,1,1,0.009999723008737443,2.624984611369718,1.4649973921362597e-06,1.4283724573328531e-06,0.0,0.0,16,0.0,7.4188970499208e-08,0.0,0.0,0.0,0.0,1.7999997414710485,1.7999997479342722
681,1,0,0,-0.1650002674373703,2.4599843439323474,1.428372457332853e-06,1.392663145899532e-06,0.0,0.0,16,0.0,7.233424623672783e-08,0.0,0.0,0.0,0.0,1.7999997479342722,1.7999997542359154
682,1,2,1,0.009999735637744077,2.4699840795700916,1.3926631458995317e-06,1.3578465672520435e-06,0.0,0.0,16,0.0,7.052589008080962e-08,0.0,0.0,0.0,0.0,1.7999997542359154,1.7999997603800175
683,1,0,1,0.07499974059335414,2.544983820163446,1.3578465672520433e-06,1.323900403070742e-06,0.0,0.0,16,0.0,6.876274282878938e-08,0.0,0.0,0.0,0.0,1.7999997603800175,1.7999997663705174
684,1,0,1,0.07499973762098439,2.61998355778443,1.3239004030707423e-06,1.2908028929939736e-06,0.0,0.0,16,0.0,6.704367425806964e-08,0.0,0.0,0.0,0.0,1.7999997663705174,1.799999772211254
685,1,0,0,-0.16500025506681773,2.4549833027176122,1.2908028929939736e-06,1.2585328206691242e-06,0.0,0.0,16,0.0,6.536758240161789e-08,0.0,0.0,0.0,0.0,1.799999772211254,1.7999997779059729
686,1,1,1,0.009999747239014067,2.464983049956626,1.2585328206691242e-06,1.227069500152396e-06,0.0,0.0,16,0.0,6.373339284157744e-08,0.0,0.0,0.0,0.0,1.7999997779059729,1.7999997834583235
687,1,0,1,0.07499975027818359,2.5399828002348097,1.2270695001523962e-06,1.1963927626485861e-06,0.0,0.0,16,0.0,6.2140058020538e-08,0.0,0.0,0.0,0.0,1.7999997834583235,1.7999997888718653
688,1,0,0,-0.16500025194139747,2.374982548293412,1.1963927626485864e-06,1.1664829435823716e-06,0.0,0.0,16,0.0,6.058655657002456e-08,0.0,0.0,0.0,0.0,1.7999997888718653,1.7999997941500687
689,1,0,0,-0.16500023987313833,2.209982308420274,1.1664829435823716e-06,1.1373208699928123e-06,0.0,0.0,16,0.0,5.907189265577395e-08,0.0,0.0,0.0,0.0,1.7999997941500687,1.799999799296317
690,1,0,1,0.07499976524601996,2.284982073666294,1.1373208699928123e-06,1.1088878482429922e-06,0.0,0.0,16,0.0,5.75950953393796e-08,0.0,0.0,0.0,0.0,1.799999799296317,1.799999804313909
691,1,2,0,-0.23000023447752907,2.054981839188765,1.108887848242992e-06,1.0811656520369173e-06,0.0,0.0,16,0.0,5.615521795589511e-08,0.0,0.0,0.0,0.0,1.799999804313909,1.7999998092060612
692,1,0,1,0.07499976930207121,2.1299816084908363,1.0811656520369173e-06,1.0541365107359944e-06,0.0,0.0,16,0.0,5.475133750699774e-08,0.0,0.0,0.0,0.0,1.7999998092060612,1.7999998139759097
693,1,0,0,-0.16500022248375001,1.9649813860070862,1.0541365107359942e-06,1.0277830979675944e-06,0.0,0.0,16,0.0,5.338255406932279e-08,0.0,0.0,0.0,0.0,1.7999998139759097,1.799999818626512
694,1,1,0,-0.23000021905686108,1.734981166950225,1.0277830979675944e-06,1.0020885205184047e-06,0.0,0.0,16,0.0,5.204799021758972e-08,0.0,0.0,0.0,0.0,1.799999818626512,1.7999998231608492
695,1,0,1,0.07499978815647831,1.8099809551067034,1.0020885205184045e-06,9.770363075054445e-07,0.0,0.0,16,0.0,5.0746790462149974e-08,0.0,0.0,0.0,0.0,1.7999998231608492,1.799999827581828
696,1,0,1,0.07499978985064228,1.8849807449573457,9.770363075054445e-07,9.526103998178084e-07,0.0,0.0,16,0.0,4.947812070059624e-08,0.0,0.0,0.0,0.0,1.799999827581828,1.799999831892282
697,1,0,0,-0.1650002129300024,1.7199805320273434,9.526103998178084e-07,9.287951398223631e-07,0.0,0.0,16,0.0,4.824116768308133e-08,0.0,0.0,0.0,0.0,1.799999831892282,1.7999998360949756
698,1,2,0,-0.23000020729430903,1.4899803247330343,9.287951398223632e-07,9.055752613268042e-07,0.0,0.0,16,0.0,4.703513849100429e-08,0.0,0.0,0.0,0.0,1.7999998360949756,1.799999840192601
699,1,0,0,-0.1650001964928287,1.3249801282402056,9.055752613268042e-07,8.82935879793634e-07,0.0,0.0,16,0.0,4.5859260028729184e-08,0.0,0.0,0.0,0.0,1.799999840192601,1.7999998441877856
700,1,2,1,0.009999806567346274,1.334979934807552,8.82935879793634e-07,8.608624827987931e-07,0.0,0.0,16,0.0,4.471277852801095e-08,0.0,0.0,0.0,0.0,1.7999998441877856,1.799999848083091
701,1,0,0,-0.16500018897477461,1.1699797458327774,8.608624827987931e-07,8.393409207288233e-07,0.0,0.0,16,0.0,4.3594959064810684e-08,0.0,0.0,0.0,0.0,1.799999848083091,1.7999998518810139
702,1,0,1,0.07499981179182473,1.244979557624602,8.393409207288233e-07,8.183573977106028e-07,0.0,0.0,16,0.0,4.2505085088190417e-08,0.0,0.0,0.0,0.0,1.7999998518810139,1.7999998555839887
703,1,0,0,-0.16500018401680366,1.0799793736077985,8.183573977106028e-07,7.978984627678376e-07,0.0,0.0,16,0.0,4.144245796098566e-08,0.0,0.0,0.0,0.0,1.7999998555839887,1.7999998591943889
704,1,0,1,0.07499981548186012,1.1549791890896586,7.978984627678376e-07,7.779510011986418e-07,0.0,0.0,16,0.0,4.040639651196101e-08,0.0,0.0,0.0,0.0,1.7999998591943889,1.7999998627145293
705,1,0,1,0.07499981834081398,1.2299790074304726,7.779510011986416e-07,7.585022261686757e-07,0.0,0.0,16,0.0,3.9396236599161983e-08,0.0,0.0,0.0,0.0,1.7999998627145293,1.7999998661466656
706,1,0,0,-0.16500017702476275,1.06497883040571,7.585022261686757e-07,7.395396705144587e-07,0.0,0.0,16,0.0,3.841133068418294e-08,0.0,0.0,0.0,0.0,1.7999998661466656,1.7999998694929993
707,1,0,1,0.07499982530569017,1.1399786557114002,7.395396705144588e-07,7.210511787515972e-07,0.0,0.0,16,0.0,3.7451047417078356e-08,0.0,0.0,0.0,0.0,1.7999998694929993,1.7999998727556743
708,1,0,1,0.07499982729270945,1.2149784830041097,7.210511787515972e-07,7.030248992828072e-07,0.0,0.0,16,0.0,3.65147712316514e-08,0.0,0.0,0.0,0.0,1.7999998727556743,1.7999998759367828
709,1,2,1,0.009999830084252778,1.2249783130883625,7.030248992828072e-07,6.854492768007369e-07,0.0,0.0,16,0.0,3.560190195086012e-08,0.0,0.0,0.0,0.0,1.7999998759367828,1.7999998790383631
710,1,0,0,-0.16500017080692564,1.059978142281437,6.85449276800737e-07,6.683130448807185e-07,0.0,0.0,16,0.0,3.4711854402088605e-08,0.0,0.0,0.0,0.0,1.7999998790383631,1.7999998820624037
711,1,0,0,-0.1650001670546795,0.8949779752267575,6.683130448807186e-07,6.516052187587007e-07,0.0,0.0,16,0.0,3.384405804203639e-08,0.0,0.0,0.0,0.0,1.7999998820624037,1.7999998850108436
712,1,0,1,0.07499983555526357,0.969977810782021,6.516052187587006e-07,6.353150882897331e-07,0.0,0.0,16,0.0,3.299795659098548e-08,0.0,0.0,0.0,0.0,1.7999998850108436,1.7999998878855723
713,1,0,0,-0.16500015715403532,0.8049776536279858,6.35315088289733e-07,6.194322110824897e-07,0.0,0.0,16,0.0,3.217300767621085e-08,0.0,0.0,0.0,0.0,1.7999998878855723,1.7999998906884334
714,1,0,0,-0.16500015843977694,0.6399774951882089,6.194322110824897e-07,6.039464058054275e-07,0.0,0.0,16,0.0,3.136868248430557e-08,0.0,0.0,0.0,0.0,1.7999998906884334,1.7999998934212225
715,1,0,0,-0.16500015627583722,0.4749773389123717,6.039464058054274e-07,5.888477456602917e-07,0.0,0.0,16,0.0,3.058446542219793e-08,0.0,0.0,0.0,0.0,1.7999998934212225,1.799999896085692
716,1,0,1,0.07499984562076574,0.5499771845331375,5.888477456602918e-07,5.741265520187845e-07,0.0,0.0,16,0.0,2.9819853786642987e-08,0.0,0.0,0.0,0.0,1.799999896085692,1.79999989868355
717,1,2,0,-0.2300001485668806,0.3199770359662569,5.741265520187844e-07,5.597733882183149e-07,0.0,0.0,16,0.0,2.9074357441976912e-08,0.0,0.0,0.0,0.0,1.79999989868355,1.7999999012164607
718,1,0,1,0.07499985461785391,0.3949768905841108,5.59773388218315e-07,5.45779053512857e-07,0.0,0.0,16,0.0,2.8347498505927488e-08,0.0,0.0,0.0,0.0,1.7999999012164607,1.7999999036860497
719,1,0,0,-0.16500014368454766,0.22997674689956313,5.457790535128569e-07,5.321345771750355e-07,0.0,0.0,16,0.0,2.7638811043279297e-08,0.0,0.0,0.0,0.0,1.7999999036860497,1.7999999060938978
720,1,2,0,-0.23000014229422414,0.0,5.321345771750356e-07,5.188312127456596e-07,0.0,0.0,16,0.0,2.6947840767197312e-08,0.0,0.0,0.0,0.0,1.7999999060938978,1.7999999084415506
721,1,0,1,0.07499981969112561,4.0,5.188312127456597e-07,5.058604324270181e-07,0.0,0.0,17,0.0,2.6274144748017377e-08,0.0,0.0,0.0,0.0,1.7999999084415506,1.7999999107305116
722,1,2,0,-0.23000017648832163,3.7699998235116783,5.058604324270181e-07,4.932139216163427e-07,0.0,0.0,17,0.0,2.5617291129316944e-08,0.0,0.0,0.0,0.0,1.7999999107305116,1.7999999129622488
723,1,0,0,-0.16500017292246957,3.6049996505892086,4.932139216163427e-07,4.808835735759341e-07,0.0,0.0,17,0.0,2.497685885108402e-08,0.0,0.0,0.0,0.0,1.7999999129622488,1.799999915138193
724,1,2,1,0.00999983069987615,3.6149994812890847,4.808835735759341e-07,4.6886148423653576e-07,0.0,0.0,17,0.0,2.4352437379806922e-08,0.0,0.0,0.0,0.0,1.799999915138193,1.7999999172597378
725,1,0,1,0.07499983380482345,3.689999315093908,4.6886148423653576e-07,4.571399471306223e-07,0.0,0.0,17,0.0,2.3743626445311747e-08,0.0,0.0,0.0,0.0,1.7999999172597378,1.7999999193282445
726,1,0,1,0.07499983671128517,3.7649991518051933,4.571399471306223e-07,4.457114484523567e-07,0.0,0.0,17,0.0,2.3150035784178954e-08,0.0,0.0,0.0,0.0,1.7999999193282445,1.7999999213450386
727,1,2,1,0.009999837736582164,3.7749989895417753,4.457114484523567e-07,4.3456866224104787e-07,0.0,0.0,17,0.0,2.257128488957448e-08,0.0,0.0,0.0,0.0,1.7999999213450386,1.7999999233114126
728,1,0,1,0.07499983917140415,3.849998828713179,4.3456866224104787e-07,4.237044456850217e-07,0.0,0.0,17,0.0,2.2007002767335118e-08,0.0,0.0,0.0,0.0,1.7999999233114126,1.7999999252286272
729,1,0,1,0.07499983989119802,3.924998668604377,4.237044456850217e-07,4.131118345428962e-07,0.0,0.0,17,0.0,2.145682769815174e-08,0.0,0.0,0.0,0.0,1.7999999252286272,1.7999999270979117
730,1,1,1,0.009999838742587367,3.9349985073469647,4.1311183454289614e-07,4.027840386793237e-07,0.0,0.0,17,0.0,2.092040700569795e-08,0.0,0.0,0.0,0.0,1.7999999270979117,1.7999999289204636
731,1,0,1,0.07499984163770608,4.0,4.0278403867932375e-07,3.9271443771234066e-07,0.0,0.0,17,0.0,2.0397396830555497e-08,0.0,0.0,0.0,0.0,1.7999999289204636,1.7999999306974523
732,1,0,1,0.07499984358477653,4.0,3.9271443771234066e-07,3.828965767695321e-07,0.0,0.0,17,0.0,1.988746190979161e-08,0.0,0.0,0.0,0.0,1.7999999306974523,1.7999999324300158
733,1,0,1,0.0749998444824655,4.0,3.8289657676953217e-07,3.7332416235029383e-07,0.0,0.0,17,0.0,1.939027536204682e-08,0.0,0.0,0.0,0.0,1.7999999324300158,1.7999999341192656
734,1,0,0,-0.16500015170872567,3.8349998482912744,3.7332416235029383e-07,3.6399105829153645e-07,0.0,0.0,17,0.0,1.890551847799565e-08,0.0,0.0,0.0,0.0,1.7999999341192656,1.7999999357662841
735,1,0,0,-0.16500014764921184,3.6699997006420624,3.639910582915365e-07,3.5489128183424806e-07,0.0,0.0,17,0.0,1.843288051604576e-08,0.0,0.0,0.0,0.0,1.7999999357662841,1.7999999373721267
736,1,0,0,-0.16500014236266008,3.5049995582794025,3.5489128183424806e-07,3.4601899978839184e-07,0.0,0.0,17,0.0,1.7972058503144614e-08,0.0,0.0,0.0,0.0,1.7999999373721267,1.7999999389378236
737,1,0,0,-0.1650001408048015,3.339999417474601,3.460189997883919e-07,3.3736852479368205e-07,0.0,0.0,17,0.0,1.7522757040566e-08,0.0,0.0,0.0,0.0,1.7999999389378236,1.7999999404643776
738,1,0,1,0.07499986312336272,3.4149992805979634,3.373685247936821e-07,3.2893431167384e-07,0.0,0.0,17,0.0,1.7084688114551853e-08,0.0,0.0,0.0,0.0,1.7999999404643776,1.7999999419527684
739,1,0,0,-0.16500013601066904,3.2499991445872944,3.2893431167384e-07,3.20710953881994e-07,0.0,0.0,17,0.0,1.6657570911688055e-08,0.0,0.0,0.0,0.0,1.7999999419527684,1.7999999434039489
740,1,0,1,0.07499986489652578,3.3249990094838204,3.20710953881994e-07,3.1269318003494416e-07,0.0,0.0,17,0.0,1.6241131638895847e-08,0.0,0.0,0.0,0.0,1.7999999434039489,1.7999999448188508
741,1,0,0,-0.16500013351529663,3.159998875968524,3.1269318003494416e-07,3.048758505340706e-07,0.0,0.0,17,0.0,1.5835103347923454e-08,0.0,0.0,0.0,0.0,1.7999999448188508,1.7999999461983793
742,1,0,0,-0.16500012727859437,2.9949987486899294,3.048758505340706e-07,2.9725395427071876e-07,0.0,0.0,17,0.0,1.5439225764225368e-08,0.0,0.0,0.0,0.0,1.7999999461983793,1.7999999475434199
743,1,2,1,0.00999987425064977,3.004998622940579,2.972539542707188e-07,2.898226054139508e-07,0.0,0.0,17,0.0,1.5053245120119735e-08,0.0,0.0,0.0,0.0,1.7999999475434199,1.799999948854834
744,1,0,1,0.07499987323802047,3.0799984961785998,2.898226054139508e-07,2.8257704027860204e-07,0.0,0.0,17,0.0,1.467691399211674e-08,0.0,0.0,0.0,0.0,1.799999948854834,1.7999999501334636
745,1,0,1,0.07499987849541881,3.1549983746740184,2.8257704027860204e-07,2.7551261427163697e-07,0.0,0.0,17,0.0,1.4309991142313821e-08,0.0,0.0,0.0,0.0,1.7999999501334636,1.7999999513801268
746,1,2,1,0.009999876902627864,3.1649982515766464,2.75512614271637e-07,2.6862479891484605e-07,0.0,0.0,17,0.0,1.3952241363755975e-08,0.0,0.0,0.0,0.0,1.7999999513801268,1.7999999525956236
747,1,0,0,-0.16500012221475835,2.999998129361888,2.6862479891484605e-07,2.619091789419749e-07,0.0,0.0,17,0.0,1.3603435329662077e-08,0.0,0.0,0.0,0.0,1.7999999525956236,1.7999999537807332
748,1,1,0,-0.2300001165625001,2.769998012799388,2.619091789419749e-07,2.553614494684255e-07,0.0,0.0,17,0.0,1.3263349446420526e-08,0.0,0.0,0.0,0.0,1.7999999537807332,1.7999999549362147
749,1,0,1,0.07499988428993173,2.8449978970893195,2.5536144946842557e-07,2.4897741323171485e-07,0.0,0.0,17,0.0,1.293176571026001e-08,0.0,0.0,0.0,0.0,1.7999999549362147,1.7999999560628093
750,1,0,0,-0.16500011459220965,2.67999778249711,2.4897741323171485e-07,2.4275297790092206e-07,0.0,0.0,17,0.0,1.2608471567503509e-08,0.0,0.0,0.0,0.0,1.7999999560628093,1.7999999571612393
751,1,0,1,0.07499988809123448,2.7549976705883443,2.42752977900922e-07,2.3668415345339895e-07,0.0,0.0,17,0.0,1.2293259778315923e-08,0.0,0.0,0.0,0.0,1.7999999571612393,1.7999999582322082
752,1,2,0,-0.23000011388020494,2.5249975567081395,2.3668415345339895e-07,2.30767049617064e-07,0.0,0.0,17,0.0,1.1985928283858025e-08,0.0,0.0,0.0,0.0,1.7999999582322082,1.7999999592764033
753,1,0,0,-0.16500010755788894,2.3599974491502507,2.30767049617064e-07,2.2499787337663739e-07,0.0,0.0,17,0.0,1.1686280076761576e-08,0.0,0.0,0.0,0.0,1.7999999592764033,1.799999960294493
754,1,2,0,-0.23000010426033884,2.1299973448899117,2.2499787337663739e-07,2.1937292654222146e-07,0.0,0.0,17,0.0,1.1394123074842536e-08,0.0,0.0,0.0,0.0,1.799999960294493,1.799999961287131
755,1,0,1,0.07499989760795404,2.204997242497866,2.1937292654222146e-07,2.1388860337866593e-07,0.0,0.0,17,0.0,1.1109269997971472e-08,0.0,0.0,0.0,0.0,1.799999961287131,1.799999962254952
756,1,0,1,0.07499989893980756,2.2799971414376734,2.1388860337866595e-07,2.085413882941993e-07,0.0,0.0,17,0.0,1.0831538248022188e-08,0.0,0.0,0.0,0.0,1.799999962254952,1.7999999631985784
757,1,0,0,-0.16500010093155165,2.114997040506122,2.0854138829419928e-07,2.0332785358684433e-07,0.0,0.0,17,0.0,1.0560749791821633e-08,0.0,0.0,0.0,0.0,1.7999999631985784,1.7999999641186142
758,1,0,0,-0.1650000975269726,1.9499969429791493,2.0332785358684433e-07,1.982446572471732e-07,0.0,0.0,17,0.0,1.0296731047026091e-08,0.0,0.0,0.0,0.0,1.7999999641186142,1.7999999650156486
759,1,0,1,0.07499990149351493,2.024996844472664,1.982446572471732e-07,1.9328854081599388e-07,0.0,0.0,17,0.0,1.0039312770850438e-08,0.0,0.0,0.0,0.0,1.7999999650156486,1.7999999658902575
760,1,0,0,-0.1650000957892397,1.8599967486834244,1.932885408159939e-07,1.8845632729559404e-07,0.0,0.0,17,0.0,9.788329951579177e-09,0.0,0.0,0.0,0.0,1.7999999658902575,1.7999999667430013
761,1,0,0,-0.16500009505288843,1.6949966536305359,1.8845632729559404e-07,1.8374491911320419e-07,0.0,0.0,17,0.0,9.5436217027897e-09,0.0,0.0,0.0,0.0,1.7999999667430013,1.799999967574426
762,1,0,1,0.07499990851520517,1.769996562145741,1.8374491911320419e-07,1.7915129613537408e-07,0.0,0.0,17,0.0,9.305031160219956e-09,0.0,0.0,0.0,0.0,1.799999967574426,1.7999999683850654
763,1,2,1,0.00999990760419629,1.7799964697499373,1.791512961353741e-07,1.7467251373198975e-07,0.0,0.0,17,0.0,9.072405381214456e-09,0.0,0.0,0.0,0.0,1.7999999683850654,1.7999999691754387
764,1,2,0,-0.2300000895764987,1.5499963801734387,1.7467251373198975e-07,1.7030570088869001e-07,0.0,0.0,17,0.0,8.845595246684095e-09,0.0,0.0,0.0,0.0,1.7999999691754387,1.7999999699460527
765,1,0,1,0.07499991261009835,1.624996292783537,1.7030570088869001e-07,1.6604805836647275e-07,0.0,0.0,17,0.0,8.624455365516994e-09,0.0,0.0,0.0,0.0,1.7999999699460527,1.7999999706974013
766,1,0,1,0.07499991465076135,1.6999962074342985,1.6604805836647275e-07,1.6189685690731093e-07,0.0,0.0,17,0.0,8.408843981379069e-09,0.0,0.0,0.0,0.0,1.7999999706974013,1.7999999714299662
767,1,0,1,0.07499991562767391,1.7749961230619724,1.6189685690731093e-07,1.5784943548462817e-07,0.0,0.0,17,0.0,8.198622881844592e-09,0.0,0.0,0.0,0.0,1.7999999714299662,1.7999999721442173
768,1,0,0,-0.16500010153701658,3.8349998984629834,1.5784943548462814e-07,1.5390319959751248e-07,0.0,0.0,18,0.0,7.993657309798477e-09,0.0,0.0,0.0,0.0,1.7999999721442173,1.799999972840612
769,1,0,1,0.07499990318717505,3.9099998016501583,1.5390319959751245e-07,1.5005561960757467e-07,0.0,0.0,18,0.0,7.793815877053516e-09,0.0,0.0,0.0,0.0,1.799999972840612,1.7999999735195966
770,1,0,1,0.07499990512951694,3.9849997067796754,1.5005561960757464e-07,1.463042291173853e-07,0.0,0.0,18,0.0,7.598970480127177e-09,0.0,0.0,0.0,0.0,1.7999999735195966,1.7999999741816064
771,1,0,1,0.07499990528616454,4.0,1.463042291173853e-07,1.4264662338945066e-07,0.0,0.0,18,0.0,7.408996218123999e-09,0.0,0.0,0.0,0.0,1.7999999741816064,1.7999999748270663
772,1,0,0,-0.16500009347508454,3.8349999065249154,1.4264662338945064e-07,1.390804578047144e-07,0.0,0.0,18,0.0,7.223771312670899e-09,0.0,0.0,0.0,0.0,1.7999999748270663,1.7999999754563896
773,1,0,0,-0.1650000901551296,3.669999816369786,1.390804578047144e-07,1.3560344635959654e-07,0.0,0.0,18,0.0,7.043177029854125e-09,0.0,0.0,0.0,0.0,1.7999999754563896,1.7999999760699799
774,1,0,1,0.07499991033708098,3.7449997267068666,1.356034463595965e-07,1.3221336020060663e-07,0.0,0.0,18,0.0,6.867097604107772e-09,0.0,0.0,0.0,0.0,1.7999999760699799,1.7999999766682304
775,1,1,0,-0.2300000895915992,3.5149996371152676,1.3221336020060663e-07,1.2890802619559144e-07,0.0,0.0,18,0.0,6.695420164005078e-09,0.0,0.0,0.0,0.0,1.7999999766682304,1.799999977251525
776,1,0,1,0.07499991452537505,3.5899995516406427,1.2890802619559144e-07,1.2568532554070167e-07,0.0,0.0,18,0.0,6.528034659904953e-09,0.0,0.0,0.0,0.0,1.799999977251525,1.7999999778202367
777,1,0,0,-0.1650000856138941,3.4249994660267484,1.2568532554070167e-07,1.2254319240218413e-07,0.0,0.0,18,0.0,6.3648337934073285e-09,0.0,0.0,0.0,0.0,1.7999999778202367,1.7999999783747307
778,1,0,0,-0.16500008422372842,3.25999938180302,1.2254319240218413e-07,1.1947961259212953e-07,0.0,0.0,18,0.0,6.205712948572145e-09,0.0,0.0,0.0,0.0,1.7999999783747307,1.7999999789153625
779,1,0,0,-0.16500008110375056,3.0949993006992695,1.1947961259212953e-07,1.1649262227732628e-07,0.0,0.0,18,0.0,6.0505701248578405e-09,0.0,0.0,0.0,0.0,1.7999999789153625,1.7999999794424781
780,1,0,1,0.07499992113916001,3.1699992218384296,1.1649262227732626e-07,1.1358030672039312e-07,0.0,0.0,18,0.0,5.899305871736395e-09,0.0,0.0,0.0,0.0,1.7999999794424781,1.7999999799564164
781,1,0,1,0.07499992116742384,3.2449991430058533,1.1358030672039312e-07,1.107407990523833e-07,0.0,0.0,18,0.0,5.751823224942985e-09,0.0,0.0,0.0,0.0,1.7999999799564164,1.799999980457506
782,1,2,0,-0.2300000792795602,3.014999063726293,1.1074079905238328e-07,1.0797227907607371e-07,0.0,0.0,18,0.0,5.608027644319411e-09,0.0,0.0,0.0,0.0,1.799999980457506,1.7999999809460683
783,1,0,1,0.07499992461330329,3.0899989883395964,1.0797227907607372e-07,1.0527297209917187e-07,0.0,0.0,18,0.0,5.467826953211426e-09,0.0,0.0,0.0,0.0,1.7999999809460683,1.7999999814224166
784,1,0,0,-0.16500007554881482,2.9249989127907816,1.0527297209917187e-07,1.0264114779669258e-07,0.0,0.0,18,0.0,5.3311312793811406e-09,0.0,0.0,0.0,0.0,1.7999999814224166,1.7999999818868562
785,1,0,1,0.074999925368894,2.9999988381596756,1.0264114779669258e-07,1.0007511910177528e-07,0.0,0.0,18,0.0,5.197852997396612e-09,0.0,0.0,0.0,0.0,1.7999999818868562,1.7999999823396846
786,1,0,0,-0.16500007323898105,2.8349987649206945,1.0007511910177527e-07,9.757324112423089e-08,0.0,0.0,18,0.0,5.067906672461696e-09,0.0,0.0,0.0,0.0,1.7999999823396846,1.7999999827811926
787,1,0,1,0.07499993002698818,2.909998694947683,9.757324112423089e-08,9.513391009612512e-08,0.0,0.0,18,0.0,4.941209005650154e-09,0.0,0.0,0.0,0.0,1.7999999827811926,1.7999999832116629
788,1,0,1,0.07499992912921744,2.9849986240769004,9.513391009612512e-08,9.2755562343722e-08,0.0,0.0,18,0.0,4.817678780508901e-09,0.0,0.0,0.0,0.0,1.7999999832116629,1.7999999836313711
789,1,0,1,0.07499993055317174,3.0599985546300723,9.275556234372201e-08,9.043667328512895e-08,0.0,0.0,18,0.0,4.6972368109961784e-09,0.0,0.0,0.0,0.0,1.7999999836313711,1.799999984040587
790,1,2,0,-0.23000007163212152,2.8299984829979508,9.043667328512894e-08,8.817575645300073e-08,0.0,0.0,18,0.0,4.579805890721275e-09,0.0,0.0,0.0,0.0,1.799999984040587,1.7999999844395724
791,1,0,0,-0.1650000670955536,2.664998415902397,8.817575645300073e-08,8.59713625416757e-08,0.0,0.0,18,0.0,4.465310743453242e-09,0.0,0.0,0.0,0.0,1.7999999844395724,1.799999984828583
792,1,0,0,-0.16500006556865948,2.4999983503337377,8.597136254167572e-08,8.382207847813382e-08,0.0,0.0,18,0.0,4.353677974866911e-09,0.0,0.0,0.0,0.0,1.799999984828583,1.7999999852078685
793,1,0,1,0.07499993627880595,2.574998286612544,8.382207847813382e-08,8.172652651618046e-08,0.0,0.0,18,0.0,4.244836025495238e-09,0.0,0.0,0.0,0.0,1.7999999852078685,1.7999999855776716
794,1,0,1,0.07499993529294129,2.649998221905485,8.172652651618046e-08,7.968336335327595e-08,0.0,0.0,18,0.0,4.138715124857858e-09,0.0,0.0,0.0,0.0,1.7999999855776716,1.7999999859382299
795,1,0,1,0.07499993659754822,2.724998158503033,7.968336335327595e-08,7.769127926944405e-08,0.0,0.0,18,0.0,4.035247246736411e-09,0.0,0.0,0.0,0.0,1.7999999859382299,1.7999999862897742
796,1,0,0,-0.16500006468615458,2.5599980938168785,7.769127926944406e-08,7.574899728770795e-08,0.0,0.0,18,0.0,3.934366065568001e-09,0.0,0.0,0.0,0.0,1.7999999862897742,1.7999999866325296
797,1,0,1,0.07499993753150294,2.6349980313483816,7.574899728770795e-08,7.385527235551524e-08,0.0,0.0,18,0.0,3.8360069139288e-09,0.0,0.0,0.0,0.0,1.7999999866325296,1.7999999869667165
798,1,0,1,0.07499993880935842,2.70999797015774,7.385527235551526e-08,7.200889054662736e-08,0.0,0.0,18,0.0,3.74010674108058e-09,0.0,0.0,0.0,0.0,1.7999999869667165,1.7999999872925483
799,1,0,1,0.07499993849117521,2.784997908648915,7.200889054662737e-08,7.020866828296168e-08,0.0,0.0,18,0.0,3.6466040725535656e-09,0.0,0.0,0.0,0.0,1.7999999872925483,1.799999987610235
800,1,0,1,0.07499993911301307,2.859997847761928,7.020866828296168e-08,6.845345157588765e-08,0.0,0.0,18,0.0,3.555438970739726e-09,0.0,0.0,0.0,0.0,1.799999987610235,1.799999987919979
801,1,0,0,-0.16500006113428375,2.694997786627644,6.845345157588763e-08,6.674211528649044e-08,0.0,0.0,18,0.0,3.4665529964712338e-09,0.0,0.0,0.0,0.0,1.799999987919979,1.79999998822198
802,1,0,0,-0.16500005887313182,2.5299977277545125,6.674211528649045e-08,6.507356240432819e-08,0.0,0.0,18,0.0,3.3798891715594524e-09,0.0,0.0,0.0,0.0,1.79999998822198,1.7999999885164302
803,1,1,0,-0.23000005758900097,2.2999976701655114,6.507356240432818e-08,6.344672334421998e-08,0.0,0.0,18,0.0,3.295391942270466e-09,0.0,0.0,0.0,0.0,1.7999999885164302,1.7999999888035192
804,1,0,1,0.07499994375013418,2.3749976139156455,6.344672334421999e-08,6.186055526061449e-08,0.0,0.0,18,0.0,3.2130071437137042e-09,0.0,0.0,0.0,0.0,1.7999999888035192,1.7999999890834313
805,1,0,1,0.0749999441447689,2.4499975580604145,6.186055526061449e-08,6.031404137909912e-08,0.0,0.0,18,0.0,3.1326819651208618e-09,0.0,0.0,0.0,0.0,1.7999999890834313,1.7999999893563454
806,1,0,1,0.0749999458512,2.5249975039116146,6.031404137909911e-08,5.880619034462164e-08,0.0,0.0,18,0.0,3.05436491599284e-09,0.0,0.0,0.0,0.0,1.7999999893563454,1.7999999896224366
807,1,0,0,-0.16500005590604505,2.3599974480055694,5.880619034462164e-08,5.73360355860061e-08,0.0,0.0,18,0.0,2.9780057930930188e-09,0.0,0.0,0.0,0.0,1.7999999896224366,1.7999999898818762
808,1,0,1,0.07499994709995914,2.4349973951055284,5.73360355860061e-08,5.590263469635594e-08,0.0,0.0,18,0.0,2.903555648265693e-09,0.0,0.0,0.0,0.0,1.7999999898818762,1.7999999901348291
809,1,0,0,-0.16500005304301443,2.269997342062514,5.590263469635594e-08,5.4505068828947046e-08,0.0,0.0,18,0.0,2.830966757059051e-09,0.0,0.0,0.0,0.0,1.7999999901348291,1.7999999903814583
810,1,0,1,0.07499994844640367,2.3449972905089176,5.450506882894704e-08,5.314244210822337e-08,0.0,0.0,18,0.0,2.7601925881325747e-09,0.0,0.0,0.0,0.0,1.7999999903814583,1.799999990621922
811,1,0,1,0.07499994996545738,2.419997240474375,5.314244210822337e-08,5.181388105551779e-08,0.0,0.0,18,0.0,2.69118777342926e-09,0.0,0.0,0.0,0.0,1.799999990621922,1.799999990856374
812,1,0,0,-0.16500005092141354,2.2549971895529617,5.1813881055517784e-08,5.051853402912984e-08,0.0,0.0,18,0.0,2.6239080790935288e-09,0.0,0.0,0.0,0.0,1.799999990856374,1.7999999910849647
813,1,0,0,-0.1650000486407509,2.0899971409122107,5.0518534029129835e-08,4.9255570678401595e-08,0.0,0.0,18,0.0,2.5583103771161908e-09,0.0,0.0,0.0,0.0,1.7999999910849647,1.7999999913078402
814,1,0,0,-0.16500004814807354,1.924997092764137,4.9255570678401595e-08,4.802418141144156e-08,0.0,0.0,18,0.0,2.494352617688286e-09,0.0,0.0,0.0,0.0,1.7999999913078402,1.7999999915251446
815,1,0,0,-0.16500004713197172,1.7599970456321654,4.802418141144156e-08,4.6823576876155515e-08,0.0,0.0,18,0.0,2.4319938022460786e-09,0.0,0.0,0.0,0.0,1.7999999915251446,1.7999999917370155
816,1,0,1,0.07499995415494003,1.8349969997871054,4.682357687615552e-08,4.565298745425163e-08,0.0,0.0,18,0.0,2.371193957189927e-09,0.0,0.0,0.0,0.0,1.7999999917370155,1.7999999919435903
817,1,2,0,-0.23000004583164962,1.6049969539554558,4.5652987454251624e-08,4.4511662767895334e-08,0.0,0.0,18,0.0,2.3119141082601787e-09,0.0,0.0,0.0,0.0,1.7999999919435903,1.7999999921450007
818,1,0,0,-0.1650000436757432,1.4399969102797125,4.4511662767895334e-08,4.339887119869795e-08,0.0,0.0,18,0.0,2.254116255553674e-09,0.0,0.0,0.0,0.0,1.7999999921450007,1.7999999923413756
819,1,0,0,-0.16500004282346364,1.2749968674562489,4.3398871198697954e-08,4.231389941873051e-08,0.0,0.0,18,0.0,2.197763349164832e-09,0.0,0.0,0.0,0.0,1.7999999923413756,1.7999999925328414
820,1,0,1,0.07499995835586132,1.3499968258121102,4.23138994187305e-08,4.125605193326224e-08,0.0,0.0,18,0.0,2.1428192654357114e-09,0.0,0.0,0.0,0.0,1.7999999925328414,1.79999999271952
821,1,0,0,-0.16500004138745855,1.1849967844246516,4.1256051933262247e-08,4.022465063493069e-08,0.0,0.0,18,0.0,2.0892487837998187e-09,0.0,0.0,0.0,0.0,1.79999999271952,1.799999992901532
822,1,0,0,-0.16500003984446912,1.0199967445801825,4.022465063493069e-08,3.921903436905742e-08,0.0,0.0,18,0.0,2.0370175642048237e-09,0.0,0.0,0.0,0.0,1.799999992901532,1.7999999930789938
823,1,0,1,0.07499996039989464,1.094996704980077,3.9219034369057416e-08,3.8238558509830984e-08,0.0,0.0,18,0.0,1.986092125099703e-09,0.0,0.0,0.0,0.0,1.7999999930789938,1.7999999932520192
824,1,0,1,0.0749999612162319,1.169996666196309,3.823855850983098e-08,3.728259454708521e-08,0.0,0.0,18,0.0,1.9364398219722103e-09,0.0,0.0,0.0,0.0,1.7999999932520192,1.7999999934207183
825,1,0,0,-0.16500003855810777,1.0049966276382012,3.728259454708521e-08,3.635052968340808e-08,0.0,0.0,18,0.0,1.8880288264229047e-09,0.0,0.0,0.0,0.0,1.7999999934207183,1.7999999935852007
826,1,0,0,-0.16500003807511374,0.8399965895630874,3.635052968340808e-08,3.544176644132287e-08,0.0,0.0,18,0.0,1.8408281057623322e-09,0.0,0.0,0.0,0.0,1.7999999935852007,1.7999999937455704
827,1,0,0,-0.16500003822182413,0.6749965513412632,3.544176644132287e-08,3.45557222802898e-08,0.0,0.0,18,0.0,1.7948074031182738e-09,0.0,0.0,0.0,0.0,1.7999999937455704,1.7999999939019313
828,1,0,0,-0.16500003603170527,0.509996515309558,3.45557222802898e-08,3.3691829223282553e-08,0.0,0.0,18,0.0,1.7499372180403168e-09,0.0,0.0,0.0,0.0,1.7999999939019313,1.799999994054383
829,1,0,0,-0.16500003646102235,0.3449964788485357,3.3691829223282553e-08,3.284953349270049e-08,0.0,0.0,18,0.0,1.7061887875893087e-09,0.0,0.0,0.0,0.0,1.799999994054383,1.7999999942030231
830,1,0,0,-0.16500003491763127,0.17999644393090442,3.284953349270049e-08,3.202829515538298e-08,0.0,0.0,18,0.0,1.6635340678995763e-09,0.0,0.0,0.0,0.0,1.7999999942030231,1.7999999943479479
831,1,2,0,-0.23000003533656896,0.0,3.202829515538298e-08,3.12275877764984e-08,0.0,0.0,18,0.0,1.6219457162020868e-09,0.0,0.0,0.0,0.0,1.7999999943479479,1.7999999944892493
832,1,1,1,0.009999956323554292,4.0,3.12275877764984e-08,3.0446898082085945e-08,0.0,0.0,19,0.0,1.5813970732970347e-09,0.0,0.0,0.0,0.0,1.7999999944892493,1.799999994627018
833,1,0,0,-0.16500004300066617,3.834999956999334,3.044689808208594e-08,2.9685725630033794e-08,0.0,0.0,19,0.0,1.5418621464646087e-09,0.0,0.0,0.0,0.0,1.799999994627018,1.7999999947613425
834,1,0,0,-0.16500004174785407,3.6699999152514797,2.9685725630033794e-08,2.894358248928295e-08,0.0,0.0,19,0.0,1.5033155928029935e-09,0.0,0.0,0.0,0.0,1.7999999947613425,1.7999999948923089
835,1,0,0,-0.16500004085193537,3.5049998743995445,2.894358248928295e-08,2.8219992927050874e-08,0.0,0.0,19,0.0,1.4657327029829189e-09,0.0,0.0,0.0,0.0,1.7999999948923089,1.7999999950200012
836,1,0,1,0.07499995957048826,3.579999833970033,2.8219992927050874e-08,2.75144931038746e-08,0.0,0.0,19,0.0,1.4290893854083455e-09,0.0,0.0,0.0,0.0,1.7999999950200012,1.7999999951445014
837,1,0,0,-0.1650000397461581,3.414999794223875,2.75144931038746e-08,2.6826630776277738e-08,0.0,0.0,19,0.0,1.393362150773137e-09,0.0,0.0,0.0,0.0,1.7999999951445014,1.7999999952658885
838,1,1,0,-0.2300000383017672,3.184999755922108,2.6826630776277735e-08,2.6155965006870792e-08,0.0,0.0,19,0.0,1.3585280970038084e-09,0.0,0.0,0.0,0.0,1.7999999952658885,1.7999999953842416
839,1,0,1,0.0749999624570576,3.2599997183791656,2.6155965006870792e-08,2.550206588169902e-08,0.0,0.0,19,0.0,1.3245648945787132e-09,0.0,0.0,0.0,0.0,1.7999999953842416,1.7999999954996357
840,1,0,1,0.07499996305732476,3.33499968143649,2.550206588169902e-08,2.4864514234656544e-08,0.0,0.0,19,0.0,1.2914507722142455e-09,0.0,0.0,0.0,0.0,1.7999999954996357,1.7999999956121446
841,1,0,0,-0.16500003661556978,3.1699996448209204,2.4864514234656547e-08,2.424290137879013e-08,0.0,0.0,19,0.0,1.2591645029088892e-09,0.0,0.0,0.0,0.0,1.7999999956121446,1.7999999957218409
842,1,0,1,0.07499996299468822,3.2449996078156085,2.4242901378790132e-08,2.3636828844320377e-08,0.0,0.0,19,0.0,1.227685390336167e-09,0.0,0.0,0.0,0.0,1.7999999957218409,1.7999999958287947
843,1,0,0,-0.16500003648480976,3.0799995713307986,2.3636828844320377e-08,2.3045908123212368e-08,0.0,0.0,19,0.0,1.1969932555777629e-09,0.0,0.0,0.0,0.0,1.7999999958287947,1.799999995933075
844,1,0,1,0.07499996472312077,3.1549995360539196,2.304590812321237e-08,2.246976042013206e-08,0.0,0.0,19,0.0,1.1670684241883188e-09,0.0,0.0,0.0,0.0,1.799999995933075,1.7999999960347481
845,1,0,0,-0.16500003482271794,2.9899995012312015,2.2469760420132062e-08,2.1908016409628758e-08,0.0,0.0,19,0.0,1.1378917135836108e-09,0.0,0.0,0.0,0.0,1.7999999960347481,1.7999999961338795
846,1,0,1,0.07499996569303395,3.0649994669242355,2.190801640962876e-08,2.136031599938804e-08,0.0,0.0,19,0.0,1.1094444207440205e-09,0.0,0.0,0.0,0.0,1.7999999961338795,1.7999999962305326
847,1,0,0,-0.16500003384334086,2.8999994330808945,2.1360315999388037e-08,2.0826308099403336e-08,0.0,0.0,19,0.0,1.08170831022542e-09,0.0,0.0,0.0,0.0,1.7999999962305326,1.7999999963247693
848,1,0,0,-0.16500003363813784,2.734999399442757,2.0826308099403336e-08,2.0305650396918254e-08,0.0,0.0,19,0.0,1.0546656024697846e-09,0.0,0.0,0.0,0.0,1.7999999963247693,1.7999999964166498
849,1,0,0,-0.1650000319187471,2.5699993675240096,2.030565039691825e-08,1.97980091369953e-08,0.0,0.0,19,0.0,1.0282989624080398e-09,0.0,0.0,0.0,0.0,1.7999999964166498,1.7999999965062337
850,1,0,0,-0.16500003179889036,2.4049993357251194,1.9798009136995296e-08,1.9303058908570416e-08,0.0,0.0,19,0.0,1.0025914883478388e-09,0.0,0.0,0.0,0.0,1.7999999965062337,1.7999999965935776
851,1,0,0,-0.16500003045376035,2.239999305271359,1.9303058908570416e-08,1.8820482435856156e-08,0.0,0.0,19,0.0,9.77526701139143e-10,0.0,0.0,0.0,0.0,1.7999999965935776,1.7999999966787383
852,1,0,1,0.07499997040929657,2.3149992756806554,1.8820482435856153e-08,1.8349970374959753e-08,0.0,0.0,19,0.0,9.530885336106644e-10,0.0,0.0,0.0,0.0,1.7999999966787383,1.7999999967617701
853,1,0,0,-0.16500002991841825,2.149999245762237,1.834997037495975e-08,1.7891221115585757e-08,0.0,0.0,19,0.0,9.292613202703977e-10,0.0,0.0,0.0,0.0,1.7999999967617701,1.7999999968427256
854,1,0,0,-0.1650000291723647,1.9849992165898722,1.7891221115585757e-08,1.7443940587696113e-08,0.0,0.0,19,0.0,9.060297872636376e-10,0.0,0.0,0.0,0.0,1.7999999968427256,1.7999999969216574
855,1,0,0,-0.1650000286001457,1.8199991879897266,1.7443940587696117e-08,1.700784207300371e-08,0.0,0.0,19,0.0,8.833790425820469e-10,0.0,0.0,0.0,0.0,1.7999999969216574,1.799999996998616
856,1,1,1,0.009999972847034232,1.8299991608367607,1.700784207300371e-08,1.658264602117862e-08,0.0,0.0,19,0.0,8.612945665174957e-10,0.0,0.0,0.0,0.0,1.799999996998616,1.7999999970736507
857,1,2,0,-0.23000002769017927,1.5999991331465815,1.658264602117862e-08,1.6168079870649154e-08,0.0,0.0,19,0.0,8.397622023545583e-10,0.0,0.0,0.0,0.0,1.7999999970736507,1.7999999971468092
858,1,0,0,-0.16500002667387897,1.4349991064727026,1.6168079870649154e-08,1.5763877873882924e-08,0.0,0.0,19,0.0,8.187681472956945e-10,0.0,0.0,0.0,0.0,1.7999999971468092,1.799999997218139
859,1,1,1,0.009999974080756622,1.4449990805534592,1.5763877873882924e-08,1.5369780927035852e-08,0.0,0.0,19,0.0,7.982989436133021e-10,0.0,0.0,0.0,0.0,1.799999997218139,1.7999999972876857
860,1,1,0,-0.23000002561269364,1.2149990549407654,1.5369780927035852e-08,1.4985536403859956e-08,0.0,0.0,19,0.0,7.783414700229695e-10,0.0,0.0,0.0,0.0,1.7999999972876857,1.7999999973554934
861,1,0,1,0.07499997531379785,1.2899990302545632,1.4985536403859956e-08,1.4610897993763457e-08,0.0,0.0,19,0.0,7.588829332723952e-10,0.0,0.0,0.0,0.0,1.7999999973554934,1.7999999974216059
862,1,0,0,-0.16500002503738623,1.124999005217177,1.4610897993763457e-08,1.4245625543919372e-08,0.0,0.0,19,0.0,7.399108599405854e-10,0.0,0.0,0.0,0.0,1.7999999974216059,1.7999999974860659
863,1,0,0,-0.16500002419412213,0.9599989810230549,1.424562554391937e-08,1.3889484905321387e-08,0.0,0.0,19,0.0,7.214130884420708e-10,0.0,0.0,0.0,0.0,1.7999999974860659,1.7999999975489143
864,1,0,0,-0.16500002305463507,0.7949989579684198,1.3889484905321385e-08,1.3542247782688353e-08,0.0,0.0,19,0.0,7.03377761231019e-10,0.0,0.0,0.0,0.0,1.7999999975489143,1.7999999976101917
865,1,0,0,-0.16500002350235393,0.6299989344660659,1.3542247782688352e-08,1.3203691588121145e-08,0.0,0.0,19,0.0,6.857933172002435e-10,0.0,0.0,0.0,0.0,1.7999999976101917,1.799999997669937
866,1,0,0,-0.16500002297026106,0.46499891149580486,1.3203691588121143e-08,1.2873599298418114e-08,0.0,0.0,19,0.0,6.686484842702374e-10,0.0,0.0,0.0,0.0,1.799999997669937,1.7999999977281882
867,1,0,0,-0.16500002197532312,0.2999988895204817,1.2873599298418116e-08,1.2551759315957662e-08,0.0,0.0,19,0.0,6.519322721634815e-10,0.0,0.0,0.0,0.0,1.7999999977281882,1.7999999977849837
868,1,0,0,-0.16500002188720692,0.1349988676332748,1.2551759315957664e-08,1.223796533305872e-08,0.0,0.0,19,0.0,6.356339653593946e-10,0.0,0.0,0.0,0.0,1.7999999977849837,1.799999997840359
869,1,2,0,-0.23000002159554836,0.0,1.223796533305872e-08,1.1932016199732254e-08,0.0,0.0,19,0.0,6.197431162254097e-10,0.0,0.0,0.0,0.0,1.799999997840359,1.79999999789435
870,1,0,0,-0.16500002723143098,3.834999972768569,1.1932016199732252e-08,1.1633715794738945e-08,0.0,0.0,20,0.0,6.042495383197744e-10,0.0,0.0,0.0,0.0,1.79999999789435,1.799999997946991
871,1,0,0,-0.1650000263630697,3.6699999464054995,1.1633715794738947e-08,1.1342872899870472e-08,0.0,0.0,20,0.0,5.891432998617801e-10,0.0,0.0,0.0,0.0,1.799999997946991,1.7999999979983163
872,1,0,0,-0.16500002599074318,3.504999920414756,1.1342872899870472e-08,1.105930107737371e-08,0.0,0.0,20,0.0,5.744147173652356e-10,0.0,0.0,0.0,0.0,1.7999999979983163,1.7999999980483585
873,1,0,0,-0.1650000249302754,3.339999895484481,1.105930107737371e-08,1.0782818550439367e-08,0.0,0.0,20,0.0,5.600543494311046e-10,0.0,0.0,0.0,0.0,1.7999999980483585,1.79999999809715
874,1,0,0,-0.16500002481208118,3.1749998706723996,1.0782818550439366e-08,1.0513248086678383e-08,0.0,0.0,20,0.0,5.46052990695327e-10,0.0,0.0,0.0,0.0,1.79999999809715,1.7999999981447208
875,1,0,0,-0.1650000242927625,3.009999846379637,1.0513248086678383e-08,1.0250416884511425e-08,0.0,0.0,20,0.0,5.324016659279437e-10,0.0,0.0,0.0,0.0,1.7999999981447208,1.799999998191103
876,1,0,1,0.07499997678907129,3.0849998231687086,1.0250416884511423e-08,9.994156462398638e-09,0.0,0.0,20,0.0,5.190916242797452e-10,0.0,0.0,0.0,0.0,1.799999998191103,1.7999999982363255
877,1,0,0,-0.16500002319083476,2.919999799977874,9.99415646239864e-09,9.744302550838673e-09,0.0,0.0,20,0.0,5.061143336727517e-10,0.0,0.0,0.0,0.0,1.7999999982363255,1.7999999982804171
878,1,0,1,0.07499997722052737,2.994999777198401,9.744302550838673e-09,9.500694987067705e-09,0.0,0.0,20,0.0,4.934614753309329e-10,0.0,0.0,0.0,0.0,1.7999999982804171,1.7999999983234067
879,1,0,1,0.0749999779442142,3.0699997551426152,9.500694987067707e-09,9.263177612391014e-09,0.0,0.0,20,0.0,4.811249384476595e-10,0.0,0.0,0.0,0.0,1.7999999983234067,1.7999999983653214
880,1,0,0,-0.16500002186887766,2.9049997332737374,9.263177612391014e-09,9.031598172081239e-09,0.0,0.0,20,0.0,4.69096814986468e-10,0.0,0.0,0.0,0.0,1.7999999983653214,1.7999999984061885
881,1,0,1,0.0749999783614195,2.979999711635157,9.031598172081239e-09,8.805808217779206e-09,0.0,0.0,20,0.0,4.5736939461180635e-10,0.0,0.0,0.0,0.0,1.7999999984061885,1.7999999984460338
882,1,0,0,-0.16500002173152106,2.814999689903636,8.805808217779208e-09,8.585663012334725e-09,0.0,0.0,20,0.0,4.459351597465112e-10,0.0,0.0,0.0,0.0,1.7999999984460338,1.799999998484883
883,1,0,0,-0.16500002117334495,2.649999668730291,8.585663012334725e-09,8.371021437026359e-09,0.0,0.0,20,0.0,4.3478678075284833e-10,0.0,0.0,0.0,0.0,1.799999998484883,1.7999999985227608
884,1,0,0,-0.16500002071881079,2.48499964801148,8.371021437026359e-09,8.1617459011007e-09,0.0,0.0,20,0.0,4.239171112340272e-10,0.0,0.0,0.0,0.0,1.7999999985227608,1.799999998559692
885,1,1,0,-0.23000002003144485,2.2549996279800353,8.161745901100698e-09,7.957702253573181e-09,0.0,0.0,20,0.0,4.1331918345317646e-10,0.0,0.0,0.0,0.0,1.799999998559692,1.7999999985956996
886,1,0,1,0.0749999808229244,2.3299996088029595,7.957702253573181e-09,7.758759697233851e-09,0.0,0.0,20,0.0,4.0298620386684706e-10,0.0,0.0,0.0,0.0,1.7999999985956996,1.7999999986308073
887,1,0,0,-0.1650000197160972,2.1649995890868623,7.758759697233853e-09,7.564790704803006e-09,0.0,0.0,20,0.0,3.929115487701759e-10,0.0,0.0,0.0,0.0,1.7999999986308073,1.799999998665037
888,1,0,0,-0.16500001920778332,1.999999569879079,7.564790704803004e-09,7.37567093718293e-09,0.0,0.0,20,0.0,3.830887600509214e-10,0.0,0.0,0.0,0.0,1.799999998665037,1.799999998698411
889,1,0,1,0.0749999818236216,2.0749995517027005,7.37567093718293e-09,7.191279163753356e-09,0.0,0.0,20,0.0,3.735115410496484e-10,0.0,0.0,0.0,0.0,1.799999998698411,1.7999999987309505
890,1,0,0,-0.1650000183444431,1.9099995333582573,7.191279163753356e-09,7.011497184659522e-09,0.0,0.0,20,0.0,3.6417375252340716e-10,0.0,0.0,0.0,0.0,1.7999999987309505,1.799999998762677
891,1,0,1,0.07499998232494051,1.9849995156831979,7.011497184659522e-09,6.836209755043035e-09,0.0,0.0,20,0.0,3.55069408710322e-10,0.0,0.0,0.0,0.0,1.799999998762677,1.7999999987936097
892,1,0,0,-0.16500001773929865,1.8199994979438991,6.836209755043034e-09,6.665304511166958e-09,0.0,0.0,20,0.0,3.4619267349256393e-10,0.0,0.0,0.0,0.0,1.7999999987936097,1.7999999988237696
893,1,0,1,0.07499998293471953,1.8949994808786186,6.665304511166958e-09,6.498671898387785e-09,0.0,0.0,20,0.0,3.3753785665524984e-10,0.0,0.0,0.0,0.0,1.7999999988237696,1.7999999988531754
894,1,0,0,-0.16500001735168718,1.7299994635269313,6.498671898387785e-09,6.3362051009280905e-09,0.0,0.0,20,0.0,3.290994102388686e-10,0.0,0.0,0.0,0.0,1.7999999988531754,1.7999999988818458
895,1,0,0,-0.16500001725419688,1.5649994462727346,6.3362051009280905e-09,6.1777999734048876e-09,0.0,0.0,20,0.0,3.208719249828969e-10,0.0,0.0,0.0,0.0,1.7999999988818458,1.7999999989098001
896,1,0,0,-0.16500001958556634,3.8349999804144335,6.177799973404888e-09,6.023354974069766e-09,0.0,0.0,21,0.0,3.1285012685832447e-10,0.0,0.0,0.0,0.0,1.7999999989098001,1.7999999989370548
897,1,0,0,-0.16500001952440724,3.669999960890026,6.0233549740697666e-09,5.872771099718022e-09,0.0,0.0,21,0.0,3.0502887368686637e-10,0.0,0.0,0.0,0.0,1.7999999989370548,1.7999999989636284
898,1,1,0,-0.23000001902785183,3.4399999418621743,5.872771099718021e-09,5.7259518222250715e-09,0.0,0.0,21,0.0,2.9740315184469476e-10,0.0,0.0,0.0,0.0,1.7999999989636284,1.7999999989895379
899,1,0,1,0.07499998212228043,3.5149999239844547,5.725951822225071e-09,5.582803026669444e-09,0.0,0.0,21,0.0,2.899680730485773e-10,0.0,0.0,0.0,0.0,1.7999999989895379,1.7999999990147992
900,1,1,1,0.009999982067181407,3.524999906051636,5.582803026669445e-09,5.4432329510027085e-09,0.0,0.0,21,0.0,2.827188712223629e-10,0.0,0.0,0.0,0.0,1.7999999990147992,1.799999999039429
901,1,0,1,0.07499998266358776,3.599999888715224,5.443232951002708e-09,5.3071521272276405e-09,0.0,0.0,21,0.0,2.756508994418038e-10,0.0,0.0,0.0,0.0,1.799999999039429,1.7999999990634439
902,1,1,1,0.009999982316769374,3.6099998710319934,5.3071521272276405e-09,5.1744733240469494e-09,0.0,0.0,21,0.0,2.687596269557587e-10,0.0,0.0,0.0,0.0,1.7999999990634439,1.7999999990868576
903,1,0,1,0.0749999829254248,3.684999853957418,5.1744733240469494e-09,5.045111490945775e-09,0.0,0.0,21,0.0,2.6204063628186473e-10,0.0,0.0,0.0,0.0,1.7999999990868576,1.799999999109686
904,1,0,1,0.07499998309610019,3.759999837053518,5.045111490945776e-09,4.918983703672132e-09,0.0,0.0,21,0.0,2.5548962037481816e-10,0.0,0.0,0.0,0.0,1.799999999109686,1.799999999131944
905,1,0,1,0.074999982861385,3.8349998199149034,4.918983703672131e-09,4.7960091110803275e-09,0.0,0.0,21,0.0,2.4910237986544765e-10,0.0,0.0,0.0,0.0,1.799999999131944,1.7999999991536453
906,1,0,0,-0.1650000169503838,3.6699998029645196,4.7960091110803275e-09,4.6761088833033196e-09,0.0,0.0,21,0.0,2.428748203688115e-10,0.0,0.0,0.0,0.0,1.7999999991536453,1.7999999991748044
907,1,0,1,0.07499998339735264,3.744999786361872,4.6761088833033196e-09,4.5592061612207365e-09,0.0,0.0,21,0.0,2.3680294985959117e-10,0.0,0.0,0.0,0.0,1.7999999991748044,1.7999999991954343
908,1,0,1,0.07499998328500734,3.8199997696468793,4.5592061612207365e-09,4.445226007190218e-09,0.0,0.0,21,0.0,2.308828761131014e-10,0.0,0.0,0.0,0.0,1.7999999991954343,1.7999999992155487
909,1,0,0,-0.1650000163054074,3.654999753341472,4.445226007190218e-09,4.334095357010462e-09,0.0,0.0,21,0.0,2.251108042102739e-10,0.0,0.0,0.0,0.0,1.7999999992155487,1.7999999992351599
910,1,0,0,-0.16500001568053155,3.4899997376609404,4.334095357010462e-09,4.225742973085201e-09,0.0,0.0,21,0.0,2.1948303410501702e-10,0.0,0.0,0.0,0.0,1.7999999992351599,1.7999999992542806
911,1,0,1,0.07499998460378704,3.5649997222647274,4.2257429730852014e-09,4.120099398758071e-09,0.0,0.0,21,0.0,2.1399595825239161e-10,0.0,0.0,0.0,0.0,1.7999999992542806,1.7999999992729234
912,1,0,1,0.07499998449607104,3.6399997067607983,4.12009939875807e-09,4.017096913789119e-09,0.0,0.0,21,0.0,2.0864605929608183e-10,0.0,0.0,0.0,0.0,1.7999999992729234,1.7999999992911004
913,1,0,1,0.07499998474814534,3.7149996915089436,4.01709691378912e-09,3.9166694909443916e-09,0.0,0.0,21,0.0,2.0342990781367975e-10,0.0,0.0,0.0,0.0,1.7999999992911004,1.7999999993088227
914,1,0,1,0.07499998506421535,3.789999676573159,3.9166694909443916e-09,3.818752753670782e-09,0.0,0.0,21,0.0,1.9834416011833778e-10,0.0,0.0,0.0,0.0,1.7999999993088227,1.7999999993261022
915,1,0,0,-0.16500001528213395,3.6249996612910254,3.818752753670782e-09,3.723283934829012e-09,0.0,0.0,21,0.0,1.9338555611537938e-10,0.0,0.0,0.0,0.0,1.7999999993261022,1.7999999993429499
916,1,0,1,0.07499998548713821,3.6999996467781635,3.7232839348290125e-09,3.6302018364582873e-09,0.0,0.0,21,0.0,1.8855091721249486e-10,0.0,0.0,0.0,0.0,1.7999999993429499,1.7999999993593758
917,1,0,1,0.07499998548982093,3.7749996322679844,3.6302018364582873e-09,3.53944679054683e-09,0.0,0.0,21,0.0,1.838371442821825e-10,0.0,0.0,0.0,0.0,1.7999999993593758,1.7999999993753917
918,1,0,1,0.07499998555622331,3.8499996178242077,3.53944679054683e-09,3.450960620783159e-09,0.0,0.0,21,0.0,1.7924121567512794e-10,0.0,0.0,0.0,0.0,1.7999999993753917,1.7999999993910065
919,1,0,1,0.07499998551259249,3.9249996033368,3.4509606207831594e-09,3.3646866052635802e-09,0.0,0.0,21,0.0,1.7476018528324975e-10,0.0,0.0,0.0,0.0,1.7999999993910065,1.7999999994062315
920,1,0,0,-0.16500001435785022,3.75999958897895,3.36468660526358e-09,3.2805694401319907e-09,0.0,0.0,21,0.0,1.7039118065116852e-10,0.0,0.0,0.0,0.0,1.7999999994062315,1.7999999994210758
921,1,0,0,-0.1650000138343226,3.5949995751446275,3.2805694401319907e-09,3.198555204128691e-09,0.0,0.0,21,0.0,1.661314011348893e-10,0.0,0.0,0.0,0.0,1.7999999994210758,1.7999999994355491
922,1,0,1,0.07499998641237757,3.669999561557005,3.198555204128691e-09,3.1185913240254742e-09,0.0,0.0,21,0.0,1.6197811610651705e-10,0.0,0.0,0.0,0.0,1.7999999994355491,1.7999999994496603
923,1,0,1,0.07499998634322307,3.7449995479002283,3.118591324025474e-09,3.0406265409248367e-09,0.0,0.0,21,0.0,1.5792866320385414e-10,0.0,0.0,0.0,0.0,1.7999999994496603,1.7999999994634188
924,1,0,0,-0.16500001341101292,3.5799995344892155,3.040626540924837e-09,2.964610877401716e-09,0.0,0.0,21,0.0,1.5398044662375778e-10,0.0,0.0,0.0,0.0,1.7999999994634188,1.7999999994768334
925,1,0,1,0.07499998701003567,3.654999521499251,2.9646108774017165e-09,2.890495605466673e-09,0.0,0.0,21,0.0,1.5013093545816382e-10,0.0,0.0,0.0,0.0,1.7999999994768334,1.7999999994899125
926,1,1,0,-0.23000001284657973,3.424999508652671,2.8904956054666726e-09,2.818233215330006e-09,0.0,0.0,21,0.0,1.463776620717097e-10,0.0,0.0,0.0,0.0,1.7999999994899125,1.7999999995026648
927,1,0,0,-0.16500001258481767,3.2599994960678536,2.8182332153300062e-09,2.7477773849467557e-09,0.0,0.0,21,0.0,1.4271822051991696e-10,0.0,0.0,0.0,0.0,1.7999999995026648,1.7999999995150984
928,1,0,0,-0.16500001261647254,3.094999483451381,2.747777384946756e-09,2.679082950323087e-09,0.0,0.0,21,0.0,1.3915026500691908e-10,0.0,0.0,0.0,0.0,1.7999999995150984,1.7999999995272202
929,1,1,0,-0.23000001231343475,2.8649994711379465,2.679082950323087e-09,2.61210587656501e-09,0.0,0.0,21,0.0,1.356715083817461e-10,0.0,0.0,0.0,0.0,1.7999999995272202,1.7999999995390399
930,1,0,1,0.07499998831616339,2.9399994594541097,2.6121058765650095e-09,2.5468032296508843e-09,0.0,0.0,21,0.0,1.322797206722024e-10,0.0,0.0,0.0,0.0,1.7999999995390399,1.799999999550564
931,1,0,0,-0.1650000118764717,2.774999447577638,2.5468032296508848e-09,2.4831331489096126e-09,0.0,0.0,21,0.0,1.2897272765539738e-10,0.0,0.0,0.0,0.0,1.799999999550564,1.7999999995618001
932,1,0,1,0.0749999886685314,2.8499994362461694,2.4831331489096126e-09,2.4210548201868725e-09,0.0,0.0,21,0.0,1.2574840946401246e-10,0.0,0.0,0.0,0.0,1.7999999995618001,1.7999999995727551
933,1,0,1,0.07499998836142753,2.9249994246075968,2.4210548201868725e-09,2.3605284496822008e-09,0.0,0.0,21,0.0,1.2260469922741214e-10,0.0,0.0,0.0,0.0,1.7999999995727551,1.7999999995834361
934,1,0,1,0.07499998872723493,2.9999994133348316,2.360528449682201e-09,2.301515238440146e-09,0.0,0.0,21,0.0,1.1953958174672682e-10,0.0,0.0,0.0,0.0,1.7999999995834361,1.7999999995938503
935,1,0,1,0.07499998893427488,3.0749994022691065,2.301515238440146e-09,2.2439773574791424e-09,0.0,0.0,21,0.0,1.1655109220305869e-10,0.0,0.0,0.0,0.0,1.7999999995938503,1.799999999604004
936,1,0,1,0.07499998894068201,3.1499993912097883,2.2439773574791424e-09,2.1878779235421635e-09,0.0,0.0,21,0.0,1.1363731489798221e-10,0.0,0.0,0.0,0.0,1.799999999604004,1.7999999996139038
937,1,0,1,0.07499998902206095,3.224999380231849,2.1878779235421635e-09,2.1331809754536095e-09,0.0,0.0,21,0.0,1.1079638202553265e-10,0.0,0.0,0.0,0.0,1.7999999996139038,1.7999999996235563
938,1,0,0,-0.16500001079794938,3.0599993694339,2.1331809754536095e-09,2.07985145106727e-09,0.0,0.0,21,0.0,1.0802647247489435e-10,0.0,0.0,0.0,0.0,1.7999999996235563,1.7999999996329672
939,1,0,1,0.07499998936958034,3.1349993588034804,2.07985145106727e-09,2.0278551647905876e-09,0.0,0.0,21,0.0,1.0532581066302199e-10,0.0,0.0,0.0,0.0,1.7999999996329672,1.7999999996421434
940,1,0,1,0.07499998953363542,3.209999348337116,2.0278551647905876e-09,1.9771587856708233e-09,0.0,0.0,21,0.0,1.0269266539644646e-10,0.0,0.0,0.0,0.0,1.7999999996421434,1.7999999996510898
941,1,0,1,0.07499998945281768,3.2849993377899334,1.9771587856708233e-09,1.927729816029053e-09,0.0,0.0,21,0.0,1.001253487615353e-10,0.0,0.0,0.0,0.0,1.7999999996510898,1.7999999996598124
942,1,0,1,0.0749999894980621,3.3599993272879956,1.927729816029053e-09,1.879536570628326e-09,0.0,0.0,21,0.0,9.762221504249691e-11,0.0,0.0,0.0,0.0,1.7999999996598124,1.7999999996683171
943,1,1,0,-0.23000001031704606,3.1299993169709497,1.8795365706283265e-09,1.832548156362618e-09,0.0,0.0,21,0.0,9.518165966643447e-11,0.0,0.0,0.0,0.0,1.7999999996683171,1.7999999996766092
944,1,2,0,-0.23000000984492247,2.899999307126027,1.832548156362618e-09,1.7867344524535528e-09,0.0,0.0,21,0.0,9.280211817477362e-11,0.0,0.0,0.0,0.0,1.7999999996766092,1.7999999996846938
945,1,0,1,0.07499999013438499,2.9749992972604122,1.7867344524535528e-09,1.7420660911422137e-09,0.0,0.0,21,0.0,9.048206522040427e-11,0.0,0.0,0.0,0.0,1.7999999996846938,1.7999999996925766
946,1,0,0,-0.16500000978887105,2.809999287471541,1.742066091142214e-09,1.6985144388636587e-09,0.0,0.0,21,0.0,8.822001358989418e-11,0.0,0.0,0.0,0.0,1.7999999996925766,1.7999999997002623
947,1,2,0,-0.23000000952439303,2.579999277947148,1.6985144388636587e-09,1.656051577892067e-09,0.0,0.0,21,0.0,8.601451325014682e-11,0.0,0.0,0.0,0.0,1.7999999997002623,1.7999999997077554
948,1,0,1,0.07499999065048726,2.6549992685976354,1.656051577892067e-09,1.6146502884447655e-09,0.0,0.0,21,0.0,8.386415041889314e-11,0.0,0.0,0.0,0.0,1.7999999997077554,1.7999999997150615
949,1,2,0,-0.23000000909734752,2.4249992595002876,1.6146502884447655e-09,1.5742840312336464e-09,0.0,0.0,21,0.0,8.176754665842082e-11,0.0,0.0,0.0,0.0,1.7999999997150615,1.7999999997221852
950,1,0,0,-0.1650000088374659,2.2599992506628217,1.5742840312336462e-09,1.5349269304528052e-09,0.0,0.0,21,0.0,7.97233579919603e-11,0.0,0.0,0.0,0.0,1.7999999997221852,1.7999999997291305
951,1,0,1,0.07499999126889768,2.3349992419317194,1.5349269304528052e-09,1.4965537571914852e-09,0.0,0.0,21,0.0,7.77302740421613e-11,0.0,0.0,0.0,0.0,1.7999999997291305,1.7999999997359022
952,1,0,1,0.07499999142399513,2.4099992333557143,1.496553757191485e-09,1.4591399132616979e-09,0.0,0.0,21,0.0,7.578701719110725e-11,0.0,0.0,0.0,0.0,1.7999999997359022,1.7999999997425047
953,1,0,1,0.07499999156419482,2.484999224919909,1.459139913261698e-09,1.4226614154301556e-09,0.0,0.0,21,0.0,7.389234176132958e-11,0.0,0.0,0.0,0.0,1.7999999997425047,1.7999999997489422
954,1,0,1,0.07499999141170909,2.5599992163316183,1.4226614154301556e-09,1.3870948800444016e-09,0.0,0.0,21,0.0,7.204503321729634e-11,0.0,0.0,0.0,0.0,1.7999999997489422,1.7999999997552185
955,1,0,1,0.07499999164702081,2.6349992079786393,1.3870948800444016e-09,1.3524175080432919e-09,0.0,0.0,21,0.0,7.024390738686394e-11,0.0,0.0,0.0,0.0,1.7999999997552185,1.799999999761338
956,1,0,1,0.0749999917380706,2.70999919971671,1.3524175080432917e-09,1.3186070703422094e-09,0.0,0.0,21,0.0,6.848780970219234e-11,0.0,0.0,0.0,0.0,1.799999999761338,1.7999999997673046
957,1,0,1,0.07499999177818108,2.784999191494891,1.3186070703422094e-09,1.2856418935836542e-09,0.0,0.0,21,0.0,6.677561445963753e-11,0.0,0.0,0.0,0.0,1.7999999997673046,1.799999999773122
958,1,0,0,-0.16500000799339679,2.6199991835014944,1.2856418935836542e-09,1.2535008462440629e-09,0.0,0.0,21,0.0,6.51062240981466e-11,0.0,0.0,0.0,0.0,1.799999999773122,1.799999999778794
959,1,1,0,-0.23000000795212586,2.3899991755493684,1.2535008462440629e-09,1.2221633250879612e-09,0.0,0.0,21,0.0,6.347856849569292e-11,0.0,0.0,0.0,0.0,1.799999999778794,1.799999999784324
960,1,2,1,0.009999992250260359,2.3999991677996286,1.2221633250879612e-09,1.1916092419607623e-09,0.0,0.0,21,0.0,6.18916042833006e-11,0.0,0.0,0.0,0.0,1.799999999784324,1.799999999789716
961,1,0,1,0.07499999254904172,2.4749991603486703,1.1916092419607623e-09,1.1618190109117432e-09,0.0,0.0,21,0.0,6.034431417621809e-11,0.0,0.0,0.0,0.0,1.799999999789716,1.7999999997949732
962,1,0,1,0.07499999234609507,2.5499991526947654,1.161819010911743e-09,1.1327735356389496e-09,0.0,0.0,21,0.0,5.883570632181264e-11,0.0,0.0,0.0,0.0,1.7999999997949732,1.7999999998000988
963,1,0,1,0.07499999239997665,2.624999145094742,1.1327735356389494e-09,1.1044541972479758e-09,0.0,0.0,21,0.0,5.736481366376732e-11,0.0,0.0,0.0,0.0,1.7999999998000988,1.7999999998050962
964,1,0,0,-0.16500000753055222,2.4599991375641896,1.1044541972479758e-09,1.0768428423167764e-09,0.0,0.0,21,0.0,5.5930693322173136e-11,0.0,0.0,0.0,0.0,1.7999999998050962,1.7999999998099692
965,1,2,1,0.00999999266123212,2.4699991302254216,1.0768428423167764e-09,1.0499217712588569e-09,0.0,0.0,21,0.0,5.453242598911881e-11,0.0,0.0,0.0,0.0,1.7999999998099692,1.7999999998147194
966,1,0,0,-0.16500000733335046,2.304999122892071,1.0499217712588569e-09,1.0236737269773856e-09,0.0,0.0,21,0.0,5.316911533939083e-11,0.0,0.0,0.0,0.0,1.7999999998147194,1.7999999998193517
967,1,0,0,-0.1650000072158098,2.1399991156762614,1.0236737269773856e-09,9.98081883802951e-10,0.0,0.0,21,0.0,5.1839887455906066e-11,0.0,0.0,0.0,0.0,1.7999999998193517,1.7999999998238678
968,1,0,0,-0.16500000699960612,1.9749991086766554,9.98081883802951e-10,9.731298367078772e-10,0.0,0.0,21,0.0,5.054389026950841e-11,0.0,0.0,0.0,0.0,1.7999999998238678,1.7999999998282712
969,1,0,1,0.07499999317966843,2.049999101856324,9.73129836707877e-10,9.488015907901801e-10,0.0,0.0,21,0.0,4.928029301277071e-11,0.0,0.0,0.0,0.0,1.7999999998282712,1.7999999998325644
970,1,0,0,-0.16500000659817948,1.8849990952581446,9.488015907901801e-10,9.250815510204257e-10,0.0,0.0,21,0.0,4.804828568745144e-11,0.0,0.0,0.0,0.0,1.7999999998325644,1.7999999998367504
971,1,0,1,0.07499999345747153,1.959999088715616,9.250815510204258e-10,9.01954512244915e-10,0.0,0.0,21,0.0,4.684707854526515e-11,0.0,0.0,0.0,0.0,1.7999999998367504,1.7999999998408316
972,1,0,1,0.07499999364474251,2.0349990823603585,9.01954512244915e-10,8.794056494387921e-10,0.0,0.0,21,0.0,4.5675901581633524e-11,0.0,0.0,0.0,0.0,1.7999999998408316,1.7999999998448108
973,1,1,1,0.00999999358531653,2.044999075945675,8.794056494387922e-10,8.574205082028223e-10,0.0,0.0,21,0.0,4.4534004042092686e-11,0.0,0.0,0.0,0.0,1.7999999998448108,1.7999999998486904
974,1,0,1,0.074999993617667,2.1199990695633417,8.574205082028222e-10,8.359849954977518e-10,0.0,0.0,21,0.0,4.342065394104037e-11,0.0,0.0,0.0,0.0,1.7999999998486904,1.7999999998524732
975,1,0,1,0.07499999378083688,2.1949990633441785,8.359849954977518e-10,8.150853706103081e-10,0.0,0.0,21,0.0,4.2335137592514355e-11,0.0,0.0,0.0,0.0,1.7999999998524732,1.7999999998561615
976,1,0,1,0.07499999384486876,2.269999057189047,8.15085370610308e-10,7.947082363450504e-10,0.0,0.0,21,0.0,4.1276759152701504e-11,0.0,0.0,0.0,0.0,1.7999999998561615,1.7999999998597576
977,1,0,1,0.07499999373736664,2.344999050926414,7.947082363450503e-10,7.748405304364241e-10,0.0,0.0,21,0.0,4.024484017388396e-11,0.0,0.0,0.0,0.0,1.7999999998597576,1.7999999998632632
978,1,2,1,0.009999993664350596,2.3549990445907643,7.748405304364242e-10,7.554695171755134e-10,0.0,0.0,21,0.0,3.9238719169536866e-11,0.0,0.0,0.0,0.0,1.7999999998632632,1.7999999998666818
979,1,0,1,0.0749999938591325,2.4299990384498966,7.554695171755135e-10,7.365827792461257e-10,0.0,0.0,21,0.0,3.8257751190298444e-11,0.0,0.0,0.0,0.0,1.7999999998666818,1.7999999998700147
980,1,0,1,0.07499999394783848,2.504999032397735,7.365827792461257e-10,7.181682097649726e-10,0.0,0.0,21,0.0,3.7301307410540984e-11,0.0,0.0,0.0,0.0,1.7999999998700147,1.7999999998732643
981,1,0,0,-0.1650000059744132,2.339999026423322,7.181682097649724e-10,7.002140045208481e-10,0.0,0.0,21,0.0,3.6368774725277457e-11,0.0,0.0,0.0,0.0,1.7999999998732643,1.7999999998764327
982,1,0,0,-0.16500000580963156,2.1749990206136904,7.002140045208482e-10,6.82708654407827e-10,0.0,0.0,21,0.0,3.545955535714552e-11,0.0,0.0,0.0,0.0,1.7999999998764327,1.799999999879522
983,1,0,1,0.07499999420720745,2.2499990148208977,6.827086544078271e-10,6.656409380476314e-10,0.0,0.0,21,0.0,3.457306647321688e-11,0.0,0.0,0.0,0.0,1.799999999879522,1.799999999882534
984,1,0,1,0.07499999431741096,2.324999009138309,6.656409380476313e-10,6.489999145964406e-10,0.0,0.0,21,0.0,3.3708739811386466e-11,0.0,0.0,0.0,0.0,1.799999999882534,1.7999999998854705
985,1,0,0,-0.16500000567865203,2.1599990034596566,6.489999145964406e-10,6.327749167315295e-10,0.0,0.0,21,0.0,3.28660213161018e-11,0.0,0.0,0.0,0.0,1.7999999998854705,1.7999999998883338
986,1,0,1,0.07499999450594354,2.2349989979656,6.327749167315295e-10,6.169555438132412e-10,0.0,0.0,21,0.0,3.2044370783199254e-11,0.0,0.0,0.0,0.0,1.7999999998883338,1.7999999998911256
987,1,0,0,-0.1650000053930446,2.0699989925725553,6.169555438132412e-10,6.015316552179101e-10,0.0,0.0,21,0.0,3.124326151361927e-11,0.0,0.0,0.0,0.0,1.7999999998911256,1.799999999893847
988,1,0,1,0.07499999466666257,2.1449989872392177,6.015316552179102e-10,5.864933638374625e-10,0.0,0.0,21,0.0,3.0462179975778784e-11,0.0,0.0,0.0,0.0,1.799999999893847,1.7999999998965008
989,1,1,0,-0.23000000510039467,1.914998982138823,5.864933638374624e-10,5.718310297415258e-10,0.0,0.0,21,0.0,2.970062547638432e-11,0.0,0.0,0.0,0.0,1.7999999998965008,1.7999999998990888
990,1,0,0,-0.16500000507046875,1.7499989770683542,5.718310297415258e-10,5.575352539979877e-10,0.0,0.0,21,0.0,2.895810983947471e-11,0.0,0.0,0.0,0.0,1.7999999998990888,1.7999999999016112
991,1,0,1,0.07499999499334602,1.8249989720617001,5.575352539979876e-10,5.43596872648038e-10,0.0,0.0,21,0.0,2.8234157093487838e-11,0.0,0.0,0.0,0.0,1.7999999999016112,1.7999999999040708
992,1,0,1,0.07499999500642743,1.8999989670681277,5.43596872648038e-10,5.30006950831837e-10,0.0,0.0,21,0.0,2.7528303166150642e-11,0.0,0.0,0.0,0.0,1.7999999999040708,1.7999999999064695
993,1,1,1,0.00999999509611642,1.9099989621642441,5.30006950831837e-10,5.16756777061041e-10,0.0,0.0,21,0.0,2.6840095586996877e-11,0.0,0.0,0.0,0.0,1.7999999999064695,1.7999999999088077
994,1,0,1,0.07499999501488432,1.9849989571791284,5.167567770610411e-10,5.038378576345151e-10,0.0,0.0,21,0.0,2.6169093197321953e-11,0.0,0.0,0.0,0.0,1.7999999999088077,1.7999999999110874
995,1,0,1,0.07499999513872163,2.05999895231785,5.038378576345151e-10,4.912419111936522e-10,0.0,0.0,21,0.0,2.5514865867388907e-11,0.0,0.0,0.0,0.0,1.7999999999110874,1.7999999999133105
996,1,0,0,-0.16500000484848415,1.894998947469366,4.912419111936521e-10,4.789608634138109e-10,0.0,0.0,21,0.0,2.487699422070418e-11,0.0,0.0,0.0,0.0,1.7999999999133105,1.7999999999154774
997,1,0,0,-0.16500000469657802,1.729998942772788,4.789608634138109e-10,4.669868418284656e-10,0.0,0.0,21,0.0,2.4255069365186578e-11,0.0,0.0,0.0,0.0,1.7999999999154774,1.7999999999175904
998,1,1,1,0.009999995560332414,1.7399989383331205,4.669868418284656e-10,4.55312170782754e-10,0.0,0.0,21,0.0,2.3648692631056915e-11,0.0,0.0,0.0,0.0,1.7999999999175904,1.799999999919651
999,1,2,0,-0.2300000044831015,1.509998933850019,4.5531217078275393e-10,4.4392936651318507e-10,0.0,0.0,21,0.0,2.305747531528049e-11,0.0,0.0,0.0,0.0,1.799999999919651,1.7999999999216594
1000,1,0,0,-0.16500000443123053,1.3449989294187885,4.439293665131851e-10,4.3283113235035545e-10,0.0,0.0,21,0.0,2.2481038432398475e-11,0.0,0.0,0.0,0.0,1.7999999999216594,1.7999999999236178
1001,1,0,0,-0.16500000425767455,1.179998925161114,4.3283113235035545e-10,4.220103540415966e-10,0.0,0.0,21,0.0,2.1919012471588513e-11,0.0,0.0,0.0,0.0,1.7999999999236178,1.7999999999255276
1002,1,0,1,0.07499999577864783,1.2549989209397618,4.220103540415966e-10,4.114600951905567e-10,0.0,0.0,21,0.0,2.13710371597988e-11,0.0,0.0,0.0,0.0,1.7999999999255276,1.7999999999273892
1003,1,0,1,0.07499999590438138,1.3299989168441433,4.1146009519055667e-10,4.0117359281079274e-10,0.0,0.0,21,0.0,2.0836761230803835e-11,0.0,0.0,0.0,0.0,1.7999999999273892,1.7999999999292047
1004,1,0,1,0.07499999589196757,1.4049989127361109,4.011735928107928e-10,3.91144252990523e-10,0.0,0.0,21,0.0,2.0315842200033738e-11,0.0,0.0,0.0,0.0,1.7999999999292047,1.7999999999309744
1005,1,0,0,-0.16500000399797268,1.2399989087381382,3.9114425299052294e-10,3.813656466657599e-10,0.0,0.0,21,0.0,1.9807946145032893e-11,0.0,0.0,0.0,0.0,1.7999999999309744,1.7999999999327003
1006,1,0,0,-0.1650000039333832,1.074998904804755,3.8136564666575986e-10,3.7183150549911585e-10,0.0,0.0,21,0.0,1.9312747491407072e-11,0.0,0.0,0.0,0.0,1.7999999999327003,1.7999999999343825
1007,1,0,0,-0.16500000398899337,0.9099989008157616,3.718315054991159e-10,3.6253571786163796e-10,0.0,0.0,21,0.0,1.8829928804121895e-11,0.0,0.0,0.0,0.0,1.7999999999343825,1.7999999999360232
1008,1,0,1,0.07499999615576021,0.9849988969715219,3.62535717861638e-10,3.534723249150971e-10,0.0,0.0,21,0.0,1.8359180584018845e-11,0.0,0.0,0.0,0.0,1.7999999999360232,1.7999999999376224
1009,1,0,1,0.07499999624201797,1.0599988932135398,3.5347232491509703e-10,3.446355167922196e-10,0.0,0.0,21,0.0,1.7900201069418377e-11,0.0,0.0,0.0,0.0,1.7999999999376224,1.799999999939182
1010,1,0,0,-0.16500000386012778,0.894998889353412,3.4463551679221965e-10,3.360196288724141e-10,0.0,0.0,21,0.0,1.7452696042682914e-11,0.0,0.0,0.0,0.0,1.799999999939182,1.7999999999407024
1011,1,0,1,0.0749999963059321,0.9699988856593441,3.360196288724141e-10,3.276191381506038e-10,0.0,0.0,21,0.0,1.7016378641615844e-11,0.0,0.0,0.0,0.0,1.7999999999407024,1.799999999942185
1012,1,0,1,0.0749999963709935,1.0449988820303375,3.2761913815060375e-10,3.194286596968387e-10,0.0,0.0,21,0.0,1.6590969175575445e-11,0.0,0.0,0.0,0.0,1.799999999942185,1.7999999999436302
1013,1,0,1,0.07499999635380285,1.1199988783841404,3.194286596968387e-10,3.1144294320441774e-10,0.0,0.0,21,0.0,1.6176194946186066e-11,0.0,0.0,0.0,0.0,1.7999999999436302,1.7999999999450398
1014,1,0,0,-0.16500000351732588,0.9549988748668145,3.1144294320441774e-10,3.036568696243073e-10,0.0,0.0,21,0.0,1.5771790072531416e-11,0.0,0.0,0.0,0.0,1.7999999999450398,1.7999999999464136
1015,1,0,1,0.07499999653328802,1.0299988714001025,3.036568696243073e-10,2.9606544788369965e-10,0.0,0.0,21,0.0,1.537749532071813e-11,0.0,0.0,0.0,0.0,1.7999999999464136,1.799999999947753
1016,1,0,0,-0.16500000346582486,0.8649988679342776,2.960654478836996e-10,2.8866381168660713e-10,0.0,0.0,21,0.0,1.4993057937700174e-11,0.0,0.0,0.0,0.0,1.799999999947753,1.7999999999490595
1017,1,0,0,-0.1650000033809748,0.6999988645533028,2.8866381168660713e-10,2.8144721639444194e-10,0.0,0.0,21,0.0,1.461823148925767e-11,0.0,0.0,0.0,0.0,1.7999999999490595,1.7999999999503324
1018,1,0,0,-0.16500000339571896,0.5349988611575839,2.8144721639444194e-10,2.7441103598458093e-10,0.0,0.0,21,0.0,1.4252775702026226e-11,0.0,0.0,0.0,0.0,1.7999999999503324,1.7999999999515741
1019,1,0,0,-0.1650000032439678,0.3699988579136161,2.744110359845809e-10,2.675507600849664e-10,0.0,0.0,21,0.0,1.389645630947557e-11,0.0,0.0,0.0,0.0,1.7999999999515741,1.799999999952785
1020,1,0,0,-0.16500000320747,0.2049988547061461,2.675507600849664e-10,2.608619910828422e-10,0.0,0.0,21,0.0,1.3549044901738684e-11,0.0,0.0,0.0,0.0,1.799999999952785,1.7999999999539653
1021,1,2,1,0.00999999686843621,0.21499885157458232,2.608619910828423e-10,2.5434044130577115e-10,0.0,0.0,21,0.0,1.3210318779195216e-11,0.0,0.0,0.0,0.0,1.7999999999539653,1.7999999999551162
1022,1,2,0,-0.2300000031886708,0.0,2.543404413057712e-10,2.479819302731269e-10,0.0,0.0,21,0.0,1.2880060809715336e-11,0.0,0.0,0.0,0.0,1.7999999999551162,1.7999999999562382
1023,1,0,1,0.07499999610120887,4.0,2.4798193027312694e-10,2.417823820162988e-10,0.0,0.0,22,0.0,1.2558059289472454e-11,0.0,0.0,0.0,0.0,1.7999999999562382,1.7999999999573322
1024,1,0,0,-0.16500000387528516,3.834999996124715,2.417823820162988e-10,2.357378224658913e-10,0.0,0.0,23,0.0,1.2244107807235644e-11,0.0,0.0,0.0,0.0,1.7999999999573322,1.799999999958399
1025,1,0,1,0.07499999622207401,3.909999992346789,2.357378224658913e-10,2.29844376904244e-10,0.0,0.0,23,0.0,1.193800511205475e-11,0.0,0.0,0.0,0.0,1.799999999958399,1.7999999999594392
1026,1,0,0,-0.16500000375326268,3.7449999885935266,2.2984437690424399e-10,2.240982674816379e-10,0.0,0.0,23,0.0,1.1639554984253382e-11,0.0,0.0,0.0,0.0,1.7999999999594392,1.7999999999604532
1027,1,0,1,0.07499999639325426,3.8199999849867807,2.240982674816379e-10,2.1849581079459693e-10,0.0,0.0,23,0.0,1.134856610964705e-11,0.0,0.0,0.0,0.0,1.7999999999604532,1.7999999999614418
1028,1,0,0,-0.1650000036152811,3.6549999813714997,2.1849581079459693e-10,2.1303341552473203e-10,0.0,0.0,23,0.0,1.1064851956905872e-11,0.0,0.0,0.0,0.0,1.7999999999614418,1.7999999999624055
1029,1,0,1,0.07499999652038682,3.7299999778918864,2.1303341552473205e-10,2.0770758013661374e-10,0.0,0.0,23,0.0,1.0788230657983224e-11,0.0,0.0,0.0,0.0,1.7999999999624055,1.7999999999633456
1030,1,0,1,0.07499999656010671,3.8049999744519933,2.0770758013661374e-10,2.025148906331984e-10,0.0,0.0,23,0.0,1.0518524891533644e-11,0.0,0.0,0.0,0.0,1.7999999999633456,1.799999999964262
1031,1,0,1,0.07499999650556759,3.8799999709575608,2.0251489063319838e-10,1.9745201836736843e-10,0.0,0.0,23,0.0,1.0255561769245303e-11,0.0,0.0,0.0,0.0,1.799999999964262,1.7999999999651553
1032,1,0,0,-0.16500000351408245,3.7149999674434784,1.9745201836736843e-10,1.9251571790818421e-10,0.0,0.0,23,0.0,9.999172725014171e-12,0.0,0.0,0.0,0.0,1.7999999999651553,1.7999999999660263
1033,1,0,1,0.0749999965907826,3.789999964034261,1.9251571790818421e-10,1.8770282496047962e-10,0.0,0.0,23,0.0,9.749193406888817e-12,0.0,0.0,0.0,0.0,1.7999999999660263,1.7999999999668759
1034,1,0,0,-0.16500000331910736,3.624999960715154,1.877028249604796e-10,1.8301025433646763e-10,0.0,0.0,23,0.0,9.505463571716598e-12,0.0,0.0,0.0,0.0,1.7999999999668759,1.7999999999677043
1035,1,0,0,-0.1650000032387773,3.4599999574763767,1.8301025433646763e-10,1.7843499797805596e-10,0.0,0.0,23,0.0,9.267826982423682e-12,0.0,0.0,0.0,0.0,1.7999999999677043,1.7999999999685117
1036,1,0,0,-0.16500000315984367,3.294999954316533,1.7843499797805596e-10,1.7397412302860456e-10,0.0,0.0,23,0.0,9.03613130786309e-12,0.0,0.0,0.0,0.0,1.7999999999685117,1.7999999999692984
1037,1,0,1,0.07499999691048014,3.369999951227013,1.7397412302860453e-10,1.696247699528894e-10,0.0,0.0,23,0.0,8.810228025166514e-12,0.0,0.0,0.0,0.0,1.7999999999692984,1.799999999970066
1038,1,0,0,-0.1650000031392296,3.2049999480877833,1.6962476995288943e-10,1.653841507040672e-10,0.0,0.0,23,0.0,8.58997232453735e-12,0.0,0.0,0.0,0.0,1.799999999970066,1.7999999999708145
1039,1,2,0,-0.23000000300595377,2.9749999450818296,1.653841507040672e-10,1.6124954693646551e-10,0.0,0.0,23,0.0,8.375223016423916e-12,0.0,0.0,0.0,0.0,1.7999999999708145,1.7999999999715441
1040,1,0,0,-0.16500000294610456,2.809999942135725,1.6124954693646551e-10,1.5721830826305386e-10,0.0,0.0,23,0.0,8.165842441013318e-12,0.0,0.0,0.0,0.0,1.7999999999715441,1.7999999999722556
1041,1,0,1,0.0749999972136463,2.8849999393493713,1.5721830826305388e-10,1.5328785055647754e-10,0.0,0.0,23,0.0,7.961696379987985e-12,0.0,0.0,0.0,0.0,1.7999999999722556,1.799999999972949
1042,1,0,0,-0.16500000292921116,2.71999993642016,1.5328785055647752e-10,1.494556542925656e-10,0.0,0.0,23,0.0,7.762653970488286e-12,0.0,0.0,0.0,0.0,1.799999999972949,1.7999999999736254
1043,1,0,0,-0.16500000279549382,2.5549999336246665,1.494556542925656e-10,1.4571926293525146e-10,0.0,0.0,23,0.0,7.568587621226078e-12,0.0,0.0,0.0,0.0,1.7999999999736254,1.7999999999742848
1044,1,0,1,0.07499999733593488,2.6299999309606013,1.4571926293525144e-10,1.4207628136187017e-10,0.0,0.0,23,0.0,7.379372930695426e-12,0.0,0.0,0.0,0.0,1.7999999999742848,1.7999999999749279
1045,1,0,0,-0.16500000270591142,2.4649999282546897,1.4207628136187017e-10,1.3852437432782342e-10,0.0,0.0,23,0.0,7.194888607428041e-12,0.0,0.0,0.0,0.0,1.7999999999749279,1.7999999999755545
1046,1,0,0,-0.16500000259507872,2.299999925659611,1.3852437432782342e-10,1.3506126496962784e-10,0.0,0.0,23,0.0,7.015016392242341e-12,0.0,0.0,0.0,0.0,1.7999999999755545,1.7999999999761658
1047,1,0,0,-0.1650000025359901,2.1349999231236207,1.3506126496962784e-10,1.3168473334538716e-10,0.0,0.0,23,0.0,6.839640982436281e-12,0.0,0.0,0.0,0.0,1.7999999999761658,1.7999999999767615
1048,1,0,1,0.07499999753382264,2.2099999206574434,1.3168473334538714e-10,1.2839261501175245e-10,0.0,0.0,23,0.0,6.668649957875376e-12,0.0,0.0,0.0,0.0,1.7999999999767615,1.7999999999773424
1049,1,0,0,-0.16500000252502464,2.0449999181324188,1.2839261501175245e-10,1.2518279963645866e-10,0.0,0.0,23,0.0,6.501933708928491e-12,0.0,0.0,0.0,0.0,1.7999999999773424,1.7999999999779088
1050,1,0,1,0.07499999762578746,2.119999915758206,1.2518279963645866e-10,1.2205322964554719e-10,0.0,0.0,23,0.0,6.339385366205278e-12,0.0,0.0,0.0,0.0,1.7999999999779088,1.7999999999784613
1051,1,0,0,-0.16500000239103138,1.9549999133671747,1.2205322964554719e-10,1.1900189890440852e-10,0.0,0.0,23,0.0,6.1809007320501465e-12,0.0,0.0,0.0,0.0,1.7999999999784613,1.7999999999789997
1052,1,0,0,-0.16500000237180912,1.7899999109953657,1.1900189890440852e-10,1.1602685143179829e-10,0.0,0.0,23,0.0,6.0263782137488935e-12,0.0,0.0,0.0,0.0,1.7999999999789997,1.7999999999795246
1053,1,0,0,-0.16500000231562112,1.6249999086797446,1.160268514317983e-10,1.1312618014600334e-10,0.0,0.0,23,0.0,5.87571875840517e-12,0.0,0.0,0.0,0.0,1.7999999999795246,1.7999999999800365
1054,1,0,1,0.07499999776348053,1.6999999064432252,1.1312618014600334e-10,1.1029802564235324e-10,0.0,0.0,23,0.0,5.728825789445041e-12,0.0,0.0,0.0,0.0,1.7999999999800365,1.7999999999805356
1055,1,0,1,0.07499999777803347,1.7749999042212588,1.1029802564235326e-10,1.0754057500129441e-10,0.0,0.0,23,0.0,5.585605144708915e-12,0.0,0.0,0.0,0.0,1.7999999999805356,1.7999999999810221
1056,1,0,1,0.07499999778631151,1.8499999020075704,1.0754057500129442e-10,1.0485206062626207e-10,0.0,0.0,23,0.0,5.445965016091191e-12,0.0,0.0,0.0,0.0,1.7999999999810221,1.7999999999814966
1057,1,1,0,-0.23000000215602553,1.6199998998515448,1.0485206062626205e-10,1.022307591106055e-10,0.0,0.0,23,0.0,5.309815890688912e-12,0.0,0.0,0.0,0.0,1.7999999999814966,1.7999999999819596
1058,1,0,0,-0.16500000212458324,1.4549998977269616,1.0223075911060551e-10,9.967499013284037e-11,0.0,0.0,23,0.0,5.177070493421689e-12,0.0,0.0,0.0,0.0,1.7999999999819596,1.7999999999824103
1059,1,0,1,0.07499999789273748,1.529999895619699,9.967499013284037e-11,9.718311537951936e-11,0.0,0.0,23,0.0,5.047643731086147e-12,0.0,0.0,0.0,0.0,1.7999999999824103,1.79999999998285
1060,1,0,0,-0.16500000209998986,1.3649998935197092,9.718311537951936e-11,9.475353749503138e-11,0.0,0.0,23,0.0,4.921452637808993e-12,0.0,0.0,0.0,0.0,1.79999999998285,1.7999999999832788
1061,1,0,1,0.07499999801648122,1.4399998915361905,9.475353749503137e-11,9.238469905765557e-11,0.0,0.0,23,0.0,4.798416321863768e-12,0.0,0.0,0.0,0.0,1.7999999999832788,1.7999999999836969
1062,1,0,0,-0.1650000020238737,1.2749998895123167,9.238469905765559e-11,9.00750815812142e-11,0.0,0.0,23,0.0,4.678455913817174e-12,0.0,0.0,0.0,0.0,1.7999999999836969,1.7999999999841045
1063,1,0,0,-0.16500000194584244,1.1099998875664743,9.007508158121419e-11,8.782320454168383e-11,0.0,0.0,23,0.0,4.5614945159717444e-12,0.0,0.0,0.0,0.0,1.7999999999841045,1.7999999999845018
1064,1,0,1,0.074999998023209,1.1849998855896833,8.782320454168384e-11,8.562762442814175e-11,0.0,0.0,23,0.0,4.4474571530724506e-12,0.0,0.0,0.0,0.0,1.7999999999845018,1.7999999999848888
1065,1,0,1,0.07499999813089289,1.2599998837205761,8.562762442814174e-11,8.34869338174382e-11,0.0,0.0,23,0.0,4.33627072424564e-12,0.0,0.0,0.0,0.0,1.7999999999848888,1.799999999985267
1066,1,0,0,-0.16500000183435218,1.0949998818862239,8.348693381743819e-11,8.139976047200225e-11,0.0,0.0,23,0.0,4.2278639561394985e-12,0.0,0.0,0.0,0.0,1.799999999985267,1.7999999999856355
1067,1,0,1,0.07499999816657982,1.1699998800528038,8.139976047200224e-11,7.936476646020219e-11,0.0,0.0,23,0.0,4.122167357236011e-12,0.0,0.0,0.0,0.0,1.7999999999856355,1.7999999999859944
1068,1,0,1,0.07499999819516207,1.2449998782479659,7.936476646020219e-11,7.738064729869713e-11,0.0,0.0,23,0.0,4.019113173305111e-12,0.0,0.0,0.0,0.0,1.7999999999859944,1.7999999999863445
1069,1,0,0,-0.16500000183585256,1.0799998764121133,7.738064729869714e-11,7.544613111622971e-11,0.0,0.0,23,0.0,3.918635343972483e-12,0.0,0.0,0.0,0.0,1.7999999999863445,1.7999999999866858
1070,1,0,0,-0.1650000017879942,0.914999874624119,7.544613111622971e-11,7.355997783832396e-11,0.0,0.0,23,0.0,3.820669460373171e-12,0.0,0.0,0.0,0.0,1.7999999999866858,1.7999999999870187
1071,1,0,1,0.0749999983053007,0.9899998729294197,7.355997783832396e-11,7.172097839236587e-11,0.0,0.0,23,0.0,3.725152723863842e-12,0.0,0.0,0.0,0.0,1.7999999999870187,1.7999999999873435
1072,1,0,0,-0.1650000016874627,0.8249998712419571,7.172097839236587e-11,6.992795393255671e-11,0.0,0.0,23,0.0,3.6320239057672453e-12,0.0,0.0,0.0,0.0,1.7999999999873435,1.7999999999876597
1073,1,0,0,-0.16500000168021425,0.6599998695617428,6.992795393255671e-11,6.81797550842428e-11,0.0,0.0,23,0.0,3.5412233081230647e-12,0.0,0.0,0.0,0.0,1.7999999999876597,1.7999999999879683
1074,1,0,0,-0.16500000158617717,0.49499986797556567,6.817975508424281e-11,6.647526120713674e-11,0.0,0.0,23,0.0,3.452692725419988e-12,0.0,0.0,0.0,0.0,1.7999999999879683,1.7999999999882692
1075,1,2,1,0.009999998384133905,0.5049998663596996,6.647526120713674e-11,6.481337967695832e-11,0.0,0.0,23,0.0,3.3663754072844887e-12,0.0,0.0,0.0,0.0,1.7999999999882692,1.7999999999885625
1076,1,0,0,-0.1650000015639733,0.3399998647957263,6.481337967695832e-11,6.319304518503437e-11,0.0,0.0,23,0.0,3.2822160221023765e-12,0.0,0.0,0.0,0.0,1.7999999999885625,1.799999999988848
1077,1,0,1,0.07499999844994402,0.41499986324567034,6.319304518503437e-11,6.161321905540851e-11,0.0,0.0,23,0.0,3.2001606215498175e-12,0.0,0.0,0.0,0.0,1.799999999988848,1.7999999999891272
1078,1,0,1,0.07499999849046055,0.48999986173613086,6.161321905540851e-11,6.007288857902329e-11,0.0,0.0,23,0.0,3.1201566060110718e-12,0.0,0.0,0.0,0.0,1.7999999999891272,1.799999999989399
1079,1,0,0,-0.1650000014995536,0.32499986023657723,6.007288857902329e-11,5.857106636454772e-11,0.0,0.0,23,0.0,3.042152690860796e-12,0.0,0.0,0.0,0.0,1.799999999989399,1.7999999999896636
1080,1,1,0,-0.2300000014974624,0.09499985873911485,5.857106636454772e-11,5.7106789705434016e-11,0.0,0.0,23,0.0,2.9660988735892756e-12,0.0,0.0,0.0,0.0,1.7999999999896636,1.799999999989922
1081,1,2,0,-0.23000000151432604,0.0,5.7106789705434016e-11,5.567911996279817e-11,0.0,0.0,23,0.0,2.8919464017495435e-12,0.0,0.0,0.0,0.0,1.799999999989922,1.7999999999901743
1082,1,0,1,0.07499999815523242,4.0,5.5679119962798177e-11,5.428714196372821e-11,0.0,0.0,24,0.0,2.819647741705805e-12,0.0,0.0,0.0,0.0,1.7999999999901743,1.79999999999042
1083,1,2,1,0.009999998211500976,4.0,5.428714196372822e-11,5.292996341463501e-11,0.0,0.0,24,0.0,2.74915654816316e-12,0.0,0.0,0.0,0.0,1.79999999999042,1.7999999999906595
1084,1,0,0,-0.16500000180887023,3.8349999981911296,5.292996341463501e-11,5.1606714329269136e-11,0.0,0.0,24,0.0,2.680427634459081e-12,0.0,0.0,0.0,0.0,1.7999999999906595,1.7999999999908929
1085,1,0,0,-0.16500000178410257,3.669999996407027,5.1606714329269136e-11,5.031654647103741e-11,0.0,0.0,24,0.0,2.6134169435976037e-12,0.0,0.0,0.0,0.0,1.7999999999908929,1.7999999999911207
1086,1,1,0,-0.23000000172944837,3.4399999946775783,5.031654647103741e-11,4.905863280926148e-11,0.0,0.0,24,0.0,2.548081520007664e-12,0.0,0.0,0.0,0.0,1.7999999999911207,1.7999999999913423
1087,1,0,1,0.07499999833373748,3.514999993011316,4.905863280926148e-11,4.783216698902994e-11,0.0,0.0,24,0.0,2.4843794820074723e-12,0.0,0.0,0.0,0.0,1.7999999999913423,1.799999999991559
1088,1,2,0,-0.23000000167763215,3.2849999913336836,4.7832166989029945e-11,4.663636281430419e-11,0.0,0.0,24,0.0,2.4222699949572856e-12,0.0,0.0,0.0,0.0,1.799999999991559,1.7999999999917697
1089,1,0,0,-0.16500000164103684,3.119999989692647,4.6636362814304196e-11,4.547045374394659e-11,0.0,0.0,24,0.0,2.3617132450833534e-12,0.0,0.0,0.0,0.0,1.7999999999917697,1.7999999999919758
1090,1,0,1,0.07499999841184975,3.1949999881044966,4.5470453743946587e-11,4.433369240034792e-11,0.0,0.0,24,0.0,2.30267041395627e-12,0.0,0.0,0.0,0.0,1.7999999999919758,1.799999999992176
1091,1,0,1,0.07499999842681587,3.2699999865313125,4.433369240034793e-11,4.3225350090339225e-11,0.0,0.0,24,0.0,2.245103653607363e-12,0.0,0.0,0.0,0.0,1.799999999992176,1.799999999992372
1092,1,0,0,-0.16500000153075994,3.1049999850005525,4.3225350090339225e-11,4.214471633808075e-11,0.0,0.0,24,0.0,2.1889760622671785e-12,0.0,0.0,0.0,0.0,1.799999999992372,1.7999999999925624
1093,1,1,1,0.009999998503344992,3.1149999835038975,4.214471633808075e-11,4.109109842962873e-11,0.0,0.0,24,0.0,2.1342516607104996e-12,0.0,0.0,0.0,0.0,1.7999999999925624,1.7999999999927485
1094,1,0,0,-0.16500000148792449,2.949999982015973,4.109109842962873e-11,4.006382096888801e-11,0.0,0.0,24,0.0,2.0808953691927372e-12,0.0,0.0,0.0,0.0,1.7999999999927485,1.79999999999293
1095,1,0,0,-0.1650000014654762,2.784999980550497,4.006382096888801e-11,3.9062225444665805e-11,0.0,0.0,24,0.0,2.0288729849629184e-12,0.0,0.0,0.0,0.0,1.79999999999293,1.7999999999931062
1096,1,0,0,-0.16500000143076765,2.6199999791197293,3.906222544466581e-11,3.8085669808549166e-11,0.0,0.0,24,0.0,1.9781511603388455e-12,0.0,0.0,0.0,0.0,1.7999999999931062,1.799999999993279
1097,1,0,0,-0.1650000013843137,2.4549999777354157,3.8085669808549166e-11,3.7133528063335436e-11,0.0,0.0,24,0.0,1.9286973813303746e-12,0.0,0.0,0.0,0.0,1.799999999993279,1.7999999999934468
1098,1,0,0,-0.16500000134984605,2.2899999763855696,3.713352806333544e-11,3.620518986175205e-11,0.0,0.0,24,0.0,1.880479946797115e-12,0.0,0.0,0.0,0.0,1.7999999999934468,1.7999999999936107
1099,1,0,0,-0.16500000131539963,2.12499997507017,3.620518986175205e-11,3.530006011520825e-11,0.0,0.0,24,0.0,1.8334679481271875e-12,0.0,0.0,0.0,0.0,1.7999999999936107,1.7999999999937706
1100,1,0,1,0.07499999871292422,2.199999973783094,3.5300060115208255e-11,3.441755861232804e-11,0.0,0.0,24,0.0,1.7876312494240077e-12,0.0,0.0,0.0,0.0,1.7999999999937706,1.7999999999939262
1101,1,0,0,-0.16500000128868564,2.0349999724944086,3.441755861232805e-11,3.3557119647019844e-11,0.0,0.0,24,0.0,1.7429404681884075e-12,0.0,0.0,0.0,0.0,1.7999999999939262,1.7999999999940781
1102,1,0,0,-0.16500000128162629,1.8699999712127822,3.355711964701985e-11,3.271819165584435e-11,0.0,0.0,24,0.0,1.6993669564836974e-12,0.0,0.0,0.0,0.0,1.7999999999940781,1.7999999999942262
1103,1,0,0,-0.1650000012153768,1.7049999699974054,3.271819165584435e-11,3.190023686444824e-11,0.0,0.0,24,0.0,1.6568827825716049e-12,0.0,0.0,0.0,0.0,1.7999999999942262,1.7999999999943703
1104,1,0,1,0.0749999988179194,1.7799999688153247,3.190023686444824e-11,3.110273094283704e-11,0.0,0.0,24,0.0,1.6154607130073148e-12,0.0,0.0,0.0,0.0,1.7999999999943703,1.7999999999945113
1105,1,0,0,-0.16500000118713773,1.614999967628187,3.110273094283704e-11,3.0325162669266114e-11,0.0,0.0,24,0.0,1.5750741951821322e-12,0.0,0.0,0.0,0.0,1.7999999999945113,1.7999999999946485
1106,1,0,0,-0.16500000114786761,1.4499999664803194,3.0325162669266114e-11,2.9567033602534457e-11,0.0,0.0,24,0.0,1.5356973403025789e-12,0.0,0.0,0.0,0.0,1.7999999999946485,1.799999999994782
1107,1,0,0,-0.16500000113546473,1.2849999653448547,2.956703360253446e-11,2.8827857762471097e-11,0.0,0.0,24,0.0,1.4973049067950146e-12,0.0,0.0,0.0,0.0,1.799999999994782,1.7999999999949126
1108,1,0,0,-0.16500000111693114,1.1199999642279237,2.88278577624711e-11,2.810716131840932e-11,0.0,0.0,24,0.0,1.459872284125139e-12,0.0,0.0,0.0,0.0,1.7999999999949126,1.79999999999504
1109,1,0,0,-0.1650000010638694,0.9549999631640543,2.810716131840932e-11,2.7404482285449088e-11,0.0,0.0,24,0.0,1.4233754770220104e-12,0.0,0.0,0.0,0.0,1.79999999999504,1.799999999995164
1110,1,0,1,0.07499999897084236,1.0299999621348968,2.7404482285449085e-11,2.6719370228312858e-11,0.0,0.0,24,0.0,1.3877910900964603e-12,0.0,0.0,0.0,0.0,1.799999999995164,1.799999999995285
1111,1,0,0,-0.16500000103548756,0.8649999610994092,2.671937022831286e-11,2.6051385972605037e-11,0.0,0.0,24,0.0,1.3530963128440486e-12,0.0,0.0,0.0,0.0,1.799999999995285,1.7999999999954026
1112,1,0,1,0.07499999899330209,0.9399999600927114,2.6051385972605037e-11,2.540010132328991e-11,0.0,0.0,24,0.0,1.3192689050229475e-12,0.0,0.0,0.0,0.0,1.7999999999954026,1.7999999999955174
1113,1,0,0,-0.1650000010164375,0.7749999590762738,2.5400101323289914e-11,2.476509879020766e-11,0.0,0.0,24,0.0,1.2862871823973738e-12,0.0,0.0,0.0,0.0,1.7999999999955174,1.7999999999956295
1114,1,0,0,-0.16500000100072024,0.6099999580755536,2.476509879020766e-11,2.414597132045247e-11,0.0,0.0,24,0.0,1.2541300028374396e-12,0.0,0.0,0.0,0.0,1.7999999999956295,1.7999999999957388
1115,1,0,1,0.07499999903701696,0.6849999571125706,2.414597132045247e-11,2.3542322037441157e-11,0.0,0.0,24,0.0,1.2227767527665034e-12,0.0,0.0,0.0,0.0,1.7999999999957388,1.7999999999958451
1116,1,0,1,0.07499999904253254,0.7599999561551031,2.354232203744116e-11,2.2953763986505127e-11,0.0,0.0,24,0.0,1.1922073339473408e-12,0.0,0.0,0.0,0.0,1.7999999999958451,1.799999999995949
1117,1,0,1,0.07499999904725087,0.8349999552023539,2.2953763986505127e-11,2.2379919886842503e-11,0.0,0.0,24,0.0,1.162402150598657e-12,0.0,0.0,0.0,0.0,1.799999999995949,1.7999999999960503
1118,1,1,1,0.009999999044610993,0.844999954246965,2.23799198868425e-11,2.1820421889671438e-11,0.0,0.0,24,0.0,1.1333420968336908e-12,0.0,0.0,0.0,0.0,1.7999999999960503,1.7999999999961491
1119,1,1,0,-0.23000000093427667,0.6149999533126883,2.182042188967144e-11,2.1274911342429654e-11,0.0,0.0,24,0.0,1.1050085444128485e-12,0.0,0.0,0.0,0.0,1.7999999999961491,1.7999999999962457
1120,1,0,0,-0.16500000091516662,0.44999995239752166,2.1274911342429654e-11,2.0743038558868913e-11,0.0,0.0,24,0.0,1.0773833308025275e-12,0.0,0.0,0.0,0.0,1.7999999999962457,1.7999999999963394
1121,1,2,0,-0.2300000009042204,0.21999995149330126,2.0743038558868913e-11,2.022446259489719e-11,0.0,0.0,24,0.0,1.0504487475324642e-12,0.0,0.0,0.0,0.0,1.7999999999963394,1.799999999996431
1122,1,2,1,0.009999999118068814,0.22999995061137007,2.022446259489719e-11,1.971885103002476e-11,0.0,0.0,24,0.0,1.0241875288441528e-12,0.0,0.0,0.0,0.0,1.799999999996431,1.7999999999965202
1123,1,2,0,-0.23000000087510758,0.0,1.9718851030024763e-11,1.922587975427414e-11,0.0,0.0,24,0.0,9.985828406230489e-13,0.0,0.0,0.0,0.0,1.7999999999965202,1.799999999996607
1124,1,0,1,0.0749999989134412,4.0,1.922587975427414e-11,1.874523276041729e-11,0.0,0.0,25,0.0,9.736182696074727e-13,0.0,0.0,0.0,0.0,1.799999999996607,1.799999999996692
1125,1,0,1,0.07499999893777573,4.0,1.8745232760417286e-11,1.8276601941406855e-11,0.0,0.0,25,0.0,9.492778128672857e-13,0.0,0.0,0.0,0.0,1.799999999996692,1.7999999999967746
1126,1,0,1,0.07499999891620758,4.0,1.827660194140686e-11,1.7819686892871687e-11,0.0,0.0,25,0.0,9.255458675456037e-13,0.0,0.0,0.0,0.0,1.7999999999967746,1.7999999999968552
1127,1,0,0,-0.16500000104627746,3.8349999989537227,1.7819686892871687e-11,1.7374194720549895e-11,0.0,0.0,25,0.0,9.024072208569636e-13,0.0,0.0,0.0,0.0,1.7999999999968552,1.7999999999969343
1128,1,0,0,-0.16500000102425355,3.669999997929469,1.7374194720549895e-11,1.6939839852536147e-11,0.0,0.0,25,0.0,8.798470403355395e-13,0.0,0.0,0.0,0.0,1.7999999999969343,1.7999999999970107
1129,1,0,1,0.07499999900667915,3.7449999969361483,1.693983985253615e-11,1.6516343856222743e-11,0.0,0.0,25,0.0,8.578508643271512e-13,0.0,0.0,0.0,0.0,1.7999999999970107,1.7999999999970853
1130,1,0,1,0.07499999901973486,3.8199999959558832,1.6516343856222743e-11,1.6103435259817172e-11,0.0,0.0,25,0.0,8.364045927189724e-13,0.0,0.0,0.0,0.0,1.7999999999970853,1.7999999999971583
1131,1,0,0,-0.16500000101037884,3.6549999949455043,1.6103435259817172e-11,1.5700849378321745e-11,0.0,0.0,25,0.0,8.154944779009981e-13,0.0,0.0,0.0,0.0,1.7999999999971583,1.7999999999972291
1132,1,0,0,-0.16500000095990197,3.4899999939856023,1.5700849378321745e-11,1.5308328143863702e-11,0.0,0.0,25,0.0,7.951071159534731e-13,0.0,0.0,0.0,0.0,1.7999999999972291,1.7999999999972984
1133,1,0,1,0.07499999906335282,3.5649999930489553,1.5308328143863702e-11,1.492561994026711e-11,0.0,0.0,25,0.0,7.752294380546363e-13,0.0,0.0,0.0,0.0,1.7999999999972984,1.7999999999973662
1134,1,0,0,-0.16500000093234435,3.399999992116611,1.492561994026711e-11,1.4552479441760434e-11,0.0,0.0,25,0.0,7.558487021032704e-13,0.0,0.0,0.0,0.0,1.7999999999973662,1.7999999999974319
1135,1,0,1,0.07499999907953615,3.474999991196147,1.4552479441760434e-11,1.4188667455716422e-11,0.0,0.0,25,0.0,7.369524845506886e-13,0.0,0.0,0.0,0.0,1.7999999999974319,1.7999999999974958
1136,1,0,0,-0.16500000093242698,3.30999999026372,1.418866745571642e-11,1.3833950769323511e-11,0.0,0.0,25,0.0,7.185286724369213e-13,0.0,0.0,0.0,0.0,1.7999999999974958,1.7999999999975584
1137,1,2,1,0.009999999135111936,3.319999989398832,1.3833950769323511e-11,1.3488102000090423e-11,0.0,0.0,25,0.0,7.005654556259984e-13,0.0,0.0,0.0,0.0,1.7999999999975584,1.7999999999976197
1138,1,0,0,-0.16500000085483255,3.154999988543999,1.3488102000090423e-11,1.3150899450088161e-11,0.0,0.0,25,0.0,6.830513192353483e-13,0.0,0.0,0.0,0.0,1.7999999999976197,1.7999999999976792
1139,1,0,1,0.07499999914740246,3.229999987691402,1.3150899450088161e-11,1.2822126963835958e-11,0.0,0.0,25,0.0,6.659750362544646e-13,0.0,0.0,0.0,0.0,1.7999999999976792,1.799999999997737
1140,1,0,1,0.07499999916623107,3.304999986857633,1.2822126963835958e-11,1.2501573789740057e-11,0.0,0.0,25,0.0,6.493256603481029e-13,0.0,0.0,0.0,0.0,1.799999999997737,1.7999999999977938
1141,1,0,0,-0.1650000008360073,3.1399999860216257,1.2501573789740057e-11,1.2189034444996556e-11,0.0,0.0,25,0.0,6.330925188394004e-13,0.0,0.0,0.0,0.0,1.7999999999977938,1.7999999999978489
1142,1,0,0,-0.16500000082262778,2.974999985198998,1.2189034444996558e-11,1.1884308583871643e-11,0.0,0.0,25,0.0,6.172652058684154e-13,0.0,0.0,0.0,0.0,1.7999999999978489,1.7999999999979024
1143,1,0,1,0.07499999921447255,3.0499999844134704,1.1884308583871643e-11,1.1587200869274851e-11,0.0,0.0,25,0.0,6.018335757217051e-13,0.0,0.0,0.0,0.0,1.7999999999979024,1.7999999999979552
1144,1,0,0,-0.16500000078910282,2.8849999836243674,1.158720086927485e-11,1.129752084754298e-11,0.0,0.0,25,0.0,5.867877363286624e-13,0.0,0.0,0.0,0.0,1.7999999999979552,1.799999999998006
1145,1,1,0,-0.23000000076640617,2.6549999828579613,1.129752084754298e-11,1.1015082826354407e-11,0.0,0.0,25,0.0,5.721180429204459e-13,0.0,0.0,0.0,0.0,1.799999999998006,1.7999999999980563
1146,1,0,0,-0.16500000076335222,2.4899999820946093,1.1015082826354405e-11,1.0739705755695545e-11,0.0,0.0,25,0.0,5.578150918474347e-13,0.0,0.0,0.0,0.0,1.7999999999980563,1.7999999999981047
1147,1,0,0,-0.16500000074915167,2.3249999813454574,1.0739705755695545e-11,1.0471213111803158e-11,0.0,0.0,25,0.0,5.438697145512488e-13,0.0,0.0,0.0,0.0,1.7999999999981047,1.7999999999981522
1148,1,0,1,0.07499999929042914,2.3999999806358865,1.0471213111803158e-11,1.020943278400808e-11,0.0,0.0,25,0.0,5.302729716874676e-13,0.0,0.0,0.0,0.0,1.7999999999981522,1.7999999999981982
1149,1,0,1,0.07499999928134776,2.4749999799172344,1.0209432784008078e-11,9.954196964407877e-12,0.0,0.0,25,0.0,5.170161473952809e-13,0.0,0.0,0.0,0.0,1.7999999999981982,1.7999999999982432
1150,1,0,1,0.0749999992871341,2.5499999792043684,9.954196964407877e-12,9.705342040297681e-12,0.0,0.0,25,0.0,5.040907437103989e-13,0.0,0.0,0.0,0.0,1.7999999999982432,1.7999999999982872
1151,1,0,1,0.0749999993111876,2.624999978515556,9.705342040297681e-12,9.462708489290239e-12,0.0,0.0,25,0.0,4.91488475117639e-13,0.0,0.0,0.0,0.0,1.7999999999982872,1.7999999999983298
1152,1,0,1,0.07499999923447989,4.0,9.462708489290237e-12,9.226140777057981e-12,0.0,0.0,26,0.0,4.79201263239698e-13,0.0,0.0,0.0,0.0,1.7999999999983298,1.799999999998372
1153,1,0,0,-0.1650000007587972,3.834999999241203,9.226140777057983e-12,8.995487257631532e-12,0.0,0.0,26,0.0,4.672212316587055e-13,0.0,0.0,0.0,0.0,1.799999999998372,1.7999999999984124
1154,1,0,1,0.0749999992748454,3.9099999985160485,8.995487257631532e-12,8.770600076190743e-12,0.0,0.0,26,0.0,4.555407008672378e-13,0.0,0.0,0.0,0.0,1.7999999999984124,1.7999999999984522
1155,1,0,1,0.07499999926316654,3.984999997779215,8.770600076190745e-12,8.551335074285977e-12,0.0,0.0,26,0.0,4.4415218334555695e-13,0.0,0.0,0.0,0.0,1.7999999999984522,1.7999999999984908
1156,1,0,0,-0.16500000072033594,3.819999997058879,8.551335074285977e-12,8.337551697428828e-12,0.0,0.0,26,0.0,4.33048378761918e-13,0.0,0.0,0.0,0.0,1.7999999999984908,1.7999999999985283
1157,1,0,0,-0.16500000069598997,3.654999996362889,8.337551697428826e-12,8.129112904993105e-12,0.0,0.0,26,0.0,4.222221692928701e-13,0.0,0.0,0.0,0.0,1.7999999999985283,1.7999999999985654
1158,1,0,1,0.07499999931225225,3.7299999956751413,8.129112904993105e-12,7.925885082368278e-12,0.0,0.0,26,0.0,4.1166661506054836e-13,0.0,0.0,0.0,0.0,1.7999999999985654,1.7999999999986014
1159,1,0,0,-0.16500000068837825,3.564999994986763,7.925885082368277e-12,7.727737955309071e-12,0.0,0.0,26,0.0,4.0137494968403464e-13,0.0,0.0,0.0,0.0,1.7999999999986014,1.7999999999986362
1160,1,1,0,-0.23000000066984877,3.3349999943169144,7.727737955309071e-12,7.534544506426345e-12,0.0,0.0,26,0.0,3.9134057594193375e-13,0.0,0.0,0.0,0.0,1.7999999999986362,1.7999999999986704
1161,1,0,0,-0.165000000655059,3.1699999936618553,7.534544506426344e-12,7.346180893765687e-12,0.0,0.0,26,0.0,3.815570615433854e-13,0.0,0.0,0.0,0.0,1.7999999999986704,1.7999999999987037
1162,1,1,1,0.009999999359617137,3.179999993021472,7.346180893765687e-12,7.162526371421544e-12,0.0,0.0,26,0.0,3.720181350048008e-13,0.0,0.0,0.0,0.0,1.7999999999987037,1.799999999998736
1163,1,0,0,-0.16500000062077952,3.0149999924006927,7.162526371421544e-12,6.983463212136005e-12,0.0,0.0,26,0.0,3.627176816296807e-13,0.0,0.0,0.0,0.0,1.799999999998736,1.7999999999987677
1164,1,0,1,0.07499999938176714,3.08999999178246,6.983463212136005e-12,6.808876631832604e-12,0.0,0.0,26,0.0,3.536497395889387e-13,0.0,0.0,0.0,0.0,1.7999999999987677,1.7999999999987983
1165,1,0,0,-0.16500000061445425,2.9249999911680056,6.808876631832604e-12,6.63865471603679e-12,0.0,0.0,26,0.0,3.4480849609921527e-13,0.0,0.0,0.0,0.0,1.7999999999987983,1.7999999999988288
1166,1,0,0,-0.1650000005932081,2.7599999905747974,6.63865471603679e-12,6.47268834813587e-12,0.0,0.0,26,0.0,3.3618828369673484e-13,0.0,0.0,0.0,0.0,1.7999999999988288,1.799999999998858
1167,1,0,1,0.07499999942749713,2.8349999900022946,6.47268834813587e-12,6.310871139432473e-12,0.0,0.0,26,0.0,3.2778357660431653e-13,0.0,0.0,0.0,0.0,1.799999999998858,1.7999999999988863
1168,1,1,1,0.009999999418734353,2.844999989421029,6.310871139432474e-12,6.153099360946661e-12,0.0,0.0,26,0.0,3.195889871892086e-13,0.0,0.0,0.0,0.0,1.7999999999988863,1.7999999999989142
1169,1,0,0,-0.16500000056476674,2.6799999888562622,6.153099360946661e-12,5.9992718769229954e-12,0.0,0.0,26,0.0,3.115992625094784e-13,0.0,0.0,0.0,0.0,1.7999999999989142,1.7999999999989411
1170,1,0,1,0.0749999994464735,2.754999988302736,5.999271876922995e-12,5.84929007999992e-12,0.0,0.0,26,0.0,3.0380928094674146e-13,0.0,0.0,0.0,0.0,1.7999999999989411,1.7999999999989678
1171,1,0,0,-0.16500000056276107,2.589999987739975,5.84929007999992e-12,5.703057827999923e-12,0.0,0.0,26,0.0,2.9621404892307286e-13,0.0,0.0,0.0,0.0,1.7999999999989678,1.7999999999989933
1172,1,0,0,-0.1650000005439331,2.424999987196042,5.703057827999922e-12,5.560481382299924e-12,0.0,0.0,26,0.0,2.8880869769999605e-13,0.0,0.0,0.0,0.0,1.7999999999989933,1.7999999999990186
1173,1,0,0,-0.1650000005346486,2.259999986661393,5.560481382299924e-12,5.421469347742426e-12,0.0,0.0,26,0.0,2.815884802574962e-13,0.0,0.0,0.0,0.0,1.7999999999990186,1.7999999999990435
1174,1,0,1,0.07499999949159197,2.334999986152985,5.421469347742427e-12,5.285932614048866e-12,0.0,0.0,26,0.0,2.745487682510588e-13,0.0,0.0,0.0,0.0,1.7999999999990435,1.7999999999990668
1175,1,0,1,0.07499999948588791,2.4099999856388727,5.285932614048866e-12,5.1537842986976445e-12,0.0,0.0,26,0.0,2.6768504904478235e-13,0.0,0.0,0.0,0.0,1.7999999999990668,1.7999999999990903
1176,1,0,0,-0.16500000050032912,2.2449999851385436,5.1537842986976445e-12,5.024939691230203e-12,0.0,0.0,26,0.0,2.609929228186628e-13,0.0,0.0,0.0,0.0,1.7999999999990903,1.7999999999991132
1177,1,0,0,-0.1650000004904237,2.07999998464812,5.024939691230203e-12,4.899316198949448e-12,0.0,0.0,26,0.0,2.544680997481962e-13,0.0,0.0,0.0,0.0,1.7999999999991132,1.7999999999991354
1178,1,0,1,0.07499999951319819,2.154999984161318,4.899316198949448e-12,4.776833293975712e-12,0.0,0.0,26,0.0,2.481063972544913e-13,0.0,0.0,0.0,0.0,1.7999999999991354,1.799999999999157
1179,1,2,1,0.009999999518743473,2.1649999836800613,4.776833293975712e-12,4.657412461626319e-12,0.0,0.0,26,0.0,2.41903737323129e-13,0.0,0.0,0.0,0.0,1.799999999999157,1.799999999999178
1180,1,0,1,0.07499999953776641,2.2399999832178277,4.657412461626319e-12,4.5409771500856615e-12,0.0,0.0,26,0.0,2.3585614389005077e-13,0.0,0.0,0.0,0.0,1.799999999999178,1.7999999999991985
1181,1,0,1,0.07499999953905484,2.3149999827568823,4.540977150085661e-12,4.42745272133352e-12,0.0,0.0,26,0.0,2.299597402927995e-13,0.0,0.0,0.0,0.0,1.7999999999991985,1.7999999999992184
1182,1,0,0,-0.16500000045979998,2.1499999822970826,4.4274527213335196e-12,4.316766403300182e-12,0.0,0.0,26,0.0,2.2421074678547952e-13,0.0,0.0,0.0,0.0,1.7999999999992184,1.7999999999992382
1183,1,0,0,-0.16500000045469967,1.984999981842383,4.316766403300182e-12,4.208847243217677e-12,0.0,0.0,26,0.0,2.1860547811584255e-13,0.0,0.0,0.0,0.0,1.7999999999992382,1.799999999999257
1184,1,0,1,0.07499999954959219,2.059999981391975,4.208847243217677e-12,4.103626062137236e-12,0.0,0.0,26,0.0,2.1314034116294647e-13,0.0,0.0,0.0,0.0,1.799999999999257,1.7999999999992757
1185,1,0,0,-0.16500000043037932,1.8949999809615958,4.1036260621372366e-12,4.001035410583806e-12,0.0,0.0,26,0.0,2.0781183263387286e-13,0.0,0.0,0.0,0.0,1.7999999999992757,1.799999999999294
1186,1,0,1,0.07499999957352933,1.9699999805351252,4.001035410583806e-12,3.9010095253192104e-12,0.0,0.0,26,0.0,2.0261653681802606e-13,0.0,0.0,0.0,0.0,1.799999999999294,1.7999999999993115
1187,1,0,1,0.07499999957583907,2.044999980110964,3.9010095253192104e-12,3.80348428718623e-12,0.0,0.0,26,0.0,1.9755112339757538e-13,0.0,0.0,0.0,0.0,1.7999999999993115,1.7999999999993288
1188,1,0,1,0.07499999957735715,2.1199999796883215,3.80348428718623e-12,3.7083971800065735e-12,0.0,0.0,26,0.0,1.92612345312636e-13,0.0,0.0,0.0,0.0,1.7999999999993288,1.7999999999993457
1189,1,0,0,-0.16500000042038412,1.9549999792679373,3.708397180006574e-12,3.615687250506409e-12,0.0,0.0,26,0.0,1.877970366798201e-13,0.0,0.0,0.0,0.0,1.7999999999993457,1.7999999999993619
1190,1,0,0,-0.1650000004109314,1.789999978857006,3.6156872505064094e-12,3.525295069243749e-12,0.0,0.0,26,0.0,1.831021107628246e-13,0.0,0.0,0.0,0.0,1.7999999999993619,1.7999999999993779
1191,1,1,1,0.009999999607333207,1.7999999784643392,3.5252950692437494e-12,3.4371626925126553e-12,0.0,0.0,26,0.0,1.7852455799375397e-13,0.0,0.0,0.0,0.0,1.7999999999993779,1.7999999999993936
1192,1,0,1,0.074999999599282,1.8749999780636213,3.4371626925126553e-12,3.351233625199839e-12,0.0,0.0,26,0.0,1.7406144404391013e-13,0.0,0.0,0.0,0.0,1.7999999999993936,1.7999999999994085
1193,1,0,0,-0.16500000039502327,1.709999977668598,3.351233625199839e-12,3.2674527845698433e-12,0.0,0.0,26,0.0,1.697099079428124e-13,0.0,0.0,0.0,0.0,1.7999999999994085,1.7999999999994234
1194,1,0,1,0.07499999962136494,1.7849999772899627,3.2674527845698433e-12,3.185766464955597e-12,0.0,0.0,26,0.0,1.6546716024424205e-13,0.0,0.0,0.0,0.0,1.7999999999994234,1.7999999999994378
1195,1,0,1,0.07499999961549002,1.8599999769054527,3.185766464955597e-12,3.1061223033317072e-12,0.0,0.0,26,0.0,1.6133048123813602e-13,0.0,0.0,0.0,0.0,1.7999999999994378,1.7999999999994516
1196,1,0,0,-0.16500000037301765,1.694999976532435,3.1061223033317072e-12,3.0284692457484147e-12,0.0,0.0,26,0.0,1.5729721920718264e-13,0.0,0.0,0.0,0.0,1.7999999999994516,1.7999999999994656
1197,1,0,1,0.07499999963341537,1.7699999761658505,3.0284692457484147e-12,2.952757514604704e-12,0.0,0.0,26,0.0,1.5336478872700306e-13,0.0,0.0,0.0,0.0,1.7999999999994656,1.7999999999994791
1198,1,1,1,0.009999999627675941,1.7799999757935263,2.9527575146047043e-12,2.8789385767395865e-12,0.0,0.0,26,0.0,1.4953066900882797e-13,0.0,0.0,0.0,0.0,1.7999999999994791,1.7999999999994922
1199,1,2,0,-0.23000000036308324,1.549999975430443,2.8789385767395865e-12,2.8069651123210965e-12,0.0,0.0,26,0.0,1.4579240228360727e-13,0.0,0.0,0.0,0.0,1.7999999999994922,1.7999999999995047
1200,1,0,0,-0.16500000035626075,1.3849999750741822,2.806965112321097e-12,2.736790984513069e-12,0.0,0.0,26,0.0,1.421475922265171e-13,0.0,0.0,0.0,0.0,1.7999999999995047,1.7999999999995169
1201,1,0,1,0.07499999965457063,1.4599999747287529,2.7367909845130692e-12,2.6683712099002426e-12,0.0,0.0,26,0.0,1.3859390242085415e-13,0.0,0.0,0.0,0.0,1.7999999999995169,1.7999999999995289
1202,1,0,0,-0.1650000003352687,1.2949999743934841,2.668371209900242e-12,2.6016619296527366e-12,0.0,0.0,26,0.0,1.3512905486033282e-13,0.0,0.0,0.0,0.0,1.7999999999995289,1.7999999999995409
1203,1,0,1,0.0749999996676287,1.3699999740611128,2.601661929652736e-12,2.536620381411418e-12,0.0,0.0,26,0.0,1.3175082848882448e-13,0.0,0.0,0.0,0.0,1.7999999999995409,1.7999999999995524
1204,1,0,0,-0.16500000032646403,1.2049999737346488,2.536620381411418e-12,2.4732048718761322e-12,0.0,0.0,26,0.0,1.2845705777660386e-13,0.0,0.0,0.0,0.0,1.7999999999995524,1.7999999999995635
1205,1,0,1,0.0749999996836086,1.2799999734182574,2.4732048718761326e-12,2.411374750079229e-12,0.0,0.0,26,0.0,1.2524563133218875e-13,0.0,0.0,0.0,0.0,1.7999999999995635,1.7999999999995742
1206,1,0,1,0.07499999968298168,1.3549999731012392,2.4113747500792288e-12,2.3510903813272487e-12,0.0,0.0,26,0.0,1.2211449054888402e-13,0.0,0.0,0.0,0.0,1.7999999999995742,1.7999999999995848
1207,1,0,1,0.07499999968506636,1.4299999727863055,2.3510903813272483e-12,2.292313121794067e-12,0.0,0.0,26,0.0,1.1906162828516194e-13,0.0,0.0,0.0,0.0,1.7999999999995848,1.7999999999995953
1208,1,0,0,-0.1650000003108016,1.2649999724755039,2.2923131217940674e-12,2.2350052937492157e-12,0.0,0.0,26,0.0,1.1608508757803286e-13,0.0,0.0,0.0,0.0,1.7999999999995953,1.7999999999996057
1209,1,0,0,-0.16500000030359835,1.0999999721719056,2.2350052937492153e-12,2.179130161405485e-12,0.0,0.0,26,0.0,1.1318296038858208e-13,0.0,0.0,0.0,0.0,1.7999999999996057,1.7999999999996152
1210,1,0,0,-0.16500000030362397,0.9349999718682817,2.179130161405485e-12,2.1246519073703474e-12,0.0,0.0,26,0.0,1.1035338637886751e-13,0.0,0.0,0.0,0.0,1.7999999999996152,1.7999999999996248
1211,1,0,1,0.07499999970506913,1.0099999715733508,2.1246519073703474e-12,2.0715356096860892e-12,0.0,0.0,26,0.0,1.0759455171939583e-13,0.0,0.0,0.0,0.0,1.7999999999996248,1.7999999999996341
1212,1,0,0,-0.16500000029258166,0.8449999712807691,2.0715356096860892e-12,2.019747219443937e-12,0.0,0.0,26,0.0,1.0490468792641093e-13,0.0,0.0,0.0,0.0,1.7999999999996341,1.7999999999996434
1213,1,0,1,0.07499999970717408,0.9199999709879432,2.019747219443937e-12,1.9692535389578387e-12,0.0,0.0,26,0.0,1.0228207072825065e-13,0.0,0.0,0.0,0.0,1.7999999999996434,1.7999999999996525
1214,1,0,1,0.07499999971485483,0.994999970702798,1.9692535389578387e-12,1.9200222004838924e-12,0.0,0.0,26,0.0,9.97250189600444e-14,0.0,0.0,0.0,0.0,1.7999999999996525,1.799999999999661
1215,1,0,0,-0.16500000027956152,0.8299999704232365,1.9200222004838924e-12,1.872021645471795e-12,0.0,0.0,26,0.0,9.723189348604329e-14,0.0,0.0,0.0,0.0,1.799999999999661,1.7999999999996696
1216,1,0,1,0.07499999973365667,0.9049999701568932,1.8720216454717953e-12,1.825221104335e-12,0.0,0.0,26,0.0,9.48010961488922e-14,0.0,0.0,0.0,0.0,1.7999999999996696,1.7999999999996779
1217,1,0,1,0.07499999972746409,0.9799999698843572,1.8252211043350003e-12,1.7795905767266252e-12,0.0,0.0,26,0.0,9.24310687451699e-14,0.0,0.0,0.0,0.0,1.7999999999996779,1.7999999999996859
1218,1,0,1,0.07499999972973603,1.0549999696140933,1.779590576726625e-12,1.7351008123084596e-12,0.0,0.0,26,0.0,9.012029202654063e-14,0.0,0.0,0.0,0.0,1.7999999999996859,1.7999999999996938
1219,1,0,1,0.07499999973279066,1.1299999693468838,1.7351008123084594e-12,1.691723292000748e-12,0.0,0.0,26,0.0,8.786728472587712e-14,0.0,0.0,0.0,0.0,1.7999999999996938,1.7999999999997016
1220,1,0,1,0.07499999973494505,1.204999969081829,1.6917232920007477e-12,1.6494302097007294e-12,0.0,0.0,26,0.0,8.56706026077302e-14,0.0,0.0,0.0,0.0,1.7999999999997016,1.7999999999997087
1221,1,0,1,0.0749999997399568,1.2799999688217858,1.6494302097007292e-12,1.608194454458211e-12,0.0,0.0,26,0.0,8.352883754253694e-14,0.0,0.0,0.0,0.0,1.7999999999997087,1.7999999999997163
1222,1,0,1,0.07499999974556863,1.3549999685673544,1.6081944544582113e-12,1.5679895930967558e-12,0.0,0.0,26,0.0,8.144061660397352e-14,0.0,0.0,0.0,0.0,1.7999999999997163,1.7999999999997232
1223,1,0,1,0.07499999974160067,1.429999968308955,1.5679895930967558e-12,1.528789853269337e-12,0.0,0.0,26,0.0,7.940460118887417e-14,0.0,0.0,0.0,0.0,1.7999999999997232,1.79999999999973
1224,1,0,1,0.07499999974323165,1.5049999680521866,1.5287898532693372e-12,1.4905701069376036e-12,0.0,0.0,26,0.0,7.741948615915231e-14,0.0,0.0,0.0,0.0,1.79999999999973,1.7999999999997367
1225,1,0,1,0.07499999974917866,1.5799999678013652,1.4905701069376036e-12,1.4533058542641635e-12,0.0,0.0,26,0.0,7.548399900517353e-14,0.0,0.0,0.0,0.0,1.7999999999997367,1.7999999999997434
1226,1,0,0,-0.16500000025205658,1.4149999675493086,1.4533058542641635e-12,1.4169732079075595e-12,0.0,0.0,26,0.0,7.359689903004418e-14,0.0,0.0,0.0,0.0,1.7999999999997434,1.7999999999997498
1227,1,0,1,0.07499999975172392,1.4899999673010325,1.4169732079075595e-12,1.3815488777098704e-12,0.0,0.0,26,0.0,7.175697655429308e-14,0.0,0.0,0.0,0.0,1.7999999999997498,1.7999999999997562
1228,1,0,0,-0.16500000024869874,1.3249999670523338,1.3815488777098706e-12,1.3470101557671238e-12,0.0,0.0,26,0.0,6.996305214043576e-14,0.0,0.0,0.0,0.0,1.7999999999997562,1.799999999999762
1229,1,1,1,0.00999999976063697,1.3349999668129708,1.3470101557671236e-12,1.3133349018729455e-12,0.0,0.0,26,0.0,6.821397583692487e-14,0.0,0.0,0.0,0.0,1.799999999999762,1.7999999999997682
1230,1,0,1,0.07499999976501341,1.4099999665779843,1.3133349018729455e-12,1.2805015293261218e-12,0.0,0.0,26,0.0,6.650862644100174e-14,0.0,0.0,0.0,0.0,1.7999999999997682,1.799999999999774
1231,1,0,1,0.07499999976842169,1.484999966346406,1.2805015293261218e-12,1.2484889910929687e-12,0.0,0.0,26,0.0,6.484591077997668e-14,0.0,0.0,0.0,0.0,1.799999999999774,1.79999999999978
1232,1,0,1,0.07499999976891493,1.559999966115321,1.248488991092969e-12,1.2172767663156444e-12,0.0,0.0,26,0.0,6.322476301047726e-14,0.0,0.0,0.0,0.0,1.79999999999978,1.7999999999997853
1233,1,2,1,0.009999999770940812,1.5699999658862618,1.2172767663156446e-12,1.1868448471577535e-12,0.0,0.0,26,0.0,6.164414393521534e-14,0.0,0.0,0.0,0.0,1.7999999999997853,1.7999999999997907
1234,1,0,1,0.0749999997799339,1.6449999656661958,1.1868448471577535e-12,1.1571737259788097e-12,0.0,0.0,26,0.0,6.010304033683495e-14,0.0,0.0,0.0,0.0,1.7999999999997907,1.799999999999796
1235,1,0,1,0.07499999977652946,1.7199999654427252,1.1571737259788095e-12,1.1282443828293394e-12,0.0,0.0,26,0.0,5.86004643284141e-14,0.0,0.0,0.0,0.0,1.799999999999796,1.7999999999998006
1236,1,0,1,0.07499999977586408,1.7949999652185893,1.1282443828293394e-12,1.100038273258606e-12,0.0,0.0,26,0.0,5.713545272020372e-14,0.0,0.0,0.0,0.0,1.7999999999998006,1.7999999999998058
1237,1,0,0,-0.1650000002219353,1.629999964996654,1.100038273258606e-12,1.0725373164271408e-12,0.0,0.0,26,0.0,5.570706640219864e-14,0.0,0.0,0.0,0.0,1.7999999999998058,1.7999999999998109
1238,1,0,1,0.07499999977892774,1.7049999647755816,1.0725373164271408e-12,1.045723883516462e-12,0.0,0.0,26,0.0,5.431438974214366e-14,0.0,0.0,0.0,0.0,1.7999999999998109,1.7999999999998153
1239,1,0,0,-0.16500000021546044,1.5399999645601212,1.045723883516462e-12,1.0195807864285507e-12,0.0,0.0,26,0.0,5.2956529998590074e-14,0.0,0.0,0.0,0.0,1.7999999999998153,1.7999999999998202
1240,1,0,1,0.07499999979211129,1.6149999643522326,1.0195807864285505e-12,9.94091266767837e-13,0.0,0.0,26,0.0,5.163261674862531e-14,0.0,0.0,0.0,0.0,1.7999999999998202,1.7999999999998244
1241,1,0,1,0.07499999979027681,1.6899999641425094,9.94091266767837e-13,9.692389850986408e-13,0.0,0.0,26,0.0,5.0341801329909684e-14,0.0,0.0,0.0,0.0,1.7999999999998244,1.7999999999998286
1242,1,1,0,-0.2300000002090043,1.459999963933505,9.692389850986408e-13,9.450080104711746e-13,0.0,0.0,26,0.0,4.908325629666194e-14,0.0,0.0,0.0,0.0,1.7999999999998286,1.7999999999998333
1243,1,0,0,-0.16500000020538566,1.2949999637281193,9.450080104711746e-13,9.213828102093954e-13,0.0,0.0,26,0.0,4.785617488924539e-14,0.0,0.0,0.0,0.0,1.7999999999998333,1.7999999999998375
1244,1,0,1,0.07499999980155714,1.3699999635296765,9.213828102093954e-13,8.983482399541606e-13,0.0,0.0,26,0.0,4.6659770517014253e-14,0.0,0.0,0.0,0.0,1.7999999999998375,1.7999999999998415
1245,1,0,1,0.07499999980542565,1.444999963335102,8.983482399541606e-13,8.758895339553067e-13,0.0,0.0,26,0.0,4.54932762540889e-14,0.0,0.0,0.0,0.0,1.7999999999998415,1.7999999999998455
1246,1,0,0,-0.16500000019718694,1.279999963137915,8.758895339553066e-13,8.539922956064238e-13,0.0,0.0,26,0.0,4.435594434773668e-14,0.0,0.0,0.0,0.0,1.7999999999998455,1.7999999999998495
1247,1,2,1,0.009999999809617952,1.289999962947533,8.539922956064238e-13,8.326424882162633e-13,0.0,0.0,26,0.0,4.3247045739043267e-14,0.0,0.0,0.0,0.0,1.7999999999998495,1.7999999999998528
1248,1,0,0,-0.16500000018210012,1.1249999627654328,8.326424882162633e-13,8.118264260108568e-13,0.0,0.0,26,0.0,4.216586959556718e-14,0.0,0.0,0.0,0.0,1.7999999999998528,1.7999999999998566
1249,1,2,1,0.009999999817665885,1.1349999625830987,8.118264260108568e-13,7.915307653605854e-13,0.0,0.0,26,0.0,4.1111722855678e-14,0.0,0.0,0.0,0.0,1.7999999999998566,1.7999999999998604
1250,1,0,0,-0.16500000017624064,0.969999962406858,7.915307653605854e-13,7.717424962265707e-13,0.0,0.0,26,0.0,4.008392978428605e-14,0.0,0.0,0.0,0.0,1.7999999999998604,1.7999999999998635
1251,1,0,1,0.07499999982206015,1.0449999622289181,7.717424962265708e-13,7.524489338209065e-13,0.0,0.0,26,0.0,3.9081831539678906e-14,0.0,0.0,0.0,0.0,1.7999999999998635,1.799999999999867
1252,1,0,1,0.074999999823115,1.1199999620520331,7.524489338209064e-13,7.336377104753838e-13,0.0,0.0,26,0.0,3.8104785751186934e-14,0.0,0.0,0.0,0.0,1.799999999999867,1.7999999999998706
1253,1,0,0,-0.16500000017377206,0.9549999618782611,7.336377104753839e-13,7.152967677134992e-13,0.0,0.0,26,0.0,3.7152166107407255e-14,0.0,0.0,0.0,0.0,1.7999999999998706,1.7999999999998737
1254,1,0,0,-0.16500000016999286,0.7899999617082683,7.152967677134991e-13,6.974143485206616e-13,0.0,0.0,26,0.0,3.622336195472207e-14,0.0,0.0,0.0,0.0,1.7999999999998737,1.7999999999998766
1255,1,0,1,0.07499999983675879,0.864999961545027,6.974143485206617e-13,6.799789898076451e-13,0.0,0.0,26,0.0,3.5317777905854024e-14,0.0,0.0,0.0,0.0,1.7999999999998766,1.7999999999998801
1256,1,0,0,-0.16500000016633043,0.6999999613786966,6.799789898076451e-13,6.62979515062454e-13,0.0,0.0,26,0.0,3.443483345820767e-14,0.0,0.0,0.0,0.0,1.7999999999998801,1.799999999999883
1257,1,0,1,0.07499999983751655,0.7749999612162132,6.62979515062454e-13,6.464050271858926e-13,0.0,0.0,26,0.0,3.357396262175248e-14,0.0,0.0,0.0,0.0,1.799999999999883,1.799999999999886
1258,1,0,0,-0.16500000015690097,0.6099999610593122,6.464050271858926e-13,6.302449015062454e-13,0.0,0.0,26,0.0,3.273461355620867e-14,0.0,0.0,0.0,0.0,1.799999999999886,1.7999999999998886
1259,1,0,0,-0.16500000015778615,0.44499996090152605,6.302449015062453e-13,6.144887789685893e-13,0.0,0.0,26,0.0,3.1916248217303454e-14,0.0,0.0,0.0,0.0,1.7999999999998886,1.7999999999998912
1260,1,0,1,0.07499999984500787,0.5199999607465339,6.144887789685892e-13,5.991265594943744e-13,0.0,0.0,26,0.0,3.111834201187086e-14,0.0,0.0,0.0,0.0,1.7999999999998912,1.7999999999998946
1261,1,0,0,-0.1650000001525142,0.35499996059401967,5.991265594943744e-13,5.841483955070151e-13,0.0,0.0,26,0.0,3.034038346157409e-14,0.0,0.0,0.0,0.0,1.7999999999998946,1.7999999999998966
1262,1,0,0,-0.16500000014545096,0.1899999604485687,5.841483955070151e-13,5.695446856193397e-13,0.0,0.0,26,0.0,2.958187387503474e-14,0.0,0.0,0.0,0.0,1.7999999999998966,1.7999999999998992
1263,1,0,0,-0.16500000014218028,0.02499996030638843,5.695446856193396e-13,5.553060684788561e-13,0.0,0.0,26,0.0,2.8842327028158874e-14,0.0,0.0,0.0,0.0,1.7999999999998992,1.799999999999902
1264,1,0,0,-0.16500000014517674,0.0,5.553060684788562e-13,5.414234167668849e-13,0.0,0.0,26,0.0,2.8121268852454902e-14,0.0,0.0,0.0,0.0,1.799999999999902,1.7999999999999043
1265,1,0,1,0.07499999981570597,4.0,5.414234167668849e-13,5.278878313477128e-13,0.0,0.0,27,0.0,2.7418237131143525e-14,0.0,0.0,0.0,0.0,1.7999999999999043,1.7999999999999068
1266,1,1,0,-0.2300000001822645,3.7699999998177356,5.278878313477127e-13,5.146906355640198e-13,0.0,0.0,27,0.0,2.6732781202864942e-14,0.0,0.0,0.0,0.0,1.7999999999999068,1.7999999999999088
1267,1,0,1,0.07499999982129096,3.8449999996390267,5.146906355640199e-13,5.018233696749194e-13,0.0,0.0,27,0.0,2.6064461672793317e-14,0.0,0.0,0.0,0.0,1.7999999999999088,1.7999999999999112
1268,1,1,1,0.009999999823133853,3.8549999994621604,5.018233696749194e-13,4.892777854330463e-13,0.0,0.0,27,0.0,2.5412850130973485e-14,0.0,0.0,0.0,0.0,1.7999999999999112,1.7999999999999137
1269,1,0,0,-0.1650000001709851,3.6899999992911754,4.892777854330463e-13,4.770458407972202e-13,0.0,0.0,27,0.0,2.4777528877699145e-14,0.0,0.0,0.0,0.0,1.7999999999999137,1.799999999999916
1270,1,0,1,0.0749999998331327,3.764999999124308,4.770458407972203e-13,4.651196947772897e-13,0.0,0.0,27,0.0,2.4158090655756665e-14,0.0,0.0,0.0,0.0,1.799999999999916,1.7999999999999179
1271,1,0,1,0.0749999998305469,3.839999998954855,4.651196947772897e-13,4.5349170240785747e-13,0.0,0.0,27,0.0,2.355413838936275e-14,0.0,0.0,0.0,0.0,1.7999999999999179,1.79999999999992
1272,1,0,0,-0.16500000016664018,3.674999998788215,4.534917024078575e-13,4.4215440984766103e-13,0.0,0.0,27,0.0,2.2965284929628677e-14,0.0,0.0,0.0,0.0,1.79999999999992,1.7999999999999219
1273,1,0,0,-0.1650000001607773,3.5099999986274377,4.4215440984766103e-13,4.311005496014695e-13,0.0,0.0,27,0.0,2.2391152806387963e-14,0.0,0.0,0.0,0.0,1.7999999999999219,1.799999999999924
1274,1,0,1,0.07499999984176213,3.5849999984692,4.3110054960146946e-13,4.2032303586143276e-13,0.0,0.0,27,0.0,2.1831373986228267e-14,0.0,0.0,0.0,0.0,1.799999999999924,1.7999999999999257
1275,1,0,0,-0.16500000015453078,3.4199999983146694,4.203230358614328e-13,4.098149599648969e-13,0.0,0.0,27,0.0,2.128558963657256e-14,0.0,0.0,0.0,0.0,1.7999999999999257,1.7999999999999274
1276,1,0,1,0.0749999998471471,3.4949999981618163,4.098149599648969e-13,3.9956958596577454e-13,0.0,0.0,27,0.0,2.0753449895658243e-14,0.0,0.0,0.0,0.0,1.7999999999999274,1.7999999999999294
1277,1,0,1,0.07499999984860124,3.5699999980104176,3.995695859657745e-13,3.8958034631663016e-13,0.0,0.0,27,0.0,2.0234613648266788e-14,0.0,0.0,0.0,0.0,1.7999999999999294,1.7999999999999312
1278,1,0,0,-0.16500000014814015,3.4049999978622774,3.895803463166301e-13,3.798408376587144e-13,0.0,0.0,27,0.0,1.972874830706012e-14,0.0,0.0,0.0,0.0,1.7999999999999312,1.7999999999999328
1279,1,0,0,-0.16500000014742783,3.2399999977148495,3.798408376587144e-13,3.7034481671724653e-13,0.0,0.0,27,0.0,1.9235529599383615e-14,0.0,0.0,0.0,0.0,1.7999999999999328,1.7999999999999348
1280,1,0,1,0.07499999984947678,4.0,3.703448167172465e-13,3.6108619629931537e-13,0.0,0.0,28,0.0,1.8754641359399023e-14,0.0,0.0,0.0,0.0,1.7999999999999348,1.7999999999999363
1281,1,1,1,0.009999999852722371,4.0,3.6108619629931537e-13,3.5205904139183254e-13,0.0,0.0,28,0.0,1.8285775325414047e-14,0.0,0.0,0.0,0.0,1.7999999999999363,1.7999999999999376
1282,1,0,1,0.07499999985385318,4.0,3.520590413918325e-13,3.432575653570367e-13,0.0,0.0,28,0.0,1.78286309422787e-14,0.0,0.0,0.0,0.0,1.7999999999999376,1.7999999999999392
1283,1,0,0,-0.1650000001423368,3.834999999857663,3.432575653570367e-13,3.3467612622311076e-13,0.0,0.0,28,0.0,1.738291516872173e-14,0.0,0.0,0.0,0.0,1.7999999999999392,1.7999999999999408
1284,1,0,1,0.07499999985811918,3.909999999715782,3.3467612622311076e-13,3.2630922306753303e-13,0.0,0.0,28,0.0,1.6948342289503687e-14,0.0,0.0,0.0,0.0,1.7999999999999408,1.7999999999999425
1285,1,0,0,-0.1650000001411581,3.744999999574624,3.26309223067533e-13,3.181514924908447e-13,0.0,0.0,28,0.0,1.6524633732266097e-14,0.0,0.0,0.0,0.0,1.7999999999999425,1.7999999999999434
1286,1,0,1,0.07499999986398824,3.819999999438612,3.181514924908446e-13,3.1019770517857353e-13,0.0,0.0,28,0.0,1.6111517888959445e-14,0.0,0.0,0.0,0.0,1.7999999999999434,1.7999999999999454
1287,1,0,1,0.0749999998629857,3.894999999301598,3.1019770517857353e-13,3.0244276254910915e-13,0.0,0.0,28,0.0,1.5708729941735458e-14,0.0,0.0,0.0,0.0,1.7999999999999454,1.7999999999999468
1288,1,0,1,0.07499999986493208,3.96999999916653,3.024427625491092e-13,2.948816934853815e-13,0.0,0.0,28,0.0,1.531601169319207e-14,0.0,0.0,0.0,0.0,1.7999999999999468,1.799999999999948
1289,1,0,0,-0.16500000013329394,3.804999999033236,2.9488169348538144e-13,2.8750965114824695e-13,0.0,0.0,28,0.0,1.4933111400862264e-14,0.0,0.0,0.0,0.0,1.799999999999948,1.7999999999999494
1290,1,2,0,-0.23000000013271785,3.5749999989005183,2.8750965114824695e-13,2.8032190986954077e-13,0.0,0.0,28,0.0,1.4559783615840713e-14,0.0,0.0,0.0,0.0,1.7999999999999494,1.7999999999999505
1291,1,0,0,-0.16500000012601057,3.4099999987745075,2.8032190986954077e-13,2.7331386212280224e-13,0.0,0.0,28,0.0,1.4195789025444696e-14,0.0,0.0,0.0,0.0,1.7999999999999505,1.7999999999999514
1292,1,0,0,-0.16500000012333393,3.2449999986511737,2.7331386212280224e-13,2.6648101556973225e-13,0.0,0.0,28,0.0,1.3840894299808577e-14,0.0,0.0,0.0,0.0,1.7999999999999514,1.7999999999999532
1293,1,0,1,0.07499999987867714,3.319999998529851,2.6648101556973225e-13,2.598189901804889e-13,0.0,0.0,28,0.0,1.3494871942313363e-14,0.0,0.0,0.0,0.0,1.7999999999999532,1.7999999999999539
1294,1,0,0,-0.16500000012010338,3.1549999984097474,2.598189901804889e-13,2.5332351542597666e-13,0.0,0.0,28,0.0,1.315750014375553e-14,0.0,0.0,0.0,0.0,1.7999999999999539,1.7999999999999552
1295,1,0,0,-0.16500000011753416,2.9899999982922134,2.5332351542597666e-13,2.469904275403273e-13,0.0,0.0,28,0.0,1.2828562640161638e-14,0.0,0.0,0.0,0.0,1.7999999999999552,1.7999999999999563
1296,1,0,1,0.07499999988446726,3.0649999981766807,2.4699042754032723e-13,2.408156668518191e-13,0.0,0.0,28,0.0,1.25078485741576e-14,0.0,0.0,0.0,0.0,1.7999999999999563,1.7999999999999574
1297,1,0,0,-0.16500000011362115,2.8999999980630595,2.4081566685181906e-13,2.3479527518052355e-13,0.0,0.0,28,0.0,1.2195152359803659e-14,0.0,0.0,0.0,0.0,1.7999999999999574,1.7999999999999587
1298,1,0,0,-0.16500000011604316,2.7349999979470163,2.3479527518052355e-13,2.289253933010105e-13,0.0,0.0,28,0.0,1.1890273550808567e-14,0.0,0.0,0.0,0.0,1.7999999999999587,1.7999999999999594
1299,1,0,0,-0.16500000011118676,2.5699999978358297,2.289253933010105e-13,2.2320225846848521e-13,0.0,0.0,28,0.0,1.1593016712038352e-14,0.0,0.0,0.0,0.0,1.7999999999999594,1.7999999999999605
1300,1,0,0,-0.16500000010612262,2.404999997729707,2.2320225846848521e-13,2.1762220200677313e-13,0.0,0.0,28,0.0,1.1303191294237393e-14,0.0,0.0,0.0,0.0,1.7999999999999605,1.7999999999999616
1301,1,0,1,0.07499999989740158,2.4799999976271083,2.1762220200677313e-13,2.1218164695660376e-13,0.0,0.0,28,0.0,1.1020611511881459e-14,0.0,0.0,0.0,0.0,1.7999999999999616,1.7999999999999627
1302,1,0,0,-0.16500000010092755,2.3149999975261806,2.121816469566038e-13,2.0687710578268866e-13,0.0,0.0,28,0.0,1.0745096224084423e-14,0.0,0.0,0.0,0.0,1.7999999999999627,1.7999999999999632
1303,1,0,0,-0.16500000009892019,2.1499999974272606,2.068771057826887e-13,2.0170517813812144e-13,0.0,0.0,28,0.0,1.0476468818482312e-14,0.0,0.0,0.0,0.0,1.7999999999999632,1.7999999999999643
1304,1,0,0,-0.1650000000976688,1.9849999973295918,2.0170517813812147e-13,1.966625486846684e-13,0.0,0.0,28,0.0,1.0214557098020254e-14,0.0,0.0,0.0,0.0,1.7999999999999643,1.7999999999999654
1305,1,1,0,-0.2300000000955404,1.7549999972340513,1.9666254868466842e-13,1.9174598496755174e-13,0.0,0.0,28,0.0,9.959193170569746e-15,0.0,0.0,0.0,0.0,1.7999999999999654,1.7999999999999658
1306,1,0,0,-0.16500000009315835,1.589999997140893,1.9174598496755172e-13,1.8695233534336292e-13,0.0,0.0,28,0.0,9.710213341305503e-15,0.0,0.0,0.0,0.0,1.7999999999999658,1.799999999999967
1307,1,0,1,0.074999999909608,1.664999997050501,1.8695233534336292e-13,1.8227852695977885e-13,0.0,0.0,28,0.0,9.467458007772867e-15,0.0,0.0,0.0,0.0,1.799999999999967,1.7999999999999674
1308,1,0,1,0.0749999999114359,1.7399999969619369,1.8227852695977885e-13,1.7772156378578437e-13,0.0,0.0,28,0.0,9.230771557578546e-15,0.0,0.0,0.0,0.0,1.7999999999999674,1.7999999999999685
1309,1,0,1,0.07499999991099407,1.814999996872931,1.777215637857844e-13,1.7327852469113978e-13,0.0,0.0,28,0.0,9.00000226863908e-15,0.0,0.0,0.0,0.0,1.7999999999999685,1.7999999999999694
1310,1,0,1,0.0749999999123841,1.889999996785315,1.7327852469113978e-13,1.6894656157386128e-13,0.0,0.0,28,0.0,8.775002211923104e-15,0.0,0.0,0.0,0.0,1.7999999999999694,1.7999999999999698
1311,1,1,0,-0.23000000008958996,1.659999996695725,1.6894656157386125e-13,1.6472289753451474e-13,0.0,0.0,28,0.0,8.555627156625028e-15,0.0,0.0,0.0,0.0,1.7999999999999698,1.799999999999971
1312,1,0,0,-0.1650000000850636,1.4949999966106615,1.6472289753451474e-13,1.6060482509615187e-13,0.0,0.0,28,0.0,8.3417364777094e-15,0.0,0.0,0.0,0.0,1.799999999999971,1.7999999999999718
1313,1,0,1,0.07499999991505639,1.5699999965257179,1.6060482509615187e-13,1.5658970446874809e-13,0.0,0.0,28,0.0,8.133193065766666e-15,0.0,0.0,0.0,0.0,1.7999999999999718,1.7999999999999723
1314,1,0,0,-0.16500000008479532,1.4049999964409225,1.5658970446874809e-13,1.5267496185702937e-13,0.0,0.0,28,0.0,7.9298632391225e-15,0.0,0.0,0.0,0.0,1.7999999999999723,1.7999999999999727
1315,1,0,0,-0.16500000008126914,1.2399999963596535,1.526749618570294e-13,1.4885808781060363e-13,0.0,0.0,28,0.0,7.731616658144436e-15,0.0,0.0,0.0,0.0,1.7999999999999727,1.7999999999999736
1316,1,0,0,-0.1650000000789486,1.0749999962807049,1.4885808781060366e-13,1.4513663561533855e-13,0.0,0.0,28,0.0,7.538326241690826e-15,0.0,0.0,0.0,0.0,1.7999999999999736,1.7999999999999745
1317,1,0,1,0.07499999992286653,1.1499999962035714,1.4513663561533857e-13,1.415082197249551e-13,0.0,0.0,28,0.0,7.349868085648556e-15,0.0,0.0,0.0,0.0,1.7999999999999745,1.799999999999975
1318,1,2,0,-0.23000000007623614,0.9199999961273353,1.4150821972495511e-13,1.3797051423183121e-13,0.0,0.0,28,0.0,7.166121383507342e-15,0.0,0.0,0.0,0.0,1.799999999999975,1.7999999999999754
1319,1,0,1,0.07499999992523654,0.9949999960525718,1.3797051423183121e-13,1.3452125137603543e-13,0.0,0.0,28,0.0,6.986968348919658e-15,0.0,0.0,0.0,0.0,1.7999999999999754,1.7999999999999763
1320,1,0,1,0.07499999992576581,1.0699999959783377,1.3452125137603543e-13,1.3115822009163455e-13,0.0,0.0,28,0.0,6.812294140196666e-15,0.0,0.0,0.0,0.0,1.7999999999999763,1.7999999999999772
1321,1,0,0,-0.16500000007403487,0.9049999959043029,1.3115822009163455e-13,1.278792645893437e-13,0.0,0.0,28,0.0,6.64198678669175e-15,0.0,0.0,0.0,0.0,1.7999999999999772,1.7999999999999774
1322,1,0,0,-0.16500000006989604,0.7399999958344069,1.278792645893437e-13,1.2468228297461012e-13,0.0,0.0,28,0.0,6.475937117024457e-15,0.0,0.0,0.0,0.0,1.7999999999999774,1.7999999999999778
1323,1,2,0,-0.23000000007071544,0.5099999957636915,1.246822829746101e-13,1.2156522590024486e-13,0.0,0.0,28,0.0,6.314038689098845e-15,0.0,0.0,0.0,0.0,1.7999999999999778,1.7999999999999787
1324,1,0,1,0.07499999993182313,0.5849999956955146,1.2156522590024484e-13,1.1852609525273874e-13,0.0,0.0,28,0.0,6.1561877218713745e-15,0.0,0.0,0.0,0.0,1.7999999999999787,1.799999999999979
1325,1,1,1,0.009999999931837767,0.5949999956273524,1.1852609525273874e-13,1.1556294287142026e-13,0.0,0.0,28,0.0,6.00228302882459e-15,0.0,0.0,0.0,0.0,1.799999999999979,1.7999999999999798
1326,1,1,0,-0.23000000006748478,0.3649999955598676,1.1556294287142024e-13,1.1267386929963476e-13,0.0,0.0,28,0.0,5.852225953103975e-15,0.0,0.0,0.0,0.0,1.7999999999999798,1.79999999999998
1327,1,0,0,-0.16500000006369703,0.1999999954961706,1.1267386929963476e-13,1.0985702256714388e-13,0.0,0.0,28,0.0,5.705920304276376e-15,0.0,0.0,0.0,0.0,1.79999999999998,1.7999999999999805
1328,1,2,0,-0.2300000000634572,0.0,1.0985702256714388e-13,1.0711059700296531e-13,0.0,0.0,28,0.0,5.563272296669465e-15,0.0,0.0,0.0,0.0,1.7999999999999805,1.7999999999999807
1329,1,0,0,-0.16500000008235863,3.8349999999176414,1.071105970029653e-13,1.0443283207789116e-13,0.0,0.0,29,0.0,5.4241904892527304e-15,0.0,0.0,0.0,0.0,1.7999999999999807,1.7999999999999816
1330,1,0,0,-0.16500000007958326,3.6699999998380584,1.0443283207789115e-13,1.0182201127594388e-13,0.0,0.0,29,0.0,5.288585727021411e-15,0.0,0.0,0.0,0.0,1.7999999999999816,1.7999999999999818
1331,1,0,1,0.07499999992119,3.7449999997592482,1.0182201127594388e-13,9.927646099404528e-14,0.0,0.0,29,0.0,5.1563710838458756e-15,0.0,0.0,0.0,0.0,1.7999999999999818,1.7999999999999825
1332,1,0,0,-0.1650000000774462,3.579999999681802,9.927646099404529e-14,9.679454946919416e-14,0.0,0.0,29,0.0,5.027461806749729e-15,0.0,0.0,0.0,0.0,1.7999999999999825,1.799999999999983
1333,1,0,0,-0.16500000007631788,3.4149999996054845,9.679454946919416e-14,9.437468573246431e-14,0.0,0.0,29,0.0,4.901775261580987e-15,0.0,0.0,0.0,0.0,1.799999999999983,1.7999999999999832
1334,1,0,1,0.07499999992660833,3.4899999995320927,9.437468573246431e-14,9.201531858915271e-14,0.0,0.0,29,0.0,4.7792308800414625e-15,0.0,0.0,0.0,0.0,1.7999999999999832,1.7999999999999834
1335,1,0,0,-0.16500000007290314,3.3249999994591897,9.201531858915271e-14,8.971493562442388e-14,0.0,0.0,29,0.0,4.659750108040426e-15,0.0,0.0,0.0,0.0,1.7999999999999834,1.799999999999984
1336,1,0,0,-0.16500000007155505,3.1599999993876344,8.971493562442389e-14,8.74720622338133e-14,0.0,0.0,29,0.0,4.5432563553394155e-15,0.0,0.0,0.0,0.0,1.799999999999984,1.7999999999999845
1337,1,0,0,-0.16500000006973894,2.9949999993178955,8.74720622338133e-14,8.528526067796795e-14,0.0,0.0,29,0.0,4.42967494645593e-15,0.0,0.0,0.0,0.0,1.7999999999999845,1.7999999999999852
1338,1,0,1,0.0749999999317109,3.0699999992496063,8.528526067796797e-14,8.315312916101876e-14,0.0,0.0,29,0.0,4.3189330727945315e-15,0.0,0.0,0.0,0.0,1.7999999999999852,1.7999999999999854
1339,1,2,1,0.00999999993331235,3.0799999991829186,8.315312916101877e-14,8.107430093199329e-14,0.0,0.0,29,0.0,4.210959745974668e-15,0.0,0.0,0.0,0.0,1.7999999999999854,1.7999999999999856
1340,1,0,0,-0.16500000006562282,2.914999999117296,8.107430093199329e-14,7.904744340869346e-14,0.0,0.0,29,0.0,4.1056857523253015e-15,0.0,0.0,0.0,0.0,1.7999999999999856,1.7999999999999858
1341,1,0,0,-0.16500000006413076,2.749999999053165,7.904744340869345e-14,7.707125732347611e-14,0.0,0.0,29,0.0,4.0030436085171685e-15,0.0,0.0,0.0,0.0,1.7999999999999858,1.799999999999986
1342,1,0,1,0.07499999993769979,2.8249999989908647,7.707125732347613e-14,7.514447589038923e-14,0.0,0.0,29,0.0,3.9029675183042394e-15,0.0,0.0,0.0,0.0,1.799999999999986,1.7999999999999867
1343,1,0,0,-0.16500000006297746,2.659999998927887,7.514447589038921e-14,7.326586399312948e-14,0.0,0.0,29,0.0,3.8053933303466344e-15,0.0,0.0,0.0,0.0,1.7999999999999867,1.799999999999987
1344,1,0,1,0.0749999999391819,2.734999998867069,7.326586399312949e-14,7.143421739330125e-14,0.0,0.0,29,0.0,3.710258497087967e-15,0.0,0.0,0.0,0.0,1.799999999999987,1.7999999999999872
1345,1,0,0,-0.1650000000611491,2.56999999880592,7.143421739330124e-14,6.964836195846872e-14,0.0,0.0,29,0.0,3.617502034660768e-15,0.0,0.0,0.0,0.0,1.7999999999999872,1.7999999999999878
1346,1,1,0,-0.23000000005826907,2.339999998747651,6.964836195846872e-14,6.790715290950701e-14,0.0,0.0,29,0.0,3.527064483794249e-15,0.0,0.0,0.0,0.0,1.7999999999999878,1.799999999999988
1347,1,0,1,0.07499999994151159,2.4149999986891624,6.790715290950701e-14,6.620947408676933e-14,0.0,0.0,29,0.0,3.438887871699393e-15,0.0,0.0,0.0,0.0,1.799999999999988,1.7999999999999883
1348,1,0,0,-0.16500000005667473,2.2499999986324877,6.620947408676933e-14,6.455423723460009e-14,0.0,0.0,29,0.0,3.352915674906908e-15,0.0,0.0,0.0,0.0,1.7999999999999883,1.7999999999999885
1349,1,1,1,0.009999999944548976,2.2599999985770367,6.455423723460009e-14,6.294038130373508e-14,0.0,0.0,29,0.0,3.269092783034236e-15,0.0,0.0,0.0,0.0,1.7999999999999885,1.7999999999999887
1350,1,0,1,0.07499999994547567,2.3349999985225125,6.294038130373508e-14,6.136687177114171e-14,0.0,0.0,29,0.0,3.18736546345838e-15,0.0,0.0,0.0,0.0,1.7999999999999887,1.7999999999999887
1351,1,1,0,-0.23000000005498725,2.1049999984675254,6.136687177114171e-14,5.983269997686317e-14,0.0,0.0,29,0.0,3.10768132687192e-15,0.0,0.0,0.0,0.0,1.7999999999999887,1.7999999999999894
1352,1,0,1,0.07499999994602305,2.1799999984135483,5.983269997686317e-14,5.833688247744159e-14,0.0,0.0,29,0.0,3.029989293700122e-15,0.0,0.0,0.0,0.0,1.7999999999999894,1.7999999999999896
1353,1,0,1,0.07499999994740271,2.254999998360951,5.833688247744158e-14,5.687846041550554e-14,0.0,0.0,29,0.0,2.954239561357619e-15,0.0,0.0,0.0,0.0,1.7999999999999896,1.7999999999999898
1354,1,0,1,0.07499999994719449,2.3299999983081454,5.687846041550554e-14,5.545649890511791e-14,0.0,0.0,29,0.0,2.8803835723236784e-15,0.0,0.0,0.0,0.0,1.7999999999999898,1.7999999999999905
1355,1,0,1,0.07499999994809786,2.404999998256243,5.545649890511791e-14,5.407008643248996e-14,0.0,0.0,29,0.0,2.808373983015587e-15,0.0,0.0,0.0,0.0,1.7999999999999905,1.7999999999999905
1356,1,0,1,0.07499999994869454,2.4799999982049377,5.4070086432489956e-14,5.2718334271677705e-14,0.0,0.0,29,0.0,2.7381646334401966e-15,0.0,0.0,0.0,0.0,1.7999999999999905,1.7999999999999907
1357,1,0,0,-0.16500000005169368,2.314999998153244,5.271833427167771e-14,5.140037591488576e-14,0.0,0.0,29,0.0,2.6697105176041916e-15,0.0,0.0,0.0,0.0,1.7999999999999907,1.799999999999991
1358,1,0,1,0.07499999995015433,2.389999998103398,5.1400375914885754e-14,5.011536651701361e-14,0.0,0.0,29,0.0,2.6029677546640866e-15,0.0,0.0,0.0,0.0,1.799999999999991,1.799999999999991
1359,1,2,1,0.009999999950557814,2.399999998053956,5.011536651701362e-14,4.886248235408827e-14,0.0,0.0,29,0.0,2.5378935607974848e-15,0.0,0.0,0.0,0.0,1.799999999999991,1.7999999999999912
1360,1,0,1,0.0749999999512275,2.4749999980051838,4.886248235408827e-14,4.764092029523607e-14,0.0,0.0,29,0.0,2.4744462217775475e-15,0.0,0.0,0.0,0.0,1.7999999999999912,1.7999999999999914
1361,1,0,1,0.07499999995065781,2.5499999979558416,4.7640920295236064e-14,4.644989728785517e-14,0.0,0.0,29,0.0,2.412585066233109e-15,0.0,0.0,0.0,0.0,1.7999999999999914,1.7999999999999914
1362,1,0,1,0.07499999995219454,2.624999997908036,4.6449897287855174e-14,4.5288649855658793e-14,0.0,0.0,29,0.0,2.352270439577281e-15,0.0,0.0,0.0,0.0,1.7999999999999914,1.799999999999992
1363,1,0,0,-0.16500000004773888,2.4599999978602973,4.5288649855658793e-14,4.415643360926732e-14,0.0,0.0,29,0.0,2.293463678587849e-15,0.0,0.0,0.0,0.0,1.799999999999992,1.7999999999999923
1364,1,0,0,-0.16500000004779025,2.294999997812507,4.415643360926732e-14,4.3052522769035635e-14,0.0,0.0,29,0.0,2.236127086623153e-15,0.0,0.0,0.0,0.0,1.7999999999999923,1.7999999999999923
1365,1,0,0,-0.16500000004659196,2.129999997765915,4.3052522769035635e-14,4.197620969980975e-14,0.0,0.0,29,0.0,2.1802239094575736e-15,0.0,0.0,0.0,0.0,1.7999999999999923,1.7999999999999925
1366,1,0,1,0.07499999995438547,2.2049999977203005,4.1976209699809745e-14,4.09268044573145e-14,0.0,0.0,29,0.0,2.125718311721135e-15,0.0,0.0,0.0,0.0,1.7999999999999925,1.7999999999999925
1367,1,0,1,0.07499999995517984,2.2799999976754806,4.092680445731451e-14,3.9903634345881644e-14,0.0,0.0,29,0.0,2.0725753539281063e-15,0.0,0.0,0.0,0.0,1.7999999999999925,1.7999999999999932
1368,1,0,1,0.07499999995571341,2.354999997631194,3.990363434588164e-14,3.8906043487234594e-14,0.0,0.0,29,0.0,2.0207609700799037e-15,0.0,0.0,0.0,0.0,1.7999999999999932,1.7999999999999932
1369,1,0,0,-0.16500000004402487,2.189999997587169,3.89060434872346e-14,3.7933392400053734e-14,0.0,0.0,29,0.0,1.9702419458279063e-15,0.0,0.0,0.0,0.0,1.7999999999999932,1.7999999999999934
1370,1,0,0,-0.16500000004331827,2.024999997543851,3.7933392400053734e-14,3.6985057590052396e-14,0.0,0.0,29,0.0,1.9209858971822086e-15,0.0,0.0,0.0,0.0,1.7999999999999934,1.7999999999999934
1371,1,0,1,0.07499999995888039,2.099999997502731,3.698505759005239e-14,3.606043115030108e-14,0.0,0.0,29,0.0,1.872961249752653e-15,0.0,0.0,0.0,0.0,1.7999999999999934,1.7999999999999936
1372,1,0,0,-0.1650000000412163,1.9349999974615146,3.6060431150301086e-14,3.5158920371543557e-14,0.0,0.0,29,0.0,1.826137218508837e-15,0.0,0.0,0.0,0.0,1.7999999999999936,1.7999999999999936
1373,1,1,1,0.009999999959204005,1.9449999974207186,3.5158920371543557e-14,3.427994736225496e-14,0.0,0.0,29,0.0,1.7804837880461164e-15,0.0,0.0,0.0,0.0,1.7999999999999936,1.7999999999999938
1374,1,1,0,-0.23000000004050372,1.7149999973802148,3.4279947362254965e-14,3.342294867819859e-14,0.0,0.0,29,0.0,1.735971693344963e-15,0.0,0.0,0.0,0.0,1.7999999999999938,1.7999999999999938
1375,1,0,0,-0.1650000000383925,1.5499999973418224,3.342294867819859e-14,3.258737496124363e-14,0.0,0.0,29,0.0,1.6925724010113388e-15,0.0,0.0,0.0,0.0,1.7999999999999938,1.799999999999994
1376,1,0,1,0.07499999996303132,1.6249999973048537,3.258737496124363e-14,3.1772690587212535e-14,0.0,0.0,29,0.0,1.6502580909860555e-15,0.0,0.0,0.0,0.0,1.799999999999994,1.799999999999994
1377,1,2,1,0.009999999962384473,1.6349999972672382,3.1772690587212535e-14,3.0978373322532225e-14,0.0,0.0,29,0.0,1.609001638711404e-15,0.0,0.0,0.0,0.0,1.799999999999994,1.7999999999999947
1378,1,0,0,-0.16500000003675258,1.4699999972304856,3.0978373322532225e-14,3.020391398946892e-14,0.0,0.0,29,0.0,1.568776597743619e-15,0.0,0.0,0.0,0.0,1.7999999999999947,1.7999999999999947
1379,1,1,0,-0.23000000003617485,1.2399999971943108,3.0203913989468924e-14,2.9448816139732196e-14,0.0,0.0,29,0.0,1.5295571828000287e-15,0.0,0.0,0.0,0.0,1.7999999999999947,1.7999999999999947
1380,1,0,1,0.07499999996470151,1.3149999971590123,2.9448816139732196e-14,2.871259573623889e-14,0.0,0.0,29,0.0,1.491318253230028e-15,0.0,0.0,0.0,0.0,1.7999999999999947,1.799999999999995
1381,1,0,1,0.07499999996589717,1.3899999971249095,2.871259573623889e-14,2.7994780842832916e-14,0.0,0.0,29,0.0,1.4540352968992772e-15,0.0,0.0,0.0,0.0,1.799999999999995,1.799999999999995
1382,1,0,1,0.07499999996500624,1.4649999970899157,2.799478084283292e-14,2.7294911321762097e-14,0.0,0.0,29,0.0,1.4176844144767953e-15,0.0,0.0,0.0,0.0,1.799999999999995,1.7999999999999952
1383,1,1,1,0.009999999965608486,1.474999997055524,2.7294911321762097e-14,2.661253853871804e-14,0.0,0.0,29,0.0,1.3822423041148753e-15,0.0,0.0,0.0,0.0,1.7999999999999952,1.7999999999999952
1384,1,0,0,-0.1650000000344999,1.309999997021024,2.6612538538718038e-14,2.5947225075250092e-14,0.0,0.0,29,0.0,1.3476862465120035e-15,0.0,0.0,0.0,0.0,1.7999999999999952,1.7999999999999952
1385,1,0,1,0.07499999996644555,1.3849999969874696,2.5947225075250092e-14,2.5298544448368836e-14,0.0,0.0,29,0.0,1.3139940903492034e-15,0.0,0.0,0.0,0.0,1.7999999999999952,1.7999999999999958
1386,1,0,1,0.07499999996709315,1.4599999969545627,2.529854444836884e-14,2.466608083715962e-14,0.0,0.0,29,0.0,1.2811442380904732e-15,0.0,0.0,0.0,0.0,1.7999999999999958,1.7999999999999958
1387,1,0,0,-0.16500000003237741,1.2949999969221853,2.4666080837159617e-14,2.4049428816230628e-14,0.0,0.0,29,0.0,1.2491156321382115e-15,0.0,0.0,0.0,0.0,1.7999999999999958,1.7999999999999958
1388,1,0,0,-0.16500000003119714,1.1299999968909882,2.4049428816230625e-14,2.344819309582486e-14,0.0,0.0,29,0.0,1.217887741334756e-15,0.0,0.0,0.0,0.0,1.7999999999999958,1.799999999999996
1389,1,0,1,0.0749999999692918,1.20499999686028,2.3448193095824857e-14,2.286198826842924e-14,0.0,0.0,29,0.0,1.1874405478013872e-15,0.0,0.0,0.0,0.0,1.799999999999996,1.799999999999996
1390,1,0,1,0.07499999996933485,1.279999996829615,2.286198826842924e-14,2.2290438561718507e-14,0.0,0.0,29,0.0,1.1577545341063526e-15,0.0,0.0,0.0,0.0,1.799999999999996,1.799999999999996
1391,1,0,0,-0.16500000003079812,1.114999996798817,2.2290438561718507e-14,2.1733177597675544e-14,0.0,0.0,29,0.0,1.1288106707536937e-15,0.0,0.0,0.0,0.0,1.799999999999996,1.799999999999996
1392,1,2,0,-0.23000000002929008,0.8849999967695268,2.1733177597675544e-14,2.1189848157733658e-14,0.0,0.0,29,0.0,1.1005904039848515e-15,0.0,0.0,0.0,0.0,1.799999999999996,1.7999999999999963
1393,1,0,0,-0.16500000002905213,0.7199999967404747,2.1189848157733654e-14,2.0660101953790312e-14,0.0,0.0,29,0.0,1.0730756438852302e-15,0.0,0.0,0.0,0.0,1.7999999999999963,1.7999999999999963
1394,1,0,1,0.07499999997176342,0.7949999967122381,2.0660101953790315e-14,2.0143599404945557e-14,0.0,0.0,29,0.0,1.0462487527880993e-15,0.0,0.0,0.0,0.0,1.7999999999999963,1.7999999999999963
1395,1,0,0,-0.16500000002769322,0.6299999966845449,2.0143599404945557e-14,1.964000941982192e-14,0.0,0.0,29,0.0,1.0200925339683968e-15,0.0,0.0,0.0,0.0,1.7999999999999963,1.7999999999999965
1396,1,0,1,0.07499999997207761,0.7049999966566225,1.9640009419821917e-14,1.914900918432637e-14,0.0,0.0,29,0.0,9.94590220619187e-16,0.0,0.0,0.0,0.0,1.7999999999999965,1.7999999999999965
1397,1,1,0,-0.23000000002753468,0.4749999966290878,1.9149009184326367e-14,1.8670283954718207e-14,0.0,0.0,29,0.0,9.697254651037073e-16,0.0,0.0,0.0,0.0,1.7999999999999965,1.7999999999999965
1398,1,0,1,0.07499999997269509,0.5499999966017829,1.867028395471821e-14,1.820352685585025e-14,0.0,0.0,29,0.0,9.454823284761145e-16,0.0,0.0,0.0,0.0,1.7999999999999965,1.7999999999999965
1399,1,0,1,0.07499999997403708,0.62499999657582,1.8203526855850254e-14,1.7748438684453997e-14,0.0,0.0,29,0.0,9.218452702642115e-16,0.0,0.0,0.0,0.0,1.7999999999999965,1.7999999999999967
1400,1,0,0,-0.16500000002632723,0.45999999654949275,1.7748438684453997e-14,1.7304727717342647e-14,0.0,0.0,29,0.0,8.987991385076062e-16,0.0,0.0,0.0,0.0,1.7999999999999967,1.7999999999999967
1401,1,1,1,0.009999999974482737,0.4699999965239755,1.7304727717342647e-14,1.6872109524409083e-14,0.0,0.0,29,0.0,8.763291600449161e-16,0.0,0.0,0.0,0.0,1.7999999999999967,1.7999999999999967
1402,1,0,1,0.07499999997479212,0.5449999964987676,1.687210952440908e-14,1.6450306786298853e-14,0.0,0.0,29,0.0,8.544209310437934e-16,0.0,0.0,0.0,0.0,1.7999999999999967,1.7999999999999967
1403,1,0,0,-0.16500000002524567,0.37999999647352195,1.6450306786298853e-14,1.6039049116641385e-14,0.0,0.0,29,0.0,8.330604077676985e-16,0.0,0.0,0.0,0.0,1.7999999999999967,1.7999999999999974
1404,1,0,1,0.07499999997570528,0.45499999644922723,1.6039049116641385e-14,1.5638072888725347e-14,0.0,0.0,29,0.0,8.122338975735059e-16,0.0,0.0,0.0,0.0,1.7999999999999974,1.7999999999999974
1405,1,0,1,0.07499999997517474,0.529999996424402,1.563807288872535e-14,1.5247121066507215e-14,0.0,0.0,29,0.0,7.919280501341683e-16,0.0,0.0,0.0,0.0,1.7999999999999974,1.7999999999999974
1406,1,0,0,-0.16500000002401227,0.3649999964003897,1.5247121066507215e-14,1.4865943039844533e-14,0.0,0.0,29,0.0,7.721298488808143e-16,0.0,0.0,0.0,0.0,1.7999999999999974,1.7999999999999974
1407,1,2,0,-0.23000000002366888,0.13499999637672083,1.4865943039844533e-14,1.449429446384842e-14,0.0,0.0,29,0.0,7.528266026587937e-16,0.0,0.0,0.0,0.0,1.7999999999999974,1.7999999999999974
1408,1,0,1,0.07499999996997078,4.0,1.449429446384842e-14,1.4131937102252211e-14,0.0,0.0,30,0.0,7.340059375923239e-16,0.0,0.0,0.0,0.0,1.7999999999999974,1.7999999999999976
1409,1,2,1,0.00999999997066531,4.0,1.4131937102252211e-14,1.3778638674695906e-14,0.0,0.0,30,0.0,7.156557891525158e-16,0.0,0.0,0.0,0.0,1.7999999999999976,1.7999999999999976
1410,1,0,1,0.07499999997084532,4.0,1.3778638674695906e-14,1.343417270782851e-14,0.0,0.0,30,0.0,6.97764394423703e-16,0.0,0.0,0.0,0.0,1.7999999999999976,1.7999999999999976
1411,1,0,1,0.07499999997116755,4.0,1.343417270782851e-14,1.3098318390132796e-14,0.0,0.0,30,0.0,6.803202845631104e-16,0.0,0.0,0.0,0.0,1.7999999999999976,1.7999999999999976
1412,1,0,0,-0.16500000002847592,3.834999999971524,1.3098318390132794e-14,1.2770860430379475e-14,0.0,0.0,30,0.0,6.633122774490326e-16,0.0,0.0,0.0,0.0,1.7999999999999976,1.7999999999999976
1413,1,0,0,-0.16500000002763532,3.669999999943889,1.2770860430379474e-14,1.245158891961999e-14,0.0,0.0,30,0.0,6.467294705128068e-16,0.0,0.0,0.0,0.0,1.7999999999999976,1.7999999999999976
1414,1,0,0,-0.16500000002742893,3.50499999991646,1.245158891961999e-14,1.214029919662949e-14,0.0,0.0,30,0.0,6.305612337499866e-16,0.0,0.0,0.0,0.0,1.7999999999999976,1.7999999999999978
1415,1,0,1,0.07499999997343805,3.579999999889898,1.214029919662949e-14,1.1836791716713754e-14,0.0,0.0,30,0.0,6.147972029062369e-16,0.0,0.0,0.0,0.0,1.7999999999999978,1.7999999999999978
1416,1,0,1,0.07499999997346246,3.65499999986336,1.1836791716713752e-14,1.1540871923795909e-14,0.0,0.0,30,0.0,5.994272728335811e-16,0.0,0.0,0.0,0.0,1.7999999999999978,1.7999999999999978
1417,1,0,1,0.07499999997424998,3.7299999998376103,1.1540871923795909e-14,1.1252350125701012e-14,0.0,0.0,30,0.0,5.844415910127416e-16,0.0,0.0,0.0,0.0,1.7999999999999978,1.7999999999999978
1418,1,0,1,0.0749999999738347,3.804999999811445,1.125235012570101e-14,1.0971041372558486e-14,0.0,0.0,30,0.0,5.69830551237423e-16,0.0,0.0,0.0,0.0,1.7999999999999978,1.7999999999999978
1419,1,2,1,0.009999999974358994,3.814999999785804,1.0971041372558486e-14,1.0696765338244524e-14,0.0,0.0,30,0.0,5.555847874564874e-16,0.0,0.0,0.0,0.0,1.7999999999999978,1.7999999999999978
1420,1,2,0,-0.23000000002539647,3.5849999997604076,1.0696765338244522e-14,1.0429346204788411e-14,0.0,0.0,30,0.0,5.416951677700754e-16,0.0,0.0,0.0,0.0,1.7999999999999978,1.7999999999999978
1421,1,0,0,-0.16500000002462115,3.4199999997357864,1.0429346204788411e-14,1.0168612549668702e-14,0.0,0.0,30,0.0,5.281527885758235e-16,0.0,0.0,0.0,0.0,1.7999999999999978,1.7999999999999985
1422,1,0,0,-0.1650000000245775,3.2549999997112087,1.01686125496687e-14,9.914397235926984e-15,0.0,0.0,30,0.0,5.149489688614278e-16,0.0,0.0,0.0,0.0,1.7999999999999985,1.7999999999999985
1423,1,0,0,-0.16500000002341883,3.08999999968779,9.914397235926983e-15,9.666537305028808e-15,0.0,0.0,30,0.0,5.020752446398921e-16,0.0,0.0,0.0,0.0,1.7999999999999985,1.7999999999999985
1424,1,0,0,-0.16500000002299128,2.9249999996647986,9.666537305028808e-15,9.424873872403089e-15,0.0,0.0,30,0.0,4.895233635238948e-16,0.0,0.0,0.0,0.0,1.7999999999999985,1.7999999999999985
1425,1,0,1,0.07499999997775954,2.9999999996425584,9.424873872403089e-15,9.18925202559301e-15,0.0,0.0,30,0.0,4.772852794357974e-16,0.0,0.0,0.0,0.0,1.7999999999999985,1.7999999999999985
1426,1,0,0,-0.16500000002265786,2.8349999996199005,9.189252025593012e-15,8.959520724953185e-15,0.0,0.0,30,0.0,4.653531474499025e-16,0.0,0.0,0.0,0.0,1.7999999999999985,1.7999999999999985
1427,1,0,1,0.07499999997829651,2.909999999598197,8.959520724953185e-15,8.735532706829357e-15,0.0,0.0,30,0.0,4.537193187636549e-16,0.0,0.0,0.0,0.0,1.7999999999999985,1.7999999999999985
1428,1,0,1,0.0749999999783069,2.984999999576504,8.735532706829356e-15,8.517144389158622e-15,0.0,0.0,30,0.0,4.4237633579456355e-16,0.0,0.0,0.0,0.0,1.7999999999999985,1.7999999999999985
1429,1,0,0,-0.16500000002084805,2.8199999995556557,8.517144389158622e-15,8.304215779429658e-15,0.0,0.0,30,0.0,4.313169273996995e-16,0.0,0.0,0.0,0.0,1.7999999999999985,1.7999999999999987
1430,1,0,1,0.0749999999790758,2.8949999995347317,8.304215779429657e-15,8.096610384943916e-15,0.0,0.0,30,0.0,4.20534004214707e-16,0.0,0.0,0.0,0.0,1.7999999999999987,1.7999999999999987
1431,1,0,1,0.07499999997900153,2.969999999513733,8.096610384943916e-15,7.894195125320318e-15,0.0,0.0,30,0.0,4.1002065410933934e-16,0.0,0.0,0.0,0.0,1.7999999999999987,1.7999999999999987
1432,1,2,0,-0.2300000000204091,2.739999999493324,7.894195125320318e-15,7.69684024718731e-15,0.0,0.0,30,0.0,3.9977013775660586e-16,0.0,0.0,0.0,0.0,1.7999999999999987,1.7999999999999987
1433,1,0,1,0.07499999997977758,2.814999999473102,7.69684024718731e-15,7.504419241007627e-15,0.0,0.0,30,0.0,3.8977588431269073e-16,0.0,0.0,0.0,0.0,1.7999999999999987,1.7999999999999987
1434,1,0,0,-0.1650000000199874,2.6499999994531143,7.504419241007627e-15,7.316808759982436e-15,0.0,0.0,30,0.0,3.8003148720487344e-16,0.0,0.0,0.0,0.0,1.7999999999999987,1.7999999999999987
1435,1,0,0,-0.16500000001912624,2.484999999433988,7.316808759982438e-15,7.133888540982877e-15,0.0,0.0,30,0.0,3.7053070002475164e-16,0.0,0.0,0.0,0.0,1.7999999999999987,1.7999999999999987
1436,1,0,1,0.07499999998133552,2.5599999994153237,7.133888540982877e-15,6.9555413274583035e-15,0.0,0.0,30,0.0,3.6126743252413285e-16,0.0,0.0,0.0,0.0,1.7999999999999987,1.7999999999999987
1437,1,0,0,-0.16500000001880877,2.394999999396515,6.955541327458304e-15,6.781652794271847e-15,0.0,0.0,30,0.0,3.522357467110296e-16,0.0,0.0,0.0,0.0,1.7999999999999987,1.7999999999999987
1438,1,2,1,0.009999999981670213,2.404999999378185,6.781652794271846e-15,6.612111474415051e-15,0.0,0.0,30,0.0,3.4342985304325376e-16,0.0,0.0,0.0,0.0,1.7999999999999987,1.7999999999999987
1439,1,0,1,0.07499999998203108,2.479999999360216,6.61211147441505e-15,6.446808687554674e-15,0.0,0.0,30,0.0,3.3484410671717243e-16,0.0,0.0,0.0,0.0,1.7999999999999987,1.799999999999999
1440,1,1,0,-0.23000000001807563,2.2499999993421405,6.4468086875546745e-15,6.285638470365807e-15,0.0,0.0,30,0.0,3.2647300404924315e-16,0.0,0.0,0.0,0.0,1.799999999999999,1.799999999999999
1441,1,1,1,0.009999999982800194,2.2599999993249407,6.285638470365808e-15,6.128497508606662e-15,0.0,0.0,30,0.0,3.183111789480121e-16,0.0,0.0,0.0,0.0,1.799999999999999,1.799999999999999
1442,1,0,0,-0.16500000001701265,2.094999999307928,6.128497508606663e-15,5.975285070891497e-15,0.0,0.0,30,0.0,3.1035339947431175e-16,0.0,0.0,0.0,0.0,1.799999999999999,1.799999999999999
1443,1,1,0,-0.23000000001709459,1.8649999992908335,5.975285070891496e-15,5.825902944119209e-15,0.0,0.0,30,0.0,3.02594564487454e-16,0.0,0.0,0.0,0.0,1.799999999999999,1.799999999999999
1444,1,2,0,-0.23000000001626503,1.6349999992745685,5.825902944119209e-15,5.680255370516229e-15,0.0,0.0,30,0.0,2.950297003752677e-16,0.0,0.0,0.0,0.0,1.799999999999999,1.799999999999999
1445,1,0,0,-0.16500000001601947,1.469999999258549,5.6802553705162296e-15,5.538248986253324e-15,0.0,0.0,30,0.0,2.8765395786588594e-16,0.0,0.0,0.0,0.0,1.799999999999999,1.799999999999999
1446,1,0,1,0.0749999999845187,1.5449999992430679,5.538248986253323e-15,5.39979276159699e-15,0.0,0.0,30,0.0,2.804626089192388e-16,0.0,0.0,0.0,0.0,1.799999999999999,1.799999999999999
1447,1,0,0,-0.1650000000155719,1.379999999227496,5.39979276159699e-15,5.264797942557065e-15,0.0,0.0,30,0.0,2.734510436962579e-16,0.0,0.0,0.0,0.0,1.799999999999999,1.799999999999999
1448,1,0,1,0.07499999998518651,1.4549999992126825,5.2647979425570645e-15,5.133177993993138e-15,0.0,0.0,30,0.0,2.666147676038514e-16,0.0,0.0,0.0,0.0,1.799999999999999,1.799999999999999
1449,1,0,1,0.07499999998487743,1.52999999919756,5.133177993993139e-15,5.004848544143309e-15,0.0,0.0,30,0.0,2.599493984137551e-16,0.0,0.0,0.0,0.0,1.799999999999999,1.799999999999999
1450,1,0,0,-0.16500000001474963,1.3649999991828103,5.00484854414331e-15,4.8797273305397266e-15,0.0,0.0,30,0.0,2.534506634534112e-16,0.0,0.0,0.0,0.0,1.799999999999999,1.799999999999999
1451,1,0,0,-0.16500000001429657,1.1999999991685137,4.879727330539727e-15,4.757734147276235e-15,0.0,0.0,30,0.0,2.4711439686707597e-16,0.0,0.0,0.0,0.0,1.799999999999999,1.799999999999999
1452,1,0,0,-0.16500000001422677,1.0349999991542869,4.757734147276234e-15,4.6387907935943284e-15,0.0,0.0,30,0.0,2.4093653694539904e-16,0.0,0.0,0.0,0.0,1.799999999999999,1.7999999999999992
1453,1,0,0,-0.1650000000135275,0.8699999991407594,4.638790793594328e-15,4.522821023754469e-15,0.0,0.0,30,0.0,2.349131235217641e-16,0.0,0.0,0.0,0.0,1.7999999999999992,1.7999999999999992
1454,1,2,1,0.009999999986740659,0.8799999991275,4.52282102375447e-15,4.409750498160608e-15,0.0,0.0,30,0.0,2.2904029543372e-16,0.0,0.0,0.0,0.0,1.7999999999999992,1.7999999999999992
1455,1,0,0,-0.16500000001351994,0.7149999991139802,4.4097504981606085e-15,4.299506735706593e-15,0.0,0.0,30,0.0,2.23314288047877e-16,0.0,0.0,0.0,0.0,1.7999999999999992,1.7999999999999992
1456,1,0,0,-0.16500000001282447,0.5499999991011557,4.299506735706593e-15,4.192019067313927e-15,0.0,0.0,30,0.0,2.1773143084668e-16,0.0,0.0,0.0,0.0,1.7999999999999992,1.7999999999999992
1457,1,0,0,-0.1650000000126877,0.38499999908846805,4.192019067313928e-15,4.08721859063108e-15,0.0,0.0,30,0.0,2.12288145075513e-16,0.0,0.0,0.0,0.0,1.7999999999999992,1.7999999999999992
1458,1,0,1,0.07499999998725575,0.4599999990757238,4.08721859063108e-15,3.9850381258653024e-15,0.0,0.0,30,0.0,2.0698094144862518e-16,0.0,0.0,0.0,0.0,1.7999999999999992,1.7999999999999992
1459,1,0,0,-0.16500000001271153,0.2949999990630123,3.9850381258653024e-15,3.885412172718669e-15,0.0,0.0,30,0.0,2.0180641791240955e-16,0.0,0.0,0.0,0.0,1.7999999999999992,1.7999999999999992
1460,1,2,0,-0.23000000001208865,0.06499999905092363,3.88541217271867e-15,3.788276868400703e-15,0.0,0.0,30,0.0,1.967612574645993e-16,0.0,0.0,0.0,0.0,1.7999999999999992,1.7999999999999992
1461,1,2,1,0.00999999998809936,0.07499999903902299,3.788276868400703e-15,3.693569946690685e-15,0.0,0.0,30,0.0,1.9184222602798431e-16,0.0,0.0,0.0,0.0,1.7999999999999992,1.7999999999999992
1462,1,0,1,0.07499999998866785,0.14999999902769084,3.693569946690685e-15,3.6012306980234185e-15,0.0,0.0,30,0.0,1.870461703772847e-16,0.0,0.0,0.0,0.0,1.7999999999999992,1.7999999999999992
1463,1,2,1,0.009999999988603727,0.15999999901629458,3.6012306980234185e-15,3.511199930572832e-15,0.0,0.0,30,0.0,1.8237001611785258e-16,0.0,0.0,0.0,0.0,1.7999999999999992,1.7999999999999992
1464,1,0,1,0.07499999998855375,0.23499999900484833,3.5111999305728325e-15,3.4234199323085114e-15,0.0,0.0,30,0.0,1.7781076571490626e-16,0.0,0.0,0.0,0.0,1.7999999999999992,1.7999999999999992
1465,1,0,0,-0.16500000001157933,0.069999998993269,3.423419932308512e-15,3.337834434000799e-15,0.0,0.0,30,0.0,1.733654965720336e-16,0.0,0.0,0.0,0.0,1.7999999999999992,1.7999999999999992
1466,1,1,1,0.009999999988792542,0.07999999898206155,3.337834434000799e-15,3.254388573150779e-15,0.0,0.0,30,0.0,1.6903135915773278e-16,0.0,0.0,0.0,0.0,1.7999999999999992,1.7999999999999992
1467,1,0,1,0.07499999998882323,0.1549999989708848,3.2543885731507786e-15,3.1730288588220094e-15,0.0,0.0,30,0.0,1.6480557517878943e-16,0.0,0.0,0.0,0.0,1.7999999999999992,1.7999999999999992
1468,1,2,1,0.009999999989241571,0.16499999896012635,3.173028858822009e-15,3.0937031373514587e-15,0.0,0.0,30,0.0,1.606854357993197e-16,0.0,0.0,0.0,0.0,1.7999999999999992,1.7999999999999992
1469,1,2,1,0.009999999989325865,0.1749999989494522,3.093703137351459e-15,3.0163605589176725e-15,0.0,0.0,30,0.0,1.566682999043367e-16,0.0,0.0,0.0,0.0,1.7999999999999992,1.7999999999999992
1470,1,2,1,0.009999999989538393,0.1849999989389906,3.0163605589176725e-15,2.9409515449447303e-15,0.0,0.0,30,0.0,1.5275159240672832e-16,0.0,0.0,0.0,0.0,1.7999999999999992,1.7999999999999992
1471,1,0,0,-0.1650000000105246,0.019999998928466017,2.9409515449447307e-15,2.8674277563211122e-15,0.0,0.0,30,0.0,1.4893280259656007e-16,0.0,0.0,0.0,0.0,1.7999999999999992,1.7999999999999992
1472,1,2,0,-0.23000000001047116,0.0,2.8674277563211122e-15,2.795742062413085e-15,0.0,0.0,30,0.0,1.4520948253164606e-16,0.0,0.0,0.0,0.0,1.7999999999999992,1.7999999999999994
1473,1,0,1,0.07499999998697257,4.0,2.7957420624130845e-15,2.7258485108527576e-15,0.0,0.0,31,0.0,1.4157924546835492e-16,0.0,0.0,0.0,0.0,1.7999999999999994,1.7999999999999994
1474,1,0,0,-0.16500000001303694,3.8349999999869633,2.7258485108527572e-15,2.6577022980814384e-15,0.0,0.0,31,0.0,1.3803976433164604e-16,0.0,0.0,0.0,0.0,1.7999999999999994,1.7999999999999994
1475,1,0,0,-0.16500000001266474,3.6699999999742987,2.6577022980814388e-15,2.5912597406294028e-15,0.0,0.0,31,0.0,1.3458877022335493e-16,0.0,0.0,0.0,0.0,1.7999999999999994,1.7999999999999994
1476,1,0,0,-0.16500000001231216,3.5049999999619867,2.5912597406294024e-15,2.526478247113668e-15,0.0,0.0,31,0.0,1.3122405096777106e-16,0.0,0.0,0.0,0.0,1.7999999999999994,1.7999999999999994
1477,1,1,0,-0.2300000000121873,3.2749999999497996,2.5264782471136675e-15,2.463316290935826e-15,0.0,0.0,31,0.0,1.2794344969357675e-16,0.0,0.0,0.0,0.0,1.7999999999999994,1.7999999999999994
1478,1,2,0,-0.23000000001174242,3.044999999938057,2.463316290935826e-15,2.40173338366243e-15,0.0,0.0,31,0.0,1.2474486345123734e-16,0.0,0.0,0.0,0.0,1.7999999999999994,1.7999999999999994
1479,1,0,1,0.0749999999886192,3.119999999926676,2.40173338366243e-15,2.3416900490708694e-15,0.0,0.0,31,0.0,1.2162624186495642e-16,0.0,0.0,0.0,0.0,1.7999999999999994,1.7999999999999994
1480,1,0,1,0.07499999998852873,3.194999999915205,2.3416900490708698e-15,2.283147797844098e-15,0.0,0.0,31,0.0,1.185855858183325e-16,0.0,0.0,0.0,0.0,1.7999999999999994,1.7999999999999994
1481,1,0,0,-0.16500000001116277,3.0299999999040423,2.2831477978440976e-15,2.2260691028979954e-15,0.0,0.0,31,0.0,1.1562094617287417e-16,0.0,0.0,0.0,0.0,1.7999999999999994,1.7999999999999994
1482,1,0,1,0.07499999998918055,3.1049999998932227,2.2260691028979954e-15,2.1704173753255455e-15,0.0,0.0,31,0.0,1.1273042251855234e-16,0.0,0.0,0.0,0.0,1.7999999999999994,1.7999999999999994
1483,1,0,1,0.07499999998928078,3.1799999998825035,2.1704173753255455e-15,2.116156940942407e-15,0.0,0.0,31,0.0,1.0991216195558853e-16,0.0,0.0,0.0,0.0,1.7999999999999994,1.7999999999999994
1484,1,0,1,0.07499999998920909,3.2549999998717127,2.116156940942407e-15,2.063253017418847e-15,0.0,0.0,31,0.0,1.0716435790669882e-16,0.0,0.0,0.0,0.0,1.7999999999999994,1.7999999999999994
1485,1,2,0,-0.2300000000105499,3.024999999861163,2.0632530174188467e-15,2.0116716919833757e-15,0.0,0.0,31,0.0,1.0448524895903135e-16,0.0,0.0,0.0,0.0,1.7999999999999994,1.7999999999999994
1486,1,0,0,-0.1650000000102111,2.859999999850952,2.0116716919833753e-15,1.961379899683791e-15,0.0,0.0,31,0.0,1.0187311773505556e-16,0.0,0.0,0.0,0.0,1.7999999999999994,1.7999999999999994
1487,1,0,0,-0.1650000000102108,2.694999999840741,1.961379899683791e-15,1.9123454021916966e-15,0.0,0.0,31,0.0,9.932628979167917e-17,0.0,0.0,0.0,0.0,1.7999999999999994,1.7999999999999994
1488,1,0,0,-0.16500000001005335,2.5299999998306877,1.9123454021916962e-15,1.864536767136904e-15,0.0,0.0,31,0.0,9.684313254688718e-17,0.0,0.0,0.0,0.0,1.7999999999999994,1.7999999999999994
1489,1,0,0,-0.16500000000966342,2.3649999998210243,1.8645367671369042e-15,1.817923347958481e-15,0.0,0.0,31,0.0,9.442205423321501e-17,0.0,0.0,0.0,0.0,1.7999999999999994,1.7999999999999994
1490,1,0,1,0.07499999999050937,2.439999999811534,1.817923347958481e-15,1.7724752642595194e-15,0.0,0.0,31,0.0,9.206150287738463e-17,0.0,0.0,0.0,0.0,1.7999999999999994,1.7999999999999994
1491,1,0,0,-0.16500000000917617,2.2749999998023576,1.7724752642595196e-15,1.7281633826530314e-15,0.0,0.0,31,0.0,8.975996530545003e-17,0.0,0.0,0.0,0.0,1.7999999999999994,1.7999999999999994
1492,1,1,0,-0.23000000000919607,2.0449999997931614,1.7281633826530316e-15,1.6849592980867056e-15,0.0,0.0,31,0.0,8.751596617281377e-17,0.0,0.0,0.0,0.0,1.7999999999999994,1.7999999999999994
1493,1,2,0,-0.23000000000887724,1.814999999784284,1.6849592980867056e-15,1.6428353156345382e-15,0.0,0.0,31,0.0,8.532806701849343e-17,0.0,0.0,0.0,0.0,1.7999999999999994,1.7999999999999994
1494,1,2,0,-0.23000000000870094,1.584999999775583,1.642835315634538e-15,1.6017644327436746e-15,0.0,0.0,31,0.0,8.31948653430311e-17,0.0,0.0,0.0,0.0,1.7999999999999994,1.7999999999999994
1495,1,0,1,0.07499999999171073,1.6599999997672938,1.6017644327436746e-15,1.5617203219250825e-15,0.0,0.0,31,0.0,8.111499370945532e-17,0.0,0.0,0.0,0.0,1.7999999999999994,1.7999999999999994
1496,1,0,1,0.07499999999153893,1.7349999997588328,1.5617203219250827e-15,1.5226773138769553e-15,0.0,0.0,31,0.0,7.908711886671892e-17,0.0,0.0,0.0,0.0,1.7999999999999994,1.7999999999999994
1497,1,0,1,0.07499999999166779,1.8099999997505005,1.5226773138769553e-15,1.4846103810300317e-15,0.0,0.0,31,0.0,7.710994089505096e-17,0.0,0.0,0.0,0.0,1.7999999999999994,1.7999999999999994
1498,1,0,1,0.07499999999168994,1.8849999997421905,1.4846103810300315e-15,1.4474951215042809e-15,0.0,0.0,31,0.0,7.518219237267469e-17,0.0,0.0,0.0,0.0,1.7999999999999994,1.7999999999999994
1499,1,0,0,-0.16500000000814544,1.719999999734045,1.4474951215042809e-15,1.4113077434666738e-15,0.0,0.0,31,0.0,7.330263756335783e-17,0.0,0.0,0.0,0.0,1.7999999999999994,1.7999999999999994
1500,1,1,0,-0.2300000000079342,1.4899999997261109,1.4113077434666738e-15,1.3760250498800069e-15,0.0,0.0,31,0.0,7.147007162427388e-17,0.0,0.0,0.0,0.0,1.7999999999999994,1.7999999999999994
1501,1,2,0,-0.2300000000075758,1.2599999997185352,1.376025049880007e-15,1.3416244236330069e-15,0.0,0.0,31,0.0,6.968331983366703e-17,0.0,0.0,0.0,0.0,1.7999999999999994,1.7999999999999994
1502,1,1,0,-0.23000000000747303,1.029999999711062,1.3416244236330069e-15,1.3080838130421816e-15,0.0,0.0,31,0.0,6.794123683782535e-17,0.0,0.0,0.0,0.0,1.7999999999999994,1.7999999999999994
1503,1,0,1,0.07499999999261037,1.1049999997036724,1.3080838130421818e-15,1.275381717716127e-15,0.0,0.0,31,0.0,6.624270591687972e-17,0.0,0.0,0.0,0.0,1.7999999999999994,1.7999999999999994
1504,1,0,1,0.07499999999281236,1.1799999996964847,1.2753817177161269e-15,1.2434971747732239e-15,0.0,0.0,31,0.0,6.458663826895773e-17,0.0,0.0,0.0,0.0,1.7999999999999994,1.7999999999999994
1505,1,0,0,-0.16500000000724965,1.0149999996892352,1.243497174773224e-15,1.2124097454038934e-15,0.0,0.0,31,0.0,6.297197231223378e-17,0.0,0.0,0.0,0.0,1.7999999999999994,1.7999999999999994
1506,1,1,0,-0.2300000000068941,0.784999999682341,1.2124097454038934e-15,1.1820995017687959e-15,0.0,0.0,31,0.0,6.139767300442793e-17,0.0,0.0,0.0,0.0,1.7999999999999994,1.7999999999999994
1507,1,0,0,-0.16500000000681558,0.6199999996755254,1.182099501768796e-15,1.152547014224576e-15,0.0,0.0,31,0.0,5.986273117931724e-17,0.0,0.0,0.0,0.0,1.7999999999999994,1.7999999999999994
1508,1,2,1,0.00999999999322675,0.6299999996687522,1.152547014224576e-15,1.1237333388689616e-15,0.0,0.0,31,0.0,5.83661628998343e-17,0.0,0.0,0.0,0.0,1.7999999999999994,1.7999999999999994
1509,1,1,1,0.00999999999335969,0.6399999996621119,1.1237333388689614e-15,1.0956400053972376e-15,0.0,0.0,31,0.0,5.690700882733844e-17,0.0,0.0,0.0,0.0,1.7999999999999994,1.7999999999999994
1510,1,0,0,-0.16500000000658724,0.47499999965552464,1.0956400053972376e-15,1.0682490052623066e-15,0.0,0.0,31,0.0,5.548433360665498e-17,0.0,0.0,0.0,0.0,1.7999999999999994,1.7999999999999994
1511,1,0,0,-0.16500000000647627,0.30999999964904834,1.0682490052623068e-15,1.0415427801307488e-15,0.0,0.0,31,0.0,5.4097225266488616e-17,0.0,0.0,0.0,0.0,1.7999999999999994,1.7999999999999994
1512,1,2,0,-0.2300000000062466,0.07999999964280174,1.0415427801307488e-15,1.0155042106274801e-15,0.0,0.0,31,0.0,5.2744794634826396e-17,0.0,0.0,0.0,0.0,1.7999999999999994,1.7999999999999994
1513,1,2,0,-0.23000000000622692,0.0,1.0155042106274803e-15,9.901166053617933e-16,0.0,0.0,31,0.0,5.1426174768955734e-17,0.0,0.0,0.0,0.0,1.7999999999999994,1.7999999999999994
1514,1,0,0,-0.16500000000767936,3.8349999999923208,9.901166053617931e-16,9.653636902277486e-16,0.0,0.0,32,0.0,5.0140520399731837e-17,0.0,0.0,0.0,0.0,1.7999999999999994,1.7999999999999994
1515,1,1,1,0.009999999992526798,3.8449999999848474,9.653636902277484e-16,9.412295979720545e-16,0.0,0.0,32,0.0,4.8887007389738545e-17,0.0,0.0,0.0,0.0,1.7999999999999994,1.8
1516,1,0,1,0.07499999999244394,3.9199999999772914,9.412295979720545e-16,9.176988580227534e-16,0.0,0.0,32,0.0,4.7664832204995086e-17,0.0,0.0,0.0,0.0,1.8,1.8
1517,1,2,1,0.009999999992561761,3.929999999969853,9.176988580227534e-16,8.947563865721846e-16,0.0,0.0,32,0.0,4.647321139987021e-17,0.0,0.0,0.0,0.0,1.8,1.8
1518,1,0,0,-0.16500000000735082,3.7649999999625026,8.947563865721846e-16,8.723874769078799e-16,0.0,0.0,32,0.0,4.531138111487345e-17,0.0,0.0,0.0,0.0,1.8,1.8
1519,1,0,0,-0.16500000000726014,3.5999999999552426,8.7238747690788e-16,8.505777899851829e-16,0.0,0.0,32,0.0,4.4178596587001617e-17,0.0,0.0,0.0,0.0,1.8,1.8
1520,1,0,0,-0.16500000000704984,3.4349999999481926,8.505777899851829e-16,8.293133452355535e-16,0.0,0.0,32,0.0,4.3074131672326576e-17,0.0,0.0,0.0,0.0,1.8,1.8
1521,1,0,1,0.07499999999310134,3.509999999941294,8.293133452355534e-16,8.085805116046647e-16,0.0,0.0,32,0.0,4.199727838051841e-17,0.0,0.0,0.0,0.0,1.8,1.8
1522,1,0,1,0.07499999999318192,3.584999999934476,8.085805116046646e-16,7.883659988145481e-16,0.0,0.0,32,0.0,4.0947346421005454e-17,0.0,0.0,0.0,0.0,1.8,1.8
1523,1,1,1,0.009999999993278485,3.5949999999277544,7.88365998814548e-16,7.686568488441844e-16,0.0,0.0,32,0.0,3.992366276048032e-17,0.0,0.0,0.0,0.0,1.8,1.8
1524,1,0,0,-0.1650000000066173,3.429999999921137,7.686568488441843e-16,7.494404276230797e-16,0.0,0.0,32,0.0,3.8925571191468315e-17,0.0,0.0,0.0,0.0,1.8,1.8
1525,1,2,0,-0.23000000000643187,3.1999999999147053,7.494404276230797e-16,7.307044169325027e-16,0.0,0.0,32,0.0,3.79524319116816e-17,0.0,0.0,0.0,0.0,1.8,1.8
1526,1,0,1,0.07499999999369984,3.274999999908405,7.307044169325027e-16,7.124368065091902e-16,0.0,0.0,32,0.0,3.700362111388957e-17,0.0,0.0,0.0,0.0,1.8,1.8
1527,1,0,0,-0.16500000000626355,3.1099999999021417,7.124368065091903e-16,6.946258863464605e-16,0.0,0.0,32,0.0,3.607853058604233e-17,0.0,0.0,0.0,0.0,1.8,1.8
1528,1,2,0,-0.2300000000061764,2.8799999998959653,6.946258863464605e-16,6.772602391877989e-16,0.0,0.0,32,0.0,3.5176567321391273e-17,0.0,0.0,0.0,0.0,1.8,1.8
1529,1,0,0,-0.16500000000594586,2.7149999998900194,6.772602391877989e-16,6.603287332081041e-16,0.0,0.0,32,0.0,3.429715313835649e-17,0.0,0.0,0.0,0.0,1.8,1.8
1530,1,0,0,-0.16500000000587522,2.549999999884144,6.60328733208104e-16,6.438205148779015e-16,0.0,0.0,32,0.0,3.343972430989757e-17,0.0,0.0,0.0,0.0,1.8,1.8
1531,1,0,0,-0.16500000000572101,2.3849999998784233,6.438205148779015e-16,6.277250020059539e-16,0.0,0.0,32,0.0,3.2603731202150134e-17,0.0,0.0,0.0,0.0,1.8,1.8
1532,1,0,0,-0.1650000000055363,2.2199999998728868,6.277250020059538e-16,6.120318769558052e-16,0.0,0.0,32,0.0,3.178863792209639e-17,0.0,0.0,0.0,0.0,1.8,1.8
1533,1,1,0,-0.23000000000541007,1.9899999998674767,6.120318769558051e-16,5.9673108003191e-16,0.0,0.0,32,0.0,3.099392197404397e-17,0.0,0.0,0.0,0.0,1.8,1.8
1534,1,0,0,-0.16500000000520473,1.824999999862272,5.9673108003191e-16,5.818128030311122e-16,0.0,0.0,32,0.0,3.021907392469288e-17,0.0,0.0,0.0,0.0,1.8,1.8
1535,1,0,0,-0.16500000000512782,1.6599999998571442,5.818128030311123e-16,5.672674829553344e-16,0.0,0.0,32,0.0,2.946359707657555e-17,0.0,0.0,0.0,0.0,1.8,1.8
1536,1,0,0,-0.165000000006116,3.834999999993884,5.672674829553345e-16,5.530857958814511e-16,0.0,0.0,33,0.0,2.872700714966116e-17,0.0,0.0,0.0,0.0,1.8,1.8
1537,1,0,0,-0.1650000000057287,3.669999999988155,5.53085795881451e-16,5.392586509844148e-16,0.0,0.0,33,0.0,2.800883197091964e-17,0.0,0.0,0.0,0.0,1.8,1.8
1538,1,0,1,0.07499999999439876,3.744999999982554,5.392586509844148e-16,5.257771847098045e-16,0.0,0.0,33,0.0,2.7308611171646647e-17,0.0,0.0,0.0,0.0,1.8,1.8
1539,1,0,0,-0.16500000000552392,3.57999999997703,5.257771847098044e-16,5.126327550920593e-16,0.0,0.0,33,0.0,2.662589589235548e-17,0.0,0.0,0.0,0.0,1.8,1.8
1540,1,0,1,0.07499999999450287,3.654999999971533,5.126327550920593e-16,4.998169362147578e-16,0.0,0.0,33,0.0,2.5960248495046595e-17,0.0,0.0,0.0,0.0,1.8,1.8
1541,1,2,0,-0.23000000000544174,3.424999999966091,4.998169362147578e-16,4.873215128093888e-16,0.0,0.0,33,0.0,2.5311242282670426e-17,0.0,0.0,0.0,0.0,1.8,1.8
1542,1,0,0,-0.16500000000532977,3.259999999960761,4.873215128093889e-16,4.751384749891541e-16,0.0,0.0,33,0.0,2.4678461225603664e-17,0.0,0.0,0.0,0.0,1.8,1.8
1543,1,0,0,-0.1650000000052437,3.094999999955517,4.751384749891541e-16,4.632600131144252e-16,0.0,0.0,33,0.0,2.406149969496357e-17,0.0,0.0,0.0,0.0,1.8,1.8
1544,1,0,1,0.07499999999494142,3.1699999999504587,4.632600131144252e-16,4.516785127865646e-16,0.0,0.0,33,0.0,2.3459962202589483e-17,0.0,0.0,0.0,0.0,1.8,1.8
1545,1,0,0,-0.1650000000049756,3.004999999945483,4.516785127865646e-16,4.403865499669005e-16,0.0,0.0,33,0.0,2.2873463147524747e-17,0.0,0.0,0.0,0.0,1.8,1.8
1546,1,0,0,-0.16500000000489445,2.8399999999405887,4.4038654996690055e-16,4.2937688621772795e-16,0.0,0.0,33,0.0,2.2301626568836627e-17,0.0,0.0,0.0,0.0,1.8,1.8
1547,1,0,1,0.07499999999519734,2.914999999935786,4.2937688621772795e-16,4.1864246406228477e-16,0.0,0.0,33,0.0,2.1744085904615715e-17,0.0,0.0,0.0,0.0,1.8,1.8
1548,1,0,1,0.07499999999531445,2.9899999999311007,4.1864246406228477e-16,4.081764024607277e-16,0.0,0.0,33,0.0,2.1200483757000318e-17,0.0,0.0,0.0,0.0,1.8,1.8
1549,1,0,1,0.07499999999531701,3.0649999999264175,4.081764024607277e-16,3.979719923992095e-16,0.0,0.0,33,0.0,2.0670471663075313e-17,0.0,0.0,0.0,0.0,1.8,1.8
1550,1,0,1,0.07499999999533358,3.139999999921751,3.979719923992095e-16,3.880226925892293e-16,0.0,0.0,33,0.0,2.015370987149843e-17,0.0,0.0,0.0,0.0,1.8,1.8
1551,1,0,1,0.07499999999541024,3.2149999999171612,3.8802269258922924e-16,3.7832212527449846e-16,0.0,0.0,33,0.0,1.964986712471097e-17,0.0,0.0,0.0,0.0,1.8,1.8
1552,1,2,0,-0.23000000000453344,2.984999999912628,3.7832212527449846e-16,3.6886407214263605e-16,0.0,0.0,33,0.0,1.9158620446593198e-17,0.0,0.0,0.0,0.0,1.8,1.8
1553,1,0,1,0.07499999999557157,3.0599999999081997,3.6886407214263605e-16,3.596424703390702e-16,0.0,0.0,33,0.0,1.8679654935428367e-17,0.0,0.0,0.0,0.0,1.8,1.8
1554,1,1,0,-0.23000000000433946,2.82999999990386,3.5964247033907013e-16,3.5065140858059333e-16,0.0,0.0,33,0.0,1.8212663562042653e-17,0.0,0.0,0.0,0.0,1.8,1.8
1555,1,0,1,0.07499999999569852,2.904999999899559,3.506514085805934e-16,3.418851233660785e-16,0.0,0.0,33,0.0,1.7757346972991588e-17,0.0,0.0,0.0,0.0,1.8,1.8
1556,1,0,0,-0.16500000000426066,2.739999999895298,3.4188512336607847e-16,3.3333799528192654e-16,0.0,0.0,33,0.0,1.73134132986668e-17,0.0,0.0,0.0,0.0,1.8,1.8
1557,1,0,0,-0.16500000000403875,2.5749999998912596,3.3333799528192654e-16,3.2500454539987835e-16,0.0,0.0,33,0.0,1.6880577966200128e-17,0.0,0.0,0.0,0.0,1.8,1.8
1558,1,0,0,-0.1650000000040776,2.409999999887182,3.2500454539987835e-16,3.1687943176488137e-16,0.0,0.0,33,0.0,1.6458563517045125e-17,0.0,0.0,0.0,0.0,1.8,1.8
1559,1,0,0,-0.16500000000394555,2.2449999998832366,3.168794317648814e-16,3.0895744597075937e-16,0.0,0.0,33,0.0,1.6047099429118997e-17,0.0,0.0,0.0,0.0,1.8,1.8
1560,1,2,1,0.009999999996124451,2.2549999998793613,3.089574459707593e-16,3.0123350982149037e-16,0.0,0.0,33,0.0,1.5645921943391017e-17,0.0,0.0,0.0,0.0,1.8,1.8
1561,1,2,0,-0.23000000000383772,2.0249999998755235,3.0123350982149037e-16,2.937026720759531e-16,0.0,0.0,33,0.0,1.5254773894806243e-17,0.0,0.0,0.0,0.0,1.8,1.8
1562,1,0,0,-0.16500000000369167,1.8599999998718317,2.937026720759531e-16,2.8636010527405424e-16,0.0,0.0,33,0.0,1.4873404547436087e-17,0.0,0.0,0.0,0.0,1.8,1.8
1563,1,0,1,0.0749999999963561,1.934999999868188,2.8636010527405424e-16,2.7920110264220286e-16,0.0,0.0,33,0.0,1.4501569433750184e-17,0.0,0.0,0.0,0.0,1.8,1.8
1564,1,0,0,-0.16500000000365406,1.769999999864534,2.7920110264220286e-16,2.7222107507614777e-16,0.0,0.0,33,0.0,1.4139030197906425e-17,0.0,0.0,0.0,0.0,1.8,1.8
1565,1,0,1,0.07499999999649642,1.8449999998610305,2.7222107507614773e-16,2.654155481992441e-16,0.0,0.0,33,0.0,1.3785554442958767e-17,0.0,0.0,0.0,0.0,1.8,1.8
1566,1,0,1,0.07499999999652333,1.9199999998575539,2.654155481992441e-16,2.5878015949426296e-16,0.0,0.0,33,0.0,1.3440915581884797e-17,0.0,0.0,0.0,0.0,1.8,1.8
1567,1,0,0,-0.16500000000346346,1.7549999998540904,2.58780159494263e-16,2.523106555069064e-16,0.0,0.0,33,0.0,1.3104892692337678e-17,0.0,0.0,0.0,0.0,1.8,1.8
1568,1,0,1,0.07499999999661211,1.8299999998507026,2.5231065550690647e-16,2.4600288911923377e-16,0.0,0.0,33,0.0,1.2777270375029237e-17,0.0,0.0,0.0,0.0,1.8,1.8
1569,1,0,1,0.0749999999966732,1.904999999847376,2.4600288911923377e-16,2.398528168912529e-16,0.0,0.0,33,0.0,1.2457838615653505e-17,0.0,0.0,0.0,0.0,1.8,1.8
1570,1,0,0,-0.16500000000333775,1.739999999844038,2.398528168912529e-16,2.3385649646897157e-16,0.0,0.0,33,0.0,1.2146392650262167e-17,0.0,0.0,0.0,0.0,1.8,1.8
1571,1,2,1,0.009999999996771035,1.7499999998408091,2.3385649646897157e-16,2.280100840572473e-16,0.0,0.0,33,0.0,1.1842732834005613e-17,0.0,0.0,0.0,0.0,1.8,1.8
1572,1,0,1,0.07499999999676202,1.8249999998375712,2.2801008405724734e-16,2.2230983195581613e-16,0.0,0.0,33,0.0,1.1546664513155473e-17,0.0,0.0,0.0,0.0,1.8,1.8
1573,1,0,0,-0.165000000003179,1.6599999998343922,2.2230983195581613e-16,2.1675208615692072e-16,0.0,0.0,33,0.0,1.1257997900326587e-17,0.0,0.0,0.0,0.0,1.8,1.8
1574,1,0,1,0.07499999999691144,1.7349999998313037,2.1675208615692074e-16,2.1133328400299773e-16,0.0,0.0,33,0.0,1.0976547952818422e-17,0.0,0.0,0.0,0.0,1.8,1.8
1575,1,0,0,-0.16500000000302573,1.569999999828278,2.1133328400299773e-16,2.0604995190292277e-16,0.0,0.0,33,0.0,1.0702134253997963e-17,0.0,0.0,0.0,0.0,1.8,1.8
1576,1,0,1,0.07499999999698122,1.6449999998252594,2.0604995190292274e-16,2.0089870310534973e-16,0.0,0.0,33,0.0,1.0434580897648012e-17,0.0,0.0,0.0,0.0,1.8,1.8
1577,1,0,0,-0.16500000000297962,1.4799999998222797,2.008987031053497e-16,1.9587623552771597e-16,0.0,0.0,33,0.0,1.0173716375206812e-17,0.0,0.0,0.0,0.0,1.8,1.8
1578,1,0,1,0.0749999999970998,1.5549999998193795,1.9587623552771597e-16,1.9097932963952308e-16,0.0,0.0,33,0.0,9.919373465826642e-18,0.0,0.0,0.0,0.0,1.8,1.8
1579,1,0,0,-0.16500000000280085,1.3899999998165786,1.9097932963952305e-16,1.8620484639853498e-16,0.0,0.0,33,0.0,9.671389129180976e-18,0.0,0.0,0.0,0.0,1.8,1.8
1580,1,0,1,0.07499999999716199,1.4649999998137406,1.8620484639853498e-16,1.8154972523857162e-16,0.0,0.0,33,0.0,9.429604400951452e-18,0.0,0.0,0.0,0.0,1.8,1.8
1581,1,0,1,0.07499999999716096,1.5399999998109015,1.8154972523857162e-16,1.7701098210760733e-16,0.0,0.0,33,0.0,9.193864290927665e-18,0.0,0.0,0.0,0.0,1.8,1.8
1582,1,0,1,0.07499999999721836,1.61499999980812,1.770109821076073e-16,1.7258570755491714e-16,0.0,0.0,33,0.0,8.964017683654473e-18,0.0,0.0,0.0,0.0,1.8,1.8
1583,1,0,0,-0.16500000000275536,1.4499999998053645,1.7258570755491711e-16,1.682710648660442e-16,0.0,0.0,33,0.0,8.73991724156311e-18,0.0,0.0,0.0,0.0,1.8,1.8
1584,1,1,1,0.009999999997296102,1.4599999998026607,1.6827106486604417e-16,1.6406428824439308e-16,0.0,0.0,33,0.0,8.521419310524033e-18,0.0,0.0,0.0,0.0,1.8,1.8
1585,1,0,1,0.07499999999732823,1.534999999799989,1.640642882443931e-16,1.5996268103828327e-16,0.0,0.0,33,0.0,8.308383827760932e-18,0.0,0.0,0.0,0.0,1.8,1.8
1586,1,0,1,0.07499999999731562,1.6099999997973047,1.5996268103828327e-16,1.559636140123262e-16,0.0,0.0,33,0.0,8.10067423206691e-18,0.0,0.0,0.0,0.0,1.8,1.8
1587,1,0,1,0.07499999999740928,1.684999999794714,1.559636140123262e-16,1.5206452366201802e-16,0.0,0.0,33,0.0,7.898157376265236e-18,0.0,0.0,0.0,0.0,1.8,1.8
1588,1,0,1,0.07499999999739801,1.759999999792112,1.5206452366201805e-16,1.4826291057046756e-16,0.0,0.0,33,0.0,7.700703441858606e-18,0.0,0.0,0.0,0.0,1.8,1.8
1589,1,2,0,-0.23000000000259632,1.5299999997895157,1.4826291057046758e-16,1.4455633780620587e-16,0.0,0.0,33,0.0,7.508185855812141e-18,0.0,0.0,0.0,0.0,1.8,1.8
1590,1,2,1,0.00999999999750944,1.539999999787025,1.445563378062059e-16,1.409424293610507e-16,0.0,0.0,33,0.0,7.320481209416836e-18,0.0,0.0,0.0,0.0,1.8,1.8
1591,1,0,0,-0.16500000000246165,1.3749999997845634,1.4094242936105073e-16,1.3741886862702445e-16,0.0,0.0,33,0.0,7.137469179181415e-18,0.0,0.0,0.0,0.0,1.8,1.8
1592,1,0,1,0.07499999999756483,1.4499999997821282,1.3741886862702445e-16,1.3398339691134883e-16,0.0,0.0,33,0.0,6.959032449701879e-18,0.0,0.0,0.0,0.0,1.8,1.8
1593,1,0,0,-0.1650000000024295,1.2849999997796988,1.3398339691134885e-16,1.3063381198856512e-16,0.0,0.0,33,0.0,6.785056638459333e-18,0.0,0.0,0.0,0.0,1.8,1.8
1594,1,1,0,-0.23000000000236376,1.0549999997773352,1.306338119885651e-16,1.2736796668885097e-16,0.0,0.0,33,0.0,6.615430222497849e-18,0.0,0.0,0.0,0.0,1.8,1.8
1595,1,0,1,0.07499999999777449,1.1299999997751096,1.2736796668885097e-16,1.2418376752162972e-16,0.0,0.0,33,0.0,6.450044466935403e-18,0.0,0.0,0.0,0.0,1.8,1.8
1596,1,0,0,-0.16500000000227166,0.9649999997728379,1.241837675216297e-16,1.2107917333358896e-16,0.0,0.0,33,0.0,6.2887933552620176e-18,0.0,0.0,0.0,0.0,1.8,1.8
1597,1,0,1,0.07499999999777317,1.039999999770611,1.2107917333358896e-16,1.1805219400024927e-16,0.0,0.0,33,0.0,6.1315735213804675e-18,0.0,0.0,0.0,0.0,1.8,1.8
1598,1,0,1,0.07499999999782243,1.1149999997684334,1.1805219400024927e-16,1.1510088915024303e-16,0.0,0.0,33,0.0,5.978284183345956e-18,0.0,0.0,0.0,0.0,1.8,1.8
1599,1,0,0,-0.16500000000212312,0.9499999997663103,1.1510088915024303e-16,1.1222336692148694e-16,0.0,0.0,33,0.0,5.828827078762307e-18,0.0,0.0,0.0,0.0,1.8,1.8
1600,1,0,0,-0.16500000000211013,0.7849999997642002,1.1222336692148694e-16,1.0941778274844979e-16,0.0,0.0,33,0.0,5.68310640179325e-18,0.0,0.0,0.0,0.0,1.8,1.8
1601,1,0,0,-0.16500000000209908,0.6199999997621011,1.0941778274844979e-16,1.0668233817973853e-16,0.0,0.0,33,0.0,5.541028741748419e-18,0.0,0.0,0.0,0.0,1.8,1.8
1602,1,0,0,-0.1650000000020534,0.4549999997600477,1.0668233817973853e-16,1.0401527972524508e-16,0.0,0.0,33,0.0,5.402503023204708e-18,0.0,0.0,0.0,0.0,1.8,1.8
1603,1,2,1,0.009999999997999115,0.4649999997580468,1.0401527972524507e-16,1.0141489773211395e-16,0.0,0.0,33,0.0,5.2674404476245906e-18,0.0,0.0,0.0,0.0,1.8,1.8
1604,1,0,1,0.0749999999980088,0.5399999997560556,1.0141489773211395e-16,9.887952528881109e-17,0.0,0.0,33,0.0,5.1357544364339764e-18,0.0,0.0,0.0,0.0,1.8,1.8
1605,1,2,1,0.009999999998064269,0.5499999997541198,9.887952528881109e-17,9.640753715659082e-17,0.0,0.0,33,0.0,5.007360575523127e-18,0.0,0.0,0.0,0.0,1.8,1.8
1606,1,0,0,-0.1650000000019449,0.3849999997521749,9.640753715659081e-17,9.399734872767605e-17,0.0,0.0,33,0.0,4.882176561135048e-18,0.0,0.0,0.0,0.0,1.8,1.8
1607,1,2,0,-0.23000000000192442,0.1549999997502505,9.399734872767606e-17,9.164741500948415e-17,0.0,0.0,33,0.0,4.760122147106672e-18,0.0,0.0,0.0,0.0,1.8,1.8
1608,1,0,1,0.07499999999814456,0.22999999974839508,9.164741500948415e-17,8.935622963424703e-17,0.0,0.0,33,0.0,4.6411190934290054e-18,0.0,0.0,0.0,0.0,1.8,1.8
1609,1,1,0,-0.23000000000185422,0.0,8.935622963424704e-17,8.712232389339088e-17,0.0,0.0,33,0.0,4.5250911160932795e-18,0.0,0.0,0.0,0.0,1.8,1.8
1610,1,0,0,-0.16500000000233683,3.834999999997663,8.712232389339086e-17,8.49442657960561e-17,0.0,0.0,34,0.0,4.411963838190948e-18,0.0,0.0,0.0,0.0,1.8,1.8
1611,1,0,1,0.07499999999777796,3.909999999995441,8.49442657960561e-17,8.282065915115469e-17,0.0,0.0,34,0.0,4.301664742236174e-18,0.0,0.0,0.0,0.0,1.8,1.8
1612,1,0,0,-0.16500000000224163,3.7449999999931993,8.282065915115469e-17,8.075014267237583e-17,0.0,0.0,34,0.0,4.19412312368027e-18,0.0,0.0,0.0,0.0,1.8,1.8
1613,1,0,1,0.0749999999978255,3.819999999991025,8.075014267237581e-17,7.873138910556643e-17,0.0,0.0,34,0.0,4.089270045588263e-18,0.0,0.0,0.0,0.0,1.8,1.8
1614,1,0,1,0.07499999999784007,3.894999999988865,7.873138910556641e-17,7.676310437792726e-17,0.0,0.0,34,0.0,3.987038294448556e-18,0.0,0.0,0.0,0.0,1.8,1.8
1615,1,1,1,0.009999999997851363,3.904999999986716,7.676310437792726e-17,7.484402676847907e-17,0.0,0.0,34,0.0,3.887362337087341e-18,0.0,0.0,0.0,0.0,1.8,1.8
1616,1,0,0,-0.16500000000210782,3.7399999999846085,7.484402676847908e-17,7.29729260992671e-17,0.0,0.0,34,0.0,3.790178278660158e-18,0.0,0.0,0.0,0.0,1.8,1.8
1617,1,0,0,-0.16500000000208268,3.5749999999825257,7.297292609926709e-17,7.114860294678541e-17,0.0,0.0,34,0.0,3.695423821693654e-18,0.0,0.0,0.0,0.0,1.8,1.8
1618,1,0,0,-0.1650000000020461,3.4099999999804798,7.114860294678543e-17,6.936988787311579e-17,0.0,0.0,34,0.0,3.603038226151313e-18,0.0,0.0,0.0,0.0,1.8,1.8
1619,1,0,1,0.07499999999799381,3.4849999999784735,6.936988787311579e-17,6.763564067628789e-17,0.0,0.0,34,0.0,3.512962270497531e-18,0.0,0.0,0.0,0.0,1.8,1.8
1620,1,0,1,0.0749999999980168,3.5599999999764904,6.763564067628789e-17,6.59447496593807e-17,0.0,0.0,34,0.0,3.4251382137350925e-18,0.0,0.0,0.0,0.0,1.8,1.8
1621,1,0,1,0.07499999999803242,3.634999999974523,6.59447496593807e-17,6.429613091789618e-17,0.0,0.0,34,0.0,3.339509758391715e-18,0.0,0.0,0.0,0.0,1.8,1.8
1622,1,0,1,0.07499999999808794,3.7099999999726108,6.429613091789618e-17,6.268872764494878e-17,0.0,0.0,34,0.0,3.2560220144319224e-18,0.0,0.0,0.0,0.0,1.8,1.8
1623,1,0,0,-0.16500000000189638,3.5449999999707145,6.268872764494879e-17,6.112150945382507e-17,0.0,0.0,34,0.0,3.174621464071124e-18,0.0,0.0,0.0,0.0,1.8,1.8
1624,1,0,0,-0.16500000000187048,3.379999999968844,6.112150945382507e-17,5.959347171747943e-17,0.0,0.0,34,0.0,3.0952559274693465e-18,0.0,0.0,0.0,0.0,1.8,1.8
1625,1,0,1,0.07499999999816603,3.45499999996701,5.959347171747943e-17,5.810363492454246e-17,0.0,0.0,34,0.0,3.0178745292826124e-18,0.0,0.0,0.0,0.0,1.8,1.8
1626,1,2,1,0.00999999999815113,3.464999999965161,5.810363492454246e-17,5.665104405142888e-17,0.0,0.0,34,0.0,2.942427666050547e-18,0.0,0.0,0.0,0.0,1.8,1.8
1627,1,0,0,-0.16500000000184303,3.299999999963318,5.665104405142888e-17,5.5234767950143166e-17,0.0,0.0,34,0.0,2.8688669743992836e-18,0.0,0.0,0.0,0.0,1.8,1.8
1628,1,0,0,-0.16500000000177345,3.1349999999615448,5.5234767950143166e-17,5.385389875138958e-17,0.0,0.0,34,0.0,2.7971453000393017e-18,0.0,0.0,0.0,0.0,1.8,1.8
1629,1,2,1,0.009999999998295888,3.1449999999598406,5.385389875138959e-17,5.2507551282604847e-17,0.0,0.0,34,0.0,2.727216667538319e-18,0.0,0.0,0.0,0.0,1.8,1.8
1630,1,1,0,-0.2300000000016726,2.914999999958168,5.250755128260485e-17,5.119486250053972e-17,0.0,0.0,34,0.0,2.659036250849861e-18,0.0,0.0,0.0,0.0,1.8,1.8
1631,1,0,0,-0.1650000000016472,2.749999999956521,5.119486250053972e-17,4.991499093802623e-17,0.0,0.0,34,0.0,2.592560344578615e-18,0.0,0.0,0.0,0.0,1.8,1.8
1632,1,0,1,0.07499999999841392,2.824999999954935,4.991499093802623e-17,4.866711616457557e-17,0.0,0.0,34,0.0,2.527746335964149e-18,0.0,0.0,0.0,0.0,1.8,1.8
1633,1,0,1,0.07499999999836543,2.8999999999533004,4.8667116164575577e-17,4.745043826046118e-17,0.0,0.0,34,0.0,2.464552677565045e-18,0.0,0.0,0.0,0.0,1.8,1.8
1634,1,0,1,0.07499999999839647,2.974999999951697,4.7450438260461186e-17,4.626417730394965e-17,0.0,0.0,34,0.0,2.4029388606259188e-18,0.0,0.0,0.0,0.0,1.8,1.8
1635,1,0,0,-0.16500000000156015,2.809999999950137,4.6264177303949655e-17,4.510757287135091e-17,0.0,0.0,34,0.0,2.342865389110271e-18,0.0,0.0,0.0,0.0,1.8,1.8
1636,1,0,1,0.07499999999847964,2.8849999999486164,4.5107572871350916e-17,4.3979883549567144e-17,0.0,0.0,34,0.0,2.2842937543825147e-18,0.0,0.0,0.0,0.0,1.8,1.8
1637,1,0,0,-0.16500000000152198,2.7199999999470945,4.3979883549567144e-17,4.288038646082797e-17,0.0,0.0,34,0.0,2.2271864105229515e-18,0.0,0.0,0.0,0.0,1.8,1.8
1638,1,0,1,0.07499999999850519,2.7949999999456,4.288038646082796e-17,4.180837679930726e-17,0.0,0.0,34,0.0,2.1715067502598778e-18,0.0,0.0,0.0,0.0,1.8,1.8
1639,1,0,1,0.07499999999854655,2.8699999999441466,4.1808376799307266e-17,4.076316737932459e-17,0.0,0.0,34,0.0,2.117219081503381e-18,0.0,0.0,0.0,0.0,1.8,1.8
1640,1,0,0,-0.16500000000144086,2.704999999942706,4.076316737932459e-17,3.9744088194841477e-17,0.0,0.0,34,0.0,2.064288604465796e-18,0.0,0.0,0.0,0.0,1.8,1.8
1641,1,0,0,-0.16500000000144213,2.539999999941264,3.974408819484147e-17,3.875048598997044e-17,0.0,0.0,34,0.0,2.0126813893541513e-18,0.0,0.0,0.0,0.0,1.8,1.8
1642,1,0,1,0.07499999999861338,2.614999999939877,3.8750485989970436e-17,3.7781723840221176e-17,0.0,0.0,34,0.0,1.9623643546202977e-18,0.0,0.0,0.0,0.0,1.8,1.8
1643,1,0,1,0.07499999999860024,2.6899999999384776,3.778172384022118e-17,3.683718074421565e-17,0.0,0.0,34,0.0,1.9133052457547903e-18,0.0,0.0,0.0,0.0,1.8,1.8
1644,1,0,0,-0.16500000000137052,2.524999999937107,3.683718074421565e-17,3.5916251225610254e-17,0.0,0.0,34,0.0,1.865472614610921e-18,0.0,0.0,0.0,0.0,1.8,1.8
1645,1,0,0,-0.1650000000013388,2.359999999935768,3.591625122561026e-17,3.501834494497e-17,0.0,0.0,34,0.0,1.818835799245648e-18,0.0,0.0,0.0,0.0,1.8,1.8
1646,1,0,1,0.07499999999865513,2.434999999934423,3.5018344944969996e-17,3.414288632134575e-17,0.0,0.0,34,0.0,1.7733649042645064e-18,0.0,0.0,0.0,0.0,1.8,1.8
1647,1,0,1,0.07499999999869393,2.5099999999331173,3.414288632134574e-17,3.32893141633121e-17,0.0,0.0,34,0.0,1.7290307816578937e-18,0.0,0.0,0.0,0.0,1.8,1.8
1648,1,0,1,0.07499999999872098,2.5849999999318385,3.32893141633121e-17,3.24570813092293e-17,0.0,0.0,34,0.0,1.6858050121164465e-18,0.0,0.0,0.0,0.0,1.8,1.8
1649,1,0,1,0.07499999999872119,2.6599999999305597,3.24570813092293e-17,3.164565427649856e-17,0.0,0.0,34,0.0,1.643659886813535e-18,0.0,0.0,0.0,0.0,1.8,1.8
1650,1,2,0,-0.23000000000125967,2.4299999999293,3.164565427649856e-17,3.0854512919586105e-17,0.0,0.0,34,0.0,1.6025683896431965e-18,0.0,0.0,0.0,0.0,1.8,1.8
1651,1,0,0,-0.16500000000122844,2.2649999999280714,3.0854512919586105e-17,3.008315009659645e-17,0.0,0.0,34,0.0,1.5625041799021168e-18,0.0,0.0,0.0,0.0,1.8,1.8
1652,1,0,1,0.07499999999879632,2.3399999999268677,3.0083150096596455e-17,2.933107134418154e-17,0.0,0.0,34,0.0,1.523441575404564e-18,0.0,0.0,0.0,0.0,1.8,1.8
1653,1,0,0,-0.16500000000120693,2.1749999999256606,2.933107134418154e-17,2.8597794560577e-17,0.0,0.0,34,0.0,1.4853555360194498e-18,0.0,0.0,0.0,0.0,1.8,1.8
1654,1,0,1,0.07499999999884063,2.2499999999245013,2.8597794560576996e-17,2.788284969656258e-17,0.0,0.0,34,0.0,1.4482216476189634e-18,0.0,0.0,0.0,0.0,1.8,1.8
1655,1,0,0,-0.16500000000116255,2.0849999999233386,2.788284969656257e-17,2.7185778454148512e-17,0.0,0.0,34,0.0,1.4120161064284893e-18,0.0,0.0,0.0,0.0,1.8,1.8
1656,1,1,0,-0.23000000000113924,1.8549999999221993,2.718577845414851e-17,2.65061339927948e-17,0.0,0.0,34,0.0,1.3767157037677772e-18,0.0,0.0,0.0,0.0,1.8,1.8
1657,1,0,0,-0.16500000000110046,1.6899999999210988,2.65061339927948e-17,2.584348064297493e-17,0.0,0.0,34,0.0,1.342297811173583e-18,0.0,0.0,0.0,0.0,1.8,1.8
1658,1,0,0,-0.16500000000108972,1.5249999999200092,2.5843480642974926e-17,2.5197393626900557e-17,0.0,0.0,34,0.0,1.3087403658942434e-18,0.0,0.0,0.0,0.0,1.8,1.8
1659,1,0,1,0.07499999999896562,1.599999999918975,2.5197393626900557e-17,2.4567458786228042e-17,0.0,0.0,34,0.0,1.2760218567468872e-18,0.0,0.0,0.0,0.0,1.8,1.8
1660,1,0,0,-0.1650000000010348,1.4349999999179401,2.4567458786228042e-17,2.395327231657234e-17,0.0,0.0,34,0.0,1.2441213103282152e-18,0.0,0.0,0.0,0.0,1.8,1.8
1661,1,0,0,-0.16500000000101417,1.269999999916926,2.3953272316572342e-17,2.335444050865803e-17,0.0,0.0,34,0.0,1.2130182775700097e-18,0.0,0.0,0.0,0.0,1.8,1.8
1662,1,0,0,-0.16500000000098483,1.1049999999159412,2.335444050865803e-17,2.2770579495941583e-17,0.0,0.0,34,0.0,1.1826928206307593e-18,0.0,0.0,0.0,0.0,1.8,1.8
1663,1,0,0,-0.16500000000095796,0.9399999999149833,2.2770579495941583e-17,2.2201315008543043e-17,0.0,0.0,34,0.0,1.1531255001149903e-18,0.0,0.0,0.0,0.0,1.8,1.8
1664,1,0,0,-0.1650000000011504,3.8349999999988498,2.2201315008543046e-17,2.1646282133329466e-17,0.0,0.0,35,0.0,1.1242973626121158e-18,0.0,0.0,0.0,0.0,1.8,1.8
1665,1,0,0,-0.1650000000011525,3.6699999999976973,2.1646282133329466e-17,2.110512507999623e-17,0.0,0.0,35,0.0,1.096189928546813e-18,0.0,0.0,0.0,0.0,1.8,1.8
1666,1,0,1,0.07499999999889576,3.744999999996593,2.110512507999623e-17,2.057749695299632e-17,0.0,0.0,35,0.0,1.0687851803331423e-18,0.0,0.0,0.0,0.0,1.8,1.8
1667,1,0,1,0.07499999999890158,3.8199999999954946,2.057749695299632e-17,2.0063059529171417e-17,0.0,0.0,35,0.0,1.042065550824814e-18,0.0,0.0,0.0,0.0,1.8,1.8
1668,1,0,0,-0.16500000000109158,3.654999999994403,2.0063059529171413e-17,1.9561483040942127e-17,0.0,0.0,35,0.0,1.0160139120541936e-18,0.0,0.0,0.0,0.0,1.8,1.8
1669,1,0,0,-0.16500000000107576,3.4899999999933273,1.9561483040942127e-17,1.9072445964918572e-17,0.0,0.0,35,0.0,9.906135642528385e-19,0.0,0.0,0.0,0.0,1.8,1.8
1670,1,0,0,-0.16500000000105264,3.324999999992275,1.9072445964918572e-17,1.8595634815795607e-17,0.0,0.0,35,0.0,9.658482251465176e-19,0.0,0.0,0.0,0.0,1.8,1.8
1671,1,1,1,0.00999999999898063,3.3349999999912554,1.8595634815795607e-17,1.8130743945400717e-17,0.0,0.0,35,0.0,9.417020195178547e-19,0.0,0.0,0.0,0.0,1.8,1.8
1672,1,0,1,0.07499999999900821,3.4099999999902635,1.8130743945400717e-17,1.76774753467657e-17,0.0,0.0,35,0.0,9.18159469029908e-19,0.0,0.0,0.0,0.0,1.8,1.8
1673,1,0,1,0.0749999999989922,3.4849999999892556,1.76774753467657e-17,1.7235538463096558e-17,0.0,0.0,35,0.0,8.952054823041605e-19,0.0,0.0,0.0,0.0,1.8,1.8
1674,1,0,1,0.07499999999900121,3.559999999988257,1.7235538463096558e-17,1.6804650001519144e-17,0.0,0.0,35,0.0,8.728253452465566e-19,0.0,0.0,0.0,0.0,1.8,1.8
1675,1,0,1,0.07499999999901251,3.6349999999872695,1.6804650001519144e-17,1.6384533751481164e-17,0.0,0.0,35,0.0,8.510047116153926e-19,0.0,0.0,0.0,0.0,1.8,1.8
1676,1,0,0,-0.16500000000097656,3.469999999986293,1.6384533751481164e-17,1.5974920407694137e-17,0.0,0.0,35,0.0,8.297295938250077e-19,0.0,0.0,0.0,0.0,1.8,1.8
1677,1,0,0,-0.165000000000967,3.304999999985326,1.5974920407694137e-17,1.5575547397501783e-17,0.0,0.0,35,0.0,8.089863539793825e-19,0.0,0.0,0.0,0.0,1.8,1.8
1678,1,0,1,0.07499999999908576,3.379999999984412,1.557554739750178e-17,1.5186158712564237e-17,0.0,0.0,35,0.0,7.88761695129898e-19,0.0,0.0,0.0,0.0,1.8,1.8
1679,1,0,1,0.07499999999909278,3.454999999983505,1.5186158712564237e-17,1.480650474475013e-17,0.0,0.0,35,0.0,7.690426527516505e-19,0.0,0.0,0.0,0.0,1.8,1.8
1680,1,0,1,0.07499999999908216,3.529999999982587,1.480650474475013e-17,1.4436342126131376e-17,0.0,0.0,35,0.0,7.498165864328592e-19,0.0,0.0,0.0,0.0,1.8,1.8
1681,1,0,1,0.07499999999909628,3.6049999999816835,1.443634212613138e-17,1.4075433572978092e-17,0.0,0.0,35,0.0,7.310711717720377e-19,0.0,0.0,0.0,0.0,1.8,1.8
1682,1,0,1,0.07499999999908226,3.6799999999807658,1.4075433572978092e-17,1.3723547733653639e-17,0.0,0.0,35,0.0,7.1279439247773675e-19,0.0,0.0,0.0,0.0,1.8,1.8
1683,1,0,1,0.07499999999910584,3.7549999999798715,1.3723547733653639e-17,1.33804590403123e-17,0.0,0.0,35,0.0,6.949745326657934e-19,0.0,0.0,0.0,0.0,1.8,1.8
1684,1,0,0,-0.1650000000008917,3.58999999997898,1.33804590403123e-17,1.304594756430449e-17,0.0,0.0,35,0.0,6.776001693491485e-19,0.0,0.0,0.0,0.0,1.8,1.8
1685,1,1,0,-0.2300000000008751,3.3599999999781045,1.3045947564304491e-17,1.2719798875196878e-17,0.0,0.0,35,0.0,6.606601651154198e-19,0.0,0.0,0.0,0.0,1.8,1.8
1686,1,0,0,-0.1650000000008307,3.1949999999772736,1.2719798875196878e-17,1.2401803903316956e-17,0.0,0.0,35,0.0,6.441436609875342e-19,0.0,0.0,0.0,0.0,1.8,1.8
1687,1,0,0,-0.1650000000008298,3.029999999976444,1.2401803903316956e-17,1.2091758805734032e-17,0.0,0.0,35,0.0,6.280400694628458e-19,0.0,0.0,0.0,0.0,1.8,1.8
1688,1,0,0,-0.16500000000080686,2.864999999975637,1.2091758805734032e-17,1.1789464835590683e-17,0.0,0.0,35,0.0,6.123390677262748e-19,0.0,0.0,0.0,0.0,1.8,1.8
1689,1,0,0,-0.16500000000079748,2.6999999999748394,1.1789464835590681e-17,1.1494728214700916e-17,0.0,0.0,35,0.0,5.970305910331179e-19,0.0,0.0,0.0,0.0,1.8,1.8
1690,1,0,0,-0.16500000000076864,2.5349999999740707,1.1494728214700915e-17,1.1207360009333393e-17,0.0,0.0,35,0.0,5.8210482625729e-19,0.0,0.0,0.0,0.0,1.8,1.8
1691,1,1,0,-0.23000000000074133,2.3049999999733295,1.1207360009333393e-17,1.0927176009100057e-17,0.0,0.0,35,0.0,5.675522056008577e-19,0.0,0.0,0.0,0.0,1.8,1.8
1692,1,0,0,-0.165000000000728,2.1399999999726016,1.0927176009100058e-17,1.0653996608872556e-17,0.0,0.0,35,0.0,5.533634004608363e-19,0.0,0.0,0.0,0.0,1.8,1.8
1693,1,1,0,-0.23000000000071502,1.9099999999718866,1.0653996608872556e-17,1.0387646693650743e-17,0.0,0.0,35,0.0,5.395293154493153e-19,0.0,0.0,0.0,0.0,1.8,1.8
1694,1,0,1,0.07499999999930955,1.9849999999711962,1.0387646693650741e-17,1.0127955526309472e-17,0.0,0.0,35,0.0,5.260410825630825e-19,0.0,0.0,0.0,0.0,1.8,1.8
1695,1,0,1,0.07499999999933389,2.0599999999705303,1.0127955526309474e-17,9.874756638151737e-18,0.0,0.0,35,0.0,5.128900554990054e-19,0.0,0.0,0.0,0.0,1.8,1.8
1696,1,0,1,0.07499999999932193,2.1349999999698523,9.874756638151737e-18,9.627887722197943e-18,0.0,0.0,35,0.0,5.000678041115303e-19,0.0,0.0,0.0,0.0,1.8,1.8
1697,1,1,0,-0.2300000000006904,1.904999999969162,9.627887722197944e-18,9.387190529142994e-18,0.0,0.0,35,0.0,4.87566109008742e-19,0.0,0.0,0.0,0.0,1.8,1.8
1698,1,0,1,0.07499999999933832,1.9799999999685003,9.387190529142996e-18,9.15251076591442e-18,0.0,0.0,35,0.0,4.753769562835235e-19,0.0,0.0,0.0,0.0,1.8,1.8
1699,1,0,0,-0.16500000000066134,1.814999999967839,9.15251076591442e-18,8.92369799676656e-18,0.0,0.0,35,0.0,4.634925323764355e-19,0.0,0.0,0.0,0.0,1.8,1.8
1700,1,0,0,-0.16500000000063694,1.6499999999672021,8.92369799676656e-18,8.700605546847396e-18,0.0,0.0,35,0.0,4.519052190670245e-19,0.0,0.0,0.0,0.0,1.8,1.8
1701,1,0,0,-0.16500000000062337,1.4849999999665788,8.700605546847395e-18,8.483090408176212e-18,0.0,0.0,35,0.0,4.406075885903489e-19,0.0,0.0,0.0,0.0,1.8,1.8
1702,1,2,0,-0.23000000000060591,1.254999999965973,8.48309040817621e-18,8.271013147971805e-18,0.0,0.0,35,0.0,4.2959239887559023e-19,0.0,0.0,0.0,0.0,1.8,1.8
1703,1,2,1,0.009999999999395201,1.264999999965368,8.271013147971805e-18,8.06423781927251e-18,0.0,0.0,35,0.0,4.188525889037004e-19,0.0,0.0,0.0,0.0,1.8,1.8
1704,1,0,0,-0.16500000000057888,1.0999999999647891,8.06423781927251e-18,7.862631873790698e-18,0.0,0.0,35,0.0,4.083812741811079e-19,0.0,0.0,0.0,0.0,1.8,1.8
1705,1,0,0,-0.16500000000056345,0.9349999999642257,7.862631873790697e-18,7.666066076945931e-18,0.0,0.0,35,0.0,3.9817174232658025e-19,0.0,0.0,0.0,0.0,1.8,1.8
1706,1,0,1,0.07499999999943902,1.0099999999636646,7.666066076945931e-18,7.474414425022281e-18,0.0,0.0,35,0.0,3.8821744876841575e-19,0.0,0.0,0.0,0.0,1.8,1.8
1707,1,0,1,0.07499999999944709,1.0849999999631117,7.474414425022281e-18,7.287554064396725e-18,0.0,0.0,35,0.0,3.7851201254920536e-19,0.0,0.0,0.0,0.0,1.8,1.8
1708,1,0,0,-0.16500000000054363,0.9199999999625681,7.287554064396724e-18,7.105365212786807e-18,0.0,0.0,35,0.0,3.6904921223547525e-19,0.0,0.0,0.0,0.0,1.8,1.8
1709,1,0,1,0.0749999999994582,0.9949999999620263,7.105365212786807e-18,6.927731082467136e-18,0.0,0.0,35,0.0,3.5982298192958828e-19,0.0,0.0,0.0,0.0,1.8,1.8
1710,1,0,1,0.07499999999947665,1.0699999999615029,6.927731082467137e-18,6.754537805405458e-18,0.0,0.0,35,0.0,3.508274073813486e-19,0.0,0.0,0.0,0.0,1.8,1.8
1711,1,0,0,-0.1650000000005289,0.9049999999609739,6.754537805405458e-18,6.585674360270322e-18,0.0,0.0,35,0.0,3.4205672219681485e-19,0.0,0.0,0.0,0.0,1.8,1.8
1712,1,0,1,0.07499999999949349,0.9799999999604674,6.585674360270322e-18,6.421032501263564e-18,0.0,0.0,35,0.0,3.335053041418945e-19,0.0,0.0,0.0,0.0,1.8,1.8
1713,1,0,0,-0.16500000000050366,0.8149999999599638,6.421032501263563e-18,6.260506688731974e-18,0.0,0.0,35,0.0,3.2516767153834713e-19,0.0,0.0,0.0,0.0,1.8,1.8
1714,1,1,1,0.009999999999508952,0.8249999999594727,6.260506688731974e-18,6.103994021513675e-18,0.0,0.0,35,0.0,3.170384797498885e-19,0.0,0.0,0.0,0.0,1.8,1.8
1715,1,0,0,-0.16500000000049525,0.6599999999589774,6.103994021513675e-18,5.951394170975833e-18,0.0,0.0,35,0.0,3.0911251775614123e-19,0.0,0.0,0.0,0.0,1.8,1.8
1716,1,0,0,-0.16500000000048848,0.4949999999584889,5.9513941709758325e-18,5.8026093167014366e-18,0.0,0.0,35,0.0,3.013847048122377e-19,0.0,0.0,0.0,0.0,1.8,1.8
1717,1,0,0,-0.16500000000048037,0.32999999995800855,5.8026093167014366e-18,5.657544083783901e-18,0.0,0.0,35,0.0,2.938500871919318e-19,0.0,0.0,0.0,0.0,1.8,1.8
1718,1,0,1,0.07499999999953805,0.4049999999575466,5.657544083783901e-18,5.516105481689303e-18,0.0,0.0,35,0.0,2.8650383501213353e-19,0.0,0.0,0.0,0.0,1.8,1.8
1719,1,2,0,-0.23000000000045456,0.17499999995709203,5.516105481689303e-18,5.378202844647071e-18,0.0,0.0,35,0.0,2.793412391368301e-19,0.0,0.0,0.0,0.0,1.8,1.8
1720,1,0,0,-0.1650000000004485,0.009999999956643524,5.37820284464707e-18,5.2437477735308944e-18,0.0,0.0,35,0.0,2.723577081584094e-19,0.0,0.0,0.0,0.0,1.8,1.8
1721,1,2,0,-0.23000000000043624,0.0,5.243747773530894e-18,5.1126540791926214e-18,0.0,0.0,35,0.0,2.655487654544492e-19,0.0,0.0,0.0,0.0,1.8,1.8
1722,1,0,1,0.07499999999942668,4.0,5.1126540791926214e-18,4.984837727212806e-18,0.0,0.0,36,0.0,2.5891004631808794e-19,0.0,0.0,0.0,0.0,1.8,1.8
1723,1,1,0,-0.23000000000055826,3.769999999999442,4.984837727212806e-18,4.860216784032486e-18,0.0,0.0,36,0.0,2.524372951601357e-19,0.0,0.0,0.0,0.0,1.8,1.8
1724,1,0,1,0.07499999999947123,3.844999999998913,4.860216784032487e-18,4.738711364431674e-18,0.0,0.0,36,0.0,2.461263627811323e-19,0.0,0.0,0.0,0.0,1.8,1.8
1725,1,0,1,0.07499999999946623,3.9199999999983794,4.738711364431674e-18,4.620243580320881e-18,0.0,0.0,36,0.0,2.39973203711604e-19,0.0,0.0,0.0,0.0,1.8,1.8
1726,1,0,0,-0.16500000000052994,3.7549999999978496,4.620243580320882e-18,4.5047374908128594e-18,0.0,0.0,36,0.0,2.339738736188139e-19,0.0,0.0,0.0,0.0,1.8,1.8
1727,1,2,1,0.00999999999948364,3.7649999999973334,4.5047374908128594e-18,4.392119053542538e-18,0.0,0.0,36,0.0,2.2812452677834357e-19,0.0,0.0,0.0,0.0,1.8,1.8
1728,1,0,0,-0.16500000000051643,3.599999999996817,4.392119053542538e-18,4.282316077203975e-18,0.0,0.0,36,0.0,2.2242141360888497e-19,0.0,0.0,0.0,0.0,1.8,1.8
1729,1,0,1,0.07499999999949751,3.6749999999963143,4.282316077203974e-18,4.1752581752738754e-18,0.0,0.0,36,0.0,2.168608782686628e-19,0.0,0.0,0.0,0.0,1.8,1.8
1730,1,0,0,-0.16500000000048895,3.5099999999958253,4.175258175273875e-18,4.0708767208920285e-18,0.0,0.0,36,0.0,2.1143935631194623e-19,0.0,0.0,0.0,0.0,1.8,1.8
1731,1,1,0,-0.23000000000048393,3.2799999999953413,4.0708767208920285e-18,3.969104802869728e-18,0.0,0.0,36,0.0,2.061533724041476e-19,0.0,0.0,0.0,0.0,1.8,1.8
1732,1,0,0,-0.1650000000004671,3.114999999994874,3.969104802869728e-18,3.8698771827979845e-18,0.0,0.0,36,0.0,2.009995380940439e-19,0.0,0.0,0.0,0.0,1.8,1.8
1733,1,0,1,0.07499999999954061,3.1899999999944146,3.869877182797984e-18,3.773130253228035e-18,0.0,0.0,36,0.0,1.959745496416928e-19,0.0,0.0,0.0,0.0,1.8,1.8
1734,1,0,1,0.07499999999954379,3.2649999999939583,3.773130253228035e-18,3.678801996897334e-18,0.0,0.0,36,0.0,1.910751859006505e-19,0.0,0.0,0.0,0.0,1.8,1.8
1735,1,0,0,-0.16500000000045612,3.099999999993502,3.6788019968973336e-18,3.586831946974901e-18,0.0,0.0,36,0.0,1.8629830625313424e-19,0.0,0.0,0.0,0.0,1.8,1.8
1736,1,0,1,0.07499999999955909,3.1749999999930614,3.586831946974901e-18,3.4971611483005284e-18,0.0,0.0,36,0.0,1.8164084859680587e-19,0.0,0.0,0.0,0.0,1.8,1.8
1737,1,0,0,-0.16500000000043574,3.0099999999926257,3.4971611483005284e-18,3.4097321195930152e-18,0.0,0.0,36,0.0,1.7709982738188573e-19,0.0,0.0,0.0,0.0,1.8,1.8
1738,1,2,1,0.009999999999569277,3.019999999992195,3.409732119593015e-18,3.32448881660319e-18,0.0,0.0,36,0.0,1.726723316973386e-19,0.0,0.0,0.0,0.0,1.8,1.8
1739,1,0,0,-0.1650000000004224,2.854999999991773,3.32448881660319e-18,3.24137659618811e-18,0.0,0.0,36,0.0,1.6835552340490512e-19,0.0,0.0,0.0,0.0,1.8,1.8
1740,1,0,1,0.07499999999959163,2.9299999999913644,3.24137659618811e-18,3.1603421812834072e-18,0.0,0.0,36,0.0,1.641466353197825e-19,0.0,0.0,0.0,0.0,1.8,1.8
1741,1,0,0,-0.1650000000004049,2.7649999999909594,3.1603421812834072e-18,3.081333626751322e-18,0.0,0.0,36,0.0,1.6004296943678793e-19,0.0,0.0,0.0,0.0,1.8,1.8
1742,1,0,0,-0.16500000000039802,2.5999999999905614,3.081333626751322e-18,3.0043002860825388e-18,0.0,0.0,36,0.0,1.5604189520086825e-19,0.0,0.0,0.0,0.0,1.8,1.8
1743,1,2,0,-0.23000000000039728,2.369999999990164,3.0043002860825388e-18,2.929192778930475e-18,0.0,0.0,36,0.0,1.5214084782084654e-19,0.0,0.0,0.0,0.0,1.8,1.8
1744,1,0,0,-0.16500000000038356,2.2049999999897802,2.9291927789304755e-18,2.8559629594572137e-18,0.0,0.0,36,0.0,1.4833732662532536e-19,0.0,0.0,0.0,0.0,1.8,1.8
1745,1,0,0,-0.16500000000037135,2.039999999989409,2.8559629594572133e-18,2.784563885470783e-18,0.0,0.0,36,0.0,1.4462889345969223e-19,0.0,0.0,0.0,0.0,1.8,1.8
1746,1,0,1,0.07499999999964353,2.1149999999890525,2.7845638854707834e-18,2.7149497883340136e-18,0.0,0.0,36,0.0,1.4101317112319992e-19,0.0,0.0,0.0,0.0,1.8,1.8
1747,1,0,1,0.07499999999962983,2.1899999999886823,2.7149497883340136e-18,2.6470760436256633e-18,0.0,0.0,36,0.0,1.3748784184511994e-19,0.0,0.0,0.0,0.0,1.8,1.8
1748,1,0,0,-0.1650000000003525,2.0249999999883297,2.6470760436256633e-18,2.5808991425350218e-18,0.0,0.0,36,0.0,1.3405064579899194e-19,0.0,0.0,0.0,0.0,1.8,1.8
1749,1,0,1,0.07499999999965595,2.0999999999879857,2.580899142535022e-18,2.516376663971646e-18,0.0,0.0,36,0.0,1.3069937965401715e-19,0.0,0.0,0.0,0.0,1.8,1.8
1750,1,0,0,-0.16500000000034365,1.934999999987642,2.5163766639716466e-18,2.453467247372355e-18,0.0,0.0,36,0.0,1.2743189516266674e-19,0.0,0.0,0.0,0.0,1.8,1.8
1751,1,0,0,-0.16500000000034065,1.7699999999873013,2.453467247372355e-18,2.3921305661880464e-18,0.0,0.0,36,0.0,1.2424609778360004e-19,0.0,0.0,0.0,0.0,1.8,1.8
1752,1,0,0,-0.16500000000032453,1.6049999999869768,2.392130566188046e-18,2.332327302033345e-18,0.0,0.0,36,0.0,1.2113994533901003e-19,0.0,0.0,0.0,0.0,1.8,1.8
1753,1,0,0,-0.16500000000032414,1.4399999999866526,2.332327302033345e-18,2.2740191194825116e-18,0.0,0.0,36,0.0,1.181114467055348e-19,0.0,0.0,0.0,0.0,1.8,1.8
1754,1,0,0,-0.16500000000031262,1.27499999998634,2.2740191194825116e-18,2.2171686414954487e-18,0.0,0.0,36,0.0,1.1515866053789643e-19,0.0,0.0,0.0,0.0,1.8,1.8
1755,1,0,1,0.07499999999969711,1.349999999986037,2.217168641495449e-18,2.161739425458063e-18,0.0,0.0,36,0.0,1.12279694024449e-19,0.0,0.0,0.0,0.0,1.8,1.8
1756,1,0,0,-0.16500000000030868,1.1849999999857284,2.1617394254580627e-18,2.107695939821611e-18,0.0,0.0,36,0.0,1.094727016738378e-19,0.0,0.0,0.0,0.0,1.8,1.8
1757,1,0,1,0.07499999999970221,1.2599999999854306,2.107695939821611e-18,2.055003541326071e-18,0.0,0.0,36,0.0,1.0673588413199185e-19,0.0,0.0,0.0,0.0,1.8,1.8
1758,1,1,1,0.009999999999702783,1.2699999999851332,2.0550035413260706e-18,2.003628452792919e-18,0.0,0.0,36,0.0,1.0406748702869204e-19,0.0,0.0,0.0,0.0,1.8,1.8
1759,1,1,1,0.009999999999705106,1.2799999999848384,2.003628452792919e-18,1.9535377414730963e-18,0.0,0.0,36,0.0,1.0146579985297475e-19,0.0,0.0,0.0,0.0,1.8,1.8
1760,1,0,0,-0.16500000000029114,1.1149999999845472,1.953537741473096e-18,1.9046992979362688e-18,0.0,0.0,36,0.0,9.892915485665038e-20,0.0,0.0,0.0,0.0,1.8,1.8
1761,1,0,1,0.07499999999971595,1.1899999999842632,1.9046992979362684e-18,1.857081815487862e-18,0.0,0.0,36,0.0,9.645592598523411e-20,0.0,0.0,0.0,0.0,1.8,1.8
1762,1,0,0,-0.16500000000027978,1.0249999999839834,1.8570818154878616e-18,1.810654770100665e-18,0.0,0.0,36,0.0,9.404452783560326e-20,0.0,0.0,0.0,0.0,1.8,1.8
1763,1,0,1,0.07499999999972982,1.0999999999837131,1.810654770100665e-18,1.7653884008481484e-18,0.0,0.0,36,0.0,9.169341463971317e-20,0.0,0.0,0.0,0.0,1.8,1.8
1764,1,2,1,0.009999999999733585,1.1099999999834467,1.7653884008481484e-18,1.7212536908269446e-18,0.0,0.0,36,0.0,8.940107927372035e-20,0.0,0.0,0.0,0.0,1.8,1.8
1765,1,0,1,0.0749999999997367,1.1849999999831833,1.7212536908269446e-18,1.6782223485562711e-18,0.0,0.0,36,0.0,8.716605229187732e-20,0.0,0.0,0.0,0.0,1.8,1.8
1766,1,0,0,-0.16500000000025977,1.0199999999829235,1.678222348556271e-18,1.636266789842364e-18,0.0,0.0,36,0.0,8.498690098458037e-20,0.0,0.0,0.0,0.0,1.8,1.8
1767,1,1,0,-0.23000000000026066,0.7899999999826628,1.636266789842364e-18,1.595360120096305e-18,0.0,0.0,36,0.0,8.286222845996589e-20,0.0,0.0,0.0,0.0,1.8,1.8
1768,1,0,0,-0.16500000000024934,0.6249999999824134,1.5953601200963049e-18,1.5554761170938972e-18,0.0,0.0,36,0.0,8.079067274846673e-20,0.0,0.0,0.0,0.0,1.8,1.8
1769,1,0,1,0.07499999999975751,0.6999999999821709,1.5554761170938972e-18,1.51658921416655e-18,0.0,0.0,36,0.0,7.877090592975507e-20,0.0,0.0,0.0,0.0,1.8,1.8
1770,1,0,1,0.07499999999976224,0.7749999999819331,1.51658921416655e-18,1.4786744838123865e-18,0.0,0.0,36,0.0,7.680163328151118e-20,0.0,0.0,0.0,0.0,1.8,1.8
1771,1,0,1,0.07499999999975918,0.8499999999816923,1.4786744838123865e-18,1.4417076217170765e-18,0.0,0.0,36,0.0,7.48815924494734e-20,0.0,0.0,0.0,0.0,1.8,1.8
1772,1,0,1,0.07499999999975968,0.924999999981452,1.4417076217170767e-18,1.4056649311741497e-18,0.0,0.0,36,0.0,7.300955263823658e-20,0.0,0.0,0.0,0.0,1.8,1.8
1773,1,0,0,-0.16500000000023668,0.7599999999812153,1.4056649311741499e-18,1.370523307894796e-18,0.0,0.0,36,0.0,7.118431382228067e-20,0.0,0.0,0.0,0.0,1.8,1.8
1774,1,0,0,-0.16500000000023288,0.5949999999809824,1.370523307894796e-18,1.336260225197426e-18,0.0,0.0,36,0.0,6.940470597672365e-20,0.0,0.0,0.0,0.0,1.8,1.8
1775,1,0,1,0.07499999999976888,0.6699999999807513,1.3362602251974261e-18,1.3028537195674903e-18,0.0,0.0,36,0.0,6.766958832730555e-20,0.0,0.0,0.0,0.0,1.8,1.8
1776,1,0,0,-0.16500000000022616,0.5049999999805251,1.3028537195674905e-18,1.270282376578303e-18,0.0,0.0,36,0.0,6.597784861912291e-20,0.0,0.0,0.0,0.0,1.8,1.8
1777,1,0,0,-0.16500000000021908,0.33999999998030606,1.270282376578303e-18,1.2385253171638455e-18,0.0,0.0,36,0.0,6.432840240364484e-20,0.0,0.0,0.0,0.0,1.8,1.8
1778,1,0,0,-0.1650000000002117,0.17499999998009436,1.2385253171638455e-18,1.2075621842347494e-18,0.0,0.0,36,0.0,6.272019234355372e-20,0.0,0.0,0.0,0.0,1.8,1.8
1779,1,0,1,0.07499999999979054,0.2499999999798849,1.2075621842347496e-18,1.1773731296288808e-18,0.0,0.0,36,0.0,6.115218753496487e-20,0.0,0.0,0.0,0.0,1.8,1.8
1780,1,2,1,0.009999999999789119,0.259999999979674,1.1773731296288808e-18,1.147938801388159e-18,0.0,0.0,36,0.0,5.962338284659075e-20,0.0,0.0,0.0,0.0,1.8,1.8
1781,1,0,1,0.07499999999979509,0.33499999997946905,1.1479388013881587e-18,1.119240331353455e-18,0.0,0.0,36,0.0,5.8132798275426e-20,0.0,0.0,0.0,0.0,1.8,1.8
1782,1,0,1,0.07499999999979311,0.4099999999792622,1.119240331353455e-18,1.0912593230696184e-18,0.0,0.0,36,0.0,5.667947831854034e-20,0.0,0.0,0.0,0.0,1.8,1.8
1783,1,1,1,0.009999999999791623,0.4199999999790538,1.0912593230696186e-18,1.063977839992878e-18,0.0,0.0,36,0.0,5.526249136057683e-20,0.0,0.0,0.0,0.0,1.8,1.8
1784,1,0,0,-0.16500000000020212,0.2549999999788517,1.063977839992878e-18,1.0373783939930561e-18,0.0,0.0,36,0.0,5.3880929076562414e-20,0.0,0.0,0.0,0.0,1.8,1.8
1785,1,0,0,-0.1650000000001946,0.0899999999786571,1.0373783939930561e-18,1.0114439341432296e-18,0.0,0.0,36,0.0,5.2533905849648344e-20,0.0,0.0,0.0,0.0,1.8,1.8
1786,1,2,1,0.009999999999801275,0.09999999997845838,1.0114439341432296e-18,9.861578357896488e-19,0.0,0.0,36,0.0,5.122055820340715e-20,0.0,0.0,0.0,0.0,1.8,1.8
1787,1,2,1,0.00999999999980929,0.10999999997826766,9.861578357896488e-19,9.615038898949077e-19,0.0,0.0,36,0.0,4.994004424832197e-20,0.0,0.0,0.0,0.0,1.8,1.8
1788,1,0,0,-0.16500000000018666,0.0,9.615038898949077e-19,9.374662926475351e-19,0.0,0.0,36,0.0,4.869154314211392e-20,0.0,0.0,0.0,0.0,1.8,1.8
1789,1,0,0,-0.16500000000023846,3.8349999999997615,9.37466292647535e-19,9.140296353313468e-19,0.0,0.0,37,0.0,4.747425456356107e-20,0.0,0.0,0.0,0.0,1.8,1.8
1790,1,0,1,0.07499999999976559,3.909999999999527,9.140296353313466e-19,8.91178894448063e-19,0.0,0.0,37,0.0,4.628739819947204e-20,0.0,0.0,0.0,0.0,1.8,1.8
1791,1,0,0,-0.16500000000023252,3.744999999999295,8.91178894448063e-19,8.688994220868615e-19,0.0,0.0,37,0.0,4.513021324448524e-20,0.0,0.0,0.0,0.0,1.8,1.8
1792,1,0,0,-0.16500000000023166,3.834999999999768,8.688994220868615e-19,8.471769365346898e-19,0.0,0.0,38,0.0,4.400195791337312e-20,0.0,0.0,0.0,0.0,1.8,1.8
1793,1,1,1,0.009999999999771515,3.8449999999995397,8.471769365346898e-19,8.259975131213225e-19,0.0,0.0,38,0.0,4.2901908965538785e-20,0.0,0.0,0.0,0.0,1.8,1.8
1794,1,0,0,-0.1650000000002256,3.679999999999314,8.259975131213225e-19,8.053475752932894e-19,0.0,0.0,38,0.0,4.182936124140031e-20,0.0,0.0,0.0,0.0,1.8,1.8
1795,1,0,0,-0.16500000000022236,3.5149999999990915,8.053475752932895e-19,7.852138859109571e-19,0.0,0.0,38,0.0,4.0783627210365304e-20,0.0,0.0,0.0,0.0,1.8,1.8
1796,1,0,1,0.07499999999978149,3.589999999998873,7.852138859109571e-19,7.655835387631833e-19,0.0,0.0,38,0.0,3.9764036530106166e-20,0.0,0.0,0.0,0.0,1.8,1.8
1797,1,0,0,-0.16500000000021367,3.4249999999986596,7.655835387631833e-19,7.464439502941037e-19,0.0,0.0,38,0.0,3.876993561685351e-20,0.0,0.0,0.0,0.0,1.8,1.8
1798,1,0,1,0.07499999999979425,3.4999999999984537,7.464439502941037e-19,7.27782851536751e-19,0.0,0.0,38,0.0,3.7800687226432176e-20,0.0,0.0,0.0,0.0,1.8,1.8
1799,1,0,1,0.07499999999979416,3.574999999998248,7.277828515367511e-19,7.095882802483323e-19,0.0,0.0,38,0.0,3.685567004577137e-20,0.0,0.0,0.0,0.0,1.8,1.8
